time,baro_altitude,accl_x,accl_y,accl_z,gps_altitude,gyro_roll,gyro_pitch,gyro_yaw,At,T,P,rho,a
0.0,0.013129263503588956,6.866501076258617,-0.5276622370291556,1.9268503877576402,0.0,0.0,0.0,0.0,7.1512248519711035,288.1499146597872,101324.84227475751,1.225010721909824,340.29223647378245
0.05,-0.1919286230580557,9.743426814728343,-1.86418418851976,2.0420187254172295,0.0,0.0,0.0,0.0,10.128148362738818,288.15,101325.0,1.2250122659906946,340.29228686527705
0.1,-0.21089653498291433,9.610434493092429,-0.6040297323056385,2.795291381618183,0.0,0.0,0.0,0.0,10.02691163677425,288.15,101325.0,1.2250122659906946,340.29228686527705
0.15,-0.18843259616175004,10.213707975258473,-0.7871035407377711,3.024316549328112,0.0,0.0,0.0,0.0,10.681097938800129,288.15,101325.0,1.2250122659906946,340.29228686527705
0.2,-0.3228610532668532,9.383380622559098,-1.0278230325308984,2.3358164082803503,0.0,0.0,0.0,0.0,9.724211556070255,288.15,101325.0,1.2250122659906946,340.29228686527705
0.25,-0.02946720889856469,9.70009034795387,-1.1404495382701596,2.4936240241827616,0.0,0.0,0.0,0.0,10.080205289664981,288.15,101325.0,1.2250122659906946,340.29228686527705
0.3,-0.18919534565041585,9.147170168258478,-1.4917131393833434,1.9196585831930248,0.0,0.0,0.0,0.0,9.464724996179942,288.15,101325.0,1.2250122659906946,340.29228686527705
0.35,-0.5347683639100167,9.76947292052588,-1.0014079248794223,2.579863818536469,0.0,0.0,0.0,0.0,10.153871985557695,288.15,101325.0,1.2250122659906946,340.29228686527705
0.4,-0.3608859067140865,9.883780125697138,-0.7771191018533077,2.7238615234481696,0.0,0.0,0.0,0.0,10.281655765026974,288.15,101325.0,1.2250122659906946,340.29228686527705
0.45,-0.1975564005132139,9.024385404599311,-1.7121234327485004,1.8105417525302663,0.0,0.0,0.0,0.0,9.362102328930556,288.15,101325.0,1.2250122659906946,340.29228686527705
0.5,-0.16964158125724235,9.033260585111062,-1.6373858205898761,2.0595877138102856,0.0,0.0,0.0,0.0,9.408651905287394,288.15,101325.0,1.2250122659906946,340.29228686527705
0.55,-0.20769258017263806,9.492365627714504,-1.2344816663954679,2.2595606543427365,0.0,0.0,0.0,0.0,9.835373126909628,288.15,101325.0,1.2250122659906946,340.29228686527705
0.6,-0.13668445536966947,9.171192105145936,-1.4693298486223905,2.1397733412294135,0.0,0.0,0.0,0.0,9.531438757363965,288.15,101325.0,1.2250122659906946,340.29228686527705
0.65,-0.5247492195849842,9.714965289686134,-1.0367011563726392,2.4718707202998225,0.0,0.0,0.0,0.0,10.077968283602917,288.15,101325.0,1.2250122659906946,340.29228686527705
0.7,-0.31482539570605916,9.284278024807548,-1.3477174938697192,2.1529485773286012,0.0,0.0,0.0,0.0,9.625453156180653,288.15,101325.0,1.2250122659906946,340.29228686527705
0.75,-0.05604611167786944,9.24046237181771,-1.4875084639966059,2.0751342733178637,0.0,0.0,0.0,0.0,9.586709994974239,288.15,101325.0,1.2250122659906946,340.29228686527705
0.8,-0.3375694052029536,10.375823047540308,-0.20610672266234087,3.275063933741126,0.0,0.0,0.0,0.0,10.882381525433077,288.15,101325.0,1.2250122659906946,340.29228686527705
0.85,-0.07407329279499399,9.636254119451927,-1.1143476665029919,2.59218182988462,0.0,0.0,0.0,0.0,10.04084512457387,288.15,101325.0,1.2250122659906946,340.29228686527705
0.9,-0.4292069935434134,10.475591880998357,-0.1652710499226423,3.2739291172709994,0.0,0.0,0.0,0.0,10.976518193038086,288.15,101325.0,1.2250122659906946,340.29228686527705
0.95,-0.0006405917940066619,9.958845641014902,-0.8003334755322256,2.9138361438680804,0.0,0.0,0.0,0.0,10.407188921458618,288.15,101325.0,1.2250122659906946,340.29228686527705
1.0,-0.2887972458815225,9.733808278320168,-0.9134134535949404,2.547013083006675,0.0,0.0,0.0,0.0,10.102901730755855,288.15,101325.0,1.2250122659906946,340.29228686527705
1.05,0.3281547102487051,9.965573122739249,-0.7894059654635821,2.73728454031636,0.0,0.0,0.0,0.0,10.364773808319569,288.1478669943834,101321.05785209758,1.2249736734566397,340.29102737073873
1.1,-0.2076662438149869,9.556791210607935,-1.0919841012652003,2.432938601362826,0.0,0.0,0.0,0.0,9.921888820107306,288.15,101325.0,1.2250122659906946,340.29228686527705
1.15,0.1464289537067438,10.94394418428123,0.2748235959168195,3.7550351889780993,0.0,0.0,0.0,0.0,11.573492627033527,288.1490482118009,101323.24092231461,1.2249950451435792,340.2917248551255
1.2,-0.3878955364368998,9.686230898368693,-0.931589177098968,2.6278143885429164,0.0,0.0,0.0,0.0,10.079500774940865,288.15,101325.0,1.2250122659906946,340.29228686527705
1.25,-0.0728317694206653,9.575630630102005,-1.1635915822943805,2.321726631238932,0.0,0.0,0.0,0.0,9.921545337533773,288.15,101325.0,1.2250122659906946,340.29228686527705
1.3,-0.39734282578004043,9.21939076607019,-1.456668709568796,2.101906007199524,0.0,0.0,0.0,0.0,9.567500127517038,288.15,101325.0,1.2250122659906946,340.29228686527705
1.35,-0.4806453730872322,9.685207752109543,-1.0063816645771402,2.571420356167545,0.0,0.0,0.0,0.0,10.0711596107118,288.15,101325.0,1.2250122659906946,340.29228686527705
1.4,-0.16059899527806826,9.598433870337482,-1.0472860314560615,2.46963140828868,0.0,0.0,0.0,0.0,9.966233997239412,288.15,101325.0,1.2250122659906946,340.29228686527705
1.45,-0.7378728366696209,10.64653613512235,0.011501777754384435,3.5293603859027414,0.0,0.0,0.0,0.0,11.216293893302591,288.15,101325.0,1.2250122659906946,340.29228686527705
1.5,-0.6594642276028766,9.656970705923351,-0.9701064817185672,2.5723449669088336,0.0,0.0,0.0,0.0,10.040674699925066,288.15,101325.0,1.2250122659906946,340.29228686527705
1.55,-0.7777304217945811,9.706488786590013,-1.017350788015434,2.57499977192065,0.0,0.0,0.0,0.0,10.093639136380133,288.15,101325.0,1.2250122659906946,340.29228686527705
1.6,-0.18232134812104311,9.61278635885563,-1.0278827505662245,2.5176375734880834,0.0,0.0,0.0,0.0,9.990030204226182,288.15,101325.0,1.2250122659906946,340.29228686527705
1.65,-0.16219553614523424,10.052224681156437,-0.7405742246071775,2.8544406471911117,0.0,0.0,0.0,0.0,10.475853312782686,288.15,101325.0,1.2250122659906946,340.29228686527705
1.7,0.23998003345984206,9.927298946256698,-0.7190289124924182,2.8866738042315885,0.0,0.0,0.0,0.0,10.363452735328426,288.1484401297825,101322.11708910414,1.2249840431210732,340.2913657954837
1.75,-0.2586096448337031,9.589034250123776,-1.1389793327665636,2.4774042664862113,0.0,0.0,0.0,0.0,9.96917166419158,288.15,101325.0,1.2250122659906946,340.29228686527705
1.8,-0.8342722636221319,9.828526519260427,-0.8520328707561478,2.7231325253682708,0.0,0.0,0.0,0.0,10.23432187804219,288.15,101325.0,1.2250122659906946,340.29228686527705
1.85,0.11188606921645633,9.9634086355498,-0.7419377457458743,2.741453597769409,0.0,0.0,0.0,0.0,10.360287210605392,288.1492727405501,101323.65589004755,1.224999107559335,340.2918574345335
1.9,-0.5973189000805685,10.033914249206788,-0.5587035068877042,2.9542445534243065,0.0,0.0,0.0,0.0,10.47469071860744,288.15,101325.0,1.2250122659906946,340.29228686527705
1.95,-0.39657934923403243,10.426221580722782,-0.2978789884361662,3.2430843076811544,0.0,0.0,0.0,0.0,10.92302266631398,288.15,101325.0,1.2250122659906946,340.29228686527705
2.0,-0.5691858406687468,10.026995109982803,-0.6685375687016646,2.8841931442592807,0.0,0.0,0.0,0.0,10.45495784351983,288.15,101325.0,1.2250122659906946,340.29228686527705
2.05,-0.43553951260814905,9.663375765819907,-0.9837455144371734,2.593986453604698,0.0,0.0,0.0,0.0,10.053723297868078,288.15,101325.0,1.2250122659906946,340.29228686527705
2.1,-0.4462636975523332,10.019737990326892,-0.6916747941928948,2.863761827518889,0.0,0.0,0.0,0.0,10.443883148545664,288.15,101325.0,1.2250122659906946,340.29228686527705
2.15,-0.44136743275776724,10.235541857195246,-0.5298839147486992,3.080209607027029,0.0,0.0,0.0,0.0,10.702092566256699,288.15,101325.0,1.2250122659906946,340.29228686527705
2.2,-0.638237627773439,10.270415187995875,-0.4168099592682456,3.1846355131541855,0.0,0.0,0.0,0.0,10.76090433130991,288.15,101325.0,1.2250122659906946,340.29228686527705
2.25,-0.22891834197531358,9.570452090917938,-1.084749503956379,2.4719928970423157,0.0,0.0,0.0,0.0,9.943891773039205,288.15,101325.0,1.2250122659906946,340.29228686527705
2.3,-0.21764423020802642,9.233704724324031,-1.364710567942513,2.137124616989568,0.0,0.0,0.0,0.0,9.575543822613978,288.15,101325.0,1.2250122659906946,340.29228686527705
2.35,-0.24458551310554066,8.891787380371015,-1.7409391768422733,1.7250590000545492,0.0,0.0,0.0,0.0,9.223371432879558,288.15,101325.0,1.2250122659906946,340.29228686527705
2.4,-0.5905664422586613,9.363563978573065,-1.2480707495572663,2.222972065591898,0.0,0.0,0.0,0.0,9.704412181123255,288.15,101325.0,1.2250122659906946,340.29228686527705
2.45,-0.39366531179914144,9.517866144514914,-1.1653639668479643,2.431730215686641,0.0,0.0,0.0,0.0,9.892480020804399,288.15,101325.0,1.2250122659906946,340.29228686527705
2.5,-0.001039219818190218,9.675994981650966,-0.9780992304175737,2.610642512747851,0.0,0.0,0.0,0.0,10.069608300169602,288.15,101325.0,1.2250122659906946,340.29228686527705
2.55,-0.11683907899296225,9.199826395056387,-1.4985858208424416,1.9978755146006082,0.0,0.0,0.0,0.0,9.53278929450593,288.15,101325.0,1.2250122659906946,340.29228686527705
2.6,-0.11200522023811332,10.25178015986232,-0.45994006490840766,3.114305236595195,0.0,0.0,0.0,0.0,10.72424535415611,288.15,101325.0,1.2250122659906946,340.29228686527705
2.65,0.17077346282942976,8.324960373427542,-2.4092049215194815,1.1781654980038474,0.0,0.0,0.0,0.0,8.746273921716561,288.1488899724916,101322.94846969079,1.2249921821138985,340.29163141817816
2.7,-0.32183125218494557,9.721911045667216,-0.9826661949221542,2.5154365735826505,0.0,0.0,0.0,0.0,10.090025192546658,288.15,101325.0,1.2250122659906946,340.29228686527705
2.75,-0.38611109603276017,10.022274100737127,-0.6822876293776541,2.8263078851178753,0.0,0.0,0.0,0.0,10.435492840349584,288.15,101325.0,1.2250122659906946,340.29228686527705
2.8,0.23107026477402326,9.304631034201758,-1.3731906045123723,2.1253225886331215,0.0,0.0,0.0,0.0,9.642551904174834,288.14849804327895,101322.22412210998,1.2249850909461883,340.29139999220155
2.85,0.24953905899634576,9.809285899191451,-0.8128768283754623,2.6892208663422505,0.0,0.0,0.0,0.0,10.203664413246672,288.1483779961165,101322.00225668086,1.224982918941468,340.2913291068395
2.9,-0.009800365965513536,9.01048098866314,-1.7257622793889131,1.9019203577566932,0.0,0.0,0.0,0.0,9.369328905491088,288.15,101325.0,1.2250122659906946,340.29228686527705
2.95,-0.9477858940289503,10.310294638740753,-0.37994426448690966,3.1909600751871663,0.0,0.0,0.0,0.0,10.799479588535796,288.15,101325.0,1.2250122659906946,340.29228686527705
3.0,-0.5448036508031833,9.473289375396794,-1.1598057524045153,2.383836601516058,0.0,0.0,0.0,0.0,9.837227145697309,288.15,101325.0,1.2250122659906946,340.29228686527705
3.05,-0.23332551869235338,9.351130331535359,-1.3225668180991588,2.173249498883682,0.0,0.0,0.0,0.0,9.691018256617603,288.15,101325.0,1.2250122659906946,340.29228686527705
3.1,-0.8819129176449276,9.501223755760677,-1.1578026821033325,2.268406478927547,0.0,0.0,0.0,0.0,9.836637019904575,288.15,101325.0,1.2250122659906946,340.29228686527705
3.15,-0.5573593908443203,9.785066082088495,-0.959018002132475,2.568288884905419,0.0,0.0,0.0,0.0,10.161857190276862,288.15,101325.0,1.2250122659906946,340.29228686527705
3.2,-0.05219984869598562,9.172527422302894,-1.6025841965809597,2.0129635436331386,0.0,0.0,0.0,0.0,9.526571138034171,288.15,101325.0,1.2250122659906946,340.29228686527705
3.25,-0.3563889432360599,9.179989237523493,-1.499626871791276,1.9781658158135251,0.0,0.0,0.0,0.0,9.509691012356754,288.15,101325.0,1.2250122659906946,340.29228686527705
3.3,-0.17959537543848156,8.799552962911365,-1.813873825798402,1.7736886544747867,0.0,0.0,0.0,0.0,9.15796058334012,288.15,101325.0,1.2250122659906946,340.29228686527705
3.35,-0.2193243989221464,10.16547098484453,-0.49259187992259423,3.156169699721523,0.0,0.0,0.0,0.0,10.655555090060862,288.15,101325.0,1.2250122659906946,340.29228686527705
3.4,-0.5910475255747867,10.050178797013086,-0.5991180646848823,2.9458080692196855,0.0,0.0,0.0,0.0,10.490129717407834,288.15,101325.0,1.2250122659906946,340.29228686527705
3.45,-0.3722713022739359,9.237236523728576,-1.4393326914611502,2.124810796364288,0.0,0.0,0.0,0.0,9.587128773118687,288.15,101325.0,1.2250122659906946,340.29228686527705
3.5,-0.14905510652536313,9.385616352640472,-1.3117868143603875,2.1698482504179744,0.0,0.0,0.0,0.0,9.722079016091362,288.15,101325.0,1.2250122659906946,340.29228686527705
3.55,-0.34605008896259787,9.05136835025379,-1.5727683727057138,1.9410757453336027,0.0,0.0,0.0,0.0,9.389815994751006,288.15,101325.0,1.2250122659906946,340.29228686527705
3.6,-0.5783389900494074,9.556405298967832,-1.1690154679375544,2.325273817952242,0.0,0.0,0.0,0.0,9.904462516001153,288.15,101325.0,1.2250122659906946,340.29228686527705
3.65,-0.73834966860016,9.904938487440111,-0.8234710959518463,2.769039243509598,0.0,0.0,0.0,0.0,10.317630029126686,288.15,101325.0,1.2250122659906946,340.29228686527705
3.7,-0.268310067658036,10.090598727197335,-0.6155351549145606,2.9862977235022705,0.0,0.0,0.0,0.0,10.541206775964838,288.15,101325.0,1.2250122659906946,340.29228686527705
3.75,-0.25515097003769815,9.397878382482983,-1.2814132734386843,2.265902673223941,0.0,0.0,0.0,0.0,9.751741023725415,288.15,101325.0,1.2250122659906946,340.29228686527705
3.8,0.6387087290199869,9.272845376229277,-1.349367746625056,2.2633675712124055,0.0,0.0,0.0,0.0,9.63998378886109,288.14584839326136,101317.32725704252,1.2249371517031562,340.2898354253326
3.85,-0.17480694562321117,9.307050019892623,-1.3304070174509643,2.172509212100675,0.0,0.0,0.0,0.0,9.649402011603017,288.15,101325.0,1.2250122659906946,340.29228686527705
3.9,-0.18125858960439795,9.798021780147945,-0.9670059571091557,2.5695346377074744,0.0,0.0,0.0,0.0,10.175403656844114,288.15,101325.0,1.2250122659906946,340.29228686527705
3.95,-0.5303833349670093,9.496166612850965,-1.1624034301529034,2.2789073966960425,0.0,0.0,0.0,0.0,9.834723229261337,288.15,101325.0,1.2250122659906946,340.29228686527705
4.0,-0.27327065361643993,9.66578936822616,-0.9574008847099483,2.435357535532361,0.0,0.0,0.0,0.0,10.013743899802487,288.15,101325.0,1.2250122659906946,340.29228686527705
4.05,-0.3148304159537292,8.435420308383573,-2.2741014618683772,1.3057841203500784,0.0,0.0,0.0,0.0,8.833624703762343,288.15,101325.0,1.2250122659906946,340.29228686527705
4.1,-0.3823878736628723,9.445330913696464,-1.1922484105852726,2.2282412698425254,0.0,0.0,0.0,0.0,9.777565724575961,288.15,101325.0,1.2250122659906946,340.29228686527705
4.15,-0.14452818763812425,10.232314655748265,-0.4369189801631138,3.180051619189462,0.0,0.0,0.0,0.0,10.723986651902223,288.15,101325.0,1.2250122659906946,340.29228686527705
4.2,-0.5605028887795802,9.804734430024457,-0.8130419145736486,2.7881547695831563,0.0,0.0,0.0,0.0,10.225833042706588,288.15,101325.0,1.2250122659906946,340.29228686527705
4.25,-0.42726516101863976,10.185014359043755,-0.3888459682014319,2.9914581718702156,0.0,0.0,0.0,0.0,10.622360409765953,288.15,101325.0,1.2250122659906946,340.29228686527705
4.3,0.020355149624658307,9.128639142074551,-1.6285151289005775,2.106575271553232,0.0,0.0,0.0,0.0,9.5090364120658,288.1498676915274,101324.755468401,1.2250098721025062,340.29220874006813
4.35,0.35593854716335915,10.620155716816205,0.01828386483494515,3.3547743936483734,0.0,0.0,0.0,0.0,11.13743924703592,288.1476863994434,101320.72408841943,1.2249704059897293,340.29092073304616
4.4,0.15565785893318485,9.447300047817697,-1.8084751818028724,2.1586592900644774,0.0,0.0,0.0,0.0,9.858086559128747,288.1489882239169,101323.1300546239,1.224993959779971,340.2916894335586
4.45,-0.19866104859439376,15.700286135139654,-6.244681811393805,1.1317410672339876,0.0,0.0,0.0,0.0,16.934458169486117,288.15,101325.0,1.2250122659906946,340.29228686527705
4.5,-0.13244755291482957,11.722989426368375,-5.919399627522493,0.1545565143890132,0.0,0.0,0.0,0.0,13.133608063178915,288.15,101325.0,1.2250122659906946,340.29228686527705
4.55,0.6377557454860189,15.887776066384282,4.693530788734021,3.94733055152069,0.0,0.0,0.0,0.0,17.030328184839423,288.1458545876543,101317.33870478615,1.2249372637745886,340.28983908300967
4.6,2.333746690282117,9.324886817860984,-4.321059088437665,1.5506383000370298,0.0,0.0,0.0,0.0,10.393726230242406,288.13483064651314,101296.9672195085,1.2247378266406719,340.2833295827379
4.65,5.080283666493479,34.02777664053825,-6.619514057141726,5.252253371961301,0.0,0.0,0.0,0.0,35.061285129531925,288.11697815616776,101263.98407957933,1.2244149050454596,340.27278764488227
4.7,7.573035763076646,78.08218959649248,3.3201919055282323,9.183133672314575,0.0,0.0,0.0,0.0,78.6904184161943,288.10077526754,101234.05616875255,1.2241218783685712,340.2632195180171
4.75,8.15092286810158,143.0696773133211,5.715316136236272,44.06616621158179,0.0,0.0,0.0,0.0,149.81129600154225,288.0970190013573,101227.11909534721,1.224053954550103,340.2610013299724
4.8,0.8673683419145602,119.55022912177716,-8.913210842273351,21.35761170853169,0.0,0.0,0.0,0.0,121.76966037761889,288.14436210577753,101314.58050675063,1.2249102614227414,340.28895779829355
4.85,6.899930992006167,82.39019968489573,-6.514719150258855,4.48920730053825,0.0,0.0,0.0,0.0,82.76919446213638,288.1051504485519,101242.13673954016,1.2242009975367902,340.2658031756344
4.9,12.979580202601369,53.29849743264745,4.110357392010997,3.895923466368477,0.0,0.0,0.0,0.0,53.598536231167614,288.06563272868306,101169.16996239383,1.2234865154839119,340.2424662276534
4.95,14.40859507109721,46.608530874537955,0.6208661766999637,-0.7070393827280135,0.0,0.0,0.0,0.0,46.61802794821823,288.05634413203785,101152.02538395465,1.2233186235767173,340.23698067132864
5.0,14.600328104369995,42.141028556058544,4.207460493049463,0.4705346380503842,0.0,0.0,0.0,0.0,42.35316297997965,288.0550978673216,101149.72524958415,1.2232960986129582,340.2362446594139
5.05,14.19701384405586,39.20551853135136,4.327677958684653,0.5319106641537437,0.0,0.0,0.0,0.0,39.447235755891185,288.0577194100136,101154.56367727373,1.2233434806918442,340.2377928733111
5.1,15.116531121464355,39.61504810206793,5.630332280334989,3.3047339688363455,0.0,0.0,0.0,0.0,40.14939531700221,288.05174254771043,101143.5328062663,1.223235456209968,340.23426308596316
5.15,16.70647478016644,38.601143081033385,5.935568941136724,3.611266106023861,0.0,0.0,0.0,0.0,39.22142869281938,288.0414079139289,101124.4615494476,1.2230486875526134,340.2281596199389
5.2,18.84445924117152,38.73937324483673,3.8030528482432615,3.7922962234700472,0.0,0.0,0.0,0.0,39.109893390494534,288.0275110149324,101098.82117409575,1.2227975756328453,340.21995216561135
5.25,20.507166249407355,34.98305255749146,1.8652756242517974,0.547569340889784,0.0,0.0,0.0,0.0,35.03702401143283,288.0167034193788,101078.8843354176,1.2226023135716269,340.21356910497525
5.3,22.191405984294125,35.2436844752874,1.6718738699652866,0.9411333031323181,0.0,0.0,0.0,0.0,35.2958664651394,288.00575586110205,101058.69255241196,1.2224045471082454,340.20710325903116
5.35,23.212509906739058,35.445486546299314,1.8207040828427004,2.866292293128456,0.0,0.0,0.0,0.0,35.60776757072554,287.99911868560616,101046.45247176806,1.2222846591636927,340.2031831511642
5.4,24.57038153104296,35.15020034209187,1.6024880552147753,2.2063407712111887,0.0,0.0,0.0,0.0,35.25581500483304,287.9902925200482,101030.17738071096,1.222125245214268,340.1979700924621
5.45,26.247606263573196,34.473856167696276,0.5800630308758834,1.648552327293204,0.0,0.0,0.0,0.0,34.51812504998821,287.97939055928674,101010.07753774796,1.2219283612098684,340.191530882326
5.5,27.847996527879317,34.87280862678557,2.9755166062693155,3.1145185777422952,0.0,0.0,0.0,0.0,35.1378244426956,287.96898802256874,100990.90149724913,1.221740519180246,340.18538654185267
5.55,29.471635694431004,34.28169120575513,4.5494687652883625,5.3612914994778125,0.0,0.0,0.0,0.0,34.99536347168659,287.9584343679862,100971.4498984691,1.2215499709413769,340.1791528290095
5.6,30.517422401925455,32.54644717158397,1.5502262009624084,4.601816773134676,0.0,0.0,0.0,0.0,32.90670360854092,287.95163675438744,100958.92272144163,1.2214272507749981,340.17513763131734
5.65,32.62537445236832,32.94326334420406,1.1924484170038174,1.4562527132977452,0.0,0.0,0.0,0.0,32.99698781643229,287.9379350660596,100933.67599735809,1.2211799171213007,340.1670442076912
5.7,34.84444063386681,33.8537760827585,3.207176719298444,-0.46068070059569755,0.0,0.0,0.0,0.0,34.00847488903704,287.92351113587983,100907.1039945902,1.2209195874445267,340.15852395636955
5.75,37.739220762066715,33.035719853866375,3.466001290335181,0.04301053079979961,0.0,0.0,0.0,0.0,33.21707092916993,287.90469506504655,100872.44923226847,1.2205800502282742,340.1474089358763
5.8,40.27630792194139,33.089838723224304,3.553296847385436,1.5833492929273443,0.0,0.0,0.0,0.0,33.31771811211037,287.8882039985074,100842.08450430734,1.2202825272699855,340.1376670421554
5.85,42.22250736989088,31.380856205988195,1.3669029927133631,2.064786590696157,0.0,0.0,0.0,0.0,31.4784037663525,287.8755537020957,100818.79673961765,1.220054335028774,340.1301938467992
5.9,44.305373985310794,33.34163818245092,0.6163072157867467,3.1455059034757094,0.0,0.0,0.0,0.0,33.495356076066734,287.86201506909543,100793.87847209291,1.2198101547032438,340.12219568240084
5.95,47.279982596180204,31.82272873737513,0.6297425222796261,-1.938679280204347,0.0,0.0,0.0,0.0,31.887946269529834,287.8426801131248,100758.30054202006,1.2194614977752314,340.1107729212079
6.0,49.83098679350714,32.34978907760327,3.7247579432336133,-0.35070624626163494,0.0,0.0,0.0,0.0,32.565406031128624,287.8260985858422,100727.79725058755,1.2191625526874952,340.1009765329885
6.05,52.170172261283184,32.15920360135653,4.622026222453722,1.7430694226191352,0.0,0.0,0.0,0.0,32.53637646829503,287.81089388030165,100699.83332566007,1.2188884793264099,340.0919933248603
6.1,53.81879827677704,32.25499191501204,1.3196087390908187,2.149811292076848,0.0,0.0,0.0,0.0,32.353478317691255,287.8001778112009,100680.12850950976,1.2186953444783917,340.0856619397344
6.15,55.68733097384721,31.403650449440104,1.3597810761129523,0.20554412873966396,0.0,0.0,0.0,0.0,31.433748018879864,287.78803234866996,100657.79908506895,1.2184764760935163,340.07848588224454
6.2,57.30360108890261,31.53269332959211,1.715510579708311,-0.4358752820491475,0.0,0.0,0.0,0.0,31.582332282918802,287.77752659292213,100638.48749514166,1.218287180446917,340.07227851134473
6.25,59.22597024598782,30.83850066341351,3.1798858850872396,-1.8910732024789632,0.0,0.0,0.0,0.0,31.059635465772395,287.76503119340106,100615.52246539187,1.2180620641357598,340.06489540335104
6.3,61.81733222828593,29.860278911135094,3.241721769845588,-1.4016195643551945,0.0,0.0,0.0,0.0,30.068414558919685,287.7481873405161,100584.57222106673,1.2177586567333651,340.0549426879915
6.35,63.96106830342221,30.776903058505443,2.0342188715806744,-3.3311798759161992,0.0,0.0,0.0,0.0,31.02341966411578,287.73425305602774,100558.97407784223,1.217507702930161,340.0467089616158
6.4,66.61848441080637,30.67066293001778,2.3167656271941097,-1.0119428436827453,0.0,0.0,0.0,0.0,30.774681084570084,287.7169798513297,100527.24945431443,1.2171966707347732,340.0365020006733
6.45,69.58933462209775,29.889681541093555,1.7477448695911542,-1.294522183686633,0.0,0.0,0.0,0.0,29.968708054255988,287.69766932495634,100491.79260347477,1.216849025212723,340.02509079716486
6.5,72.14918012022613,29.229527365198113,3.1355946658933926,-0.3520113304291464,0.0,0.0,0.0,0.0,29.399339038121163,287.6810303292185,100461.2491824301,1.2165495359254928,340.0152579788193
6.55,73.93839703389148,28.720546512601185,2.1012468776516613,-1.6629461732390587,0.0,0.0,0.0,0.0,28.845284196873834,287.66940041927967,100439.90516792727,1.2163402398627132,340.00838511203796
6.6,76.68427392142613,29.027144143709094,4.808968743681815,-3.548438912307478,0.0,0.0,0.0,0.0,29.63600337818431,287.65155221951073,100407.15606011907,1.2160190907876358,339.9978371849662
6.65,79.69596303704208,27.878463455554158,6.340055770502842,0.165612186854447,0.0,0.0,0.0,0.0,28.59077577143002,287.6319762402592,100371.24664639067,1.2156669277520857,339.9862677986759
6.7,82.65101217579857,28.88557452657263,6.737614074470112,-2.311204890134722,0.0,0.0,0.0,0.0,29.750857587485807,287.61276842085726,100336.02267905674,1.215321463588043,339.9749156118579
6.75,85.84745118187202,28.19083997638429,1.7827120821803635,-3.459149889059504,0.0,0.0,0.0,0.0,28.45816647110349,287.5919915673178,100297.9326323939,1.2149478639671993,339.96263566921294
6.8,88.16666878911839,27.77252558926418,4.160756629963634,0.015597020942870521,0.0,0.0,0.0,0.0,28.08247347736987,287.5769166528707,100270.30323745248,1.2146768489435054,339.9537255205319
6.85,91.13691288635337,26.608436297127675,2.9473175930344886,-3.193342091165246,0.0,0.0,0.0,0.0,26.960953189450105,287.5576100662387,100234.9270092139,1.2143298249681536,339.9423138671021
6.9,93.39802240207449,26.631471739433064,3.2425043823596282,-3.8846556269189447,0.0,0.0,0.0,0.0,27.107926350379447,287.5429128543865,100208.00349780619,1.2140657025091999,339.93362644609357
6.95,95.71953169499213,27.60490991502409,2.517929096867752,-3.302218026728939,0.0,0.0,0.0,0.0,27.91550934963398,287.52782304398255,100180.36688628703,1.2137945704205424,339.924706731778
7.0,98.14920839803352,25.87476770227681,2.2537362246305577,-2.9629029910633897,0.0,0.0,0.0,0.0,26.141188281167548,287.5120301454128,100151.4491965046,1.2135108549331612,339.91537116543736
7.05,100.13798036040787,25.920277559772117,5.184502430311188,-3.938144343765416,0.0,0.0,0.0,0.0,26.725434235908313,287.49910312765735,100127.78412735467,1.2132786620425922,339.9077295000978
7.1,102.52257650305982,25.381611566963233,4.649185988778877,-5.271480919918354,0.0,0.0,0.0,0.0,26.33684960627453,287.48360325273006,100099.41498227979,1.2130003007405992,339.89856669185093
7.15,104.97726339945083,26.121630806714485,3.1405523742244092,-5.503403343941535,0.0,0.0,0.0,0.0,26.879176207310536,287.46764778790356,100070.2187777793,1.2127138085637628,339.8891343019438
7.2,108.04413768864505,24.642470826945758,3.2042386755219,-4.894366023969677,0.0,0.0,0.0,0.0,25.327323836583517,287.4477131050238,100033.75086678924,1.2123559393270116,339.87734915041915
7.25,111.21026290320476,25.94475610468714,3.0138051561374355,-3.868225765963729,0.0,0.0,0.0,0.0,26.404101223622952,287.42713329112917,99996.1140624747,1.211986573402201,339.8651821762654
7.3,115.01154593367069,27.590459618849668,4.137493848408308,-6.16603901590164,0.0,0.0,0.0,0.0,28.572230477696557,287.4024249514311,99950.942070055,1.2115432225496885,339.850573804476
7.35,117.98713606452635,24.629074550237156,2.5279244689441303,-6.172127047722955,0.0,0.0,0.0,0.0,25.51620793956381,287.3830836155806,99915.59360954384,1.2111962604099136,339.8391381412585
7.4,120.99377500960618,25.58075453737779,4.507476377101027,-4.533314755686938,0.0,0.0,0.0,0.0,26.367466481742746,287.3635404624375,99879.8865877327,1.2108457551067124,339.82758276167016
7.45,123.05991657069333,7.054188799029718,2.205664803389828,-9.26884178352321,0.0,0.0,0.0,0.0,11.854870933302259,287.35011054229045,99855.3549590638,1.2106049352669628,339.81964175666815
7.5,123.96885904009791,-8.159278753309218,-0.05246650562734331,-12.264834830012884,0.0,0.0,0.0,0.0,14.731013404240496,287.34420241623934,99844.56448537685,1.2104990047712714,339.8161482699345
7.55,122.52507487841233,-8.059285086144872,5.926785117754946,-12.167982736177967,0.0,0.0,0.0,0.0,15.752417649355406,287.3535870132903,99861.7047518162,1.2106672704090127,339.8216973841296
7.6,121.7568036831705,-8.631612235214087,2.4439017520418216,-9.624981458483425,0.0,0.0,0.0,0.0,13.157418197689102,287.35858077605934,99870.82645819173,1.2107568157697213,339.82465016015976
7.65,122.74584862645789,-8.781558863869483,1.0715062786199172,-11.800094559338167,0.0,0.0,0.0,0.0,14.748089143819575,287.352151983928,99859.08362343638,1.2106415392023602,339.82084885683685
7.7,124.0049904052147,-8.168864452340191,1.5736386098837252,-13.461974224166557,0.0,0.0,0.0,0.0,15.825025590100914,287.34396756236606,99844.13557285299,1.2104947940754995,339.816009399628
7.75,127.04752166409422,-7.036641515586055,3.2829584759888846,-10.351445312608899,0.0,0.0,0.0,0.0,12.940037103264782,287.32419110918335,99808.0232815557,1.210140262186965,339.80431527726
7.8,130.448945779747,-6.255753431967942,1.5992897597654068,-6.774215628798832,0.0,0.0,0.0,0.0,9.358534934632212,287.3020818524316,99767.6637553468,1.209744004250334,339.79124125562254
7.85,133.59804557422603,-7.153281642441363,1.993948505517012,-12.376346094910257,0.0,0.0,0.0,0.0,14.433267528863396,287.2816127037675,99730.3099600457,1.209377230006452,339.7791366421179
7.9,136.83353311765111,-7.7318618166033914,1.336158254732893,-9.497536816710719,0.0,0.0,0.0,0.0,12.31950533168909,287.26058203473525,99691.94325165579,1.2090004828305414,339.7666995193894
7.95,140.08224147116712,-6.490456728318428,2.0555471509992667,-7.021781962560765,0.0,0.0,0.0,0.0,9.780425581839415,287.2394654304374,99653.43179553926,1.208622286540675,339.7542111181698
8.0,142.53251795946034,-6.970218038009085,2.0661116766653693,-12.535986338995423,0.0,0.0,0.0,0.0,14.491504768288214,287.2235386332635,99624.39323236202,1.2083370990627889,339.74479167538334
8.05,145.3387441670448,-5.2508119671830285,1.5886805225559688,-8.318135333953101,0.0,0.0,0.0,0.0,9.964251479735962,287.2052981629142,99591.1446776662,1.2080105458723198,339.7340035567978
8.1,148.41767009176715,-6.24422210466184,0.18043853967133142,-8.361927389799664,0.0,0.0,0.0,0.0,10.437657660185454,287.1852851444035,99554.67547702433,1.2076523370100423,339.7221666906377
8.15,150.80908677662475,-6.169399388724199,2.1239500867965377,-7.652162841152258,0.0,0.0,0.0,0.0,10.056254219952127,287.1697409359519,99526.35713417824,1.2073741705246894,339.712972654756
8.2,153.1472013825399,-7.223009531443627,0.633398095274337,-8.921993638377591,0.0,0.0,0.0,0.0,11.496739986695049,287.1545431910135,99498.67628288959,1.207102251461144,339.70398330336457
8.25,155.56474712801597,-5.099004434316125,1.461284715639326,-7.466607677718185,0.0,0.0,0.0,0.0,9.158898921502342,287.13882914366786,99470.06160490349,1.206821143948522,339.6946883128522
8.3,157.89213325833754,-5.011196556324159,-0.17466200754824002,-7.343696950380114,0.0,0.0,0.0,0.0,8.892270949651618,287.12370113382076,99442.5203745167,1.2065505673382666,339.6857397281325
8.35,160.14552319013538,-5.121545765975188,0.8376921235241916,-7.205500853310808,0.0,0.0,0.0,0.0,8.879819912242343,287.1090540992641,99415.86066524725,1.2062886375807098,339.67707542734064
8.4,162.37413889795496,-6.465508273711879,0.6982001066722829,-5.7416510460007055,0.0,0.0,0.0,0.0,8.675069876400705,287.0945680971633,99389.49975080913,1.2060296303207938,339.66850616624293
8.45,164.6453771250403,-5.1977629999396475,1.7075160372582654,-6.48299404916337,0.0,0.0,0.0,0.0,8.483016153616793,287.0798050486872,99362.64050460962,1.2057657132946464,339.6597727946539
8.5,167.11324290211195,-4.820604959769701,1.1776245972726895,-9.667581553592292,0.0,0.0,0.0,0.0,10.866791843300206,287.0637639211362,99333.4626401865,1.2054789983100997,339.65028309569686
8.55,169.24702080104103,-6.187021134815114,0.5502779846228163,-8.05393023574845,0.0,0.0,0.0,0.0,10.170930568306547,287.0498943647932,99308.24032865805,1.2052311394772575,339.6420778531121
8.6,171.4433248629307,-5.333317079833851,0.46386165702258697,-6.165694710793859,0.0,0.0,0.0,0.0,8.165490185997077,287.0356183883909,99282.28434317849,1.2049760583492544,339.6336319650082
8.65,173.54203364036286,-4.804246573627858,0.019426409944120926,-7.480687376848956,0.0,0.0,0.0,0.0,8.890548135844362,287.0219767813376,99257.4868744739,1.2047323506345344,339.6255611833658
8.7,175.62102639528143,-6.3468323198042,1.3529638230435963,-6.706879487637568,0.0,0.0,0.0,0.0,9.332471487439406,287.00846332843065,99232.92730706125,1.2044909695781443,339.61756603243657
8.75,177.7589247317941,-4.667248197443545,2.6353463322432695,-5.497462220891774,0.0,0.0,0.0,0.0,7.677912925889456,286.9945669892433,99207.67700794016,1.2042427878891446,339.6093441529064
8.8,180.52984186750743,-3.8909501908286233,1.0530509325997486,-7.8741229987502415,0.0,0.0,0.0,0.0,8.845915591594009,286.9765560278612,99174.95798922182,1.2039211793135687,339.5986875282597
8.85,181.89388228998,-4.627728930790818,0.981297978509119,-6.629577314887734,0.0,0.0,0.0,0.0,8.144330307249238,286.9676897651151,99158.85459524338,1.2037628850757454,339.5934414648004
8.9,184.3478690124082,-4.130703827884701,-0.25197743848336907,-5.037037038718054,0.0,0.0,0.0,0.0,6.51904508901599,286.95173885141935,99129.88899957725,1.2034781447806928,339.5840032925872
8.95,186.2960138849304,-5.392352446792525,0.7614087804934553,-6.016466078520349,0.0,0.0,0.0,0.0,8.115113820238623,286.93907590974794,99106.89897949301,1.2032521348767906,339.5765104300508
9.0,188.65484090432926,-4.763616936053802,0.8370309482535268,-6.348142128278775,0.0,0.0,0.0,0.0,7.980700195009244,286.92374353412185,99079.06828600126,1.202978524014821,339.567437800001
9.05,190.823330660708,-3.919066265067439,0.551108576477786,-6.183169463745912,0.0,0.0,0.0,0.0,7.341279566292032,286.90964835070537,99053.4888758831,1.2027270332149393,339.55909704011464
9.1,193.1754310317947,-4.467706377344844,0.12403515685905331,-5.815267567510263,0.0,0.0,0.0,0.0,7.334379447236254,286.89435969829333,99025.74964902342,1.2024542936341962,339.5500498188053
9.15,194.64535231779809,-3.895254041191687,-0.2288578019498575,-6.026346975361307,0.0,0.0,0.0,0.0,7.179292291471343,286.8848052099343,99008.41749441435,1.2022838718239026,339.54439572715125
9.2,196.88919468816806,-2.8070658793645356,1.8622630895115821,-3.9670884262742145,0.0,0.0,0.0,0.0,5.204366747984681,286.87022023452687,98981.96460857333,1.2020237576913724,339.53576454572396
9.25,198.5419726918383,-3.7462238925864733,0.4028310030599474,-4.626059661127837,0.0,0.0,0.0,0.0,5.966313288683911,286.85947717750304,98962.48350110305,1.2018321893647488,339.52940681673385
9.3,200.1765968937863,-2.8894740377743053,0.9976838772231607,-4.243068223603283,0.0,0.0,0.0,0.0,5.229537387187771,286.8488521201904,98943.21942426762,1.2016427481628214,339.5231188027421
9.35,202.0779982299907,-3.51416108676296,0.6692050159223925,-3.4545494710593294,0.0,0.0,0.0,0.0,4.973034842533381,286.836493011505,98920.81519429518,1.201422418149958,339.51580441348165
9.4,203.80399507274333,-4.598451076800955,-0.922873305668196,-5.760072789981602,0.0,0.0,0.0,0.0,7.428047252806975,286.82527403202715,98900.48131424139,1.2012224403690182,339.5091646410311
9.45,205.37411884063647,-3.2136000511752423,1.2430974764459328,-5.480212817436464,0.0,0.0,0.0,0.0,6.473426384014471,286.81506822753585,98881.98670684102,1.2010405445049366,339.5031243870958
9.5,206.98825924293487,-2.589803351095069,1.3074432512979333,-4.068811656612543,0.0,0.0,0.0,0.0,4.997170954619611,286.8045763149209,98862.97654362534,1.2008535713641375,339.4969146894818
9.55,209.04776641677594,-2.5842428759968077,-0.28054905511637385,-3.1400690482583773,0.0,0.0,0.0,0.0,4.076401923546943,286.79118951829093,98838.72547376389,1.2006150417203119,339.48899147353154
9.6,210.53370888253383,-2.557155757614921,0.7307616189306478,-4.373325691821666,0.0,0.0,0.0,0.0,5.118499362035004,286.7815308922635,98821.2312238755,1.2004429641632557,339.4832747274509
9.65,212.35559010921733,-2.927177675874342,0.5738038403386978,-4.469912258858451,0.0,0.0,0.0,0.0,5.3738008518382605,286.7696886642901,98799.78533235459,1.2002320094217787,339.4762654200117
9.7,213.43504108770907,-3.3405712740448226,0.19172713081152126,-4.080815394829614,0.0,0.0,0.0,0.0,5.277236967991967,286.76267223292984,98787.08058031645,1.2001070336982562,339.47211238958573
9.75,215.32701786001314,-2.729680997283738,-0.5839208642603171,-3.566710361684973,0.0,0.0,0.0,0.0,4.52918808693141,286.7503743839099,98764.81588152546,1.1998880100967444,339.46483316193724
9.8,216.52380224018043,-1.3802126773845353,0.42507080903898375,-2.621331128038165,0.0,0.0,0.0,0.0,2.992832957305149,286.7425952854388,98750.7342741713,1.1997494808329958,339.4602285502078
9.85,218.02535874268057,-2.93916486867686,-0.17957477613239956,-4.524917616647173,0.0,0.0,0.0,0.0,5.398686568317445,286.7328351681725,98733.06895580665,1.1995756911277908,339.45445124351147
9.9,219.38374475623027,-2.4083919461119714,0.16815881608527186,-3.9758823924919935,0.0,0.0,0.0,0.0,4.651480404393,286.72400565908447,98717.09019575959,1.199418488525463,339.4492247070485
9.95,220.57949445490277,-2.236430322497973,-0.2008485288009923,-3.6688487225227298,0.0,0.0,0.0,0.0,4.301442975056926,286.7162332860431,98703.02626748255,1.1992801204589858,339.44462386472134
10.0,222.10699911083057,-1.992118880018066,-0.04170610802404939,-3.0240356835064657,0.0,0.0,0.0,0.0,3.621473297801789,286.7063045057796,98685.06273060395,1.1991033806076563,339.43874645028023
10.05,223.14915277827288,-2.538758297699959,-1.1668704272768906,-3.764533634271114,0.0,0.0,0.0,0.0,4.688133292873852,286.6995305069412,98672.80846669858,1.198982809704274,339.4347364734854
10.1,224.4098119299962,-2.6197606729831855,-0.8125221260614628,-2.7598301058879953,0.0,0.0,0.0,0.0,3.8910153433794754,286.691336222455,98657.98653188017,1.1988369714281912,339.42988567260545
10.15,225.98845179774392,-2.4873677855009593,-0.6662722471155789,-4.069657373382558,0.0,0.0,0.0,0.0,4.81591407152904,286.68107506331467,98639.42854802353,1.1986543669625487,339.4238112385374
10.2,227.41919656095638,-2.0316749814204202,0.3649316248250916,-4.227239980448138,0.0,0.0,0.0,0.0,4.704299753759992,286.67177522235374,98622.61161351176,1.1984888882051659,339.41830579479256
10.25,228.4628622967695,-2.0595938486455285,-0.6066585716845643,-2.6595220048217465,0.0,0.0,0.0,0.0,3.418043115308515,286.66499139507096,98610.34585970495,1.1983681897130343,339.4142897580141
10.3,229.41884923826728,-2.1231894374061833,0.6947898395851364,-3.1021769678089512,0.0,0.0,0.0,0.0,3.8228481853074237,286.65877747995125,98599.11164097926,1.1982576393120983,339.4106110684638
10.35,230.85354995086527,-2.014502848159142,0.8174758032419283,-4.120676852794969,0.0,0.0,0.0,0.0,4.659019868951793,286.64945192531934,98582.25379307292,1.1980917450559843,339.4050901875635
10.4,232.21323023624154,-0.862295302144764,1.700443266729134,-2.145969034733099,0.0,0.0,0.0,0.0,2.8705824477793156,286.6406140034644,98566.27959525108,1.197934541619344,339.3998579103595
10.45,233.47469029918258,-2.580347455932009,-1.485496718846191,-3.5146179882129704,0.0,0.0,0.0,0.0,4.606238497744964,286.63241451305527,98551.46121166383,1.1977887083147152,339.3950035288698
10.5,234.62092722634117,-1.9268729087472503,-1.2763654108045954,-3.4626021542142036,0.0,0.0,0.0,0.0,4.1631192088062186,286.62496397302874,98537.99791970951,1.1976562073609864,339.39059249166155
10.55,235.75073805954267,-1.8366506489442649,-0.101363537747481,-3.1686154146411494,0.0,0.0,0.0,0.0,3.6638345785465773,286.61762020261295,98524.72902030779,1.1975256161797236,339.38624461050875
10.6,236.80773947109478,-1.043132697306613,0.8286594366114151,-0.9563611026772272,0.0,0.0,0.0,0.0,1.6399478177031486,286.61074969343787,98512.31653058602,1.1974034506676536,339.38217687336186
10.65,238.2799327966123,-1.3141921260776552,0.48531667584239196,-1.7569406179072555,0.0,0.0,0.0,0.0,2.247103369884783,286.601180436822,98495.03050427343,1.1972333142269793,339.3765112410487
10.7,239.09441395123463,-1.1815965363161662,0.20981405312359222,-2.2890729982392695,0.0,0.0,0.0,0.0,2.5845787863384295,286.59588630931694,98485.46818065539,1.197139195320617,339.37337672705735
10.75,240.07767178561437,-1.5703780556582365,0.44232677405191345,-4.008363226879303,0.0,0.0,0.0,0.0,4.327668653135817,286.5894951333935,98473.92535510524,1.1970255806482393,339.3695926409095
10.8,241.52414485342464,-0.9366617664705355,0.4158223122801853,-1.8514901336811542,0.0,0.0,0.0,0.0,2.116189777708134,286.5800930584527,98456.94666662658,1.1968584568124747,339.36402578558676
10.85,241.9504735519362,-1.9140168122585766,1.710581780554773,-4.502327699539563,0.0,0.0,0.0,0.0,5.182712137444606,286.5773219219124,98451.94287633266,1.1968092026907793,339.3623850115963
10.9,242.6623750227414,1.3613198597254668,0.9755871128313731,3.634334060619966,0.0,0.0,0.0,0.0,4.001667907184207,286.5726945623522,98443.58779728157,1.1967269595574157,339.3596451609597
10.95,243.99639013010392,-4.106827756468381,-0.33344754323157766,-9.601588340214718,0.0,0.0,0.0,0.0,10.448335759360603,286.5640234641543,98427.93296082431,1.1965728577627728,339.35451096094135
11.0,245.01293893783966,5.865038303503003,0.8899474211040913,11.317298785336222,0.0,0.0,0.0,0.0,12.777790595813501,286.55741589690405,98416.00498503319,1.196455439003208,339.3505985356278
11.05,246.11004666276156,47.030381741833935,19.362406725007084,-41.608193543834545,0.0,0.0,0.0,0.0,65.71150105535881,286.550284696692,98403.1330606923,1.1963287249950847,339.3463760099106
11.1,246.96736604824628,-5.351255822625415,28.48822799863251,9.334220214043548,0.0,0.0,0.0,0.0,30.452302710723057,286.54471212068637,98393.07542552368,1.1962297132637125,339.34307634006655
11.15,250.02494341660457,-10.946087694417562,14.217723289119045,24.03390534515027,0.0,0.0,0.0,0.0,29.993150842808767,286.52483786779203,98357.21226021345,1.1958766450025757,339.33130800727713
11.2,257.0516136060502,-62.39508155368831,-40.52855399455016,-116.35967463977731,0.0,0.0,0.0,0.0,138.11330049367228,286.47916451156067,98274.83462624748,1.195065554997638,339.3042614560874
11.25,263.8391385772832,-96.45147144519986,-82.73966333913854,-28.32030515167662,0.0,0.0,0.0,0.0,130.19515320203848,286.43504559924764,98195.31368341579,1.1942824692540284,339.2781333581191
11.3,261.2854636768211,-79.78348005906011,-28.31133922299263,35.95821493279669,0.0,0.0,0.0,0.0,91.97787146964755,286.45164448610063,98225.225782873,1.1945770440309202,339.28796378537993
11.35,258.63582784788133,-42.6716640229526,-24.22963478549001,-14.15087654551231,0.0,0.0,0.0,0.0,51.07047502552042,286.4688671189887,98256.26970552052,1.1948827469707262,339.29816331525876
11.4,260.31771286819713,5.809764623239825,-16.00991212867381,-50.80865526720188,0.0,0.0,0.0,0.0,53.587219571523455,286.4579348663567,98236.56331883228,1.194688691784067,339.29168908881746
11.45,257.77130944086156,-48.58542119520331,7.767160273900858,-6.713410097979865,0.0,0.0,0.0,0.0,49.65825013609957,286.4744864886344,98266.40037948974,1.1949825041239304,339.3014911331624
11.5,257.0279355493521,-47.66835963465615,-52.615239897029475,-56.58535540149743,0.0,0.0,0.0,0.0,90.78842671615503,286.4793184189292,98275.11212367231,1.1950682874537644,339.3043525995726
11.55,254.38829183739088,-28.900800067036975,-7.97419246882788,-23.193072136851004,0.0,0.0,0.0,0.0,37.90465123424736,286.4964761030569,98306.05167837668,1.1953729332410359,339.3145131755131
11.6,251.09753592251514,-13.2558329524837,24.64460722584322,32.29620181984379,0.0,0.0,0.0,0.0,42.73310689112503,286.5178660165036,98344.63403602706,1.1957528081978614,339.3271796011223
11.65,248.79212291581078,17.062805963030513,-90.3036790635528,-37.97152602923536,0.0,0.0,0.0,0.0,99.43706848421304,286.5328512010472,98371.67107698169,1.196018993144913,339.33605306858396
11.7,248.45389793647726,-109.43727980376842,5.359691203318479,-32.030252553097924,0.0,0.0,0.0,0.0,114.154200883097,286.53504966341285,98375.63816212602,1.1960580487016117,339.33735486715244
11.75,250.88311248248678,-7.185920126453985,53.377635503880235,-12.592846083691215,0.0,0.0,0.0,0.0,55.31174552060719,286.51925976886383,98347.14846191721,1.1957775637988435,339.32800492048
11.8,251.6669619321495,-42.96535499512182,14.460640874636846,10.533073896263488,0.0,0.0,0.0,0.0,46.54113782522087,286.514164747441,98337.9569426906,1.1956870687665686,339.32498786127456
11.85,251.7310014531081,-59.937933261912406,-29.930411214500722,-3.5872915365051954,0.0,0.0,0.0,0.0,67.09138558523335,286.51374849055475,98337.20603778781,1.1956796756669839,339.3247413701206
11.9,252.41581157766421,31.94358085471841,-0.2717910700630888,-51.68053497758112,0.0,0.0,0.0,0.0,60.756431131006075,286.5092972247452,98329.17648537236,1.1956006193381923,339.3221054922717
11.95,252.6436251823909,4.765686404400597,28.752488003758767,27.818330980212654,0.0,0.0,0.0,0.0,40.289910298188055,286.50781643631444,98326.50543740972,1.195574320807332,339.3212286186375
12.0,253.0149980596107,19.84698154755457,-14.541896826542816,-39.56951060090873,0.0,0.0,0.0,0.0,46.59523161288305,286.50540251261253,98322.15132486937,1.195531450913978,339.3197991684888
12.05,254.04365055835024,-25.466212173484873,9.200861522555778,5.800818300247295,0.0,0.0,0.0,0.0,27.69175523824159,286.4987162713707,98310.09183882814,1.195412713263954,339.31583975402
12.1,254.1667639245255,36.10105425416628,2.1830454848935137,-42.80408016830734,0.0,0.0,0.0,0.0,56.03785403552007,286.4979160344906,98308.64859014306,1.1953985028576637,339.3153658718991
12.15,254.03734451211142,56.087452262597644,42.394272619727204,11.804047417570535,0.0,0.0,0.0,0.0,71.29103862128237,286.49875726067125,98310.1657645934,1.1954134411451767,339.31586402693574
12.2,254.02550321686923,-19.46018229130922,19.499526611061572,-18.780693036657897,0.0,0.0,0.0,0.0,33.34133566316223,286.49883422909033,98310.30458019132,1.1954148079385531,339.3159096058488
12.25,253.90940948038997,-1.0410521034583136,-17.135293485538547,-12.613710272370946,0.0,0.0,0.0,0.0,21.30276412001436,286.49958883837746,98311.6655563902,1.1954282082378191,339.3163564676462
12.3,253.53004480337168,-23.54564266296444,-6.56917779559173,-1.260458966716412,0.0,0.0,0.0,0.0,24.477339359678826,286.5020547087781,98316.1129853553,1.195471997794306,339.3178166937549
12.35,253.0040387625311,-13.102959237599958,-16.722219215278997,8.957713638512926,0.0,0.0,0.0,0.0,23.05560213691355,286.5054737480435,98322.27981347336,1.1955327159973261,339.31984135197024
12.4,253.46606627241187,-0.754439420141893,-20.323518511091354,-19.810178619692053,0.0,0.0,0.0,0.0,28.391156377531388,286.5024705692293,98316.86304480796,1.195479382871358,339.318062955181
12.45,252.64616580629345,-25.550658642578213,-12.512921170347152,-33.27946785067176,0.0,0.0,0.0,0.0,43.78278581484707,286.5077999222591,98326.47564966796,1.1955740275232338,339.32121883955074
12.5,253.52980520207126,-1.1861103225273646,-0.9913303734590652,2.1013229082699976,0.0,0.0,0.0,0.0,2.6086685437917825,286.5020562661865,98316.11579433928,1.1954720254515512,339.3178176160108
12.55,253.20959044402323,-3.5236988099586686,-10.628286653883174,-10.78746855524312,0.0,0.0,0.0,0.0,15.54819630474141,286.5041376621138,98319.86991434361,1.1955089883678358,339.31905016116275
12.6,252.64553033522068,-11.362311591578667,-11.43109534257106,7.617359827271905,0.0,0.0,0.0,0.0,17.826840330614075,286.50780405282103,98326.48310029705,1.195574100880627,339.3212212855353
12.65,252.66696961094598,-18.19338171651538,-18.96660765832259,-10.588150567416177,0.0,0.0,0.0,0.0,28.33443623553948,286.5076646975288,98326.23173412333,1.195571625979335,339.32113876384994
12.7,252.3550196104099,-16.3806097608632,-7.8175821179032425,3.404214585366966,0.0,0.0,0.0,0.0,18.466933780437742,286.5096923725323,98329.88926335984,1.1956076371652011,339.3223394852593
12.75,252.17722802371154,2.683583513595699,-1.525800914870122,-0.8708813541579582,0.0,0.0,0.0,0.0,3.207510442583334,286.51084801784583,98331.9738708291,1.195628161613577,339.32302381791266
12.8,252.2277464520172,-8.533752467607531,0.9602267983068348,11.31968200927957,0.0,0.0,0.0,0.0,14.208524465045334,286.51051964806186,98331.38153830088,1.1956223296854924,339.32282936897514
12.85,252.1210707828422,-72.15952231585455,-25.27174632779988,-11.941469587227754,0.0,0.0,0.0,0.0,77.38382595356514,286.5112130399115,98332.63232226735,1.1956346445207375,339.3232399709004
12.9,251.436419706893,-24.46816297367056,9.676582480492225,-14.477452265055879,0.0,0.0,0.0,0.0,30.032047414301335,286.51566327190517,98340.66023819598,1.195713684208847,339.32587522775293
12.95,251.4595216656446,6.081074513066991,-3.530765172563616,-1.04371182978086,0.0,0.0,0.0,0.0,7.108804704089544,286.5155131091733,98340.38934618652,1.195711017133175,339.325786307471
13.0,251.38963353916145,-17.21671024947571,-1.3686042555423847,-7.474611679124417,0.0,0.0,0.0,0.0,18.81908630025363,286.51596738199544,98341.20885149283,1.195719085593776,339.32605530934774
13.05,250.73599589806577,-12.09011223558233,2.6672647704311605,-3.2857900181913124,0.0,0.0,0.0,0.0,12.80943134054773,286.5202160266625,98348.87364739587,1.1957945489199213,339.3285711734791
13.1,250.91471373629295,-17.7702021828345,-14.87341525311408,-4.046211485616517,0.0,0.0,0.0,0.0,23.523826098165188,286.51905436071405,98346.77788810295,1.1957739153483198,339.32788328685893
13.15,250.38636225884005,-27.360879789460764,-17.841515085081827,-7.665226743189232,0.0,0.0,0.0,0.0,33.551350262083766,286.52248864531754,98352.97377889736,1.195834916079538,339.3299169125731
13.2,250.2436402125762,-26.450384775979394,-18.388052976742642,-7.432371895143377,0.0,0.0,0.0,0.0,33.06030095235937,286.52341633861823,98354.64751105882,1.1958513944378462,339.3304662478754
13.25,250.07911196174913,-23.2092161700151,-29.492477426795986,-14.248555309392719,0.0,0.0,0.0,0.0,40.143433689725455,286.5244857722486,98356.57699789434,1.1958703907057981,339.33109951387235
13.3,250.04110492906753,-6.834998331818157,-26.28291385484429,-16.63735834977308,0.0,0.0,0.0,0.0,31.848241015099827,286.524732817961,98357.02272551767,1.1958747789927553,339.33124580202457
13.35,249.01597538440188,-9.304339570459062,-12.999150047606063,-11.022180151371996,0.0,0.0,0.0,0.0,19.417442985416123,286.53139616000135,98369.04555325663,1.1959931449614942,339.3351914771289
13.4,248.888957217911,-5.578141998259373,-12.181093554566003,-7.9163433958135965,0.0,0.0,0.0,0.0,15.561593784001563,286.53222177808357,98370.53531860454,1.196007811662043,339.3356803608463
13.45,248.7175415670985,-9.22797673568947,-3.2978617977848264,-12.74058978033856,0.0,0.0,0.0,0.0,16.073396499264927,286.53333597981384,98372.54584026983,1.1960276051277972,339.3363401261465
13.5,248.6778127770815,-6.681648163564835,-4.302535715211783,-11.136903553626269,0.0,0.0,0.0,0.0,13.68162477650647,286.5335942169489,98373.01182109959,1.1960321926702573,339.33649303893804
13.55,248.06575377658643,-5.822655640293392,-2.232335572940924,-7.669297165912548,0.0,0.0,0.0,0.0,9.884571808365408,286.53757260045217,98380.19091552011,1.1961028697344138,339.33884879415695
13.6,248.36804330078712,1.9715242567095468,-3.352814843329028,-11.170181871168806,0.0,0.0,0.0,0.0,11.827985386507283,286.53560771854484,98376.64518302365,1.1960679626740005,339.3376853133934
13.65,248.3495512827097,3.206689416088546,-4.504338802957269,-9.718522559724788,0.0,0.0,0.0,0.0,11.181306086811167,286.5357279166624,98376.86208386191,1.1960700980282735,339.33775648735156
13.7,248.39848739907134,-7.532114738707419,-11.748323479052589,-5.580561751295222,0.0,0.0,0.0,0.0,15.029921039896752,286.535409831906,98376.28809193667,1.1960644471670634,339.337568137022
13.75,247.63368409498676,-12.10767093313564,-14.883555572474531,-9.440041664078786,0.0,0.0,0.0,0.0,21.382944337101442,286.5403810533826,98385.25909584796,1.1961527645878707,339.3405117782474
13.8,247.48320376235674,-5.4206992425935905,-1.5019931738011019,0.9284634947221007,0.0,0.0,0.0,0.0,5.701053256533515,286.54135917554464,98387.02428081894,1.1961701422378002,339.34109095698403
13.85,247.18669764741392,-6.7702026096920385,-16.070013526089785,0.3057247812881789,0.0,0.0,0.0,0.0,17.440597631586,286.54328646529177,98390.50247243297,1.1962043836860436,339.34223216659433
13.9,247.18833074063087,-9.961089445035302,1.1580261780784749,1.9357236104880802,0.0,0.0,0.0,0.0,10.213292978139311,286.54327585018586,98390.48331501361,1.1962041950893063,339.34222588106275
13.95,247.50712079289318,-8.790446824296104,-5.987527966844607,0.7633256636051668,0.0,0.0,0.0,0.0,10.663259942120986,286.5412037148462,98386.74372428347,1.1961673802574182,339.34099890358846
14.0,247.38462617665598,-31.7941584339917,7.513567798332854,9.986293618156193,0.0,0.0,0.0,0.0,34.162088223847455,286.5419999298517,98388.18064299416,1.196181526200749,339.34147036843217
14.05,246.91637595406038,-5.287553338654024,1.9452823630375735,6.14048343167957,0.0,0.0,0.0,0.0,8.333539497463708,286.5450435562986,98393.67359210287,1.1962356019293192,339.34327259276813
14.1,246.71660863469705,-2.095991142658781,-4.159836365226427,-1.9797568890641117,0.0,0.0,0.0,0.0,5.061309592917735,286.54634204387446,98396.0170978828,1.1962586725640163,339.34404146407496
14.15,246.09699202666232,0.6850644499335002,15.434024329753267,-3.989613859296781,0.0,0.0,0.0,0.0,15.956047100026732,286.5503695518267,98403.28621748049,1.1963302327221816,339.3464262546353
14.2,245.80522224894048,4.223843455414837,2.660896276968627,-9.308019381097106,0.0,0.0,0.0,0.0,10.56221791725183,286.5522660553819,98406.70930635215,1.1963639306474578,339.3475492171357
14.25,245.57423123403487,-16.191822777236784,-8.256331343002307,-1.41494434914706,0.0,0.0,0.0,0.0,18.230309915250192,286.55376749697876,98409.41939761369,1.1963906094497865,339.3484382519107
14.3,245.38162635033927,-5.134829585070525,-0.4586322762748204,-9.960553752503092,0.0,0.0,0.0,0.0,11.21558957385032,286.55501942872274,98411.67917159347,1.1964128551115947,339.3491795449354
14.35,245.49330917449228,-6.08367503309931,-2.201234703048171,-6.047772495263066,0.0,0.0,0.0,0.0,8.856189264052565,286.55429349036575,98410.3688261808,1.1963999558241394,339.34874970297636
14.4,244.93033909638845,-7.580107707058644,3.230218191790311,0.955710007899613,0.0,0.0,0.0,0.0,8.294921581086973,286.55795279587346,98416.97415098673,1.1964649795548898,339.3509164420772
14.45,244.31529292980204,-14.399319072189444,11.876106847984737,12.755958134508152,0.0,0.0,0.0,0.0,22.60744946995997,286.56195059595626,98424.19089459199,1.1965360212276877,339.35328359395163
14.5,244.27743929657538,-7.412748468462026,-3.1354467241541597,3.325529963356833,0.0,0.0,0.0,0.0,8.708559901262623,286.5621966445722,98424.6350703133,1.1965403936641117,339.3534292821486
14.55,244.3022121427406,-12.505376107880187,-2.2817191645967423,3.1948766304191896,0.0,0.0,0.0,0.0,13.107170199140137,286.56203562107214,98424.34438477464,1.1965375321753187,339.3533339383014
14.6,243.9027758367881,-7.838459972670243,-1.6559394620889092,1.6946120698718423,0.0,0.0,0.0,0.0,8.188730079359816,286.56463195706084,98429.03147065685,1.1965836713358524,339.3548712551273
14.65,243.90585273081967,-7.423571709136301,-3.9505205369251772,3.3249160080568063,0.0,0.0,0.0,0.0,9.042737190363814,286.56461195724967,98428.99536491923,1.19658331591652,339.35485941306325
14.7,244.16969974947662,-7.230176818006449,-6.3988080986859,0.9564567310298818,0.0,0.0,0.0,0.0,9.702319896899839,286.5628969516284,98425.89929842758,1.1965528386215067,339.35384394161633
14.75,243.46193250229516,-7.162042185945322,-6.51059816963184,1.5866058644871748,0.0,0.0,0.0,0.0,9.80816267039342,286.5674974387351,98434.20464681691,1.1966345950305943,339.3565679277542
14.8,243.73407750173533,-7.386667878786564,-5.856988033175621,1.0228871728974185,0.0,0.0,0.0,0.0,9.482271317608333,286.5657284962387,98431.01107355264,1.196603158204577,339.3555205249849
14.85,243.58633041137895,-8.175387371385252,-6.346721311192332,3.616992759031551,0.0,0.0,0.0,0.0,10.96359734270805,286.566688852326,98432.74484902348,1.1966202251293714,339.35608915869517
14.9,243.24853699426018,-9.109535375117176,-0.17509726731892372,3.132334308634374,0.0,0.0,0.0,0.0,9.634615302365827,286.56888450953727,98436.70886391442,1.1966592458518495,339.3573892194595
14.95,242.65858927430364,-10.977729367814188,3.4670353819313124,1.2520492162705468,0.0,0.0,0.0,0.0,11.580090830926041,286.572719169717,98443.63222638826,1.1967273968983756,339.35965973099127
15.0,242.1343021147001,-12.02510167256793,0.5617069247958636,-0.5960050069099729,0.0,0.0,0.0,0.0,12.052958428254096,286.57612703625443,98449.78535681091,1.1967879652970888,339.3616775242302
15.05,242.0324985348141,-11.989512519640545,-3.51840845784695,-2.5244490018879167,0.0,0.0,0.0,0.0,12.747566485333554,286.5767887595237,98450.98017843235,1.196799726451745,339.3620693283057
15.1,241.77104577293198,-9.935525501136782,-4.487745116665102,-2.0954214875163535,0.0,0.0,0.0,0.0,11.101590625952483,286.5784882024759,98454.0487826043,1.1968299319476272,339.36307556056977
15.15,241.8191591147044,-6.202191975749041,-2.6102419098528467,-0.3898799896367061,0.0,0.0,0.0,0.0,6.740367537331859,286.5781754657544,98453.4840828074,1.1968243733955408,339.36289039083624
15.2,241.45887592259547,-6.305985786203406,-2.3449737830062816,-2.9410999283336627,0.0,0.0,0.0,0.0,7.342644453276385,286.5805173065031,98457.71274170637,1.196865997525141,339.36427697971453
15.25,241.60008445561806,-6.945094037751385,-0.8824212971592407,-5.057016385134816,0.0,0.0,0.0,0.0,8.63634258574844,286.57959945103846,98456.05535372208,1.1968496833313247,339.36373352405946
15.3,240.98445851179426,-9.688126426482407,-2.4711841312322296,-7.953351907463503,0.0,0.0,0.0,0.0,12.775850313380872,286.5836010196733,98463.28122303668,1.196920809464352,339.36610281785084
15.35,241.46196682825382,-9.702805612651217,-2.734037901224852,-1.8260721148883847,0.0,0.0,0.0,0.0,10.244702990863273,286.58049721561633,98457.67646299195,1.196865640422847,339.3642650840535
15.4,241.40948108771585,-9.290620682079515,-8.363641576314643,2.0083027259298727,0.0,0.0,0.0,0.0,12.660940443518399,286.5808383729298,98458.29250241339,1.1968717042807024,339.3644670806437
15.45,240.86912730632196,-10.5112347961085,-9.086566647191928,2.438337087201959,0.0,0.0,0.0,0.0,14.106638087212962,286.5843506725089,98464.63496328765,1.1969341345753983,339.3665466788987
15.5,240.37140174972217,-10.283045042770697,-6.359443193291489,2.0781662266016383,0.0,0.0,0.0,0.0,12.26793821087065,286.5875858886268,98470.47736347828,1.1969916419812816,339.3684622074692
15.55,239.69307550749247,-9.000533049909883,-4.689475742108718,6.59352344727787,0.0,0.0,0.0,0.0,12.102699259592848,286.5919950092013,98478.44014189337,1.1970700194645396,339.3710727718963
15.6,238.8996389943873,-10.83468954739266,-6.70175918625197,-1.6631539531672168,0.0,0.0,0.0,0.0,12.847963062323466,286.59715234653646,98487.75484555338,1.1971617023932146,339.3741263171113
15.65,238.6898255326174,-7.624447659184798,-5.156789123797364,19.8157478867754,0.0,0.0,0.0,0.0,21.849222880624545,286.59851613403794,98490.21811113016,1.197185947591035,339.37493378089346
15.7,239.04874753200303,-11.171092842391959,-5.124401183401279,4.890706939718524,0.0,0.0,0.0,0.0,13.227691300903428,286.59618314104193,98486.00430217787,1.1971444722400473,339.3735524740997
15.75,238.34623300041773,-13.79685509219219,-3.48699740604218,-3.7996731252636238,0.0,0.0,0.0,0.0,14.72921848583777,286.60074948549726,98494.25208614353,1.197225652570208,339.37625608715877
15.8,238.22007027931704,-11.772967906035122,-5.8467238276280895,-0.9847497382184351,0.0,0.0,0.0,0.0,13.181679895977156,286.60156954318444,98495.73334302528,1.1972402319764142,339.37674161957466
15.85,237.8927117257549,-9.386304203622366,-9.319624929840126,-5.373417910044176,0.0,0.0,0.0,0.0,14.276965205246526,286.60369737378255,98499.57689300146,1.197278062273698,339.3780014432314
15.9,237.46357615742477,-8.142705655099864,-5.064273535089518,-0.301962101439768,0.0,0.0,0.0,0.0,9.593836716064605,286.60648675497674,98504.61560118549,1.1973276555389174,339.3796529437534
15.95,237.59042165806835,-9.634318585976256,-4.461837834525785,-1.5674065937864747,0.0,0.0,0.0,0.0,10.732420738488527,286.6056622592225,98503.12621919617,1.1973129964119902,339.3791647878723
16.0,237.07154860353083,-8.777429427715933,-5.835354773119654,-0.788844460585962,0.0,0.0,0.0,0.0,10.569621954909321,286.60903493407704,98509.21878692126,1.197372961771585,339.38116162945397
16.05,236.9989983086466,-7.668642940805781,-6.099064503055047,3.0659918256373118,0.0,0.0,0.0,0.0,10.266790065101715,286.60950651099375,98510.07069125019,1.197381346480485,339.38144083254326
16.1,236.95521156117076,-11.433048045050608,-9.336482212151175,0.7237670446223134,0.0,0.0,0.0,0.0,14.778644269117928,286.6097911248524,98510.58484945206,1.1973864069796722,339.3816093416737
16.15,236.9797241210956,-10.604205511104842,-8.594695395637798,1.2925372517357798,0.0,0.0,0.0,0.0,13.710894063213695,286.6096317932129,98510.29701474909,1.1973835740248409,339.38151500743004
16.2,236.94608140401928,-8.092497495282451,-6.105823134446214,-3.4142242789083297,0.0,0.0,0.0,0.0,10.697033200237271,286.6098504708739,98510.69205899475,1.1973874621675038,339.381644478204
16.25,237.23348567143398,-8.329108823240965,-6.239819578309689,-6.221706064359641,0.0,0.0,0.0,0.0,12.12514035013768,286.60798234313563,98507.31730149992,1.1973542467074776,339.3805384288202
16.3,236.93036086183858,-16.387526186666197,-14.416580475197728,-7.022001520145171,0.0,0.0,0.0,0.0,22.928090030908457,286.609952654398,98510.87665539653,1.197389279019037,339.3817049771878
16.35,237.03217359848756,-15.835186533551253,-12.355904608081193,-2.065401570683708,0.0,0.0,0.0,0.0,20.191270264263903,286.6092908716098,98509.68113767529,1.1973775123740518,339.38131316054194
16.4,236.17687748684816,-9.131755800983699,-7.0836299008775985,-1.9756690721420649,0.0,0.0,0.0,0.0,11.724762038695083,286.6148502963355,98519.7246634158,1.1974763629305587,339.3846046723221
16.45,236.05949059082388,-7.323134361206204,-6.734604251269081,-3.843055198356858,0.0,0.0,0.0,0.0,10.665470667115834,286.6156133111596,98521.10317272878,1.1974899303682613,339.3850564202197
16.5,235.51878857809416,-13.224837222225604,-7.607684130015631,0.1889007348903653,0.0,0.0,0.0,0.0,15.25807526734934,286.61912787424234,98527.4529993066,1.1975524255816286,339.3871372324263
16.55,235.71343625988655,-14.293009113980263,-10.851390347414474,2.298885946846624,0.0,0.0,0.0,0.0,18.09219883267072,286.61786266431073,98525.167082785,1.1975299276002365,339.3863881609081
16.6,235.50952890108286,-10.475906322536966,-11.815361202954199,1.189944519332919,0.0,0.0,0.0,0.0,15.835508883327233,286.61918806214294,98527.5617447937,1.1975534958518095,339.3871728668209
16.65,235.07924500696924,-11.172338878365062,-11.18136150437025,-0.6246934045606094,0.0,0.0,0.0,0.0,15.818793979129445,286.6219849074547,98532.61509860937,1.1976032305772637,339.3888287418412
16.7,234.67977948080627,-8.424416034338522,-8.495048824928634,-1.320301843978409,0.0,0.0,0.0,0.0,12.03660404834994,286.6245814333747,98537.30670222368,1.1976494045502093,339.39036601033666
16.75,234.416150309158,-10.962005454492642,-9.956698994701744,0.19378967757637555,0.0,0.0,0.0,0.0,14.810096991395982,286.62629502299046,98540.40304739574,1.1976798780290034,339.3913805341691
16.8,234.79176647565765,-7.3773970167195,-7.629572620212726,0.068069763936249,0.0,0.0,0.0,0.0,10.613246374326932,286.62385351790823,98535.99143008066,1.197636459905398,339.38993504999786
16.85,234.71854494441428,-5.69877844828566,-9.73500192294373,10.104362089899322,0.0,0.0,0.0,0.0,15.144123331713786,286.6243294578613,98536.8514054758,1.197644923614592,339.3902168289928
16.9,234.58237879386948,-1.3693279898833148,-5.6504164152288965,10.594767999179311,0.0,0.0,0.0,0.0,12.085171648172814,286.62521453783984,98538.45067170792,1.197660663241857,339.3907408376394
16.95,234.7836880223297,1.3761127173338012,-10.365080428952457,5.37154097293276,0.0,0.0,0.0,0.0,11.75508532224911,286.62390602785484,98536.0863099491,1.1976373936951463,339.38996613838486
17.0,235.157829455818,2.104973399245899,-9.336577762997939,7.033279453769682,0.0,0.0,0.0,0.0,11.877273138682092,286.62147410853714,98531.6921689578,1.19759414720977,339.3885263234422
17.05,235.01080437884164,1.8072850919998107,-7.36894361691907,5.220631131628131,0.0,0.0,0.0,0.0,9.209918503744856,286.6224297715375,98533.41890055947,1.197611141490431,339.3890921233147
17.1,234.35712260738674,4.100381307308882,-4.778740270995246,3.2454281523274116,0.0,0.0,0.0,0.0,7.0839458873483165,286.62667870305194,98541.0963431493,1.1976867012528287,339.39160768998914
17.15,233.53094043992579,-4.471784912532558,-6.277286967527638,-4.198908526579224,0.0,0.0,0.0,0.0,8.776788979531515,286.63204888714046,98550.80048273085,1.1977822057348035,339.3947870640843
17.2,233.66488240233474,-1.9779288984681982,-4.9932233387285025,-5.666529733031295,0.0,0.0,0.0,0.0,7.807306914240426,286.6311782643848,98549.22717968664,1.1977667220011248,339.3942716209399
17.25,233.51881911012714,-5.146232435348767,-0.767285339545983,-8.89164696866099,0.0,0.0,0.0,0.0,10.302127007866678,286.63212767578415,98550.94286275239,1.19778360697196,339.39483371004246
17.3,232.99141857314837,-1.2754521080334102,-3.1224096565404946,-4.739587110060784,0.0,0.0,0.0,0.0,5.8172077594838,286.6355557792745,98557.13799613317,1.1978445761857799,339.3968632751591
17.35,232.7943410110599,-9.011224941192175,-4.782563938761867,-2.232708046376686,0.0,0.0,0.0,0.0,10.443183326431866,286.63683678342807,98559.45305723422,1.1978673596009477,339.39762167427784
17.4,232.68714200395613,-5.133815686458644,-8.57289858369461,-3.337230296032398,0.0,0.0,0.0,0.0,10.53507283684353,286.63753357697425,98560.71233755372,1.1978797526247584,339.398034199638
17.45,231.80008243602623,-3.2645088710726147,-8.586469995947855,-4.6818261515078134,0.0,0.0,0.0,0.0,10.310382207928425,286.6432994641658,98571.13323866142,1.1979823072487428,339.40144778074284
17.5,231.84013909687087,-2.7798637202586933,-10.018252003309643,-3.7741261439243012,0.0,0.0,0.0,0.0,11.060607743486843,286.64303909587034,98570.66264618078,1.1979776760780856,339.4012936355096
17.55,231.79472790380976,-2.780246836444073,-9.552466260450668,-8.894217671596106,0.0,0.0,0.0,0.0,13.344905099637769,286.6433342686252,98571.19614475656,1.1979829263166708,339.4014683859403
17.6,231.49714708274956,-2.8529214341409093,-9.874593315309657,-7.714069688983942,0.0,0.0,0.0,0.0,12.851211033153241,286.6452685439621,98574.69223374162,1.1980173317129335,339.40261352818436
17.65,231.22734493837737,-2.7709494967116646,-10.881623480949349,-6.483271110265365,0.0,0.0,0.0,0.0,12.966136470964523,286.6470222579005,98577.8620553951,1.1980485260758231,339.4036517699574
17.7,230.98918948741579,-2.0844830128406504,-9.433701660542122,-2.2070017325684885,0.0,0.0,0.0,0.0,9.910128813415936,286.64857026833175,98580.66013845259,1.1980760619832473,339.40456822755715
17.75,230.98367129031422,-1.3808352132363975,-9.990373228392079,-5.389463301724772,0.0,0.0,0.0,0.0,11.435059151981894,286.64860613661295,98580.72497238914,1.1980767000116068,339.40458946237106
17.8,230.72237151910167,-3.266511102719758,-8.603012745729536,-2.36768113654395,0.0,0.0,0.0,0.0,9.501991215093938,286.6503045851258,98583.795053171,1.1981069124710526,339.4055949798478
17.85,230.26485509012855,-0.8954960436641474,-9.553290751711023,-0.18563495236465616,0.0,0.0,0.0,0.0,9.596965024760948,286.65327844191415,98589.17072230972,1.198159813640031,339.4073555588506
17.9,230.2127031793187,-2.1465952231239096,-8.940556220291253,-0.03789772355749657,0.0,0.0,0.0,0.0,9.194718745974662,286.6536174293344,98589.78350535843,1.1981658439129979,339.4075562451824
17.95,230.26985423798922,-1.0691344023432303,-8.848142637855872,2.5930308035073875,0.0,0.0,0.0,0.0,9.28205178061699,286.65324594745306,98589.11198266677,1.1981592355948139,339.40733632156946
18.0,229.93931252608277,-2.4419987840880726,-10.039038144068684,1.0421455776471922,0.0,0.0,0.0,0.0,10.384204944268156,286.6553944685804,98592.99588601702,1.1981974561790154,339.4086082807689
18.05,229.77801274146566,-1.990916227923585,-9.566541262127418,0.3042955882307931,0.0,0.0,0.0,0.0,9.776249534029532,286.65644291718047,98594.89122212515,1.198216107634221,339.4092289775387
18.1,229.39542791040162,-1.6230314430146462,-6.265911913043231,-0.3387214730134904,0.0,0.0,0.0,0.0,6.48155964281065,286.6589297185824,98599.38686281447,1.198260347662956,339.41070119547896
18.15,229.48807981523163,-4.254462621580268,-7.148824919965951,-7.444519626315917,0.0,0.0,0.0,0.0,11.163647361026445,286.65832748120096,98598.29812257522,1.1982496337860091,339.4103446639042
18.2,229.12291316967728,-2.1125380074049875,-6.232003750089336,-2.602267710473315,0.0,0.0,0.0,0.0,7.076191405751417,286.6607010643971,98602.58920379571,1.198291860547237,339.41174985075173
18.25,229.27860824948021,-2.7823577392067667,-6.907220854777108,-3.6951565261673087,0.0,0.0,0.0,0.0,8.312965552585217,286.65968904637833,98600.75960902324,1.198273856302117,339.411150725883
18.3,228.6220669351174,-4.813333933686818,-8.637293627318785,-2.385074345823465,0.0,0.0,0.0,0.0,10.171509445348214,286.6639565649217,98608.47490476415,1.198349778735333,339.4136771327064
18.35,228.86709876779588,-7.30278932715073,-10.709644499772587,0.12442418074588013,0.0,0.0,0.0,0.0,12.96312842816155,286.6623638580093,98605.59537448773,1.198321442825408,339.41273423903556
18.4,228.51220163175654,-5.212173080530883,-8.348669639606582,1.1182347191465223,0.0,0.0,0.0,0.0,9.905426889327092,286.6646706893936,98609.76602633533,1.198362483917716,339.4140998985555
18.45,228.1752982277019,-3.4903871392258776,-8.533966602823291,1.8831345090014706,0.0,0.0,0.0,0.0,9.410503915241145,286.6668605615199,98613.7253530386,1.19840144516986,339.4153963123329
18.5,228.26012240690457,-5.1444304563593235,-8.716560643674734,1.9937018898988799,0.0,0.0,0.0,0.0,10.315931436422163,286.6663092043551,98612.72847761778,1.1983916355717794,339.41506990697127
18.55,227.60971895597424,-4.728880324632586,-9.022704026561826,1.306099821331676,0.0,0.0,0.0,0.0,10.270218781453236,286.67053682678613,98620.37239370284,1.198466853861032,339.417572666149
18.6,227.88792903334166,-5.226420758287663,-9.937583954871018,3.190227832997503,0.0,0.0,0.0,0.0,11.672557664419655,286.66872846128325,98617.10264986468,1.1984346787956217,339.41650211316465
18.65,227.31291300861105,-1.5112175166433461,-7.610577866780469,2.265269865107434,0.0,0.0,0.0,0.0,8.083076234374033,286.672466065444,98623.86078762592,1.1985011802720666,339.41871477235895
18.7,227.19746995494816,-1.9595414400378173,-6.871508926517177,0.33676185979312484,0.0,0.0,0.0,0.0,7.1533800495040145,286.67321644529284,98625.21762990211,1.1985145317768082,339.4191589949952
18.75,227.02422227186327,-4.571757461041836,-5.561757750577068,-0.8691971314192904,0.0,0.0,0.0,0.0,7.251870049301995,286.67434255523284,98627.253898413,1.198534568858623,339.4198256476357
18.8,227.07973306337075,-10.06188051615413,-7.175333029984408,-5.015682230761187,0.0,0.0,0.0,0.0,13.33731276729015,286.6739817350881,98626.60144802023,1.1985281486913513,339.41961204367647
18.85,226.4362765246804,-7.598109696497053,-7.729966797695905,-3.279967567853739,0.0,0.0,0.0,0.0,11.324391590706142,286.6781642025895,98634.1645788945,1.1986025700453675,339.42208803802777
18.9,226.8058283617862,-3.1581588047841125,-8.560576206667495,-5.872460093796419,0.0,0.0,0.0,0.0,10.850954777328514,286.67576211564835,98629.82084209504,1.1985598277240082,339.42066601993406
18.95,226.41424571709618,-3.903575787316846,-10.141490237320658,-3.9201703880603858,0.0,0.0,0.0,0.0,11.552292587725697,286.67830740283887,98634.42353536033,1.198605118162773,339.42217281135134
19.0,226.38709343308457,-1.402454086678055,-10.112388868061801,-2.094081715443856,0.0,0.0,0.0,0.0,10.42173038967601,286.67848389268494,98634.74269189435,1.1986082586437938,339.4222772918026
19.05,225.99276258758704,-5.94098648781153,-10.663895636674969,-3.796362295359234,0.0,0.0,0.0,0.0,12.783831869822126,286.6810470431807,98639.3778756313,1.1986538683539052,339.4237946509393
19.1,226.22473190135037,-3.8333595628637522,-8.327327103878766,-6.212955683658382,0.0,0.0,0.0,0.0,11.07428736128406,286.6795392426412,98636.65115814067,1.1986270377960564,339.42290204911075
19.15,225.66603417103192,-2.216036905131988,-7.2148378083699995,-10.785319570624752,0.0,0.0,0.0,0.0,13.16388325709756,286.6831707778883,98643.21855649116,1.1986916599321187,339.4250518752409
19.2,225.6527284499062,-5.227301167409365,-9.538058840417781,-10.050837756386251,0.0,0.0,0.0,0.0,14.80940861558187,286.6832572650756,98643.37496733351,1.1986931989794938,339.42510307447196
19.25,225.73862751457398,-4.375875690527841,-5.974024639593378,-9.071505946071326,0.0,0.0,0.0,0.0,11.710229655434976,286.68269892115524,98642.36521386901,1.1986832632252027,339.42477254237747
19.3,225.01883829874654,-3.277004096390643,-8.035515558168465,-5.447985374880088,0.0,0.0,0.0,0.0,10.246404773296623,286.68737755105815,98650.82667833392,1.1987665215953638,339.4275422184295
19.35,225.18761990006843,-3.8900329436061796,-8.681569372325626,-5.359517993115178,0.0,0.0,0.0,0.0,10.919085867753266,286.68628047064954,98648.842517614,1.198746998148037,339.42689276593853
19.4,224.5470045366068,-4.647310764249268,-7.773779513315781,-3.090752453926538,0.0,0.0,0.0,0.0,9.56984304952846,286.69044447051203,98656.37362744384,1.1988211012376353,339.42935777472854
19.45,224.0043228113827,-4.250246041262957,-9.01399460897902,-5.612752598392201,0.0,0.0,0.0,0.0,11.437643199223023,286.693971901726,98662.75378820946,1.198883878609565,339.43144593296984
19.5,224.29987389581558,-2.905711592215414,-6.098056156687657,-5.976522065033994,0.0,0.0,0.0,0.0,9.019327288722229,286.69205081967715,98659.27903343432,1.1988496889755116,339.4303086981239
19.55,223.88547628527698,-2.9973323820233344,-7.154023989601686,-5.485584513337569,0.0,0.0,0.0,0.0,9.500299895534408,286.6947444041457,98664.1510789394,1.1988976271004352,339.43190323494053
19.6,223.70835782218464,-2.8785817770816196,-7.505753544596182,-4.300876945046738,0.0,0.0,0.0,0.0,9.117023188299955,286.6958956741558,98666.23350851114,1.1989181168720233,339.4325847566391
19.65,223.2158222717305,-2.6611871203206157,-9.415845592951532,0.5877633441742633,0.0,0.0,0.0,0.0,9.802322728232326,286.69909715523374,98672.02456899789,1.1989750967610335,339.43447994240915
19.7,223.07383739340523,-4.372149548830514,-11.238363938398784,0.8740232661827934,0.0,0.0,0.0,0.0,12.090510012363826,286.70002005694283,98673.69402857096,1.1989915229298114,339.43502627201514
19.75,223.0464837015169,-2.836678976366056,-10.873425777582215,1.4509474396191424,0.0,0.0,0.0,0.0,11.330639180032339,286.70019785594013,98674.01565617244,1.1989946874862998,339.43513152348663
19.8,223.12049493960785,-0.9883181052655228,-10.500243537575335,1.49166755429427,0.0,0.0,0.0,0.0,10.651617676114856,286.69971678289255,98673.14542616828,1.1989861251196063,339.4348467431431
19.85,222.9155060355977,-2.0025855721133654,-10.720448240236756,0.7762444873442653,0.0,0.0,0.0,0.0,10.933476800604844,286.7010492107686,98675.5557171812,1.1990098404187224,339.4356354985899
19.9,222.8463671333076,-4.901851300949962,-12.917369747891096,-7.396471280067216,0.0,0.0,0.0,0.0,15.671450946776309,286.7014986136335,98676.36867376327,1.1990178392240527,339.4359015305554
19.95,222.49586975562616,1.3137825353885193,-12.590671494474915,-5.065524261244575,0.0,0.0,0.0,0.0,13.634902613269098,286.7037768465884,98680.49001369544,1.1990583895310791,339.43725016759504
20.0,222.16344749094128,2.4776664716817978,-8.005925344601911,1.1261030188709589,0.0,0.0,0.0,0.0,8.455872502429637,286.70593759130884,98684.39894534451,1.1990968496324175,339.43852925061304
20.05,222.08098942104505,-2.179294559212807,-10.2924784055601,-2.6979900605468394,0.0,0.0,0.0,0.0,10.861104311788239,286.70647356876316,98685.36858379803,1.1991063898907668,339.43884652920747
20.1,222.2520004642858,-1.6576561092907318,-8.358553014799485,1.1019189573991601,0.0,0.0,0.0,0.0,8.59229059486224,286.7053619969821,98683.3576444769,1.1990866042687793,339.43818851998253
20.15,222.0458717847332,-0.719396127433944,-6.307011343790009,-2.313573390482406,0.0,0.0,0.0,0.0,6.756370676036881,286.7067018333992,98685.78154039235,1.199110452959152,339.4389816532393
20.2,221.9951299278108,-1.526876209922638,-9.721133960371962,-6.373438813255502,0.0,0.0,0.0,0.0,11.724014617111175,286.7070316554692,98686.37822836502,1.1991163237497184,339.4391768953363
20.25,221.3236129838609,-4.545536075203906,-8.369772069214347,-6.332455349299867,0.0,0.0,0.0,0.0,11.437437363870337,286.71139651560486,98694.27506285482,1.1991940197717328,339.4417607156287
20.3,221.6201282527674,-2.0209329726451397,-5.2519667557801055,-8.26563013757104,0.0,0.0,0.0,0.0,9.999398304641455,286.709469166357,98690.78807062816,1.1991597118128268,339.4406198054144
20.35,221.05511700296472,-2.0670671851644373,-6.729232983943316,-7.735240731085149,0.0,0.0,0.0,0.0,10.458933620021355,286.7131417394807,98697.43263690486,1.1992250864389054,339.4427938119251
20.4,221.46359602885738,-0.4238971876073321,-5.766692690631693,-1.9023051089398366,0.0,0.0,0.0,0.0,6.087133819897917,286.7104866258124,98692.62886271933,1.1991778231005856,339.44122209937206
20.45,220.30664529619392,-4.771521188610206,-8.664157888572683,-3.626810808916236,0.0,0.0,0.0,0.0,10.53512235406614,286.7180068055747,98706.23526695659,1.1993116925552687,339.4456737019288
20.5,220.78033368418482,-3.2655546392729655,-9.851298537320051,-2.137441580861091,0.0,0.0,0.0,0.0,10.596253417367638,286.71492783105276,98700.66423618063,1.1992568812279698,339.4438510968569
20.55,220.3897169127677,0.08314891126488896,-8.631052442809223,-0.5505081796752409,0.0,0.0,0.0,0.0,8.648990650235259,286.717466840067,98705.2582464823,1.1993020800519392,339.4453540689837
20.6,219.76417124792826,0.7320829478323885,-10.063421572362039,-7.074752644876171,0.0,0.0,0.0,0.0,12.323170215970036,286.72153288688844,98712.61559598306,1.1993744655480032,339.4477609607314
20.65,219.43567394625623,0.061357494321636785,-14.411958542427067,-5.395958341475655,0.0,0.0,0.0,0.0,15.389109142302118,286.7236681193493,98716.47939175565,1.199412479203486,339.4490249023009
20.7,219.4035114131419,-3.6507612397169047,-11.11266768130984,-3.4009915046728474,0.0,0.0,0.0,0.0,12.181386778175316,286.72387717581455,98716.857695081,1.1994162010962397,339.4491486521134
20.75,219.0925421078433,-0.11878712904224714,-8.633140539575502,-3.2188549335884016,0.0,0.0,0.0,0.0,9.214458912034633,286.725898476299,98720.51545018348,1.199452187349467,339.45034514737245
20.8,218.8308339742057,-2.558641618856347,-9.69881178077468,-3.365694652366747,0.0,0.0,0.0,0.0,10.580240894497992,286.72759957916765,98723.59385918012,1.1994824735997731,339.4513521005331
20.85,219.06888430863805,-1.3651068876562882,-6.202458933432957,-1.0062951216621159,0.0,0.0,0.0,0.0,6.430135574583938,286.72605225199385,98720.7937279144,1.199454925131147,339.45043617369055
20.9,218.94005822307818,-4.499560987457153,-7.3517692748196755,-5.342003171689149,0.0,0.0,0.0,0.0,10.140589649343175,286.72688962154996,98722.30907150835,1.1994698335204963,339.45093184761225
20.95,218.65059176876014,-3.616005215612504,-4.6598523564477,-11.58222726815049,0.0,0.0,0.0,0.0,12.997603863571038,286.72877115350303,98725.71404951846,1.1995033325219262,339.4520456021119
21.0,218.478224912808,-2.8413664732978403,-5.1723880893085745,-4.944786750753244,0.0,0.0,0.0,0.0,7.699212816413574,286.72989153806674,98727.7416365536,1.199523280311672,339.4527088010978
21.05,217.97130682764328,-2.044158905950732,-8.742331233531708,-5.916617873478914,0.0,0.0,0.0,0.0,10.75236290730237,286.7331865056203,98733.7048144072,1.19958194674626,339.4546592124103
21.1,217.4868338713854,-3.3307563522043466,-10.091480233362637,-0.5664828680739304,0.0,0.0,0.0,0.0,10.64203054017041,286.73633557983595,98739.40422946934,1.1996380176218757,339.45652325366893
21.15,217.70918700425696,-3.1817402340925853,-10.777159813226787,0.6889210700467187,0.0,0.0,0.0,0.0,11.25811959422302,286.7348902844723,98736.78839962327,1.1996122831504301,339.45566773677666
21.2,217.28367356820937,-2.0534998525468664,-11.21243592686677,1.1715695359300475,0.0,0.0,0.0,0.0,11.458977102517572,286.7376561218066,98741.79431809163,1.1996615311431573,339.45730492312344
21.25,217.33420374971914,-1.738361346663045,-11.445942797997805,2.344056526087789,0.0,0.0,0.0,0.0,11.812116986556843,286.73732767562683,98741.19984909745,1.1996556828097382,339.4571105058843
21.3,217.16935763484298,-3.556635676005904,-13.492268425909534,1.2155452834904257,0.0,0.0,0.0,0.0,14.0060170978351,286.7383991753735,98743.13921368287,1.199674762082386,339.45774475861845
21.35,217.26264720872936,1.2707533750539728,-11.820126660489723,3.0014060176185144,0.0,0.0,0.0,0.0,12.261266104804497,286.7377927931432,98742.04168632877,1.1996639647280356,339.4573858229932
21.4,217.1161937771878,5.6211945325542665,-9.172503492868213,-3.339694567651673,0.0,0.0,0.0,0.0,11.264377839219511,286.7387447404483,98743.76467693469,1.1996809153113948,339.45794930866464
21.45,216.63935818566642,-0.42239729184563135,-10.942598215808822,-2.260686551308431,0.0,0.0,0.0,0.0,11.181662616446971,286.74184417179316,98749.37470558692,1.1997361057379696,339.4597839469626
21.5,216.3910939390779,-3.6606436039536345,-7.187109793107193,0.10559537963896742,0.0,0.0,0.0,0.0,8.06635042367644,286.743457889396,98752.29566676816,1.199764841378857,339.4607391466818
21.55,216.33906376475326,0.13440833226538962,-8.670422826043925,-5.453326858660705,0.0,0.0,0.0,0.0,10.243684464564307,286.7437960855291,98752.9078383677,1.1997708637400875,339.46093933307196
21.6,216.06633023400613,-1.930815993613979,-8.068314690982344,-3.4730358996455304,0.0,0.0,0.0,0.0,8.993760654706334,286.7455688534789,98756.11679047102,1.1998024323355856,339.46198867494365
21.65,215.7804885783431,-1.7652660837462801,-8.196251477720214,-4.015924452198545,0.0,0.0,0.0,0.0,9.296362290607112,286.74742682424073,98759.48006191949,1.1998355188636205,339.463088446826
21.7,215.51921223468148,-2.6713327924007686,-7.895216620707105,-3.31865733723524,0.0,0.0,0.0,0.0,8.971284796372853,286.74912512047456,98762.5543740109,1.1998657625367828,339.46409370088776
21.75,214.97045970019468,-4.472934318154254,-10.397939571262965,-0.785534852707695,0.0,0.0,0.0,0.0,11.346424712083397,286.75269201194874,98769.01153139112,1.1999292845080907,339.46620500256256
21.8,215.20057438733792,-0.5186014125565099,-9.083977253264614,1.7045801021393063,0.0,0.0,0.0,0.0,9.257061277076206,286.7511962664823,98766.30373599165,1.1999026467988982,339.46531964784157
21.85,214.98037339039053,-2.0767727804853795,-10.187697432203633,1.4837640996885717,0.0,0.0,0.0,0.0,10.50255778634034,286.75262757296247,98768.89487421396,1.1999281369057992,339.4661668601842
21.9,215.3419078953544,-1.4513742521110555,-9.80501125015342,2.9001707300938766,0.0,0.0,0.0,0.0,10.327425773106253,286.75027759868016,98764.64067236608,1.1998862864816686,339.46477587311114
21.95,214.58761926506853,-2.6846508222208505,-10.401488305018315,1.5813893533694077,0.0,0.0,0.0,0.0,10.858135258120244,286.75518047477703,98773.51660767487,1.1999736025087318,339.467677956825
22.0,214.57749551984185,0.24128223849270986,-7.990368708261215,3.5388746290302713,0.0,0.0,0.0,0.0,8.742301919549918,286.755246279121,98773.63574114368,1.1999747744608364,339.46771690720516
22.05,214.53508952433907,0.16415177929412494,-10.558644686573128,-5.437654314165815,0.0,0.0,0.0,0.0,11.877710548094296,286.7555219180918,98774.13476458109,1.1999796835029841,339.46788006116805
22.1,214.29165713471522,-2.594329185896906,-7.953806352640405,-10.811329181529151,0.0,0.0,0.0,0.0,13.670348133514493,286.7571042286243,98776.99945721,1.2000078642460972,339.4688166479467
22.15,213.73578227535367,-5.9784365736909475,-9.904150146213553,-1.7206217306279923,0.0,0.0,0.0,0.0,11.695915232434645,286.7607174152102,98783.54119970727,1.2000722165235191,339.47095532261744
22.2,213.51434580818218,-2.8331129135735225,-10.442860570479372,-6.977467004764214,0.0,0.0,0.0,0.0,12.874972290381953,286.76215675224677,98786.14724428066,1.200097852418851,339.47180727422034
22.25,213.3233075875745,-2.3685162605858516,-9.333875748635316,-2.1599577382559567,0.0,0.0,0.0,0.0,9.868967686575626,286.76339850068075,98788.39558227864,1.2001199694189717,339.4725422703117
22.3,213.61814499008833,-3.3044878633331436,-11.099451588378189,-1.0527778898947535,0.0,0.0,0.0,0.0,11.628663159930225,286.7614820575644,98784.92564409405,1.200085835443743,339.4714079189489
22.35,213.0159442936294,-2.92808879846735,-10.866994764172135,-0.3539714658098801,0.0,0.0,0.0,0.0,11.260132104680752,286.7653963620914,98792.01304261675,1.2001555543349758,339.4737248094964
22.4,213.2311385275035,-4.1059278720581736,-10.800187592579148,2.6227896269545408,0.0,0.0,0.0,0.0,11.848279248595766,286.7639975995712,98789.48033919337,1.2001306401863696,339.47289687888144
22.45,212.6285263987283,-0.2435527054983934,-8.986091885928372,2.3211324495614365,0.0,0.0,0.0,0.0,9.284224316070267,286.76791457840824,98796.57284485528,1.2002004087042923,339.475215342188
22.5,212.302774769523,-1.3475836780857855,-9.06508464113553,1.5195460998037196,0.0,0.0,0.0,0.0,9.289820324948334,286.77003196399806,98800.4069839667,1.2002381244850904,339.4764686180353
22.55,212.12423543656206,-0.5842874645400407,-7.723479255912495,-0.33967484881942056,0.0,0.0,0.0,0.0,7.752993142048415,286.7711924696623,98802.50846628868,1.2002587962946736,339.47715551680824
22.6,211.7483772777415,-2.9182682012651306,-7.3276194574118305,-1.087789795276532,0.0,0.0,0.0,0.0,7.962008719278285,286.77363554769465,98806.93259168715,1.200302315149076,339.4786015606169
22.65,211.57031145864005,-9.007833287206218,-7.030800840390417,-12.360851113136809,0.0,0.0,0.0,0.0,16.833415019789374,286.77479297551884,98809.02861259827,1.2003229329770124,339.4792866333258
22.7,211.49288823498296,-4.995165655132428,-3.7702055420545184,-7.116513761014912,0.0,0.0,0.0,0.0,9.476861181966727,286.77529622647256,98809.93997613988,1.2003318977169075,339.479584503299
22.75,211.2339867538896,-5.286428220408064,-3.78776661445738,-7.995834388924408,0.0,0.0,0.0,0.0,10.3066418794014,286.7769790860997,98812.98760432178,1.200361875973184,339.4805805717477
22.8,210.7085021759921,-7.202346734000879,-4.153057493681781,-7.445064374019938,0.0,0.0,0.0,0.0,11.160227083527486,286.780394735856,98819.1735179403,1.2004227237027083,339.482602253044
22.85,210.5104522719845,-6.385760293660471,-5.758166838222401,-7.865490265978505,0.0,0.0,0.0,0.0,11.653341022603666,286.7816820602321,98821.50500853697,1.2004456572182285,339.4833642014664
22.9,210.69495259045303,-3.5867840787960352,-6.631379499619703,-5.744988632693109,0.0,0.0,0.0,0.0,9.478665965506655,286.78048280816205,98819.3330254661,1.2004242926886493,339.48265438180505
22.95,210.48353862373986,-5.384967153076856,-6.3593780697491935,-2.6874870270716045,0.0,0.0,0.0,0.0,8.755692273852581,286.78185699894567,98821.82184584606,1.2004487737544183,339.48346774499385
23.0,209.87576742440518,-3.350415398317399,-8.905878036651492,-5.392648193714774,0.0,0.0,0.0,0.0,10.937120347064349,286.7858075117413,98828.9769696836,1.2005191538559776,339.4858059842024
23.05,209.5741829125698,-2.6588806639062166,-6.96392730666208,-5.942629661153283,0.0,0.0,0.0,0.0,9.533140993764171,286.78776781106825,98832.52759724762,1.2005540786118625,339.48696624500036
23.1,209.37638743939291,-0.7564411258340594,-9.365463177508031,-6.344217891013159,0.0,0.0,0.0,0.0,11.33724853545883,286.7890534816439,98834.85634738787,1.2005769845822671,339.48772720478166
23.15,209.76780047120218,-2.244428533676236,-6.905428150931141,-5.339827237116262,0.0,0.0,0.0,0.0,9.01311002444223,286.78650929693714,98830.24807892561,1.2005316567942854,339.48622135686173
23.2,209.20499188195546,-4.27234578322701,-9.839660220716176,-9.028244104155213,0.0,0.0,0.0,0.0,14.02073619161331,286.7901675527673,98836.87431336615,1.20059683354536,339.4883865972893
23.25,209.0045160763489,-0.9738262211336514,-8.723314597926764,-1.5778297470204405,0.0,0.0,0.0,0.0,8.918189378677278,286.7914706455037,98839.2347048316,1.2006200505500806,339.48915786562105
23.3,208.6419617616379,-1.5437620897680588,-9.377998451139414,-0.4530478109731777,0.0,0.0,0.0,0.0,9.515004396131715,286.79382724854935,98843.50351595347,1.2006620386597069,339.4905526761747
23.35,208.86171528273866,-2.438237709671859,-9.372602883517649,-1.4168186916172472,0.0,0.0,0.0,0.0,9.787648499302845,286.79239885066215,98840.91606161174,1.200636588449416,339.4897072462074
23.4,208.19097885366983,-3.141517100697772,-10.578797102039179,-1.151930580603957,0.0,0.0,0.0,0.0,11.095360376419489,286.79675863745115,98848.81371724592,1.2007142694218786,339.49228767916435
23.45,207.94749084627162,-0.8660856215429733,-11.339105597792258,-1.8794516641594505,0.0,0.0,0.0,0.0,11.526393998976388,286.7983413094992,98851.68081844925,1.2007424698034321,339.49322441257715
23.5,206.92083997453898,-0.6226472777821218,-10.969360381571347,-3.0292143767128312,0.0,0.0,0.0,0.0,11.396959969807751,286.8050145401655,98863.77049915375,1.200861380395498,339.49717405783554
23.55,207.19343893477574,-1.4338076213103916,-8.16137635384077,0.7878421180980026,0.0,0.0,0.0,0.0,8.323734948147267,286.80324264692393,98860.56029953215,1.2008298060731253,339.49612534242465
23.6,206.8345135122254,-3.865874284518336,-10.61196899649482,-0.30357380782896076,0.0,0.0,0.0,0.0,11.298275400390416,286.8055756621705,98864.78712068993,1.2008713794638872,339.4975061636778
23.65,206.62681189661583,-1.9804378870906927,-9.478567873289876,-3.043209453828923,0.0,0.0,0.0,0.0,10.150197383945837,286.80692572267196,98867.2331485251,1.2008954375004777,339.49830520956976
23.7,206.32606474407325,-2.2193174514002387,-8.830297703795546,-4.810182158703463,0.0,0.0,0.0,0.0,10.29744530879653,286.8088805791635,98870.77502730615,1.2009302736364944,339.49946220627277
23.75,206.15402523763197,-2.1458373161615727,-9.450962637536392,-5.558812449215289,0.0,0.0,0.0,0.0,11.17254261164804,286.80999883595535,98872.80117108143,1.2009502016595486,339.500124053299
23.8,206.21112842157433,-2.0971185458531183,-9.671001187424372,-2.609655548029266,0.0,0.0,0.0,0.0,10.234083849660635,286.80962766525977,98872.12865170266,1.2009435871416683,339.4999043738274
23.85,205.96086683500562,-1.1435481721852945,-9.298116732230802,-0.43848143072549084,0.0,0.0,0.0,0.0,9.378429674171993,286.81125436557244,98875.07607639875,1.2009725762701549,339.50086714453704
23.9,206.11531365357206,-2.4475894431301297,-10.440328401034053,1.973064768773439,0.0,0.0,0.0,0.0,10.90340019376228,286.81025046125177,98873.25708980559,1.2009546858117883,339.5002729790703
23.95,205.7846784657192,-2.8908821091326775,-10.508837226118663,1.9844863105114658,0.0,0.0,0.0,0.0,11.078404448771863,286.8123995899728,98877.15115567086,1.200992985425657,339.5015449496841
24.0,205.2753351610151,-3.749739000178384,-8.62345217522436,2.885492987462573,0.0,0.0,0.0,0.0,9.836185224391427,286.81571032145337,98883.15020476382,1.2010519877858865,339.5035044103116
24.05,205.7305294328758,-4.258447855236124,-5.151642100434644,3.0756623171267274,0.0,0.0,0.0,0.0,7.357546680499497,286.8127515586863,98877.78890936747,1.2009992579476607,339.50175326335096
24.1,205.58574908364062,-3.915135552532508,-10.348520397793568,-2.669217899421287,0.0,0.0,0.0,0.0,11.381778640126708,286.8136926309563,98879.4941122843,1.2010160291537912,339.50231023897675
24.15,204.92270925339278,-3.405916993870978,-8.120726997938384,-4.553580364168836,0.0,0.0,0.0,0.0,9.913706253320624,286.81800238985295,98887.30360787903,1.2010928372921048,339.5048609672772
24.2,204.4347615106393,-4.744006842922939,-8.030930389285302,-2.5622020394746423,0.0,0.0,0.0,0.0,9.67296868258829,286.82117405018084,98893.05113177319,1.2011493647396705,339.5067381003596
24.25,204.71131330345946,-3.9404124612752067,-10.860605565670756,-2.8015144084747434,0.0,0.0,0.0,0.0,11.888148998012396,286.8193764635275,98889.79360211994,1.201117326700511,339.50567420795454
24.3,205.00262625531667,-2.3513749920583917,-9.145043276468646,-0.6868961362543509,0.0,0.0,0.0,0.0,9.467449877541638,286.81748292934043,98886.36229335023,1.2010835793140542,339.5045535258902
24.35,204.42143375834803,-2.589012999539107,-8.682196628148024,-2.932609547419729,0.0,0.0,0.0,0.0,9.522800289790013,286.82126068057073,98893.20812281912,1.2011509087528622,339.5067893720256
24.4,203.78873832611748,-4.747110963557276,-8.09263344860982,-3.16437905444868,0.0,0.0,0.0,0.0,9.901468246382336,286.8253732008802,98900.66103836136,1.2012242079375934,339.5092233330896
24.45,204.04390859013682,-3.150518278185336,-6.763231138742501,-4.227356007873777,0.0,0.0,0.0,0.0,8.575406676918746,286.8237145941641,98897.65517337019,1.2011946454785092,339.5082417025494
24.5,203.84690765410167,-4.8312872479025,-8.141076427338342,-5.935204084318977,0.0,0.0,0.0,0.0,11.173410821679566,286.8249951002483,98899.9758064504,1.2012174687476522,339.5089995580924
24.55,203.3832617963592,-3.475075564606207,-7.945422471248323,-6.7619716291439165,0.0,0.0,0.0,0.0,10.996824484354025,286.82800879832365,98905.43763935212,1.2012711851021436,339.5107831804202
24.6,203.13813336999874,-1.4937554603525696,-6.275207745143055,-4.6234235676781115,0.0,0.0,0.0,0.0,7.936345702286279,286.82960213309497,98908.32539569399,1.2012995855494613,339.5117261733781
24.65,202.57881525763983,-3.5176792916852326,-7.157315990753464,-5.264852098854259,0.0,0.0,0.0,0.0,9.556145007975573,286.8332377008253,98914.91474605419,1.201364389767625,339.5138778236181
24.7,202.8991073922948,-5.300252734333647,-7.9412497456699676,-5.225826630105079,0.0,0.0,0.0,0.0,10.884180747251031,286.83115580195005,98911.14132736275,1.2013272794650203,339.5126456880946
24.75,202.51029624409472,-3.547125563388652,-7.401830442878653,-5.595702697851513,0.0,0.0,0.0,0.0,9.933835228667382,286.8336830744134,98915.72199589334,1.2013723287630778,339.51414140962453
24.8,202.41526447360985,-3.9466340560094095,-7.9842168354429335,-7.168120395310297,0.0,0.0,0.0,0.0,11.432654497057415,286.8343007809215,98916.84161193119,1.201383339741006,339.51450698729934
24.85,202.28038732529586,-4.40668609320765,-8.383029577565534,-7.3167460676388405,0.0,0.0,0.0,0.0,11.967825209315045,286.8351774823856,98918.43068358416,1.2013989675872727,339.51502584546427
24.9,201.7362802325747,-1.9241052691432312,-8.942230564423497,-5.7210476034923285,0.0,0.0,0.0,0.0,10.788700303348863,286.83871417848826,98924.84135787615,1.2014620133670932,339.5171189600151
24.95,201.27619210729878,-3.9749676597929584,-10.072759236956582,-4.643086648889907,0.0,0.0,0.0,0.0,11.78215176320496,286.84170475130253,98930.26238249485,1.2015153258300728,339.51888885363354
25.0,201.20117949417624,-1.3146482150243144,-9.264689629548558,-1.6798647701424492,0.0,0.0,0.0,0.0,9.507087856283697,286.8421923332878,98931.14624733054,1.201524018047681,339.5191774156187
25.05,201.0958699779914,-2.540108112677352,-9.491625827908269,-1.784560071374558,0.0,0.0,0.0,0.0,9.986378959835692,286.84287684514305,98932.38710781674,1.2015362210530454,339.5195825247163
25.1,201.24310355990693,-4.196911807534857,-8.678969578570573,-1.723977882176863,0.0,0.0,0.0,0.0,9.793399889936794,286.8419198268606,98930.6522601856,1.2015191600173847,339.5190161402163
25.15,201.1270856388914,-3.8382751979834673,-7.9104549819233805,-6.775061129205126,0.0,0.0,0.0,0.0,11.099959811682098,286.84267394334717,98932.0192928275,1.2015326038498475,339.51946244304304
25.2,200.87306378486605,-2.7811543114482857,-7.371403587179108,-8.134792962549286,0.0,0.0,0.0,0.0,11.324630973798033,286.84432508539834,98935.01247146357,1.201562039594226,339.52043962340326
25.25,200.3072178860728,-1.5989171343259603,-8.261395583258302,-7.614028707457959,0.0,0.0,0.0,0.0,11.34815518679203,286.8480030837405,98941.68018445231,1.2016276111139375,339.52261632955
25.3,200.16916979184384,-3.6527947488077177,-8.106122014358704,-2.053976799199266,0.0,0.0,0.0,0.0,9.125291462755417,286.848900396353,98943.30694593556,1.2016436088589135,339.52314737331585
25.35,200.23934794271776,-5.663747595899054,-9.574395604942326,-0.632961476098794,0.0,0.0,0.0,0.0,11.142159945908892,286.84844423837234,98942.47996250594,1.2016354762224026,339.5228774119274
25.4,199.9765667891729,-2.960648217564705,-8.909296029693579,-1.0564749728639369,0.0,0.0,0.0,0.0,9.447599323699682,286.85015231587033,98945.57661973029,1.2016659289881366,339.52388827765685
25.45,200.18596218313363,-3.505471075949545,-9.656841839768482,0.1384114411553749,0.0,0.0,0.0,0.0,10.274340830908068,286.8487912458096,98943.10906290624,1.2016416628588873,339.52308277634603
25.5,199.43926349801046,-2.592904339826006,-9.695221089628186,-1.1524377670572068,0.0,0.0,0.0,0.0,10.101909606564467,286.8536447872629,98951.90853618506,1.201728196977953,339.525955164929
25.55,199.6532413680016,-4.1104817603493595,-11.083207203164527,-2.867694930800932,0.0,0.0,0.0,0.0,12.163766539464007,286.85225393110795,98949.38684844987,1.2017033988221117,339.5251320407583
25.6,199.2627767700952,-2.8615939715316463,-12.339270418827788,-5.199571920722219,0.0,0.0,0.0,0.0,13.692401640531425,286.85479195099435,98953.9884372351,1.2017486505343071,339.52663406770625
25.65,199.01242208282923,-2.6037255768845182,-12.088412275733262,-4.369072559558481,0.0,0.0,0.0,0.0,13.114796729591662,286.8564192564616,98956.93893498865,1.2017776653185583,339.52759712075573
25.7,198.97655387378813,-2.049917712983688,-11.199189835729124,-1.8268089554001883,0.0,0.0,0.0,0.0,11.530882297822362,286.85665239982035,98957.36165737474,1.2017818222981875,339.5277350967308
25.75,198.6951116197069,-4.7657813289474715,-9.702795090306884,1.9493585026583413,0.0,0.0,0.0,0.0,10.984393602366682,286.8584817744719,98960.67862704495,1.20181444069322,339.5288177323201
25.8,198.6154204968082,-4.641868396696984,-9.526426230333144,2.010061334993159,0.0,0.0,0.0,0.0,10.786106132644349,286.85899976677075,98961.61785218518,1.2018236768015804,339.5291242828399
25.85,198.08109675169467,-2.420660493569678,-9.727460682720961,0.24553138663012591,0.0,0.0,0.0,0.0,10.027131904030767,286.86247287111394,98967.9154815129,1.2018856057042049,339.5311796767928
25.9,198.33590276695026,-3.6679990732743653,-9.896633293076308,0.8776628038487709,0.0,0.0,0.0,0.0,10.590932902083164,286.8608166320148,98964.91225458057,1.2018560730102976,339.5301995108945
25.95,197.69829773841818,-5.304281871784107,-9.851780241558487,-1.309605206820003,0.0,0.0,0.0,0.0,11.265347127409335,286.86496106470025,98972.4274144423,1.2019299741700513,339.53265218984626
26.0,197.52621736259582,-6.167374089429676,-9.735410874419124,-0.8551391052119586,0.0,0.0,0.0,0.0,11.556210059616836,286.8660795871431,98974.45572658579,1.2019499196199817,339.5333141293873
26.05,197.50263798047686,-6.535397750107435,-9.206617608127809,-0.6737297198853256,0.0,0.0,0.0,0.0,11.310488197679847,286.86623285312686,98974.73365948816,1.201952652672938,339.53340483181637
26.1,196.77350581388916,-1.2183089146106074,-10.199098645644362,-1.80108602584977,0.0,0.0,0.0,0.0,10.428317250041623,286.8709722122097,98983.32833653332,1.2020371677015385,339.5362095608077
26.15,196.75816974967157,-2.707944694468662,-9.420401807820266,-0.16197195234682688,0.0,0.0,0.0,0.0,9.803222409107699,286.8710718966271,98983.50911754453,1.2020389453813034,339.5362685532983
26.2,196.68260089239675,-5.156784005402137,-10.50545505754759,0.8001203861163181,0.0,0.0,0.0,0.0,11.730183284024273,286.8715630941994,98984.39992460766,1.2020477049741902,339.53655924018835
26.25,196.38784706824381,-5.510639394347545,-9.579460541502659,1.425557550091869,0.0,0.0,0.0,0.0,11.142954057581205,286.87347899405637,98987.87455008423,1.202081871942746,339.5376930523936
26.3,196.3191585500234,-5.300648101043997,-7.691002691094159,2.594888052832852,0.0,0.0,0.0,0.0,9.694422968503778,286.8739254694248,98988.68428023241,1.2020898342140134,339.5379572719341
26.35,196.34173894809874,-5.591115871582778,-7.239860226569963,1.8728348485616204,0.0,0.0,0.0,0.0,9.337219241279566,286.87377869683735,98988.4180920805,1.2020872167232712,339.53787041344594
26.4,196.34793984756732,-5.976013648355638,-7.1493555577039265,-0.0017150895605795302,0.0,0.0,0.0,0.0,9.318048452188746,286.8737383909908,98988.34499311772,1.202086497923733,339.537846560862
26.45,196.42096293850324,-7.644658053043772,-8.629749667392801,-1.9623551644212511,0.0,0.0,0.0,0.0,11.694623288552902,286.8732637408997,98987.48416770884,1.2020780332145438,339.5375656677113
26.5,196.04816255082338,-6.946453704047345,-9.69347771341885,0.297258918291999,0.0,0.0,0.0,0.0,11.929169799593145,286.8756869434196,98991.878951339,1.2021212480623564,339.53899969215917
26.55,195.91683255440188,-3.9017744307036453,-7.464523379300644,-6.939562989658869,0.0,0.0,0.0,0.0,10.91331697861204,286.8765405883964,98993.42718188476,1.2021364720576486,339.53950486837147
26.6,195.78718740053702,-3.4977972861304316,-6.153605382800938,-10.707750560354519,0.0,0.0,0.0,0.0,12.835784632225277,286.87738328189647,98994.95556929395,1.2021515008878132,339.5400035629023
26.65,195.34043594610594,-2.7331822046085534,-9.886389510549956,-4.735526934318367,0.0,0.0,0.0,0.0,11.297619123671844,286.8802871663503,99000.22247093926,1.2022032906715863,339.5417220365432
26.7,195.4056026343315,-1.307124335557575,-10.812561913202089,2.9990563145260833,0.0,0.0,0.0,0.0,11.296654723108697,286.87986358287685,98999.45418501938,1.202195736099213,339.5414713669756
26.75,194.96263611758002,-2.6575546535490857,-10.94719333121916,2.632564758157636,0.0,0.0,0.0,0.0,11.568666119029592,286.8827428652357,99004.67665598274,1.2022470885514414,339.5431752741502
26.8,194.98356904636836,-2.625178782653493,-11.432737010528648,5.0870700907920385,0.0,0.0,0.0,0.0,12.785825014500883,286.88260680119856,99004.42985665784,1.2022446617902325,339.5430947541087
26.85,194.54654271179925,-1.3813346038623537,-7.960266354886855,10.356259369175705,0.0,0.0,0.0,0.0,13.134916590911827,286.8854474723733,99009.58250248333,1.2022953271722174,339.5447758039029
26.9,194.82074058730961,-3.750274454812771,-9.47897738372288,-0.5933141488272994,0.0,0.0,0.0,0.0,10.211150395854022,286.88366518618244,99006.34961805854,1.202263538644982,339.54372108518095
26.95,194.353346896419,-0.2835878654873968,-15.815170922422785,-15.760466403137402,0.0,0.0,0.0,0.0,22.329181682885775,286.88670324517324,99011.86039692794,1.202317725290019,339.545518941331
27.0,194.25721581105546,-1.6230559420204096,-8.3154630601775,-6.699243086155833,0.0,0.0,0.0,0.0,10.80097654953065,286.88732809722813,99012.99385584632,1.2023288703469053,339.54588871378354
27.05,194.47167629169857,1.8767897437405519,-5.830582901315854,-2.924411217523974,0.0,0.0,0.0,0.0,6.7875045252660104,286.8859341041039,99010.46521740734,1.2023040067576143,339.5450637815491
27.1,194.0812695146756,-0.9675950485042779,-10.03579401838651,-4.339453366609567,0.0,0.0,0.0,0.0,10.976532115306343,286.8884717481546,99015.06842427632,1.2023492690676068,339.5465654979165
27.15,193.7813862528844,-0.6306304328436718,-8.666146816541414,-0.5614482962615419,0.0,0.0,0.0,0.0,8.707182068732367,286.89042098935624,99018.60440447571,1.202384037303083,339.5477190072002
27.2,193.99383809068138,-2.3049146293858307,-9.584484449400419,-2.1259437478348318,0.0,0.0,0.0,0.0,10.084374568039074,286.88904005241056,99016.09933415627,1.2023594057204456,339.5469018057185
27.25,193.05515216131914,-1.533903797901283,-8.386758511349239,-3.191379276515304,0.0,0.0,0.0,0.0,9.103597139344219,286.8951415109514,99027.16799151021,1.2024682395137152,339.55051247053956
27.3,193.42744034164184,-3.8627213056995156,-8.92088106270651,-3.646854265212426,0.0,0.0,0.0,0.0,10.382787720653768,286.8927216377793,99022.77797915041,1.202425074510336,339.54908046492244
27.35,193.25847358420444,-5.248127941924022,-9.588595410520679,-4.984097297352065,0.0,0.0,0.0,0.0,12.013543803180395,286.89381992170263,99024.77041114675,1.2024446652369438,339.54973039590925
27.4,192.6986968244106,-2.784289608142913,-8.415282641352057,-2.6006784993959933,0.0,0.0,0.0,0.0,9.237574314346514,286.8974584706413,99031.37145108222,1.2025095698868205,339.55188356950197
27.45,192.2969760810705,-2.5801821756847776,-9.635319873461006,-3.6922368251734925,0.0,0.0,0.0,0.0,10.636227803916258,286.90006965547303,99036.10887104471,1.2025561500072188,339.5534287743903
27.5,192.91782326788316,-1.4476972704804987,-8.150992930857273,-3.5614937675102554,0.0,0.0,0.0,0.0,9.012144639421646,286.89603414875876,99028.78740997154,1.2024841624301172,339.5510407042831
27.55,192.40916372660712,-2.966227508775087,-8.175762714942389,-2.739978335277015,0.0,0.0,0.0,0.0,9.118611894506948,286.89934043577705,99034.78584399383,1.2025431415431846,339.5529972492155
27.6,191.9941555928793,-2.9376415520960197,-6.922159568401417,-3.5726297065760817,0.0,0.0,0.0,0.0,8.325245581922632,286.90203798864627,99039.68009951296,1.2025912634077014,339.5545935582337
27.65,191.96359769833074,-3.6150911754106585,-6.69190093321015,-3.4829831361539862,0.0,0.0,0.0,0.0,8.365500214163164,286.9022366149608,99040.04048126117,1.2025948067768741,339.55471109742285
27.7,192.03654836747634,-2.4874462053993454,-6.928838046326192,-1.9166635287492295,0.0,0.0,0.0,0.0,7.607219227773734,286.9017624356114,99039.18014594231,1.2025863477271965,339.5544304967896
27.75,191.67318806231344,-2.7685287332692807,-8.407529883133318,-2.2733082241488534,0.0,0.0,0.0,0.0,9.1388861665249,286.9041242775949,99043.4654538705,1.2026284818958188,339.5558281394049
27.8,191.3691548770591,-1.1440509431804073,-8.313403881468494,-1.2232212240249647,0.0,0.0,0.0,0.0,8.480436711627092,286.9061004932991,99047.0511998144,1.2026637375377873,339.5569975795553
27.85,191.5471128350268,-4.169056617052519,-11.307990684864773,-1.890910674841649,0.0,0.0,0.0,0.0,12.199476611125904,286.90494376657233,99044.95236345241,1.2026431014640637,339.55631307851195
27.9,191.03840101479136,-2.627342368504572,-11.39616997144793,-1.062600749706573,0.0,0.0,0.0,0.0,11.743284816981479,286.9082503934038,99050.9522069196,1.2027020926033767,339.55826979415065
27.95,190.92999527982477,-0.9766248174162324,-10.061004605604932,0.9787767926146087,0.0,0.0,0.0,0.0,10.155570575686916,286.9089550306811,99052.23080270959,1.2027146638138628,339.5586867658959
28.0,191.4428721321786,-1.7258012223033985,-10.61428740112562,-6.081886172221856,0.0,0.0,0.0,0.0,12.354384901906748,286.9056213311408,99046.18177405302,1.2026551892234696,339.5567140322005
28.05,190.72197201976417,-2.0597134144306253,-11.602060573962028,-20.717376513318765,0.0,0.0,0.0,0.0,23.834007604808754,286.91030718187153,99054.68437882459,1.202738787396522,339.559486904988
28.1,190.44621954900472,-4.740705971005866,-7.811333503648008,-3.631817952588436,0.0,0.0,0.0,0.0,9.832666263505958,286.9120995729314,99057.93687787406,1.2027707658214906,339.56054755429693
28.15,190.27856623058432,-2.308884293412917,-9.642998879545837,-10.323615663473927,0.0,0.0,0.0,0.0,14.314168311097063,286.91318931950116,99059.9143902195,1.2027902085366393,339.5611924113648
28.2,189.92481180097639,-2.3567978531873472,-8.888965056567368,-5.128265837962962,0.0,0.0,0.0,0.0,10.529354510248107,286.9154887232936,99064.08711607411,1.2028312341419691,339.5625530785602
28.25,190.0795244576204,-0.27147071728922745,-8.013590119355573,1.1675215169683144,0.0,0.0,0.0,0.0,8.102742094128555,286.91448309102543,99062.26217865138,1.202813291675518,339.56195799852253
28.3,190.27761481062572,-0.943457424603591,-9.939855129298975,1.7507601307257408,0.0,0.0,0.0,0.0,10.136863071918729,286.9131955037309,99059.9256125444,1.20279031887327,339.56119607087663
28.35,190.2404974053836,-5.362655309793847,-11.533465440588849,1.3938320496377024,0.0,0.0,0.0,0.0,12.79537669721039,286.913436766865,99060.36342587924,1.20279462340267,339.56133883806626
28.4,190.08784551484973,-4.817259584743392,-9.23013547720215,4.24256963341745,0.0,0.0,0.0,0.0,11.242810499546087,286.9144290041535,99062.16402708637,1.2028123266646675,339.56192599274016
28.45,189.52746801187814,-4.132637235952637,-6.436423923967295,4.44328613975703,0.0,0.0,0.0,0.0,8.845848471048875,286.9180714579228,99068.77417183827,1.2028773161685995,339.5640813996608
28.5,188.82051084220492,-3.0316387427510967,-7.745775940397465,1.7318166268799358,0.0,0.0,0.0,0.0,8.496297264957686,286.92266667952566,99077.1138619848,1.202959309009213,339.56680058348013
28.55,189.14779914416397,-4.359342431238037,-9.143287942243568,1.9050968561285426,0.0,0.0,0.0,0.0,10.306938190306559,286.9205393055629,99073.252902507,1.2029213496044748,339.56554173049796
28.6,188.831768289336,-7.653692266185789,-9.636529033659313,-4.203601216978573,0.0,0.0,0.0,0.0,13.004305452941914,286.9225935061193,99076.98105794284,1.2029580033378215,339.56675728390167
28.65,188.5401191752861,4.4042409948202765,-2.502776059008406,-2.153073510223405,0.0,0.0,0.0,0.0,5.504266734309565,286.9244892253606,99080.42168744533,1.2029918299983358,339.56787905365206
28.7,188.63442579543852,-1.0834237905080237,-8.470471955521829,-4.351531607131881,0.0,0.0,0.0,0.0,9.584285554332588,286.92387623232963,99079.30912714331,1.2029808918501024,339.567516322581
28.75,188.17468400761373,-4.209331133614901,-9.90217105059495,-1.4398081794177493,0.0,0.0,0.0,0.0,10.855621018678695,286.9268645539505,99084.73291894374,1.2030342156951317,339.5692846214099
28.8,188.1072992925074,-2.742606575332271,-9.741645781608899,0.4642640233830851,0.0,0.0,0.0,0.0,10.130996715269536,286.92730255459867,99085.5279085711,1.20304203156494,339.56954380158504
28.85,187.16109072636795,-3.894825197658156,-12.142399369190615,3.2700968053400437,0.0,0.0,0.0,0.0,13.164386004577985,286.93345291027856,99096.69160868226,1.2031517852295082,339.5731831594681
28.9,187.3474029118102,-0.3187352506714508,-10.696983376173153,5.591675375997458,0.0,0.0,0.0,0.0,12.074513614248886,286.9322418810732,99094.4933517317,1.2031301736959659,339.5724665586815
28.95,187.41591681847805,-4.489245444220552,-8.995355858454856,6.194852278833384,0.0,0.0,0.0,0.0,11.808723319447376,286.9317965406799,99093.68498097992,1.2031222264075305,339.5722030375911
29.0,187.88265729207322,-4.742297437043473,-10.63694012263285,2.6445644777599036,0.0,0.0,0.0,0.0,11.942679826190401,286.9287627276015,99088.17822139143,1.2030680877935045,339.57040783516635
29.05,187.64855205881483,-3.506562207490965,-9.906267563496536,-1.0828170217488364,0.0,0.0,0.0,0.0,10.564213565484964,286.93028441161766,99090.94024194383,1.203095242121969,339.5713082645481
29.1,187.01818123556168,-1.8041824455710294,-10.198235692787085,-2.013189993652254,0.0,0.0,0.0,0.0,10.55045115116338,286.9343818219688,99098.37779343953,1.2031683624101432,339.5737328221878
29.15,186.7296206246152,1.1419556193819234,-10.041417546544057,-2.097067834356602,0.0,0.0,0.0,0.0,10.321425409437106,286.93625746594,99101.78258217173,1.2032018353268912,339.5748426898514
29.2,186.77481967123381,-0.19675303388054233,-10.85405689953504,-2.9233043864547703,0.0,0.0,0.0,0.0,11.242551822008698,286.93596367213695,99101.24926263961,1.2031965922083026,339.5746688446028
29.25,186.50238972975285,0.48373764993121293,-10.328535869574619,2.1151283436758526,0.0,0.0,0.0,0.0,10.553976654951983,286.9377344667566,99104.46379505291,1.2032281945222174,339.57571666736635
29.3,185.9377271163571,-3.1053609507800526,-10.82867191782255,2.2707100051840534,0.0,0.0,0.0,0.0,11.491715540601902,286.94140477374367,99111.12679071615,1.203293698320919,339.5778884680573
29.35,185.94593630425544,-2.21357040993792,-11.301966962521213,3.9194879542744285,0.0,0.0,0.0,0.0,12.16539095160431,286.94135141402234,99111.02992003753,1.203292745992903,339.57785689404596
29.4,186.22298196976917,-4.533632592462077,-9.149967381729581,3.9207653171437795,0.0,0.0,0.0,0.0,10.938378684351134,286.93955061719646,99107.76074981762,1.203260606933979,339.5767913249266
29.45,185.72040029392753,-3.930776814869122,-9.082237751858262,1.1304314522972014,0.0,0.0,0.0,0.0,9.96071906128944,286.94281739808946,99113.69133497038,1.2033189100892003,339.57872434498927
29.5,185.65256077753614,-4.252616162392303,-8.753812135694364,0.17606983953312622,0.0,0.0,0.0,0.0,9.733702878147833,286.943258354946,99114.49187965959,1.2033267801354983,339.57898526720135
29.55,185.14945838304072,-1.791485716303845,-8.452872496515903,0.14726939397621838,0.0,0.0,0.0,0.0,8.641884215174247,286.9465285205102,99120.42893605508,1.203385146154514,339.5809202775348
29.6,185.44126315487188,0.07086754572128551,-8.969551085211737,-0.22353375034584172,0.0,0.0,0.0,0.0,8.972615907125595,286.9446317894933,99116.98534474756,1.203351292975203,339.5797979521804
29.65,184.9281027119415,2.2241257777164494,-6.100232080491504,3.4298339179233244,0.0,0.0,0.0,0.0,7.343250480236785,286.94796733237234,99123.04122137037,1.2034108268004744,339.58177164250213
29.7,184.5667594665154,-3.1595555321407147,-7.889352098807604,3.298842435879463,0.0,0.0,0.0,0.0,9.116305672606645,286.95031606346765,99127.30566222497,1.2034527490485571,339.58316141473466
29.75,184.9661062489705,-8.087430483851783,-8.908235915413629,3.6952292982225035,0.0,0.0,0.0,0.0,12.58641801793673,286.9477203093817,99122.59272615619,1.2034064177786785,339.5816254757186
29.8,184.5435611679148,-4.035583605050122,-8.666629900891365,5.320759872959126,0.0,0.0,0.0,0.0,10.941064596192897,286.9504668524085,99127.57944513709,1.2034554405022706,339.5832506381571
29.85,184.40433543923888,-0.07163603178641165,-10.000164449881622,4.192123441748276,0.0,0.0,0.0,0.0,10.843538153969012,286.9513718196449,99129.222579599,1.2034715934907079,339.5837861164174
29.9,184.3071107966298,0.5288398687281186,-9.670427999048037,-0.3084514625376348,0.0,0.0,0.0,0.0,9.689788005744512,286.9520037798219,99130.37003261024,1.2034828736056444,339.58416005314064
29.95,184.2119871898645,-0.9325980608853501,-10.284008346766194,-9.039052576729503,0.0,0.0,0.0,0.0,13.723521352204182,286.95262208326585,99131.49269943725,1.2034939100342665,339.5845259086492
30.0,184.13553547876086,-1.0871785395032623,-9.77992504109044,-3.1490676105567483,0.0,0.0,0.0,0.0,10.331772248842977,286.95311901938805,99132.3950044769,1.2035027801688196,339.5848199497756
30.05,183.73808358082732,-2.972364420212909,-9.57083701159241,-0.4149121923414386,0.0,0.0,0.0,0.0,10.030355102206917,286.9557024567246,99137.08595301842,1.203548894420192,339.5863485864588
30.1,183.3710374276976,0.3361671450326359,-6.456362764998042,3.5837670692052654,0.0,0.0,0.0,0.0,7.391956094902936,286.9580882567199,99141.4181956752,1.203591482053659,339.5877602737296
30.15,183.55384199552344,-3.9151994746582712,-8.074050177167377,5.075263647480899,0.0,0.0,0.0,0.0,10.309091826209624,286.95690002702906,99139.26053573795,1.2035702714599568,339.5870571942667
30.2,183.26111434228585,-5.686544113513317,-8.720707285340941,2.9223447724832843,0.0,0.0,0.0,0.0,10.81330747185115,286.9588027567751,99142.71564675623,1.2036042364344657,339.5881830450895
30.25,182.68833692119853,-4.756979395183952,-10.105774971980054,2.2411951059542368,0.0,0.0,0.0,0.0,11.392036527919684,286.9625258100122,99149.47651174343,1.2036706974988962,339.5903859759131
30.3,182.37849657639893,-3.7661777882254133,-9.657300443305994,4.962123026904645,0.0,0.0,0.0,0.0,11.492180468428867,286.9645397722534,99153.13391474432,1.2037066503639755,339.59157763153587
30.35,182.46477758923822,0.20455752058992935,-7.865971172936877,5.118437356581288,0.0,0.0,0.0,0.0,9.386892310341622,286.9639789456699,99152.11542944693,1.2036966385135555,339.59124579249146
30.4,182.72725252391254,-0.24911410917819232,-9.055865394350182,1.487549555421101,0.0,0.0,0.0,0.0,9.180607799041102,286.96227285859453,99149.01715371608,1.2036661819170995,339.59023630499655
30.45,182.01361363838188,-1.806903888359688,-9.748516851955879,3.530437026215321,0.0,0.0,0.0,0.0,10.524374949169626,286.9669115113505,99157.44118904475,1.2037489912458497,339.59298097732585
30.5,182.61936547079875,1.5843251769024822,-7.828981357493259,0.9791172439557561,0.0,0.0,0.0,0.0,8.047465808535975,286.96297412443977,99150.2906518811,1.2036787006504133,339.5906512426227
30.55,182.30894346371275,-5.541311702445791,-7.7288802997114825,0.5527930156273078,0.0,0.0,0.0,0.0,9.52613805217294,286.9649918674858,99153.95494537911,1.2037147211936865,339.59184513440033
30.6,182.02927412096932,-5.241536984270398,-7.110009691106376,2.7735483289663803,0.0,0.0,0.0,0.0,9.258429569760372,286.96680971821365,99157.25632118009,1.2037471739858108,339.592920746971
30.65,181.47745230045984,-4.828405323943569,-8.850355918769768,4.370128360051323,0.0,0.0,0.0,0.0,10.988190012213773,286.970396560047,99163.77060051041,1.203811209277428,339.5950430521419
30.7,181.58238826669557,-4.789278573525447,-9.003100508076917,6.336169849094968,0.0,0.0,0.0,0.0,12.005834263804617,286.96971447626646,99162.53180042192,1.2037990319482987,339.59463946973193
30.75,180.87747838281047,-5.485298201843488,-9.633587978848974,6.460984822704239,0.0,0.0,0.0,0.0,12.831166688520003,286.9742963905117,99170.85371054514,1.2038808352601598,339.59735053509314
30.8,180.99195298046763,-1.8594878853943517,-6.8772978818656565,4.159315663217971,0.0,0.0,0.0,0.0,8.249535025571596,286.9735523056269,99169.50222655282,1.203867550434247,339.59691027019414
30.85,180.62976977870895,-2.3235645493277866,-9.999198999571078,-2.693404909755491,0.0,0.0,0.0,0.0,10.613075089520995,286.97590649643837,99173.77820265236,1.2039095823332964,339.598303210902
30.9,180.81177990245712,-2.3302788932744543,-9.619586892476928,-3.9585389025793125,0.0,0.0,0.0,0.0,10.660050747796099,286.974723430634,99171.62935175646,1.2038884596474975,339.59760320866354
30.95,180.51757806440216,-7.8451923589955355,-5.837689272256865,3.6927777471490044,0.0,0.0,0.0,0.0,10.452859258542789,286.9766357425814,99175.10278108483,1.2039226025762915,339.59873469415516
31.0,180.6681239702778,-3.0776645652943206,-6.215847106375908,4.5664959214614615,0.0,0.0,0.0,0.0,8.304315710944172,286.97565719419316,99173.32538163406,1.2039051312191915,339.59815570263396
31.05,180.7449766727732,-2.2531954145217004,-8.236229320291411,5.86363085129797,0.0,0.0,0.0,0.0,10.358307282212808,286.97515765162694,99172.41804075844,1.2038962122801948,339.5978601308602
31.1,180.4170107973754,-3.155843829646941,-9.578113563754174,5.003073927644764,0.0,0.0,0.0,0.0,11.257457903220033,286.97728942981706,99176.29012900758,1.203934273852862,339.5991214699481
31.15,180.2621586400164,-3.631128544676448,-8.225624668682977,5.504679022770711,0.0,0.0,0.0,0.0,10.54265084510257,286.97829596883986,99178.11841425698,1.203952245300542,339.59971702137454
31.2,179.76451670939088,-8.578203687484661,-7.155462379361719,7.475038715556262,0.0,0.0,0.0,0.0,13.441072284810513,286.98153064138893,99183.9940832205,1.2040100007832368,339.60163091312586
31.25,179.22315792018057,-7.078998968194619,-6.995631912905341,5.0769157428344025,0.0,0.0,0.0,0.0,11.172563077127823,286.9850494735188,99190.38623816549,1.2040728323778456,339.60371292423025
31.3,178.8272353602842,-4.490404665190135,-6.2451582993379215,1.9955907852724646,0.0,0.0,0.0,0.0,7.946579064176926,286.98762297015816,99195.06134962292,1.204118785830551,339.60523559423734
31.35,179.3186201928458,-4.353208996526667,-9.456241155233323,2.2374206527055316,0.0,0.0,0.0,0.0,10.647862533415918,286.9844289687465,99189.25903239283,1.2040617525809503,339.6033457869197
31.4,179.27987826750945,-0.41344958353314076,-10.014194831324797,6.662163324291284,0.0,0.0,0.0,0.0,12.03492662368109,286.98468079126116,99189.71649062504,1.2040662491402117,339.60349478411456
31.45,179.66294457796218,-3.3541373412098157,-4.952858870758218,2.822110132871022,0.0,0.0,0.0,0.0,6.614027056143612,286.98219086024324,99185.1933821939,1.2040217893338683,339.6020215502345
31.5,179.43553096801725,-5.738307367619391,-5.969844527235221,3.592742089660989,0.0,0.0,0.0,0.0,9.026350915373108,286.98366904870784,99187.87857969549,1.2040481834770054,339.60289616050716
31.55,179.4092990307387,-3.7785692364982113,-6.593414175401597,3.487591793230678,0.0,0.0,0.0,0.0,8.361458753088924,286.98383955630015,99188.18831838516,1.204051228044052,339.60299704580103
31.6,179.18009458777624,-8.088658886182182,-6.71401253234678,2.8255060567859056,0.0,0.0,0.0,0.0,10.885212507730726,286.98532938517945,99190.89472764112,1.2040778305347148,339.6038785408996
31.65,178.64552833793294,-9.861591864854207,-6.571384439589803,5.299106710143725,0.0,0.0,0.0,0.0,12.981318095144726,286.98880406580344,99197.2070324364,1.2041398764269147,339.6059344150576
31.7,178.61247978655615,-6.832974274894707,-5.695986697840466,2.031089925206536,0.0,0.0,0.0,0.0,9.124644003336451,286.9890188813874,99197.59728946524,1.2041437123775987,339.6060615151961
31.75,178.14479715785032,2.0242190860787983,-6.8926301489745105,6.86501602152207,0.0,0.0,0.0,0.0,9.936511372446205,286.99205881847394,99203.12009849364,1.2041979973779284,339.6078601525296
31.8,178.09685183890068,-11.007765810893071,-11.897216572955253,-10.817198258302382,0.0,0.0,0.0,0.0,19.48657097825802,286.9923704630471,99203.68629318329,1.2042035626073768,339.60804454250604
31.85,177.4929128830075,-5.673325865289184,-11.495959619005202,-1.5835980900114812,0.0,0.0,0.0,0.0,12.917100945887412,286.9962960662604,99210.81853842975,1.204273666211294,339.6103671859092
31.9,176.97473174326075,-2.355712547690641,-4.573841104808778,5.800032338652177,0.0,0.0,0.0,0.0,7.7530496702134295,286.9996642436688,99216.93835370374,1.2043338177680074,339.6123600071163
31.95,176.69091003554777,-0.8967146002561837,-3.3879948954315355,-0.08427878161798424,0.0,0.0,0.0,0.0,3.505668181504599,287.00150908476894,99220.29047022472,1.2043667653631183,339.6134515237818
32.0,176.75445243511763,-3.701611786723603,-8.8845366611702,6.730052604083365,0.0,0.0,0.0,0.0,11.744382893835578,287.0010960591717,99219.53998573787,1.2043593889496862,339.6132071538139
32.05,177.1150540750027,-8.778738960280466,-4.342801739161804,3.6834964710081257,0.0,0.0,0.0,0.0,10.463953886095936,286.99875214851244,99215.28109078595,1.2043175286296304,339.61182035659874
32.1,177.0079418284594,-8.130547719635514,-7.828676426656231,2.8304172695170635,0.0,0.0,0.0,0.0,11.636375841907721,286.999448378115,99216.54612727673,1.2043299626025255,339.61223228810985
32.15,176.83393402334556,-6.206240114476467,-6.539613298390543,6.7621478032670375,0.0,0.0,0.0,0.0,11.269898019248112,287.00057942884825,99218.60125367565,1.204350162260622,339.6129014850161
32.2,176.63059022619157,-1.055542156095573,-7.431752551214327,1.5226643481039657,0.0,0.0,0.0,0.0,7.659218102571725,287.00190116352974,99221.00289770153,1.204373767709376,339.61368350022013
32.25,175.98106496628967,-1.2080041549725302,-7.4135465848885715,3.9067242062628678,0.0,0.0,0.0,0.0,8.466548353877402,287.0061230777191,99228.67459755836,1.204449171127576,339.61618141844036
32.3,175.38650465910717,6.169449658506719,-8.211406896047336,5.239803857587684,0.0,0.0,0.0,0.0,11.530171584468862,287.00998771971575,99235.69751412938,1.2045181968278662,339.6184679385415
32.35,175.0233342655581,-0.30073215835712314,-11.722571353811404,-4.274468180884105,0.0,0.0,0.0,0.0,12.481193741211637,287.01234832727386,99239.98746262997,1.2045603607187656,339.61986458727876
32.4,174.94224411212775,2.745026257070268,-10.35813203279743,-2.0710836341734535,0.0,0.0,0.0,0.0,10.914002738711886,287.01287541327116,99240.94536017973,1.2045697753969598,339.6201764358697
32.45,174.42334990611968,1.2830608791733744,-5.9070198204476645,2.9884940870589323,0.0,0.0,0.0,0.0,6.743161371879878,287.0162482256102,99247.075103923,1.2046300210596552,339.6221719417417
32.5,174.44630145486275,-5.826956390576985,-7.327633221334206,4.085529836686976,0.0,0.0,0.0,0.0,10.214655327055642,287.0160990405434,99246.80396874143,1.2046273562456522,339.6220836774652
32.55,174.6404855037504,-5.96100058723898,-7.824096019702424,2.033678001234704,0.0,0.0,0.0,0.0,10.04419497716431,287.0148368442256,99244.51002435335,1.2046048104803913,339.6213369071339
32.6,174.4876836560425,-12.123583666680254,-10.100338945172672,7.23021270108366,0.0,0.0,0.0,0.0,17.35724930492385,287.0158300562357,99246.31510692323,1.204622551532519,339.6219245347677
32.65,174.44587662212714,-3.47724357509182,-5.297062488454108,4.506556394703943,0.0,0.0,0.0,0.0,7.775547853736866,287.01610180195615,99246.80898744302,1.2046274055712676,339.6220853112355
32.7,174.01997603942584,-2.599046126005978,-8.214820871763974,5.327204097215328,0.0,0.0,0.0,0.0,10.13002597300044,287.0188701557437,99251.8404073406,1.20467685594807,339.6237231841862
32.75,172.95256414118003,6.98923695809165,-20.547155197098252,-16.548270721662767,0.0,0.0,0.0,0.0,27.292495009204217,287.0258083330823,99264.45129398485,1.2048007976115167,339.62782806303693
32.8,173.1488469019464,3.608398962724107,-14.218205880315075,-13.358541259443953,0.0,0.0,0.0,0.0,19.840074246571785,287.02453249513735,99262.13222337603,1.2047780056665962,339.62707323448296
32.85,172.6841035730399,2.070101125416119,-9.456815781442035,5.814572321820783,0.0,0.0,0.0,0.0,11.292738139143426,287.0275533267752,99267.62321267101,1.2048319712270499,339.62886045716306
32.9,172.8447541890109,8.015431712002167,-12.002990632853768,-9.275363276781228,0.0,0.0,0.0,0.0,17.15666907002659,287.0265090977714,99265.72508162825,1.2048133164187202,339.62824265823565
32.95,172.3669700422062,-6.1348819216368815,-6.123056888612317,5.266224445970554,0.0,0.0,0.0,0.0,10.142076797626197,287.02961469472564,99271.37031849948,1.2048687975373962,339.63008002438386
33.0,172.61088828312427,-4.390355089086425,-9.062100492156212,1.1779876764487494,0.0,0.0,0.0,0.0,10.13827096225338,287.0280292261597,99268.48828113012,1.2048404730866158,339.6291420139279
33.05,172.73166247667814,-9.284742849970423,-9.494096678462732,4.226756248246003,0.0,0.0,0.0,0.0,13.935917261241205,287.0272441939016,99267.06128813201,1.2048264486467268,339.6286775644884
33.1,172.17349251587137,-7.415537317397432,-7.721517506116863,6.929280310706003,0.0,0.0,0.0,0.0,12.75252727608614,287.03087229864684,99273.65641736715,1.2048912650372468,339.63082405850207
33.15,171.7856495493703,-4.123952620018658,-6.11522663988548,6.105875591103262,0.0,0.0,0.0,0.0,9.575212728882551,287.03339327792906,99278.23923492554,1.204936304110812,339.6323155363773
33.2,171.72074981773707,-1.8598187565958795,-9.502626423890096,3.4571821171572177,0.0,0.0,0.0,0.0,10.281582706499606,287.03381512618466,99279.00611777332,1.2049438408533284,339.6325651122987
33.25,171.18942113799127,-4.502833616081301,-8.460897841293033,2.367256238110765,0.0,0.0,0.0,0.0,9.872497401963864,287.03726876260305,99285.28470395682,1.205005544890804,339.6346083626156
33.3,171.51762075084838,-5.651697197559881,-11.597494480429669,-2.54060747738868,0.0,0.0,0.0,0.0,13.149077754377533,287.0351354651195,99281.40640827356,1.2049674302667788,339.6333462564705
33.35,171.30843968032522,-1.8680844747282663,-11.331020251240668,1.4510756400779758,0.0,0.0,0.0,0.0,11.575291791223867,287.03649514207785,99283.87826185954,1.2049917228696985,339.6341506720825
33.4,170.73493437732907,0.27819817456965334,-7.675181684674563,3.8312431319722196,0.0,0.0,0.0,0.0,8.58278696306637,287.04022292654736,99290.65552236733,1.2050583270732451,339.63635610383585
33.45,170.53294686118292,1.6893661320734625,-11.988677854419935,1.3329823015059814,0.0,0.0,0.0,0.0,12.180278996861443,287.0415358454023,99293.0425502909,1.205081785622248,339.6371328494454
33.5,170.22676525650772,-1.940566300144058,-8.65441519212595,7.52414580893008,0.0,0.0,0.0,0.0,11.63088431878657,287.0435260258327,99296.66100132772,1.205117345793845,339.63831027138474
33.55,170.27750392080594,-7.960762520374401,-10.556585745421982,6.631796660824306,0.0,0.0,0.0,0.0,14.791753427392061,287.04319622451476,99296.06136493699,1.205111452910105,339.63811515603743
33.6,169.97507129384198,-7.494267872663093,-6.783206183122191,4.820923813204347,0.0,0.0,0.0,0.0,11.198984037969607,287.04516203659,99299.63559793792,1.2051465783291702,339.6392781579369
33.65,169.9950759769009,-6.238258267902704,-5.309828146654415,5.756870385035354,0.0,0.0,0.0,0.0,10.012576980685694,287.0450320061501,99299.39917380545,1.2051442549019697,339.6392012302342
33.7,169.69226518820867,-0.8492662947833286,-8.996757446344322,-2.2422184836235104,0.0,0.0,0.0,0.0,9.31077018920078,287.0470002762766,99302.97797350076,1.20517942497469,339.6403656826251
33.75,169.45056146446254,-1.24048786283128,-19.517268903486915,-13.835159958265798,0.0,0.0,0.0,0.0,23.95567253615833,287.048571350481,99305.8346481697,1.2052074983079293,339.64129514624364
33.8,169.1828250363904,-1.9733699328144856,-10.619798080400844,3.7924771486652933,0.0,0.0,0.0,0.0,11.448020924306967,287.05031163726346,99308.99907871944,1.2052385958640845,339.64232471479033
33.85,169.59331982445153,-1.0730730805681614,-10.703727644685493,1.8775194500574586,0.0,0.0,0.0,0.0,10.919997738698875,287.04764342114106,99304.14739185103,1.2051909171913096,339.6407461740331
33.9,169.2624588949443,-2.546918847532382,-8.128467936161643,5.660198171335453,0.0,0.0,0.0,0.0,10.227249383089903,287.0497940171828,99308.05786164,1.205229346336188,339.6420184866491
33.95,169.13818774860945,0.039495417039162484,-6.940420929247925,7.052746992006696,0.0,0.0,0.0,0.0,9.895061530701525,287.050601779634,99309.52666371883,1.205243780539767,339.64249636519503
34.0,168.78150682588983,-1.7963163614436781,-8.759775862602208,5.888073027161224,0.0,0.0,0.0,0.0,10.706532099919285,287.0529202056317,99313.74249207196,1.2052852100789946,339.6438679603052
34.05,168.83704490550184,-1.3476883804354052,-6.874111233803501,4.501737503843334,0.0,0.0,0.0,0.0,8.326782678740553,287.0525592081142,99313.0860442684,1.2052787590959317,339.64365439231284
34.1,168.4630034515951,-4.200301950233215,-10.035211674193278,1.1141499624215756,0.0,0.0,0.0,0.0,10.935691105630315,287.0549904775646,99317.5071992833,1.2053222061043858,339.6450927412597
34.15,168.32841845345612,-9.631623137520632,-8.900529494192194,1.8492675556594804,0.0,0.0,0.0,0.0,13.244145122756045,287.0558652800525,99319.0980275626,1.2053378391983292,339.6456102764979
34.2,168.44187025325525,-5.391597673100576,-8.2999782782366,0.5846867156528484,0.0,0.0,0.0,0.0,9.914677172921156,287.05512784335383,99317.75699759835,1.205324660879419,339.64517400724037
34.25,167.9589430998027,-8.243057858383706,1.3554966680987337,9.508670129059208,0.0,0.0,0.0,0.0,12.657021043561198,287.05826686985125,99323.46542456311,1.2053807574308266,339.6470310586965
34.3,167.9709210499738,-6.952896446695058,-9.395059790003247,-1.3401975799825174,0.0,0.0,0.0,0.0,11.764609938692892,287.05818901317514,99323.3238363238,1.2053793660545955,339.6469849987258
34.35,167.61910397132206,-2.154916685068393,-11.298838483594162,-0.04367345133956224,0.0,0.0,0.0,0.0,11.502579031168901,287.06047582418637,99327.48264277261,1.2054202341535765,339.6483378723732
34.4,167.61397590914015,-1.469767746261686,-6.302145221473729,2.8970823300468207,0.0,0.0,0.0,0.0,7.09015780131619,287.06050915659057,99327.54326229956,1.2054208298520892,339.64835759172905
34.45,167.29410229297244,1.2479119350713672,-10.695063604405648,-1.178085924724215,0.0,0.0,0.0,0.0,10.831876852420784,287.06258833509565,99331.32459143714,1.2054579882392966,339.64958762557757
34.5,167.35214074281257,-5.343809799354727,-6.260771886754023,8.007586819695945,0.0,0.0,0.0,0.0,11.483684707645772,287.06221108517167,99330.63849155518,1.2054512460889644,339.649364446333
34.55,167.1602239307839,-5.460940699042808,-4.6024865792740375,6.276167317087053,0.0,0.0,0.0,0.0,9.507630210674556,287.0634585444499,99332.90724531827,1.2054735405917845,339.650102436696
34.6,167.22109928370296,-5.793424248516414,-5.283721028147586,7.437856777408738,0.0,0.0,0.0,0.0,10.807552260703256,287.0630628546559,99332.18759988132,1.2054664688179844,339.6498683488639
34.65,166.47401340253296,-5.081643201086627,-7.3900870506363345,3.6447018520857175,0.0,0.0,0.0,0.0,9.680926393157312,287.0679189128835,99341.01965910532,1.2055532585571764,339.65274115413894
34.7,166.76371694415803,-6.971027803198865,-8.29154702551383,1.7139683828948118,0.0,0.0,0.0,0.0,10.967345546067284,287.06603583986293,99337.5947045045,1.205519602829808,339.65162714605935
34.75,166.68410371258145,-3.841644565397885,-8.008778968779461,5.160832764715152,0.0,0.0,0.0,0.0,10.272924041526482,287.0665533258682,99338.53590440168,1.2055288516655371,339.65193328621973
34.8,165.90254126684206,-1.6462638285325353,-10.09320578270158,0.6333549664423617,0.0,0.0,0.0,0.0,10.246176168630539,287.0716334817655,99347.77603952734,1.2056196502928336,339.6549386470291
34.85,166.22165184801815,1.1215808243279313,-12.422216587957175,1.1436738982332013,0.0,0.0,0.0,0.0,12.525070797768707,287.06955926298787,99344.00322443347,1.2055825767399675,339.65371156667334
34.9,166.10195448687304,-3.7840361544425454,-7.766143749823158,5.489551209086185,0.0,0.0,0.0,0.0,10.23557965325976,287.0703372958353,99345.41838174392,1.2055964828091765,339.6541718411204
34.95,165.90556491110527,-4.905328246458166,-4.286179918921336,12.86786069225079,0.0,0.0,0.0,0.0,14.42273976392966,287.0716138280778,99347.74029071446,1.20561929900852,339.65492702018855
35.0,165.81690364403468,-2.3599287931596544,-5.938374003102487,7.211046845030485,0.0,0.0,0.0,0.0,9.634975158801996,287.0721901263137,99348.7885450221,1.205629599628555,339.65526794981656
35.05,165.34034756670815,-6.011330876889553,-5.3788725083030275,4.27566815285853,0.0,0.0,0.0,0.0,9.12960604436974,287.07528774081635,99354.42308626116,1.2056849668200504,339.6571004474982
35.1,165.2570259540291,-7.306497800382041,-4.450630937644315,8.333808199559899,0.0,0.0,0.0,0.0,11.943424339658879,287.0758293312988,99355.40826250776,1.2056946474832761,339.6574208424851
35.15,165.11658559424208,-9.17223545275992,-8.035972324423945,3.266539386554919,0.0,0.0,0.0,0.0,12.624461729661512,287.0767421936374,99357.06881603939,1.20571096458272,339.6579608744024
35.2,165.42684762859312,-6.382362656206036,-7.174208035409487,2.454305521899215,0.0,0.0,0.0,0.0,9.910975209609415,287.0747254904141,99353.40033710547,1.2056749169338399,339.6567678301622
35.25,165.5837773249003,-1.0667105848163174,-7.450048685163749,0.6828823884222133,0.0,0.0,0.0,0.0,7.556945496659778,287.07370544738814,99351.54487216799,1.2056566844446952,339.6561643900223
35.3,165.36792540255442,-1.7676041325195526,-11.680114536650873,-4.393391881474252,0.0,0.0,0.0,0.0,12.603626152135229,287.0751084848834,99354.09701379627,1.2056817627216023,339.65699440291246
35.35,164.5904966823331,-5.57794531236179,-4.4843159876391425,8.440726611906245,0.0,0.0,0.0,0.0,11.066545509852528,287.0801617715648,99363.28944134594,1.2057720898604556,339.6599838237333
35.4,164.4461710690641,-1.5940080451944156,-9.474377529406539,3.67326885123076,0.0,0.0,0.0,0.0,10.285795801555183,287.0810998880511,99364.99604367552,1.2057888591954524,339.6605387913219
35.45,163.94159080588437,-1.3560070827816153,-9.268200502792682,2.8961634603064854,0.0,0.0,0.0,0.0,9.804389759558463,287.08437965976174,99370.96272385193,1.2058474882749552,339.6624790197888
35.5,163.52608038862272,-5.543333163769382,-7.32442170017446,5.7521318072023995,0.0,0.0,0.0,0.0,10.838021781393573,287.08708047747393,99375.87636764109,1.205895769631283,339.66407674566125
35.55,163.78977728305463,-7.898288714248283,-7.645628306674205,4.298296890790093,0.0,0.0,0.0,0.0,11.803133184829163,287.08536644766014,99372.75798111931,1.2058651284862323,339.66306277592383
35.6,163.53406480042435,-7.729156424349088,-7.970433032417981,4.135429789278223,0.0,0.0,0.0,0.0,11.847761024698556,287.08702857879723,99375.78194563831,1.2058948418470308,339.6640460439716
35.65,163.64867461744302,-11.69857978017106,-8.362995017121788,2.8324107188205287,0.0,0.0,0.0,0.0,14.656705121190113,287.0862836149866,99374.42660164896,1.2058815243096126,339.6636053455752
35.7,163.11349642603705,-4.370066074101018,-8.040966827469553,1.7093485691056696,0.0,0.0,0.0,0.0,9.310021350307316,287.08976227323075,99380.75559912651,1.2059437124036243,339.66566321125725
35.75,163.16378951871766,-5.358471728802464,-7.200712980349125,1.5474425882300664,0.0,0.0,0.0,0.0,9.108131820390602,287.0894353681283,99380.1608209798,1.2059378682053288,339.66546982492895
35.8,163.05941793546114,-1.4304268427375446,-6.572920956204677,4.357979230465017,0.0,0.0,0.0,0.0,8.01507291433479,287.0901137834195,99381.39514751047,1.2059499964999385,339.66587115302417
35.85,162.36921513303113,-2.0450273871829134,-10.391313261359922,4.0110734300164745,0.0,0.0,0.0,0.0,11.324762177239172,287.09460010163525,99389.55798473461,1.2060302025084242,339.66852509887366
35.9,162.48565336690305,-1.9300146319136715,-8.190819370017001,1.576972063990002,0.0,0.0,0.0,0.0,8.561618966191585,287.0938432531151,99388.18086395129,1.2060166713499814,339.6680773757366
35.95,162.18749504251,0.5923542962322199,-4.575842010274212,4.35694875006752,0.0,0.0,0.0,0.0,6.346039404697236,287.09578128222364,99391.70722815678,1.2060513202313372,339.66922383973383
36.0,162.53170731267915,-5.159650168813363,-6.834151285633901,3.988080414795162,0.0,0.0,0.0,0.0,9.446290227085976,287.09354390246756,99387.63618590805,1.2060113195039053,339.66790029098223
36.05,162.0342780001688,-3.943346305959827,-5.837827655925006,7.8927349125916875,0.0,0.0,0.0,0.0,10.579483741159281,287.0967771929989,99393.51938901006,1.2060691258299399,339.6698129810043
36.1,162.30413120454085,-10.0129068326356,-7.651082752843661,4.629350350735338,0.0,0.0,0.0,0.0,13.42491173899314,287.0950231471705,99390.32774232591,1.206037765890412,339.66877535645426
36.15,162.12852651349294,-4.676378253535547,-6.125581001547923,3.86350928288081,0.0,0.0,0.0,0.0,8.62078651606518,287.09616457766225,99392.40466998833,1.2060581730350097,339.66945058221694
36.2,161.8968394536385,-3.14490457683267,-8.03399538361721,3.102931241544832,0.0,0.0,0.0,0.0,9.168625246519822,287.0976705435513,99395.14495387947,1.2060850979553066,339.67034145084995
36.25,161.26763415919893,-2.723933315044895,-8.60477658906526,5.908407892556843,0.0,0.0,0.0,0.0,10.787551931618454,287.1017603779652,99402.58720226477,1.2061582217628215,339.67276082001763
36.3,160.8788491501474,-2.425612294047287,-8.10513047148401,2.584434111640332,0.0,0.0,0.0,0.0,8.84624409782039,287.104287480524,99407.18598193245,1.2062034065492804,339.6742557359892
36.35,160.71009112757707,-4.511063620305312,-7.810405072030086,2.7555084232958302,0.0,0.0,0.0,0.0,9.4310629860313,287.1053844076707,99409.18220552956,1.2062230200933515,339.67490462486427
36.4,160.31469091823914,-3.1157640861387175,-7.9543997480424355,4.676349682076509,0.0,0.0,0.0,0.0,9.739030112962299,287.1079545090314,99413.85948646271,1.2062689756015381,339.6764249672686
36.45,160.24328495145977,-3.684680705148292,-6.2571360009983055,5.1600056023814345,0.0,0.0,0.0,0.0,8.908101966776591,287.1084186478155,99414.70418322844,1.206277274924278,339.67669952765027
36.5,160.37286076330298,-3.186503734106561,-4.457998701631496,6.75123190398383,0.0,0.0,0.0,0.0,8.695210790578471,287.1075764050385,99413.17137067248,1.206262214709779,339.67620130043383
36.55,160.36769734202323,-5.628684557816168,-5.8146205400705115,6.034196489284677,0.0,0.0,0.0,0.0,10.094722836596535,287.1076099672768,99413.23245081858,1.2062628148362546,339.67622115413013
36.6,160.18485445742584,-5.905228179770768,-5.736608025658325,6.367916542603996,0.0,0.0,0.0,0.0,10.408206021633887,287.1087984460267,99415.3953909844,1.2062840661753507,339.67692419636745
36.65,160.46608908252014,-5.3917937498459905,-6.126639767408427,6.266288985806057,0.0,0.0,0.0,0.0,10.289486495161116,287.1069704209636,99412.06854135299,1.2062513791461398,339.6758428311802
36.7,160.0657825857591,-5.431177234251678,-8.286752707965263,3.3414164042212344,0.0,0.0,0.0,0.0,10.456243119745356,287.10957241319255,99416.80397234893,1.2062979057342953,339.6773820343205
36.75,159.73782019969954,-3.109295995568033,-12.421822057519343,0.8242752123387529,0.0,0.0,0.0,0.0,12.831555417890911,287.1117041687019,99420.68374385047,1.20633602497684,339.67864306470057
36.8,159.27526216745264,-0.91202797081777,-9.270098734113537,6.002900660278479,0.0,0.0,0.0,0.0,11.081576688221725,287.11471079591155,99426.1559805912,1.2063897899093599,339.680421613541
36.85,159.66636874745618,-4.402046156801631,-8.828402408384486,4.5726143356943405,0.0,0.0,0.0,0.0,10.873247045569157,287.1121686031415,99421.52902566992,1.206344329939388,339.6789177981826
36.9,159.18515655952768,-2.9886588147637543,-8.338291355732151,5.7748428067459265,0.0,0.0,0.0,0.0,10.573929907407546,287.115296482363,99427.22199244708,1.2064002634505577,339.68076807109236
36.95,158.63042471584333,-2.3484125086597647,-6.719623485979153,7.103379788171902,0.0,0.0,0.0,0.0,10.056161569861603,287.118902239347,99433.78505890323,1.2064647449521428,339.6829010164132
37.0,159.0773477097049,-2.389665387254677,-7.080130270780752,5.554747567420703,0.0,0.0,0.0,0.0,9.310959448522757,287.1159972398869,99428.49745809792,1.206412794842249,339.681182597437
37.05,158.9159712629436,-5.032222212910703,-5.565979780196562,6.499547965013635,0.0,0.0,0.0,0.0,9.92711010632912,287.11704618679084,99430.40669638636,1.2064315529639644,339.681803090901
37.1,159.01760076538096,-5.762745169297123,-3.991762942062728,4.6711880328952935,0.0,0.0,0.0,0.0,8.423977736826398,287.116385595025,99429.20431834625,1.206419739698691,339.68141232495003
37.15,158.88118444652693,-4.604976472300907,-4.6913819781668415,3.5879430065275404,0.0,0.0,0.0,0.0,7.489206112372887,287.11727230109756,99430.81826170965,1.2064355965531448,339.68193684628284
37.2,158.33599006271564,-8.719074693954088,-6.978892962531564,3.0051094852731848,0.0,0.0,0.0,0.0,11.565374767801606,287.1208160645923,99437.2686758428,1.2064989708271343,339.684033112947
37.25,158.37812823546295,-6.650496640731765,-5.5719095136124155,2.8564226602649363,0.0,0.0,0.0,0.0,9.134244993996168,287.1205421664695,99436.77011008305,1.2064940725271966,339.68387109257793
37.3,157.47665454369232,-4.245293247059116,-7.36025525586943,0.23113727568196007,0.0,0.0,0.0,0.0,8.4999586249163,287.12640174546596,99447.43650810455,1.2065988665438878,339.6873372227031
37.35,157.315894551109,-3.906451530437213,-10.914760086839944,-0.2981700835209687,0.0,0.0,0.0,0.0,11.596605396047433,287.1274466854178,99449.33874643876,1.2066175552144744,339.68795533469955
37.4,156.98622155081523,-0.16567830943428863,-10.015808665499758,0.8112887698791851,0.0,0.0,0.0,0.0,10.049978208645486,287.1295895599197,99453.23978814075,1.2066558810526677,339.68922290300134
37.45,156.30281844450204,1.0431056247008215,-10.80875611145564,0.1353642587949282,0.0,0.0,0.0,0.0,10.859815905611441,287.1340316801107,99461.32693547937,1.2067353324325536,339.6918505223316
37.5,156.36873844067867,-0.0243637207909069,-6.894194023607094,3.841035884582157,0.0,0.0,0.0,0.0,7.892025183226317,287.13360320013555,99460.54683867513,1.2067276685021509,339.691597067161
37.55,156.05170197039232,-2.6785424843454777,-6.823985734889741,4.374408174773126,0.0,0.0,0.0,0.0,8.536792022179307,287.1356639371924,99464.29869157897,1.2067645278478778,339.69281603595846
37.6,155.81048917843717,-5.44908627013754,-7.5693782377881735,5.483181549149904,0.0,0.0,0.0,0.0,10.81911770834575,287.13723182034016,99467.15331347901,1.2067925723457265,339.6937434684956
37.65,156.0854061234157,-5.988371209257573,-5.600188433804103,4.711588011338379,0.0,0.0,0.0,0.0,9.456308043976032,287.13544486019777,99463.89982658342,1.2067606092892356,339.69268644757085
37.7,156.51485226941264,-5.448294514624504,-5.723684919571922,3.1856209491029692,0.0,0.0,0.0,0.0,8.520132804597955,287.1326534602488,99458.81774624134,1.2067106812823547,339.691035274807
37.75,156.5864181553355,-3.8512847887151525,-8.03023201375654,-0.4122488654501679,0.0,0.0,0.0,0.0,8.915546525346278,287.1321882819903,99457.97085354575,1.2067023610864365,339.69076011113907
37.8,156.95131551601855,-5.560327779151264,-11.176265520102152,0.43771364766419946,0.0,0.0,0.0,0.0,12.490706514235972,287.12981644914584,99453.65284073773,1.2066599390768775,339.68935711384637
37.85,155.45175995206134,-5.304439845769416,-10.686018058985782,3.5296015485542904,0.0,0.0,0.0,0.0,12.441308256204946,287.13956356031156,99471.39880101105,1.2068342807616337,339.6951227321087
37.9,155.09428572326712,0.6734816448029994,-12.138501588986726,-1.906790769639038,0.0,0.0,0.0,0.0,12.305797389478686,287.14188714279874,99475.62958186203,1.206875844359589,339.69649716486117
37.95,154.78846030314745,0.6411149614133305,-8.535486547207285,5.223212643873991,0.0,0.0,0.0,0.0,10.027338097143712,287.1438750080295,99479.24920411452,1.2069114036097348,339.6976730115719
38.0,154.44436133736627,-1.1185927134035611,-9.004204333771039,3.1136613938130835,0.0,0.0,0.0,0.0,9.592801083005043,287.1461116513071,99483.32194361032,1.2069514139995152,339.69899600868825
38.05,154.3686716380044,-3.400242837603905,-7.038919699647841,5.734136564614492,0.0,0.0,0.0,0.0,9.694759617154826,287.14660363435297,99484.21782151819,1.2069602150176062,339.6992870209436
38.1,154.1769855409479,-6.075846790626995,-6.799616217697997,5.751611076480149,0.0,0.0,0.0,0.0,10.781081805934091,287.14784959398384,99486.48668442547,1.2069825040403503,339.7000240157988
38.15,154.50627861030145,-4.115609855683266,-6.77197247317955,5.2363279971239125,0.0,0.0,0.0,0.0,9.498262291343742,287.145709189033,99482.58908366087,1.206944214442899,339.69875794856347
38.2,154.2935422574574,-5.459539487038643,-8.84880393788244,3.4378791570524463,0.0,0.0,0.0,0.0,10.951114812662388,287.14709197532653,99485.10707384453,1.2069689509317116,339.69957587863496
38.25,154.18663566423373,-7.091485875938706,-9.266491227077989,4.086334010567644,0.0,0.0,0.0,0.0,12.363460568791947,287.14778686818244,99486.37246122873,1.2069813819283988,339.6999869130355
38.3,153.7368277937751,-2.4236893843213934,-8.564698751643112,3.7472817514829457,0.0,0.0,0.0,0.0,9.657663043566306,287.15071061934043,99491.69670224364,1.2070336862315787,339.7017163285966
38.35,153.24378566635542,-0.6850408261054967,-7.991949539264175,4.3979380920106586,0.0,0.0,0.0,0.0,9.147808362265495,287.1539153931687,99497.53295926125,1.207091019868076,339.7036119605629
38.4,153.4462685025034,-4.562682931297205,-6.625007971743432,4.853752258429291,0.0,0.0,0.0,0.0,9.395090055099118,287.15259925473373,99495.13608818829,1.2070674738037919,339.7028334625719
38.45,153.10746453031064,-6.003787853888798,-8.901408379631164,4.558002719547188,0.0,0.0,0.0,0.0,11.664301459018887,287.154801480553,99499.14667391594,1.2071068724033764,339.7041360816642
38.5,153.03274908911558,-0.8761749074668062,-7.8095509453190965,6.441498007303994,0.0,0.0,0.0,0.0,10.161184232859386,287.1552871309207,99500.03113418027,1.207115560992795,339.7044233437403
38.55,152.77395588710226,-2.158903142344836,-5.489585246489605,7.809057154408235,0.0,0.0,0.0,0.0,9.786612416833375,287.15696928673384,99503.0947041369,1.207145656184302,339.70541833662253
38.6,153.05038525175914,-5.721724483143349,-6.5210646842516375,6.533718993387385,0.0,0.0,0.0,0.0,10.860566263402061,287.15517249586355,99499.82236170021,1.2071135100954713,339.70435553715333
38.65,153.0243606391509,-6.136433699296249,-5.325152591254416,5.477079696038057,0.0,0.0,0.0,0.0,9.798544313455679,287.1553416558455,99500.13043467634,1.2071165364808558,339.70445559520505
38.7,152.58635899235722,-7.310987705577135,-4.780619194688467,3.2593975922954925,0.0,0.0,0.0,0.0,9.323547274529448,287.1581886665497,99505.31550655264,1.2071674722803212,339.70613959630805
38.75,152.30795992898013,-8.724282969372057,-6.516966640818378,2.311088662706723,0.0,0.0,0.0,0.0,11.1321650335461,287.15999826046163,99508.61131372025,1.207199848535817,339.7072099631265
38.8,152.24372337855058,-5.743968895031732,-7.40505213251432,0.8402669972807316,0.0,0.0,0.0,0.0,9.409252062680972,287.1604157980394,99509.37178602516,1.2072073189820272,339.7074569342835
38.85,151.9258409465441,-2.4003737241109464,-9.729155204509771,1.4401066528641546,0.0,0.0,0.0,0.0,10.123841275941926,287.1624820338474,99513.1351455704,1.2072442879199952,339.70867909863927
38.9,151.31844408717075,-2.1104567551366467,-10.243605407887493,1.112479850151014,0.0,0.0,0.0,0.0,10.517751227557905,287.16643011343336,99520.32634085689,1.2073149290759337,339.71101434849805
38.95,150.9929095023095,-1.1266953249961509,-11.03340704128577,2.264128898983178,0.0,0.0,0.0,0.0,11.319531481703356,287.16854608823496,99524.18063798199,1.207352790532709,339.71226591996793
39.0,151.1387046367478,0.6266711963620945,-9.591423054446219,5.58630436364607,0.0,0.0,0.0,0.0,11.117324742985764,287.1675984198611,99522.4544231386,1.2073358336470283,339.7117053870673
39.05,150.7574432753036,1.162320485191768,-7.373313349121344,7.785892859168046,0.0,0.0,0.0,0.0,10.785956900946314,287.1700766187105,99526.96861003665,1.2073801771118515,339.71317120588833
39.1,150.51971242224545,-4.458621892239364,-7.608081144566815,7.7616760107386416,0.0,0.0,0.0,0.0,11.747587938634252,287.1716218692554,99529.7834599184,1.2074078275669897,339.71408519606257
39.15,150.38287792689368,-7.537842251476479,-8.250345004494198,5.766836930202136,0.0,0.0,0.0,0.0,12.575518545207968,287.17251129347517,99531.40367667626,1.2074237429950767,339.71461127468285
39.2,149.97778134115322,-6.926157417414442,-6.735230905350458,4.300142234386658,0.0,0.0,0.0,0.0,10.574791494641818,287.1751444212825,99536.20043064858,1.207470861335452,339.71616871821215
39.25,149.96912825576752,-3.61873077560955,-6.288957595052464,5.465714249576704,0.0,0.0,0.0,0.0,9.084064746397265,287.1752006663375,99536.30289398777,1.2074718678244056,339.71620198598276
39.3,149.9265680895396,-7.0599024469568,-5.5439491507947665,2.0102906348769496,0.0,0.0,0.0,0.0,9.198851188263596,287.17547730741796,99536.8068607591,1.2074768182456808,339.7163656133335
39.35,149.79930763303636,-7.589006773075023,-3.9713749862962113,2.202226285575823,0.0,0.0,0.0,0.0,8.843904324247232,287.17630450038524,99538.31379956262,1.207491620744577,339.71685488001594
39.4,149.9782914539423,-4.308172885407049,-4.808090822807525,5.013035060959203,0.0,0.0,0.0,0.0,8.173653497263551,287.17514110554936,99536.19439027866,1.207470802001389,339.71616675702546
39.45,149.13730043262885,-5.745763099189287,-7.277508166465128,1.3157313825736598,0.0,0.0,0.0,0.0,9.365205164653954,287.1806075471879,99546.15317316282,1.2075686253862246,339.71940002741735
39.5,149.0995411898274,-1.6708187934866117,-11.687287173472008,-2.455615381499796,0.0,0.0,0.0,0.0,12.058787825388162,287.1808529822661,99546.60032658918,1.2075730176525503,339.7195451957148
39.55,149.0349361222171,0.22616294757868122,-11.815865547451763,-1.4409940062761206,0.0,0.0,0.0,0.0,11.905557191515177,287.18127291520557,99547.36539806896,1.2075805327326248,339.7197935746954
39.6,148.21538483068005,1.871425689622101,-7.9611078667230695,-3.378339392549644,0.0,0.0,0.0,0.0,8.848426392790426,287.18659999860057,99557.07116952432,1.2076758688179072,339.7229443847407
39.65,148.4006898170837,1.3928167774609814,-8.485916233428064,0.07375665371572948,0.0,0.0,0.0,0.0,8.599776330829894,287.1853955161889,99554.87657498578,1.20765431230884,339.7222319720787
39.7,148.2830027989908,-2.756128829840107,-10.760481573130606,1.2277251589777904,0.0,0.0,0.0,0.0,11.175487411220423,287.18616048180655,99556.27035532088,1.2076680027928428,339.72268442484614
39.75,148.54576627061488,-3.7068482465251105,-9.268945589759658,4.742125217120144,0.0,0.0,0.0,0.0,11.051779397162164,287.184452519241,99553.15844029016,1.2076374357861064,339.72167421862764
39.8,147.73919896625733,-6.791055035079594,-8.73010471894169,-2.6969574956520135,0.0,0.0,0.0,0.0,11.384495448921811,287.1896952067193,99562.71088927709,1.2077312648182963,339.7247750940815
39.85,147.64391998051286,-11.164810158463343,-7.717791837857236,-0.5822113682899028,0.0,0.0,0.0,0.0,13.58514875900842,287.19031452012666,99563.83935949804,1.2077423491159691,339.72514139551595
39.9,147.31828046131082,-2.296730464827244,-6.966143894850051,3.368032772581938,0.0,0.0,0.0,0.0,8.071293350449368,287.1924311770015,99567.69626400838,1.2077802330346195,339.7263933183608
39.95,147.27837772624767,-7.469049021039396,-7.435691106162819,1.6108662734891073,0.0,0.0,0.0,0.0,10.661664300475001,287.1926905447794,99568.16888400461,1.207784875260886,339.7265467243184
40.0,147.34321836835232,-4.025280423527386,-11.489923524376817,-3.7585931779732262,0.0,0.0,0.0,0.0,12.741595181199544,287.1922690806057,99567.40089285883,1.2077773318016505,339.7262974446091
40.05,146.5942794644447,1.8609172574424315,-15.647581372029443,-3.488136395848803,0.0,0.0,0.0,0.0,16.13929711447729,287.19713718348106,99576.27183212324,1.207864464382593,339.72917672747144
40.1,146.79549211610862,-6.150583534742493,-9.248758897640066,7.2119505124409535,0.0,0.0,0.0,0.0,13.243166130439468,287.1958293012453,99573.88847042469,1.207841054553852,339.728403171256
40.15,146.56782325507302,-0.6190819124530411,-5.411940556666394,7.32477486531931,0.0,0.0,0.0,0.0,9.128235855346343,287.197309148842,99576.58520907538,1.2078675424222733,339.72927843747163
40.2,146.64187636267937,-7.1746094175885,-7.186723968334411,5.524239425872576,0.0,0.0,0.0,0.0,11.560330571672544,287.1968278036426,99575.70804320369,1.2078589267509707,339.7289937427329
40.25,146.6211516923869,-7.0604351605761595,-5.486577673604668,3.714697719791897,0.0,0.0,0.0,0.0,9.682523347486669,287.19696251399944,99575.95352819917,1.2078613379475018,339.7290734180708
40.3,147.22449942178338,-5.754774319859661,-4.27314792324068,5.46952824497846,0.0,0.0,0.0,0.0,9.016260858528302,287.1930407537584,99568.80703773074,1.2077911434062651,339.7267538592051
40.35,146.49821995004024,-5.3632564622990815,-4.556539463391938,3.760304858970148,0.0,0.0,0.0,0.0,7.97912679396909,287.1977615703247,99577.40967233035,1.207875640426411,339.7295460248731
40.4,145.66751874947255,-5.521726100950259,-5.50455169874205,1.7974894649145743,0.0,0.0,0.0,0.0,8.001282204404381,287.2031611281284,99587.24989920529,1.2079722916544942,339.7327396094774
40.45,146.14259614215726,-5.1649282030987615,-5.7264761493144105,-1.5025981187222301,0.0,0.0,0.0,0.0,7.856641364999384,287.20007312507596,99581.62218446168,1.2079170161654922,339.73091320451584
40.5,145.7169793690702,-3.7424839539177026,-8.733366543466284,-1.2112512541391383,0.0,0.0,0.0,0.0,9.578361390578316,287.202839634101,99586.66398211458,1.2079665367967594,339.7325494617143
40.55,145.41938640587523,-2.007685228361991,-9.089867760706744,1.135125241767966,0.0,0.0,0.0,0.0,9.37789982873658,287.2047739883618,99590.18935014111,1.208001162744372,339.73369353466103
40.6,144.96933115483597,0.5517636831852304,-12.068788129393765,0.48567290274861863,0.0,0.0,0.0,0.0,12.091152477855129,287.20769934749353,99595.52102030154,1.20805352963724,339.73542372966824
40.65,144.63217120936037,4.194565736101436,-11.036947101743165,3.7484542109414773,0.0,0.0,0.0,0.0,12.387876816173057,287.2098908871391,99599.51540492233,1.208092761555552,339.73671990353733
40.7,144.3079089003833,1.5369544636692614,-9.974594678728552,3.8166758697553265,0.0,0.0,0.0,0.0,10.789892618700401,287.2119985921475,99603.35711167229,1.2081304936248594,339.73796648921405
40.75,144.70157288290622,-2.0477802603800903,-8.035015219716314,5.8737459003751935,0.0,0.0,0.0,0.0,10.161484363913058,287.2094397762611,99598.69318224759,1.2080846858998162,339.7364530969352
40.8,143.9297928377926,-6.999112824100575,-6.014458281543849,6.508979409966723,0.0,0.0,0.0,0.0,11.292834086459044,287.2144563465543,99607.83700380307,1.20817449340618,339.73942010309867
40.85,143.4910316220319,-9.241049845356713,-8.075606058767839,3.678748000754655,0.0,0.0,0.0,0.0,12.811932028926453,287.21730829445676,99613.0356198884,1.2082255517464096,339.7411068509275
40.9,143.39638281674874,-7.694271286339022,-6.476656887640027,1.8795034513512319,0.0,0.0,0.0,0.0,10.231394249643465,287.2179235116911,99614.15708510375,1.208236566179092,339.74147071213326
40.95,143.35115561885317,-4.141246300660912,-6.915989427573215,2.9148884660439367,0.0,0.0,0.0,0.0,8.571896257801896,287.2182174884774,99614.69297217317,1.208241829367489,339.7416445802522
41.0,143.00251128075442,-5.940330290973403,-8.020240758725866,0.14154223267676871,0.0,0.0,0.0,0.0,9.981574024041244,287.2204836766751,99618.82406021774,1.208282402463951,339.742984879961
41.05,143.08392601925482,-4.3780856954678935,-9.942101846370182,0.7510051662045739,0.0,0.0,0.0,0.0,10.889308161684282,287.21995448087483,99617.85936426713,1.2082729278211728,339.7426718962885
41.1,142.59628056281386,-2.7414135496967202,-8.808633460465073,2.8719042404139485,0.0,0.0,0.0,0.0,9.66204976479594,287.2231241763417,99623.63766447359,1.208329678425995,339.7445465533574
41.15,142.45424753240255,2.7891740245937426,-12.002735388669773,2.8789189347015416,0.0,0.0,0.0,0.0,12.65437958899911,287.22404739103933,99625.32071999091,1.2083462081552596,339.74509256946885
41.2,142.57190391085672,3.6927342318611838,-11.97475555365969,6.570380769176802,0.0,0.0,0.0,0.0,14.149238853345835,287.2232826245794,99623.92652000235,1.2083325153556115,339.74464026433105
41.25,142.96503658649638,-3.88599396686896,-7.48886318122829,4.55081104068999,0.0,0.0,0.0,0.0,9.586130709820548,287.2207272621878,99619.26810626459,1.2082867636017876,339.74312894428846
41.3,143.27082162339659,-6.940557201381144,-5.180822712968915,9.013582832752661,0.0,0.0,0.0,0.0,12.500277346193233,287.2187396594479,99615.64483768152,1.208251178054306,339.7419534101468
41.35,143.3598887994436,-7.740948455203165,-4.3557332737168695,4.393964083304175,0.0,0.0,0.0,0.0,9.909672835328301,287.2181607228036,99614.58949446515,1.2082408130667077,339.7416110070609
41.4,142.8639326171165,-7.37177720748853,-6.465553709345152,2.023726577984518,0.0,0.0,0.0,0.0,10.012090352554514,287.2213844379887,99620.46611784065,1.2082985296910427,339.7435176189452
41.45,142.43423254393008,-7.681514169436494,-5.963069615878254,2.1888273715952993,0.0,0.0,0.0,0.0,9.967689022120867,287.2241774884644,99625.55789439725,1.2083485375029828,339.74516951281174
41.5,142.18494036512354,-6.044091970585634,-6.478165057039974,0.47273642848325387,0.0,0.0,0.0,0.0,8.872494011605,287.2257978876267,99628.51200508201,1.2083775504565066,339.7461278618206
41.55,141.65497962460162,-3.6826237303247207,-11.418155718430896,1.072825658268632,0.0,0.0,0.0,0.0,12.045204541332057,287.22924263244005,99634.79227205245,1.2084392297592055,339.7481651704666
41.6,141.00483583730409,-4.364349859548795,-11.084054988390063,3.6787455286666924,0.0,0.0,0.0,0.0,12.467437320752145,287.2334685670575,99642.4971986347,1.208514899815186,339.75066447770695
41.65,140.17129167059278,0.3839240089933086,-9.574217964631238,5.165720049198507,0.0,0.0,0.0,0.0,10.885665386444709,287.2388866041411,99652.37632939329,1.2086119210937072,339.7538687926985
41.7,140.34117208905982,-1.6859273196047497,-9.394980047846136,5.792678578346994,0.0,0.0,0.0,0.0,11.165264266395882,287.2377823814211,99650.36284940051,1.2085921471944585,339.75321573992744
41.75,139.55865171508697,-3.05635896122431,-8.019169350440396,5.956437510817965,0.0,0.0,0.0,0.0,10.446413498956382,287.2428687638519,99659.63781831028,1.2086832337858817,339.75622388725884
41.8,140.45213369139537,-3.579259449404135,-6.8362786797505555,7.850695301063629,0.0,0.0,0.0,0.0,11.008143399479467,287.23706113100593,99649.04771286603,1.2085792315161006,339.7527891816598
41.85,140.2609654509706,-7.656028956981905,-5.0728043544665695,6.512246788750788,0.0,0.0,0.0,0.0,11.258662515877958,287.23830372456865,99651.31348141078,1.2086014831306156,339.75352406971797
41.9,140.5771670359042,-5.609484495970358,-4.0407424221864385,4.6220963722768635,0.0,0.0,0.0,0.0,8.316110299148509,287.2362484142666,99647.56581239545,1.2085646780454593,339.75230852820016
41.95,139.98353431068278,-8.678600347278625,-6.4146535996240654,2.410574027079571,0.0,0.0,0.0,0.0,11.057881891708975,287.2401070269805,99654.60173124814,1.2086337761377883,339.7545905663861
42.0,139.57273761323026,-9.70032450707438,-6.975661806239657,1.472487561359507,0.0,0.0,0.0,0.0,12.03845392049731,287.24277720551396,99659.4708563933,1.2086815941189633,339.75616973879943
42.05,138.94303334075417,-5.065730931948543,-6.1351569122988545,3.227571770738756,0.0,0.0,0.0,0.0,8.585976924537963,287.2468702832851,99666.9350413636,1.2087548964153367,339.7585904149353
42.1,138.85387924170266,-2.0624857535940055,-9.09224470461806,1.0118163883679183,0.0,0.0,0.0,0.0,9.377981320956195,287.2474497849289,99667.9918639877,1.2087652748954314,339.7589331350529
42.15,138.19751713609838,0.6774989986619055,-10.72967792976843,1.9887775175765912,0.0,0.0,0.0,0.0,10.93344544890428,287.25171613861534,99675.77258559328,1.2088416844851984,339.7614562669305
42.2,137.97009048313737,1.2750897331066098,-10.480336640824666,2.037954437195377,0.0,0.0,0.0,0.0,10.7525145068756,287.25319441185957,99678.46868697403,1.2088681609421388,339.7623305169277
42.25,137.97491822440523,0.09704443253825401,-9.200830031739583,2.550225675819952,0.0,0.0,0.0,0.0,9.548211449923961,287.25316303154136,99678.41145437077,1.2088675989036524,339.76231195864784
42.3,137.8811857732214,-1.96774072570968,-6.93204907494733,6.711965003810402,0.0,0.0,0.0,0.0,9.847628250166137,287.253772292474,99679.52265210566,1.2088785111325104,339.76267227459897
42.35,137.45386469815645,-6.076423756701693,-7.413688935390483,6.3619431465344265,0.0,0.0,0.0,0.0,11.50478291413951,287.25654987946194,99684.58866839345,1.208928260336904,339.76431493030486
42.4,137.26136425946947,-8.747888363845579,-6.633141199646356,5.062762005523429,0.0,0.0,0.0,0.0,12.08948601576272,287.25780113231343,99686.87088549088,1.2089506719680956,339.7650549144847
42.45,137.2490439137667,-7.9579925004211445,-5.923579954382778,4.662484229938448,0.0,0.0,0.0,0.0,10.961624118129091,287.2578812145605,99687.01695259132,1.2089521063602935,339.7651022746383
42.5,136.87872745908942,-7.97270128245944,-7.157675809449438,1.0621617286570604,0.0,0.0,0.0,0.0,10.76682294227651,287.2602882715159,99691.40741765588,1.2089952209394925,339.7665257903935
42.55,136.67921351559718,-5.458850604574406,-7.022787957898768,2.3508073718919777,0.0,0.0,0.0,0.0,9.200266079000757,287.2615851121486,99693.77291619747,1.2090184500997783,339.76729272992003
42.6,136.92425943933623,-1.267841940497488,-7.213077830875725,-0.1362544549302656,0.0,0.0,0.0,0.0,7.324921860118621,287.2599923136443,99690.86758289477,1.2089899197555187,339.76635076340955
42.65,136.60092823834435,-3.373838545235087,-12.79158272737276,-1.04527006913868,0.0,0.0,0.0,0.0,13.270266188662996,287.2620939664507,99694.70110288443,1.2090275648505093,339.7675936611636
42.7,136.52551931056584,-3.9275790609302748,-10.637109614685224,3.570833560933049,0.0,0.0,0.0,0.0,11.888012052255522,287.2625841244813,99695.59519284988,1.2090363447577308,339.7678835353708
42.75,136.4382101151093,0.35254761536846346,-8.723694928119622,3.8912361964537334,0.0,0.0,0.0,0.0,9.558706092175537,287.26315163425176,99696.63038708303,1.2090465102812713,339.76821915425927
42.8,135.83356268703176,-2.149653006540155,-6.074553358052008,6.112444314251217,0.0,0.0,0.0,0.0,8.881620462684166,287.26708184253425,99703.79971652491,1.2091169119646767,339.7705434260881
42.85,136.04086669303842,-4.28233024161245,-5.540448958426307,6.878424714609002,0.0,0.0,0.0,0.0,9.81568405734922,287.2657343664952,99701.34165736624,1.209092774320262,339.76974654884066
42.9,135.90283963640397,-8.0669801394644,-5.733906805903539,5.2028932012673135,0.0,0.0,0.0,0.0,11.18141106896145,287.26663154236337,99702.97827571012,1.209108845594401,339.770277125486
42.95,135.42729074076112,-8.80810351602481,-7.330367791634993,4.112850306446801,0.0,0.0,0.0,0.0,12.175077706236124,287.26972261018506,99708.61713419759,1.2091642177047288,339.77210513129984
43.0,135.56036119074204,-6.7940070110994775,-9.680707977350638,3.479312317140849,0.0,0.0,0.0,0.0,12.328027109388474,287.2688576522602,99707.03921483574,1.2091487230107842,339.77159361063985
43.05,134.8394427879199,-1.6919187387477117,-8.065192715546297,4.22872959670025,0.0,0.0,0.0,0.0,9.262401230751957,287.2735436218785,99715.58794450868,1.2092326684088581,339.774364800119
43.1,134.91772031107226,0.3602296736561983,-8.706938567267965,2.7473237846716887,0.0,0.0,0.0,0.0,9.137195007757224,287.273034817978,99714.65969231214,1.2092235533781328,339.7740639046789
43.15,135.01184220800502,-3.8816048423871132,-9.376333662690147,0.4804186970284021,0.0,0.0,0.0,0.0,10.159394235435201,287.2724230256479,99713.54355924073,1.2092125934179838,339.7737021037931
43.2,134.61119173732803,-5.305832411541538,-8.298939676585736,1.4079549002346574,0.0,0.0,0.0,0.0,9.950205743403924,287.2750272537073,99718.2946942572,1.2092592474157886,339.77524218584165
43.25,134.60780672781814,-3.266986618833915,-7.873516640438261,3.0156427665754717,0.0,0.0,0.0,0.0,9.042099709165843,287.27504925626914,99718.33483635425,1.209259641591231,339.7752551976334
43.3,135.20794281366017,1.3946164366661757,-8.938859326859866,4.373428347153284,0.0,0.0,0.0,0.0,10.048633567729146,287.2711483717112,99711.21815654571,1.2091897588607066,339.7729482995072
43.35,134.8073567670917,0.8961813018368028,-7.408144890501205,6.656896386780595,0.0,0.0,0.0,0.0,9.999901056948191,287.2737521810139,99715.96843786584,1.2092364046826034,339.7744881373292
43.4,134.65940991035998,-2.9117635503224286,-8.770927093381994,5.288033519828432,0.0,0.0,0.0,0.0,10.64757378735821,287.27471383558265,99717.72288677277,1.2092536325472012,339.77505683776377
43.45,134.7735532608231,-7.866228521786393,-7.692372726032511,5.610647675486123,0.0,0.0,0.0,0.0,12.350284071696992,287.27397190380464,99716.36929936432,1.2092403409594075,339.7746180764272
43.5,133.84908438379526,-7.738740667223729,-4.835564386301092,4.496711930299171,0.0,0.0,0.0,0.0,10.17306287372199,287.2799809515053,99727.33269101004,1.2093479952902462,339.7781716723154
43.55,133.03897028541715,-6.2857043063447895,-4.531743328300806,3.1468905556348847,0.0,0.0,0.0,0.0,8.363593509344193,287.28524669314476,99736.94073747026,1.209442339043403,339.78128566560883
43.6,133.20680484226585,-6.430363992432354,-6.053398782214116,0.989604351023569,0.0,0.0,0.0,0.0,8.886649237099814,287.28415576852524,99734.95013875101,1.2094227930107688,339.7806405295882
43.65,132.54084091575018,-7.413370021638361,-7.705485973294321,1.105339065669324,0.0,0.0,0.0,0.0,10.749620626443363,287.2884845340476,99742.84898126773,1.2095003526726311,339.7832004082864
43.7,132.80600017748873,-8.440698027789672,-9.400824043749545,-0.702041903012063,0.0,0.0,0.0,0.0,12.653605760077118,287.2867609988463,99739.70392853416,1.2094694711706857,339.7821811728896
43.75,133.6962770177812,7.710706380253409,-9.427008482523448,-1.354689759987974,0.0,0.0,0.0,0.0,12.253924520653207,287.2809741993844,99729.14494660636,1.209365790402577,339.7787590499244
43.8,133.03404725298628,0.5358030881408997,-12.38601144808794,-0.9724775519786624,0.0,0.0,0.0,0.0,12.435677590325717,287.28527869285557,99736.99912749285,1.2094429123839994,339.7813045891399
43.85,132.33121171267214,-3.5964284790807435,-10.251848006930501,-1.3874502985224195,0.0,0.0,0.0,0.0,10.952611729319079,287.2898471238676,99745.33544907947,1.2095247673501093,339.78400619168156
43.9,132.44571980468223,-2.0699572060135836,-11.556741975577564,0.8041860985402043,0.0,0.0,0.0,0.0,11.7681656686966,287.2891028212695,99743.97723188112,1.2095114310024584,339.78356603988897
43.95,132.47222919067823,-3.2811204363997124,-8.37309038878604,1.937896466703715,0.0,0.0,0.0,0.0,9.199447629754937,287.28893051026057,99743.66279768797,1.2095083435651854,339.78346414173603
44.0,132.65748734409993,-6.194276098685441,-9.403899383090065,1.4554768365736765,0.0,0.0,0.0,0.0,11.354329254334223,287.28772633226333,99741.46542864699,1.2094867674914642,339.78275203598355
44.05,132.64964781445514,-6.6879872834082095,-7.529226913897013,1.427721787795551,0.0,0.0,0.0,0.0,10.17137263732517,287.287777289206,99741.55841344832,1.2094876805155934,339.78278217004055
44.1,132.43291309935614,-6.118553922512946,-7.342432035986333,2.171374249379648,0.0,0.0,0.0,0.0,9.801167095639478,287.28918606485416,99744.1291355759,1.2095129225480052,339.78361526695625
44.15,132.47976357649776,-3.7565013254707185,-8.172407428628508,1.5585804314559182,0.0,0.0,0.0,0.0,9.128456515155397,287.28888153675274,99743.57343067494,1.2095074660678926,339.7834351806674
44.2,131.80657904962283,-2.6259628515183393,-9.530026338751632,-2.41308644955931,0.0,0.0,0.0,0.0,10.175464074326092,287.29325723617745,99751.55847681986,1.2095858708771605,339.7860227930258
44.25,131.5074828513335,-2.1137254434034753,-11.987001296778574,-3.8170871408530855,0.0,0.0,0.0,0.0,12.756417584099715,287.2952013614663,99755.10640261133,1.2096207074179066,339.78717246407706
44.3,131.35330770404184,0.3126266577967916,-10.89822912654105,-3.33073347436391,0.0,0.0,0.0,0.0,11.400128025553098,287.2962034999237,99756.93529218528,1.209638664912854,339.7877650836097
44.35,130.6056067126758,0.16197370000195824,-10.114607693420256,-2.1892185638886974,0.0,0.0,0.0,0.0,10.350082231159492,287.3010635563676,99765.80521674067,1.2097257560104306,339.79063908736134
44.4,130.37727692751272,-1.4216073291584228,-9.111216491594945,-0.9799712846590554,0.0,0.0,0.0,0.0,9.273380024229835,287.30254769997117,99768.51400429192,1.2097523524797449,339.79151673369864
44.45,130.28234268481245,-2.3222030050225615,-10.76803004284696,1.4406549006200617,0.0,0.0,0.0,0.0,11.109391717950677,287.3031647725487,99769.64027302124,1.209763410808091,339.7918816380759
44.5,130.10536835459808,-1.281292015564328,-9.68736328213287,1.3447452315200392,0.0,0.0,0.0,0.0,9.863825643575666,287.3043151056951,99771.73986593509,1.2097840257073724,339.7925618837553
44.55,129.92101022963183,-0.7189876874912573,-9.99900030786454,1.0747236605397432,0.0,0.0,0.0,0.0,10.08226072852528,287.3055134335074,99773.92709696387,1.2098055009956377,339.79327050947256
44.6,129.7433148478728,-1.2565578734153722,-9.111140465255879,-1.7786110477738422,0.0,0.0,0.0,0.0,9.367778580118578,287.3066684534888,99776.03531772873,1.2098262004382812,339.7939535239018
44.65,129.91961281035017,-0.018156661372886157,-9.522734312923083,-6.972721940755189,0.0,0.0,0.0,0.0,11.802611987266365,287.3055225167327,99773.94367614179,1.209805663777654,339.79327588079104
44.7,129.8694291262055,-1.806656053829113,-6.757235242753366,0.3436889375710323,0.0,0.0,0.0,0.0,7.003024797082632,287.30584871067964,99774.5390638704,1.2098115095655957,339.7934687738433
44.75,129.70269335725735,-5.266569385709837,-9.49075687864843,0.6383691656376408,0.0,0.0,0.0,0.0,10.872843897331805,287.3069324931778,99776.5172659329,1.209830932406934,339.79410966206194
44.8,129.59037412861477,-2.699932958917693,-9.61643872410352,3.0009856539313287,0.0,0.0,0.0,0.0,10.429355042963559,287.307662568164,99777.84987210495,1.2098440164679776,339.7945413868034
44.85,129.03787066560102,-1.0628765145909858,-9.767774399829149,2.245074616340251,0.0,0.0,0.0,0.0,10.078664755023956,287.31125384067354,99784.40523310115,1.2099083791433165,339.7966650527216
44.9,129.010239789782,-0.07430232352721931,-9.999501556280421,1.654840699499138,0.0,0.0,0.0,0.0,10.135780677878488,287.3114334413664,99784.73307796841,1.209911598010179,339.7967712575885
44.95,128.59985547077866,1.450155923434064,-8.6078938583198,3.3611836204079335,0.0,0.0,0.0,0.0,9.35394805461679,287.3141009394399,99789.6024578095,1.2099594066212525,339.7983486489196
45.0,128.38567987988745,-0.47172739681498355,-10.615156167715933,-1.3410155315645929,0.0,0.0,0.0,0.0,10.709920161131029,287.3154930807807,99792.1438162733,1.2099843580450471,339.7991718712295
45.05,128.3857922035734,-2.517792840860716,-9.775250606142674,1.3072132314646931,0.0,0.0,0.0,0.0,10.178585934937061,287.3154923506768,99792.14248345251,1.209984344959252,339.79917143949376
45.1,128.36580533155907,-3.4777677472475683,-10.270857143218686,2.813343510225256,0.0,0.0,0.0,0.0,11.202690599437632,287.31562226534487,99792.37964576496,1.2099866734468665,339.7992482625207
45.15,127.8013960164806,-3.1243783880337253,-8.845856411814248,0.8571827924018304,0.0,0.0,0.0,0.0,9.42049246640733,287.31929092589286,99799.0770611568,1.210052429028093,339.80141766094584
45.2,127.6250966183048,-5.7051903625482865,-4.9617530102285485,3.5399907413013434,0.0,0.0,0.0,0.0,8.348636083572282,287.320436871981,99801.16914641422,1.2100729690605443,339.80209529333837
45.25,127.8958469025613,-0.13988590664712164,-9.894625556613466,4.730624002276313,0.0,0.0,0.0,0.0,10.968226220468813,287.31867699513333,99797.95625908466,1.2100414249921172,339.8010546246645
45.3,127.25932470318953,-1.344482369731792,-10.201327852320237,-4.109445362736601,0.0,0.0,0.0,0.0,11.079813355032728,287.32281438942925,99805.509751138,1.2101155847306748,339.80350118661215
45.35,127.16274384317262,-1.5176988240073936,-8.384934735343759,2.36610700613508,0.0,0.0,0.0,0.0,8.843585392862401,287.32344216501934,99806.65589891716,1.2101268374485197,339.8038724070936
45.4,127.56279882237618,-5.932284417334057,-3.196804317665711,6.210345790033187,0.0,0.0,0.0,0.0,9.164057566677194,287.3208418076545,99801.90842175386,1.2100802272248237,339.8023347436596
45.45,126.77568956914573,-4.495161937872773,-8.691229096019434,5.03160912284961,0.0,0.0,0.0,0.0,11.002773941708442,287.32595801780053,99811.24926995521,1.21017193427323,339.8053600940007
45.5,126.92064167729147,-3.669865934986477,-7.413585430201899,5.565659858925569,0.0,0.0,0.0,0.0,9.970242453267193,287.3250158290976,99809.52902909985,1.2101550453288734,339.80480295493095
45.55,126.7446056619473,-3.5787960991892662,-7.892437872172811,1.4119588427632137,0.0,0.0,0.0,0.0,8.780204146791647,287.32616006319734,99811.61816600602,1.2101755560058791,339.80547956823347
45.6,126.38803428433465,-4.337588688141661,-7.591079691464149,2.3901008972506848,0.0,0.0,0.0,0.0,9.063760191481926,287.3284777771518,99815.84994507123,1.210217102412154,339.80685008443254
45.65,126.38950855851145,-2.373874277582743,-10.503815811353824,0.2203181941303125,0.0,0.0,0.0,0.0,10.770977940339513,287.32846819436963,99815.83244812765,1.210216930632816,339.80684441793005
45.7,126.04271650392553,-0.5479271996420383,-7.586758934595062,2.9877732193001787,0.0,0.0,0.0,0.0,8.172265546207669,287.33072234272447,99819.94830523661,1.2102573386300806,339.8081773410856
45.75,125.64354460837708,-4.027242696959296,-9.395341467541437,3.282277085590508,0.0,0.0,0.0,0.0,10.736129092857825,287.3333169600455,99824.68599590994,1.2103038511720385,339.80971158390025
45.8,125.6049683344704,-1.0262888115644484,-7.989696481705594,5.007582167577681,0.0,0.0,0.0,0.0,9.484956392074931,287.33356770582594,99825.14385956836,1.21030834625174,339.8098598539193
45.85,125.19768240159192,-1.7370366730938018,-10.362972599801592,2.675021289213124,0.0,0.0,0.0,0.0,10.842704293932156,287.33621506438965,99829.9780597346,1.2103558058066843,339.8114252757348
45.9,125.22474748267572,-0.2129227562986611,-9.342757850745436,2.8318860333418048,0.0,0.0,0.0,0.0,9.764836858015174,287.33603914136256,99829.65681020518,1.2103526519666283,339.81132125010106
45.95,125.13541609276005,-2.57502757304079,-9.553318465797394,1.7105844832528727,0.0,0.0,0.0,0.0,10.041053728828032,287.33661979539704,99830.71713412931,1.210363061599649,339.8116645984599
46.0,124.81017675438345,-4.42983762468231,-8.756814009642213,3.012118729843913,0.0,0.0,0.0,0.0,10.265384173190677,287.3387338510965,99834.57765767131,1.2104009617582567,339.8129146644373
46.05,124.95736022934322,-3.281342672964602,-7.015111392865756,4.188759477808019,0.0,0.0,0.0,0.0,8.804811386660132,287.33777715850925,99832.83060535253,1.2103838103470794,339.81234896143803
46.1,124.76963283368973,-3.6152131427147585,-7.757498629108128,4.828622853580921,0.0,0.0,0.0,0.0,9.826705944007685,287.338997386581,99835.05891408128,1.2104056864072865,339.8130704957438
46.15,124.54488931893525,-2.822648837204177,-8.91629520119556,4.20445675085517,0.0,0.0,0.0,0.0,10.254029605128155,287.3404582194269,99837.7266540641,1.2104318763905066,339.81393430028896
46.2,124.44155287770876,1.249048695222742,-7.541256336964405,4.539570092459798,0.0,0.0,0.0,0.0,8.89035243436383,287.3411299062949,99838.9532928393,1.210443918617236,339.81433147447257
46.25,124.22097535449379,-2.358024836490594,-9.221383675304239,2.709013138800441,0.0,0.0,0.0,0.0,9.896107831004441,287.34256366019576,99841.57166404037,1.2104696237431325,339.8151792638505
46.3,124.29903202648298,-3.2032842122335556,-7.703306583756844,3.3668142122748375,0.0,0.0,0.0,0.0,8.996521550447824,287.3420562918278,99840.64508393742,1.2104605273171574,339.8148792533912
46.35,123.61524296788123,-5.624002039007492,-7.105165752084788,4.2222293544278084,0.0,0.0,0.0,0.0,9.996999550902805,287.34650092070876,99848.76231203052,1.21054021525602,339.8175073844861
46.4,123.62530138238535,-5.386679465526932,-6.132250318952312,5.964464495985959,0.0,0.0,0.0,0.0,10.109186236413754,287.3464355410145,99848.64290518769,1.2105390430316383,339.81746872529595
46.45,123.08815337630563,-3.593927740647887,-5.79291491853165,5.897227078244825,0.0,0.0,0.0,0.0,9.013959566734753,287.349927003054,99855.01973275936,1.2106016443702041,339.81953323009157
46.5,123.32274293066061,-3.2573903739018166,-8.762975416395118,3.214545550712305,0.0,0.0,0.0,0.0,9.886032232090773,287.3484021709507,99852.23472954225,1.2105743040774433,339.818631596974
46.55,123.14204181446759,-0.9168058220113809,-7.292798683179714,3.511348288666532,0.0,0.0,0.0,0.0,8.145858601337437,287.34957672820593,99854.37997375781,1.210595363888177,339.81932611280973
46.6,122.96240471626598,-3.269899150471897,-8.956350876938156,2.098080137696785,0.0,0.0,0.0,0.0,9.762704632901965,287.3507443693442,99856.51262317473,1.2106162999707504,339.82001653773773
46.65,122.84593786298386,-4.455355722372507,-8.176856079374966,2.938216616809145,0.0,0.0,0.0,0.0,9.764439914453986,287.3515014038906,99857.89533593015,1.2106298739277475,339.8204641706875
46.7,122.58720544621357,-7.043687906224728,-7.087355266114879,4.202382447296499,0.0,0.0,0.0,0.0,10.839933681613026,287.3531831645996,99860.96710325271,1.2106600290416252,339.8214585901803
46.75,122.36787626280906,-10.01495902912646,-8.357522231148362,4.377893983425518,0.0,0.0,0.0,0.0,13.759125623720937,287.35460880429173,99863.57112067968,1.2106855921814175,339.8223015638919
46.8,122.54975189876636,-8.263499330911062,-6.275357017972923,6.299681999277633,0.0,0.0,0.0,0.0,12.138843445197413,287.353426612658,99861.41177201453,1.2106643942785797,339.8216025399634
46.85,122.2300249710877,-2.4119635634075056,-7.390715295494392,5.15023360574324,0.0,0.0,0.0,0.0,9.325510549240036,287.35550483768793,99865.20780820167,1.2107016591640996,339.82283138294525
46.9,121.99716394811702,-3.448974087200562,-7.413716801190646,3.6616855175374603,0.0,0.0,0.0,0.0,8.959160668934395,287.3570184343372,99867.97258121696,1.2107288001872396,339.82372636148745
46.95,121.7434652318293,-3.0245572441297632,-11.092783372458403,-0.9112184313982329,0.0,0.0,0.0,0.0,11.533781188362612,287.35866747599306,99870.98483197292,1.2107583704691838,339.8247014249808
47.0,121.71943296453348,-4.90918952914455,-7.961070654296536,2.576207401496165,0.0,0.0,0.0,0.0,9.701321166278724,287.3588236857305,99871.27017903404,1.210761171619297,339.8247937902479
47.05,121.42825388093578,-5.996803096812795,-6.624170206241967,5.549397859629156,0.0,0.0,0.0,0.0,10.518416939238715,287.3607163497739,99874.7275455558,1.2107951112297461,339.8259129017145
47.1,121.16504108820651,-5.009696773667143,-7.217086053720445,5.998841001262177,0.0,0.0,0.0,0.0,10.63811478737287,287.3624272329266,99877.85293275987,1.2108257917371348,339.82692452496497
47.15,120.60739968701036,-6.737133163355448,-8.343028404499991,5.587945483179779,0.0,0.0,0.0,0.0,12.092155347251653,287.3660519020344,99884.47462520897,1.2108907932824828,339.8290677353404
47.2,120.97716353054119,-4.405668859951107,-9.003728992182106,4.325769686378084,0.0,0.0,0.0,0.0,10.917386923975492,287.36364843705144,99880.08383824943,1.2108476914118627,339.8276466054489
47.25,120.40744653725777,-1.0475603956200152,-9.119534110537549,3.392501487725079,0.0,0.0,0.0,0.0,9.786334938062682,287.3673515975078,99886.84904816415,1.2109141014986495,339.82983622173384
47.3,120.80110265623243,-4.0359988084075304,-8.184889131167534,4.234309481836948,0.0,0.0,0.0,0.0,10.06037142748446,287.36479283273445,99882.17446608392,1.2108682139670846,339.8283232688102
47.35,120.37656153646361,-5.428270005124133,-4.547519040067223,6.896614331148644,0.0,0.0,0.0,0.0,9.884803179674805,287.36755235001294,99887.2158084265,1.210917701743981,339.8299549228992
47.4,120.3749497272335,-10.024189850883173,-6.854781081283935,3.166166284715361,0.0,0.0,0.0,0.0,12.54978146348954,287.36756282677294,99887.23494873685,1.210917889631805,339.8299611176084
47.45,119.89998994873955,-8.613167252138677,-5.205395168115055,7.176970196559222,0.0,0.0,0.0,0.0,12.360893583064657,287.37065006533317,99892.87524780972,1.2109732564356206,339.83178653821574
47.5,120.29491641345214,-6.78285129646549,-9.057746708794264,3.342815722096102,0.0,0.0,0.0,0.0,11.79933320584387,287.36808304331254,99888.18535183459,1.2109272191046234,339.8302687116261
47.55,120.0095862781084,-5.723066128244766,-6.21668778264187,1.45476186632133,0.0,0.0,0.0,0.0,8.574206959411113,287.3699376891923,99891.57373350528,1.2109604804483072,339.8313653257387
47.6,120.13531759853879,-4.185711704042225,-10.31055888398409,-2.899787684352467,0.0,0.0,0.0,0.0,11.499416314917099,287.3691204356095,99890.08062457119,1.210945823681567,339.83088210087436
47.65,119.64412428139657,-3.180631921426726,-12.359331629535777,-1.696133649422143,0.0,0.0,0.0,0.0,12.874252098865558,287.3723131921709,99895.91384121786,1.2110030838990975,339.8327699068142
47.7,119.56273397965364,-0.9457675338082784,-9.080962951853486,2.2602110770390214,0.0,0.0,0.0,0.0,9.405685433487092,287.37284222913223,99896.8804267372,1.2110125720669562,339.83308271358953
47.75,118.48435988862235,-0.5087497726583982,-11.357087518744025,1.3043531801822807,0.0,0.0,0.0,0.0,11.44305905159293,287.37985166072394,99909.68783677608,1.2111382901332712,339.83722719398344
47.8,118.35587549304967,-0.44264296879836756,-10.773720516796324,3.651808987128731,0.0,0.0,0.0,0.0,11.384405801373159,287.3806868092951,99911.21388227274,1.211153269654496,339.8377209905508
47.85,118.10044216537945,-3.8945623029400633,-10.119285105360213,3.863612505923199,0.0,0.0,0.0,0.0,11.51064933750364,287.38234712592504,99914.24779219307,1.2111830501039171,339.8387026803973
47.9,118.27398924222022,-3.6056406581944467,-7.54470390075166,5.239154119828974,0.0,0.0,0.0,0.0,9.867721996355751,287.3812190699255,99912.18647827595,1.2111628165440504,339.8380356988178
47.95,118.38849355835868,-2.5748479825705006,-5.7843008700735865,4.859095440447059,0.0,0.0,0.0,0.0,7.9811519963132405,287.38047479187065,99910.8264665004,1.2111494668212868,339.83759563151494
48.0,118.12066735665151,-3.782981568993251,-5.7332622129855,3.6969798035488854,0.0,0.0,0.0,0.0,7.800570801040036,287.38221566218175,99914.00756471901,1.2111806920697963,339.838624950374
48.05,117.96736028857022,-6.804863001173727,-7.291760393712763,1.594042044427128,0.0,0.0,0.0,0.0,10.100341585484257,287.38321215812425,99915.82850204008,1.211198566069801,339.8392141439616
48.1,117.54385904502337,-5.508530519972333,-7.27081994705126,1.573570434984433,0.0,0.0,0.0,0.0,9.256611426745872,287.38596491620734,99920.85886782147,1.2112479429321736,339.8408417493051
48.15,117.66673926993651,-3.837101324055255,-6.457388973652151,2.66559679554658,0.0,0.0,0.0,0.0,7.970359164086595,287.3851661947454,99919.39927016574,1.211233615920842,339.84036949527103
48.2,117.20856213759251,-2.9207232721165597,-7.030064221552759,4.127498600322267,0.0,0.0,0.0,0.0,8.659599995790899,287.3881443461056,99924.84168419968,1.2112870369657214,339.8421303610979
48.25,116.9949524546154,-2.9246536749571233,-6.912220105667186,3.062724785942344,0.0,0.0,0.0,0.0,8.106335116565035,287.38953280904497,99927.37910879667,1.2113119433478228,339.84295130246693
48.3,116.63411952140359,-3.11309715784473,-8.379092054958319,1.689030539082052,0.0,0.0,0.0,0.0,9.096888574759962,287.39187822311084,99931.66548599307,1.2113540165014018,339.844338045408
48.35,116.41277314711127,-3.5173157848940746,-8.44486911477478,2.2306860257904733,0.0,0.0,0.0,0.0,9.416118353228091,287.3933169745438,99934.29495949316,1.2113798260624797,339.8451887147439
48.4,116.19777542591487,-2.6462750809681816,-9.506133375293203,3.195965921434187,0.0,0.0,0.0,0.0,10.37224863392626,287.3947144597315,99936.84906811414,1.2114048957569161,339.8460149831572
48.45,116.27162499015004,-2.0913634234239304,-8.427587555792453,4.639544862260346,0.0,0.0,0.0,0.0,9.844968740849797,287.394234437564,99935.97175142005,1.2113962845231736,339.84573116845803
48.5,115.68204347524731,-0.1979023506171238,-9.643944983262609,3.590571275656503,0.0,0.0,0.0,0.0,10.292572189017932,287.39806671741087,99942.9760249037,1.211465034023553,339.8479970100249
48.55,115.45527319498878,-1.9251613985237748,-11.135730476524094,2.565356424362983,0.0,0.0,0.0,0.0,11.588433597349297,287.39954072423257,99945.67017902355,1.2114914778853232,339.8488685148846
48.6,115.61071914767321,-2.108779574107077,-8.835388227863174,3.2490984896902533,0.0,0.0,0.0,0.0,9.647159033878413,287.3985303255401,99943.82339032204,1.2114733511622109,339.8482711180459
48.65,115.2219540704516,-0.3491437670574652,-5.264341336155005,3.781452866940764,0.0,0.0,0.0,0.0,6.491115224560404,287.401057298542,99948.44219835073,1.2115186858739055,339.84976518539054
48.7,115.48422935499907,-4.035879651042157,-3.5648363352027554,4.988348251637274,0.0,0.0,0.0,0.0,7.34029978502858,287.3993525091925,99945.32616083743,1.2114881012600056,339.8487572330804
48.75,114.86814022415355,-7.086316187256928,-3.4876089682899125,4.691747979223962,0.0,0.0,0.0,0.0,9.186500559082763,287.403357088543,99952.64591091135,1.2115599459772708,339.8511249255662
48.8,114.42460328775788,-8.111547664478369,-5.586057937834129,3.2376377357278776,0.0,0.0,0.0,0.0,10.36742720764189,287.40624007862954,99957.91583847265,1.211611670683049,339.8528294724039
48.85,114.12536287549547,-4.477333385079876,-5.8864657505837625,6.751334827196706,0.0,0.0,0.0,0.0,10.013866147640762,287.4081851413093,99961.47141984574,1.2116465686685576,339.85397947168127
48.9,114.09192622395771,0.6817337103529598,-8.253430217023464,4.9832625033934645,0.0,0.0,0.0,0.0,9.665235453771155,287.40840247954424,99961.86872125934,1.2116504681621596,339.8541079705444
48.95,113.64322356474582,1.6110516741509828,-8.223992647673107,3.9100794133410823,0.0,0.0,0.0,0.0,9.247608533258735,287.41131904682914,99967.20042551638,1.2117027982887938,339.85583235446944
49.0,113.08502878428294,-1.961737917230149,-9.364681246083109,2.4031208224753318,0.0,0.0,0.0,0.0,9.865123424674103,287.41494731290214,99973.83349007464,1.211767900391136,339.85797750918834
49.05,112.92587508862891,-3.534962466193135,-7.3975749526502685,4.079709763725399,0.0,0.0,0.0,0.0,9.157734794899294,287.41598181192387,99975.72478899006,1.2117864629327366,339.8585891378322
49.1,113.07085194607154,-6.496261310152878,-6.027752398392362,4.86576795200679,0.0,0.0,0.0,0.0,10.109941035876046,287.41503946235053,99974.00195899743,1.2117695538666857,339.8580319909106
49.15,112.79300698998907,-6.986647362662936,-7.086246562925396,4.6176757207868455,0.0,0.0,0.0,0.0,10.97046310704891,287.416845454565,99977.30374586803,1.211801959878096,339.85909974991995
49.2,112.60272410223801,-4.8296750949795015,-7.248278158865171,5.2244611740511235,0.0,0.0,0.0,0.0,10.156687075543617,287.41808229333543,99979.56503469447,1.2118241536072758,339.8598310056996
49.25,112.37615452491171,-4.0226658415652885,-6.9349058386301135,4.258366318498635,0.0,0.0,0.0,0.0,9.077909625353506,287.41955499558804,99982.25760225872,1.2118505800561863,339.8607017089163
49.3,112.55391235348327,-3.9797336652293134,-8.196789150313643,3.3759954819559796,0.0,0.0,0.0,0.0,9.717148651484456,287.41839956970233,99980.14511172293,1.2118298468374002,339.8600185886482
49.35,112.40024756959544,-2.6094487511634576,-7.603815457785556,3.1493419437600627,0.0,0.0,0.0,0.0,8.633978629793654,287.4193983907976,99981.9712761618,1.2118477698891366,339.8606091198417
49.4,112.46925154317778,-3.425944076212766,-6.895926515998149,4.236855913038584,0.0,0.0,0.0,0.0,8.788733888065659,287.4189498649693,99981.1512241439,1.2118397214240806,339.8603439388526
49.45,111.82088737164604,-2.9692530460870694,-5.76608955661016,6.243695379135813,0.0,0.0,0.0,0.0,9.002665406088799,287.4231642320843,99988.8566814387,1.211915346745575,339.86283558216206
49.5,111.64592195970323,-3.709142194531256,-5.96308039848486,6.123302591724201,0.0,0.0,0.0,0.0,9.317236622940452,287.42430150726193,99990.93613306052,1.2119357553634404,339.8635079656587
49.55,111.40459663302804,-5.240584038518808,-6.367173491306729,4.797643613472167,0.0,0.0,0.0,0.0,9.540545245166415,287.4258701218853,99993.80432506267,1.2119639048805473,339.8644353648702
49.6,111.29800419386437,-6.998432328083077,-6.621979656208286,3.8426086957471037,0.0,0.0,0.0,0.0,10.372767769820454,287.4265629727399,99995.07121529963,1.2119763385698108,339.8648449926161
49.65,110.76180468249011,-6.912308357198417,-7.588519078674151,3.0225797240072216,0.0,0.0,0.0,0.0,10.700542828304377,287.43004826956377,100001.44434030376,1.21203888611946,339.86690556464833
49.7,110.80199162408016,-4.9147968898086765,-7.823559383600467,2.8078224700483503,0.0,0.0,0.0,0.0,9.656457783271481,287.42978705444347,100000.96667758646,1.212034198236366,339.86675112986444
49.75,110.96161620140721,-4.882018514154211,-7.463804525746681,3.4056790497990654,0.0,0.0,0.0,0.0,9.546786504439146,287.4287494946908,99999.06939520524,1.2120155778630928,339.8661377063496
49.8,110.2866765159475,-6.097851014335413,-6.696424467768254,2.7134882873056516,0.0,0.0,0.0,0.0,9.454570658200282,287.4331366026463,100007.09186236415,1.212094311774365,339.868731433925
49.85,110.38110799666214,-5.522739031119697,-4.802631753779113,4.888791911815546,0.0,0.0,0.0,0.0,8.80148876754913,287.4325227980217,100005.96939967271,1.212083295799338,339.8683685441188
49.9,110.31290332598198,-7.240412306937724,-5.727593333133071,4.458831983728884,0.0,0.0,0.0,0.0,10.25232063599892,287.4329661283811,100006.7801155592,1.2120912522585379,339.8686306472142
49.95,109.14212156436152,-6.165579521202704,-6.550784009915137,3.052391218350429,0.0,0.0,0.0,0.0,9.49969652813693,287.44057620983165,100020.69746106851,1.212227836778818,339.87312980205576
50.0,109.67887184708455,0.7012479047483001,-6.470950262478137,4.4956416198956735,0.0,0.0,0.0,0.0,7.910482886519504,287.43708733299394,100014.31679534735,1.2121652175157913,339.8710671512217
50.05,108.97348811480134,-1.7341284096379326,-11.120440097005005,2.2040814799925017,0.0,0.0,0.0,0.0,11.468625221125503,287.44167232725374,100022.70217392882,1.2122475106884358,339.87377783252634
50.1,108.99459898751158,-1.2614810537682264,-10.403370518863532,2.9201568042351895,0.0,0.0,0.0,0.0,10.878822011738961,287.44153510658117,100022.4512062913,1.212245047739013,339.8736967069999
50.15,108.27508063358712,0.06475386338388378,-7.373402835904402,7.48421625595908,0.0,0.0,0.0,0.0,10.506414964644618,287.4462119758817,100031.00518190181,1.2123289941917614,339.8764616838706
50.2,107.83093173639438,-4.289838935541608,-7.103696771001649,6.783309190607167,0.0,0.0,0.0,0.0,10.718139273334886,287.4490989437134,100036.28573042163,1.2123808154155729,339.8781684552718
50.25,108.14111145060663,-7.026998111418105,-5.634228784007982,7.596672723765831,0.0,0.0,0.0,0.0,11.782727736836893,287.44708277557106,100032.59793653102,1.212344624913319,339.8769765003489
50.3,107.64919533132884,-6.730128289360985,-6.736697470973502,4.093350133093592,0.0,0.0,0.0,0.0,10.365000478474428,287.4502802303463,100038.44648510005,1.212402020061076,339.87886682782926
50.35,107.67766621747394,-4.5569996621663,-6.145861824220803,4.087892209656748,0.0,0.0,0.0,0.0,8.6746023655941,287.4500951695864,100038.1079780513,1.21239869811546,339.87875742064506
50.4,107.3308292291033,-0.4318417183243597,-3.7184457045176327,-1.0718945703438996,0.0,0.0,0.0,0.0,3.893877719839659,287.4523496100108,100042.23178942001,1.21243916707419,339.88009023444584
50.45,107.87944167355481,6.556327659567343,-11.040318227058762,-15.314511796519966,0.0,0.0,0.0,0.0,19.985202788565417,287.44878362912186,100035.70897799639,1.2123751554197022,339.87798204213703
50.5,107.89341869169826,-5.31956466342075,-1.1439889661724671,5.375185278087231,0.0,0.0,0.0,0.0,7.648470156626406,287.4486927785039,100035.54280060377,1.2123735246263507,339.87792833147813
50.55,107.78247724849983,-4.411234312654875,-7.10121342646814,3.8303813808838334,0.0,0.0,0.0,0.0,9.195544671873257,287.4494138978847,100036.86182627812,1.2123864689619672,339.87835465522505
50.6,107.36689753027744,-6.8583296382108045,-8.094292862801456,5.918549464589559,0.0,0.0,0.0,0.0,12.148394549896405,287.45211516605315,100041.8029392695,1.212434958574695,339.8799516326048
50.65,106.99393702769058,-4.410715902575355,-3.5914374753149105,3.9886754255452477,0.0,0.0,0.0,0.0,6.947112318271242,287.45453940932,100046.23749136327,1.2124784766640306,339.88138482774167
50.7,106.33403190954864,-2.2724045327818256,-7.270064791805145,5.376105600485778,0.0,0.0,0.0,0.0,9.323099048343675,287.4588287925879,100054.08424469699,1.212555479192744,339.88392066539024
50.75,105.4756822686413,-2.4181749854191237,-8.592305727191812,3.109259793641381,0.0,0.0,0.0,0.0,9.452131211213418,287.4644080652538,100064.29139384639,1.2126556432696023,339.8872190435874
50.8,105.03342910478862,-4.976525963819573,-6.815075640010663,6.397550882722112,0.0,0.0,0.0,0.0,10.589604522580414,287.46728271081884,100069.55081995438,1.2127072539404153,339.8889184763116
50.85,104.82855684103288,-2.2544701924089483,-5.1857765709820685,6.028324281695758,0.0,0.0,0.0,0.0,8.26532565225894,287.46861438053327,100071.98730695319,1.2127311629764699,339.88970572982186
50.9,104.83122561739712,-4.888830673267924,-5.716784661696281,5.4368672236966455,0.0,0.0,0.0,0.0,9.281261629121229,287.4685970334869,100071.95556765345,1.2127308515221802,339.8896954746457
50.95,104.23322194546772,-5.998312123799541,-4.394569227986754,5.270869509259912,0.0,0.0,0.0,0.0,9.11449682745759,287.47248405735445,100079.06772651042,1.2128006418922461,339.8919933863242
51.0,104.22076220199617,-5.77124167513184,-5.553255627838651,2.5706611599576545,0.0,0.0,0.0,0.0,8.411550234065958,287.472565045687,100079.21591670046,1.2128020960466084,339.8920412644436
51.05,104.44379613847755,-6.735068914637816,-5.732141448612118,3.381571763602419,0.0,0.0,0.0,0.0,9.468559893891511,287.47111532509984,100076.56328531673,1.2127760663567915,339.8911842276847
51.1,103.92974802491814,-5.138147530335599,-6.487747907373863,3.651406610976559,0.0,0.0,0.0,0.0,9.045673175160104,287.474456637838,100082.67714975179,1.2128360601698085,339.8931595208235
51.15,103.28612563504116,-1.9096610377453556,-7.550483792300959,5.48986702976051,0.0,0.0,0.0,0.0,9.528654195705373,287.4786401833722,100090.33254061181,1.2129111796105152,339.89563270288096
51.2,103.69388540766944,-1.6459383544452206,-10.439498516546482,3.409035445253684,0.0,0.0,0.0,0.0,11.104673115882612,287.47598974485015,100085.48249824204,1.2128635881151353,339.8940658481153
51.25,103.0651283833524,-3.5705066734408644,-9.629726338833137,5.270639520600844,0.0,0.0,0.0,0.0,11.543820347788765,287.4800766655082,100092.96124146061,1.2129369738006486,339.8964819023106
51.3,102.93500116776553,-5.443705318946052,-8.281742466839255,7.129485184399089,0.0,0.0,0.0,0.0,12.208634030109035,287.4809224924095,100094.50909465026,1.2129521620869101,339.8969819254425
51.35,102.7153419311089,-4.370770196741959,-4.821222329629032,7.806890101517586,0.0,0.0,0.0,0.0,10.163431995227528,287.4823502774478,100097.12196829607,1.212977800769076,339.8978259800994
51.4,102.61037645513349,-7.1647665625562205,-5.600200967161676,5.0458267652268205,0.0,0.0,0.0,0.0,10.399831657926084,287.4830325530416,100098.3705650486,1.2129900525126152,339.8982293159098
51.45,102.41016937531919,-8.128204251976753,-6.767628873389148,2.696904817577549,0.0,0.0,0.0,0.0,10.915209596011266,287.4843338990604,100100.75212505972,1.2130134212757941,339.89899862167204
51.5,102.01538021468265,-5.735609947947817,-7.7718628140912305,1.2875132530926785,0.0,0.0,0.0,0.0,9.744576104322924,287.48690002860457,100105.44846744034,1.2130595032448315,339.90051561375327
51.55,101.67747002667362,0.5845207184087564,-7.095484155829059,4.156983778861204,0.0,0.0,0.0,0.0,8.244275226700372,287.4890964448266,100109.46832927823,1.2130989470501081,339.9018140408822
51.6,101.29606197834568,-2.6304943097517106,-9.490485575512821,2.7861017429492376,0.0,0.0,0.0,0.0,10.234802376925401,287.49157559714075,100114.00580928006,1.2131434694813459,339.9032796035115
51.65,100.92858221272988,-0.9940009212319366,-10.121747885565565,3.807902843080958,0.0,0.0,0.0,0.0,10.859923671587428,287.4939642156172,100118.37774682633,1.2131863672221228,339.90469164065695
51.7,100.51872798733235,-3.9419680999622857,-8.801333256303328,3.479373574744158,0.0,0.0,0.0,0.0,10.25224951229042,287.4966282680823,100123.25399923173,1.2132342129132576,339.9062664943002
51.75,100.41049629780196,-0.4297321470655001,-7.073144899123627,5.21470563902648,0.0,0.0,0.0,0.0,8.798136358565642,287.49733177406426,100124.54172096,1.2132468479391167,339.9066823703871
51.8,99.78635107132325,-0.9822803236644089,-7.338273420379472,6.124290868626432,0.0,0.0,0.0,0.0,9.608437441647169,287.50138871803637,100131.96795345533,1.2133197129539097,339.9090806143862
51.85,99.58784263447501,-5.992063449310792,-8.37857535639013,2.9340568587902185,0.0,0.0,0.0,0.0,10.710463997133283,287.5026790228759,100134.32994884969,1.2133428882623802,339.90984336868377
51.9,99.71458665982429,-6.708363929961814,-8.208603996314185,3.17879259672058,0.0,0.0,0.0,0.0,11.067431886308743,287.5018551867111,100132.82185255668,1.2133280912104794,339.9093563641395
51.95,99.32033009664127,-4.672103716255286,-7.0544498640831526,4.878161546534318,0.0,0.0,0.0,0.0,9.76679456599735,287.5044178543718,100137.51307576889,1.2133741201436148,339.91087126353636
52.0,99.01431968733225,-4.438444837775737,-7.517058682694674,6.465579134275446,0.0,0.0,0.0,0.0,10.863225918604082,287.50640692203234,100141.15438864454,1.2134098473756278,339.9120470794719
52.05,98.73557376703117,-4.6182941273218985,-7.445814430641507,6.334573140712379,0.0,0.0,0.0,0.0,10.811827322753537,287.50821877051425,100144.4713662128,1.2134423921329363,339.91311813065784
52.1,98.22876689436889,-4.061880673196429,-7.849263853553856,5.978204628021123,0.0,0.0,0.0,0.0,10.669992887555594,287.51151301518655,100150.5024161341,1.2135015656754244,339.91506547285167
52.15,98.25196137114602,-2.0017110893305303,-4.23140788779673,5.502662815773626,0.0,0.0,0.0,0.0,7.224330976786359,287.5113622510875,100150.22639323561,1.2134988574963121,339.9149763512113
52.2,97.70915309872646,-5.248271454120244,-4.010984132042722,4.946310510963048,0.0,0.0,0.0,0.0,8.252171510244771,287.5148905048583,100156.68617499973,1.2135622368151473,339.91706201246706
52.25,97.35140029866083,-10.041983289764229,-6.4440525214781195,2.926329390244222,0.0,0.0,0.0,0.0,12.285383388062403,287.5172158980587,100160.94385723495,1.213604010092135,339.9184366181876
52.3,97.74857360193022,-9.41932836186581,-7.027699103179556,3.9371779988311215,0.0,0.0,0.0,0.0,12.394098275710105,287.51463427158745,100156.21703326491,1.213557633917482,339.9169105453903
52.35,97.1116562286869,-5.347079822301782,-4.914403400975119,8.510128925747022,0.0,0.0,0.0,0.0,11.18771280228532,287.5187742345135,100163.79717776434,1.2136320046058664,339.9193577918503
52.4,97.235065432802,-3.214245145601523,-7.834799930340052,6.197130732642228,0.0,0.0,0.0,0.0,10.493802510145608,287.5179720746868,100162.32841156563,1.2136175942579839,339.9188836143917
52.45,96.57639975039761,-2.7735603314833366,-9.223576110521934,3.9501421577257037,0.0,0.0,0.0,0.0,10.410120856417123,287.5222534016224,100170.16778472195,1.213694507391581,339.9214144100221
52.5,96.48492162573538,-4.909154882877115,-8.804038396307618,2.666453201361672,0.0,0.0,0.0,0.0,10.426929865630964,287.5228480094327,100171.25658751476,1.2137051896901425,339.9217658955524
52.55,95.95476267343223,-6.026074495604021,-8.49506037027967,4.274929033626135,0.0,0.0,0.0,0.0,11.258536439689003,287.5262940426227,100177.56690282254,1.2137671000736616,339.92380291310695
52.6,95.7545688530488,-7.485988885289198,-6.3152222797038675,7.136100380328133,0.0,0.0,0.0,0.0,12.118002750901686,287.52759530245515,100179.9498306396,1.213790478740172,339.9245721100457
52.65,95.86055961914994,-7.824635966985863,-5.464653992811095,5.1429362916461825,0.0,0.0,0.0,0.0,10.84145585135716,287.52690636247553,100178.68820583534,1.2137781010785649,339.9241648660596
52.7,95.41309679927036,-5.403922064606723,-4.9647413942441,4.433211442057178,0.0,0.0,0.0,0.0,8.573470387308218,287.5298148708047,100184.014513842,1.2138303566964281,339.92588413083564
52.75,95.45538248115665,-9.32253629540946,-7.163779745638509,2.4915217929915103,0.0,0.0,0.0,0.0,12.018198869556075,287.52954001387246,100183.51116262264,1.2138254184148876,339.92572165897496
52.8,95.45552097722796,-5.676277020792556,-6.778692787341176,2.8895732754554446,0.0,0.0,0.0,0.0,9.301635901074349,287.529539113648,100183.50951402626,1.2138254022408193,339.92572112683933
52.85,95.34652298646179,-4.532284039118919,-4.651884640818374,4.135679786513319,0.0,0.0,0.0,0.0,7.69970626837861,287.530247600588,100184.80698504839,1.2138381314687225,339.92613992343735
52.9,95.23382124771615,-5.964535403636607,-3.0995095533829673,6.404299026458672,0.0,0.0,0.0,0.0,9.284271003856269,287.53098016188983,100186.148558399,1.2138512933427401,339.9265729501868
52.95,94.87902949982816,-4.524609353074693,-4.868236654625974,6.574602595402012,0.0,0.0,0.0,0.0,9.348647881423375,287.5332863082511,100190.372005736,1.2138927284144847,339.92793614043677
53.0,94.5790067359621,-2.105568113845205,-7.491632412522133,0.5493558722019098,0.0,0.0,0.0,0.0,7.801266894595812,287.53523645621624,100193.94359460654,1.2139277680240652,339.9290888915799
53.05,93.43545519645225,-4.628652638080157,-10.467900132232838,-1.810584310670686,0.0,0.0,0.0,0.0,11.587906366917775,287.54266954122306,100207.55782685,1.214061330316983,339.9334826234852
53.1,92.9954471824407,-8.60026693315531,-9.060995638936216,3.094330095303593,0.0,0.0,0.0,0.0,12.870163636451844,287.5455295933141,100212.79661794603,1.2141127245061614,339.93517319875144
53.15,93.19440905269416,-2.5307007534667,-11.67324516950988,3.5337749692098925,0.0,0.0,0.0,0.0,12.456189811659787,287.54423634115744,100210.42772527372,1.2140894849869248,339.93440875913245
53.2,93.14540047487367,-2.6841993021561126,-7.346542777502337,6.113823810096674,0.0,0.0,0.0,0.0,9.927510174070441,287.5445548969133,100211.01123015999,1.214095209347581,339.934597057173
53.25,92.46017844795198,-7.697213841606671,-4.925530619033416,8.137552655735862,0.0,0.0,0.0,0.0,12.23632771820577,287.5490088400883,100219.16989422172,1.2141752476627439,339.93722976832987
53.3,92.54084491348722,-7.036033073728609,-2.983399843404761,10.741958031333079,0.0,0.0,0.0,0.0,13.183174821990022,287.5484845080623,100218.2094030137,1.2141658250940301,339.93691983845326
53.35,92.36242911983086,-4.6194566750854404,-6.637889220363801,8.179070948198396,0.0,0.0,0.0,0.0,11.502093498597393,287.54964421072106,100220.3338001322,1.214186665738423,339.9376053321587
53.4,92.33812582426825,-3.6817453647592253,-7.07490390784555,7.825621794028699,0.0,0.0,0.0,0.0,11.173623883921957,287.54980218214223,100220.62318233022,1.2141895046133266,339.9376987080684
53.45,91.72921095177736,-4.319261565806771,-5.369590219727846,6.760606280705199,0.0,0.0,0.0,0.0,9.65372036493512,287.55376012881345,100227.873824162,1.2142606337911255,339.9400382169865
53.5,91.72028586087542,-7.3516852919943965,-7.114641823320159,3.8856118355536333,0.0,0.0,0.0,0.0,10.94364583871653,287.5538181419043,100227.98010266418,1.2142616763815424,339.94007250791583
53.55,91.18799134754249,-5.556406949564594,-4.970954299488269,3.663796735041195,0.0,0.0,0.0,0.0,8.307072369521595,287.55727805624093,100234.31874246622,1.2143238579568714,339.94211762072314
53.6,90.68008320147297,-4.438627565582077,-2.8671466591106456,5.135407001232578,0.0,0.0,0.0,0.0,7.368469970021117,287.5605794591904,100240.36728852121,1.214383193036986,339.94406902792826
53.65,91.1581199239731,-5.518702779861027,-3.0515849248881515,5.704078867485352,0.0,0.0,0.0,0.0,8.50322095753976,287.55747222049416,100234.67446530335,1.214327347548731,339.94223238846035
53.7,90.35093092753851,-5.490150884775975,-2.9038487058095264,7.122674806216463,0.0,0.0,0.0,0.0,9.450216422862962,287.562718948971,100244.287235197,1.2144216466004618,339.94533364060607
53.75,90.64289091213013,-3.5040840939676143,-6.051982472315453,7.818681708509978,0.0,0.0,0.0,0.0,10.48984655949737,287.56082120907115,100240.81021343808,1.21438753801895,339.94421192202907
53.8,90.42253372615016,-2.3305183930257094,-7.190494143613407,6.1636049792881,0.0,0.0,0.0,0.0,9.753181447623893,287.56225353078,100243.4344911884,1.214413281448298,339.94505854095684
53.85,90.07726271093593,-4.985483360216597,-4.458496649543446,4.549342610206373,0.0,0.0,0.0,0.0,8.088866106817818,287.5644977923789,100247.54650455923,1.214453618889321,339.94638507832866
53.9,89.91801706750037,-7.055038806807334,-1.3514082937547593,4.791891393598042,0.0,0.0,0.0,0.0,8.634934861944565,287.5655328890612,100249.44309036274,1.2144722236395677,339.9469969011743
53.95,90.06379675117266,-5.973385019216952,2.2926278342154394,5.936638446759461,0.0,0.0,0.0,0.0,8.728181197796449,287.56458532111736,100247.70688049465,1.2144551921158706,339.9464368146803
54.0,89.48597334625128,-6.313751429706461,3.93705465729336,7.989637092278707,0.0,0.0,0.0,0.0,10.917790864316439,287.56834117324934,100254.58879655285,1.21452270062752,339.948656810545
54.05,89.20872861976957,-4.713288688527431,5.982140054472075,9.043990174881817,0.0,0.0,0.0,0.0,11.823487141113599,287.5701432639715,100257.8909359121,1.2145550928213913,339.9497219788424
54.1,88.77823322143206,-6.288607814567998,5.349088821167637,7.616419839579221,0.0,0.0,0.0,0.0,11.232505981966902,287.57294148406066,100263.01855081573,1.2146053915366988,339.95137592632193
54.15,88.7076561105473,-6.644693196154616,0.8293049148637033,7.662687818931913,0.0,0.0,0.0,0.0,10.176270383752982,287.57340023528144,100263.85921245578,1.2146136378582046,339.9516470802172
54.2,88.37310931615863,-8.33319971079452,-0.5558017828815308,5.953534924059239,0.0,0.0,0.0,0.0,10.256496045620707,287.57557478944494,100267.8441607423,1.2146527273238534,339.9529323901093
54.25,88.2077997169159,-7.140043264885127,-2.762878436913259,6.483599117319022,0.0,0.0,0.0,0.0,10.032485863219131,287.57664930184,100269.81329048198,1.2146720429558175,339.95356749846064
54.3,87.92519133839397,-4.126075942122028,-3.79282019879816,7.83426917874388,0.0,0.0,0.0,0.0,9.632536597676948,287.57848625630044,100273.17972869547,1.2147050649304953,339.95465325807714
54.35,87.900534899607,-4.086771815530554,-3.812306770752741,8.513962389451317,0.0,0.0,0.0,0.0,10.184446099593913,287.57864652315254,100273.4734411638,1.2147079459968915,339.9547479860508
54.4,87.49775807834271,-5.049073963940623,-1.9508853148378957,9.82020304194232,0.0,0.0,0.0,0.0,11.213183722296108,287.58126457249074,100278.27149847854,1.2147550105801592,339.95629541714163
54.45,87.01688568526728,-5.322529125538895,-2.991050296085951,9.596460646223075,0.0,0.0,0.0,0.0,11.373994685264886,287.58439024304573,100284.00010857609,1.2148112024796782,339.95814287493215
54.5,87.1697423651912,-5.890985330000058,-3.6825987347933427,7.589006889400635,0.0,0.0,0.0,0.0,10.288744683738038,287.5833966746262,100282.17910544197,1.2147933403378874,339.9575556178036
54.55,86.52900398190688,-5.656547842528433,-4.261664350315285,6.627370346322493,0.0,0.0,0.0,0.0,9.699502782971713,287.5875614741176,100289.81249106936,1.2148682154779091,339.9600172514463
54.6,85.9717344357076,-7.408888684654377,-3.810880175135412,5.052780797779741,0.0,0.0,0.0,0.0,9.743974191327247,287.59118372616786,100296.4518599076,1.2149333395218642,339.9621581941659
54.65,85.66997234914639,-7.579618956181471,-1.6122539721823865,7.215818240311445,0.0,0.0,0.0,0.0,10.588579662491789,287.5931451797305,100300.04723414834,1.2149686053796278,339.9633175114314
54.7,85.24167240466593,-4.426078760145009,-0.08557862297316987,8.034474974055959,0.0,0.0,0.0,0.0,9.173346445024752,287.59592912936967,100305.15043540057,1.2150186606096747,339.9649629582728
54.75,85.27843372284434,-5.345758275727836,-2.2397431518052726,5.819830112329671,0.0,0.0,0.0,0.0,8.21364739107727,287.5956901808015,100304.71241540996,1.2150143642683584,339.9648217285999
54.8,85.07816747684102,-8.386183779355129,-4.141105509664813,4.827839806796289,0.0,0.0,0.0,0.0,10.525439203348341,287.5969919114005,100307.09865489625,1.215037769776263,339.9655911109748
54.85,85.05288776643049,-4.9875254354484655,-4.823571216787559,2.510282669736976,0.0,0.0,0.0,0.0,7.378602058293198,287.5971562295182,100307.39987439166,1.2150407242899872,339.9656882303808
54.9,84.46145419955101,-3.4888806437521884,-7.163307057318617,3.8620456665641667,0.0,0.0,0.0,0.0,8.854414315718824,287.6010005477029,100314.44728916588,1.2151098484299498,339.9679603876009
54.95,84.51200831186355,-5.929268014218942,-4.565824160572808,6.084381337774293,0.0,0.0,0.0,0.0,9.644825851883812,287.60067194597286,100313.84487989148,1.2151039397712688,339.96776617045344
55.0,84.49211833160471,-4.567812371097194,-5.429044499261576,6.035316460405297,0.0,0.0,0.0,0.0,9.31474523590152,287.6008012308445,100314.08189109307,1.2151062644678472,339.9678425831471
55.05,84.20016915031643,-5.9729664805105305,-6.166696201007612,7.976779150205555,0.0,0.0,0.0,0.0,11.718936650736625,287.6026989005229,100317.56084195814,1.2151403872292141,339.96896418225174
55.1,83.97115161974443,-1.5513402181442713,-6.522397133388619,7.606769943121625,0.0,0.0,0.0,0.0,10.13958923258958,287.6041875144716,100320.28994945282,1.2151671551081429,339.9698440103779
55.15,84.04948438930022,-2.903070677746269,-6.703787189027882,5.605616258532865,0.0,0.0,0.0,0.0,9.208230865573068,287.6036783514695,100319.35648336764,1.215157999417261,339.96954307570707
55.2,83.07367018068331,-5.3453232763738265,-2.395133812829994,5.890712751022636,0.0,0.0,0.0,0.0,8.307204320670465,287.6100211438255,100330.98544518984,1.215272058301245,339.97329188786165
55.25,83.73422700846118,-6.5721308180689535,-2.0995133581345424,5.740389367505723,0.0,0.0,0.0,0.0,8.975128406957186,287.605727524445,100323.11334563629,1.2151948476521066,339.9707542131363
55.3,83.2702452550323,-4.853349316877238,-0.10339260866545905,7.062075022778729,0.0,0.0,0.0,0.0,8.569632037054717,287.6087434058423,100328.6427351911,1.2152490807956688,339.97253670334294
55.35,83.06379569541949,-3.194439914161883,-1.2324895259790276,7.798918503577728,0.0,0.0,0.0,0.0,8.517429578357879,287.61008532797973,100331.10312687003,1.2152732125308152,339.9733298227307
55.4,82.78636350672579,-4.379321258722451,-4.16237078712571,7.631640850625532,0.0,0.0,0.0,0.0,9.733741692152728,287.6118886372063,100334.40954096249,1.2153056419499064,339.9743956338978
55.45,82.27086287562202,-3.493953767769566,-5.473913690979876,7.312173342345462,0.0,0.0,0.0,0.0,9.779535930508956,287.6152393913084,100340.55346952996,1.215365901265155,339.976376023666
55.5,82.0296047373711,-4.9001278613749495,-3.392011125054458,7.843662353192187,0.0,0.0,0.0,0.0,9.850889890827155,287.6168075692071,100343.42897854853,1.2153941038591194,339.9773028568779
55.55,81.68939467659573,-6.756798557346642,-4.265363134540896,6.724932857300633,0.0,0.0,0.0,0.0,10.443771892820326,287.6190189346021,100347.48398975498,1.2154338745857736,339.97860982604266
55.6,81.69735049676444,-4.364975206807006,-1.0502103591459562,9.394315960267532,0.0,0.0,0.0,0.0,10.411970164951233,287.618967221771,100347.38916170865,1.2154329445350391,339.97857926259576
55.65,81.1324703366671,-1.945136662271905,3.997536349285295,10.264204227212593,0.0,0.0,0.0,0.0,11.185604226714817,287.62263894281165,100354.12233510446,1.2154989814692139,339.98074932552834
55.7,80.91759026740341,-4.841996322417213,4.1741781948598495,9.437016649523196,0.0,0.0,0.0,0.0,11.398507587931118,287.62403566326185,100356.68372621511,1.2155241025994596,339.98157481251104
55.75,80.69434631595648,-6.450552045776916,1.3383293356123849,6.542303719641481,0.0,0.0,0.0,0.0,9.284529340029692,287.6254867489463,100359.3448716745,1.2155502019524482,339.9824324282051
55.8,80.35924610155145,-3.7686888159672858,-0.19560419742977958,5.3161578017763045,0.0,0.0,0.0,0.0,6.519417931612923,287.6276649003399,100363.33948990477,1.2155893791771004,339.983719747725
55.85,80.24601794857875,-6.5093248639264925,-2.1318407573619966,4.147378616374294,0.0,0.0,0.0,0.0,8.007296958802026,287.6284008833342,100364.68927416715,1.2156026171213414,339.9841547234011
55.9,80.35603444613913,-4.8340504764893195,-3.226828044271874,4.371126311055557,0.0,0.0,0.0,0.0,7.2723592089326985,287.62768577610007,100363.37777560393,1.2155897546627208,339.9837320855828
55.95,80.34325102679925,-5.800260082472489,-2.7426818556042343,6.402599912672536,0.0,0.0,0.0,0.0,9.064138482345623,287.6277688683258,100363.53016509171,1.2155912492168814,339.9837811942124
56.0,79.92669985531613,-6.732369799240336,-1.4059638315176324,8.731114227655816,0.0,0.0,0.0,0.0,11.11458020195243,287.6304764509404,100368.49592022711,1.2156399504370434,339.98538140828856
56.05,80.02058453431599,-8.117054023168771,3.511311669339989,3.03570049439562,0.0,0.0,0.0,0.0,9.35047341827981,287.6298662005269,100367.37669264394,1.2156289737479546,339.98502074357003
56.1,79.85193560583996,-5.497387159450835,-9.170412366843088,9.185071664566197,0.0,0.0,0.0,0.0,14.095505313469978,287.63096241856204,100369.38721462977,1.2156486916823879,339.9856686202339
56.15,79.17497199241603,-6.780547932144352,-4.490403376656822,7.970801661841647,0.0,0.0,0.0,0.0,11.387415504740995,287.6353626820493,100377.4578593,1.2157278427302547,339.9882692109173
56.2,79.27162133558811,-6.428131051089244,-4.651650870492027,5.024209512009765,0.0,0.0,0.0,0.0,9.391560352332107,287.63473446131866,100376.30559016981,1.2157165421818115,339.98789792869115
56.25,78.81728100627593,-7.1863723659592145,-3.5329878063301585,7.32494690358948,0.0,0.0,0.0,0.0,10.852686200305662,287.6376876734592,100381.72240236838,1.2157696657964754,339.9896432912818
56.3,78.39450553904246,-5.063827807041597,-3.2203908912118524,6.264746496596161,0.0,0.0,0.0,0.0,8.675270498271615,287.6404357139962,100386.76309929718,1.215819100293677,339.9912673884194
56.35,78.29094310144188,-6.375592997517535,-2.5158138176266887,7.771320706273259,0.0,0.0,0.0,0.0,10.361994535547078,287.6411088698406,100387.99789202823,1.2158312099276536,339.99166522360935
56.4,77.74561257648523,-5.854095744975301,-3.8745991155873334,6.692759481606744,0.0,0.0,0.0,0.0,9.699277538893558,287.6446535182528,100394.50016443088,1.2158949773596561,339.99376010359407
56.45,77.58264133074233,-5.9095531234960035,-5.751347126068453,7.571112747207524,0.0,0.0,0.0,0.0,11.194755920290781,287.6457128313501,100396.4434254041,1.2159140346618755,339.9943861529697
56.5,77.27115381855617,-3.8901117380233123,-8.164737626946419,5.040006999780409,0.0,0.0,0.0,0.0,10.353626437582964,287.64773750017935,100400.15767164047,1.2159504595860462,339.99558272012456
56.55,77.46416577034817,-3.1779870895931874,-8.380038788965733,5.10357593633668,0.0,0.0,0.0,0.0,10.313638513354347,287.64648292249274,100397.85614117267,1.215927888933695,339.9948412727201
56.6,76.83741569929859,-3.971730135734299,-4.0267021785563895,6.87835330474446,0.0,0.0,0.0,0.0,8.905094883872929,287.65055679795455,100405.3298465922,1.216001181719729,339.9972489012139
56.65,76.39428311007553,-4.566724677378264,-1.516012271594572,8.264177628985593,0.0,0.0,0.0,0.0,9.562944074396068,287.65343715978446,100410.61427011435,1.2160530041316397,339.9989511622096
56.7,75.90214699452594,-6.723641751556802,-0.8441983272068726,8.798148488057915,0.0,0.0,0.0,0.0,11.105289101903312,287.65663604453556,100416.48333208026,1.2161105592711055,340.00084165663105
56.75,75.97809233734725,-2.6507400334545297,-0.6496757416054029,9.729372363641225,0.0,0.0,0.0,0.0,10.104909098283601,287.6561423998072,100415.57761346077,1.2161016773549413,340.0005499204531
56.8,75.90091178337596,-4.384920279099503,-3.453179805902483,9.143160602106633,0.0,0.0,0.0,0.0,10.712112883174154,287.656644073408,100416.49806317294,1.2161107037312207,340.00084640156484
56.85,75.58768852613852,-6.674172161959983,-5.806559418812464,6.693402820567126,0.0,0.0,0.0,0.0,11.093346999443282,287.65868002458006,100420.23361123995,1.2161473361656587,340.0020496136428
56.9,75.28836847815708,-5.656373903542452,-4.1090854518621205,7.624720488527935,0.0,0.0,0.0,0.0,10.344830183021791,287.66062560489195,100423.80345266782,1.2161823433653256,340.0031994141201
56.95,75.43130081759966,-4.20954167796973,-4.2894621741536385,7.254680100564707,0.0,0.0,0.0,0.0,9.420727691828727,287.6596965446856,100422.09875688459,1.2161656265106922,340.0026503579241
57.0,74.75937657154027,-3.995782966071624,-2.0281516263037256,7.863462877670367,0.0,0.0,0.0,0.0,9.050620363252815,287.66406405228497,100430.11272747214,1.216244213893843,340.00523146077
57.05,74.56383491264783,-5.664804509759265,0.30951344288444205,9.527737942756422,0.0,0.0,0.0,0.0,11.088895301650002,287.66533507306775,100432.44502977633,1.216267084920942,340.0059826029738
57.1,74.71102974531392,-2.9721041161896804,-2.0293521696220593,9.258961015846447,0.0,0.0,0.0,0.0,9.933782371221229,287.66437830665546,100430.68937501003,1.216249868625382,340.0054171775733
57.15,74.33433426234812,-2.9447600826610953,-4.520745507768362,7.547275460359229,0.0,0.0,0.0,0.0,9.277398275647252,287.6668268272947,100435.1824302771,1.21629392829381,340.0068641911291
57.2,73.92487505159832,-5.643226773230586,-5.971082334526034,6.327499088990729,0.0,0.0,0.0,0.0,10.370008552598877,287.66948831216456,100440.06646125246,1.2163418215115238,340.0084370541554
57.25,73.08644732951349,-5.469334884709101,-5.161119846771445,5.949674426282162,0.0,0.0,0.0,0.0,9.58902539013168,287.67493809235816,100450.06783028833,1.216439894393145,340.0116576989324
57.3,72.4946342028183,-7.5243526830392184,-2.2132689872774334,6.026856334131034,0.0,0.0,0.0,0.0,9.891281018202795,287.67878487768166,100457.12788850318,1.2165091238219647,340.0139310069426
57.35,72.25375653427542,-7.0470139876148075,-0.6584748118525918,9.342305119719514,0.0,0.0,0.0,0.0,11.720608353213603,287.6803505825272,100460.00156327212,1.216537302200292,340.01485627631064
57.4,71.71762210703471,-4.59574548944068,0.5752999434308179,9.031704610208218,0.0,0.0,0.0,0.0,10.150050974979496,287.6838354563043,100466.39789525629,1.2166000221303126,340.01691568924184
57.45,71.71281256580697,-5.3008663524646495,0.10457816090839406,8.93959691874284,0.0,0.0,0.0,0.0,10.393580410427743,287.68386671832224,100466.45527680259,1.216600584787877,340.01693416371506
57.5,71.54721358847291,-6.322678666304688,-1.3959195864937481,7.353023184770755,0.0,0.0,0.0,0.0,9.797540863149159,287.6849431116749,100468.43101685839,1.216619957966523,340.0175702640803
57.55,71.62123802959013,-5.694026650063367,-1.4036438014143704,6.754001964408104,0.0,0.0,0.0,0.0,8.944758126864548,287.6844619528076,100467.54783690331,1.2166112979278223,340.0172859208408
57.6,71.57564562615272,-5.308638819028115,0.196375902092763,6.821028626217416,0.0,0.0,0.0,0.0,8.645613981984877,287.68475830343,100468.09179564408,1.2166166317278397,340.01746105075165
57.65,71.1327051268477,-5.591472736347253,-0.4258535116176858,7.588303428439898,0.0,0.0,0.0,0.0,9.435479187446946,287.68763741667544,100473.37660182823,1.2166684517311481,340.0191624727044
57.7,70.83492432040404,-6.12577815304534,-0.9056536643110404,9.750333577958395,0.0,0.0,0.0,0.0,11.550513902916638,287.6895729919174,100476.9296070197,1.2167032903219492,340.0203063028175
57.75,70.7838888835368,-2.598479095220351,-3.07229529915164,10.443705421815588,0.0,0.0,0.0,0.0,11.192054098830418,287.689904722257,100477.53855228829,1.2167092612424215,340.02050233880516
57.8,69.99312589942893,-3.904040018758655,-3.5157655212551084,9.551259693053355,0.0,0.0,0.0,0.0,10.900857644821391,287.6950446816537,100486.97416990201,1.2168017798799944,340.0235397824924
57.85,70.04373147203144,-6.582555029831464,-4.136762364748893,8.437837670339315,0.0,0.0,0.0,0.0,11.4734449113664,287.6947157454318,100486.37030776647,1.2167958589072272,340.023345399425
57.9,69.79851200998264,-5.669080163163056,-1.616083263008761,9.063859051309974,0.0,0.0,0.0,0.0,10.812203101651377,287.69630967193507,100489.29647035939,1.2168245503748896,340.02428732056853
57.95,69.07676079344496,-7.344506987075781,-2.3905906776549606,9.446024270434478,0.0,0.0,0.0,0.0,12.20180647236027,287.7010010548426,100497.9094066267,1.2169090005977174,340.02705964953674
58.0,69.1936074128931,-5.450450596322259,-2.192925601657067,7.802182563755927,0.0,0.0,0.0,0.0,9.766800251644838,287.7002415518162,100496.5149901968,1.2168953283760855,340.02661082984133
58.05,68.72824991017528,-9.69086019794573,-3.062114686372455,9.780164705839143,0.0,0.0,0.0,0.0,14.104642476928236,287.70326637558384,100502.06853571924,1.2169497805502483,340.02839831160554
58.1,68.5590839816516,-3.0885961258163674,-8.063422157833067,3.3006186562699686,0.0,0.0,0.0,0.0,9.244040590453858,287.7043659541192,100504.08741225829,1.2169695753693424,340.0290480914563
58.15,68.43365804536934,-6.209338104493242,-8.213497132742098,4.6780152327735705,0.0,0.0,0.0,0.0,11.309343100442923,287.70518122270505,100505.58430391207,1.2169842521464074,340.02952986169964
58.2,68.3432682847166,-4.793259884246767,-8.330052163492692,11.423003370558465,0.0,0.0,0.0,0.0,14.928165170851663,287.7057687561493,100506.66306868901,1.2169948292322625,340.0298770549931
58.25,68.68233495582606,4.536229521778509,-7.838737137929087,7.847213138054248,0.0,0.0,0.0,0.0,11.98340236434773,287.7035648227871,100502.61649520292,1.2169551532284393,340.02857467473734
58.3,68.26624708485126,-6.403771001477537,-3.386117162473698,9.972617723938056,0.0,0.0,0.0,0.0,12.32587427914008,287.70626939394845,100507.58229256592,1.2170038420325384,340.0301728984445
58.35,68.24050542334564,-5.591819924748133,-7.278823589282872,5.757689575297494,0.0,0.0,0.0,0.0,10.835160919903334,287.70643671474824,100507.8895127447,1.2170068542594479,340.0302717737876
58.4,68.00393831298778,-3.344346053324615,-2.9661449675309446,8.035617678382414,0.0,0.0,0.0,0.0,9.195315000908291,287.70797440096555,100510.71291660488,1.2170345370370483,340.0311804416119
58.45,67.80979440538573,-4.936622159324256,-3.545684854812515,5.265133649371794,0.0,0.0,0.0,0.0,8.041377480216015,287.709236336365,100513.03005193197,1.2170572558661703,340.0319261576698
58.5,67.47443313803618,-4.682514022041476,0.16746933782804524,6.644283287285526,0.0,0.0,0.0,0.0,8.130220411983267,287.71141618460274,100517.0327385535,1.2170965007943362,340.0332142925251
58.55,67.15840116832292,-6.209489214805692,0.876435465411572,6.600936732610246,0.0,0.0,0.0,0.0,9.104848223981696,287.7134703924059,100520.80483949296,1.2171334846392212,340.0344281783775
58.6,67.22210535627468,-6.074994906592215,-1.029014890248074,5.955871335500262,0.0,0.0,0.0,0.0,8.569529632629045,287.7130563151842,100520.04446850129,1.2171260295463942,340.03418348951783
58.65,67.39126421681928,-8.435792332354877,-6.440895618253401,4.9777992070712065,0.0,0.0,0.0,0.0,11.722892714077526,287.7119567825907,100518.0254167755,1.217106233607573,340.03353374662873
58.7,67.32147228962012,-7.632221662645897,-9.528116762448837,6.063077596580956,0.0,0.0,0.0,0.0,13.63072729126299,287.7124104301175,100518.85843750794,1.2171144010288208,340.0338018191005
58.75,67.07768262329063,-2.403714007210306,-9.000031268390547,7.0944671341573855,0.0,0.0,0.0,0.0,11.709392289017645,287.7139950629486,100521.76829995362,1.2171429309168023,340.03473821941657
58.8,66.50329046368816,-4.279637776714827,-8.374663574179452,5.949174589250174,0.0,0.0,0.0,0.0,11.128475536835797,287.717728611986,100528.62448850168,1.2172101521298633,340.03694445942017
58.85,66.79053270522833,-2.4501229248260903,-2.744023108764506,8.745489431465849,0.0,0.0,0.0,0.0,9.487694691761156,287.715861537416,100525.1957958906,1.2171765357659994,340.0358411639005
58.9,66.2697213662766,-4.083111361488316,-0.8311499668508049,10.188431853896944,0.0,0.0,0.0,0.0,11.007577040348751,287.7192468111192,100531.41257665142,1.217237487573712,340.03784159411504
58.95,65.81587274721902,-4.817509755183781,-1.3565765081091603,9.408754398658097,0.0,0.0,0.0,0.0,10.657080247324433,287.7221968271431,100536.83029580915,1.2172906044767384,340.0395848117157
59.0,65.46059419236497,-2.263183051530559,-4.249950994628646,8.479430005212896,0.0,0.0,0.0,0.0,9.751144250537214,287.7245061377496,100541.07152123848,1.2173321863111453,340.0409494187096
59.05,65.3252239615077,-0.969218341935955,-2.805158153778986,9.029888207855485,0.0,0.0,0.0,0.0,9.505113229647785,287.7253860442502,100542.6875748954,1.2173480303411912,340.04146936749174
59.1,65.06690205501944,-7.220782966125978,-0.31004742062502233,7.109123589653355,0.0,0.0,0.0,0.0,10.137823941058413,287.72706513664235,100545.77148750974,1.217378265343987,340.04246156393833
59.15,64.84908889205973,-8.113803742708582,-0.41818606318052104,7.316937549385921,0.0,0.0,0.0,0.0,10.933721500945772,287.7284809222016,100548.37185596119,1.217403759491971,340.0432981668734
59.2,64.51896824935515,-4.72825253719261,-0.002029541430976667,8.25147930370697,0.0,0.0,0.0,0.0,9.510167552362642,287.73062670637916,100552.31311416923,1.217442399553947,340.0445661299304
59.25,64.36216965580833,-1.6543749576182325,-1.101228228759315,8.776924845077305,0.0,0.0,0.0,0.0,8.99911494805717,287.73164589723723,100554.18515162861,1.2174607528923473,340.0451683772653
59.3,64.23209252699017,-4.947771450255634,-3.305612307195626,7.348079103092784,0.0,0.0,0.0,0.0,9.455251533129976,287.73249139857455,100555.73817969106,1.2174759786331961,340.0456679893822
59.35,64.40600416621471,-7.51578376853171,-2.521197822899052,6.14159983266436,0.0,0.0,0.0,0.0,10.028095164192376,287.73136097291956,100553.66180324098,1.217455622023969,340.0450000135088
59.4,63.71747043649789,-6.068640434956651,-2.097360657820124,5.368881461732163,0.0,0.0,0.0,0.0,8.369719625405251,287.73583644216274,100561.88259051123,1.2175362174194886,340.0476445897133
59.45,64.29791512069511,-5.620293046408999,0.7216299488149125,7.2708422054881,0.0,0.0,0.0,0.0,9.218112067427203,287.73206355171544,100554.95230248226,1.2174682739726526,340.04541517204416
59.5,63.95050377531184,-4.188193459521813,2.5529498112649613,7.786216732676475,0.0,0.0,0.0,0.0,9.202374052462234,287.73432172546046,100559.1002149059,1.2175089395565173,340.04674953866385
59.55,63.398659549331576,-3.80257629550931,1.8008650478165977,7.3427785618115635,0.0,0.0,0.0,0.0,8.462806769117222,287.7379087129293,100565.68923539511,1.2175735367843135,340.04886909746506
59.6,62.931950978355665,-6.601585855958731,-0.6091171064379486,7.167368994814759,0.0,0.0,0.0,0.0,9.763356890474794,287.7409423186407,100571.26200894805,1.217628170334444,340.05066165145473
59.65,63.314215250615774,-6.356955602020833,-5.401408601517959,4.1832427192148955,0.0,0.0,0.0,0.0,9.331967587517687,287.73845760087096,100566.69753122788,1.2175834218116255,340.04919343539405
59.7,62.72808688090233,-5.409613903619761,-7.224644129869368,5.182286500551285,0.0,0.0,0.0,0.0,10.407473217034394,287.74226743527413,100573.69634408405,1.2176520355358755,340.0514446583246
59.75,62.35060658574828,-3.261489158063351,-6.245815332254179,5.817009151594507,0.0,0.0,0.0,0.0,9.137018997600936,287.74472105719263,100578.20395104747,1.2176962259352209,340.0528944903337
59.8,62.39231986580239,-7.236584845824312,-3.7594978387276887,7.211702714291971,0.0,0.0,0.0,0.0,10.886259241334391,287.7444499208723,100577.70583204931,1.2176913426359115,340.0527342776425
59.85,61.81590945281376,-6.317284522322313,-1.0632256696206002,9.728928823451758,0.0,0.0,0.0,0.0,11.648630332030613,287.7481965885567,100584.58921204181,1.217758823301951,340.0549481525644
59.9,61.56126161980709,0.21091335987149545,-0.8074932811763859,9.852894342211634,0.0,0.0,0.0,0.0,9.888177625998802,287.74985179947123,100587.63028795471,1.2177886359669616,340.0559261984027
59.95,60.9603307025903,-4.465816477000671,-1.7361375290145615,8.50866755534667,0.0,0.0,0.0,0.0,9.764994310971849,287.75375785043315,100594.80706882729,1.2178589916248213,340.0582342296001
60.0,61.15906396794531,-8.600289477416535,-0.8666085649552158,6.620858912260566,0.0,0.0,0.0,0.0,10.888147787216864,287.7524660842083,100592.4335968844,1.2178357240311226,340.0574709446343
60.05,60.91670850554936,-6.990695396364032,-1.8719467045884692,6.837060311096746,0.0,0.0,0.0,0.0,9.95587265322027,287.7540413947139,100595.32805491757,1.217864098935875,340.0584017713629
60.1,61.09725865930198,-2.1663214621349547,-4.352571471924524,5.979628024948729,0.0,0.0,0.0,0.0,7.706735911672982,287.7528678187145,100593.17173299969,1.2178429601300524,340.057708323612
60.15,60.63960447946851,-2.2479276557087533,-4.08529502268997,7.841185820455837,0.0,0.0,0.0,0.0,9.122883822489102,287.75584257088343,100598.6375986503,1.2178965428117792,340.0594660555135
60.2,60.38188944832161,-4.498930334737886,-6.326642115814635,7.416357793703134,0.0,0.0,0.0,0.0,10.736346564015408,287.75751771858586,100601.71565242294,1.2179267171800523,340.0604558686118
60.25,60.1828194256916,-1.1004039510419288,-8.63514517617815,7.309519444736181,0.0,0.0,0.0,0.0,11.366868327825294,287.75881167373296,100604.09332393644,1.2179500255336575,340.0612204402658
60.3,60.02798379275757,-0.5796633725540487,-3.829176092286455,6.807781869870225,0.0,0.0,0.0,0.0,7.8322725411564065,287.75981810534705,100605.94269598936,1.2179681548863523,340.0618151189513
60.35,59.451095079063535,-3.1498832571138506,-1.9780515978802344,6.974607958521033,0.0,0.0,0.0,0.0,7.904404394537747,287.7635678819861,100612.83335396925,1.218035703293516,340.06403077175594
60.4,59.19068625219432,-5.922885327534316,-3.1871864136921517,6.111423249265836,0.0,0.0,0.0,0.0,9.087806224299245,287.7652605393607,100615.94393723525,1.2180661957310535,340.06503091754803
60.45,58.55777454297463,-6.896887633791974,0.5203629989705341,9.90372363252745,0.0,0.0,0.0,0.0,12.079800431850394,287.76937446547066,100623.50439181423,1.2181403086363798,340.06746171375863
60.5,58.41359057503929,-5.320875296052707,-1.8043064284804564,7.34833874275144,0.0,0.0,0.0,0.0,9.250152316703854,287.7703116612622,100625.22680750374,1.2181571928209585,340.0680154723632
60.55,58.208124675642495,-4.5285917246304495,-4.148083828292051,8.484061515076652,0.0,0.0,0.0,0.0,10.473492361506459,287.7716471896083,100627.68133585059,1.218181253531891,340.06880459120015
60.6,58.27716851383195,-3.0221393362776787,-8.213009826409024,8.370860294780675,0.0,0.0,0.0,0.0,12.110250148172154,287.7711984046601,100626.85652175859,1.2181731682380748,340.068539419454
60.65,57.91857711064084,-3.1577823469484807,-5.380923115273795,9.659775548013082,0.0,0.0,0.0,0.0,11.499442880469415,287.7735292487808,100631.14039946166,1.2182151610907364,340.0699166336351
60.7,57.62974401719821,-3.0652112293308713,-3.090396010901495,10.146239838589079,0.0,0.0,0.0,0.0,11.040482337596671,287.7754066638882,100634.59102360395,1.218248985700532,340.0710259284327
60.75,57.40712396500143,-5.332284777218099,-1.2178614087460506,10.784651904125948,0.0,0.0,0.0,0.0,12.092359738671034,287.77685369422744,100637.25068078394,1.2182750567366591,340.0718809224003
60.8,57.208602815009975,-0.6205961574011148,-0.033784306013966425,11.830218710970314,0.0,0.0,0.0,0.0,11.846533489561661,287.7781440817024,100639.62247471952,1.2182983059101804,340.0726433603764
60.85,56.50835124934594,-4.359091340561148,-3.754561023462935,9.420257868641556,0.0,0.0,0.0,0.0,11.038100566037864,287.78269571687923,100647.98895942404,1.2183803163569504,340.07533272459244
60.9,56.54564343150706,-3.3363533278923816,-3.891952626971146,8.972761588520802,0.0,0.0,0.0,0.0,10.333876296122405,287.7824533176952,100647.54338467804,1.218375948750758,340.0751895019426
60.95,55.610238940334554,-4.545384655575222,-5.24015197844316,5.279414658415334,0.0,0.0,0.0,0.0,8.71733523273088,287.7885334468878,100658.72027447623,1.2184855055836081,340.0787819554475
61.0,55.57838228424077,-6.636702301738934,-3.9726903457717544,6.066473234124934,0.0,0.0,0.0,0.0,9.83006528593016,287.7887405151524,100659.1009385536,1.2184892368448004,340.07890430137576
61.05,55.37117889482443,-8.486005024944612,-2.1978958539278093,7.212255319010036,0.0,0.0,0.0,0.0,11.351636633309173,287.7900873371836,100661.57689814856,1.2185135060825827,340.0797000677841
61.1,55.26114658111995,-6.6622267004224005,-2.2944414237658854,8.579407496657954,0.0,0.0,0.0,0.0,11.102070034395597,287.7908025472227,100662.89174013791,1.2185263940548388,340.0801226470791
61.15,55.23069189060521,-4.845314635999591,-1.8244469704487025,7.278530621314248,0.0,0.0,0.0,0.0,8.932115576682854,287.79100050271103,100663.25566392436,1.218529961199986,340.08023960827904
61.2,54.656927585587454,-6.342937674095233,-3.3656461025350306,5.556748654619379,0.0,0.0,0.0,0.0,9.079531245366148,287.79472997069365,100670.1121625028,1.2185971674658465,340.08244314183975
61.25,54.918945002844005,-6.908005007925956,-2.485281411995584,5.031115644969321,0.0,0.0,0.0,0.0,8.899959635829587,287.7930268574815,100666.98100054203,1.2185664764418558,340.0814368694888
61.3,54.79659388950208,-6.386934284048726,-2.6073493037129216,5.031850600566295,0.0,0.0,0.0,0.0,8.538777453871758,287.7938221397182,100668.4431116657,1.2185808077855909,340.0819067567232
61.35,54.689385336280885,-5.379927254906749,-1.9893236253183606,5.13531851324591,0.0,0.0,0.0,0.0,7.6988649804256495,287.79451899531415,100669.724281435,1.2185933655429673,340.08231848869605
61.4,54.246744267947214,-4.0140695750220905,-5.983569243012692,6.62231709202022,0.0,0.0,0.0,0.0,9.786262775253311,287.79739616225834,100675.01409577341,1.2186452148717184,340.0840184362193
61.45,54.32688862093045,-2.848761024059576,-5.769993714796377,7.782710996947926,0.0,0.0,0.0,0.0,10.098458164641018,287.7968752239639,100674.05630815735,1.2186358269351076,340.083710645268
61.5,54.31441535306343,-4.2954147601980415,-5.859593103433422,6.742117515805652,0.0,0.0,0.0,0.0,9.911688448335385,287.79695630020507,100674.20537296597,1.2186372880231613,340.08375854833673
61.55,54.03835938737824,-5.44610370900468,-3.7108914467745535,6.913920532253399,0.0,0.0,0.0,0.0,9.551599764714505,287.798750663982,100677.50449239208,1.218669624886029,340.0848187281144
61.6,53.73987693888973,-5.824908109776229,-2.0510079919353643,7.9081138953617875,0.0,0.0,0.0,0.0,10.033666012596482,287.8006907998972,100681.07172714874,1.2187045894986515,340.0859650320117
61.65,53.605368169219396,-6.431899845941117,-2.1689815331177607,8.217104618551529,0.0,0.0,0.0,0.0,10.658077914494907,287.80156510690006,100682.67930691013,1.218720346277394,340.08648160359144
61.7,53.31041560189407,-5.145090262214592,-3.2116008786530568,8.557415387189472,0.0,0.0,0.0,0.0,10.488836547444508,287.80348229858765,100686.20450133205,1.2187548984909045,340.0876143456763
61.75,52.66148934976199,-3.464089702499102,-4.376299116892258,8.267728926138249,0.0,0.0,0.0,0.0,9.975332226225621,287.8077003192265,100693.96064666273,1.2188309195839215,340.09010648251376
61.8,52.949220466550656,-6.651528195176167,-5.540511841928679,6.6315531691563825,0.0,0.0,0.0,0.0,10.904934490271984,287.8058300669674,100690.52154539338,1.2187972117097134,340.08900148198296
61.85,52.56454523304817,-6.214268829909619,-4.719816850803597,7.057428118628804,0.0,0.0,0.0,0.0,10.521459016939064,287.8083304559852,100695.11939098722,1.2188422768064067,340.0904787852003
61.9,53.18189806620213,-1.133228627173893,-4.2575253765393875,9.629810342559514,0.0,0.0,0.0,0.0,10.589805318653855,287.80431766256964,100687.74053990451,1.2187699539098595,340.0881079059614
61.95,52.721989242745835,-3.7004400117442104,-3.1767469157740793,8.546967315617513,0.0,0.0,0.0,0.0,9.840509516363046,287.8073070699221,100693.23751482605,1.2188238319256843,340.0898741394539
62.0,52.33238330069305,-3.2441453535131055,-2.5458486743061766,9.89577072324228,0.0,0.0,0.0,0.0,10.720639101945658,287.80983950854545,100697.89439771796,1.218869475430854,340.09137037463796
62.05,51.93858695317506,-1.9953046863146366,-2.992697302769797,6.957355464695679,0.0,0.0,0.0,0.0,7.832130808366622,287.81239918480435,100702.6015449166,1.2189156111834278,340.0928826958855
62.1,51.55694014575584,-7.5130994271528015,-1.6976061623401377,7.4385638027925856,0.0,0.0,0.0,0.0,10.70797651906816,287.8148798890526,100707.1636356039,1.2189603248146985,340.0943483520618
62.15,51.57074502292249,-7.334973670600115,-4.747595983735924,5.709078080140647,0.0,0.0,0.0,0.0,10.437196888931664,287.81479015735096,100706.99861335373,1.2189587074173467,340.0942953366531
62.2,51.22529686458833,-6.2050989712808855,-4.73491968460698,6.267089560067771,0.0,0.0,0.0,0.0,10.00995150922222,287.81703557038014,100711.12813513586,1.218999181066056,340.0956219722163
62.25,51.533022657122004,-4.517258937102159,-3.5618090604252424,8.209101823929627,0.0,0.0,0.0,0.0,10.02404433566619,287.81503535272867,100707.44954361286,1.2189631270226382,340.09444020330744
62.3,51.24459287647016,-5.2211310567726406,-3.9490886602255344,7.362443287020891,0.0,0.0,0.0,0.0,9.851958278074298,287.8169101463029,100710.89746506736,1.2189969202655495,340.09554786926384
62.35,50.79868270710203,-7.076223030318858,-4.665822057313087,7.562986108468017,0.0,0.0,0.0,0.0,11.35964729743862,287.8198085624038,100716.2281126004,1.219049165763483,340.09726030500923
62.4,50.807276608366294,-4.496511590857099,-5.035418421718337,6.655046204340495,0.0,0.0,0.0,0.0,9.479646362095975,287.8197527020456,100716.12537437084,1.2190481588345086,340.0972273017983
62.45,50.51304354887141,-4.944175921983552,-6.025099622479293,6.046237944491051,0.0,0.0,0.0,0.0,9.864263494540554,287.82166521693233,100719.64291519947,1.219082633852922,340.09835724497196
62.5,50.149261714991155,-5.637565564701384,-6.401984592762729,7.624895923718988,0.0,0.0,0.0,0.0,11.441441782827225,287.8240297988525,100723.99204551247,1.219125258868774,340.09975427110334
62.55,49.7637555001672,-3.4318241952455315,-3.36092154224907,7.077834172086583,0.0,0.0,0.0,0.0,8.553884935383634,287.82653558924886,100728.60106383459,1.2191704306163955,340.10123471879876
62.6,49.42305130219637,-3.6078898313317813,-2.4793914828830204,8.95777140732132,0.0,0.0,0.0,0.0,9.970251739361625,287.8287501665357,100732.6745823237,1.2192103537469619,340.1025431093183
62.65,49.16899085451771,-6.283822952416582,0.3958665039083348,9.300401085715388,0.0,0.0,0.0,0.0,11.231233304557875,287.8304015594456,100735.71225992602,1.2192401247632028,340.1035187625885
62.7,49.324647783266556,-4.146254929935628,1.2400880010786413,8.330273735539935,0.0,0.0,0.0,0.0,9.387369637095428,287.82938978940876,100733.85113669185,1.219221884687816,340.10292100284835
62.75,49.20125950624265,-5.8695788581606205,0.13180326829859335,7.989850160159788,0.0,0.0,0.0,0.0,9.914990350752023,287.8301918132094,100735.3264351893,1.2192363434647107,340.1033948433542
62.8,49.28799258498353,-5.95728094290363,-4.304198645458203,5.475159403981772,0.0,0.0,0.0,0.0,9.164752735958402,287.8296280481976,100734.28940469319,1.219226179971427,340.10306176764885
62.85,48.86158305862006,-6.6265256810560595,-5.157826232568943,4.8231351576095856,0.0,0.0,0.0,0.0,9.683834302363989,287.8323997101189,100739.38788508052,1.2192761478100032,340.10469927877426
62.9,48.53971241102042,-4.405940362793163,-4.616935309064472,7.173738697299538,0.0,0.0,0.0,0.0,9.601610751624388,287.83449186932836,100743.23655658892,1.219313866533471,340.1059353312244
62.95,47.91507964149838,-4.442330807543659,-8.369663446811437,4.931689953264918,0.0,0.0,0.0,0.0,10.682094130444513,287.8385519823302,100750.7057548745,1.2193870672764222,340.10833404246216
63.0,47.95318285838806,-4.907489455521591,-5.425057619734437,5.775023519795746,0.0,0.0,0.0,0.0,9.320171650119343,287.8383043114205,100750.25011354778,1.2193826018624006,340.10818771918815
63.05,47.83967601901077,-4.9464979261936115,-3.535017175255882,7.017383511885523,0.0,0.0,0.0,0.0,9.284818765925083,287.8390421058764,100751.60744236443,1.2193959040578204,340.1086236058835
63.1,47.90175247447214,-4.4142489170851595,-1.1327181647746696,8.350375833087345,0.0,0.0,0.0,0.0,9.513013218565774,287.8386386089159,100750.86512260178,1.2193886291243694,340.1083852211895
63.15,47.77297749334592,-2.4048595022471235,5.904032626501789,4.5511694339821815,0.0,0.0,0.0,0.0,7.832885400486822,287.83947564629324,100752.40503848631,1.2194037207031028,340.1088797399678
63.2,46.86457724193884,-6.0265845858118166,2.941755852358911,8.748582726318332,0.0,0.0,0.0,0.0,11.023218630874922,287.8453802479274,100763.26840406911,1.2195101832824748,340.1123681377003
63.25,47.24556508954904,-5.91569703168621,0.40162215644128096,9.188663873958273,0.0,0.0,0.0,0.0,10.93564426615238,287.8429038269179,100758.7121358838,1.2194655314504899,340.11090508968323
63.3,46.34584743866238,-6.271534241002387,-1.0563117815977958,9.150618086093976,0.0,0.0,0.0,0.0,11.143686448996933,287.84875199164867,100769.47220899032,1.2195709805028605,340.1143601244791
63.35,46.015374279247105,-4.261097068750772,-2.8347123845647317,8.729379969618567,0.0,0.0,0.0,0.0,10.119022541060916,287.85090006718485,100773.42469959678,1.2196097144961962,340.11562917631346
63.4,46.236432458644046,-3.5382053147247365,-4.389760470085332,7.723240278283841,0.0,0.0,0.0,0.0,9.562287081549897,287.84946318901876,100770.78080871973,1.2195838046749474,340.1147802900823
63.45,45.90900020818412,-4.105454459289952,-1.763445283432125,7.996192800266377,0.0,0.0,0.0,0.0,9.159890549782492,287.85159149864677,100774.69697037103,1.2196221825548297,340.11603766297344
63.5,45.5775953869743,-4.277481763347178,0.6423321184075425,8.677738851650165,0.0,0.0,0.0,0.0,9.696009094650455,287.85374562998464,100778.66077032633,1.2196610269950061,340.1173102862039
63.55,45.227612740905144,-5.224760653163905,3.7167300428770864,9.441468068262427,0.0,0.0,0.0,0.0,11.412866659104271,287.8560205171841,100782.8469092417,1.2197020499965536,340.11865424472205
63.6,45.47504224972715,-5.128919828480768,0.820906333177083,9.642439180088495,0.0,0.0,0.0,0.0,10.952458133064884,287.85441222537673,100779.88739278734,1.2196730475888533,340.1177040981727
63.65,45.21093246421844,-2.3787612077594793,-3.064066031581165,11.689479491431541,0.0,0.0,0.0,0.0,12.316287440216287,287.8561289389826,100783.0464253788,1.2197040051913246,340.11871829805096
63.7,44.87165220130861,-3.7026462628909362,-5.446250312922933,7.465193637462451,0.0,0.0,0.0,0.0,9.954915763778377,287.8583342606915,100787.10469410867,1.2197437747760136,340.1200211533336
63.75,44.611880282258134,-5.272281676617735,-6.157176509021201,5.335499563557562,0.0,0.0,0.0,0.0,9.704397571903398,287.8600227781653,100790.21202075657,1.2197742252618486,340.12101868873276
63.8,44.31939345961338,-6.673766666934531,-5.133530546520376,4.513439901452303,0.0,0.0,0.0,0.0,9.553189893473593,287.8619239425125,100793.71076773189,1.2198085112874282,340.12214184727446
63.85,44.41922662694523,-5.28000118557766,-3.4527727117525258,9.704480161404172,0.0,0.0,0.0,0.0,11.574842855167043,287.86127502692483,100792.51654563849,1.2197968085148438,340.1217584852082
63.9,44.04411610360734,-5.388117217960952,-5.573221628733514,7.009719150097105,0.0,0.0,0.0,0.0,10.451256816321585,287.86371324532655,100797.00374374863,1.2198407806504368,340.1231989175384
63.95,43.83291038984638,-5.288920809850835,-4.529494868440612,6.386610426826004,0.0,0.0,0.0,0.0,9.448693022854838,287.86508608246595,100799.53032863647,1.219865539663773,340.1240099492545
64.0,43.516893850433924,-6.1990474488278995,-8.047867982282172,2.2799280416336787,0.0,0.0,0.0,0.0,10.41126506281008,287.86714018997213,100803.31082692712,1.2199025860542982,340.1252234518106
64.05,43.48183286241122,-3.0242499711352426,-9.209465864802755,-0.07798517549005313,0.0,0.0,0.0,0.0,9.693628375921726,287.8673680863943,100803.73026776248,1.2199066962816292,340.12535808563183
64.1,43.324068887608895,-3.0089056554966223,-9.472485043193936,1.510868126895444,0.0,0.0,0.0,0.0,10.053069612515419,287.86839355223054,100805.61764373787,1.2199251912081501,340.1259638969582
64.15,43.40521825422959,-2.757944630640552,-9.681864595332037,1.9989040591448042,0.0,0.0,0.0,0.0,10.263546076560898,287.8678660813475,100804.64682686407,1.2199156779095546,340.12565228472715
64.2,42.69420585892343,0.3463878311941527,-10.695792450332958,2.165966683715438,0.0,0.0,0.0,0.0,10.918396051855058,287.872487661917,100813.15316215868,1.219999033209962,340.1283825509047
64.25,42.77536465480565,2.79104155262668,-12.255352242343363,3.7125822053515045,0.0,0.0,0.0,0.0,13.10598482235852,287.87196012974374,100812.18217370969,1.2199895183653755,340.1280709046816
64.3,42.57268318058108,-2.1764518713924814,-10.26691593114495,3.2414110490962598,0.0,0.0,0.0,0.0,10.984227377239108,287.8732775593262,100814.6070805516,1.220013280316516,340.1288491921354
64.35,42.360316795570135,-3.0411657769048066,-9.298424620389317,3.1303402471211372,0.0,0.0,0.0,0.0,10.271729151726387,287.8746579408288,100817.14790956298,1.2200381780861453,340.12966466728665
64.4,42.008564157155234,-4.032409454732761,-7.186797223767548,3.874336953798058,0.0,0.0,0.0,0.0,9.1060895656553,287.8769443329785,100821.35652070203,1.2200794183123818,340.1310153736264
64.45,41.97903219004593,-7.483721504988785,-8.047773883317342,1.8912333801655639,0.0,0.0,0.0,0.0,11.151211402331532,287.87713629076467,100821.70986799525,1.2200828807514394,340.1311287741385
64.5,41.871219725926174,-8.589956258278585,-8.296937518340261,1.0180628184376772,0.0,0.0,0.0,0.0,11.98594896554574,287.87783707178147,100822.99984280909,1.2200955211546325,340.13154276549653
64.55,41.353337350455426,-5.367315913312073,-8.156276634123486,1.6536580729770611,0.0,0.0,0.0,0.0,9.902904304695868,287.881203307222,100829.19648538089,1.2201562413380163,340.13353138594454
64.6,41.28518329993585,-5.008587917570974,-8.940221539763405,-1.4526411999972653,0.0,0.0,0.0,0.0,10.350057031920983,287.8816463085504,100830.01199523911,1.2201642323718644,340.1337930903325
64.65,41.13345014344915,-1.4567995394863211,-7.784872002074341,-0.053512869143544695,0.0,0.0,0.0,0.0,7.920186905249931,287.88263257406754,100831.82760548218,1.220182023164636,340.13437572897647
64.7,41.161992094990964,-1.7347707805849728,-10.509675108606634,2.889983840738202,0.0,0.0,0.0,0.0,11.036970016692317,287.88244705138254,100831.48607586864,1.2201786765905833,340.1342661310958
64.75,40.80585602024919,-2.4910660996497085,-7.684422339790574,5.217163641397279,0.0,0.0,0.0,0.0,9.6163690377509,287.88476193586837,100835.74762505788,1.220220434425432,340.1356336510002
64.8,40.317768596512074,-2.424547654888152,-6.447286816029023,6.862827161324057,0.0,0.0,0.0,0.0,9.723391140192422,287.88793450412265,100841.58835022722,1.220277665657951,340.1375078393616
64.85,40.10306417744748,-1.2638382246909197,-4.239011857631042,9.003364543993321,0.0,0.0,0.0,0.0,10.031305084552187,287.8893300828466,100844.1577092966,1.2203028417132193,340.1383322714357
64.9,40.250913891626034,-3.6897756361390974,-5.695166037728383,6.4485078019012105,0.0,0.0,0.0,0.0,9.361229262950527,287.8883690597044,100842.38839208418,1.2202855049404655,340.1377645513997
64.95,39.5515123927814,-5.374219889066302,-6.846892313384691,4.517160462913153,0.0,0.0,0.0,0.0,9.806472985473828,287.8929151694469,100850.75835011857,1.2203675180220437,340.1404501366246
65.0,39.46995817627506,-3.0422239593280564,-8.157422010294608,3.7151709040586067,0.0,0.0,0.0,0.0,9.46578867919162,287.8934452718542,100851.73437173608,1.220377081491121,340.1407632898475
65.05,40.08529981965243,-7.182828892025805,-8.79897849375276,4.683521284514299,0.0,0.0,0.0,0.0,12.286188385668792,287.88944555117223,100844.37029701972,1.2203049247643136,340.13840048375835
65.1,40.13153520872702,-5.097434706000408,-6.628722705421934,7.8257030523415825,0.0,0.0,0.0,0.0,11.452747860262274,287.88914502114324,100843.8169945721,1.2202995032017585,340.1382229471525
65.15,40.07539074901268,-3.0243976534683332,-9.329408537247167,7.187625034272427,0.0,0.0,0.0,0.0,12.15922688555752,287.8895099601314,100844.48887994811,1.2203060867045137,340.1384385330156
65.2,40.02157792150378,-8.325845583730656,-9.569660401274056,1.8758764610403993,0.0,0.0,0.0,0.0,12.822519930845319,287.8898597435102,100845.13286589143,1.2203123968254377,340.13864516565076
65.25,40.1802499273534,-8.29002141302703,-6.588755808114593,3.6202898670705776,0.0,0.0,0.0,0.0,11.19118657019998,287.8888283754722,100843.23402445707,1.2202937909329115,340.1380358902118
65.3,38.807878540455036,-5.697896745692625,-6.16442823930659,-0.3541073309275482,0.0,0.0,0.0,0.0,8.401880434995,287.897748789487,100859.65826767343,1.2204547224944078,340.14330554345935
65.35,38.51777003460269,-4.328206971908099,-8.941745066039186,2.083631112435573,0.0,0.0,0.0,0.0,10.15035462584532,287.89963449477506,100863.13050069746,1.2204887442382557,340.1444194962123
65.4,38.03200190917732,-4.822344072218915,-10.491070162991399,5.065527632798865,0.0,0.0,0.0,0.0,12.608613155867785,287.9027919875903,100868.94474939322,1.220545713095439,340.1462847306331
65.45,37.825672238873295,-3.5154769075215477,-6.802031333642298,5.256570818448075,0.0,0.0,0.0,0.0,9.287504773647697,287.9041331304473,100871.41442956259,1.2205699111930794,340.14707698454924
65.5,37.85986107656863,-4.332575465143138,-8.311307643728405,4.71521123903527,0.0,0.0,0.0,0.0,10.49200943282949,287.90391090300227,100871.00520003862,1.220565901541604,340.14694570815936
65.55,37.92105592753889,-5.416838566217296,-6.729079333109594,5.134400369586566,0.0,0.0,0.0,0.0,10.049115178907662,287.90351313647096,100870.27272047322,1.220558724662223,340.1467107354613
65.6,38.12916030521639,-3.017968765756508,-6.80745286229039,1.385096779179583,0.0,0.0,0.0,0.0,7.574169461471081,287.90216045801606,100867.78182083787,1.2205343186017354,340.1459116662479
65.65,38.06243093274431,-1.5062820012069449,-10.380813189401154,1.816200595081258,0.0,0.0,0.0,0.0,10.645597801062111,287.90259419893715,100868.58053080477,1.220542144446903,340.14616789069794
65.7,37.43801476533537,-3.1034041030444337,-9.301320439739033,4.7437434765041955,0.0,0.0,0.0,0.0,10.892602128067299,287.9066529040253,100876.05466038769,1.2206153761917793,340.1485654865248
65.75,36.53667666619483,-4.063841994294093,-7.020244026488861,3.089012858682564,0.0,0.0,0.0,0.0,8.679898524012073,287.91251160166973,100886.84427784197,1.220721091365058,340.1520263608068
65.8,36.28236114483077,-5.222775670284623,-9.506916485727954,3.5356012419703013,0.0,0.0,0.0,0.0,11.408738883458804,287.91416465255855,100889.88877306355,1.22075092051727,340.15300285154575
65.85,35.88481238625832,-4.200029944373788,-9.105724429393534,4.564864332164584,0.0,0.0,0.0,0.0,11.017824435375575,287.9167487194893,100894.64810978573,1.2207975508860336,340.1545293067566
65.9,35.630330356109575,-0.07892562427271899,-8.46285474596615,5.60519119312999,0.0,0.0,0.0,0.0,10.151074229707445,287.9184028526853,100897.69478917898,1.2208274009988276,340.1555064296456
65.95,35.93005058825913,-1.4144525352427801,-9.783379943039897,4.00316673364006,0.0,0.0,0.0,0.0,10.664921142777029,287.91645467117627,100894.10652218036,1.2207922446152657,340.1543556074295
66.0,35.73055756194194,-2.5691810985584986,-9.083571363101484,3.7049000547012847,0.0,0.0,0.0,0.0,10.140919319325699,287.91775137584733,100896.49485209353,1.220815644528797,340.1551215922109
66.05,35.52551773584446,-2.6409207966745347,-8.783197811639994,3.43619484769248,0.0,0.0,0.0,0.0,9.794205505502422,287.91908413471697,100898.94963598298,1.2208396954223257,340.155908873003
66.1,35.03826272599286,-3.423971537876052,-5.991734324369258,5.423007101727777,0.0,0.0,0.0,0.0,8.776871158414023,287.92225129228103,100904.7833588845,1.220896851228405,340.1577797534976
66.15,35.21839506214079,-5.010749402202945,-6.968339268868232,5.730067306199242,0.0,0.0,0.0,0.0,10.319836872320302,287.92108043209606,100902.62666963991,1.2208757211735521,340.1570881126049
66.2,34.9597889217892,-4.460144912125371,-6.5272326408942485,7.6019547336264734,0.0,0.0,0.0,0.0,10.967560091361209,287.9227613720083,100905.72292207292,1.220906056524813,340.15808106315654
66.25,35.13104518559795,-2.9160649225666875,-7.852440406729183,6.331690338903393,0.0,0.0,0.0,0.0,10.500217022596228,287.9216482062936,100903.67248797316,1.2208859675370218,340.1574235036819
66.3,35.08529437609318,-1.542994423415415,-6.8520221213443016,6.681513985993355,0.0,0.0,0.0,0.0,9.694001654998184,287.92194558655535,100904.22025453196,1.2208913342500036,340.15759916966283
66.35,35.39586263306798,-3.617724867951815,-6.913127955210883,5.823859177773373,0.0,0.0,0.0,0.0,9.736354916900387,287.91992689288503,100900.50192161012,1.2208549039771226,340.1564067020401
66.4,35.215752075437955,-4.935485807481675,-7.020088377941383,3.231115310545144,0.0,0.0,0.0,0.0,9.169556539985997,287.92109761150965,100902.65831333323,1.2208760312016735,340.15709826069684
66.45,34.54543088138435,-6.18057538650641,-6.175920035086975,3.481752501085723,0.0,0.0,0.0,0.0,9.405535650184643,287.925454699271,100910.68412897454,1.2209546632886545,340.1596720365247
66.5,34.26264922847655,-8.028686542444389,-5.468907397405974,2.6677066353096124,0.0,0.0,0.0,0.0,10.073996943135548,287.92729278001485,100914.07005403623,1.2209878361774393,340.1607578035782
66.55,34.14147743855251,-6.12296507819702,-5.338596917877404,4.754319201909319,0.0,0.0,0.0,0.0,9.412484766204619,287.92808039664936,100915.52094930409,1.2210020509539108,340.1612230531303
66.6,33.640871818526215,-8.243271544314105,-7.388453362551747,4.097189377384838,0.0,0.0,0.0,0.0,11.803716772189006,287.93133433317956,100921.5153149978,1.221060778811318,340.1631451648971
66.65,33.31261240869012,-2.932305143611405,-9.02521410420863,2.450703624917835,0.0,0.0,0.0,0.0,9.80096175582997,287.9334680193435,100925.44612443485,1.2210992892840127,340.16440553493186
66.7,33.101355542512465,-0.8342565636697388,-8.257863841808591,3.608360508154229,0.0,0.0,0.0,0.0,9.050335065658222,287.9348411889736,100927.97592854903,1.22112407383807,340.16521666480367
66.75,33.05151521621504,-4.099047000552202,-8.412742709975445,4.235405604415779,0.0,0.0,0.0,0.0,10.27205368224376,287.93516515109457,100928.57277468358,1.2211299211373166,340.1654080286095
66.8,32.69167345881978,-6.017055593596732,-6.9970855784978845,4.296932925276478,0.0,0.0,0.0,0.0,10.179773925465234,287.9375041225176,100932.8820239337,1.2211721386401493,340.1667896513652
66.85,32.71292596236187,-8.213778176796087,-5.650551980918794,4.748740404428164,0.0,0.0,0.0,0.0,11.042890249175056,287.9373659812446,100932.62751254733,1.2211696452141516,340.1667080519238
66.9,32.27235633477523,-6.701401013509001,-4.9446459594154994,6.715147070363414,0.0,0.0,0.0,0.0,10.698200754539702,287.94022968382393,100937.90370248581,1.2212213353451307,340.16839962441884
66.95,31.967932461507488,-6.430844640790585,-6.243692772746387,4.5934650429417845,0.0,0.0,0.0,0.0,10.071712035952906,287.9422084390002,100941.54956356886,1.2212570530608384,340.16956845870413
67.0,31.66348879848362,-2.7663464040904424,-6.398389059851099,2.8170808211792084,0.0,0.0,0.0,0.0,7.518510447003587,287.94418732280985,100945.19576830183,1.2212927738977262,340.1707373649556
67.05,31.761578455159217,-5.819909691094812,-11.1826561513483,-2.885061519712599,0.0,0.0,0.0,0.0,12.932390629126298,287.9435497400414,100944.02097454142,1.2212812648022073,340.1703607518304
67.1,31.528701681636004,-1.2824449075403201,-7.70636151537082,1.929035809616627,0.0,0.0,0.0,0.0,8.046977811653752,287.9450634390693,100946.81009585243,1.221308588929921,340.1712548765089
67.15,31.42116359462225,-5.192268316776175,-3.987722609947901,5.318189823493758,0.0,0.0,0.0,0.0,8.434733243321922,287.94576243663494,100948.09808035335,1.2213212068528625,340.17166776557167
67.2,31.147743112842562,-6.838622229047824,-4.725231352496161,5.886624329262858,0.0,0.0,0.0,0.0,10.1856227752705,287.9475396697665,100951.37289950866,1.221353288945501,340.17271755255314
67.25,30.798315950049037,-6.766226107847528,-6.210009982709978,4.707951609482851,0.0,0.0,0.0,0.0,10.320409298332468,287.94981094632465,100955.55819314775,1.2213942903040345,340.17405915942425
67.3,30.888075189843626,-5.511639001911934,-7.993364515150629,2.5930198274381877,0.0,0.0,0.0,0.0,10.049666292218543,287.949227511266,100954.48308078894,1.2213837579634397,340.1737145341369
67.35,30.46059952743725,-2.7257025782441326,-9.205771652326522,2.4089516095302352,0.0,0.0,0.0,0.0,9.89842078903921,287.95200610307165,100959.60335391501,1.2214339185392153,340.17535579850784
67.4,30.55881794325225,0.21764290120923385,-9.83218732411443,1.4120410319252121,0.0,0.0,0.0,0.0,9.935448449102017,287.95136768336886,100958.42688209882,1.221422393317234,340.17497869613436
67.45,30.214010067629363,-3.011585544257254,-10.974405340264651,3.167557430346924,0.0,0.0,0.0,0.0,11.812732119935445,287.9536089345604,100962.55708058875,1.2214628543986519,340.1763025587347
67.5,29.842999028550505,-4.3547149161162375,-9.147935035006778,6.303994659795538,0.0,0.0,0.0,0.0,11.932669696094012,287.9560205063144,100967.00130019961,1.2215063914052116,340.177727020557
67.55,29.660554140429543,-2.488631727942745,-6.502032457168371,8.213547436837842,0.0,0.0,0.0,0.0,10.767175834385716,287.9572063980872,100969.18680580528,1.2215278011882247,340.17842749827525
67.6,29.331003263081694,-2.114170843033528,-5.730989344399876,8.820993747409807,0.0,0.0,0.0,0.0,10.72958004355254,287.95934847878993,100973.13458976563,1.2215664744862214,340.1796927701172
67.65,29.364472964627083,-2.734887623608227,-7.919425654444547,4.767841919354135,0.0,0.0,0.0,0.0,9.63998078722102,287.9591309257299,100972.73364096173,1.2215625467229712,340.1795642673485
67.7,29.032187915941016,-3.525478918473811,-7.900976743349521,4.741771638847729,0.0,0.0,0.0,0.0,9.866044464654209,287.96129077854636,100976.71429208653,1.221601541732603,340.1808400324369
67.75,28.958293817068103,-2.001223294359346,-7.686516832380441,3.693549449498934,0.0,0.0,0.0,0.0,8.759551542416325,287.961771090189,100977.59953314043,1.221610213636795,340.1811237385376
67.8,28.969872505446894,-5.136993977848293,-7.380339305172984,4.1561759187030205,0.0,0.0,0.0,0.0,9.906155341762906,287.9616958287146,100977.46082164472,1.22160885480696,340.181079283792
67.85,28.66057053095388,-4.4055549505461125,-3.714703999730119,7.438610873716769,0.0,0.0,0.0,0.0,9.409615930444222,287.96370629154876,100981.16628047408,1.2216451536808555,340.1822668032311
67.9,29.060044488418292,-5.695498746723742,-4.925223992288266,6.071102186517106,0.0,0.0,0.0,0.0,9.672374016097416,287.96110971082527,100976.38057584353,1.2215982726133081,340.1807330809453
67.95,28.372576289630075,-5.534644664963687,-4.587819495874207,5.780102755798684,0.0,0.0,0.0,0.0,9.224422321301535,287.96557825411736,100984.6165701886,1.2216789526765386,340.18337251103577
68.0,28.252715404792756,-5.553002562387144,-6.283295324852743,5.41859250027185,0.0,0.0,0.0,0.0,9.98382603420136,287.9663573498688,100986.05258112421,1.2216930197572815,340.18383269666384
68.05,28.010632635300507,-3.6735130648956345,-8.25538813488656,5.9989944111601865,0.0,0.0,0.0,0.0,10.8459239090414,287.9679308878705,100988.95293972299,1.2217214313876652,340.18476213068175
68.1,27.674598823716742,-1.3526326552787376,-8.081937148605926,5.819792546978254,0.0,0.0,0.0,0.0,10.050736712500557,287.9701151076458,100992.97902394553,1.2217608702593072,340.186052268916
68.15,27.80989068608578,-3.376474300839931,-5.5291436311536,8.296095457568727,0.0,0.0,0.0,0.0,10.526025263092018,287.96923571054043,100991.35805109773,1.221744991506725,340.18553284199913
68.2,27.36500750279817,-6.744205840771482,-4.458180746513507,8.192517586232437,0.0,0.0,0.0,0.0,11.509866740844902,287.9721274512318,100996.68841074886,1.2217972065493499,340.1872408818804
68.25,27.283697141298674,-10.621489785230867,-7.445056367439118,5.2835830848056355,0.0,0.0,0.0,0.0,14.005754523985976,287.97265596858153,100997.66265396736,1.2218067499671337,340.1875530558017
68.3,27.431154833283706,-7.612417994155973,-6.236659051208706,4.742534772529721,0.0,0.0,0.0,0.0,10.92412284384548,287.97169749358363,100995.89585331168,1.2217894428624343,340.18698692299574
68.35,26.878601410389876,-0.02022803680761287,-5.040964469365819,5.9379677572548495,0.0,0.0,0.0,0.0,7.7891715246924615,287.97528909083246,101002.5165370636,1.2218542970057935,340.18910833084124
68.4,27.027580767916,-2.73915040514644,-6.523067791084689,0.6952456914886943,0.0,0.0,0.0,0.0,7.10891868856537,287.9743207250085,101000.73143486255,1.221836810783659,340.1885363585304
68.45,27.33134441446304,-9.517048463450594,-3.0562637501239274,2.7889394633442492,0.0,0.0,0.0,0.0,10.377530674307247,287.972346261306,100997.09175369136,1.2218011575876604,340.187370124217
68.5,27.235347829887907,-7.121949684300586,-6.545437132994677,4.599103441495163,0.0,0.0,0.0,0.0,10.710586680162177,287.9729702391057,100998.24196859887,1.2218124247651323,340.1877386826124
68.55,26.52013119974492,-8.824695153719267,-5.48339081010535,5.519404288773431,0.0,0.0,0.0,0.0,11.764635269967133,287.9776191472016,101006.81190770735,1.2218963726780077,340.19048459162684
68.6,26.685517246263625,-6.559982532843239,-7.625976702421277,-0.8462647733475281,0.0,0.0,0.0,0.0,10.094803394008693,287.9765441378993,101004.83015040593,1.221876960246383,340.18984963208055
68.65,26.844356276057276,-0.7965582713828928,-6.530248342855212,8.116905961080688,0.0,0.0,0.0,0.0,10.448100826470759,287.9755116842056,101002.92687312403,1.2218583165026389,340.1892398070987
68.7,26.92155731143533,-4.5831584423992044,-9.831729360000748,0.2591614360184956,0.0,0.0,0.0,0.0,10.850594830070607,287.97500987747566,101002.00182774232,1.2218492551035698,340.18894341154174
68.75,26.64626759574412,-6.402927067238934,-3.7593786584088704,1.7998875009561308,0.0,0.0,0.0,0.0,7.640026043265766,287.9767992606276,101005.30046100273,1.221881567210764,340.19000032168555
68.8,25.729061841589903,0.28221684733754215,-6.379367969865836,-11.886683020307444,0.0,0.0,0.0,0.0,13.493302607928742,287.98276109802964,101016.29142263967,1.2219892288763825,340.1935216938517
68.85,25.708264924397703,-7.493163717054755,-2.3057092581394913,-10.697843297327152,0.0,0.0,0.0,0.0,13.263018091212253,287.9828962779914,101016.5406452554,1.2219916701038904,340.19360153776614
68.9,25.505036427102496,9.860966094094929,-20.252777286261953,-5.50786978507602,0.0,0.0,0.0,0.0,23.189443065437583,287.9842172632238,101018.97608711418,1.2220155260954957,340.19438177543697
68.95,25.38480049806652,1.5947039455165295,-18.97172346922961,-2.7762524452922,0.0,0.0,0.0,0.0,19.23998310047996,287.98499879676257,101020.41698820725,1.2220296401663275,340.19484338604394
69.0,24.688698235567845,-7.7130640058434174,-7.157409427437188,1.4663964815224384,0.0,0.0,0.0,0.0,10.62403806051284,287.98952346146876,101028.75936844437,1.2221113556021739,340.19751585433494
69.05,24.873405463299736,-3.408544996477654,-10.863771877713233,0.16557891372514932,0.0,0.0,0.0,0.0,11.387147789533435,287.9883228644885,101026.54570551465,1.2220896724155963,340.1968067303866
69.1,24.66012577335658,-7.140924074641007,-6.883651284761355,0.38737059176505173,0.0,0.0,0.0,0.0,9.926102338045311,287.9897091824732,101029.10180468307,1.2221147098124665,340.1976255489748
69.15,24.593620637536752,-3.0349140015000433,-7.616453578557314,0.8810141292819397,0.0,0.0,0.0,0.0,8.24604474926094,287.99014146585597,101029.89886138706,1.222122517084681,340.19788087359325
69.2,24.726747765878912,-3.3794723612746242,-9.155735026790179,-3.5296966249049238,0.0,0.0,0.0,0.0,10.378201943750991,287.9892761395218,101028.30335256971,1.2221068888602888,340.19736977553134
69.25,24.460145077948116,-1.3478344415169663,-7.016145178339806,-3.759456301541837,0.0,0.0,0.0,0.0,8.073194072266743,287.99100905699333,101031.49856658457,1.2221381863660408,340.1983933085721
69.3,24.033079145527843,-2.902306889521336,-9.089431900818955,-8.745071151306155,0.0,0.0,0.0,0.0,12.942852351857972,287.99378498555404,101036.61709155391,1.2221883225415486,340.2000328808694
69.35,23.898371206823867,0.16672764806801194,-8.835660019770062,-2.810642900358544,0.0,0.0,0.0,0.0,9.273424373279228,287.99466058715564,101038.23165384798,1.2222041371494392,340.2005500438826
69.4,24.17730878642629,-1.2763827774548462,-9.521343935250844,-2.49890397502171,0.0,0.0,0.0,0.0,9.926210979235767,287.9928474928882,101034.88842862239,1.2221713902667193,340.19947916181025
69.45,23.784315709904945,-4.062997486764852,-11.847982164901545,0.09634728559231032,0.0,0.0,0.0,0.0,12.525650192972963,287.99540194788557,101039.59869952229,1.222217527299015,340.2009879186079
69.5,23.58943643908005,-3.5234469370495165,-10.593304061409366,0.47353204504601937,0.0,0.0,0.0,0.0,11.173942985954477,287.99666866314595,101041.93451694696,1.2222404064436145,340.2017360856033
69.55,23.02930024316664,-0.3059231719597133,-8.243320837219558,1.0768191889998087,0.0,0.0,0.0,0.0,8.318982328282605,288.0003095484194,101048.64853699454,1.2223061691719388,340.2038865125196
69.6,22.72625538480831,-2.598256157433725,-7.0238444444427985,3.965691945817332,0.0,0.0,0.0,0.0,8.474198395629683,288.0022793399987,101052.28110639326,1.222341749248534,340.20504993072234
69.65,22.610896379815088,-2.0705147835827247,-8.754709696813219,2.8181116279611405,0.0,0.0,0.0,0.0,9.427286274011191,288.00302917353116,101053.66393141245,1.2223552935975601,340.2054928039331
69.7,22.18783557881225,-2.2142350119322156,-8.41615692231381,1.1906453499818073,0.0,0.0,0.0,0.0,8.783630819798292,288.0057790687377,101058.7353533461,1.222404966325801,340.2071169660529
69.75,22.100308090298455,-4.93252866391352,-11.463512754810537,-0.560541643755027,0.0,0.0,0.0,0.0,12.49224441941543,288.00634799741306,101059.7846108263,1.2224152433609312,340.20745298967273
69.8,21.724480665017758,-2.6662184518355265,-11.222342821645931,1.5621849539003327,0.0,0.0,0.0,0.0,11.640022382695351,288.00879087567733,101064.29003557091,1.222459371868136,340.20889581139477
69.85,21.447315469667785,-2.60482932135663,-10.885377299182373,2.063760552423577,0.0,0.0,0.0,0.0,11.381374361503703,288.01059244944713,101067.61280024219,1.22249191653875,340.20995985958336
69.9,20.92324291809088,-2.095240265650078,-8.689021584079192,2.210009188567638,0.0,0.0,0.0,0.0,9.207240003005726,288.0139989210324,101073.89582854943,1.2225534548233334,340.21197178581957
69.95,21.206327456354273,-1.7072566734666286,-7.971071573988707,1.708594132821211,0.0,0.0,0.0,0.0,8.32898561035245,288.0121588715337,101070.50193061163,1.2225202138320497,340.21088501942916
70.0,20.722571259608642,-2.3581175805511676,-9.106016462935065,0.19275170943343425,0.0,0.0,0.0,0.0,9.408369017446033,288.0153032868125,101076.30173511988,1.2225770189623382,340.2127421656504
70.05,20.495639738337154,-1.8482757308035502,-9.959610702070812,-0.5828690706850405,0.0,0.0,0.0,0.0,10.146413399198856,288.0167783417008,101079.0225341314,1.2226036671196465,340.21361335516735
70.1,20.880694904147383,2.328193065798792,-8.215378648670237,-0.2884940403318031,0.0,0.0,0.0,0.0,8.543778912399791,288.014275483123,101074.40594427637,1.2225584510519873,340.21213512807367
70.15,20.585421442447036,0.33123375086273116,-9.124018464058517,0.7115641544840668,0.0,0.0,0.0,0.0,9.157715450708107,288.01619476062405,101077.94608790045,1.2225931241637054,340.21326868370664
70.2,20.793366091091176,-3.9801109129511274,-7.84312510400847,-0.9893420877891821,0.0,0.0,0.0,0.0,8.850688789195539,288.0148431204079,101075.45295152042,1.2225687057445034,340.21247038402095
70.25,20.426948580629027,-7.32436572384767,-9.38853562583092,-8.245680164134289,0.0,0.0,0.0,0.0,14.483859148147246,288.0172248342259,101079.84611952983,1.2226117334854272,340.21387705990236
70.3,20.40970862087147,0.8898204987540266,-6.963443955476547,-2.126849130886635,0.0,0.0,0.0,0.0,7.335176853124875,288.01733689396434,101080.05282208372,1.2226137579710408,340.2139432439203
70.35,20.134354523834066,0.9610763478598068,-6.980404722114606,0.609085613549841,0.0,0.0,0.0,0.0,7.072531591698183,288.01912669559505,101083.35429120668,1.222646093104546,340.21500032355834
70.4,19.687514644491298,-5.426410291438987,-10.338806206245303,-1.9216926537513621,0.0,0.0,0.0,0.0,11.833416458352733,288.0220311548108,101088.71204417275,1.2226985673937787,340.2167157271727
70.45,19.90184282610737,-4.41890617758836,-11.69731418036214,-1.9262823222529943,0.0,0.0,0.0,0.0,12.65165816900908,288.0206380216303,101086.14215207941,1.2226733977176005,340.2158929294053
70.5,19.768692276659866,-2.8204890345747513,-11.134873722311427,-2.65517435073787,0.0,0.0,0.0,0.0,11.789424160610825,288.0215035002017,101087.73868132572,1.222689034234422,340.21640408955307
70.55,19.05219200426373,-0.7702141232186868,-9.909601055569327,-8.023122037996062,0.0,0.0,0.0,0.0,12.773562937282783,288.02616075197227,101096.33016157815,1.2227731789739122,340.2191546950217
70.6,18.817670545328106,-1.3405333767300456,-10.266992165558626,-4.451641086975661,0.0,0.0,0.0,0.0,11.270548621474436,288.0276851414553,101099.14241243682,1.2228007217918666,340.2200550052813
70.65,19.15941086498982,-1.5457311535627254,-8.85592347750421,-2.177833718885738,0.0,0.0,0.0,0.0,9.249844601160621,288.02546382937754,101095.04447375181,1.2227605870665479,340.21874308907786
70.7,19.500465093676393,-1.5762789578100151,-8.504981500748872,-0.4163062374008196,0.0,0.0,0.0,0.0,8.659831208760018,288.0232469768911,101090.95489634387,1.2227205339219978,340.21743380168397
70.75,18.507284458162452,-3.9726227399670058,-10.430715500047857,0.9249690819686873,0.0,0.0,0.0,0.0,11.199871654605671,288.0297026510219,101102.86448710696,1.2228371750813778,340.22124655048543
70.8,18.277231454015315,-2.691607959737941,-7.506669635290501,3.3592892575087783,0.0,0.0,0.0,0.0,8.65330380478641,288.0311979955489,101105.6232985295,1.2228641941895733,340.2221297012751
70.85,17.90843619729235,-5.847707337344849,-8.465611073588764,0.04905990347071165,0.0,0.0,0.0,0.0,10.289055293205205,288.03359516471755,101110.04604375835,1.2229075091560913,340.2235454651031
70.9,17.42943545186551,-9.576135141656318,-6.697080600993177,-0.09496354635064813,0.0,0.0,0.0,0.0,11.685986090296346,288.03670866956287,101115.79065265362,1.2229637694986613,340.2253842867067
70.95,17.454210896452373,-10.587415945496375,-8.348784242103305,1.9812786085914287,0.0,0.0,0.0,0.0,13.627950676789425,288.036547629173,101115.49351669876,1.2229608594859454,340.2252891772388
71.0,17.191430305541804,-4.851606695409483,-4.770061454150227,2.1703064087259305,0.0,0.0,0.0,0.0,7.141554712460638,288.03825570301393,101118.64512327923,1.2229917247866466,340.2262979538328
71.05,16.58561182848953,-4.783425218630214,-6.262637072017715,1.1546345260471158,0.0,0.0,0.0,0.0,7.9646067578241535,288.0421935231148,101125.91118936191,1.223062884403453,340.22862359174627
71.1,16.8901353089512,-5.7764893398850745,-8.212151660438481,1.1628770694147066,0.0,0.0,0.0,0.0,10.107400608782603,288.0402141204918,101122.25874258067,1.223027114589795,340.22745457796617
71.15,16.912564173315644,-3.4665175402964454,-8.152491504014463,-1.9743098214037953,0.0,0.0,0.0,0.0,9.07621952417979,288.04006833287343,101121.98973558271,1.223024480091262,340.22736847721677
71.2,16.554904661586008,-1.8136631970188086,-12.088150004774988,0.002840045773279759,0.0,0.0,0.0,0.0,12.223450936459066,288.0423931196997,101126.27949625974,1.2230664913606688,340.2287414711075
71.25,16.125003727317587,-0.7865896112201428,-7.925882613644583,4.088683310598745,0.0,0.0,0.0,0.0,8.952969877985833,288.0451874757724,101131.43591404734,1.2231169896863785,340.23039178017103
71.3,16.164211526831227,-4.695429361540804,-8.290747348937524,3.7221183278504633,0.0,0.0,0.0,0.0,10.229257712055865,288.04493262507555,101130.96562991511,1.2231123840749683,340.2302412691134
71.35,15.893479045147583,-2.201558687942604,-5.172549474482194,10.604674123269392,0.0,0.0,0.0,0.0,12.002551478046701,288.04669238620653,101134.21300944933,1.2231441864007138,340.23128055668957
71.4,15.617377319407014,-2.149450166007561,-8.052051421330763,7.3266997866861985,0.0,0.0,0.0,0.0,11.096675081849169,288.0484870474238,101137.52487890747,1.2231766200908272,340.23234045244465
71.45,15.706090610010243,-4.895426951853117,-7.469488822535187,3.9083618858353018,0.0,0.0,0.0,0.0,9.748526090725615,288.04791041103493,101136.46074401075,1.2231661988622904,340.23199990136527
71.5,15.10850742085371,-5.490794748018259,-6.381971937601445,1.455078210218176,0.0,0.0,0.0,0.0,8.543748906367098,288.05179470176444,101143.62905734808,1.2232363987991943,340.2342938870185
71.55,15.07938397965803,-7.003812703223294,-5.557110735071588,1.3269250578553444,0.0,0.0,0.0,0.0,9.03856195491541,288.0519840041322,101143.97841830451,1.2232398200982544,340.23440568487575
71.6,14.73816872389731,-7.240025651481665,-5.838975333767635,0.36087327245385203,0.0,0.0,0.0,0.0,9.308159533507736,288.05420190329465,101148.07166426412,1.2232799051729641,340.2357155251004
71.65,14.702261132622363,-3.473321659683465,-4.150071205858205,0.28304897573424825,0.0,0.0,0.0,0.0,5.419148557475047,288.05443530263796,101148.50242244982,1.2232841235611958,340.2358533650901
71.7,15.052929180284783,-6.957339482749099,-8.376299475711239,-2.035287818434662,0.0,0.0,0.0,0.0,11.077425788010878,288.05215596032815,101144.29576743294,1.2232429279028731,340.23450723842967
71.75,14.000815365873612,-0.12270008236290336,-8.053741252258396,0.2022620283521395,0.0,0.0,0.0,0.0,8.05721499009761,288.0589947001218,101156.9174732354,1.223366530946746,340.2385460234304
71.8,13.269470226407131,-2.852893672278738,-15.307086945674035,2.708918418362178,0.0,0.0,0.0,0.0,15.804561115864445,288.0637484435283,101165.69182216478,1.2234524554984807,340.24135343458875
71.85,12.932854608156065,-3.183372831342475,-15.664327770522286,3.504085475005361,0.0,0.0,0.0,0.0,16.364096128470667,288.065936445047,101169.73059154018,1.2234920054718887,340.24264559159985
71.9,13.023067505581137,4.3155910592711155,-19.434131521073688,12.965710830117578,0.0,0.0,0.0,0.0,23.757513579907283,288.0653500612137,101168.64818960038,1.223481405993446,340.242299294341
71.95,12.924751533581677,-1.2657810153992826,-7.715861096821149,5.065754371513095,0.0,0.0,0.0,0.0,9.316575626102507,288.0659891150317,101169.82781516657,1.2234929575383542,340.2426766965864
72.0,12.600158551957048,-6.21144955547989,-3.9391755046205548,5.306977991512564,0.0,0.0,0.0,0.0,9.069907642246015,288.06809896941223,101173.72246165469,1.2235310958853354,340.24392269787523
72.05,13.382914497336769,-9.176091240616048,-6.904517723155896,-0.2879675879651039,0.0,0.0,0.0,0.0,11.48720770149138,288.0630110557673,101164.33072861706,1.2234391268129448,340.2409179581157
72.1,13.296810482404632,-7.9142531492777035,-6.566563874828926,0.6123823826031571,0.0,0.0,0.0,0.0,10.301950117117782,288.06357073186433,101165.36379502354,1.2234492432531705,340.24124848409303
72.15,12.863744705089537,-4.809461152311069,-8.19718856374817,3.078456491962531,0.0,0.0,0.0,0.0,9.990080645227012,288.0663856594169,101170.55979964149,1.2235001255216345,340.24291088125534
72.2,12.41745796966125,-3.484123996394139,-9.462590660414469,5.577028426257509,0.0,0.0,0.0,0.0,11.523150094314355,288.0692865231972,101175.91465789372,1.2235525628561026,340.2446240208319
72.25,12.219060281320894,3.401949166292706,-12.218686942032969,4.097440600891301,0.0,0.0,0.0,0.0,13.328862974585608,288.0705761081714,101178.29524485924,1.2235758745332983,340.245385597793
72.3,12.131048495048887,-0.22088355814860833,-6.857559118827516,7.738857762254328,0.0,0.0,0.0,0.0,10.34238009738952,288.07114818478215,101179.35131861847,1.2235862160042787,340.245723442659
72.35,11.877511854215646,-12.05160076898209,-8.177418607977993,5.184937854753473,0.0,0.0,0.0,0.0,15.459457841162799,288.07279617294756,101182.39361324509,1.2236160071813509,340.2466966746664
72.4,11.761802386527828,-6.106041097270568,-6.659128060835947,4.293297814757474,0.0,0.0,0.0,0.0,10.003006075094184,288.0735482844876,101183.78208526956,1.223629603511984,340.2471408389599
72.45,10.896115167136669,-3.173547554165527,-5.143075799547216,3.6062842059236457,0.0,0.0,0.0,0.0,7.037607443750508,288.0791752514136,101194.17051026731,1.2237313289300586,340.25046386196976
72.5,11.214215557302932,-4.261144108087607,-4.638013279571688,2.951116204032265,0.0,0.0,0.0,0.0,6.955401005051748,288.0771075988775,101190.35313968042,1.2236939487477814,340.24924280703533
72.55,10.547979792957461,-4.871536325916671,-8.591149022814992,-2.6142188961209127,0.0,0.0,0.0,0.0,10.216351997840341,288.08143813134575,101198.34844997112,1.223772239543869,340.25180020367844
72.6,9.92255996184535,-8.175939220172857,-7.091309412403311,4.981971986040174,0.0,0.0,0.0,0.0,11.914390298462177,288.08550336024797,101205.85440506905,1.2238457374589726,340.2542009077667
72.65,9.708521633074358,-5.268883725330734,-2.2868803038623273,9.444407175582388,0.0,0.0,0.0,0.0,11.053858336953692,288.086894609385,101208.42328241898,1.2238708915318224,340.25502250029103
72.7,9.721605501491261,-0.5561772285449673,-9.184386094074954,4.163609862332649,0.0,0.0,0.0,0.0,10.099402364511628,288.0868095642403,101208.26624896747,1.223869353886623,340.2549722775278
72.75,9.404692391411052,-2.6506365564332794,-11.800557398259016,0.6638474417268673,0.0,0.0,0.0,0.0,12.112791688532969,288.0888694994558,101212.06991649761,1.223906598632973,340.2561887545123
72.8,9.167111746660499,-2.2097263043223276,-10.445559426495446,0.7416265705044341,0.0,0.0,0.0,0.0,10.702458224283806,288.0904137736467,101214.92149257287,1.223934520516897,340.25710070947144
72.85,8.663729681772214,-2.3102033958081374,-7.851552886070478,2.566839235383873,0.0,0.0,0.0,0.0,8.577446363170752,288.09368575706844,101220.96358123297,1.223993682567486,340.2590329369569
72.9,8.763890637863412,-4.286827606609697,-4.506439294627214,3.8109676285308094,0.0,0.0,0.0,0.0,7.294406097185773,288.0930347108539,101219.76132724913,1.223981910564215,340.2586484709108
72.95,8.642746903689648,-7.8436094643131655,-4.471807512741847,5.328072115499363,0.0,0.0,0.0,0.0,10.48368371936312,288.093822145126,101221.21544359784,1.2239961487024051,340.2591134789218
73.0,8.452355466407157,-7.950976287239932,-6.35089716530413,1.145623758675299,0.0,0.0,0.0,0.0,10.240330684160599,288.0950596894683,101223.50079037585,1.224018525844998,340.2598442916922
73.05,8.32379060827637,-8.745452708076122,-6.107090574105255,3.0111221012903098,0.0,0.0,0.0,0.0,11.08360747493343,288.0958953610462,101225.04403091157,1.2240336365448705,340.260337783797
73.1,8.233178130036384,-4.668981820406899,-3.9705008667182558,5.906963683940829,0.0,0.0,0.0,0.0,8.51213770655153,288.0964843421547,101226.13171788128,1.2240442866479078,340.2606855964728
73.15,8.370897367728825,-2.7867857011769694,-3.1367093449256664,2.1088547721017075,0.0,0.0,0.0,0.0,4.695997072895655,288.0955891671097,101224.4785782205,1.224028099897888,340.2601569660873
73.2,8.051921231534301,-5.9283834875105805,-5.965411278176613,0.7459749478552083,0.0,0.0,0.0,0.0,8.443242334293883,288.097662511995,101228.30750364371,1.2240655908210147,340.2613813433658
73.25,7.408985276804559,-8.011790051475536,-7.7884450271019245,1.0219273912213043,0.0,0.0,0.0,0.0,11.220204604285943,288.10184159570076,101236.02553403791,1.2241411610952708,340.26384921420066
73.3,7.32216289664097,-8.065280212322904,-8.382168645456964,1.4379996456661868,0.0,0.0,0.0,0.0,11.720807953597111,288.1024059411718,101237.06781708618,1.2241513664149415,340.2641824752919
73.35,7.051839548555374,-2.7011329093393037,-8.322180913701517,-0.9096723628838073,0.0,0.0,0.0,0.0,8.796722000955143,288.1041630429344,101240.31304341929,1.2241831413140516,340.26522008877726
73.4,7.126155961797348,1.8474893572466284,-12.989291996673963,-9.34535484444313,0.0,0.0,0.0,0.0,16.10809053452812,288.10367998624827,101239.42086798395,1.224174405799528,340.2649348317772
73.45,7.052297584099368,-3.4258666967436104,-11.655937001799252,-3.7520218503258427,0.0,0.0,0.0,0.0,12.71515229869829,288.10416006570335,101240.30754464066,1.224183087474169,340.26521833064896
73.5,6.096648063809074,-1.0196661540152947,-11.474456662415932,-3.1025067269563036,0.0,0.0,0.0,0.0,11.930147641756779,288.1103717875852,101251.78077260031,1.2242954234364278,340.26888648578625
73.55,6.2079603632582865,-1.5776192969769713,-11.882758749611128,-0.8667123597874413,0.0,0.0,0.0,0.0,12.018320534178734,288.1096482576388,101250.44433792576,1.2242823383442636,340.2684592278534
73.6,5.739029609850645,-2.1026090335305376,-11.317138920754166,2.362950718635551,0.0,0.0,0.0,0.0,11.750835468094738,288.11269630753594,101256.07449812921,1.2243374632743245,340.27025915455715
73.65,6.361456714917356,-3.210332906044414,-9.746194873354574,1.9606233628565917,0.0,0.0,0.0,0.0,10.446941937620483,288.108650531353,101248.60145767033,1.2242642945666797,340.26787005098623
73.7,5.951335532900872,-3.934367321748751,-10.33878218170395,0.19260955171762748,0.0,0.0,0.0,0.0,11.063758930064248,288.1113163190361,101253.52544141513,1.224312505518019,340.26944424842355
73.75,5.389663299531929,-0.27988609005867776,-7.727534861352314,1.0586351400996008,0.0,0.0,0.0,0.0,7.8047318734647995,288.114967188553,101260.26928714049,1.2243785340978983,340.2716001432735
73.8,5.2098695675763915,-0.9384228206168005,-10.163563089008823,-10.757529323256062,0.0,0.0,0.0,0.0,14.829129751783514,288.1161358478107,101262.42809841836,1.2243996707099298,340.27229025173307
73.85,5.277972627356398,-5.160473381259994,-9.241472003593831,-0.7740621214342001,0.0,0.0,0.0,0.0,10.6129384469967,288.11569317792214,101261.61037001235,1.2243916644583106,340.2720288495832
73.9,5.115245247863272,-17.127939431227258,-13.179482347041969,-5.868488108014867,0.0,0.0,0.0,0.0,22.39428982508024,288.11675090588886,101263.5642822971,1.2244107948891245,340.2726534509489
73.95,4.359021514131712,-2.1101638772967055,-10.497309485071296,0.276452618872259,0.0,0.0,0.0,0.0,10.710869435526558,288.12166636015814,101272.64486871031,1.2244997004816471,340.27555607207046
74.0,4.317757474367985,-4.440577698486329,-14.889461331161163,-19.8998495587883,0.0,0.0,0.0,0.0,25.24715432461339,288.1219345764166,101273.1403781842,1.2245045518387165,340.2757144555346
74.05,4.102397408873485,12.855825724831366,-8.952734542610488,-11.284269592847856,0.0,0.0,0.0,0.0,19.306953439156516,288.1233344168423,101275.72651051739,1.2245298716675406,340.2765410693138
74.1,3.988575893520841,-39.697155979030036,41.681233757925696,-9.703120128276842,0.0,0.0,0.0,0.0,58.37242483082279,288.1240742566921,101277.09334773551,1.224543253796307,340.2769779481663
74.15,4.250949603679697,-23.82417220829771,24.299240374354973,-18.073977464460434,0.0,0.0,0.0,0.0,38.531972770247975,288.12236882757605,101273.94262887989,1.2245124063804451,340.27597088354327
74.2,3.723490753749562,11.904226611765903,-10.461437434225541,-6.556021952526469,0.0,0.0,0.0,0.0,17.150326768213482,288.1257973101006,101280.27670744258,1.22457442060013,340.27799541699744
74.25,3.7401482439586076,-5.469690354742598,0.0474513053050864,-8.448910107659405,0.0,0.0,0.0,0.0,10.06498118281642,288.12568903641426,101280.07666825669,1.2245724621143899,340.2779314811112
74.3,3.6951711060523214,2.718467491560447,1.0649162394573202,-1.2106261466475103,0.0,0.0,0.0,0.0,3.16065306015663,288.1259813878106,101280.61679778209,1.2245777502564648,340.27810411532425
74.35,3.967293744524475,4.1029237482212775,4.2715781166855,-8.628789952841325,0.0,0.0,0.0,0.0,10.465962876912949,288.1242125906606,101277.3489182391,1.2245457559758866,340.27705963495214
74.4,3.9799250133167794,11.12280323265545,-1.345427771224506,-7.047674415124627,0.0,0.0,0.0,0.0,13.236186848996766,288.1241304874134,101277.19723331914,1.2245442708949912,340.2770111526443
74.45,4.490139946801492,1.927017264281944,-11.725593552385737,-7.355374196091927,0.0,0.0,0.0,0.0,13.975137539828564,288.1208140903458,101271.07037701475,1.2244842851633269,340.2750528006531
74.5,4.436216788344665,-6.802393359659747,-1.9170596548021537,-28.274678661251095,0.0,0.0,0.0,0.0,29.14455569290122,288.12116459087576,101271.71789276689,1.2244906247776648,340.275259773812
74.55,4.291175624799813,16.037741675686938,-2.8664000663676967,-6.023587155463723,0.0,0.0,0.0,0.0,17.369772871744924,288.12210735843877,101273.45958108504,1.2245076770384273,340.27581648441577
74.6,3.5566198825995086,-0.25306359637089343,-2.595426369694632,-8.711134242720956,0.0,0.0,0.0,0.0,9.093081931832574,288.12688197076307,101282.2806712389,1.2245940403880091,340.27863591120524
74.65,3.581921181094976,-0.8658175316307832,-5.6147302258229415,-6.395930735471002,0.0,0.0,0.0,0.0,8.554692599958901,288.12671751232284,101281.97682413587,1.2245910655806795,340.27853879825744
74.7,3.7248176985339536,-2.403045836110219,-8.144716924136677,-7.198801770746566,0.0,0.0,0.0,0.0,11.132555411911003,288.1257886849595,101280.2607721998,1.224574264585996,340.2779903238302
74.75,3.764309894538749,1.7826980331800752,-9.174778934431782,-4.02653733186354,0.0,0.0,0.0,0.0,10.176815988219893,288.1255319856855,101279.78651245405,1.224569621339663,340.2778387422364
74.8,3.884604834772842,-2.0160917591589804,-10.151113646819779,-4.543359289568675,0.0,0.0,0.0,0.0,11.302736300830409,288.124750068574,101278.34190779991,1.2245554778931382,340.2773770177174
