time,baro_altitude,accl_x,accl_y,accl_z,gps_altitude,gyro_roll,gyro_pitch,gyro_yaw,At,T,P,rho,a
0.0,0.20726414776260832,-7.332319008771972,-0.6042302281911265,-1.1305256059873976,0.0,0.0,0.0,0.0,7.443526339098415,288.1486527830395,101322.51010532137,1.2249878906459495,340.2914913628022
0.05,0.04550844052219478,-11.750366486903534,-1.3598118114830529,-2.1446702668247144,0.0,0.0,0.0,0.0,12.021639293066338,288.14970419513656,101324.45329616849,1.2250069139289512,340.2921121990628
0.1,0.2836830634425427,-10.230125648990088,-0.9298820256550777,-1.6364659526298722,0.0,0.0,0.0,0.0,10.40183503954365,288.1481560600876,101321.5920861536,1.2249789034765373,340.291198058174
0.15,0.32879284311827284,-10.556618725939657,-0.6469557998005488,-1.4092282213317677,0.0,0.0,0.0,0.0,10.66989573105348,288.14786284651973,101321.05018627904,1.2249735984101249,340.2910249215087
0.2,0.1868527052962778,-10.28693118633316,-0.798290420979211,-1.4409353501435207,0.0,0.0,0.0,0.0,10.417989993845941,288.14878545741556,101322.75530878131,1.2249902911215664,340.29156970423406
0.25,-0.13773907779760344,-10.555426606251382,-0.8183463600564063,-1.5368402276668218,0.0,0.0,0.0,0.0,10.698065221821754,288.15,101325.0,1.2250122659906946,340.29228686527705
0.3,0.025909816647039924,-9.717693178594255,-0.1622361523355143,-0.9243511779146325,0.0,0.0,0.0,0.0,9.762904607878442,288.1498315861918,101324.68873885385,1.2250092188408335,340.2921874206678
0.35,0.08174281838549699,-10.138820499978204,-0.4474519726239395,-1.212384039343397,0.0,0.0,0.0,0.0,10.220849742435211,288.1494686716805,101324.01800558834,1.2250026525646165,340.2919731276191
0.4,0.38876494931078,-11.085736317092428,-1.4622527296811874,-2.223895363816509,0.0,0.0,0.0,0.0,11.400765032521573,288.14747302782945,101320.32975019787,1.2249665455098282,340.29079474134153
0.45,0.6648285173902237,-9.213515215335816,0.4167518123123187,-0.2912331629048772,0.0,0.0,0.0,0.0,9.227532793302107,288.14567861463695,101317.0134926966,1.2249340800034838,340.2897351741074
0.5,0.20966847657311083,-10.07623846525577,-0.4130548887470131,-1.1768928015985503,0.0,0.0,0.0,0.0,10.153141022179897,288.14863715490225,101322.48122205662,1.2249876078865192,340.2914821347143
0.55,0.1632445846522752,-10.374128481121751,-0.7656007263793252,-1.4674048014597343,0.0,0.0,0.0,0.0,10.50533022167324,288.1489389101997,101323.03891466086,1.2249930675451164,340.2916603148569
0.6,0.09570205759765961,-10.16043331121186,-0.4814214907413026,-1.1828043909662171,0.0,0.0,0.0,0.0,10.240370986962343,288.14937793662557,101323.85031095536,1.2250010108834841,340.2919195505408
0.65,-0.1898310480949543,-9.497847791871658,0.1437527906639524,-0.5599697592242465,0.0,0.0,0.0,0.0,9.515426615429845,288.15,101325.0,1.2250122659906946,340.29228686527705
0.7,0.1556878651250793,-9.820150372819882,-0.028825207512204076,-0.8212553342740233,0.0,0.0,0.0,0.0,9.854473327451657,288.14898802887666,101323.1296941569,1.2249939562510996,340.2916893183915
0.75,-0.1788047657141587,-10.538532287766802,-0.9328199704229294,-1.6240799473718355,0.0,0.0,0.0,0.0,10.703665332631553,288.15,101325.0,1.2250122659906946,340.29228686527705
0.8,-0.416254411993397,-10.896505301464572,-1.1873828645327626,-1.8635738814492262,0.0,0.0,0.0,0.0,11.11830083526486,288.15,101325.0,1.2250122659906946,340.29228686527705
0.85,-0.18443328610580262,-10.521396574053293,-0.8645001086248919,-1.5116432102397095,0.0,0.0,0.0,0.0,10.664530533566708,288.15,101325.0,1.2250122659906946,340.29228686527705
0.9,-0.024954450983406734,-10.302718552677074,-0.5857515073369056,-1.2719581258404893,0.0,0.0,0.0,0.0,10.397451220271028,288.15,101325.0,1.2250122659906946,340.29228686527705
0.95,-0.1226802262409649,-9.790709655291392,-0.13015231954706963,-0.8615462443717347,0.0,0.0,0.0,0.0,9.829404718073755,288.15,101325.0,1.2250122659906946,340.29228686527705
1.0,-0.23666630567667324,-10.548431544200511,-0.8887572736304168,-1.6112843666962444,0.0,0.0,0.0,0.0,10.707732479123441,288.15,101325.0,1.2250122659906946,340.29228686527705
1.05,-0.1982664220692721,-10.745259236115718,-1.1804416275895937,-1.8589485480325598,0.0,0.0,0.0,0.0,10.968579132764138,288.15,101325.0,1.2250122659906946,340.29228686527705
1.1,0.20238719613305367,-10.392218665017207,-0.7159972108190364,-1.4387697325962014,0.0,0.0,0.0,0.0,10.515746246979699,288.1486844832251,101322.56869228919,1.2249884641966342,340.2915100810975
1.15,0.08676109851131121,-10.59862707910815,-0.9962559237876031,-1.7196362222882415,0.0,0.0,0.0,0.0,10.783346909224994,288.14943605285964,101323.95772013921,1.225002062387861,340.29195386691515
1.2,0.20044060560478602,-10.876775501669858,-1.247874589343319,-2.057361324416722,0.0,0.0,0.0,0.0,11.139756367338563,288.14869713606356,101322.59207674788,1.2249886931241887,340.2915175523332
1.25,-0.15562323161345548,-10.417551467971533,-0.7460288379291846,-1.5584645705938427,0.0,0.0,0.0,0.0,10.559865029092657,288.15,101325.0,1.2250122659906946,340.29228686527705
1.3,-0.13122313207561503,-9.96896354053988,-0.3366157715621861,-0.9984108375657068,0.0,0.0,0.0,0.0,10.024488438361654,288.15,101325.0,1.2250122659906946,340.29228686527705
1.35,-0.10332731700265664,-10.625752847058113,-0.9505094106630712,-1.6261777184451442,0.0,0.0,0.0,0.0,10.791410736251775,288.15,101325.0,1.2250122659906946,340.29228686527705
1.4,0.11034322133027649,-10.718347391031275,-1.0314048301903465,-1.6464233184098847,0.0,0.0,0.0,0.0,10.893001260532872,288.14928276906136,101323.67442449274,1.2249992890061936,340.291863356153
1.45,-0.2234046284012512,-10.372210875412168,-0.6710193579090792,-1.4356715833394655,0.0,0.0,0.0,0.0,10.492577296256417,288.15,101325.0,1.2250122659906946,340.29228686527705
1.5,0.06475688789225309,-10.821353239361818,-1.2079962526726136,-1.8309171817202783,0.0,0.0,0.0,0.0,11.041431003444984,288.1495790802287,101324.22206066379,1.225004650203089,340.29203832145635
1.55,0.1709575629128704,-9.873443733082507,-0.13283520539355553,-0.9471661207812788,0.0,0.0,0.0,0.0,9.919660276566635,288.14888877584104,101322.94625808373,1.224992160462876,340.2916307115813
1.6,0.31496112149600886,-10.183660811972842,-0.49861061746545915,-1.2024872956018595,0.0,0.0,0.0,0.0,10.266525009819269,288.14795275271024,101321.21634530288,1.224975225066651,340.29107800930024
1.65,0.3310598118649512,-11.562250048432183,-1.8407150884888774,-2.682580601076466,0.0,0.0,0.0,0.0,12.011248765250532,288.14784811122286,101321.02295344183,1.2249733318072082,340.29101622061245
1.7,0.5782850537748156,-10.726108900060886,-1.1425243427407805,-1.7027087193651087,0.0,0.0,0.0,0.0,10.92034756739558,288.1462411471504,101318.05310035443,1.2249442575790024,340.2900673393294
1.75,0.05537400794000551,-11.024663693082346,-1.1981701651162515,-2.044295727819516,0.0,0.0,0.0,0.0,11.276434113358881,288.1496400689484,101324.33477905153,1.2250057536822379,340.29207433395845
1.8,-0.44481468383100886,-10.075679909343602,-0.4343431575152067,-1.1704301601942615,0.0,0.0,0.0,0.0,10.152728026196847,288.15,101325.0,1.2250122659906946,340.29228686527705
1.85,0.16625920212060163,-9.86022813271164,-0.18728160740618205,-0.9290443961444496,0.0,0.0,0.0,0.0,9.905669927854357,288.1489193151862,101323.00269983063,1.2249927130119724,340.2916487444173
1.9,-0.031056110756844682,-10.987358675008053,-1.3436809338380518,-2.0508347954514514,0.0,0.0,0.0,0.0,11.257595323312568,288.15,101325.0,1.2250122659906946,340.29228686527705
1.95,-0.3693598300239342,-10.374744886177604,-0.6368359965872958,-1.4879911606247818,0.0,0.0,0.0,0.0,10.50023853223893,288.15,101325.0,1.2250122659906946,340.29228686527705
2.0,-0.28493203558943136,-10.573308773286572,-0.940717232795953,-1.5999714796615494,0.0,0.0,0.0,0.0,10.734976295412508,288.15,101325.0,1.2250122659906946,340.29228686527705
2.05,-0.12131122556543755,-10.663147394811299,-0.9823751515577487,-1.6767196549218157,0.0,0.0,0.0,0.0,10.838780471209398,288.15,101325.0,1.2250122659906946,340.29228686527705
2.1,-0.18804129011254103,-10.361177054021487,-0.7556074212786388,-1.4333508702648816,0.0,0.0,0.0,0.0,10.487107667853984,288.15,101325.0,1.2250122659906946,340.29228686527705
2.15,-0.0643938111647802,-9.691113620447224,-0.06508892627789498,-0.8638821979205787,0.0,0.0,0.0,0.0,9.729759104141571,288.15,101325.0,1.2250122659906946,340.29228686527705
2.2,-0.12482583871455678,-9.943086615648152,-0.30528045923504005,-1.0512004692799226,0.0,0.0,0.0,0.0,10.003159002619448,288.15,101325.0,1.2250122659906946,340.29228686527705
2.25,0.27637562858042786,-10.328569413590404,-0.6624659128372283,-1.460666602474724,0.0,0.0,0.0,0.0,10.45235639177174,288.1482035584142,101321.67986995622,1.2249797628578534,340.29122610496427
2.3,0.25888116547008555,-9.931498017041978,-0.1554276001857049,-1.0012380379366044,0.0,0.0,0.0,0.0,9.983050045453012,288.14831727242444,101321.89003020474,1.2249818202731748,340.2912932507519
2.35,-0.07371231595754271,-10.657926546388621,-0.9715771116093435,-1.635144390796304,0.0,0.0,0.0,0.0,10.826313201213562,288.15,101325.0,1.2250122659906946,340.29228686527705
2.4,-0.24793640214185406,-10.756983672682207,-1.0622233396210379,-1.7936602655114218,0.0,0.0,0.0,0.0,10.957108802310113,288.15,101325.0,1.2250122659906946,340.29228686527705
2.45,0.4408084475112828,-12.089578459609807,-2.482313063479011,-3.155646578216655,0.0,0.0,0.0,0.0,12.7388339655869,288.14713474509114,101319.70456267869,1.224960425062885,340.2905949920006
2.5,0.22943299466966507,-10.28948188606982,-0.575771554647668,-1.4387659166718403,0.0,0.0,0.0,0.0,10.405527268229942,288.14850868553464,101322.24379063738,1.2249852834959012,340.2914062762323
2.55,-0.07529261955809696,-9.916746442865703,-0.303013776541905,-0.9591441608432529,0.0,0.0,0.0,0.0,9.967629351161863,288.15,101325.0,1.2250122659906946,340.29228686527705
2.6,0.11132435268688065,-10.286536310264161,-0.5913307364611067,-1.392715356920064,0.0,0.0,0.0,0.0,10.397218732318159,288.14927639170753,101323.6626380256,1.2249991736200894,340.29185959046316
2.65,-0.23204542765762803,-10.184004263320164,-0.4976121991872741,-1.229304775545435,0.0,0.0,0.0,0.0,10.269992744266283,288.15,101325.0,1.2250122659906946,340.29228686527705
2.7,-0.036361563410641576,-11.17522060275808,-1.453078168617254,-2.2278776650871164,0.0,0.0,0.0,0.0,11.487403125816328,288.15,101325.0,1.2250122659906946,340.29228686527705
2.75,-0.2503565228962516,-10.75195305011159,-1.0100466638180896,-1.7049604676454824,0.0,0.0,0.0,0.0,10.933049842158768,288.15,101325.0,1.2250122659906946,340.29228686527705
2.8,-0.21086749674416927,-9.642350278131667,0.06359888387203405,-0.5948369847109536,0.0,0.0,0.0,0.0,9.660889956033845,288.15,101325.0,1.2250122659906946,340.29228686527705
2.85,-0.06819569897648015,-10.944229286343457,-1.3391164083566087,-1.9746748671431444,0.0,0.0,0.0,0.0,11.201282438101208,288.15,101325.0,1.2250122659906946,340.29228686527705
2.9,0.45870556333510315,-10.474128820673936,-0.7815846947393281,-1.5805576459502473,0.0,0.0,0.0,0.0,10.621507033340182,288.1470184138383,101319.48956913935,1.22495832032223,340.2905263006439
2.95,0.4107181208976334,-10.04048892927666,-0.46925796797130004,-1.135725473162821,0.0,0.0,0.0,0.0,10.115408707997055,288.14733033221415,101320.06603101718,1.2249639637585037,340.2907104823858
3.0,0.270499958784377,-9.774038355765047,-0.04959835825161185,-0.8440941936919488,0.0,0.0,0.0,0.0,9.810544367410609,288.14824175026786,101321.75045409062,1.2249804538586475,340.29124865647094
3.05,0.8284162237901675,-11.076458128904031,-1.3530751576515054,-2.190096596062298,0.0,0.0,0.0,0.0,11.371686777417917,288.14461529454536,101315.0484108381,1.224914842144578,340.2891073020395
3.1,0.38915920160533307,-10.967926006457017,-1.2625227528791985,-1.9670208379597682,0.0,0.0,0.0,0.0,11.214211321427012,288.14747046518954,101320.3250141168,1.2249664991446731,340.29079322815323
3.15,0.06541898509298821,-11.112957755341037,-1.4195450204250837,-2.1286050386343707,0.0,0.0,0.0,0.0,11.40367912331401,288.14957477659686,101324.21410676328,1.225004572336784,340.2920357802559
3.2,0.1742206340530622,-10.338314646360251,-0.6671975020829501,-1.4597929118757762,0.0,0.0,0.0,0.0,10.462165052200971,288.1488675658786,101322.90705858984,1.2249917767106344,340.29161818754756
3.25,-0.34109502919641,-10.141163304328078,-0.5098635276039182,-1.139276784202812,0.0,0.0,0.0,0.0,10.217685920640475,288.15,101325.0,1.2250122659906946,340.29228686527705
3.3,0.4891644987576708,-10.899401478550416,-1.2517985969560925,-2.005066349991611,0.0,0.0,0.0,0.0,11.152768418013391,288.14682043075805,101319.12367447824,1.2249547382899926,340.2904093954291
3.35,0.03673626347159958,-9.33150193754478,0.32873009822856714,-0.43025342940737044,0.0,0.0,0.0,0.0,9.347197970589912,288.1497612142874,101324.55867825354,1.22500794558746,340.2921458676143
3.4,0.04704770197498078,-10.47005106615495,-0.8250764458183986,-1.560668807761284,0.0,0.0,0.0,0.0,10.617834411821262,288.1496941899371,101324.43480469254,1.2250067329030139,340.29210629121275
3.45,-0.4144504294289774,-10.779569901458663,-1.12958815654189,-1.9110131978101959,0.0,0.0,0.0,0.0,11.005774307427805,288.15,101325.0,1.2250122659906946,340.29228686527705
3.5,0.26946701056333,-11.189506869727845,-1.5294966563424883,-2.2830139567258634,0.0,0.0,0.0,0.0,11.522004024303001,288.14824846443133,101321.76286285136,1.224980575337262,340.2912526210467
3.55,-0.00017783266128998387,-10.08750407770119,-0.4537940522048347,-1.1866433030349623,0.0,0.0,0.0,0.0,10.167191838855622,288.15,101325.0,1.2250122659906946,340.29228686527705
3.6,0.15229292691123808,-10.032327293878895,-0.2907379440982848,-1.0977535520332833,0.0,0.0,0.0,0.0,10.09639452203843,288.14901009597503,101323.17047785161,1.224994355512063,340.29170234854314
3.65,0.04750307325669511,-11.037589936457183,-1.315739828180433,-2.1110570504591624,0.0,0.0,0.0,0.0,11.314421097481501,288.1496912300238,101324.42933422083,1.225006679348755,340.29210454344906
3.7,0.11825393528238919,-10.086640348526592,-0.3771783865800922,-1.1658999859377848,0.0,0.0,0.0,0.0,10.160802125474028,288.14923134942063,101323.57939202026,1.2249983586657032,340.2918329939637
3.75,0.337156058222313,-11.034372089107862,-1.2415837492394464,-2.068302141331736,0.0,0.0,0.0,0.0,11.29498877180033,288.1478084856215,101320.94971995847,1.2249726148689777,340.29099282249115
3.8,0.37365155115810367,-10.448872063211432,-0.74932637879984,-1.4061200473469704,0.0,0.0,0.0,0.0,10.56965425181338,288.1475712649175,101320.51130483359,1.2249683228880375,340.2908527483987
3.85,-0.134992323701564,-9.149867505760568,0.5179124200239252,-0.1638673523544809,0.0,0.0,0.0,0.0,9.165978461514943,288.15,101325.0,1.2250122659906946,340.29228686527705
3.9,0.27792376020282256,-10.379365941947468,-0.7353017275445871,-1.4014857717396618,0.0,0.0,0.0,0.0,10.499336567411191,288.14819349555864,101321.66127233325,1.2249795807918207,340.2912201630541
3.95,0.1634475399613592,-9.76559487297877,-0.16666840723579762,-0.8199791658078688,0.0,0.0,0.0,0.0,9.801376812136075,288.1489375909902,101323.03647654291,1.2249930436766185,340.2916595358917
4.0,0.4596609487295181,-9.993277846118055,-0.3352740246859528,-1.073227727798758,0.0,0.0,0.0,0.0,10.056332757872479,288.14701220383324,101319.47809234595,1.2249582079668593,340.29052263375553
4.05,0.7059775021466305,-10.139736109444152,-0.47339591130064956,-1.1878271071331323,0.0,0.0,0.0,0.0,10.220043311769382,288.14541114623603,101316.51919150203,1.2249292408750452,340.2895772387657
4.1,0.4790191780106612,-8.928009790231107,0.8202337039400114,0.036080056892051626,0.0,0.0,0.0,0.0,8.96568145285382,288.1468863753429,101319.24554725627,1.224955931399284,340.29044833444715
4.15,-0.1089065700438345,-10.905769310104397,-1.2212800146864327,-2.0253316392444507,0.0,0.0,0.0,0.0,11.159269571455475,288.15,101325.0,1.2250122659906946,340.29228686527705
4.2,0.2589684782901471,-10.53539272855663,-0.9427100184753816,-1.6696712342600657,0.0,0.0,0.0,0.0,10.708454797699494,288.1483167048911,101321.88898131863,1.2249818100048488,340.29129291563515
4.25,-0.006804991483338671,-9.504371367160678,-0.011429800735485385,-0.7261299182942631,0.0,0.0,0.0,0.0,9.532075869583215,288.15,101325.0,1.2250122659906946,340.29228686527705
4.3,-0.22809286428032605,-9.172648569694474,0.5086178047464833,-0.1230629674113406,0.0,0.0,0.0,0.0,9.187563243231107,288.15,101325.0,1.2250122659906946,340.29228686527705
4.35,-0.15204902458772152,-9.926373309401987,-0.43861459659426616,-1.214847188683462,0.0,0.0,0.0,0.0,10.010051125434165,288.15,101325.0,1.2250122659906946,340.29228686527705
4.4,-0.14407541039897453,-10.759445906453118,-0.9769297216141852,-1.6086594623914303,0.0,0.0,0.0,0.0,10.922813426988737,288.15,101325.0,1.2250122659906946,340.29228686527705
4.45,-0.5233350299685393,-9.476233988855862,-0.20448454396148785,-0.9828004035580574,0.0,0.0,0.0,0.0,9.529256066110307,288.15,101325.0,1.2250122659906946,340.29228686527705
4.5,-0.06247203911181615,-10.711870098742187,-0.6821271175700525,-1.3061246821746806,0.0,0.0,0.0,0.0,10.812743412392495,288.15,101325.0,1.2250122659906946,340.29228686527705
4.55,0.3216840126818601,-9.043999297039859,-0.7793275186902275,-1.795704844654221,0.0,0.0,0.0,0.0,9.253422640048383,288.14790905391754,101321.1355838873,1.224974434432052,340.2910522060459
4.6,0.010584108126051107,-19.325378695069638,-1.4210923599912963,-1.2104164130747492,0.0,0.0,0.0,0.0,19.415325727283534,288.14993120329717,101324.87285035262,1.225011021235388,340.2922462423572
4.65,0.28042552949300137,-82.01302504476489,-3.9114443657103664,-0.18115766473445594,0.0,0.0,0.0,0.0,82.10644610576426,288.14817723405827,101321.6312187175,1.2249792865744984,340.29121056097085
4.7,0.5882798776263107,-111.29693134652825,-4.563621301250686,0.5901845141853661,0.0,0.0,0.0,0.0,111.39201894344063,288.1461761807954,101317.93303659502,1.224943082176999,340.29002897789445
4.75,1.5484205269330162,-129.1683703988518,5.446704248105543,8.014189899066958,0.0,0.0,0.0,0.0,129.53131566690587,288.1399352665749,101306.39979405014,1.2248301726296935,340.28634381294006
4.8,2.365853357489178,-145.06166039697789,0.9411161834035631,6.503578156636826,0.0,0.0,0.0,0.0,145.21042505838997,288.1346219531763,101296.58160056174,1.224734051352048,340.2832063507145
4.85,2.606727202929199,-169.26479310945376,-1.8113354426285149,6.142677875215104,0.0,0.0,0.0,0.0,169.38590146157551,288.13305627318096,101293.6886094954,1.2247057282886122,340.2822818256972
4.9,4.6332917005068275,-169.71295615939073,0.05136493265285258,7.722589089950936,0.0,0.0,0.0,0.0,169.88857674654824,288.1198836039467,101269.35140985539,1.2244674552822936,340.27450334093214
4.95,6.593128776061443,-171.42712005102467,3.0112438982021117,9.783046159216092,0.0,0.0,0.0,0.0,171.73244617996983,288.1071446629556,101245.82004972253,1.2242370614763634,340.2669808043413
5.0,9.02404846789478,-175.58340509653416,1.2447031500153027,8.913540098484772,0.0,0.0,0.0,0.0,175.8139147744358,288.09134368495864,101216.63864962105,1.2239513343954775,340.25764985768404
5.05,12.82372213120236,-179.15108431039505,0.23709189085853827,9.136583108402355,0.0,0.0,0.0,0.0,179.38406945169834,288.06664580614716,101171.04000891594,1.2235048279821983,340.24306451435035
5.1,17.34789423958098,-173.71476933523576,0.47495756016047147,9.844233521455271,0.0,0.0,0.0,0.0,173.99412519824648,288.0372386874427,101116.76859472763,1.2229733470015198,340.2256973118324
5.15,22.29704983530562,-182.46900263221704,0.10150852074198835,7.934138800206523,0.0,0.0,0.0,0.0,182.6414459647009,288.0050691760705,101057.42613272584,1.2223921430327267,340.20669768508003
5.2,28.57109006868449,-180.1926707099231,5.259794818433199,14.344702171291937,0.0,0.0,0.0,0.0,180.83925043941613,287.96428791455355,100982.23828307175,1.2216556550286688,340.1826103495322
5.25,35.167149906104875,-179.5884735063998,2.3613161282449022,14.97388703740377,0.0,0.0,0.0,0.0,180.22711483909768,287.9214135256103,100903.24021407576,1.2208817323531773,340.1572848750075
5.3,43.540354354542636,-173.138638733045,2.0895863681064535,15.35034045369659,0.0,0.0,0.0,0.0,173.8303412686233,287.86698769669545,100803.03016553323,1.2198998357667798,340.12513336369454
5.35,51.482110653745124,-183.9687415932668,7.070476150952849,10.226913742801063,0.0,0.0,0.0,0.0,184.38839247933709,287.81536628075065,100708.0581443775,1.2189690919638088,340.0946357225372
5.4,60.41932904341867,-112.71586325225063,-5.320500690540907,9.873036118370786,0.0,0.0,0.0,0.0,113.27246090066537,287.75727436121775,100601.26848290164,1.2179223335580482,340.0603120735241
5.45,69.08803088792116,-23.340485935089113,9.221839094098076,6.438970277682851,0.0,0.0,0.0,0.0,25.909089875956884,287.7009277992285,100497.77491163879,1.2169076818789686,340.02701635998864
5.5,75.84478616073567,14.972722415185535,1.9274024114789385,5.153112218354178,0.0,0.0,0.0,0.0,15.951547326605194,287.6570088899552,100417.16741758537,1.2161172677353276,340.0010620021742
5.55,81.65578062055603,47.30516406553372,-1.339781951219694,6.976660920967628,0.0,0.0,0.0,0.0,47.83562856856836,287.6192374259664,100347.88464758416,1.2154378041398208,339.97873895932537
5.6,85.94231778385262,40.419373872950864,12.10363749641084,0.2111499925589051,0.0,0.0,0.0,0.0,42.19322705417616,287.59137493440494,100296.80234292617,1.2149367773064994,339.9622712079817
5.65,89.64695983769778,40.85938544692361,3.1237783034928266,-0.9842528330240381,0.0,0.0,0.0,0.0,40.99043941736855,287.56729476105494,100252.67139804646,1.2145038918962705,339.94803830236344
5.7,93.10315998175727,36.662625808276964,3.1281138594908673,0.648709292312031,0.0,0.0,0.0,0.0,36.8015495763644,287.54482946011854,100211.51415522755,1.2141001431905845,339.93475935117
5.75,95.44893342012922,36.37982746497243,9.080190681535507,2.949136786669576,0.0,0.0,0.0,0.0,37.611688568591205,287.52958193276913,100183.58792943804,1.2138261715595833,339.9257464378389
5.8,98.33555268682422,33.989883481971646,3.552965223918384,5.268168266169178,0.0,0.0,0.0,0.0,34.578741126320004,287.5108189075356,100149.23163060604,1.2134890974414692,339.9146551626913
5.85,101.45244607803055,34.21395108269378,2.5585690186103753,2.863444940350946,0.0,0.0,0.0,0.0,34.42876763752048,287.49055910049276,100112.14534144165,1.2131252143395794,339.9026786974693
5.9,104.91995843976393,30.541360508989193,0.4676007654158974,1.0853600406729147,0.0,0.0,0.0,0.0,30.56421696418463,287.4680202701415,100070.90028805281,1.21272049616776,339.88935450520034
5.95,108.1938210141013,30.105215603999838,4.358820619978923,1.4045549094261887,0.0,0.0,0.0,0.0,30.451536878359065,287.4467401634083,100031.97127204249,1.2123384750588773,339.8767739482486
6.0,111.96572663507592,27.86300872726825,-2.7036342695056543,1.2331327939425245,0.0,0.0,0.0,0.0,28.021019076517693,287.422222776872,99987.13530346673,1.2118984523528886,339.8622789709702
6.05,115.26449820165692,29.49039301634647,2.9396522055878664,3.4203231045956373,0.0,0.0,0.0,0.0,29.833260725040184,287.4007807616892,99947.93673512735,1.2115137246502201,339.849601683892
6.1,119.13877208240363,25.99313810386146,4.018592061540322,2.863517178257416,0.0,0.0,0.0,0.0,26.457362704428135,287.37559798146435,99901.91549098515,1.2110619968315242,339.8347121187167
6.15,122.99239007063434,25.53158573496757,1.0156105164400708,-0.2765202794229626,0.0,0.0,0.0,0.0,25.5532737301512,287.35054946454085,99856.15663485273,1.2106128052621357,339.81990129083823
6.2,126.97167950568591,25.37784584478234,2.1805830287558416,-0.7591388529819223,0.0,0.0,0.0,0.0,25.482666537569038,287.324684083213,99808.92333574123,1.2101490987522199,339.80460678531244
6.25,129.85935474259605,23.552257332406196,3.8135460478299907,0.2474703651121614,0.0,0.0,0.0,0.0,23.86028500442545,287.3059141941731,99774.65858841069,1.2098126831111806,339.793507497145
6.3,133.20409582721462,22.779829747964687,4.746525875575639,2.1613430934116833,0.0,0.0,0.0,0.0,23.36924378753417,287.28417337712307,99734.98226871944,1.2094231085010676,339.7806509427287
6.35,136.72205978810365,21.497154440390297,1.4079354392791597,0.5867941679804964,0.0,0.0,0.0,0.0,21.551200862846283,287.2613066113773,99693.26491380962,1.2090134615327723,339.7671280272919
6.4,140.29729302647524,22.509511875266362,-2.239896892795195,0.3348552598318874,0.0,0.0,0.0,0.0,22.623160499765458,287.2380675953279,99650.88291568805,1.2085972546467654,339.753384419544
6.45,143.14441840325713,20.628200493229446,1.2114268518894544,1.9048335879097942,0.0,0.0,0.0,0.0,20.75135180184606,287.2195612803788,99617.14258546068,1.2082658880548687,339.742439344492
6.5,146.17022628403612,19.613281220518235,3.4901438641283824,-0.3300396322687216,0.0,0.0,0.0,0.0,19.92412684627144,287.19989352915377,99581.29488875244,1.2079138014443989,339.7308069818824
6.55,149.4416991890932,19.486856550242937,1.4212055153528624,0.10156435779992745,0.0,0.0,0.0,0.0,19.538877108098887,287.1786289552709,99542.54847418756,1.207533217272817,339.7182297408467
6.6,152.65922104131965,19.44343040663902,3.17010129523801,1.0207339853079946,0.0,0.0,0.0,0.0,19.726591851322095,287.1577150632314,99504.45294905221,1.2071589989408278,339.7058594614771
6.65,155.10980535604418,17.78442599682334,2.5768471453819792,0.1199375011108153,0.0,0.0,0.0,0.0,17.970540733414836,287.1417862651857,99475.44590079797,1.2068740398661353,339.69643749440496
6.7,157.86696534297656,16.17285366030609,2.3550632885635485,2.89868321646805,0.0,0.0,0.0,0.0,16.598490383171878,287.1238647252706,99442.81816716715,1.206553493054532,339.6858364977034
6.75,160.62228994529892,14.172978276670118,0.7936651066605049,-1.4362570676813922,0.0,0.0,0.0,0.0,14.267657547648046,287.1059551153555,99410.22081072087,1.2062332246964638,339.6752422273486
6.8,163.57480879730804,15.21728147861869,0.7795391720243907,0.20062289572889586,0.0,0.0,0.0,0.0,15.238555918016724,287.0867637428175,99375.3001166882,1.205890107425543,339.66388937496146
6.85,165.71320223379266,14.195908617480079,3.7319942752478212,0.19060597747065328,0.0,0.0,0.0,0.0,14.679507259611107,287.07286418548034,99350.0146323671,1.2056416476900558,339.6556667129506
6.9,168.1194808946486,14.826062141272807,1.1355546684288058,0.21960687387508815,0.0,0.0,0.0,0.0,14.871107228479206,287.0572233741848,99321.56776255279,1.2053621092276308,339.6464137266632
6.95,171.09001260119544,13.590539284904594,2.3252845742517745,1.3802172000675363,0.0,0.0,0.0,0.0,13.85693710475553,287.0379149180922,99286.45942698611,1.2050170896293884,339.6349906416206
7.0,173.97852081223851,13.011059679107086,1.9143079391037787,1.4971560481374826,0.0,0.0,0.0,0.0,13.236076650256924,287.0191396147204,99252.330153918,1.2046816693059534,339.62388260687396
7.05,176.57501009842017,12.124780767444381,1.8907840632428154,-0.3577927712509935,0.0,0.0,0.0,0.0,12.276538139865067,287.00226243436026,99221.65934923533,1.2043802198677473,339.61389724876744
7.1,179.32736672995804,12.52036890955015,2.8048741782110542,0.10007964811975223,0.0,0.0,0.0,0.0,12.831093979968852,286.98437211625526,99189.15575496884,1.2040607374209324,339.6033121486884
7.15,182.02955319204773,10.94781103654171,0.0006739182187574799,-0.9545295216732297,0.0,0.0,0.0,0.0,10.989344546138135,286.96680790425165,99157.25302682216,1.2037471416021075,339.5929196736611
7.2,183.93984501936913,10.822549021167472,0.18152724074218735,-0.8589482631331555,0.0,0.0,0.0,0.0,10.85809889315086,286.95439100737406,99134.70462974784,1.2035254849337003,339.58557259420405
7.25,186.7946811843647,10.732113172184752,0.5789280916068327,1.218816882388403,0.0,0.0,0.0,0.0,10.816604156047681,286.9358345723016,99101.01491035875,1.2031942882654851,339.5745924529261
7.3,189.40948617025086,11.01554906638324,1.0277387917140066,0.7862291630520835,0.0,0.0,0.0,0.0,11.091290481937799,286.91883833989334,99070.16591678052,1.2028909993966967,339.5645351971447
7.35,191.98227323812574,10.263405321539793,1.0976042531551322,-0.14495181018778927,0.0,0.0,0.0,0.0,10.32294700742149,286.90211522395214,99039.82023285606,1.2025926412362833,339.55463926303474
7.4,194.47423991506534,9.286702261746766,-1.4920828074336134,0.6892426441712962,0.0,0.0,0.0,0.0,9.431023561900146,286.8859174405521,99010.43499081866,1.202303709544963,339.54505392044024
7.45,196.75597546358605,9.234341055399799,1.1600064491510653,1.2276867555417437,0.0,0.0,0.0,0.0,9.387538786031563,286.87108615948665,98983.53498373734,1.2020391997321236,339.5362769939508
7.5,199.18102302977377,9.13445897250071,1.9762676281274272,1.2689977492038058,0.0,0.0,0.0,0.0,9.43156030282198,286.85532335030643,98954.95191936033,1.2017581253015257,339.52694855458475
7.55,201.1505030088922,8.412515663295023,-1.3874034084063607,-0.04210942601226558,0.0,0.0,0.0,0.0,8.526258335671091,286.8425217304422,98931.74336604102,1.2015298903011846,339.5193723601244
7.6,203.58990779147314,8.324131584249923,1.677359931846377,-0.8563654617113713,0.0,0.0,0.0,0.0,8.534521941906467,286.8266655993554,98903.00328161044,1.2012472436075983,339.5099882248134
7.65,205.56506825459934,8.490897570668446,0.23004469342929998,-0.22904229552792207,0.0,0.0,0.0,0.0,8.497100828500212,286.8138270563451,98879.73769017021,1.201018424814292,339.50238979885455
7.7,207.8855220553256,7.410242210165226,0.09239335165001239,-0.7391977101540467,0.0,0.0,0.0,0.0,7.447592859403669,286.79874410664036,98852.41051932605,1.200749647008022,339.49346281502324
7.75,209.71951342031437,8.74719800761909,3.1143072229604014,1.5297172477051417,0.0,0.0,0.0,0.0,9.410229397916147,286.7868231627679,98830.81657305636,1.2005372486303165,339.48640712762204
7.8,211.964510729707,7.261671370673838,0.34226582484049717,0.00471134685486202,0.0,0.0,0.0,0.0,7.269734464704126,286.7722306802569,98804.3885232976,1.2002772899222907,339.4777700284289
7.85,213.9255350821372,6.355257888529467,0.22299372558305575,0.18868559050706457,0.0,0.0,0.0,0.0,6.361967563846143,286.7594840219661,98781.3080785278,1.200050249006849,339.4702252685904
7.9,215.94553668234465,6.672817313049184,0.5708797048157158,-0.6558796929796068,0.0,0.0,0.0,0.0,6.729232697890781,286.74635401156473,98757.53806081777,1.1998164142546373,339.46245342692544
7.95,217.64246171416409,6.581826253485094,0.4096938972282286,0.08968242150202302,0.0,0.0,0.0,0.0,6.595174664648249,286.7353239988579,98737.57337032595,1.1996200056870459,339.4559244665219
8.0,219.77269053423692,5.858661531116122,-0.15118532766497828,-1.4992630987705327,0.0,0.0,0.0,0.0,6.049343913088104,286.72147751152744,98712.51539349403,1.1993734797098088,339.4477281814647
8.05,221.40255616626604,6.07308848263239,1.094191849493848,0.3637990975695268,0.0,0.0,0.0,0.0,6.181586309740677,286.71088338491927,98693.34668856312,1.1991848856680623,339.4414569640802
8.1,223.2167730512003,5.8049735946244505,0.9574348721179764,-0.08537456449291643,0.0,0.0,0.0,0.0,5.884019781144267,286.69909097516717,98672.01338980075,1.1989749867663506,339.4344762839957
8.15,225.0341663833213,4.41625608681919,-0.8650955683546454,-0.988989128541126,0.0,0.0,0.0,0.0,4.607581541668788,286.6872779185084,98650.64648328746,1.1987647485422321,339.4274832377469
8.2,226.86592665332515,4.944811749160453,-0.11497493448589886,0.16476732976169353,0.0,0.0,0.0,0.0,4.948891870222272,286.67537147675336,98629.11445743464,1.1985528768730207,339.42043476397066
8.25,228.4675951687059,5.719511866665307,1.310439843679122,0.5284692426064246,0.0,0.0,0.0,0.0,5.891464021549146,286.6649606314034,98610.29023911362,1.1983676423841534,339.4142715457647
8.3,230.47711005934966,4.750832052749448,0.6600819616264368,0.5815084763828229,0.0,0.0,0.0,0.0,4.831590369391968,286.6518987846142,98586.67676598657,1.1981352710510798,339.40653877698486
8.35,231.95853433273155,4.30405897280326,-0.11187203064637447,-0.6637287196733113,0.0,0.0,0.0,0.0,4.356371747903106,286.6422695268372,98569.27172940012,1.1979639878343953,339.40083802894486
8.4,234.01501549796836,4.9735083280884105,1.4748583496657912,-0.017586187346447235,0.0,0.0,0.0,0.0,5.187610385825931,286.6289023992632,98545.1145581644,1.1977262472266532,339.3929242149752
8.45,235.5335703171274,4.564319112550327,0.7584909072846159,0.2638315029163656,0.0,0.0,0.0,0.0,4.634428171798194,286.61903179293864,98527.27940301993,1.1975507170511444,339.38708034724635
8.5,236.81732715900299,5.078552369496018,0.9411586523441423,1.13770207444116,0.0,0.0,0.0,0.0,5.288841062915729,286.6106873734665,98512.20394705416,1.1974023425909117,339.38213997612627
8.55,238.37985891909375,3.933322221363811,0.3445793776085456,0.30154713589127763,0.0,0.0,0.0,0.0,3.959885013445677,286.6005309170259,98493.85729250796,1.1972217667707352,339.37612667897724
8.6,240.5571002230844,3.6189136899297365,0.6555506942261211,0.0014727811445469918,0.0,0.0,0.0,0.0,3.67780983425537,286.58637884854994,98468.2975655547,1.1969701860596944,339.3677475363072
8.65,241.4121644243847,3.873314264628636,0.6578352584679223,0.20059609020561064,0.0,0.0,0.0,0.0,3.9338974835733844,286.5808209312415,98458.26100728495,1.1968713942650324,339.3644567535587
8.7,242.60015723698695,4.605874143667567,1.3387614043590377,1.3356555384840079,0.0,0.0,0.0,0.0,4.978989299304612,286.57309897795955,98444.31798009344,1.1967341471572557,339.35988461553995
8.75,244.0338855254992,3.4335855263696087,0.662430895792268,-0.1710228402317508,0.0,0.0,0.0,0.0,3.501081700057276,286.56377974408423,98427.49297673223,1.1965685266160981,339.3543666519633
8.8,245.12707702053794,4.214396571938835,1.6245772054155296,0.590584539129944,0.0,0.0,0.0,0.0,4.555126744645516,286.55667399936647,98414.66578520727,1.19644225577735,339.350159245764
8.85,246.9538100213484,1.7901132889668643,-1.0018500744284728,-1.1295702264554335,0.0,0.0,0.0,0.0,2.341823660197898,286.5448002348612,98393.23445146227,1.1962312787991425,339.34312851505285
8.9,248.29177210595293,2.1165712188088994,-0.39625535456099814,-1.000494155661868,0.0,0.0,0.0,0.0,2.374422158299153,286.5361034813113,98377.53980318688,1.1960767700615218,339.33797887362175
8.95,249.84858402374684,3.1898238936416545,1.0494494184910075,0.5854286498556242,0.0,0.0,0.0,0.0,3.4086723600971243,286.5259842038456,98359.28054030873,1.1958970076202247,339.3319868093773
9.0,251.41890571469816,2.266651306697252,0.055665489912244834,-0.2603665647557136,0.0,0.0,0.0,0.0,2.282235207195398,286.51577711285444,98340.86560648937,1.1957157061678108,339.3259426397322
9.05,252.37003835017265,2.0498252584402548,-0.1522300931565154,-0.37361009678503954,0.0,0.0,0.0,0.0,2.0891486533566312,286.50959475072386,98329.7131701811,1.195605903398382,339.3222816769824
9.1,253.90789032352674,1.8146149094709845,-0.5018425710455321,-0.3772117655753829,0.0,0.0,0.0,0.0,1.9201463360578737,286.49959871289707,98311.68336568926,1.1954283835896136,339.3163623150996
9.15,254.65997345990493,3.0644546242635453,1.3569153564045582,0.5123576408209737,0.0,0.0,0.0,0.0,3.390370448892624,286.4947101725106,98302.86690408201,1.1953415752586696,339.3134674265477
9.2,256.0582295030456,1.1946936813757798,-0.49312172210698163,-1.306311100998255,0.0,0.0,0.0,0.0,1.8376372650020574,286.48562150823017,98286.47723867078,1.1951801959810429,339.3080852492502
9.25,256.6643591608203,1.7094111048230585,0.05061087329504238,0.0709228585259353,0.0,0.0,0.0,0.0,1.711630169648095,286.48168166545463,98279.37317428424,1.1951102448978992,339.3057521040518
9.3,258.33835281751055,2.1526667603057854,0.3294117162214932,0.10843648717062818,0.0,0.0,0.0,0.0,2.1804230624948224,286.47080070668613,98259.75550757331,1.1949170720242732,339.2993083989355
9.35,259.0272522586702,1.4998208524804568,-0.229629820567269,-0.5191532561807235,0.0,0.0,0.0,0.0,1.6036559941059703,286.4663228603186,98251.68316046071,1.1948375824338913,339.2966565822249
9.4,260.13335082459474,1.293228883952585,-0.12632346946496648,-0.6026515505617646,0.0,0.0,0.0,0.0,1.4323363629474097,286.45913321964014,98238.72330419494,1.1947099622224793,339.292398775712
9.45,261.121367450588,0.3993900905382557,-1.3764354318273244,-1.228533670612784,0.0,0.0,0.0,0.0,1.8876922212689096,286.45271111157115,98227.148152407,1.1945959749694388,339.28859546764477
9.5,261.65447423904453,0.9556468459036146,-0.5072106153507019,-0.6140895187271278,0.0,0.0,0.0,0.0,1.244037555470284,286.4492459174462,98220.90297534483,1.1945344740166357,339.2865432887725
9.55,262.4892186295451,1.9390764854521356,0.5712716492127005,0.24276550394306434,0.0,0.0,0.0,0.0,2.0360019655030626,286.44382007890795,98211.12485523742,1.1944381800236727,339.28332993990546
9.6,263.2899112331378,1.844825923123138,0.7110483121568044,0.22001323657364358,0.0,0.0,0.0,0.0,1.9893160164025696,286.4386155769846,98201.7463553415,1.194345819738591,339.2802476448088
9.65,263.87932849632904,1.4911969194523633,0.6196335724864739,0.03150365302844045,0.0,0.0,0.0,0.0,1.6151181061738813,286.43478436477386,98194.84298360746,1.1942778336592539,339.277978643872
9.7,265.39623035461085,0.8171710155151701,-0.1556837123087757,-0.31511011018879953,0.0,0.0,0.0,0.0,0.8895505991339299,286.42492450269503,98177.07853555265,1.1941028808846774,339.2721391595515
9.75,265.95095608027555,1.6086282261030214,0.4389141492709523,0.27022559388853445,0.0,0.0,0.0,0.0,1.689186867057049,286.4213187854782,98170.58278865412,1.194038906160919,339.2700036553779
9.8,267.3062317291438,0.3160622693344308,-0.46880974702638967,-0.9782952432690524,0.0,0.0,0.0,0.0,1.12992898892215,286.4125094937605,98154.71419772704,1.1938826176326254,339.26478625147286
9.85,267.8199666506405,1.7882106047084254,1.123224804980146,0.593474109043102,0.0,0.0,0.0,0.0,2.1935228850912094,286.4091702167708,98148.69954415639,1.193823378517097,339.26280850546186
9.9,268.3764452321117,1.396889427120381,0.2812192773598261,0.2662288799694474,0.0,0.0,0.0,0.0,1.4495730992569074,286.40555310599126,98142.18479742297,1.1937592131388859,339.26066619445396
9.95,269.1561042256087,0.24306907681816448,-0.7163641196061332,-1.04599776983292,0.0,0.0,0.0,0.0,1.2908801115749469,286.40048532253354,98133.05784572124,1.1936693181343379,339.2576646688569
10.0,270.3827300371347,0.8632058460020424,0.0489503141177523,-0.36929450653902385,0.0,0.0,0.0,0.0,0.9401589750591277,286.3925122547586,98118.69994063544,1.1935278981541928,339.2529423598561
10.05,270.7642384575445,0.763635360030811,0.0037222250271428566,-0.09435523799678315,0.0,0.0,0.0,0.0,0.7694515767648856,286.39003245002596,98114.23465365151,1.1934839159494748,339.25147360135657
10.1,271.38160803914025,0.6368745926453139,0.4602100930500085,-0.26613977234678265,0.0,0.0,0.0,0.0,0.8295980682999625,286.38601954774555,98107.0091267163,1.1934127451135677,339.2490967941588
10.15,271.8233440722772,1.0861132891205791,0.6411921697422058,0.32675952723069096,0.0,0.0,0.0,0.0,1.3028972576450781,286.3831482635302,98101.83943187202,1.193361823439761,339.2473961472142
10.2,272.26200722319965,1.6079903071253892,1.2715349586317906,0.8759663353575083,0.0,0.0,0.0,0.0,2.2292938342694115,286.3802969530492,98096.70591766224,1.1933112576412523,339.2457073221736
10.25,272.71348020702567,0.41344282715133474,-0.016503362544762867,-0.42123000537321453,0.0,0.0,0.0,0.0,0.5904591854860848,286.3773623786543,98091.42272181113,1.193259216932947,339.2439691713175
10.3,273.6057010742752,0.8142993726998531,0.519791433652543,-0.01667963176753265,0.0,0.0,0.0,0.0,0.9662012280026562,286.3715629430172,98080.98251421892,1.193156376890973,339.2405341345729
10.35,274.12488238953205,0.361289656376294,-0.09859907100477464,-0.40805354603201227,0.0,0.0,0.0,0.0,0.5538589071566916,286.368188264468,98074.90779504349,1.1930965376228058,339.23853527841106
10.4,274.8749659924849,0.7153656133028161,0.24280711089313628,-0.009766873718525991,0.0,0.0,0.0,0.0,0.7555121743682359,286.3633127210488,98066.1319246965,1.193010089309955,339.23564742404045
10.45,275.3215931981617,1.0754985263943593,0.7405229236620438,0.2867454348883812,0.0,0.0,0.0,0.0,1.3368972380758164,286.3604096442119,98060.90675262174,1.1929586170995212,339.2339278782702
10.5,275.7149171453178,0.2502556382990352,-0.09335879910301642,-0.8350832111713724,0.0,0.0,0.0,0.0,0.8767597843484303,286.3578530385554,98056.30537165115,1.1929132893085839,339.23241354653044
10.55,275.94841165666713,-0.3583072826589115,-0.5427618769041288,-0.9012262533742057,0.0,0.0,0.0,0.0,1.1113880166700618,286.3563353242316,98053.57387086122,1.1928863813480486,339.2315145689577
10.6,276.61250392096616,1.3403073493175905,0.8589935925268556,0.11623155806633488,0.0,0.0,0.0,0.0,1.5961840613561666,286.3520187245137,98045.80542315925,1.1928098537429996,339.22895773329896
10.65,276.7488463341486,-0.7751598306642167,-0.8302352284510611,-0.5036011815849452,0.0,0.0,0.0,0.0,1.2424884094953625,286.351132498828,98044.21057254486,1.1927941425981987,339.2284327961087
10.7,276.84734734364764,1.5006546520280155,0.8797725295696819,-0.6899517942774465,0.0,0.0,0.0,0.0,1.8713624894352856,286.3504922422663,98043.05838072271,1.1927827921302347,339.2280535530627
10.75,277.77304103922296,-1.5368300646447968,-1.2564972371442247,0.22692000218489716,0.0,0.0,0.0,0.0,1.99803019044728,286.344475233245,98032.23083746638,1.1926761266348709,339.2244894785519
10.8,277.4826186755444,5.186327076166356,4.2101236421332535,0.9045156971139275,0.0,0.0,0.0,0.0,6.741014632038053,286.34636297860897,98035.6277107799,1.1927095905314014,339.22560765693026
10.85,277.9277882342265,-5.738743852873183,-4.720032370570198,-0.16418279945960323,0.0,0.0,0.0,0.0,7.432283806459402,286.3434693764775,98030.42090345551,1.1926582961934902,339.2238936724903
10.9,277.73783153190215,11.229304895887894,8.687576521589852,0.062161576023745065,0.0,0.0,0.0,0.0,14.19771595450567,286.34470409504263,98032.64265410423,1.1926801836096255,339.2246250416894
10.95,278.44509004485826,-30.749677924651017,-21.555684094090097,-1.8311757182277313,0.0,0.0,0.0,0.0,37.59711975331363,286.3401069147084,98024.37070172666,1.1925986925894432,339.22190195477333
11.0,277.5075355736939,-133.91991514815552,-10.956447771592192,-4.819330042311149,0.0,0.0,0.0,0.0,134.45375920039396,286.34620101877096,98035.33627099256,1.1927067194553855,339.2255117225317
11.05,279.4204160321192,29.878048516506485,67.63076201694338,-46.19367907250305,0.0,0.0,0.0,0.0,87.1806959160143,286.3337672957912,98012.96441355937,1.1924863215592028,339.21814671853804
11.1,283.50753416442495,9.305928621920424,-5.636079056058778,-32.01727269521104,0.0,0.0,0.0,0.0,33.81525462689773,286.3072010279312,97965.17788000897,1.1920155171674314,339.2024098928171
11.15,284.1970968145293,36.102646515760654,-22.120814502762826,-3.5861443181211614,0.0,0.0,0.0,0.0,42.492257539203536,286.3027188707055,97957.1173825258,1.1919360989064265,339.19975476490316
11.2,283.54821101283915,35.2350683199637,-1.5419149094409792,-30.68439788895182,0.0,0.0,0.0,0.0,46.74847393132718,286.3069366284165,97964.7023816438,1.1920108322239527,339.20225326913993
11.25,282.1824685046064,34.88836366684143,14.673329085763116,-31.37141233069738,0.0,0.0,0.0,0.0,49.15963809296723,286.31581395472006,97980.6684637903,1.1921681389000802,339.2075119362532
11.3,281.3755653127772,19.067226369278565,4.873697522178188,-8.347326743982336,0.0,0.0,0.0,0.0,21.377322393737725,286.32105882546693,97990.1024785035,1.1922610857410725,339.21061880517595
11.35,280.23389015512635,3.4112558411057887,10.062534229149563,-5.183357866644165,0.0,0.0,0.0,0.0,11.821948244683991,286.32847971399167,98003.45178020504,1.1923926042956825,339.21501461854814
11.4,280.3248293814877,-2.409449183908731,5.77498246864501,18.034497437011876,0.0,0.0,0.0,0.0,19.08923690692175,286.3278886090203,98002.38839822469,1.1923821278830407,339.2146644756193
11.45,279.9264818529717,1.5614688198737383,14.784453625938554,6.1221041076584655,0.0,0.0,0.0,0.0,16.077885824883015,286.33047786795566,98007.04647473562,1.192428018976054,339.21619822879234
11.5,279.92152138815754,-0.9441924243569024,5.7929916761720035,-5.209902842066408,0.0,0.0,0.0,0.0,7.848142424687686,286.33051011097695,98007.10448105705,1.19242859044827,339.2162173279726
11.55,279.8262604266229,-1.1928633527954013,-4.471274808409979,-1.8345074302577293,0.0,0.0,0.0,0.0,4.978015558677454,286.33112930722695,98008.21844213147,1.1924395650638626,339.2165841091725
11.6,280.03719252234197,-1.6574116643997192,-9.357941517172687,-0.22440315657453141,0.0,0.0,0.0,0.0,9.506231621457218,286.3297582486048,98005.75186162216,1.192415264566224,339.2157719613974
11.65,280.2035568846497,-2.2491699843350252,-8.927213967498421,-2.3207850631724978,0.0,0.0,0.0,0.0,9.494206557126144,286.32867688024976,98003.80647909007,1.1923960987754052,339.2151314105342
11.7,280.6304179162926,-2.0685359469158597,-0.9439054282186128,-9.645307201467222,0.0,0.0,0.0,0.0,9.909679582699892,286.32590228354405,97998.81512044635,1.1923469238814013,339.21348786669415
11.75,280.3214719230188,0.8982750638958027,13.18340820978479,-1.255053050471159,0.0,0.0,0.0,0.0,13.273443723304627,286.32791043250035,98002.4276579135,1.192382514668896,339.21467740283424
11.8,279.85933364634076,-2.8947548091240836,-7.106415619757558,12.540679265088231,0.0,0.0,0.0,0.0,14.702019752248162,286.33091433129874,98007.83168989362,1.1924357548282616,339.21645676812176
11.85,279.1706576978531,-6.806252438460336,3.342242459184852,-2.9435587681796735,0.0,0.0,0.0,0.0,8.133891758177798,286.33539072496393,98015.88519668404,1.1925150963987496,339.2191083512856
11.9,278.7679707297288,14.908658001990377,27.122600045012693,6.277916265020074,0.0,0.0,0.0,0.0,31.580306351469073,286.33800819025674,98020.59454251752,1.1925614913762017,339.22065879220634
11.95,279.2707971712782,16.447051038248222,10.756297768326418,0.5376609896202356,0.0,0.0,0.0,0.0,19.659412729667313,286.33473981838665,98014.71411344911,1.1925035591933097,339.21872278931636
12.0,279.1248147035667,10.742282144191512,-2.028344717604181,9.11941270263921,0.0,0.0,0.0,0.0,14.236379314977034,286.3356887044268,98016.42131235151,1.1925203780611986,339.2192848581106
12.05,279.0100175659845,5.710219766012399,9.745716816275234,14.944038030991168,0.0,0.0,0.0,0.0,18.732588681517004,286.33643488582106,98017.76382984141,1.1925336041460064,339.21972685497656
12.1,278.57339113875116,1.058333048189309,7.29738468776044,5.413788068163804,0.0,0.0,0.0,0.0,9.147731596906578,286.3392729575981,98022.87017867353,1.1925839100679179,339.2214079675249
12.15,278.33463264310456,-2.8762413329130183,5.854365185850824,-0.8028250452703359,0.0,0.0,0.0,0.0,6.571977174927857,286.3408248878198,98025.66255189168,1.1926114193190196,339.22232723933155
12.2,279.1604390882299,-2.261687459421563,4.476076188994129,-4.7681586462817,0.0,0.0,0.0,0.0,6.919958460127915,286.33545714592645,98016.004699072,1.1925162737035153,339.2191476954588
12.25,278.0883601079417,-1.398539880841312,1.7571259143868885,-3.5277482381513394,0.0,0.0,0.0,0.0,4.181914981093406,286.3424256592983,98028.54287220043,1.1926397948305416,339.2232754392042
12.3,277.33359384284756,-1.9495377856814629,4.619835554035007,-1.598046099006004,0.0,0.0,0.0,0.0,5.262825235429544,286.3473316400215,98037.37079012317,1.192726762186177,339.22618142793084
12.35,276.5894851305989,6.261215856465195,7.551160677736247,-10.687445133678349,0.0,0.0,0.0,0.0,14.506699661453888,286.35216834665107,98046.07468503967,1.1928125062828068,339.2290463587525
12.4,276.5752460526288,8.066135828256925,-7.100412623403834,-6.314380002549616,0.0,0.0,0.0,0.0,12.46394004474833,286.3522609006579,98046.24124669422,1.192814147106348,339.2291011811153
12.45,276.4488984613843,17.706169764609346,-9.479923627594813,-16.606434688679258,0.0,0.0,0.0,0.0,26.060527101107652,286.35308216000095,98047.71920803438,1.192828706699295,339.2295876359248
12.5,276.1112904280462,16.285565650338736,7.677731262592318,-1.555233913063325,0.0,0.0,0.0,0.0,18.07168941788295,286.35527661221766,98051.66849427599,1.1928676114363594,339.2308874677421
12.55,275.9754160188063,13.711256670768002,7.318557866454333,6.586738310602517,0.0,0.0,0.0,0.0,16.880313098656657,286.3561597958777,98053.25796832473,1.1928832693891769,339.2314105992683
12.6,275.7276346632875,14.274559777090335,8.521222092297283,8.406370199625393,0.0,0.0,0.0,0.0,18.62904567360149,286.3577703746886,98056.15659607337,1.1929118237269667,339.2323645828566
12.65,275.60138798187165,12.691915504674622,11.752723470718765,13.494940752652136,0.0,0.0,0.0,0.0,21.939112426772766,286.35859097811783,98057.63349793518,1.1929263726029458,339.2328506444743
12.7,275.444048317269,-0.1986192581380832,15.834075581831565,3.698107031533585,0.0,0.0,0.0,0.0,16.261408141902596,286.35961368593775,98059.47416751989,1.1929445048756502,339.23345641603186
12.75,276.0131748391974,-2.573242643177096,-0.6748977065241283,8.946917229053177,0.0,0.0,0.0,0.0,9.33404481018091,286.3559143635452,98052.81625932385,1.1928789181064374,339.2312652237083
12.8,275.80281421336406,8.150787915285013,-3.1584264356633143,-2.796134402417694,0.0,0.0,0.0,0.0,9.177655952684043,286.3572817076131,98055.27711365094,1.1929031599759943,339.23207513417486
12.85,275.3551748834858,3.9718294823666356,-5.645049032062888,-3.8869378338955105,0.0,0.0,0.0,0.0,7.921508299305081,286.36019136325734,98060.51388355298,1.1929547469973882,339.23379858609644
12.9,274.713024399563,23.518141283547333,2.231848831713642,-14.458796801176938,0.0,0.0,0.0,0.0,27.697308959143292,286.36436534140284,98068.02656423434,1.1930287529271602,339.23627090827057
12.95,275.26618196286347,-10.48374402896056,20.69480044914906,-3.722830964328731,0.0,0.0,0.0,0.0,23.49559798949223,286.36076981724136,98061.55500638796,1.192965002956665,339.2341412158493
13.0,274.8992644287902,-21.239944438574895,24.72326647027069,-13.046770726802741,0.0,0.0,0.0,0.0,35.108309146290665,286.3631547812128,98065.8476471173,1.1930072889571561,339.2355538735968
13.05,274.4003575426914,-22.04003618197936,25.91179271659243,-5.519653280430844,0.0,0.0,0.0,0.0,34.46230939775776,286.3663976759725,98071.68470145988,1.1930647881221115,339.23747468999215
13.1,274.58583834333984,-24.236692135142828,-12.883363506614288,-5.10716060504274,0.0,0.0,0.0,0.0,27.91919394149759,286.36519205076826,98069.51460132017,1.1930434111578534,339.23676058092855
13.15,274.2106629547688,-12.750137855735764,24.21155271179937,11.553536091962647,0.0,0.0,0.0,0.0,29.70268500127201,286.367630690794,98073.90414255632,1.1930866510353053,339.23820502076325
13.2,273.3127438411893,-20.762565079826402,7.078745930530928,-3.179868348100235,0.0,0.0,0.0,0.0,22.165385522347332,286.37346716503225,98084.41041633916,1.1931901432689267,339.24166201929194
13.25,273.2329106777777,-7.890613861440782,12.434691329329004,-2.0361181171000706,0.0,0.0,0.0,0.0,14.867047876186936,286.3739860805944,98085.3445636026,1.1931993450007752,339.2419693761497
13.3,273.147734877118,-21.768125847469747,25.815229466811047,4.332088939018278,0.0,0.0,0.0,0.0,34.04474070852875,286.3745397232987,98086.3412343074,1.1932091625956571,339.2422973017988
13.35,272.74850027365545,10.046129726939439,16.500463961942852,21.98461676706793,0.0,0.0,0.0,0.0,29.26625032088524,286.37713474822124,98091.01292204465,1.1932551802876181,339.2438343452504
13.4,271.91780290129276,4.997027759489321,-6.122038675299715,7.139485987103268,0.0,0.0,0.0,0.0,10.6499720248936,286.3825342811416,98100.73399641132,1.193350934795814,339.2470324874816
13.45,271.7034709782289,6.588769710216809,-7.001527085977489,-22.288257293356164,0.0,0.0,0.0,0.0,24.273435706648353,286.3839274386415,98103.24230063581,1.193375641796292,339.2478576494874
13.5,271.88252808886966,20.868482419434244,-16.22454340360659,7.3184148317412925,0.0,0.0,0.0,0.0,27.427879298173984,286.38276356742233,98101.14681030564,1.193355001054488,339.2471682930309
13.55,271.239299575968,8.448040193042814,-19.873320012094755,-9.454504534202876,0.0,0.0,0.0,0.0,23.573414843710182,286.3869445527562,98108.67462834135,1.1934291502537004,339.2496446680764
13.6,271.04243860748556,6.514813586204427,0.02088856132007255,-13.28901035191261,0.0,0.0,0.0,0.0,14.800034747534491,286.3882241490513,98110.97862085555,1.193451844422238,339.25040256244245
13.65,270.88990811641713,1.6737057188849707,5.844609095759111,-10.244926612141146,0.0,0.0,0.0,0.0,11.912987350107288,286.38921559724326,98112.76381495781,1.1934694283922143,339.2509897878916
13.7,270.57611919189117,-4.637167883175835,-1.3423577634757238,-6.07385818433371,0.0,0.0,0.0,0.0,7.758672797928689,286.3912552252527,98116.43643641088,1.1935056031272397,339.25219783720235
13.75,270.05131249463204,-7.759259666264716,-2.1594592617174984,1.3060006834083833,0.0,0.0,0.0,0.0,8.159351239933422,286.39466646878486,98122.57908278628,1.193566106637659,339.25421826973735
13.8,269.98654990532003,9.877773865912339,9.827355096194996,8.252129359817486,0.0,0.0,0.0,0.0,16.19397924242131,286.3950874256154,98123.33712382126,1.1935735730998327,339.2544675958329
13.85,270.3570148149748,8.19041003161583,10.990200477245992,0.8763138008997916,0.0,0.0,0.0,0.0,13.734454808753737,286.39267940370263,98119.00092509342,1.1935308627786212,339.2530413599353
13.9,270.38001063977146,10.567109160948498,-4.831033088259733,5.298140965001128,0.0,0.0,0.0,0.0,12.770002913244975,286.3925299308415,98118.7317698542,1.1935282116644141,339.2529528291644
13.95,270.2887119525491,10.77315793622307,-8.315950734788803,8.5944825950811,0.0,0.0,0.0,0.0,16.095996384796827,286.3931233723084,98119.80038127751,1.1935387372211095,339.25330431644966
14.0,270.2250659655688,12.179020328607256,-0.10499005671375841,6.991873190106193,0.0,0.0,0.0,0.0,14.043712108383714,286.39353707122376,98120.54533544675,1.193546074821462,339.2535493444581
14.05,270.05554698091225,8.76992816854753,1.5869238766659206,3.9852655811782034,0.0,0.0,0.0,0.0,9.762802324350291,286.39463894462403,98122.52951862117,1.1935656184460748,339.25420196760433
14.1,269.5452870960886,6.418053990449025,-0.2058085310719454,5.339529571293249,0.0,0.0,0.0,0.0,8.351308293824129,286.3979556338754,98128.5021966675,1.1936244471261712,339.2561663854992
14.15,269.0812063006712,6.675641855039743,0.70601678548019,5.7443609441920795,0.0,0.0,0.0,0.0,8.835176089659875,286.40097215904564,98133.93459630388,1.1936779536712092,339.25795301150373
14.2,268.9222242319245,6.819836955229937,1.5333697338396906,7.767300942021449,0.0,0.0,0.0,0.0,10.449514953360412,286.4020055424925,98135.79565181295,1.1936962840506047,339.25856506116605
14.25,268.3453455292356,6.466877207364789,-1.169557978354873,5.890262808842508,0.0,0.0,0.0,0.0,8.82516643679319,286.40575525405995,98142.54887531171,1.19376279905491,339.2607859213161
14.3,268.23275677454626,8.084342051090973,2.2722449164178355,-0.3102477849352114,0.0,0.0,0.0,0.0,8.403328926519638,286.4064870809654,98143.8669380829,1.1937757810426974,339.2612193623485
14.35,267.69148493647043,10.037262592015152,2.147396336048015,-3.6127544712857116,0.0,0.0,0.0,0.0,10.881633435975228,286.41000534791294,98150.20374134256,1.193838193618148,339.26330312777094
14.4,267.5040175816347,10.365541200709444,8.08085370628783,3.5259758275657282,0.0,0.0,0.0,0.0,13.607980987002023,286.4112238857194,98152.39854526587,1.193859810548184,339.2640248286783
14.45,267.4282315198534,10.822748675147158,13.82676936174764,4.369146010292759,0.0,0.0,0.0,0.0,18.094222191838476,286.4117164951209,98153.28583393844,1.1938685495519998,339.26431658501053
14.5,266.9116502727867,8.049355661924654,2.8030855159952117,4.472259423710834,0.0,0.0,0.0,0.0,9.62551397771106,286.4150742732269,98159.33404109986,1.193928118609754,339.2663052797635
14.55,266.61387430674205,6.835029648483691,4.422755498262794,7.046832113956114,0.0,0.0,0.0,0.0,10.767369192859881,286.41700981700615,98162.82058183536,1.1939624573851488,339.2674516294781
14.6,266.5021968042544,5.42867175196156,4.471476514994239,5.948074583902498,0.0,0.0,0.0,0.0,9.21108953763654,286.4177357207723,98164.12819529418,1.1939753359486462,339.2678815539526
14.65,266.2624535095697,7.778981526671248,2.8030349845820015,0.6176806833848748,0.0,0.0,0.0,0.0,8.29162759316348,286.41929405218775,98166.93535763299,1.194002983319529,339.2688044910005
14.7,266.0158181525468,10.297328234011735,5.3855239005877555,-1.43665269022277,0.0,0.0,0.0,0.0,11.709090801385969,286.42089718200845,98169.8232871943,1.194031425999138,339.26975395772274
14.75,265.94955821858304,10.834650413431909,4.998431705905533,1.0525796050950236,0.0,0.0,0.0,0.0,11.978392752157692,286.4213278715792,98170.59915694693,1.1940390673684909,339.27000903668386
14.8,265.16488691027797,9.339883997055818,3.1960309550367327,3.2620546077345995,0.0,0.0,0.0,0.0,10.396588248452224,286.42642823508316,98179.78763202518,1.1941295617506869,339.27302974865665
14.85,265.14866725735305,8.678605080720418,2.368194852493833,3.346071716376986,0.0,0.0,0.0,0.0,9.59805860253117,286.4265336628272,98179.97757097062,1.1941314323822312,339.27309218840264
14.9,264.95743798117013,10.410606358346769,1.9675239106043727,0.8036006186408882,0.0,0.0,0.0,0.0,10.625330537989399,286.42777665312235,98182.21696851413,1.1941534872473603,339.273828350479
14.95,264.6286056528569,10.868345022724526,1.2485203300981573,0.1799268248793655,0.0,0.0,0.0,0.0,10.941302491475161,286.42991406325643,98186.06786842282,1.1941914128837363,339.2750942297428
15.0,264.3648174408279,11.422868577767765,1.1613131335489468,1.1014672067425944,0.0,0.0,0.0,0.0,11.534461614944878,286.4316286866346,98189.15713606814,1.1942218373705682,339.27610971050973
15.05,263.9994608075465,8.897903385633038,0.6371451361621714,0.7443397200812321,0.0,0.0,0.0,0.0,8.951685886104672,286.43400350475093,98193.43601839227,1.1942639774129833,339.27751618469244
15.1,263.5707668711361,9.178151529418237,1.916651094669773,1.3196265391858308,0.0,0.0,0.0,0.0,9.4685495783982,286.4367900153376,98198.45686946611,1.1943134241972004,339.27916647425275
15.15,263.4170947886943,9.693934086075654,0.2693115648002754,3.159076088532599,0.0,0.0,0.0,0.0,10.199247448574479,286.43778888387345,98200.25672309789,1.1943311495558662,339.2797580445409
15.2,263.65900549570995,11.272455189711573,-1.3931316662159154,5.815268439196841,0.0,0.0,0.0,0.0,12.760345170229048,286.4362164642779,98197.42340423849,1.194303246373968,339.2788267936851
15.25,263.0178956430058,11.06299800887205,-1.4038486905272107,3.6436168543872753,0.0,0.0,0.0,0.0,11.731865148891584,286.4403836783204,98204.9323883404,1.1943771962577012,339.2812947817882
15.3,263.1534390858038,9.790100511717709,-1.086959769144412,1.7302418504228754,0.0,0.0,0.0,0.0,10.001064264878442,286.43950264594224,98203.34480019068,1.194361561481538,339.28077300124863
15.35,263.1398531847942,11.344198383488088,0.3997398426523654,3.0085952373734357,0.0,0.0,0.0,0.0,11.743179901887036,286.4395909542988,98203.50392768503,1.1943631285921255,339.2808253008178
15.4,262.18200292848127,10.52067870948374,-0.4268189569701245,3.2769788416785044,0.0,0.0,0.0,0.0,11.027485899289198,286.4458169809648,98214.72346043616,1.1944736189561025,339.28451257040945
15.45,262.3559644625663,10.270235956941418,-0.9380214232483564,2.5286279062808923,0.0,0.0,0.0,0.0,10.61845515553688,286.4446862309933,98212.68572959452,1.1944535514876145,339.2838429039162
15.5,262.2437398138577,11.401120245580945,-0.7231856792567837,4.025086098772157,0.0,0.0,0.0,0.0,12.112384508568354,286.4454156912099,98214.0002900078,1.1944664972199988,339.2842749138641
15.55,261.68099277451984,9.447834412334503,-2.741833745654297,0.9534460201692595,0.0,0.0,0.0,0.0,9.883738497404579,286.4490735469656,98220.59232750128,1.1945314148143935,339.28644120612756
15.6,261.77852574934275,11.817813378331687,-0.15317092652123532,3.0363776462117382,0.0,0.0,0.0,0.0,12.202612981989601,286.44843958262925,98219.44979733229,1.1945201633737454,339.286065754359
15.65,261.42816203277215,11.63763231233236,0.14770651343525126,3.0981931663511615,0.0,0.0,0.0,0.0,12.043882428319304,286.45071694678694,98223.5541118384,1.1945605818413279,339.28741447245767
15.7,261.25156118036045,9.629505551873812,0.2912467809621986,1.8412968053857062,0.0,0.0,0.0,0.0,9.808291175659143,286.4518648523276,98225.62294445372,1.19458095516894,339.2880942918642
15.75,260.6916768679365,9.4985721086891,1.5060942151403731,1.7608257291401412,0.0,0.0,0.0,0.0,9.777100753150071,286.4555041003584,98232.18207541712,1.1946455472516262,339.2902495398461
15.8,260.32810949394434,9.942725089543945,-0.3662257241365898,3.1166388582938422,0.0,0.0,0.0,0.0,10.426185364757965,286.4578672882893,98236.44151312958,1.194687492300743,339.2916490677966
15.85,260.45254625554486,9.748013720663014,-2.9854211284245205,4.755076424535415,0.0,0.0,0.0,0.0,11.249322762524436,286.45705844933894,98234.98363546196,1.1946731358085019,339.2911700575714
15.9,260.44720981894795,8.990445889542832,-1.5940784508008938,5.636796420118772,0.0,0.0,0.0,0.0,10.73045559526571,286.4570931361768,98235.04615578869,1.1946737514800485,339.2911905998082
15.95,260.17011337093106,7.725092952387533,-0.645187153387376,4.596079262164691,0.0,0.0,0.0,0.0,9.012062592438202,286.45889426308895,98238.29259120028,1.1947057207868461,339.29225726135803
16.0,259.6607454950742,8.409091774535826,-0.07991474617012723,5.485098382527269,0.0,0.0,0.0,0.0,10.04019497346664,286.462205154282,98244.26052301197,1.194764489533631,339.29421802522853
16.05,259.507251149971,9.708520764463536,0.2778583647456725,4.207672704447263,0.0,0.0,0.0,0.0,10.584757450817158,286.4632028675252,98246.05897389198,1.1947821995063426,339.2948088850938
16.1,259.183102392229,11.566806384852839,1.9888628561107549,1.2013116595355713,0.0,0.0,0.0,0.0,11.797869939460494,286.46530983445047,98249.85702302022,1.1948196000173419,339.2960566572659
16.15,259.0462030425976,12.078569069855144,1.1967716864493858,1.3510553505620448,0.0,0.0,0.0,0.0,12.212675538350743,286.4661996802231,98251.46110762053,1.194835395829325,339.29658363368657
16.2,259.1168925515589,11.100006547190338,-0.801231209670344,5.485769316064145,0.0,0.0,0.0,0.0,12.407488939672243,286.46574019841484,98250.63281796438,1.194827239465349,339.29631152362526
16.25,258.7363140143467,9.77427581961353,-1.3669869191109063,7.760039385613114,0.0,0.0,0.0,0.0,12.55481311295269,286.46821395890674,98255.09223474456,1.1948711522417943,339.2977765085793
16.3,258.6474394275227,7.622342252114078,-1.6805004185326395,6.250470850140772,0.0,0.0,0.0,0.0,9.999628438772683,286.4687916437211,98256.13364346504,1.1948814071488871,339.2981186182178
16.35,257.8325086491119,6.5721006123508205,-1.017240434871487,4.613185300547181,0.0,0.0,0.0,0.0,8.093748400981102,286.47408869378074,98265.68320184655,1.194975442111251,339.30125555819814
16.4,257.5301317877525,7.611355855841525,1.392040442948221,2.9453185027154865,0.0,0.0,0.0,0.0,8.279215883252155,286.4760541433796,98269.22671909531,1.1950103348543644,339.30241950006774
16.45,257.38730167807716,10.219169843485927,2.8454484172108105,2.8610927267459147,0.0,0.0,0.0,0.0,10.986985964133115,286.4769825390925,98270.90056356388,1.1950268169894755,339.3029692958567
16.5,257.04128773094425,11.892757894130531,4.03653762644238,2.5606134440490664,0.0,0.0,0.0,0.0,12.817490688427824,286.4792316297488,98274.95564132648,1.1950667466066924,339.3043012032815
16.55,256.72397091247024,10.718220189947697,1.3485986198518676,0.00785070573042529,0.0,0.0,0.0,0.0,10.802732242874916,286.48129418906893,98278.6745249036,1.1951033655050114,339.30552264258995
16.6,256.3142220466619,11.758438693326108,-1.1832570767712163,0.6308806409828569,0.0,0.0,0.0,0.0,11.834652009991874,286.4839575566967,98283.476860398,1.1951506524880582,339.30709987164977
16.65,256.2204407065257,11.432858699192188,-2.3597306205024577,0.37857906585766576,0.0,0.0,0.0,0.0,11.67997897027803,286.4845671354076,98284.57602245834,1.1951614755054991,339.3074608591834
16.7,255.6346923291912,11.537229911527232,0.24192462643165352,1.4365070910196236,0.0,0.0,0.0,0.0,11.628832881199319,286.48837449986024,98291.44149821028,1.195229076629734,339.30971554062353
16.75,255.58701424779312,9.05959491329438,-0.860717651769946,0.5662679939516594,0.0,0.0,0.0,0.0,9.117990694776553,286.4886844073893,98292.0003435013,1.195234579278035,339.30989906396417
16.8,255.39458634158828,9.458138874180971,-0.6993423372930849,1.4929508576732162,0.0,0.0,0.0,0.0,9.60074856099518,286.48993518877967,98294.25585951038,1.195256788067709,339.31063975996227
16.85,255.3646799788052,10.051764354739678,0.3786432659364791,1.2345489894454327,0.0,0.0,0.0,0.0,10.134369668282035,286.49012958013776,98294.60640640059,1.1952602396958456,339.3107548757775
16.9,254.96294972674787,10.913500249924676,2.0398460294056746,0.6516138990462869,0.0,0.0,0.0,0.0,11.121603310773962,286.4927408267761,98299.31537841231,1.1953066059343078,339.3123012153502
16.95,254.5244905974251,10.370373735277244,1.7932096960331134,-0.03730359175047443,0.0,0.0,0.0,0.0,10.524335797627932,286.4955908111167,98304.45508474931,1.1953572128560936,339.31398892362733
17.0,254.0822109709653,10.336912445806883,1.9823465373539626,0.9709996015727589,0.0,0.0,0.0,0.0,10.569971472652655,286.4984656286887,98309.6397961806,1.1954082624000197,339.3156913291826
17.05,254.15997205728843,10.623092255106478,2.295626925730277,2.3689599848169385,0.0,0.0,0.0,0.0,11.123487018570433,286.4979601816276,98308.72821024209,1.1953992868081087,339.31539201484907
17.1,253.97360525406813,9.253191871228278,0.8805061438965128,1.0260696529171651,0.0,0.0,0.0,0.0,9.35145281803005,286.49917156584854,98310.91298229274,1.1954207983270528,339.31610936878246
17.15,253.50289635243902,9.762388874865069,1.0680827689788759,1.5468747947347896,0.0,0.0,0.0,0.0,9.941723139177869,286.5022311737091,98316.43126268576,1.1954751315506809,339.3179211915847
17.2,253.41952636983675,10.015742851208488,1.455332913463475,2.277655970945058,0.0,0.0,0.0,0.0,10.374045280049904,286.502773078596,98317.40866346455,1.1954847550198642,339.31824209301715
17.25,253.31382084918675,10.62025574008719,1.708933085998212,2.552363778145834,0.0,0.0,0.0,0.0,11.055534592830197,286.50346016448026,98318.64792966185,1.1954969567847278,339.31864896627724
17.3,252.95484669554915,11.198603752738595,1.3597948398032602,1.6776140201612837,0.0,0.0,0.0,0.0,11.404918097814129,286.50579349647893,98322.85655104375,1.1955383944822346,339.3200306973197
17.35,252.92971724111146,10.116658212261406,1.2964643081572615,0.4356581350684632,0.0,0.0,0.0,0.0,10.208691938573383,286.50595683793273,98323.15117481916,1.1955412953080826,339.32012742314595
17.4,253.185024869748,9.134850679364504,2.6526765387920594,0.7678563661322306,0.0,0.0,0.0,0.0,9.543154255944613,286.5042973383466,98320.15791996031,1.1955118240485951,339.31914471683046
17.45,252.49901285308735,8.691418158553677,3.761661633455101,1.693841491658032,0.0,0.0,0.0,0.0,9.620808014418904,286.5087564164549,98328.20096791368,1.1955910146308766,339.3217852438607
17.5,252.49603150668625,8.465146632815202,3.892228032104632,1.0692873800956284,0.0,0.0,0.0,0.0,9.378247281352492,286.50877579520653,98328.23592343798,1.1955913587947686,339.3217967193084
17.55,252.08286518686205,8.967493618738484,2.882569683924258,1.13487002940693,0.0,0.0,0.0,0.0,9.487522319786168,286.51146137628535,98333.08029021992,1.1956390550685319,339.3233870267238
17.6,251.4163792619572,9.20856348474139,1.5706546222374764,1.780484266773111,0.0,0.0,0.0,0.0,9.509717220774498,286.51579353479724,98340.8952315904,1.1957159978424599,339.3259523641376
17.65,251.25521316690526,9.690151827033898,1.094271092780436,2.9594333613807353,0.0,0.0,0.0,0.0,10.190913476029348,286.5168411144151,98342.78507481425,1.1957346043051207,339.3265726975269
17.7,250.7028618244674,10.970842349914658,2.830633941077457,3.755424936655262,0.0,0.0,0.0,0.0,11.93629284283495,286.52043139814094,98349.26220263769,1.1957983743893656,339.3286987066831
17.75,250.09459945348428,10.297504072156736,1.8342020297780988,1.2651672674152539,0.0,0.0,0.0,0.0,10.535821534966583,286.52438510355233,98356.39536874388,1.1958686025255867,339.3310399028721
17.8,250.2027029184224,11.265794111774577,1.6564819877149561,0.225377391702759,0.0,0.0,0.0,0.0,11.389154688264163,286.52368243103024,98355.12759577675,1.1958561209954772,339.3306238148248
17.85,249.96080138796057,10.397022617522307,2.4270416281254357,-0.9031021184398726,0.0,0.0,0.0,0.0,10.714672361311603,286.52525479097824,98357.96449098668,1.1958840508694846,339.33155488821023
17.9,249.3602362327454,10.534483979355972,4.400296443232611,0.5136716952960279,0.0,0.0,0.0,0.0,11.42811533500522,286.5291584644871,98365.00789290476,1.1959533940893599,339.33386643853197
17.95,249.31855951815055,10.206024603649478,2.9570755822477865,1.2852942898993067,0.0,0.0,0.0,0.0,10.703233886123966,286.529429363132,98365.49669074792,1.1959582063334708,339.33402684989
18.0,249.45006078285613,10.932009816032703,-0.49892864926226166,4.165106488949814,0.0,0.0,0.0,0.0,11.709222027068318,286.5285746049114,98363.95440852939,1.1959430224569687,339.3335207085733
18.05,248.7791779283391,11.888786377170183,-2.0436104241350757,6.956120790314646,0.0,0.0,0.0,0.0,13.925056608038206,286.5329353434658,98371.82290805354,1.1960204879121532,339.33610289280836
18.1,249.08773477556906,10.268459517126573,-4.298855799601617,5.511110747235925,0.0,0.0,0.0,0.0,12.421504084004281,286.53092972395876,98368.203912793,1.1959848590146513,339.3349152801216
18.15,248.94708967456953,8.491792553930075,-3.702460781012402,4.027615094609845,0.0,0.0,0.0,0.0,10.10150681652229,286.5318439171153,98369.85349481589,1.1960010991300756,339.33545661332107
18.2,248.39828755751682,8.210136763819797,-0.8256879460441349,5.624357560931304,0.0,0.0,0.0,0.0,9.986065503393872,286.5354111308761,98376.29043595532,1.196064470243575,339.33756890619287
18.25,248.34403775845902,8.786338021642408,0.7770510401751904,7.740313418144697,0.0,0.0,0.0,0.0,11.735245884117946,286.53576375457,98376.92675443555,1.196070734699617,339.33777770836105
18.3,248.14838565773044,9.069294340076823,0.425596043623652,6.6921823218759044,0.0,0.0,0.0,0.0,11.279119471329576,286.5370354932247,98379.22166706971,1.1960933276919858,339.33853075308474
18.35,247.8600337378064,9.997678934151242,0.0015679847214907228,3.793006955270395,0.0,0.0,0.0,0.0,10.69301118916824,286.5389097807042,98382.60398661926,1.1961266258224361,339.3396405867897
18.4,247.92301684306406,10.22778186819938,-0.6287005906522396,3.445938889634941,0.0,0.0,0.0,0.0,10.810979659922266,286.5385003905201,98381.86519734471,1.1961193526365659,339.33939817229935
18.45,247.23239225715753,9.798595741565128,-1.483963241988167,5.5242145680145045,0.0,0.0,0.0,0.0,11.345993654310494,286.54298945032843,98389.9664412193,1.1961991066815298,339.3420562948299
18.5,247.1227095664469,9.59381709113084,-0.7974805438933075,5.410089323752634,0.0,0.0,0.0,0.0,11.042932947679471,286.5437023878181,98391.25310342626,1.1962117733270026,339.3424784470586
18.55,246.732577590672,9.314669495275123,0.2667302039330884,3.2552366047044408,0.0,0.0,0.0,0.0,9.870703022607193,286.5462382456606,98395.82976157188,1.1962568283361839,339.34398000227384
18.6,246.10199597256695,9.142435899544736,-0.16728910323482948,3.378888842440804,0.0,0.0,0.0,0.0,9.748282393884393,286.5503370261783,98403.22751124193,1.196329654798215,339.3464069954333
18.65,246.0377295785442,9.915099630596712,-0.5483841418319719,4.981504666830763,0.0,0.0,0.0,0.0,11.109694622145495,286.5507547577394,98403.98148602925,1.1963370771747408,339.3466543440391
18.7,245.80337550737605,11.405789400112226,0.5458058160440549,4.723450811313875,0.0,0.0,0.0,0.0,12.357221507905475,286.552278059202,98406.7309729213,1.196364143939027,339.34755632485627
18.75,245.53947645284512,11.418274339858462,0.3792206951642697,3.5783737194861036,0.0,0.0,0.0,0.0,11.971865172654589,286.5539934030565,98409.82716168642,1.1963946235671188,339.3485720153929
18.8,245.31994676393643,11.481360011284785,0.77381745551015,4.246927580681464,0.0,0.0,0.0,0.0,12.266083932483687,286.5554203460344,98412.40284813057,1.1964199791059493,339.34941693549564
18.85,245.0028117303123,12.394253086456027,0.902080198910584,5.484278739293724,0.0,0.0,0.0,0.0,13.583393226534394,286.55748172375297,98416.1238098425,1.1964566087256505,339.35063751277175
18.9,244.58720606102426,12.574712730966905,-0.8481020924365981,6.175598337398338,0.0,0.0,0.0,0.0,14.034981020664532,286.56018316060334,98421.00030507438,1.1965046131651513,339.35223707344505
18.95,244.40061643272162,12.527065369207827,-1.9179886050796617,5.504234693088283,0.0,0.0,0.0,0.0,13.816752390131994,286.56139599318726,98423.18971188104,1.1965261656375283,339.3529552070855
19.0,243.6077582708739,11.85432907673063,-0.9444595576208106,3.631616023196527,0.0,0.0,0.0,0.0,12.434056323474667,286.5665495712393,98432.49339687229,1.1966177498902888,339.3560066894263
19.05,243.25399878553316,11.136270289011375,-0.0989369070514392,3.2521844859384785,0.0,0.0,0.0,0.0,11.60185366189702,286.568849007894,98436.64476861797,1.196658614916947,339.3573681987801
19.1,243.1974456599936,10.468679179146763,-1.0641172983063034,3.676016401638034,0.0,0.0,0.0,0.0,11.146240889446428,286.56921660321,98437.30843335863,1.1966651478301087,339.35758585352414
19.15,242.87395834667046,10.412545683590224,-1.1260744112518992,4.104494536721787,0.0,0.0,0.0,0.0,11.248823342666055,286.57131927074664,98441.10470562438,1.196702517014636,339.35883084919857
19.2,242.4344283688654,10.678106860999813,-0.6939159484055631,3.245241600075942,0.0,0.0,0.0,0.0,11.181908536616026,286.57417621560234,98446.26298184607,1.1967532928532627,339.36052244738795
19.25,242.74284834736764,11.120783966776358,1.2761374380078117,2.322436567220761,0.0,0.0,0.0,0.0,11.432150908956695,286.5721714857421,98442.64337547263,1.1967176630676641,339.35933544692
19.3,242.02642808824893,9.961011658825763,0.9418366768459907,0.586549731206401,0.0,0.0,0.0,0.0,10.022616932732358,286.57682821742634,98451.05142483226,1.1968004277605326,339.3620926911801
19.35,241.84089094855366,9.59786500386581,0.22420008909262557,1.5821879504847596,0.0,0.0,0.0,0.0,9.729984430770704,286.57803420883437,98453.22902006719,1.1968218627152512,339.3628067533392
19.4,241.63659231096992,10.308736238689088,0.6423743229554526,3.3484352362477474,0.0,0.0,0.0,0.0,10.857932866848994,286.5793621499787,98455.62685864115,1.1968454655102985,339.3635930196578
19.45,241.59324922963796,9.657241759423012,0.19645886476275914,2.4444755719933267,0.0,0.0,0.0,0.0,9.963753073393562,286.5796438800073,98456.13557938329,1.1968504730190699,339.36375983015415
19.5,241.2088698180135,8.768275083248241,0.83654239731745,1.144047431070776,0.0,0.0,0.0,0.0,8.882077214399862,286.5821423461829,98460.64716024902,1.196894881806254,339.36523915195045
19.55,240.60023220225477,9.0727238830048,2.6544807266336323,1.0257259311028177,0.0,0.0,0.0,0.0,9.50855931627141,286.58609849068534,98467.79127189181,1.1969652025586077,339.36758154021095
19.6,240.44480738993397,9.160208694510077,3.0875022835393318,0.11990821913144156,0.0,0.0,0.0,0.0,9.667288743947491,286.5871087519654,98469.615696032,1.1969831605319607,339.3681797018576
19.65,240.2327560281778,11.061855335934926,4.048453458816278,0.7581455091155422,0.0,0.0,0.0,0.0,11.803787675756691,286.58848708581684,98472.10486413287,1.1970076615386962,339.36899579245187
19.7,240.09522854434462,10.693469836764386,1.200265138822749,-1.7470687071832778,0.0,0.0,0.0,0.0,10.901522032307323,286.58938101446176,98473.71925980898,1.1970235520534884,339.369525073012
19.75,239.30184763394695,11.05480215235836,-1.415543530779712,-1.9682986647107996,0.0,0.0,0.0,0.0,11.317535674731564,286.5945379903793,98483.03294913901,1.1971152258345017,339.3725784181653
19.8,239.39334236813545,10.008025019307444,-3.7425601858818958,-0.6305904764113563,0.0,0.0,0.0,0.0,10.70350250530044,286.5939432746071,98481.9588340634,1.1971046535034962,339.37222629992334
19.85,238.93006175538682,9.256180513756268,-2.585321194976501,1.8077416251817702,0.0,0.0,0.0,0.0,9.778992441343373,286.59695459858995,98487.39767842772,1.1971581868927792,339.3740092354383
19.9,238.95859337045488,7.888259680111555,-1.885472629323894,1.8524530410015028,0.0,0.0,0.0,0.0,8.31932870404331,286.59676914309205,98487.06271455159,1.197154889930783,339.3738994317836
19.95,239.25359647671058,6.91522642259881,-1.9715070033606605,1.8434979052728808,0.0,0.0,0.0,0.0,7.423320070349543,286.59485162290133,98483.59940408762,1.1971208013448562,339.3727641129962
20.0,238.78137117525662,7.907485392445581,-1.1473965637177885,3.166319504742789,0.0,0.0,0.0,0.0,8.594790475182409,286.5979210873608,98489.14333491976,1.1971753688994267,339.374581469175
20.05,238.42090122964552,9.726474246462686,0.511432089280412,3.9013410298397098,0.0,0.0,0.0,0.0,10.492203099452393,286.6002641420073,98493.37542657704,1.1972170239486704,339.3759687290019
20.1,238.0234924258666,9.138021643851218,-0.21951226684303507,1.500218953804849,0.0,0.0,0.0,0.0,9.262952127056645,286.6028472992318,98498.0413689709,1.197262948849537,339.37749814055485
20.15,238.142367681878,9.733949595682233,0.1039184204146345,2.2867881562858834,0.0,0.0,0.0,0.0,9.999498679489546,286.60207461006775,98496.64564610974,1.197249211382125,339.3770406547089
20.2,237.85060422344162,8.83977980860864,-0.7674283663920558,3.050091156412906,0.0,0.0,0.0,0.0,9.382628065987502,286.6039710725476,98500.0712902719,1.1972829283785944,339.37816349159044
20.25,237.4919271507038,8.497470328386083,-2.1032463070203935,3.4343767012341497,0.0,0.0,0.0,0.0,9.403488200438003,286.60630247352043,98504.2827107064,1.1973243790938075,339.37954383703453
20.3,237.27169655143285,9.3553740463517,-1.2188996003751096,2.6031107232326987,0.0,0.0,0.0,0.0,9.78697732808014,286.60773397241564,98506.8686288743,1.197349830709377,339.3803913774257
20.35,236.89799857568735,11.701898079104868,3.204641202514416,1.791249010096358,0.0,0.0,0.0,0.0,12.264286237151449,286.61016300925803,98511.25666617326,1.197393019193706,339.3818295202772
20.4,236.53969401333316,11.972265520459324,6.216401625447561,1.2678042562946956,0.0,0.0,0.0,0.0,13.54939550288223,286.6124919889133,98515.46409952585,1.1974344297717694,339.3832084172471
20.45,236.25322567400065,12.56489742173926,7.528121344393788,2.9442854586726543,0.0,0.0,0.0,0.0,14.94048443180135,286.61435403311896,98518.8280922771,1.197467538761089,339.3843108561289
20.5,236.12630694417234,10.146547121522136,4.732927300566963,0.8378310359745518,0.0,0.0,0.0,0.0,11.227420904489303,286.61517900486285,98520.31852645856,1.1974822077992624,339.38479928642096
20.55,236.15114787188637,9.438289207836512,1.6382275252809795,-0.28018354837245907,0.0,0.0,0.0,0.0,9.583506425945046,286.6150175388327,98520.02681261774,1.1974793367187633,339.3847036893836
20.6,235.95737690453745,9.31885426372111,-1.942857150316095,0.14499356244188677,0.0,0.0,0.0,0.0,9.520334123766723,286.61627705012046,98522.3023368894,1.1975017326422086,339.38544939070664
20.65,235.75509368334812,10.881012831307089,-1.7576885764995651,3.09403753526322,0.0,0.0,0.0,0.0,11.448099302357763,286.6175918910582,98524.67786911571,1.197525112748331,339.3862278485377
20.7,235.33781089380906,10.189177248531458,-1.3202018729091591,2.5805284532473003,0.0,0.0,0.0,0.0,10.593459920405742,286.6203042291902,98529.57841572052,1.1975733438324976,339.3878336955888
20.75,234.993046046459,10.100216169696667,0.380977912836287,2.2721144825986572,0.0,0.0,0.0,0.0,10.359633925323118,286.62254520069797,98533.62746441943,1.1976131941465278,339.38916046303615
20.8,234.97730059394146,9.128754571960776,1.3164283167632238,0.6874918078466746,0.0,0.0,0.0,0.0,9.248772271719481,286.6226475461394,98533.81238818326,1.1976150141394406,339.389221056543
20.85,234.68389588779587,9.835424430368128,3.758683100959461,0.7012822595260357,0.0,0.0,0.0,0.0,10.552491136525365,286.6245546767293,98537.25835532743,1.1976489287303285,339.39035016914846
20.9,234.4308172077886,9.656268514817835,3.8906879818243927,0.10237652562531441,0.0,0.0,0.0,0.0,10.411121724155093,286.62619968814937,98540.23078145835,1.1976781826341816,339.39132409163994
20.95,233.72085784160433,10.361643744292575,1.97033816006327,0.3351355946602422,0.0,0.0,0.0,0.0,10.552639926361898,286.63081442402955,98548.56968952958,1.1977602512678172,339.39405621281105
21.0,233.8220026676687,12.233261368103529,0.37640876595696776,3.5209707481619548,0.0,0.0,0.0,0.0,12.735446685092581,286.63015698266014,98547.38164662669,1.1977485590433852,339.3936669807226
21.05,233.83917635846257,11.488663387660361,-1.674298317477659,4.71693854058,0.0,0.0,0.0,0.0,12.531646758765792,286.63004535366997,98547.17992632363,1.197746573793346,339.393600891766
21.1,233.4589045028648,9.258357331562637,-4.071004276133389,5.031681160255038,0.0,0.0,0.0,0.0,11.296374267598496,286.63251712073134,98551.64663641971,1.197790533175483,339.39506427658654
21.15,233.6738457820182,9.09613953075758,-1.8431077957800301,7.538688350673771,0.0,0.0,0.0,0.0,11.956948722749473,286.6311200024169,98549.12189516616,1.1977656858370347,339.39423712752
21.2,233.36488689195346,7.477448753110576,-0.08208347623268697,7.590146033966808,0.0,0.0,0.0,0.0,10.655012640509039,286.63312823520226,98552.75100167142,1.1978014017906384,339.39542607978785
21.25,233.1647357955354,6.017847434648198,0.07573840521406391,6.997827709858192,0.0,0.0,0.0,0.0,9.229832973005818,286.634429217329,98555.10208304449,1.1978245398904408,339.3961963098114
21.3,232.60620500639615,4.375473267937268,-1.4753672757668488,5.205251725424889,0.0,0.0,0.0,0.0,6.958169331216086,286.6380596674584,98561.66312335123,1.1978891096247133,339.3983456626763
21.35,231.86288538440988,5.820034491036783,-0.9445023013200445,6.102131742308984,0.0,0.0,0.0,0.0,8.485334281838961,286.6428912450013,98570.39541972661,1.1979750462608965,339.4012061036741
21.4,231.5793148686369,6.914877448487323,-0.32961299911697833,5.967929663549562,0.0,0.0,0.0,0.0,9.140041538519409,286.64473445335386,98573.72688632393,1.198007831646013,339.40229733278073
21.45,231.10309475841822,8.50910471581796,1.1094169823577935,4.743207146023541,0.0,0.0,0.0,0.0,9.804778586770233,286.64782988407023,98579.321859952,1.1980628920164416,339.4041299034402
21.5,230.98230333605704,10.654877347587984,3.396198505169955,2.9248779123028994,0.0,0.0,0.0,0.0,11.559216512399946,286.6486150283156,98580.74104464732,1.1980768581780898,339.404594726455
21.55,231.00998388643882,11.592795372871999,2.572022959957044,0.3312665191484302,0.0,0.0,0.0,0.0,11.879307394395404,286.6484351047381,98580.41582296192,1.198073657682869,339.4044882077152
21.6,230.03867825712535,13.28994533395795,2.0098669956200164,0.5517612736832885,0.0,0.0,0.0,0.0,13.452384651905028,286.65474859132866,98591.82831415925,1.1981859664076402,339.408225911508
21.65,230.10381509665385,12.107774427771343,-0.8924671616064779,0.29895555222265685,0.0,0.0,0.0,0.0,12.14430210636018,286.6543252018717,98591.0629462978,1.1981784346072724,339.4079752582078
21.7,229.91023798107145,10.946935695854194,-2.572765631084748,1.832153362718845,0.0,0.0,0.0,0.0,11.39347664526415,286.65558345312303,98593.33752121229,1.198200818117337,339.40872016244157
21.75,229.83101147244287,9.157171632854125,-3.6741157457764566,2.9554707632552355,0.0,0.0,0.0,0.0,10.299889623649722,286.6560984254291,98594.2684628718,1.1982099792478067,339.4090250335533
21.8,229.94081461639524,9.41147860773133,-2.1905073104149677,5.123816347221644,0.0,0.0,0.0,0.0,10.937446951680343,286.6553847049934,98592.97823600195,1.1981972824899947,339.4086025005785
21.85,229.43243504180924,9.75079657165955,0.9329196377472473,4.158899970558415,0.0,0.0,0.0,0.0,10.641655030938226,286.6586891722282,98598.95199575632,1.1982560683049954,339.4105587892683
21.9,228.90127384629653,9.82220227179833,3.274844225762578,1.7413697897432558,0.0,0.0,0.0,0.0,10.499172868172105,286.66214171999906,98605.19376606643,1.1983174908002576,339.41260273156627
21.95,228.31963320490857,10.959793317899429,4.445823690925316,0.559719129142171,0.0,0.0,0.0,0.0,11.84042665470267,286.6659223841681,98612.02909638929,1.1983847534079304,339.4148409078861
22.0,229.14860717295878,12.230530630577992,3.185666136112534,0.6053173366505207,0.0,0.0,0.0,0.0,12.65309279640082,286.6605340533757,98602.28726805675,1.1982888893335428,339.41165097861636
22.05,228.27484149717787,12.771334495105327,-1.2450477801464213,1.138593489396529,0.0,0.0,0.0,0.0,12.882294977790679,286.6662135302683,98612.5554959399,1.1983899333704662,339.4150132675467
22.1,227.89456858777484,13.016107852257509,-3.3771831860332524,3.368589339845438,0.0,0.0,0.0,0.0,13.86260523978612,286.66868530417946,98617.02461766684,1.1984339109375566,339.41647656410345
22.15,227.8481435587011,10.649699790611509,-3.370740871095027,3.1892018870621093,0.0,0.0,0.0,0.0,11.616755499134076,286.6689870668684,98617.57023470291,1.1984392799552739,339.4166552079647
22.2,227.74814658872566,9.403762187686626,-2.4687560444231975,3.552128104486477,0.0,0.0,0.0,0.0,10.350995785919514,286.66963704717324,98618.74547221887,1.1984508445878896,339.41703999673837
22.25,227.1693964950059,9.43348987290724,-1.0672806459750968,3.8099866098951196,0.0,0.0,0.0,0.0,10.22965381267111,286.67339892278244,98625.54758930497,1.1985177786150307,339.41926702103785
22.3,226.53193106306804,8.630440021874598,-0.35485223683559164,2.3597246351760637,0.0,0.0,0.0,0.0,8.95425683320614,286.67754244809004,98633.04023424893,1.1985915065410262,339.42171996443295
22.35,226.36222833781633,9.372499704708458,1.2335768703834367,1.7389453630407024,0.0,0.0,0.0,0.0,9.6119401571975,286.6786455158042,98635.03496482203,1.1986111345900554,339.4223729712528
22.4,225.95496772201906,10.615917792544696,3.1206433886216076,0.3993616385701218,0.0,0.0,0.0,0.0,11.072290434023857,286.6812927098068,98639.82214673182,1.1986582399124002,339.42394008273794
22.45,225.59495030948887,11.321646079852513,2.914375210157661,0.2339595136948296,0.0,0.0,0.0,0.0,11.693074440756359,286.6836328229883,98644.05416078109,1.198699882084288,339.4253253995263
22.5,225.90627999506054,11.262119703284117,0.3467236001990972,2.44606588361293,0.0,0.0,0.0,0.0,11.529908749552638,286.68160918003207,98640.39446363188,1.1986638714161153,339.4241274293557
22.55,225.53482948660036,9.026308870063284,-3.2292397373577235,3.460681877222981,0.0,0.0,0.0,0.0,10.192083209749265,286.6840236083371,98644.760896944,1.19870683619367,339.42555673885613
22.6,225.27465069674957,7.643672179165026,-2.4691553061100744,4.27089183064289,0.0,0.0,0.0,0.0,9.097415530648533,286.6857147704711,98647.81941464802,1.1987369311435894,339.4265578808017
22.65,225.19494351409895,6.8504798357377386,-0.7598128561881016,3.8723761317526466,0.0,0.0,0.0,0.0,7.905800810926473,286.6862328671583,98648.7564234917,1.1987461510103021,339.42686458547286
22.7,225.09916385856062,8.235527768217336,1.154309930432606,3.2836618349681084,0.0,0.0,0.0,0.0,8.940849181313835,286.6868554349193,98649.88238405342,1.1987572300793217,339.4272331349254
22.75,224.6190581114808,10.826192015478682,3.574933073366775,1.841677005913277,0.0,0.0,0.0,0.0,11.54895468123309,286.68997612227537,98655.5265383754,1.198812766275861,339.42908052236595
22.8,224.60634092282191,12.810531323234754,4.680075020805912,-0.28133166902059425,0.0,0.0,0.0,0.0,13.641552788885294,286.6900587840016,98655.67604602533,1.19881423736247,339.42912945639586
22.85,224.1639093672438,11.678713478215705,1.7137811726790004,-2.3970884555680194,0.0,0.0,0.0,0.0,12.044726127143932,286.6929345891129,98660.8775379984,1.1988654173904612,339.43083186906694
22.9,223.805824014025,11.25919494277349,0.1352472419568147,0.0215658293499466,0.0,0.0,0.0,0.0,11.260027871227878,286.6952621439088,98665.08756778548,1.1989068415603201,339.43220972349195
22.95,223.4034790153252,10.692902124348024,-0.31830900840120946,1.8620103734999547,0.0,0.0,0.0,0.0,10.858478673218329,286.69787738640036,98669.81813428145,1.1989533870981774,339.43375787518943
23.0,223.5126795257718,9.989843340100762,0.17001111829002113,1.2748418110507473,0.0,0.0,0.0,0.0,10.072293452004907,286.69716758308243,98668.53419243133,1.1989407540307742,339.43333769182624
23.05,222.75872390338148,10.598278233099917,3.220197542268226,1.117377553285372,0.0,0.0,0.0,0.0,11.132910954194138,286.702068294628,98677.39921774375,1.1990279788873706,339.436238762985
23.1,222.50103126949747,9.453538269774306,1.734009671681436,0.050752181967964605,0.0,0.0,0.0,0.0,9.6113865359555,286.70374329674826,98680.42932078015,1.1990577923692929,339.4372303072605
23.15,222.48155498713976,10.62066043951558,-0.8489182908100753,2.873724895634301,0.0,0.0,0.0,0.0,11.035279117981183,286.70386989258355,98680.65833753768,1.1990600456806246,339.4373052475708
23.2,222.24142241925045,10.43551705904376,-3.4210482601112915,3.182241232251053,0.0,0.0,0.0,0.0,11.433732843994672,286.70543075427486,98683.48203201154,1.1990878281193402,339.43822922178407
23.25,222.195933861015,11.08178856283034,-2.1005205639222777,3.036699964418147,0.0,0.0,0.0,0.0,11.680743600671786,286.7057264299034,98684.01693471786,1.1990930910306359,339.4384042508821
23.3,222.1021480040853,11.264561200738616,-0.4721200221449136,1.3392761060286726,0.0,0.0,0.0,0.0,11.353717314107977,286.7063360379734,98685.11977568947,1.1991039418731815,339.4387651161552
23.35,221.44633576818094,11.188539776805197,-0.6355631152864003,0.81667673894483,0.0,0.0,0.0,0.0,11.236294927893189,286.7105988175068,98692.8318421248,1.199179820181732,339.44128851215413
23.4,221.4052842495955,10.653962860788289,-1.3987139952360907,4.164877333680649,0.0,0.0,0.0,0.0,11.524301657112778,286.7108656523776,98693.31460634425,1.1991845700167272,339.4414464671646
23.45,221.08865563466168,9.833790424723746,-1.328426204134319,6.830405882713013,0.0,0.0,0.0,0.0,12.046683976091499,286.7129237383747,98697.03821046633,1.19922120577544,339.44266476496534
23.5,221.06834058068995,8.29015624958077,-2.3056783991875553,5.43952631634887,0.0,0.0,0.0,0.0,10.179945484588563,286.7130557862255,98697.27712269586,1.1992235563736986,339.44274293142644
23.55,220.44102952173495,7.28638903284086,-0.18848105751569422,3.932546403452738,0.0,0.0,0.0,0.0,8.282023391795924,286.7171333081087,98704.65475341679,1.1992961425223878,339.4451566343666
23.6,220.51162514363705,6.404853377221569,0.30856644652967574,3.294671873081921,0.0,0.0,0.0,0.0,7.209176290458405,286.71667443656634,98703.82447566293,1.1992879737367077,339.4448850046542
23.65,220.38326848701135,8.749306160806466,3.30515776204383,5.780543056796175,0.0,0.0,0.0,0.0,10.99495812447683,286.7175087548344,98705.3340873165,1.1993028262194183,339.4453788804692
23.7,220.11083901091885,9.377962757357727,3.0654729020381097,4.4637007045462544,0.0,0.0,0.0,0.0,10.829031977572383,286.719279546429,98708.53821146868,1.1993343502092226,339.44642710054177
23.75,219.64778353814728,9.427414967979487,1.1489927168777927,1.8143061506876192,0.0,0.0,0.0,0.0,9.668921555703346,286.722289407002,98713.98453794162,1.199387933809828,339.448208780061
23.8,219.1497250198161,10.529329429274847,0.752880522074105,0.3724323504853999,0.0,0.0,0.0,0.0,10.562779613643373,286.72552678737117,98719.8428318729,1.1994455699181348,339.4501251289221
23.85,218.6311543194045,11.035250050214398,1.8622460623855042,0.4467985762218247,0.0,0.0,0.0,0.0,11.200193437407275,286.7288974969238,98725.94269457518,1.1995055819797027,339.4521203897374
23.9,218.63038033167217,10.312683462414043,2.270863723217269,1.7056687330716431,0.0,0.0,0.0,0.0,10.696614794987735,286.7289025278441,98725.951799095,1.199505671551848,339.4521233677361
23.95,218.09858550947123,9.38161983360255,1.7356765839076371,1.784011554750844,0.0,0.0,0.0,0.0,9.706186745249369,286.7323591941884,98732.20753242269,1.199567216376014,339.454169497693
24.0,218.48640583211142,10.033700936158688,2.4984836807819355,0.545730714062362,0.0,0.0,0.0,0.0,10.354486814501064,286.72983836209124,98727.6454019428,1.199522333538894,339.45267732420905
24.05,218.2407632147324,11.654862028047228,3.861835800835197,-0.2763990888763599,0.0,0.0,0.0,0.0,12.281122957684335,286.7314350391042,98730.53500292647,1.1995507618576084,339.4536224569784
24.1,218.15723146749585,11.724419486862413,3.368704529572047,-0.11361360869755283,0.0,0.0,0.0,0.0,12.199306970625816,286.73197799546125,98731.51763881596,1.1995604291376858,339.45394385252916
24.15,217.49344514898604,10.801119123432667,2.532368676109302,0.7510408841149658,0.0,0.0,0.0,0.0,11.119403214198801,286.73629260653155,98739.32645158049,1.199637252446737,339.4564978164166
24.2,217.45779614364847,9.24197455250053,1.3558433665524885,0.5063431183939724,0.0,0.0,0.0,0.0,9.354613205110978,286.7365243250663,98739.74584226805,1.1996413783908406,339.45663497789286
24.25,216.74602162846034,9.921077071634608,2.1925127531900355,2.2784956423358524,0.0,0.0,0.0,0.0,10.412801007719217,286.741150859415,98748.11977481854,1.19972376001246,339.45937355723896
24.3,216.80642024981236,10.267809219569939,2.093005124993575,1.7090100874587766,0.0,0.0,0.0,0.0,10.617405149177017,286.74075826837617,98747.4091707399,1.1997167692367663,339.45914117211856
24.35,216.79007641697447,10.988949016719465,0.6557192064459944,0.2045070396446581,0.0,0.0,0.0,0.0,11.01039469315365,286.74086450328963,98747.60145939379,1.1997186609336472,339.45920405541665
24.4,216.42232531039133,11.40906557670463,-2.4694416040576117,0.6459302948757106,0.0,0.0,0.0,0.0,11.6911139381684,286.74325488548243,98751.92820919192,1.1997612264376363,339.4606189837472
24.45,216.020970495019,10.976145577368314,-3.3438932818735467,4.82671020789228,0.0,0.0,0.0,0.0,12.448073162024418,286.74586369178235,98756.65049625651,1.1998076827353334,339.4621631961603
24.5,215.6914421956419,10.310285515581459,-2.637896949784638,7.001139107601679,0.0,0.0,0.0,0.0,12.738776885340348,286.7480056257283,98760.52781883802,1.1998458262360383,339.46343105084446
24.55,215.7342389569711,9.74108722866991,-1.552626303999666,6.978678723137881,0.0,0.0,0.0,0.0,12.08310330822364,286.74772744677966,98760.0242531518,1.1998408723805667,339.46326639128034
24.6,215.6645015169826,9.222744309886613,-0.5414892600236423,5.616023646366981,0.0,0.0,0.0,0.0,10.811657820187426,286.7481807401396,98760.84481588528,1.199848944709673,339.46353470445086
24.65,215.27224783832867,8.88913409885956,-0.6748342873650528,4.9760192288446286,0.0,0.0,0.0,0.0,10.209450215792366,286.75073038905083,98765.46035559686,1.1998943500869155,339.4650438873609
24.7,215.0553172837153,8.862803958862706,-0.9868757582253413,4.578468734117998,0.0,0.0,0.0,0.0,10.024250282425184,286.75214043765584,98768.01299197985,1.1999194614769009,339.4658785175334
24.75,214.9306673298858,8.853415291046673,-0.8441709434919916,3.8891383465302343,0.0,0.0,0.0,0.0,9.70674940317443,286.7529506623557,98769.4797805125,1.199933890855295,339.46635810147797
24.8,214.72600360301266,8.13958678342322,-0.5320879398260738,4.704159725958837,0.0,0.0,0.0,0.0,9.416215232667499,286.7542809765804,98771.88815024732,1.1999575828516118,339.46714553261023
24.85,214.3130562675659,9.168097193154784,0.05074113174696726,7.809249918493372,0.0,0.0,0.0,0.0,12.043295441658497,286.7569651342608,98776.74763125215,1.200005386973423,339.4687343165868
24.9,213.71334970055287,8.990135141276095,-1.247326952649506,6.008747372639592,0.0,0.0,0.0,0.0,10.88500800980029,286.76086322694636,98783.80520197123,1.2000748135434396,339.47104162949296
24.95,213.44840490624716,8.46601020166306,-1.663334668056442,2.7415809187377453,0.0,0.0,0.0,0.0,9.052970611164511,286.7625853681094,98786.92330124142,1.2001054865362504,339.4720609739219
25.0,213.3506929181591,8.663557346569652,-1.5122013291201593,2.494462658499324,0.0,0.0,0.0,0.0,9.141461738241937,286.7632204960319,98788.07328046286,1.2001167989276647,339.4724369087133
25.05,212.8058534389062,11.284986465974146,0.7858171557052127,5.382752553477388,0.0,0.0,0.0,0.0,12.527667508015513,286.7667619526471,98794.48573313672,1.2001798780207158,339.47453310360453
25.1,212.99871303745763,11.581895734543936,2.189193968448861,4.2833601909031485,0.0,0.0,0.0,0.0,12.541134460739736,286.7655083652565,98792.21584614899,1.2001575493036656,339.47379110432905
25.15,212.65904504306172,10.043543511756214,1.72413097716576,0.19742541256975532,0.0,0.0,0.0,0.0,10.19236825730366,286.7677162072201,98796.21364260845,1.2001968752780103,339.47509792648344
25.2,212.0516649615155,11.587529112902361,1.1503484691839945,1.4461259679587233,0.0,0.0,0.0,0.0,11.733942766952559,286.77166417775015,98803.36266135598,1.2002671987957758,339.47743471858695
25.25,211.93606521798287,11.837462123567972,-2.1103232495734523,2.95936553414314,0.0,0.0,0.0,0.0,12.382924457060657,286.77241557608306,98804.72334732147,1.200280583491358,339.47787946722025
25.3,212.17900601291177,13.513158420497744,-0.5093292718033264,5.754872141216214,0.0,0.0,0.0,0.0,14.696374388478652,286.77083646091603,98801.86378994108,1.2002524547671394,339.4769447967687
25.35,211.93727761521333,10.974249741922948,-0.15729952323320756,2.5090664441542825,0.0,0.0,0.0,0.0,11.25852188163643,286.7724076955011,98804.70907651998,1.2002804431135699,339.47787480274917
25.4,211.1726529977004,9.329132104184364,0.5144668568253682,0.3990277072712164,0.0,0.0,0.0,0.0,9.351823622976712,286.7773777555149,98813.70959853448,1.2003689779054727,339.480816539917
25.45,210.6473363034433,10.19268690785879,1.9472044829773885,1.8449023168780512,0.0,0.0,0.0,0.0,10.539740806062795,286.7807923140276,98819.89357239277,1.2004298064701022,339.48283757391664
25.5,210.32248424525721,11.456939226437072,2.5923529010795408,2.7776538701850755,0.0,0.0,0.0,0.0,12.07050583134618,286.7829038524058,98823.7178540738,1.2004674235961548,339.4840873607573
25.55,210.0235881573814,12.980265648003346,2.544619713284729,2.8587586684425714,0.0,0.0,0.0,0.0,13.532733903478947,286.784846676977,98827.23667808271,1.2005020358767537,339.4852372844462
25.6,210.17825922063022,10.765120465116837,-0.2631956290059946,-1.4091220689083093,0.0,0.0,0.0,0.0,10.860143441625882,286.7838413150659,98825.41576419718,1.2004841248135174,339.4846422289019
25.65,209.75180039574556,10.651987390433945,0.42064031736583574,-2.1292171267833875,0.0,0.0,0.0,0.0,10.870848136900133,286.7866132974276,98830.43645105971,1.2005335096656082,339.4862829126344
25.7,209.46452476195762,11.34938897735715,2.765412231786237,0.6331991087075657,0.0,0.0,0.0,0.0,11.6985929103605,286.78848058904725,98833.81865484358,1.2005667776799636,339.4873881226229
25.75,209.19680148396776,9.442341085241402,1.7504377340047392,1.4984417871811158,0.0,0.0,0.0,0.0,9.719422062048544,286.79022079035417,98836.97074578183,1.2005977820646043,339.4884181073334
25.8,208.99578425477165,8.247530425020045,0.5832666929824855,0.8820179142066344,0.0,0.0,0.0,0.0,8.315041415877342,286.79152740234395,98839.33751387149,1.2006210617858613,339.4891914585499
25.85,208.73448812530197,8.43466269492749,-0.13526773107203258,0.20231821900704416,0.0,0.0,0.0,0.0,8.438173072295507,286.7932258271855,98842.41407170153,1.2006513228975424,339.4901967114383
25.9,208.22039019881345,9.274821756682805,0.10222766063796157,0.10033190673018888,0.0,0.0,0.0,0.0,9.275927748982543,286.7965674637077,98848.46739960124,1.200710863082434,339.49217452931106
25.95,208.31837322702336,10.622968254211235,1.8310108432598522,1.4393848048896583,0.0,0.0,0.0,0.0,10.875287759625586,286.79593057402434,98847.31365967925,1.2006995150164625,339.49179757364266
26.0,208.38256631426913,10.422887542101419,2.370370149906529,1.4390307342275517,0.0,0.0,0.0,0.0,10.785455429276611,286.7955133189572,98846.55779869434,1.200692080432704,339.4915506128088
26.05,208.01613711469028,7.986590864969389,-0.5456536841104258,-0.6779562321725097,0.0,0.0,0.0,0.0,8.033865585142516,286.7978951087545,98850.8724933884,1.2007345192539554,339.492960320763
26.1,207.76505156525684,8.378107364595644,-3.0912147154881393,1.1046452906445792,0.0,0.0,0.0,0.0,8.998251643963144,286.7995271648258,98853.8291075278,1.2007635999537118,339.4939262810581
26.15,207.33843704269418,9.875551110333456,-3.1662911316631206,3.9473429916676452,0.0,0.0,0.0,0.0,11.096550182697529,286.80230015922245,98858.85279669934,1.2008130116346551,339.4955675189099
26.2,206.9926194192862,10.68592827820236,-0.6671901210362913,3.829896834239551,0.0,0.0,0.0,0.0,11.371117604941539,286.8045479737746,98862.92519667043,1.2008530663354642,339.4968979154608
26.25,206.69057291538124,10.006828453870694,1.0554262991232133,1.5625615842275227,0.0,0.0,0.0,0.0,10.18293371689027,286.80651127605,98866.48225253959,1.2008880520352063,339.4980599156735
26.3,206.43660133571245,9.532402691827727,-0.11658724058034525,-0.1905129520442702,0.0,0.0,0.0,0.0,9.535019079620515,286.80816209131785,98869.47323343539,1.200917469875156,339.4990369642275
26.35,205.93804675891272,12.620736321924733,-0.04236472623327192,3.0542719179734217,0.0,0.0,0.0,0.0,12.985120601153463,286.81140269606703,98875.34484054496,1.2009752196673782,339.50095493454575
26.4,206.0626196261793,13.265217506709517,-2.294522669102569,4.9007765044449005,0.0,0.0,0.0,0.0,14.326494341808026,286.8105929724298,98873.87768697877,1.200960789639454,339.5004756960296
26.45,205.73093319387473,10.31060261721756,-2.802929925561969,4.545948118453653,0.0,0.0,0.0,0.0,11.611657366347698,286.8127489342398,98877.78415395958,1.2009992111766539,339.50175171006543
26.5,205.9485033393595,7.957830163218891,-0.7992311958321677,5.583654099982378,0.0,0.0,0.0,0.0,9.754128588412076,286.8113347282941,98875.22168777455,1.2009740084133835,339.5009147075447
26.55,205.178878526352,7.271308839998751,-0.298230128447868,7.781251232878691,0.0,0.0,0.0,0.0,10.654048254317894,286.8163372895787,98884.28630488877,1.201063161578207,339.5038754809185
26.6,205.36474001870977,6.9368138149002005,-1.3599474700279335,7.780688165275271,0.0,0.0,0.0,0.0,10.512276221117876,286.81512918987835,98882.09717238371,1.2010416309611274,339.5031604676699
26.65,204.6573705793746,7.269078884659792,-1.0655011727074275,5.3606275568251585,0.0,0.0,0.0,0.0,9.094565871081533,286.81972709123403,98890.42899173393,1.2011235758189687,339.50588172541904
26.7,204.3442752035867,8.978334521448657,0.9655355184922079,5.540455268375563,0.0,0.0,0.0,0.0,10.59430951961369,286.8217622111767,98894.11699738487,1.2011598475612626,339.5070861996927
26.75,204.39783671450783,8.228684726538596,0.41116521888880897,4.892071398185843,0.0,0.0,0.0,0.0,9.581892909594712,286.82141406135565,98893.4860790048,1.2011536424618787,339.5068801494853
26.8,203.60159331809976,10.116831286871216,1.7784354778816722,5.822334681718656,0.0,0.0,0.0,0.0,11.807315070834198,286.8265896434323,98902.8656237154,1.2012458897622533,339.5099432711893
26.85,203.7959723186751,9.654128360590889,1.2770549391007147,2.8989065099709306,0.0,0.0,0.0,0.0,10.160547360934778,286.8253261799286,98900.57582206452,1.2012233698439934,339.5091955042277
26.9,203.48493304369768,9.582888936225286,-0.1032631956395132,2.207202915340585,0.0,0.0,0.0,0.0,9.834336193210534,286.8273479352159,98904.23991257852,1.2012594056769514,339.5103920570403
26.95,203.03698600941183,10.412936215154124,-0.8436751642193345,3.240020100816718,0.0,0.0,0.0,0.0,10.937950386488557,286.8302595909388,98909.51699070333,1.201311304577835,339.5121152798683
27.0,203.27430374372676,10.941267176794797,-0.2998753797255806,2.9092455889196067,0.0,0.0,0.0,0.0,11.325412247420442,286.82871702566575,98906.72122055903,1.2012838088599596,339.51120233521647
27.05,202.79233621754412,10.629767803326885,0.7222409612828495,2.609355732835025,0.0,0.0,0.0,0.0,10.969153700230418,286.83184981458595,98912.39920463965,1.2013396502945355,339.5130564278606
27.1,202.05477461097948,9.698967058440624,1.0709079825260517,1.562895557460374,0.0,0.0,0.0,0.0,9.882279515945891,286.8366439650286,98921.08881363562,1.201425109063051,339.51589375200984
27.15,201.72544920896172,10.128749851356536,1.196289009945212,1.0521852110010088,0.0,0.0,0.0,0.0,10.253281165798585,286.83878458014175,98924.96897250137,1.2014632683853035,339.51716062552947
27.2,201.69182536437086,11.556037982981463,2.809045405706587,2.0900733420523094,0.0,0.0,0.0,0.0,12.074814968793074,286.8390031351316,98925.36514036849,1.2014671644719488,339.5172899719767
27.25,201.25424099555786,11.010514524085979,2.562320238522874,1.9691924186425154,0.0,0.0,0.0,0.0,11.47495681349134,286.84184743352887,98930.52102921208,1.2015178694485207,339.51897329620954
27.3,201.0717705605944,10.59385474454347,2.990070672840945,1.2690126836337405,0.0,0.0,0.0,0.0,11.080644122445817,286.8430334913561,98932.67107267072,1.201539013647051,339.51967523130565
27.35,200.93660508072847,10.029855922255294,2.6359167892738973,-0.4961460224230325,0.0,0.0,0.0,0.0,10.382303598756002,286.84391206697524,98934.2637477094,1.2015546764541822,339.5201951907358
27.4,200.5149743908144,10.38442703878373,2.2658819770012313,-1.1330223083092477,0.0,0.0,0.0,0.0,10.688979633652975,286.8466526664597,98939.23201849828,1.201603535495942,339.52181712972464
27.45,200.1871670495868,10.768416591889476,1.3816643617147382,-0.6013539905189154,0.0,0.0,0.0,0.0,10.873335225533433,286.84878341417766,98943.09486466534,1.2016415232320437,339.5230781414653
27.5,199.98086541295828,12.041566024108926,1.219975975340308,2.19408987318809,0.0,0.0,0.0,0.0,12.30047495282229,286.8501243748157,98945.52596339464,1.2016654308312877,339.5238717417484
27.55,199.4533688775746,9.838953423335619,-1.1603182362094342,1.0510764127980226,0.0,0.0,0.0,0.0,9.962735794017036,286.85355310229573,98951.74230541801,1.2017265622762907,339.5259009048052
27.6,199.81161067573447,9.908181033120574,-0.39270014097483075,0.9302024125240762,0.0,0.0,0.0,0.0,9.959495033086645,286.8512245306077,98947.52053035422,1.2016850454623422,339.5245228287867
27.65,199.47596309523925,9.322033759272905,-0.31439114771224086,-0.18842981362834643,0.0,0.0,0.0,0.0,9.329236892557052,286.85340623988094,98951.47603484597,1.2017239437891394,339.525813990072
27.7,198.85237113308844,9.835403140723775,1.4879045995978828,0.1546897675800879,0.0,0.0,0.0,0.0,9.948514661106834,286.8574595876349,98958.82521608009,1.201796214658024,339.52821279605445
27.75,198.9985130862752,10.176469320449547,2.484154399382093,1.3214326904939304,0.0,0.0,0.0,0.0,10.558301722603227,286.8565096649392,98957.10285836656,1.2017792773134153,339.5276506251724
27.8,199.05064865953773,8.743629722321726,1.42345725731462,0.5236998069558749,0.0,0.0,0.0,0.0,8.87420716302449,286.85617078371297,98956.48841982713,1.2017732350258115,339.5274500726719
27.85,198.12030825948852,8.391362180156102,0.5305088658949326,1.0734517943093924,0.0,0.0,0.0,0.0,8.476361108993254,286.8622179963133,98967.45331706859,1.201881060950166,339.53102884151605
27.9,198.25505730093298,9.518069775510202,0.3639086536941256,3.397239856940844,0.0,0.0,0.0,0.0,10.11273061073525,286.86134212754394,98965.86511765995,1.2018654431543978,339.53051050059713
27.95,197.69290452752395,9.417928009266582,0.2879943496344171,3.0926491507225546,0.0,0.0,0.0,0.0,9.916894045144089,286.86499612057105,98972.49098373181,1.2019305992811715,339.5326729358662
28.0,197.38825277899358,9.474920659547548,1.0914077448810544,2.0020016241065997,0.0,0.0,0.0,0.0,9.74542471487173,286.8669763569365,98976.08194004773,1.2019659109679368,339.53384483518295
28.05,196.90796679007948,10.592809812989323,2.4532689163143573,1.2007132152870468,0.0,0.0,0.0,0.0,10.939280613243362,286.87009821586446,98981.74332649735,1.2020215817446325,339.53569233588604
28.1,196.65050849134144,10.258925033326568,1.7542323111636233,-1.0400007056237923,0.0,0.0,0.0,0.0,10.459659426035007,286.8717716948063,98984.77823237838,1.2020514249918601,339.5366826883243
28.15,196.66074907629684,10.20924319956841,1.0365392291175894,-0.8651438406915565,0.0,0.0,0.0,0.0,10.29813255627058,286.87170513100403,98984.65751542289,1.2020502379448814,339.53664329641447
28.2,196.22343462330684,10.107046202708734,0.25009431824232586,1.2170589305803683,0.0,0.0,0.0,0.0,10.183131274426916,286.8745476749485,98989.81272448802,1.2021009304570744,339.5383254864339
28.25,196.13797926496787,10.083647785554762,0.10019715758017178,2.186999290160813,0.0,0.0,0.0,0.0,10.318573449303663,286.8751031347777,98990.82012623102,1.2021108364418853,339.5386542012163
28.3,196.37710987770777,11.075964980936883,0.7299543189749129,2.0359247465027672,0.0,0.0,0.0,0.0,11.285159420236502,286.87354878579487,98988.0011244058,1.202083116579305,339.5377343544416
28.35,195.79144152710862,12.392180125523009,1.76607740146842,1.161023210665928,0.0,0.0,0.0,0.0,12.571122962849815,286.8773556300738,98994.90541707,1.2021510077352389,339.5399871989421
28.4,195.6413699385232,12.58199134098627,1.1830550974878835,0.23025771937301193,0.0,0.0,0.0,0.0,12.639586389026993,286.8783310953996,98996.6746349616,1.2021684046290908,339.54056446514346
28.45,195.2831834405066,11.081569557564993,-0.9147398354106496,2.180745849313804,0.0,0.0,0.0,0.0,11.331089324726802,286.8806593076367,99000.8974561925,1.2022099278072447,339.541942263338
28.5,194.90729053595834,10.71806981589499,-2.501423174997443,6.739448887533535,0.0,0.0,0.0,0.0,12.905592190461102,286.8831026115162,99005.32918303955,1.2022535048006813,339.54338816488536
28.55,195.28652861762626,10.621892164881688,-1.7270516935222062,8.009299140742398,0.0,0.0,0.0,0.0,13.414774446123566,286.88063756398543,99000.85801772485,1.2022095400086983,339.5419293958241
28.6,194.96026309952617,9.157418881539025,-1.0851435308916302,6.510807823831475,0.0,0.0,0.0,0.0,11.288333604809372,286.88275828985303,99004.70463390768,1.2022473636564281,339.54318440213643
28.65,194.43965825862983,7.143043710218393,-0.81379398517336,5.570700233226581,0.0,0.0,0.0,0.0,9.094945584491727,286.8861422213189,99010.84272899725,1.2023077187602393,339.54518694053286
28.7,194.4693755625393,6.1232784611709725,0.3390273438285772,7.301315273547311,0.0,0.0,0.0,0.0,9.535128912428979,286.8859490588435,99010.4923443292,1.20230427349178,339.5450726314217
28.75,194.66390768243906,5.430208053610747,0.6072340415844255,7.953228478544868,0.0,0.0,0.0,0.0,9.64933862597303,286.88468460006413,99008.1987198631,1.2022817206439356,339.5443243528417
28.8,193.88786580846792,4.683871653277485,0.1218214511519699,5.279433096280437,0.0,0.0,0.0,0.0,7.058746910637779,286.8897288722449,99017.3488722105,1.2023716920569723,339.5473094310851
28.85,193.4554094026638,5.396080295145065,-0.38544910994920367,3.1626717537422757,0.0,0.0,0.0,0.0,6.266477973306276,286.89253983888267,99022.44817508828,1.2024218316816517,339.54897288175056
28.9,193.04402665236398,8.236110331176699,0.1729721533547922,2.800486245655057,0.0,0.0,0.0,0.0,8.700928454208487,286.89521382675963,99027.29918564219,1.2024695294805967,339.5505552646909
28.95,192.48638007221305,11.917953606323312,3.185564466073543,2.8459522259831447,0.0,0.0,0.0,0.0,12.660366629863596,286.89883852953056,99033.87524122049,1.2025341881594775,339.5527002393921
29.0,192.17432864064347,14.07930626412979,5.990680196787806,4.3468673133719715,0.0,0.0,0.0,0.0,15.90629968092553,286.9008668638358,99037.55526665949,1.202570371436228,339.5539005321095
29.05,191.6502401225824,13.327036940004657,3.3596383763077786,1.722662845266631,0.0,0.0,0.0,0.0,13.851521609493695,286.90427343920317,99043.73609658568,1.2026311429078367,339.5559164070221
29.1,191.6868438059622,12.341082111407065,0.28402673345263696,-0.8418987675448629,0.0,0.0,0.0,0.0,12.373026000158601,286.9040355152612,99043.30440145978,1.202626898396415,339.55577561354784
29.15,191.1239807501425,10.569686218344039,-1.710057485826653,-0.29542272023529215,0.0,0.0,0.0,0.0,10.711201517230217,286.90769412512407,99049.9428427375,1.2026921684681866,339.5579406199531
29.2,190.83993282021098,8.903005132417556,-1.6278825105626384,1.5898917938104087,0.0,0.0,0.0,0.0,9.18919244395691,286.9095404366686,99053.29305816625,1.2027251079331216,339.5590331816899
29.25,190.73195415836662,10.227606001326965,1.962529470640288,4.938702560621678,0.0,0.0,0.0,0.0,11.525893866585884,286.91024229797057,99054.56664117017,1.2027376298014307,339.5594485098087
29.3,190.48881613309078,10.029652004256004,2.7852950767053715,4.500000140683084,0.0,0.0,0.0,0.0,11.340272891643455,286.9118226951349,99057.4344457249,1.2027658259441516,339.56038371178386
29.35,190.42183422306454,11.086316243601829,2.8592556270159966,3.447215270972691,0.0,0.0,0.0,0.0,11.956799058201142,286.91225807755006,99058.22450683657,1.202773593766952,339.5606413494135
29.4,190.41232514779853,11.262313976419865,1.6223284697224463,-0.05425564753858003,0.0,0.0,0.0,0.0,11.378691025000373,286.9123198865393,99058.33666813925,1.2027746965276833,339.5606779248792
29.45,189.5207453516457,10.95298877164527,1.6091119379357335,-2.7980208853939854,0.0,0.0,0.0,0.0,11.418674403611638,286.91811515521425,99068.85347368722,1.202878095842103,339.5641072572688
29.5,189.6265666739898,11.190495265806957,1.889539033263902,-1.9725353830397137,0.0,0.0,0.0,0.0,11.519046743963644,286.91742731661907,99067.60519009882,1.2028658230547187,339.56370023270995
29.55,188.9897340589332,10.465745244170828,0.9787183257062135,-0.6179123274948826,0.0,0.0,0.0,0.0,10.529555010608359,286.92156672861694,99075.11755182907,1.2029396821237344,339.56614969874323
29.6,188.9473568372886,10.15460120283541,0.5753037285127851,0.7440641309200497,0.0,0.0,0.0,0.0,10.198065081160685,286.9218421805576,99075.61746881591,1.202944597105266,339.56631269473814
29.65,188.41427709688335,11.259084087794395,0.6586785684442775,1.8883417252445953,0.0,0.0,0.0,0.0,11.435325374638559,286.92530719887026,99081.90629569857,1.2030064259034918,339.56836307879155
29.7,188.2209831206409,9.637171808847972,-1.2051386566717963,0.2615442551685351,0.0,0.0,0.0,0.0,9.715752418236606,286.9265636097158,99084.18669547382,1.2030288455407576,339.56910654215363
29.75,188.25763482597677,9.106294433426859,-0.9050163621933489,-0.4107595867772459,0.0,0.0,0.0,0.0,9.160369881299996,286.92632537363113,99083.75429104321,1.2030245943855913,339.56896556944235
29.8,188.08415539851848,9.60359297795791,1.0471240696932607,0.9745002432865116,0.0,0.0,0.0,0.0,9.709537456942988,286.9274529899096,99085.80095618924,1.2030447160055582,339.56963281933054
29.85,187.7699359868432,8.596060743667454,1.0133525354548967,1.3265970372961822,0.0,0.0,0.0,0.0,8.756654804735456,286.9294954160855,99089.5081222041,1.2030811625018418,339.57084139080945
29.9,187.3356191653889,8.310649328550781,0.32264140576535505,0.6953056352746214,0.0,0.0,0.0,0.0,8.345923535792815,286.93231847542495,99094.63238442293,1.2031315405587475,339.5725118818056
29.95,187.3452505969351,10.613650089951015,-0.45990183126716505,1.169981589993444,0.0,0.0,0.0,0.0,10.687840513744751,286.9322558711199,99094.51874620133,1.2031304233549411,339.57247483700286
30.0,187.09548676517647,13.280959577856517,-0.7023700247574431,3.4914782948675884,0.0,0.0,0.0,0.0,13.750186603965345,286.93387933602634,99097.46566495053,1.2031593951202757,339.5734354874788
30.05,186.87412388041466,11.905870450452738,-3.376940822745254,4.304483367841148,0.0,0.0,0.0,0.0,13.102750000183478,286.93531819477727,99100.07754532648,1.2031850729173148,339.574286898957
30.1,186.83369646949382,10.066086253861993,-3.1626728336339553,5.595162445199306,0.0,0.0,0.0,0.0,11.942965909310981,286.9355809729483,99100.55455796527,1.2031897624879084,339.5744423916481
30.15,186.78463715634166,8.25995207832734,-1.8479351547693152,6.593968842144891,0.0,0.0,0.0,0.0,10.729496622100873,286.93589985848377,99101.13342296891,1.203195453376003,339.5746310844332
30.2,186.5446718234166,7.663475706039058,-0.7242194526519865,7.065968762792753,0.0,0.0,0.0,0.0,10.448984078340503,286.9374596331478,99103.96488268033,1.2032232896893251,339.57555404176713
30.25,186.27032422695342,6.701611145173862,-1.1303551194824086,5.607375575244903,0.0,0.0,0.0,0.0,8.810899810979109,286.93924289252476,99107.20211455827,1.2032551149967976,339.57660923747227
30.3,185.55912974587685,6.8658793422709845,-1.6103198068709463,3.7673459575593764,0.0,0.0,0.0,0.0,7.995393960710335,286.9438656566518,99115.59442728413,1.203337619111908,339.5793446183655
30.35,185.57017739365403,8.4483949537133,-0.43068479910231844,3.7795978178004868,0.0,0.0,0.0,0.0,9.265323866677752,286.9437938469412,99115.46405725642,1.203336337465379,339.57930212730906
30.4,185.0868517024514,8.491341447330734,-1.7266719273137785,2.8951413906866708,0.0,0.0,0.0,0.0,9.135979377811525,286.94693546393404,99121.16777080033,1.203392409445212,339.58116107182855
30.45,184.6471636096796,9.833628123438462,-1.6434836023526906,3.4534923795520025,0.0,0.0,0.0,0.0,10.551203250667943,286.94979343653705,99126.35674907757,1.203443420640179,339.5828521706318
30.5,184.4804556047504,11.61794706614727,-1.2294776891664216,4.479881715102974,0.0,0.0,0.0,0.0,12.51229993251728,286.9508770385691,99128.32421082159,1.203462761997949,339.5834933495587
30.55,184.13024812193365,11.908404868784801,-1.7007048024716338,3.158894428563651,0.0,0.0,0.0,0.0,12.43708636919669,286.9531533872074,99132.45740762571,1.2035033936241255,339.58484028548304
30.6,183.79134638205667,13.81831882508247,0.42693652270824534,2.994902463874618,0.0,0.0,0.0,0.0,14.14558767652207,286.95535624851664,99136.45730536,1.2035427145393254,339.5861437332086
30.65,183.28870634388474,12.750409190116995,-0.4565050289969749,2.097923508926299,0.0,0.0,0.0,0.0,12.929911616334627,286.9586234087647,99142.38996981365,1.203601034923493,339.5880769245002
30.7,183.73387660832395,12.17069644014883,-1.5942507817621532,4.164541942947618,0.0,0.0,0.0,0.0,12.961901750436567,286.9557298020459,99137.13560701098,1.2035493825402932,339.58636476682653
30.75,182.7288996805719,13.193043765241775,-0.733965833240556,6.43658724384874,0.0,0.0,0.0,0.0,14.69778095440348,286.9622621520763,99148.9977107909,1.203665990789147,339.59022996996674
30.8,182.8582673501904,13.614666877567469,0.23457928886899104,5.254121737461264,0.0,0.0,0.0,0.0,14.595203899293836,286.9614212622237,99147.47067325562,1.2036509796738826,339.5897324164113
30.85,182.90563384230384,12.889191689946637,1.606594307284594,2.587556080873976,0.0,0.0,0.0,0.0,13.244163022254618,286.961113380025,99146.91157069609,1.2036454835615926,339.5895502426873
30.9,182.79630926888294,11.28573517685566,0.8768240844171484,2.1428468780761953,0.0,0.0,0.0,0.0,11.520782599286045,286.96182398975225,99148.20201524113,1.2036581689321486,339.5899707099162
30.95,182.09197687460892,11.54251387132288,0.13958495549481315,5.744925734744858,0.0,0.0,0.0,0.0,12.893924233033763,286.966402150315,99156.5161345142,1.2037398979086769,339.59267959151754
31.0,181.76082177501294,9.436764038039417,-2.7196134602496076,6.130281802772369,0.0,0.0,0.0,0.0,11.577096694085563,286.9685546584624,99160.42536890195,1.2037783257887948,339.59395321559583
31.05,181.59487015895644,8.13419732424919,-2.277219704144938,5.733134685813553,0.0,0.0,0.0,0.0,10.208806444264045,286.96963334396673,99162.38444882943,1.2037975834892276,339.59459146449893
31.1,181.20971845306335,9.046428682707162,1.856622484718558,5.466417357491605,0.0,0.0,0.0,0.0,10.731572004527335,286.9721368300551,99166.93133446453,1.2038422789678167,339.59607275098784
31.15,181.19655699401775,6.995284432667478,1.4305456855066891,1.566023951014333,0.0,0.0,0.0,0.0,7.309780863158095,286.97222237953883,99167.08671427213,1.2038438063305201,339.5961233696069
31.2,180.7075538401433,8.515963385268844,1.798302239603506,2.1074783888932895,0.0,0.0,0.0,0.0,8.95527713048875,286.97540090003906,99172.85986258244,1.2039005552826552,339.5980040572952
31.25,180.58757884653443,9.872858971045245,0.7979555743928194,1.9555905333434231,0.0,0.0,0.0,0.0,10.09625731124933,286.9761807374975,99174.27632330763,1.203914478726711,339.5984654750049
31.3,180.50690973340147,10.19700942652023,1.4201751889465566,0.6120408457997979,0.0,0.0,0.0,0.0,10.31360716765813,286.97670508673286,99175.22873624039,1.2039238406792305,339.5987757239495
31.35,179.62658030296936,10.264304107742278,2.4080137677592077,0.40987655120882355,0.0,0.0,0.0,0.0,10.550946303965523,286.9824272280307,99185.62275122448,1.2040260098249733,339.60216140379424
31.4,179.13019450662196,9.317407941625607,2.1247944851290312,-0.7793284465383121,0.0,0.0,0.0,0.0,9.588336413700059,286.98565373570693,99191.48394771227,1.2040836222204556,339.60407045082445
31.45,178.8003325942984,10.447194706265382,2.32032683058614,0.20334997809535146,0.0,0.0,0.0,0.0,10.703697727652287,286.98779783813706,99195.37902788969,1.204121908396385,339.6053390587553
31.5,179.06256606778817,11.23545349641213,-0.023546631112519978,0.44629916836056716,0.0,0.0,0.0,0.0,11.244338693829693,286.98609332055935,99192.28250872347,1.204091471593708,339.60433054178384
31.55,179.16964227102946,10.665705839167828,-2.6308175328069843,-0.7711069700720947,0.0,0.0,0.0,0.0,11.012406090309106,286.9853973252383,99191.01814834436,1.2040790436879683,339.60391873930655
31.6,178.733125755231,11.780245608541389,-0.586694955877486,-0.4976759881360337,0.0,0.0,0.0,0.0,11.805341119932873,286.988234682591,99196.17263584076,1.2041297090258005,339.60559752732706
31.65,178.17274729654025,11.566350974129842,0.46856046917574634,-0.8863680485984042,0.0,0.0,0.0,0.0,11.609723170153742,286.9918771425725,99202.79003160575,1.2041947530883281,339.6077526607507
31.7,178.21993541446358,11.425190641063411,0.298126723156559,0.25497014647381827,0.0,0.0,0.0,0.0,11.431923307269686,286.99157041980595,99202.23278289226,1.2041892757811203,339.6075711826923
31.75,177.69949111359725,11.750926813623362,-0.6120516302136774,1.5647199034863326,0.0,0.0,0.0,0.0,11.870435398650969,286.9949533077616,99208.37889646737,1.20424968681654,339.6095727240181
31.8,177.75343949111772,10.965170468388775,-2.9267195847692395,1.986636001506575,0.0,0.0,0.0,0.0,11.521604642200634,286.9946026433077,99207.74178638723,1.2042434246028946,339.6093652481717
31.85,178.15630217526146,10.20493263230839,-4.229916692375347,3.688518075742138,0.0,0.0,0.0,0.0,11.6463732916932,286.99198403586075,99202.98423411223,1.2041966619415858,339.60781590607036
31.9,177.99455104315746,9.203330610063016,-2.893823782033088,4.2557516084484694,0.0,0.0,0.0,0.0,10.544521428324517,286.99303541821945,99204.89438999015,1.2042154371879934,339.60843797455897
31.95,177.7796967186554,8.040754634749545,-0.18119128439894794,3.619562395602941,0.0,0.0,0.0,0.0,8.819739072866687,286.9944319713287,99207.43169958863,1.2042403767284289,339.6092642675077
32.0,177.91740438990698,8.216196219304562,0.9458392367739231,4.393911517576663,0.0,0.0,0.0,0.0,9.365198908738058,286.9935368714656,99205.80544284011,1.2042243920568976,339.6087346676111
32.05,177.05366115943838,7.552864440682702,-0.4665925734838325,4.032372953304444,0.0,0.0,0.0,0.0,8.574584626878476,286.9991512024636,99216.00616294007,1.2043246553269584,339.6120564610951
32.1,177.21274725796218,8.963657820278586,-0.1474335721498386,5.8479648690088935,0.0,0.0,0.0,0.0,10.70362514694907,286.9981171428232,99214.12730841768,1.2043061881409798,339.6114446484193
32.15,176.55236542201612,8.306442864726097,-2.22653194932609,5.043215640552373,0.0,0.0,0.0,0.0,9.969376188279837,287.00240962475687,99221.92680433465,1.2043828486393178,339.6139843350109
32.2,176.25962774751596,7.207857139844719,-2.483069513240693,3.1335072105687094,0.0,0.0,0.0,0.0,8.24243326904634,287.0043124196411,99225.38436638935,1.2044168323188014,339.61511013510744
32.25,175.67604767738294,8.192432103961806,0.3205288752655981,5.276829730935298,0.0,0.0,0.0,0.0,9.750057156098409,287.008105690097,99232.2773962248,1.2044845818453054,339.61735443536935
32.3,175.79464605733287,7.474506466151321,-0.06570203120373702,6.652247598346327,0.0,0.0,0.0,0.0,10.006246138245185,287.0073348006273,99230.87652506279,1.2044708131745663,339.616898337418
32.35,175.29531044715375,7.9507791784869175,-0.00021128353707916547,5.945871433111282,0.0,0.0,0.0,0.0,9.92815575466011,287.0105804820935,99236.77473119338,1.2045287843215475,339.618818645756
32.4,174.64595463895492,9.29736635281123,1.6790358218932833,3.480604523082173,0.0,0.0,0.0,0.0,10.068504865951414,287.0148012948468,99244.44541672277,1.204604175490383,339.6213158745488
32.45,174.85393760919297,10.183961126189402,1.5877386208149917,-0.20051604309381144,0.0,0.0,0.0,0.0,10.308937133929104,287.0134494055402,99241.9885111636,1.204580027967274,339.620516036067
32.5,174.5791415424361,12.127332178036795,3.1341872309159693,-0.08934181818413828,0.0,0.0,0.0,0.0,12.526104634536622,287.01523557997416,99245.2346911617,1.2046119327944345,339.6215728167518
32.55,173.69907477511256,11.04391901711055,2.036030516573295,-0.14354452839235993,0.0,0.0,0.0,0.0,11.230947090630655,287.0209560139617,99255.63154353744,1.2047141161115917,339.6249572592256
32.6,173.64489185741215,10.602407311908122,0.831863967638197,1.0067986107439668,0.0,0.0,0.0,0.0,10.682540985685641,287.0213082029268,99256.27167356008,1.2047204074308113,339.62516562750494
32.65,173.4396345002866,10.449657254540389,2.4264665922489916,1.3856953177929847,0.0,0.0,0.0,0.0,10.816803057023014,287.0226423757481,99258.6966636673,1.2047442406233035,339.6259549733234
32.7,173.5363748964171,10.631454516285249,6.134909241522167,2.186009544996252,0.0,0.0,0.0,0.0,12.467701242184576,287.0220135631733,99257.55372909157,1.2047330076924154,339.6255829448548
32.75,173.09800384186153,9.226904039038986,5.801071131371324,1.3288807644638174,0.0,0.0,0.0,0.0,10.979713498221422,287.0248629750279,99262.73292727608,1.2047839094250667,339.6272687576403
32.8,172.8237541815184,8.893437456385394,3.2828431468608756,0.10839751577287299,0.0,0.0,0.0,0.0,9.480613848214462,287.0266455978201,99265.97320080058,1.2048157549347225,339.6283234160484
32.85,172.40108368426996,9.97411738890324,-0.06531782580696968,0.08326241602972753,0.0,0.0,0.0,0.0,9.974678778582959,287.0293929560522,99270.96724169435,1.204864836137684,339.62994883733194
32.9,172.31189285751663,9.884407279189153,-3.023957095893193,0.5684205094165922,0.0,0.0,0.0,0.0,10.352242542281152,287.0299726964261,99272.02109718254,1.2048751933206603,339.630291828501
32.95,172.07441697039306,11.057730853435439,-2.0002166243206405,1.8025243399627113,0.0,0.0,0.0,0.0,11.38083354448982,287.03151628969243,99274.82709434324,1.2049027702691644,339.6312050612233
33.0,171.43415432682966,9.839809835591375,-2.016076731674257,-0.20862499849943328,0.0,0.0,0.0,0.0,10.046389768399292,287.03567799687556,99282.39270941989,1.2049771233393574,339.63366723074495
33.05,171.31269309203367,9.500323660400538,-1.3991444705274316,-0.5902451117447239,0.0,0.0,0.0,0.0,9.62092221118705,287.0364674949018,99283.82799959264,1.2049912289090265,339.6341343154074
33.1,171.57418240584124,9.57718730691152,-1.4643540186983217,1.5272512923692187,0.0,0.0,0.0,0.0,9.80812652415274,287.034767814362,99280.73803833452,1.2049608617165706,339.63312874564764
33.15,171.07650873892288,9.524998903137138,-1.7804181514816697,4.599299038097343,0.0,0.0,0.0,0.0,10.726091764512004,287.038002693197,99286.61900467244,1.2050186578972024,339.63504257116205
33.2,171.11809117425048,8.004297553226328,-3.4375756821872914,5.182787722783952,0.0,0.0,0.0,0.0,10.136419213449614,287.03773240736734,99286.12761785943,1.2050138287360217,339.63488266452947
33.25,170.37023845200488,7.40330809129885,-2.024584214724607,3.5990391683823972,0.0,0.0,0.0,0.0,8.477086461323474,287.04259345006193,99294.9654232934,1.2051006826044952,339.63775854544855
33.3,170.01877772738166,8.610265500113664,3.213265403719285,2.501854413886058,0.0,0.0,0.0,0.0,9.524758372025405,287.044877944772,99299.11905669606,1.2051415020863985,339.63911008549286
33.35,169.83047063668207,9.788609301651071,7.674534684524804,4.0209075603601745,0.0,0.0,0.0,0.0,13.07222445849618,287.04610194086155,99301.34456558242,1.2051633729535942,339.6398342170335
33.4,169.64556278193064,9.773013789405494,7.781016972634285,3.8446233525697187,0.0,0.0,0.0,0.0,13.070468713074417,287.0473038419174,99303.52993987233,1.2051848493130881,339.64054527537104
33.45,169.63675696321044,7.741909811304216,2.433673969989419,1.2676024253347076,0.0,0.0,0.0,0.0,8.213814730518761,287.0473610797391,99303.63401435582,1.2051858720834803,339.64057913788037
33.5,169.23394133206546,7.047514684936238,-1.755059733493343,-0.1782830956731803,0.0,0.0,0.0,0.0,7.264948916869579,287.04997938134153,99308.39491866092,1.205232658664651,339.6421281495859
33.55,169.07312129006723,8.906816027350791,0.67351985578674,1.9474406389803336,0.0,0.0,0.0,0.0,9.142074479217726,287.05102471161456,99310.29571288527,1.205251338119236,339.64274657477455
33.6,169.09174890759002,10.601907533535671,5.294746623156354,3.3246565334311757,0.0,0.0,0.0,0.0,12.308051276231858,287.05090363210064,99310.07554436667,1.2052491744861762,339.64267494328845
33.65,168.58012365970447,11.436427560193017,5.87642040562464,5.590626074989871,0.0,0.0,0.0,0.0,14.020673736790993,287.0542291962119,99316.12282597284,1.2053086018078243,339.644642364754
33.7,168.61433266475896,9.141682445548147,2.1852031185314953,1.876075289190233,0.0,0.0,0.0,0.0,9.584629836107034,287.054006837679,99315.7184748449,1.2053046282249456,339.64451081661554
33.75,167.9526030824879,8.642495117291666,-0.6614166812250752,-1.0548281484453121,0.0,0.0,0.0,0.0,8.731715541711472,287.0583080799638,99323.54036832797,1.2053814938970189,339.64705543857593
33.8,167.71694461781945,9.704973674134097,-0.40355069318575104,-0.168068268723852,0.0,0.0,0.0,0.0,9.714814157798306,287.05983985998415,99326.3260607991,1.2054088685920286,339.6479616375341
33.85,167.45849055962546,11.180734750219923,2.1295947130232884,1.218907229653876,0.0,0.0,0.0,0.0,11.446822180457536,287.0615198113624,99329.38129018263,1.205438891828819,339.6489554916844
33.9,167.02023752730688,11.662790398374431,4.5324510512851095,2.5566811644995817,0.0,0.0,0.0,0.0,12.771077127071829,287.0643684560725,99334.56212774066,1.205489802666054,339.6506407346258
33.95,166.55747856453857,8.732598780666114,2.645237527671328,0.6024248980643063,0.0,0.0,0.0,0.0,9.14431401471427,287.0673763893305,99340.03290129869,1.205543562085822,339.65242020274235
34.0,166.30799800432843,11.225277847630966,0.901274928972394,2.122268403509333,0.0,0.0,0.0,0.0,11.459632735417081,287.06899801297186,99342.98238170095,1.2055725453867745,339.6533795378356
34.05,166.413247864071,10.551108784082725,-3.1190572811472204,5.262504606404729,0.0,0.0,0.0,0.0,12.196244078775077,287.0683138888835,99341.73805807208,1.2055603179628183,339.65297481771836
34.1,166.06147282774606,10.664965891484908,-2.288733098196252,4.5368189205897815,0.0,0.0,0.0,0.0,11.813658306364584,287.07060042661965,99345.89699177715,1.2056011858708984,339.6543275058418
34.15,165.58165082111242,8.151011572876575,-1.9433192512245516,0.8632557131458327,0.0,0.0,0.0,0.0,8.423816818973851,287.0737192696628,99351.57001478845,1.2056569315058756,339.6561725670526
34.2,165.68150601285225,8.652279787105076,-0.20822807573080593,2.5943132387039713,0.0,0.0,0.0,0.0,9.035251276327864,287.07307021091646,99350.38938704798,1.2056453301850591,339.6557885943665
34.25,165.28001222913198,10.09469027784941,2.2774628193044517,6.711927013059345,0.0,0.0,0.0,0.0,12.334487136790784,287.0756799205106,99355.13647710493,1.2056919768330585,339.65733245383586
34.3,165.28583328752404,9.565462485970727,-0.15042467862371586,7.6177205874772165,0.0,0.0,0.0,0.0,12.229078751211253,287.07564208363107,99355.06765009857,1.2056913005166798,339.6573100702366
34.35,165.2803712985175,9.489161934088058,-0.9654850172223216,5.445009742308336,0.0,0.0,0.0,0.0,10.982917946686996,287.0756775865596,99355.13223154072,1.2056919351147768,339.6573310731136
34.4,165.14060063019136,9.384447797913419,-0.549993172351512,3.2961783064426826,0.0,0.0,0.0,0.0,9.961683812953444,287.07658609590374,99356.78486293273,1.2057081743775966,339.6578685300266
34.45,164.6374848387128,10.088976503935905,0.20541402021596222,4.607198878185724,0.0,0.0,0.0,0.0,11.093057437867516,287.07985634854833,99362.733827161,1.2057666302988375,339.6598031424842
34.5,164.16054112756657,9.388409961531071,-0.01950815506706024,5.463122862322005,0.0,0.0,0.0,0.0,10.862243487545074,287.0829564826708,99368.37359261185,1.205822047345328,339.66163710623977
34.55,164.00515684583917,10.129901987784814,1.0910115290238283,6.2111235360003905,0.0,0.0,0.0,0.0,11.932446355129683,287.083966480502,99370.2110371189,1.2058401021775103,339.66223459419115
34.6,163.84677747809545,10.420304103124593,1.5810007238350985,5.214698141596811,0.0,0.0,0.0,0.0,11.759055132039121,287.0849959463924,99372.08392732007,1.205858505235691,339.66284359784885
34.65,163.6661413194586,9.686155193539285,0.25673291157651995,3.2971231668874212,0.0,0.0,0.0,0.0,10.235161718255377,287.0861700814235,99374.22004657752,1.2058794947075135,339.6635381824515
34.7,163.13180166327402,9.318611403884134,-1.342768701346415,1.4047941563482484,0.0,0.0,0.0,0.0,9.519085717842083,287.0896432891887,99380.5391166778,1.205941585281257,339.6655928242163
34.75,163.01653978568226,11.383907001150362,0.09621073909452896,2.324167417875065,0.0,0.0,0.0,0.0,11.619137201335965,287.09039249139306,99381.90223968709,1.205954979098066,339.6660360273251
34.8,162.5215694111785,11.083302859494333,-1.054547611718068,1.8920665288509126,0.0,0.0,0.0,0.0,11.292988474724195,287.09360979882734,99387.75608622728,1.2060124976096172,339.6679392728356
34.85,161.7666736751853,10.375299526072089,-0.2854326127462832,3.790300716378405,0.0,0.0,0.0,0.0,11.049646670944258,287.0985166211113,99396.68451937991,1.206100225040761,339.6708419551581
34.9,161.54575861612835,9.660015786146296,-0.6606623790760112,5.598780158544573,0.0,0.0,0.0,0.0,11.184753865482888,287.09995256899515,99399.29748693795,1.2061258987951025,339.67169140053767
34.95,161.60127657350523,9.07206187354178,-1.1063144194637622,7.09461586150103,0.0,0.0,0.0,0.0,11.569780138548262,287.0995917022722,99398.64081926628,1.2061194467085203,339.67147792741173
35.0,161.64200493320965,8.335415386414976,-0.9528892738173806,6.768477996389046,0.0,0.0,0.0,0.0,10.779584501261743,287.09932696793413,99398.15908552844,1.206114713429715,339.6713213219563
35.05,161.03685875451671,9.017532202023746,0.8849273402100827,6.414054186692066,0.0,0.0,0.0,0.0,11.101309585891592,287.1032604180956,99405.31692983948,1.2061850424385414,339.6736481745678
35.1,161.2946325444915,8.690906492244602,2.4176863778366657,4.498433371615426,0.0,0.0,0.0,0.0,10.080325683100705,287.10158488846076,99402.26785574826,1.2061550840451847,339.6726570083699
35.15,160.89879611454083,9.019497527158531,1.5963452742086781,3.436140406840059,0.0,0.0,0.0,0.0,9.782980873559255,287.10415782525547,99406.95003321479,1.2062010882716763,339.6741790381415
35.2,160.12242419352617,12.069552995075538,2.043119780600593,3.8480999358968586,0.0,0.0,0.0,0.0,12.831847920524453,287.10920424274207,99416.1339186074,1.2062913223434226,339.6771642442729
35.25,159.45615732976083,13.576876670426122,2.4823337552473674,1.719471648920837,0.0,0.0,0.0,0.0,13.908635581819093,287.11353497735655,99424.0158932582,1.2063687635375764,339.67972606758605
35.3,159.82891325992284,12.596128719347318,0.9310517621267747,-0.20813606873518192,0.0,0.0,0.0,0.0,12.632206328319459,287.1111120638105,99419.60610718516,1.2063254370895735,339.6782928081857
35.35,158.85528327238552,10.319757040201603,-2.7591493040110175,-0.3526201592167383,0.0,0.0,0.0,0.0,10.688060218173412,287.1174406587295,99431.12470125697,1.206438607289756,339.68203643631733
35.4,158.55210070356708,11.937869656726637,-1.1174183447392312,3.476452143634328,0.0,0.0,0.0,0.0,12.483872604489925,287.1194113454268,99434.71174335566,1.2064738494732086,339.6832021713565
35.45,158.04614969006758,10.245062841118289,-0.9514275030175623,1.978880916113319,0.0,0.0,0.0,0.0,10.477714282806076,287.12270002701456,99440.69803186927,1.2065326633761284,339.6851475408607
35.5,157.48460356535992,11.370584299211258,3.5361253820037972,2.6584142416588903,0.0,0.0,0.0,0.0,12.200882603442093,287.12635007682513,99447.34244980931,1.20659794245997,339.6873066591887
35.55,157.17481762193728,11.090535009409432,5.572608231227889,1.5530643064500542,0.0,0.0,0.0,0.0,12.50863453913553,287.1283636854574,99451.00810359987,1.2066339558720194,339.6884977656364
35.6,157.25309060100312,11.117135726012906,5.682819157315239,0.6028485304757232,0.0,0.0,0.0,0.0,12.49994266691005,287.12785491109344,99450.08190004397,1.2066248563594089,339.6881968116071
35.65,156.76314080232467,9.582519596612885,2.003194090026854,-0.3725328884901726,0.0,0.0,0.0,0.0,9.79674686489323,287.13103958478484,99455.8795871989,1.206681815632788,339.6900806292958
35.7,156.75286063616807,8.278524746027289,-0.5180113770282234,-0.6724429957780662,0.0,0.0,0.0,0.0,8.321928102302245,287.1311064058649,99456.00123766945,1.2066830107788853,339.6901201555985
35.75,156.35319941679174,8.936577178302977,-1.0478715680352615,1.4933824944857033,0.0,0.0,0.0,0.0,9.12089018471874,287.13370420379084,99460.7307269361,1.2067294750826034,339.6916568130242
35.8,156.47199598893866,10.522723489338976,-1.3123617191360044,3.533607209655466,0.0,0.0,0.0,0.0,11.177494478954973,287.1329320260719,99459.32489948181,1.2067156637422087,339.69120005280905
35.85,155.76491715052038,10.840432437197832,-1.1449484268713774,3.3392152517785263,0.0,0.0,0.0,0.0,11.400712294561094,287.1375280385216,99467.69264103725,1.2067978708132576,339.6939186868683
35.9,156.03544753460727,9.97579061187598,-0.6558792607542918,1.6626269311402178,0.0,0.0,0.0,0.0,10.134638831691698,287.13576959102505,99464.49105188121,1.2067664176469504,339.69287853227837
35.95,155.72362988663463,8.507844276770033,-1.8154098828972534,0.19197551073975438,0.0,0.0,0.0,0.0,8.701493083225051,287.1377964057369,99468.18126209294,1.206802671124708,339.6940774308164
36.0,155.42900993159358,10.201648761811645,-0.7576740970221829,1.1901444052886785,0.0,0.0,0.0,0.0,10.298745127544006,287.1397114354446,99471.66804783024,1.2068369258783005,339.69521020256104
36.05,155.00625488967256,10.78032990170112,0.8798326724276329,1.9224013118051653,0.0,0.0,0.0,0.0,10.985683643934621,287.1424593432171,99476.6714672003,1.2068860798897387,339.69683562885695
36.1,154.8138414575496,9.848983819091732,1.1562486042427953,1.949647262528204,0.0,0.0,0.0,0.0,10.106459199533132,287.1437100305259,99478.94879928774,1.2069084524353504,339.69757542550616
36.15,154.45775735470332,9.567957894328272,0.2708675172867976,0.9780718753901054,0.0,0.0,0.0,0.0,9.621632505608854,287.1460245771944,99483.1633864409,1.2069498563476169,339.69894450356645
36.2,154.46478413178872,10.786736425520603,0.9206556331276102,0.8165619931952933,0.0,0.0,0.0,0.0,10.856705899912445,287.1459789031434,99483.08021658822,1.2069490392939997,339.69891748695085
36.25,154.0315647520647,10.799149685598007,1.8524286436695163,1.4602909277105782,0.0,0.0,0.0,0.0,11.05375842894138,287.1487948291116,99488.20796310256,1.2069994136002353,339.7005831286945
36.3,153.9378503296453,10.64064771626208,3.049299422241761,3.4240160082015567,0.0,0.0,0.0,0.0,11.586435880481016,287.1494039728573,99489.31723019147,1.2070103108289933,339.70094344080377
36.35,153.42405969604155,10.211755919854026,3.6515429858331174,3.8985850158105055,0.0,0.0,0.0,0.0,11.524438826665834,287.1527436119757,99495.39898051311,1.2070700563758292,339.7029188501987
36.4,153.26755129576628,9.040488051754146,3.7712433395513614,2.3783647722810572,0.0,0.0,0.0,0.0,10.08014481691843,287.1537609165775,99497.25163348994,1.2070882562228502,339.70352058750433
36.45,152.79233442290612,9.437554600110968,4.25372270434447,1.9235435592244887,0.0,0.0,0.0,0.0,10.529084171938475,287.15684982625106,99502.87713821267,1.2071435189162023,339.7053476760051
36.5,153.04709392399127,9.94930617566684,4.025908809948526,2.9776825827075135,0.0,0.0,0.0,0.0,11.13836741567377,287.15519388949406,99499.86132358774,1.2071138928415295,339.7043681914776
36.55,152.69031740183502,7.24658405528917,1.1834097231792942,0.3378578961305523,0.0,0.0,0.0,0.0,7.350346046361646,287.15751293688805,99504.0848251102,1.2071553826685157,339.70573990432837
36.6,152.67660765044883,9.48549178779776,1.3384405855422798,1.171602303478859,0.0,0.0,0.0,0.0,9.650835695157308,287.15760205027203,99504.24712331528,1.2071569770082309,339.705792614643
36.65,152.39013349773586,11.331607719549549,1.9458979517466997,1.2967322051354664,0.0,0.0,0.0,0.0,11.57036588704966,287.1594641322647,99507.63849867765,1.2071902921398205,339.7068940290044
36.7,152.1071496931576,12.078284836184851,2.1115038629428557,2.1542973469620845,0.0,0.0,0.0,0.0,12.449273481065607,287.16130352699446,99510.98864604063,1.2072232020565918,339.7079820204307
36.75,151.4911708901918,10.07398832026642,1.023297433359672,1.6894848428168125,0.0,0.0,0.0,0.0,10.265804271857732,287.16530738921375,99518.28132175893,1.2072948403707071,339.7103502699076
36.8,151.37783840477348,9.698392307288898,1.2399695623155704,0.806533575908062,0.0,0.0,0.0,0.0,9.810547093338709,287.16604405036895,99519.62313107858,1.207308021289183,339.71078599673837
36.85,150.7567304464355,10.006528836065794,3.020577536829056,0.9541157415953538,0.0,0.0,0.0,0.0,10.495944209616045,287.17008125209816,99526.97705018376,1.2073802600201928,339.7131739464643
36.9,150.80901169740775,10.17735259993195,4.507073921708936,2.7189973439675716,0.0,0.0,0.0,0.0,11.457973984766815,287.16974142396685,99526.35802313844,1.2073741792570376,339.71297294340934
36.95,150.51147071981651,8.533699299605376,3.455542490448476,2.6294229989182547,0.0,0.0,0.0,0.0,9.574897542356284,287.17167544032117,99529.88104687292,1.2074087861673803,339.71411688241903
37.0,150.40057273271356,8.521986193861434,1.542880524803174,1.2190215497519867,0.0,0.0,0.0,0.0,8.745898612546428,287.17239627723734,99531.19415651573,1.207421684876288,339.71454324466794
37.05,149.92517066121977,9.683573988426932,-0.30730140752392576,2.4528079713868687,0.0,0.0,0.0,0.0,9.994113581949318,287.1754863907021,99536.82340813178,1.2074769807889867,339.71637098590264
37.1,149.60195314754287,11.212475672647845,-1.1867889223364603,4.758547235744311,0.0,0.0,0.0,0.0,12.23813100316834,287.17758730454096,99540.65078459568,1.2075145766145876,339.71761362943175
37.15,149.7223282182611,9.922181572944888,-1.154634450036026,3.7351330642265843,0.0,0.0,0.0,0.0,10.664618459521924,287.1768048665813,99539.22535065662,1.2075005747929053,339.71715083541636
37.2,149.46039683622385,10.001158783732308,-1.2502473933108387,4.537171748325085,0.0,0.0,0.0,0.0,11.05315443824548,287.17850742056453,99542.32705954909,1.207531042360751,339.7181578560414
37.25,149.71278309435692,9.793831148325253,-1.6492124745570511,6.10368346781955,0.0,0.0,0.0,0.0,11.65735742882898,287.17686690988666,99539.33837963226,1.2075016850608058,339.71718753262417
37.3,149.3830649661391,8.996524667258292,-0.5257251714923086,6.876714601630018,0.0,0.0,0.0,0.0,11.335918434639474,287.1790100777201,99543.24281415132,1.207540037630558,339.7184551653521
37.35,149.5018711349932,8.100709624164713,0.5882705819417436,4.474641980717144,0.0,0.0,0.0,0.0,9.273078213204561,287.17823783762253,99541.8359287566,1.2075262180771296,339.71799840427263
37.4,148.48808514353064,8.640161902963667,2.024416611643483,3.7417945322497053,0.0,0.0,0.0,0.0,9.630767708157881,287.18482744656706,99553.84155271926,1.2076441457221032,339.72189597662367
37.45,148.5269788270914,9.760361148815065,2.3210400221890723,4.700360439499703,0.0,0.0,0.0,0.0,11.079046204485106,287.1845746376239,99553.38093788663,1.207639621290608,339.7217464479157
37.5,148.27369137531844,9.637130303842552,0.8644882264818046,4.276595791559034,0.0,0.0,0.0,0.0,10.578794446974879,287.1862210060604,99556.38063221287,1.2076690859921229,339.7227202229864
37.55,147.91203779513765,10.56688171090991,-0.13425038855533822,3.8948990590670256,0.0,0.0,0.0,0.0,11.262648486901773,287.1885717543316,99560.66383817485,1.2077111577811828,339.7241106117039
37.6,147.81589630204058,10.186563732224084,-1.0199252722983279,2.474842218340652,0.0,0.0,0.0,0.0,10.532386825284057,287.18919667403674,99561.80250489517,1.2077223422767003,339.7244802297814
37.65,147.33104153495958,10.12758979382341,-1.0411234381943526,1.4705754195442666,0.0,0.0,0.0,0.0,10.286622628933245,287.19234823002273,99567.54511839704,1.2077787484327178,339.72634425843285
37.7,146.94392737300146,10.872818696490606,-0.18307835572346076,1.7813014724898877,0.0,0.0,0.0,0.0,11.019289406626216,287.1948644720755,99572.13028600784,1.2078237852661173,339.72783251507815
37.75,146.2565001408801,10.099464462823658,-1.9786496475554103,1.5253627553155256,0.0,0.0,0.0,0.0,10.403891983239392,287.19933274908425,99580.27292844554,1.2079037636666428,339.7304753063441
37.8,145.73947976207927,10.849487521869426,-0.6509769083243566,4.360297163737681,0.0,0.0,0.0,0.0,11.710992348151832,287.20269338154645,99586.39744038448,1.2079639188308213,339.7324629605509
37.85,145.45641245456088,8.829793517880324,-2.8204289455179454,3.4582591204102573,0.0,0.0,0.0,0.0,9.893413422525997,287.2045333190453,99589.75072388859,1.2079968545970399,339.7335511911132
37.9,145.72885302608,8.326597824993664,-2.810451127125565,4.380752318134045,0.0,0.0,0.0,0.0,9.81946321088823,287.20276245533046,99586.52332560698,1.2079651552723676,339.7325038142857
37.95,145.23946079791773,8.674206441330869,-1.6709838059737268,5.1372016802042495,0.0,0.0,0.0,0.0,10.218849513019835,287.2059435048135,99592.3208473581,1.2080220980656227,339.7343852427649
38.0,145.20781836442504,8.823121184312763,-0.6557015781225219,3.9890515896981316,0.0,0.0,0.0,0.0,9.705150415006159,287.2061491806312,99592.69570476121,1.2080257798632372,339.7345068891594
38.05,144.90737411368724,10.122174171824716,2.4011569059457494,2.7137502491630525,0.0,0.0,0.0,0.0,10.751204809999615,287.208102068261,99596.25502496498,1.2080607388830706,339.7356619169852
38.1,144.57731878926097,12.114429305597199,4.103443145316971,2.1999711571832927,0.0,0.0,0.0,0.0,12.978347974206866,287.2102474278698,99600.16526206775,1.2080991442732343,339.7369307770912
38.15,144.48382317247265,10.803827344731973,1.6029262130769424,0.12532735023164765,0.0,0.0,0.0,0.0,10.922809376898583,287.2108551493789,99601.27294753736,1.2081100236362068,339.7372902094807
38.2,143.95283425540558,12.427113781281351,0.8121400601237416,2.165285177686783,0.0,0.0,0.0,0.0,12.640458390061681,287.21430657733987,99607.56400606313,1.2081718121379157,339.7393315237957
38.25,143.96549333652072,11.026656091062039,-2.3276236453489725,2.317543678507179,0.0,0.0,0.0,0.0,11.505476308555496,287.2142242933126,99607.41401986641,1.2081703390363734,339.73928285783137
38.3,144.21622127884532,9.894806714405401,-2.1682734640946153,2.586026142497781,0.0,0.0,0.0,0.0,10.454479467683747,287.21259456168747,99604.4434050858,1.2081411628164749,339.73831896991743
38.35,143.5359025123689,9.95678141408661,-0.379624225320704,3.1799232580826096,0.0,0.0,0.0,0.0,10.459135844210342,287.2170166336696,99612.50396178204,1.2082203300760563,339.7409343522985
38.4,143.29083251743353,10.774559389180855,1.0969423659637092,3.8035764696740557,0.0,0.0,0.0,0.0,11.478745861194485,287.21860958863664,99615.40773089937,1.2082488493266486,339.74187648181584
38.45,142.51111397284959,10.553865735774298,0.7497463432992704,2.841265040799994,0.0,0.0,0.0,0.0,10.955317821958138,287.22367775917644,99624.6468642786,1.2083395900481093,339.7448739585047
38.5,142.72637580549204,11.813432502125394,1.2431053333405044,2.586726095664889,0.0,0.0,0.0,0.0,12.157041179746246,287.2222785572643,99622.09608892631,1.2083145381619695,339.74404642879
38.55,141.84368935418632,12.114243077386242,1.4086331462477615,1.3280638518637242,0.0,0.0,0.0,0.0,12.26796178154038,287.22801601919775,99632.55594232632,1.2084172665646211,339.747439721972
38.6,141.8483874017846,11.363782466411243,0.030032338688422977,0.6573395575388259,0.0,0.0,0.0,0.0,11.382818156290998,287.22798548188837,99632.50026800757,1.2084167197809526,339.74742166145495
38.65,141.16009433407936,11.846615881361702,-0.44587640613743873,2.480891154102435,0.0,0.0,0.0,0.0,12.111809713192534,287.23245938682845,99640.6571690121,1.2084968289921336,339.75006762881554
38.7,141.5604246004627,11.634623918192709,-1.5348219562194116,2.680775532180801,0.0,0.0,0.0,0.0,12.037720282886387,287.229857240097,99635.9128242157,1.208450234767114,339.7485286635952
38.75,141.1209421960698,9.981296451839729,-2.2028325023487696,2.613905803344339,0.0,0.0,0.0,0.0,10.550414846899136,287.23271387572555,99641.12117383273,1.2085013859622615,339.750218138617
38.8,141.15853507117242,9.860356208034078,-2.481697778258724,5.116349159798514,0.0,0.0,0.0,0.0,11.38255143352761,287.2324695220374,99640.67564831451,1.2084970104765949,339.75007362298123
38.85,140.8153528850825,9.631718534269716,-1.8035915299910747,5.488789933343174,0.0,0.0,0.0,0.0,11.231640987087312,287.23470020624694,99644.7428730447,1.2085369543658866,339.75139289175024
38.9,140.8020536146339,9.452744665889787,0.11451582137943384,5.4217962980094665,0.0,0.0,0.0,0.0,10.897860830867826,287.23478665150486,99644.90049209494,1.208538502323749,339.75144401700527
38.95,140.20793053013804,9.374056770257614,1.2818808781659579,5.240729339606447,0.0,0.0,0.0,0.0,10.815794142310216,287.23864845155407,99651.94207049135,1.2086076563486587,339.7537279460316
39.0,140.14867011812018,9.669489087751531,1.429460623167338,5.087451808556104,0.0,0.0,0.0,0.0,11.01928050263322,287.2390336442322,99652.64445014528,1.2086145542369255,339.7539557541716
39.05,140.068584921607,8.687799775852076,-0.8524571154247869,4.242789085316774,0.0,0.0,0.0,0.0,9.705967612835769,287.23955419800956,99653.59366038757,1.2086238761696344,339.7542636164469
39.1,139.67173694419213,9.456252068569936,-0.9105097470789291,4.686304021452539,0.0,0.0,0.0,0.0,10.592977700596805,287.24213370986274,99658.29741129938,1.2086700701642923,339.7557891691951
39.15,139.43205862679775,9.569813252268144,0.7144430237612941,3.0201192839434103,0.0,0.0,0.0,0.0,10.060460973868693,287.24369161892577,99661.13835222472,1.2086979699122267,339.75671053107646
39.2,138.71886645523963,10.142071681004962,3.234801567604237,1.6943115606646932,0.0,0.0,0.0,0.0,10.77943648012361,287.2483273680409,99669.59230759021,1.20878099194157,339.75945214135635
39.25,138.66939042880892,10.823479610985197,4.03644901635122,1.0702363833892472,0.0,0.0,0.0,0.0,11.601122250340486,287.2486489622127,99670.17880236222,1.2087867515610504,339.7596423332889
39.3,138.17794420125327,11.913817052999734,3.2133942176402046,0.6009905940196472,0.0,0.0,0.0,0.0,12.354194788184733,287.25184336269183,99676.00461683418,1.2088439631011472,339.76153150726907
39.35,138.0243451525697,12.714817021800616,2.2454777988650436,0.6333887411550543,0.0,0.0,0.0,0.0,12.927100360888689,287.25284175650825,99677.82550242635,1.2088618447053912,339.76212195694796
39.4,137.66905364367017,11.640674749726946,1.8084218252751338,1.1298203838027805,0.0,0.0,0.0,0.0,11.83436488480553,287.2551511513161,99682.03751446758,1.2089032075999444,339.7634877281245
39.45,137.32095036146032,9.593784771335125,1.4510737411985206,0.2959851441803652,0.0,0.0,0.0,0.0,9.707416157076665,287.2574138226505,99686.1644492252,1.2089437346941365,339.7648258618137
39.5,137.33007481539303,9.59657410207626,2.6146073291823844,0.5197058972773634,0.0,0.0,0.0,0.0,9.959944789110024,287.2573545136999,99686.05627259298,1.2089426723880894,339.76479078683326
39.55,137.1837369663947,10.102190220756532,3.4193114161681,0.9350082297970905,0.0,0.0,0.0,0.0,10.706081365601266,287.2583057097184,99687.79121918486,1.2089597097219134,339.76535331838136
39.6,136.71993369389273,8.948478256934713,0.8556405735797734,-0.37393657384400747,0.0,0.0,0.0,0.0,8.997066881336798,287.26132043098966,99693.29012157579,1.2090137090723345,339.76713620007723
39.65,136.34907739166218,9.13592028690186,-0.8546009874240186,-0.04356151911237632,0.0,0.0,0.0,0.0,9.175907581393703,287.26373099695417,99697.68721122068,1.209056888188006,339.76856178249625
39.7,135.99496673473016,10.189863539214711,-2.350322926857102,2.4455689542661387,0.0,0.0,0.0,0.0,10.73955978233735,287.26603271622423,99701.88590124386,1.209098118694963,339.7699229885851
39.75,136.08313065814028,9.682649131814195,-2.6151715147284946,4.302640502021251,0.0,0.0,0.0,0.0,10.913548073422465,287.26545965072205,99700.84052822675,1.209087853319445,339.76958408579725
39.8,135.92634494729714,8.718032991412478,-1.64762092539267,4.069323988774448,0.0,0.0,0.0,0.0,9.761052795613974,287.26647875784255,99702.69956633203,1.209106108726008,339.7701867710206
39.85,135.47365990856864,8.170276854218384,-1.3400142532860841,3.615114254165168,0.0,0.0,0.0,0.0,9.034274356264298,287.26942121059426,99708.0672967758,1.2091588184717772,339.77192688905524
39.9,135.09004922896906,8.94566898997344,-0.3023834702508354,3.4907752336806883,0.0,0.0,0.0,0.0,9.607389925121797,287.27191468001166,99712.61615848614,1.2092034867125299,339.7734014787742
39.95,135.12373440446507,9.640558278896211,1.3143580424092118,2.8268835088666653,0.0,0.0,0.0,0.0,10.13208622965391,287.271695726371,99712.21671239448,1.2091995643062907,339.7732719940706
40.0,134.66998506761726,9.839140796881802,1.8415360031950085,1.4641787815219234,0.0,0.0,0.0,0.0,10.116509574758792,287.27464509706044,99717.59747893224,1.2092524011029966,339.7750161874114
40.05,134.57898234344296,10.8775753111482,1.8055370000056299,0.3317597726410715,0.0,0.0,0.0,0.0,11.03139488255375,287.2752366147676,99718.6766590364,1.209262998118861,339.77536599697254
40.1,134.1860895553366,12.747181616421797,2.91348842800587,1.49800186180061,0.0,0.0,0.0,0.0,13.161423310574127,287.2777904178903,99723.33599162941,1.209308750214287,339.7768762515154
40.15,134.13905949493642,11.964751409363913,2.1067808896543916,1.2046124901310722,0.0,0.0,0.0,0.0,12.208394376668394,287.2780961132829,99723.89373496656,1.209314226921278,339.77705703158506
40.2,133.80519262595618,11.457174482649728,3.8578672475032842,2.7075149620407126,0.0,0.0,0.0,0.0,12.388729720795146,287.28026624793125,99727.85323310648,1.2093531066644425,339.7783403883422
40.25,133.79876525923908,8.30028639450396,3.457706024380273,0.930224373670411,0.0,0.0,0.0,0.0,9.039679339843515,287.2803080258149,99727.92945978811,1.2093538551588956,339.7783650945631
40.3,133.26543687210224,8.028079782106763,4.441663614983534,1.9115017890814423,0.0,0.0,0.0,0.0,9.371887736534275,287.2837746603313,99734.25474220626,1.2094159647744955,339.78041515476923
40.35,133.175994521118,9.306279667188326,5.068144877062494,3.3236528615119654,0.0,0.0,0.0,0.0,11.10583639725772,287.2843560356127,99735.31556159566,1.2094263811663575,339.78075896088006
40.4,132.65250692208826,8.82556370448978,2.607208732562207,1.4855424178622012,0.0,0.0,0.0,0.0,9.321745992700286,287.2877587050064,99741.52450151337,1.2094873475320014,339.78277118003047
40.45,132.739151044938,10.066356768053774,1.2326793685372017,1.731317151549367,0.0,0.0,0.0,0.0,10.288269829597604,287.28719551820785,99740.49681820469,1.2094772566295984,339.78243813196434
40.5,132.27333011414163,10.718109263068147,-0.05024933851736085,1.0897177846398167,0.0,0.0,0.0,0.0,10.77348021863172,287.29022335425805,99746.0220069786,1.2095315086555352,339.7842286795779
40.55,132.00507725766258,11.325331466856852,0.7967336637051445,0.13412882004019785,0.0,0.0,0.0,0.0,11.354114140056211,287.29196699782517,99749.2039164998,1.2095627516793332,339.785259800092
40.6,131.9445413198878,10.359038758165525,-0.30899979470191846,0.21956629487112234,0.0,0.0,0.0,0.0,10.365971938228697,287.2923604814207,99749.92198127067,1.2095698022981936,339.78549248999514
40.65,131.6353621042384,10.349453483439325,-1.600227824696054,4.967101401866077,0.0,0.0,0.0,0.0,11.5906864694558,287.2943701463224,99753.5894664477,1.2096058128825566,339.78668092010696
40.7,131.66911302959429,9.96933104044589,-1.4627065822445269,7.828517548195606,0.0,0.0,0.0,0.0,12.75981030196554,287.2941507653076,99753.189107518,1.209601881819881,339.78655118773344
40.75,131.71761444835488,9.321499098405015,-1.5214141696176242,7.148527722879182,0.0,0.0,0.0,0.0,11.845104268086923,287.29383550608566,99752.61377813065,1.2095962327439707,339.78636475707884
40.8,131.2345092072756,7.298587510861236,-1.8804946445744466,4.358865269052407,0.0,0.0,0.0,0.0,8.706626568064356,287.2969756901527,99758.34454777138,1.2096525020642497,339.78822172141525
40.85,131.2360342072275,7.076385878145488,-0.29660954363672765,5.304191916338489,0.0,0.0,0.0,0.0,8.848596849396172,287.296965777653,99758.32645724923,1.2096523244378743,339.7882158596225
40.9,131.07446937241633,7.053839416721361,0.8382525079377382,6.667668136195319,0.0,0.0,0.0,0.0,9.742541565648578,287.2980159490793,99760.2430571395,1.2096711430254408,339.78883688175586
40.95,130.59645359899795,6.968777947200134,1.2510026754263042,6.826471171377746,0.0,0.0,0.0,0.0,9.835119848022094,287.3011230516065,99765.91380344454,1.209726822181196,339.790674269835
41.0,130.22358881853725,6.792654284693106,0.7033570813223792,6.732798088780352,0.0,0.0,0.0,0.0,9.589860974982395,287.3035466726795,99770.3373147845,1.2097702547371527,339.7921074735988
41.05,129.66143734749195,7.042324454828602,0.19070262654049847,6.134663101255324,0.0,0.0,0.0,0.0,9.341562641482955,287.30720065724125,99777.00674423344,1.209835738304765,339.79426823907073
41.1,129.61679650198937,8.400901991364732,-0.8415268745113639,4.2865143787757685,0.0,0.0,0.0,0.0,9.46876587885096,287.30749082273707,99777.53638381026,1.2098409385173536,339.79443982639464
41.15,129.0563500594523,10.583904153245815,0.18385975588369552,3.0161593513216416,0.0,0.0,0.0,0.0,11.006818285385318,287.3111337246135,99784.18597255312,1.2099062263846465,339.7965940234105
41.2,128.63398477527522,10.896701770378037,1.6761535704600503,1.1329058256134874,0.0,0.0,0.0,0.0,11.082918202081743,287.3138790989607,99789.19749214705,1.2099554305988256,339.79821746663026
41.25,128.53605637044177,10.878380542892295,3.1201374856664903,1.753689034440469,0.0,0.0,0.0,0.0,11.452067341530768,287.3145156335921,99790.35947782842,1.2099668391655833,339.7985938724168
41.3,128.10129960179154,11.615156193849794,2.7224459139913497,2.040230317579655,0.0,0.0,0.0,0.0,12.103144422459255,287.31734155258835,99795.51828845213,1.210017488912568,339.8002649347682
41.35,127.85775215809748,9.980258607854925,-1.5929839888445143,-0.007722997792108277,0.0,0.0,0.0,0.0,10.106592873618299,287.3189246109723,99798.40830939844,1.2100458632254238,339.8012010476294
41.4,127.6072949991704,10.765985164418527,-0.8114601064251835,1.347949889925423,0.0,0.0,0.0,0.0,10.880343421535432,287.32055258250534,99801.38039417415,1.2100750430803777,339.8021637163769
41.45,127.36685728061462,9.409723549634094,-0.5075013921743701,1.5505229458890015,0.0,0.0,0.0,0.0,9.550108708770056,287.322115427676,99804.23364929191,1.210103056113135,339.8030878713732
41.5,127.2060731589227,9.897140292562147,1.1568214051770125,3.009268912540156,0.0,0.0,0.0,0.0,10.409001927279746,287.32316052446697,99806.14169841907,1.2101217891033234,339.8037058655593
41.55,126.84597506121865,10.77890377217563,3.2711555013119322,3.5884449641883007,0.0,0.0,0.0,0.0,11.822104808560688,287.32550116210206,99810.41514335197,1.210163745009589,339.80508994424133
41.6,126.84852473065146,11.108166919938643,3.026798039985366,2.862384707674962,0.0,0.0,0.0,0.0,11.863647201042768,287.3254845892507,99810.38488476536,1.2101634479374823,339.80508014431183
41.65,126.4047176665055,11.679972860519133,1.4538762224930024,1.1293934253748072,0.0,0.0,0.0,0.0,11.824172343215986,287.3283693351677,99815.65194392185,1.2102151585005172,339.8067859603805
41.7,126.87943713772005,10.756596622226514,0.15647032572336997,-0.4963782050600425,0.0,0.0,0.0,0.0,10.769180339217348,287.3252836586048,99810.01802770288,1.2101598462146699,339.8049613291182
41.75,126.26711137988029,11.160194406975162,1.9857664228273102,0.8238441880885644,0.0,0.0,0.0,0.0,11.365382823897987,287.32926377603076,99817.2850876831,1.2102311921590583,339.807314861928
41.8,125.96939876323,10.266607936488569,3.1719084165428413,1.196152847151095,0.0,0.0,0.0,0.0,10.811800181202623,287.33119890803897,99820.81848505506,1.210265881700383,339.8084591430496
41.85,125.60808732149583,10.475735571448837,3.680681074541512,1.2668807647293554,0.0,0.0,0.0,0.0,11.175573175790483,287.3335474324102,99825.10684009742,1.2103079828129684,339.80984786592444
41.9,125.11323349474814,10.715464893128958,2.6387675172503138,0.6968193480514568,0.0,0.0,0.0,0.0,11.057569312004942,287.33676398228414,99830.98043312937,1.2103656465102088,339.8117498580067
41.95,124.68122947932702,10.367382692676827,1.1779240248880196,1.038443592751003,0.0,0.0,0.0,0.0,10.485632742002222,287.3395720083844,99836.10826856653,1.210415988242892,339.8134102754178
42.0,124.63513600930531,10.018762610694461,1.174883412001539,1.5328364102248067,0.0,0.0,0.0,0.0,10.203212373647652,287.3398716159395,99836.65540507519,1.2104213596420434,339.81358743625543
42.05,124.36201934432157,8.428047316497436,-0.20556258945645345,-0.2136897202117406,0.0,0.0,0.0,0.0,8.433261578050798,287.34164687426187,99839.89739129685,1.2104531870541997,339.8146371617321
42.1,123.95002516355856,9.108138321707967,-1.1754616765843604,1.9717908086093545,0.0,0.0,0.0,0.0,9.39296826532487,287.34432483643684,99844.78806139907,1.2105011996477877,339.81622065760615
42.15,123.94253145794721,10.63969705744451,-0.2775013609140047,5.381841568901585,0.0,0.0,0.0,0.0,11.926624801353464,287.3443735455233,99844.87701892262,1.2105020729557538,339.81624945952694
42.2,123.13410339790389,9.969095442249989,0.12431605559473902,5.351726203965712,0.0,0.0,0.0,0.0,11.315444833526492,287.3496283279136,99854.47421776253,1.2105962890773247,339.81935662369006
42.25,123.33919773649757,8.897239804443714,-0.7904405317507135,3.538971489746691,0.0,0.0,0.0,0.0,9.60780888534175,287.3482952147127,99852.03938353226,1.2105723863660975,339.8185683536681
42.3,123.4523724062569,9.526514949039923,-1.3999278085351106,2.844887545080958,0.0,0.0,0.0,0.0,10.040302290645824,287.3475595793593,99850.69581968653,1.2105591965834728,339.8181333715979
42.35,123.12491431384845,11.125318414024441,0.010116316649307455,3.8523880397407497,0.0,0.0,0.0,0.0,11.77343219974666,287.34968805695996,99854.58330964357,1.210597360027198,339.8193919414407
42.4,122.82625996682056,10.54264414420032,0.5729891859817176,4.518533979711431,0.0,0.0,0.0,0.0,11.48445956431125,287.3516293102156,99858.12895653167,1.2106321673549998,339.8205398013727
42.45,122.53191016836142,9.878033850852862,0.4004210270923756,4.76452187515666,0.0,0.0,0.0,0.0,10.974359136477132,287.3535425839056,99861.62359924654,1.2106664737488781,339.82167111323866
42.5,122.52793721229379,10.6965504813057,1.0733015253427811,5.776068697499532,0.0,0.0,0.0,0.0,12.203734590757794,287.35356840812005,99861.67076850377,1.210666936800981,339.8216863829782
42.55,122.11799506733574,10.307191524629568,-0.4535335373352059,5.136953312984847,0.0,0.0,0.0,0.0,11.525284340729707,287.3562330320623,99866.53793829115,1.2107147167064998,339.8232619592056
42.6,121.88363143772825,9.68814126997946,-1.4915187207888907,4.625098517746077,0.0,0.0,0.0,0.0,10.838645932975203,287.35775639565475,99869.32058205805,1.2107420330922507,339.8241627117203
42.65,121.76077961672453,8.306833090964528,-1.2780247987807625,4.170637212125019,0.0,0.0,0.0,0.0,9.382485712358099,287.35855493249124,99870.77925007965,1.2107563523442713,339.82463487910974
42.7,121.50567396563386,8.745390919242311,0.7141212783342253,5.793649514026555,0.0,0.0,0.0,0.0,10.514666243962084,287.3602131192234,99873.80827498277,1.2107860871330751,339.82561534737533
42.75,120.70412822942991,8.240585021797527,0.3826467895437885,6.306660395671599,0.0,0.0,0.0,0.0,10.384008157419494,287.36542316650866,99883.32600018311,1.2108795179154845,339.82869597478793
42.8,120.38451867046099,7.929275201497997,-0.3112673190401331,6.413564405454548,0.0,0.0,0.0,0.0,10.203141719485576,287.367500628642,99887.1213171299,1.2109167741850382,339.82992434103323
42.85,120.02749493968217,8.57579893930297,-0.48483014121872037,6.4181086529500355,0.0,0.0,0.0,0.0,10.722476691243317,287.369821282892,99891.36105999417,1.210958392789348,339.8312964971823
42.9,119.83499149097605,8.20343492886645,-1.2899090031021347,4.571932753589248,0.0,0.0,0.0,0.0,9.479598038512615,287.3710725553086,99893.64714531714,1.2109808335580972,339.8320363470782
42.95,119.70980528265682,8.648225683622313,-0.5176407128533678,2.8865682178995655,0.0,0.0,0.0,0.0,9.131923973569634,287.3718862656627,99895.13382377163,1.2109954271024412,339.83251747527316
43.0,119.19395945090484,11.065033541038506,1.786189949867337,2.0830077145932053,0.0,0.0,0.0,0.0,11.400191355427724,287.3752392635691,99901.26006208919,1.2110555630936062,339.8345000185392
43.05,118.94142525673773,11.415107729416075,1.2131856884747654,0.1295708714534396,0.0,0.0,0.0,0.0,11.48012598361289,287.3768807358312,99904.2592951523,1.2110850037187229,339.8354705755544
43.1,118.54223061331786,12.294033325512483,0.4470072285753335,0.38861546750118914,0.0,0.0,0.0,0.0,12.308293661299738,287.3794755010134,99909.00049598029,1.2111315432454752,339.83700478257555
43.15,118.9766875510463,12.81629113438348,-1.0111957277225834,1.8278712891165672,0.0,0.0,0.0,0.0,12.98541291952696,287.3766515309182,99903.84049663942,1.2110808927812058,339.8353350532138
43.2,118.31864209091576,11.818573016354396,-3.5709764836834124,2.098219202530385,0.0,0.0,0.0,0.0,12.523300883225135,287.38092882640905,99911.65611744547,1.211157610585848,339.8378640873748
43.25,118.31378797078807,11.028351580291169,-2.7223351470822252,3.5145965563883896,0.0,0.0,0.0,0.0,11.890670131902871,287.38096037818985,99911.71377177941,1.2111581765141188,339.837882742909
43.3,118.42880740760897,11.085957265867698,-0.5310852515161119,5.511281219679392,0.0,0.0,0.0,0.0,12.391719845421518,287.38021275185054,99910.3476469851,1.211144766774501,339.8374406956746
43.35,117.85651932816555,9.763268292842431,0.10267050733574998,5.2846777186094185,0.0,0.0,0.0,0.0,11.102241556580626,287.3839326243669,99917.14505586939,1.211211489091688,339.83964013009773
43.4,118.41331325715147,9.38284710368568,-1.0272704431237913,6.219760006484704,0.0,0.0,0.0,0.0,11.30391608570787,287.3803134638285,99910.5316753745,1.2111465731801616,339.83750024343806
43.45,117.64664137953682,8.330131895639152,-2.423626752952526,5.6101908333578985,0.0,0.0,0.0,0.0,10.331471590391416,287.385296831033,99919.63799603561,1.2112359591914035,339.84044673565154
43.5,117.37912011447102,8.29692575089335,-1.032813281580723,5.199965369766286,0.0,0.0,0.0,0.0,9.846081455950653,287.3870357192559,99922.81569924502,1.2112671505916817,339.8414748739438
43.55,117.1897486795285,8.745055683467982,0.8230211482338219,3.537427251820503,0.0,0.0,0.0,0.0,9.469253100393829,287.38826663358304,99925.06516322475,1.2112892305545508,339.84220266476325
43.6,116.24699619817345,10.4623957378247,2.8497699823544047,4.281042996570663,0.0,0.0,0.0,0.0,11.658054840566988,287.39439452471186,99936.26433539658,1.2113991563600264,339.8458258205417
43.65,116.3920475283716,9.83317758095445,0.4416362155808611,3.732167270225157,0.0,0.0,0.0,0.0,10.526893958734346,287.39345169106554,99934.54117134248,1.2113822427448946,339.8452683664854
43.7,115.62585596560119,11.479887421453027,-0.1095733542512227,4.2346255944484845,0.0,0.0,0.0,0.0,12.236497679252649,287.3984319362236,99943.64355756127,1.2114715860523495,339.8482129454415
43.75,115.01321440260351,12.015763140354714,1.0324852400344848,2.862575968242387,0.0,0.0,0.0,0.0,12.39511721566016,287.40241410638305,99950.92224667632,1.2115430279802364,339.85056739239405
43.8,115.13075415747333,11.783014865094609,2.101748401501798,1.6048878234240527,0.0,0.0,0.0,0.0,12.076110738976796,287.4016500979764,99949.5257437753,1.2115293210751332,339.85011567582814
43.85,114.72383993989322,10.907908554647427,-0.041292170505208725,1.2254279121380554,0.0,0.0,0.0,0.0,10.976604559140435,287.40429504039065,99954.36040418423,1.211576773905008,339.85167948368564
43.9,115.08199269309455,11.393097283549706,-0.5204907398978045,1.9434396412381143,0.0,0.0,0.0,0.0,11.569379151963288,287.40196704749485,99950.10508223937,1.211535007381635,339.8503030708914
43.95,114.11467971869834,12.40413506780969,1.68030087763996,2.8755223070209652,0.0,0.0,0.0,0.0,12.843465512004107,287.40825458182843,99961.5983592506,1.2116478145728193,339.8540205276368
44.0,113.88902764625358,10.469527660290085,1.909564940609136,-0.09600847374680166,0.0,0.0,0.0,0.0,10.642681303084009,287.40972132029935,99964.27963278671,1.2116741310755783,339.8548877197277
44.05,113.98955678564533,9.593524781581873,1.64859221122481,-1.568978946563631,0.0,0.0,0.0,0.0,9.859780370195706,287.4090678808933,99963.08510467428,1.2116624068865072,339.85450138153914
44.1,113.82359326432723,11.248924932454639,1.65447251044392,0.4145700913429461,0.0,0.0,0.0,0.0,11.377497958006861,287.41014664378184,99965.05715693039,1.2116817623928033,339.85513918688446
44.15,113.2954722952085,12.651266319346966,0.4094585245989437,1.1425919580594583,0.0,0.0,0.0,0.0,12.709355300290877,287.41357943008114,99971.33273441794,1.2117433561086133,339.8571687717749
44.2,113.47530867855504,12.29815199249907,-0.5276304574426798,0.5656148756278758,0.0,0.0,0.0,0.0,12.322453348167384,287.4124104935894,99969.19573145607,1.211722381873971,339.8564776564642
44.25,113.31311724276026,10.84900319349662,-0.7771920611348385,-0.8111883974689171,0.0,0.0,0.0,0.0,10.907012625305752,287.413464737922,99971.12305716123,1.2117412981742095,339.8571009619024
44.3,113.55488170329652,9.44714108298724,-2.308270776957772,-0.04374264836176545,0.0,0.0,0.0,0.0,9.72514791871611,287.41189326892857,99968.25017381362,1.2117131013973461,339.85617185507215
44.35,112.75654590171183,9.703897055847007,-3.4493516301179303,2.9612847745837385,0.0,0.0,0.0,0.0,10.716009157090847,287.41708245163886,99977.73703990816,1.2118062125092484,339.8592398697439
44.4,112.63697932168965,9.811411103333457,-2.220842347317342,4.182969855302583,0.0,0.0,0.0,0.0,10.894639295572073,287.417859634409,99979.1579485527,1.2118201582115804,339.8596993632519
44.45,112.48574418453812,8.997505585097977,-0.8533755139037209,3.3912771759179328,0.0,0.0,0.0,0.0,9.653192083735911,287.4188426628005,99980.9552242982,1.2118377977663128,339.8602805579076
44.5,112.220443885216,7.138805876549984,-1.6854543835615312,3.3465819082497754,0.0,0.0,0.0,0.0,8.062438606944928,287.42056711474606,99984.10811165173,1.2118687419701883,339.86130010108974
44.55,111.72113051688976,7.182476674247355,-0.699878354172696,6.158205053076235,0.0,0.0,0.0,0.0,9.486900988335469,287.4238126516402,99990.04228035412,1.2119269827247579,339.8632189430252
44.6,112.27617700455005,7.318210565999628,0.45347892987831384,6.955488746401433,0.0,0.0,0.0,0.0,10.106466876681937,287.4202048494704,99983.44576027204,1.2118622412978637,339.86108592019866
44.65,111.7310144173502,7.495701671185603,1.3350949050236711,5.638740173762081,0.0,0.0,0.0,0.0,9.47435552932405,287.4237484062872,99989.92481080897,1.211925829829141,339.8631809596836
44.7,111.29156833527166,6.892146984890871,0.6200427500710363,3.4324138489008593,0.0,0.0,0.0,0.0,7.724481076640838,287.4266048058207,99995.14770825572,1.2119770892965935,339.86486972518236
44.75,111.2351103372612,8.35738836857784,0.727237683939618,5.02633297119478,0.0,0.0,0.0,0.0,9.779511139596998,287.42697178280775,99995.81873795131,1.2119836749958763,339.8650866893464
44.8,110.67656219497941,8.718963109325871,0.003828439716883965,5.656569951828004,0.0,0.0,0.0,0.0,10.39312830569601,287.4306023457326,100002.45754017364,1.212048829863514,339.8672331435903
44.85,110.34156005750317,9.630032424333002,1.1116249815263861,4.89299610118238,0.0,0.0,0.0,0.0,10.858851018383321,287.4327798596262,100006.4394862227,1.2120879092844437,339.8685205225515
44.9,110.18802817328191,10.482470237116333,2.2875280929669315,2.4867992941556114,0.0,0.0,0.0,0.0,11.013588778302717,287.43377781687366,100008.2644598095,1.2121058197523789,339.86911052825474
44.95,109.57251866085083,10.363539332207056,2.604808346064019,-0.35898966119364184,0.0,0.0,0.0,0.0,10.691905704165714,287.43777862870445,100015.58105192443,1.2121776248732452,339.87147585155986
45.0,109.11668766714298,10.956339825941784,2.4743396935827193,-0.23120810142240056,0.0,0.0,0.0,0.0,11.234642695115872,287.44074153016356,100020.99981691566,1.2122308040522656,339.8732275403975
45.05,108.71997606129263,10.870994458352703,1.6831265777586792,-1.0929674040620092,0.0,0.0,0.0,0.0,11.054682869111844,287.44332015560155,100025.71598405478,1.2122770875650983,339.87475203511605
45.1,108.80711669933673,10.510114195225556,1.435666839105957,-1.9446725920088825,0.0,0.0,0.0,0.0,10.78449772403429,287.4427537414543,100024.68002763294,1.21226692093336,339.874417169163
45.15,108.6287462309685,12.368613388716943,4.324406030505592,1.6834929160186984,0.0,0.0,0.0,0.0,13.210497079009038,287.44391314949866,100026.8005634418,1.2122877313496712,339.8751026147532
45.2,108.29339929080953,11.781917325895723,4.646155486552109,2.712828430455774,0.0,0.0,0.0,0.0,12.952211192400672,287.4460929046097,100030.78739366398,1.2123268568925798,339.87639128891476
45.25,108.40372271314568,10.674266816327329,3.5972952023473574,1.533693614436146,0.0,0.0,0.0,0.0,11.368057043397535,287.44537580236454,100029.47578033358,1.2123139851498128,339.87596733763957
45.3,108.32957493254413,9.339711147994393,1.5578988848815676,-0.481610349554777,0.0,0.0,0.0,0.0,9.48099160385053,287.44585776293843,100030.35730708556,1.2123226361675876,339.8762522730767
45.35,107.7487320405806,9.940119831534204,1.9376927700728062,0.3325524964134572,0.0,0.0,0.0,0.0,10.132681120973007,287.4496332417362,100037.26303888402,1.2123904062789048,339.8784843305862
45.4,107.60500173177546,9.469524905932007,2.4269524685234765,1.1735385239368672,0.0,0.0,0.0,0.0,9.845770304841704,287.45056748874345,100038.97193053906,1.2124071765260438,339.87903665377974
45.45,107.49820382776998,8.132181110515775,1.0060384556753994,0.1371596537421268,0.0,0.0,0.0,0.0,8.195321577530803,287.4512616751195,100040.24172706698,1.2124196376678655,339.8794470534814
45.5,106.98671872285814,8.998138492471538,-0.4211651177660823,1.2256603644093313,0.0,0.0,0.0,0.0,9.090991129409648,287.4545863283014,100046.32331957878,1.2124793189281007,339.8814125658455
45.55,106.97479414312126,9.391410211025255,-2.87242183855482,2.208883621697109,0.0,0.0,0.0,0.0,10.066208810895878,287.4546638380697,100046.4651072098,1.2124807103423418,339.8814583889581
45.6,106.60147942394858,11.547974269870256,-1.6766897552832678,4.853924219387267,0.0,0.0,0.0,0.0,12.638337651788373,287.4570903837443,100050.90403856152,1.2125242710207425,339.8828929388994
45.65,106.52288058561658,10.344827325806456,-1.7177775309480061,2.584782324916838,0.0,0.0,0.0,0.0,10.800338499963058,287.4576012761935,100051.83864525288,1.212533442573595,339.8831949727198
45.7,106.20638480203255,9.910328276498229,-1.0023617455247593,1.887159665489953,0.0,0.0,0.0,0.0,10.13808202866321,287.4596584987868,100055.6021194579,1.2125703744174556,339.8844111766638
45.75,105.92039193713461,10.079770530368894,-0.636664549097952,4.3313447775340554,0.0,0.0,0.0,0.0,10.989434165362784,287.4615174524086,100059.00297984513,1.2126037476206246,339.8855101627597
45.8,106.01810043900498,10.73935977615761,-0.6769671440749032,6.605379069647837,0.0,0.0,0.0,0.0,12.626288669662621,287.4608823471464,100057.84107678813,1.2125923456988092,339.8851346982503
45.85,105.91700275398303,9.755329507170194,-0.1675329780644696,5.450074098686746,0.0,0.0,0.0,0.0,11.175769717266938,287.4615394820991,100059.0432825962,1.212604143116866,339.8855231863681
45.9,106.0047489695565,7.760043517158809,0.25273386484915283,2.1554254320455506,0.0,0.0,0.0,0.0,8.057791793521895,287.4609691316979,100057.99984547166,1.2125939037202225,339.88518600397316
45.95,105.27989847632018,9.699899523686227,2.35844044051976,5.707228055361636,0.0,0.0,0.0,0.0,11.498814902284249,287.4656806599039,100066.61969415382,1.2126784909098387,339.88797137703415
46.0,105.0748119075761,7.90277728675912,-0.9802113859784037,5.2952616075137815,0.0,0.0,0.0,0.0,9.563184547906989,287.4670137226007,100069.05867199633,1.2127024245216502,339.88875945623965
46.05,104.58318096521643,9.223899465219814,-0.7459106996478831,5.639857667498841,0.0,0.0,0.0,0.0,10.83719053195878,287.47020932372607,100074.90555499887,1.212759799346215,339.89064862235585
46.1,104.2460396740502,9.036812981804545,-1.2425165259045001,4.197595155339175,0.0,0.0,0.0,0.0,10.041296792416,287.4724007421186,100078.91527880318,1.2127991459594738,339.8919441325952
46.15,103.88635642674903,9.418576283811818,-1.1920350183797752,6.77321328527942,0.0,0.0,0.0,0.0,11.662201546316705,287.4747386832261,100083.19324436893,1.2128411244444854,339.89332625785414
46.2,103.4334660476019,8.874181177342278,-1.469074780363566,7.7729998644168985,0.0,0.0,0.0,0.0,11.888178967815943,287.4776824706906,100088.57999843963,1.2128939826768026,339.89506653450627
46.25,103.19976035300908,9.253912664202737,-1.2133507104456576,6.538662229863883,0.0,0.0,0.0,0.0,11.39566686506232,287.47920155770544,100091.3598249687,1.2129212598782513,339.89596456856486
46.3,103.20015121933622,9.084036102815936,-0.3271251925639548,3.8360894870002364,0.0,0.0,0.0,0.0,9.86622041924602,287.4791990170743,100091.35517573326,1.2129212142574919,339.89596306662963
46.35,103.06696935045045,9.932804849895781,0.5362514777573308,4.794191899680354,0.0,0.0,0.0,0.0,11.042302921242054,287.48006469922205,100092.93934343805,1.2129367589263094,339.8964748282576
46.4,102.79826177673073,11.09199750907745,1.2315535800768547,6.077232551924591,0.0,0.0,0.0,0.0,12.707552417840043,287.48181129845125,100096.13562004123,1.2129681222948185,339.8975073555389
46.45,102.27387419386523,10.562515199457598,0.2305842745556005,4.941614468934203,0.0,0.0,0.0,0.0,11.663595072104698,287.48521981773985,100102.37344838881,1.213029330249998,339.8995223417578
46.5,102.15740940917182,10.933247542172895,0.39228835721197336,4.691649390670184,0.0,0.0,0.0,0.0,11.903838287653677,287.4859768388404,100103.75889258999,1.2130429246593801,339.89996986205335
46.55,102.13062267792712,9.718280987457852,0.47963091507703026,3.4049715028161582,0.0,0.0,0.0,0.0,10.308678969726069,287.48615095259345,100104.07754493922,1.2130460513702699,339.9000727909877
46.6,101.59757070320913,11.244946129154513,1.9650492439720688,4.546998779313503,0.0,0.0,0.0,0.0,12.287612863282304,287.4896157904291,100110.41885018328,1.2131082737349341,339.90212105501746
46.65,101.03665860244661,10.672275297446653,1.580505828338524,3.88592809437469,0.0,0.0,0.0,0.0,11.467165990450848,287.49326171908405,100117.09193691978,1.2131737508071518,339.9042763588718
46.7,101.22256238868879,10.302574356408995,0.7328568742611739,2.065622930766563,0.0,0.0,0.0,0.0,10.533134180271166,287.4920533444735,100114.8802276856,1.2131520493611716,339.9035620253833
46.75,100.45218064562738,12.207327160421237,2.38749457436384,2.0293659372288326,0.0,0.0,0.0,0.0,12.603066803415725,287.4970608258034,100124.04576628609,1.2132419816739304,339.90652219995076
46.8,99.90118209577304,11.567276072892673,1.5870359168830954,0.12504038445960403,0.0,0.0,0.0,0.0,11.676309084883721,287.5006423163775,100130.60163237377,1.2133063069054602,339.9086393837065
46.85,99.74322508055842,12.371334144606793,2.0939211133201594,0.7849867219673919,0.0,0.0,0.0,0.0,12.571818416600955,287.50166903697635,100132.48109350975,1.213324747764717,339.9092463230291
46.9,99.80336598511767,11.959244640444542,1.3866924371279847,0.6056531567131506,0.0,0.0,0.0,0.0,12.054595141746821,287.50127812109673,100131.76549993786,1.2133177265257566,339.90901523573206
46.95,99.04486398107441,10.836606727409363,0.15899358565923166,-0.44908538845478796,0.0,0.0,0.0,0.0,10.84707343069725,287.506208384123,100140.79092779264,1.2134062812416009,339.9119297161068
47.0,99.10053238096938,10.081529232340632,-0.3776050858880494,-0.5741887216564188,0.0,0.0,0.0,0.0,10.104925034432696,287.5058465395237,100140.12850618623,1.2133997818166407,339.9117158157959
47.05,98.31964346504529,10.134733753044943,0.4484558825142694,0.255304372493523,0.0,0.0,0.0,0.0,10.147862890593487,287.5109223174772,100149.42095467198,1.2134909549847919,339.9147162917848
47.1,98.61607122330629,9.615285396280504,1.3396299640383074,0.3766686593043044,0.0,0.0,0.0,0.0,9.715461953575677,287.50899553704846,100145.8934313361,1.213456344761501,339.91357730528165
47.15,98.76442581526884,9.906072505494148,3.0401530988397303,0.6284363692223669,0.0,0.0,0.0,0.0,10.381124005552255,287.5080312322007,100144.12803294632,1.2134390235041046,339.91300726992563
47.2,98.46127847937248,9.235671190891441,2.9758160034880943,0.15295308683752018,0.0,0.0,0.0,0.0,9.704457629339782,287.51000168988406,100147.73546967634,1.2134744179120567,339.9141720774727
47.25,98.15464663362647,9.587622090528608,2.60496900683164,1.8735195462664378,0.0,0.0,0.0,0.0,10.110313366438648,287.5119947968814,100151.38447892814,1.2135102199625145,339.9153502697734
47.3,97.74873736566002,9.361717691325897,1.0004364728687172,2.954661160110516,0.0,0.0,0.0,0.0,9.867758298590207,287.5146332071232,100156.21508432346,1.2135576147957936,339.91690991615377
47.35,97.40266515362823,9.169676412870535,-1.653276423743995,3.3952371049669487,0.0,0.0,0.0,0.0,9.916850480319159,287.5168826765014,100160.33373571935,1.2135980240449473,339.91823964183743
47.4,97.53105392486435,9.05601974409563,-3.6527388166616923,3.632026969076496,0.0,0.0,0.0,0.0,10.41852265785778,287.51604814948837,100158.80574788585,1.2135830325627357,339.91774632965974
47.45,96.8810137447492,8.803795428825872,-3.0110854969289136,2.381398038944366,0.0,0.0,0.0,0.0,9.604400368701787,287.5202734106591,100166.54223763899,1.2136589368088786,339.9202439919423
47.5,96.502160338281,10.125605595649647,-0.150705538491137,2.3170383795577507,0.0,0.0,0.0,0.0,10.388419884194466,287.52273595780116,100171.05140594303,1.2137031766451876,339.92169965943856
47.55,96.981856201157,10.533166301627533,0.6907546956487369,2.6372613924967157,0.0,0.0,0.0,0.0,10.880251929052761,287.51961793469246,100165.3420237644,1.2136471613439421,339.9198565241737
47.6,96.21956879734874,9.453435906010897,-0.5744767985433618,2.207367331182364,0.0,0.0,0.0,0.0,9.72470794193285,287.5245728028172,100174.41495855969,1.2137361765011714,339.92278545615056
47.65,96.25301128530934,10.333301056217236,1.1932815283820677,3.3860779680263837,0.0,0.0,0.0,0.0,10.939220974546211,287.52435542664546,100174.01690377101,1.2137322711917549,339.922656960824
47.7,96.0261432423615,10.384809019423653,-0.09673426427638672,3.7647522108124005,0.0,0.0,0.0,0.0,11.046582054943729,287.5258300689246,100176.71726360382,1.2137587643226662,339.923528649899
47.75,95.73346546951888,10.47522865199846,-1.4381011317324606,5.335228436112335,0.0,0.0,0.0,0.0,11.843277107382118,287.5277324744481,100180.20102907773,1.213792943216763,339.924653194655
47.8,96.09298166907075,9.203907745150135,-1.3839398398176523,5.550907258623858,0.0,0.0,0.0,0.0,10.836963534833554,287.525395619151,100175.92169455897,1.2137509590381732,339.9232718386139
47.85,95.35294550769096,7.7753796564515785,-1.0811915375350343,4.536897206871223,0.0,0.0,0.0,0.0,9.066914591442579,287.5302058542,100184.73053339781,1.2138373814177856,339.92611524657434
47.9,95.1981718592317,7.73740872963352,-0.9462301940423739,5.426817958088984,0.0,0.0,0.0,0.0,9.498062885650082,287.531211882915,100186.57292284451,1.2138554566797661,339.9267099234584
47.95,94.96455509345596,8.561878526892386,1.4935957669549242,6.519226843380593,0.0,0.0,0.0,0.0,10.864479318392606,287.5327303918925,100189.35389434635,1.2138827400361019,339.927607532236
48.0,94.45625248008398,9.736626853691469,3.032605735850171,5.21744476174572,0.0,0.0,0.0,0.0,11.455144253958787,287.5360343588794,100195.40493922278,1.213942104696617,339.9295605383605
48.05,94.08974880219789,10.792869940676436,2.516408624479217,1.7025949916141883,0.0,0.0,0.0,0.0,11.2123674407852,287.5384166327857,100199.768134439,1.2139849100379958,339.9309687160286
48.1,93.52932284785027,12.26108842744301,2.582455052164165,-0.9259133777134032,0.0,0.0,0.0,0.0,12.5642619801186,287.5420594014889,100206.44025541481,1.2140503665233722,339.9331219691255
48.15,93.6296347750777,12.397439240846515,1.1988269141516947,-1.106843150087952,0.0,0.0,0.0,0.0,12.504350741220916,287.541407373962,100205.24597074218,1.214038650118506,339.9327365544162
48.2,92.72151265156613,12.125221593417395,-0.47935208311927985,1.6341044687807804,0.0,0.0,0.0,0.0,12.24422617089196,287.5473101677648,100216.05822914664,1.2141447216801948,339.93622569111346
48.25,92.24358064325283,10.224706792367442,-1.5444880364247322,1.8397539048961706,0.0,0.0,0.0,0.0,10.503083676479244,287.5504167258188,100221.74894935357,1.214200548511253,339.93806196071193
48.3,92.16035040252129,10.206841493707511,0.033167390173908795,0.8600159521814716,0.0,0.0,0.0,0.0,10.243063057086339,287.5509577223836,100222.73999575707,1.2142102707655935,339.9383817398299
48.35,92.06669431100097,12.391818531912273,3.5022580040190157,0.9464088743554272,0.0,0.0,0.0,0.0,12.911958310497226,287.55156648697846,100223.85519525177,1.2142212109510513,339.93874157577574
48.4,91.98991471230345,12.119636242226955,4.250744046111383,0.43768436454984394,0.0,0.0,0.0,0.0,12.850913399148865,287.55206555437,100224.7694472803,1.2142301798104596,339.93903657028665
48.45,91.79188085438675,9.316668908222935,1.4346647355917745,-1.031744211564259,0.0,0.0,0.0,0.0,9.482777998408215,287.55335277444647,100227.12756392502,1.2142533129841397,339.93979743399683
48.5,91.60312605585243,9.041056550364932,0.0933053997737524,0.5676164936400262,0.0,0.0,0.0,0.0,9.059337609802153,287.55457968063695,100229.3752306535,1.2142753625454366,339.94052264514977
48.55,90.97735553551615,7.8888521368029165,-1.845673017977502,1.6744466102378588,0.0,0.0,0.0,0.0,8.273105122997482,287.5586471890191,100236.82711371842,1.2143484646818445,339.94292689487025
48.6,90.83335988837484,9.553285745816634,0.031058674374155493,3.926429441159967,0.0,0.0,0.0,0.0,10.328750231217953,287.55958316072554,100238.5419251723,1.2143652866433732,339.94348013280205
48.65,90.65669395223834,10.18060892742807,0.7592623449159688,3.039879227360641,0.0,0.0,0.0,0.0,10.651861018553243,287.56073148931046,100240.64583212735,1.2143859254800877,339.9441588902642
48.7,90.43294468563374,9.896747513852507,-0.4179369031526607,0.5691829494833586,0.0,0.0,0.0,0.0,9.921907671307226,287.5621858595434,100243.31050373994,1.2144120651690589,339.94501854178526
48.75,90.45122620244474,10.471753237774797,-1.116450837027397,0.23009858459240135,0.0,0.0,0.0,0.0,10.53361399060064,287.5620670296841,100243.09278360584,1.2144099293999286,339.9449483037204
48.8,89.8471616922206,10.358689099699077,-0.9158190267725299,0.6978810417504286,0.0,0.0,0.0,0.0,10.422485418673308,287.56599344900053,100250.28697395854,1.2144805017795177,339.94726912765435
48.85,89.68113361170941,9.94186271486848,-0.36506375121843326,1.0282994197838742,0.0,0.0,0.0,0.0,10.001565151538712,287.56707263152384,100252.26438173352,1.214499899258692,339.94790700698616
48.9,89.49194806295509,9.940645102303428,0.6337830727174472,0.9509727614555272,0.0,0.0,0.0,0.0,10.006120888048608,287.56830233759075,100254.51763531323,1.2145220025721695,339.94863385577474
48.95,89.18028519728543,9.570310634165297,0.3874578477845997,0.7401163882342036,0.0,0.0,0.0,0.0,9.606702945670804,287.5703281462176,100258.22971792278,1.2145584160774578,339.94983125767317
49.0,88.8901761603924,11.44197801736378,0.9198936066810729,2.367875607085749,0.0,0.0,0.0,0.0,11.720575928173513,287.57221385495745,100261.6851821452,1.214592312065839,339.9509458464438
49.05,88.91872772225764,12.684223398808461,1.0205628508581872,1.789850248612744,0.0,0.0,0.0,0.0,12.850472196611724,287.5720282698053,100261.34510262616,1.214588976103835,339.95083615250405
49.1,88.68619032310195,10.68547254381509,-0.5433367245000558,-0.49644642984195897,0.0,0.0,0.0,0.0,10.710788828957435,287.5735397628998,100264.11489795698,1.2146161459572469,339.9517295507063
49.15,88.34531444394757,10.292643067465452,-2.1635231988003403,1.4207234193937603,0.0,0.0,0.0,0.0,10.613095164955688,287.57575545611434,100268.17524464634,1.214655975004618,339.95303917622016
49.2,88.35172914657619,11.810241254912194,-0.8999355211678969,5.496151668887655,0.0,0.0,0.0,0.0,13.057540565087526,287.5757137605472,100268.09883461792,1.2146552254806557,339.9530145313483
49.25,88.24088057393953,10.486450139645124,-2.121545456403082,5.018673726249641,0.0,0.0,0.0,0.0,11.817515712932066,287.57643427626937,100269.41923645268,1.2146681775979,339.95344040413
49.3,88.18414202681366,10.365876053308492,-0.4983991194218129,6.111296943121991,0.0,0.0,0.0,0.0,12.043576643248759,287.5768030768257,100270.09509797997,1.2146748072623947,339.9536583896163
49.35,87.74489700051718,7.910433384854355,-1.344209402775192,5.892572860935912,0.0,0.0,0.0,0.0,9.955112765617777,287.5796581694966,100275.32744726414,1.2147261321631824,339.9553459332205
49.4,87.76591951933545,8.265917032236402,-0.6242604648501305,6.712792315892767,0.0,0.0,0.0,0.0,10.666614560773242,287.5795215231243,100275.07701898982,1.2147236756861994,339.9552651666068
49.45,87.66028861691912,6.740061308495534,-1.8099520837178038,5.3835262786334095,0.0,0.0,0.0,0.0,8.814006363758166,287.58020812399,100276.33533976885,1.2147360186737632,339.9556709907747
49.5,87.0136735005871,7.020689268939432,-1.3621516842951347,4.448863876205039,0.0,0.0,0.0,0.0,8.422465482923126,287.58441112224614,100284.03837607133,1.2148115778432387,339.9581552157516
49.55,86.29211775739428,8.057165555499338,-0.38953542387047846,3.494168102016877,0.0,0.0,0.0,0.0,8.790839855231532,287.5891012345769,100292.63473533707,1.2148958983239269,339.9609273330384
49.6,86.32529052775439,10.559786418713648,1.9924762829724134,3.816203331468229,0.0,0.0,0.0,0.0,11.403616041158434,287.5888856115696,100292.239513629,1.2148920216798584,339.96079988834225
49.65,86.03739271909267,12.15689071288815,2.7546149792269348,1.885030693244179,0.0,0.0,0.0,0.0,12.606793256152024,287.5907569473259,100295.66958161704,1.2149256663764205,339.9619059459778
49.7,85.91866994821402,12.578331709004749,1.813810320662621,1.1119026305099609,0.0,0.0,0.0,0.0,12.756984907133486,287.5915286453366,100297.08409443249,1.2149395409223303,339.9623620589512
49.75,85.83153319958741,13.596091654385583,-0.13654362465427128,3.300527700859087,0.0,0.0,0.0,0.0,13.991634484220391,287.59209503420266,100298.12228842893,1.21494972424241,339.96269682333536
49.8,85.88601674186528,12.665567000894423,-3.266355601855372,3.4744997319605986,0.0,0.0,0.0,0.0,13.53358100279863,287.59174089117784,100297.47314124105,1.2149433569630996,339.962487506986
49.85,85.50387223802176,11.239272043380419,-2.650523397577237,4.247153165587025,0.0,0.0,0.0,0.0,12.303853882348122,287.59422483045284,100302.02629489047,1.2149880172408019,339.9639556373794
49.9,85.4070739942247,9.516762360645608,-1.0231890495476748,4.620894338523675,0.0,0.0,0.0,0.0,10.628656836492341,287.59485401903754,100303.17964767957,1.214999330010155,339.96432751780094
49.95,85.19709643020654,8.568435916296524,1.0794186242561898,3.6774887045355613,0.0,0.0,0.0,0.0,9.386541524441151,287.5962188732036,100305.68157098713,1.2150238702752527,339.9651342102221
50.0,84.72130240858397,8.345110715006244,1.749764507251167,3.5565879563599085,0.0,0.0,0.0,0.0,9.238607393318125,287.59931153434417,100311.35093580767,1.2150794781498147,339.96696211000693
50.05,84.72960485615425,9.640195910376901,1.7926297425761675,5.452697459254896,0.0,0.0,0.0,0.0,11.219572548300627,287.59925756843495,100311.25200505118,1.215078507794191,339.9669302138474
50.1,84.58219207041478,10.319359073011992,1.1786256337484013,4.195895701593856,0.0,0.0,0.0,0.0,11.201958346688205,287.6002157515423,100313.00856609573,1.2150957368771214,339.9674965405845
50.15,83.3350348842431,10.663181427672964,0.8586676372622084,2.384728304581096,0.0,0.0,0.0,0.0,10.96027724820049,287.6083222732524,100327.8706057396,1.2152415076597767,339.97228779997926
50.2,83.28632496493321,10.818444648417627,1.5119708366281612,2.016546740835347,0.0,0.0,0.0,0.0,11.10816191724192,287.6086388877279,100328.45110503634,1.2152472012657514,339.972474929679
50.25,82.94183072433725,10.812366362056343,3.093949768726016,1.1733156476760938,0.0,0.0,0.0,0.0,11.30736313769965,287.61087810029176,100332.55668453379,1.215287469097641,339.9737983759399
50.3,82.38372287632666,10.847135897002278,4.597492740397222,1.582687573057622,0.0,0.0,0.0,0.0,11.887060049480343,287.61450580130384,100339.20833595014,1.2153527083286226,339.9759424523594
50.35,82.66934180263404,11.070583577199024,5.4052363294369945,1.8987739711978695,0.0,0.0,0.0,0.0,12.46514111875645,287.61264927828284,100335.80422250002,1.215319320971716,339.97484519514603
50.4,82.20838711361601,9.69361308318712,2.84717941082242,0.03348510595446835,0.0,0.0,0.0,0.0,10.103152302933397,287.61564548376145,100341.29809963357,1.215373204508774,339.9766160349256
50.45,82.43131148773531,10.030803576347187,1.3615288547936735,-0.752234202492951,0.0,0.0,0.0,0.0,10.150696404931807,287.6141964753297,100338.64115054448,1.2153471454204194,339.9757596322725
50.5,81.86413467956837,11.158316412648242,1.0694492501511785,-0.10576243031528432,0.0,0.0,0.0,0.0,11.209947928295218,287.61788312458276,100345.40122269279,1.2154134472674705,339.9779385361293
50.55,81.37767721094934,10.81906701571406,1.1581581740404874,0.379162354366055,0.0,0.0,0.0,0.0,10.887483893791858,287.62104509812883,100351.1995102285,1.215470315387799,339.97980733211944
50.6,81.84611712907461,9.952436161053521,1.9358887130528775,0.7150783320881443,0.0,0.0,0.0,0.0,10.164152088108148,287.618000238661,100345.61597648273,1.215415553528834,339.97800775331143
50.65,81.95215235613509,9.092242943086337,2.954495188398383,0.8600047291260038,0.0,0.0,0.0,0.0,9.598829704109328,287.6173110096851,100344.35213262726,1.2154031579937852,339.9776004025297
50.7,81.18510397768678,9.152347390463808,2.9321946566653523,0.506591749978383,0.0,0.0,0.0,0.0,9.62392141808383,287.622296824145,100353.49494510799,1.2154928282529431,339.98054712691896
50.75,80.86870002542214,8.418269809850761,0.026249339965309648,-0.9476461302071701,0.0,0.0,0.0,0.0,8.471480909934815,287.62435344983476,100357.26650999827,1.2155298182996612,339.98176262982855
50.8,80.74964363730584,10.188257751822432,-0.14913965860041345,2.414611388275507,0.0,0.0,0.0,0.0,10.471541759059509,287.62512731635746,100358.6857030691,1.2155437371267834,339.9822199977884
50.85,80.65112165712397,9.597197768090048,-0.4269701991323593,3.791100758764413,0.0,0.0,0.0,0.0,10.327678999363014,287.6257677092287,100359.8601312273,1.2155552553779987,339.9825984801395
50.9,80.17236027189665,10.394814985579393,0.5506470645739207,4.654071041403917,0.0,0.0,0.0,0.0,11.402445703996328,287.6288796582327,100365.56734966076,1.2156112287863323,339.9844376853946
50.95,79.92311025546368,9.475967908378152,-1.2035803883397174,3.262586490485394,0.0,0.0,0.0,0.0,10.093911241917397,287.6304997833395,100368.53871313047,1.2156403701228025,339.9853951979859
51.0,79.76445288825289,10.415370267738867,-2.6442813342421103,4.267291404003214,0.0,0.0,0.0,0.0,11.562090533956207,287.6315310562263,100370.4301390947,1.2156589199996353,339.98600469073085
51.05,79.78931949908176,11.027712786817915,-2.0228001475389035,5.970865443128919,0.0,0.0,0.0,0.0,12.702495970689455,287.63136942325593,100370.13369111501,1.215656012634874,339.98590916407676
51.1,79.811003985137,9.241213710019428,-1.8901814828416024,4.3164967122094495,0.0,0.0,0.0,0.0,10.373281098034667,287.6312284740966,100369.8751795014,1.2156534773234442,339.9858258617338
51.15,79.91780355489551,8.256355869893614,-1.7855753590296255,4.223819709110318,0.0,0.0,0.0,0.0,9.444381639269418,287.6305342768932,100368.60197623262,1.215640990567276,339.98541558404395
51.2,79.39022749313153,9.215587560484076,-0.16500420430270724,7.133261826718939,0.0,0.0,0.0,0.0,11.654943361548868,287.6339635212946,100374.89156297775,1.2157026744826513,339.98744229795113
51.25,78.83179456240705,9.670679256708155,-0.5844971228088675,7.444126015991672,0.0,0.0,0.0,0.0,12.217965719163779,287.6375933353443,100381.54936276432,1.2157679687755658,339.9895875371404
51.3,78.31179608120148,10.044156999383992,-0.7332930736819757,4.536933049983401,0.0,0.0,0.0,0.0,11.045658425834835,287.64097332547215,100387.74925738003,1.2158287715655753,339.9915851169077
51.35,78.2586457538429,9.204933457856717,-0.5841606567559283,2.5914927842481013,0.0,0.0,0.0,0.0,9.580599067244256,287.6413188026,100388.38298136681,1.2158349864997562,339.99178929380173
51.4,77.56718525856743,9.390881589512398,-0.5591614231316577,6.184907781050561,0.0,0.0,0.0,0.0,11.258525782066732,287.64581329581927,100396.62772441596,1.2159158420541587,339.9944455269687
51.45,77.46033751396796,10.041535618934939,-0.011910001139633142,8.657584689524873,0.0,0.0,0.0,0.0,13.258444557743632,287.6465078061592,100397.90178999623,1.2159283366036016,339.99485597882386
51.5,77.00188249110575,7.6639181522289626,-0.03824859263812678,5.60169667816867,0.0,0.0,0.0,0.0,9.492950546226885,287.64948776380777,100403.36861238765,1.2159819484799816,339.99661711205516
51.55,77.34417098884435,7.907697952505641,1.9100182715283862,5.6163149017621885,0.0,0.0,0.0,0.0,9.885486825715272,287.64726288857247,100399.28698871017,1.2159419209829907,339.9953022278846
51.6,77.01000017377638,9.136608910895802,3.336543113690322,4.092348331743519,0.0,0.0,0.0,0.0,10.552604285601674,287.64943499887045,100403.27181141886,1.215980999179859,339.99658592844145
51.65,76.51683166385719,11.175574306959135,3.0211082455934766,2.851520271866027,0.0,0.0,0.0,0.0,11.922739785083834,287.6526405941849,100409.15283744408,1.2160386724469847,339.99848040187635
51.7,76.01371114242951,11.943233732583645,2.6415675290752576,1.8300559144032615,0.0,0.0,0.0,0.0,12.368015833254377,287.6559108775742,100415.15282846801,1.2160975117019805,340.0004130944119
51.75,76.14219662998983,11.548144889680382,2.01535786971838,0.7796851109779668,0.0,0.0,0.0,0.0,11.74858402567593,287.65507572190506,100413.62054022567,1.2160824852933334,339.9999195299346
51.8,75.69406831344862,9.843510019421267,-0.5214440371201907,-0.029068750307311708,0.0,0.0,0.0,0.0,9.857354532456439,287.65798855596256,100418.96489714537,1.216134894623897,340.00164096807634
51.85,75.46911282860468,11.410452824799986,0.6267934085099964,1.2740125198160839,0.0,0.0,0.0,0.0,11.498452571741367,287.65945076661404,100421.64779235292,1.2161612041826795,340.00250510779944
51.9,75.33729697608233,12.407426032163439,1.6831310563648068,1.1073518196725087,0.0,0.0,0.0,0.0,12.569939496633971,287.66030756965546,100423.21989976843,1.216176620843615,340.003011461689
51.95,75.28583211457533,11.787574708802673,2.047323651174045,-0.25975744499203485,0.0,0.0,0.0,0.0,11.966867826565556,287.6606420912552,100423.83370305454,1.2161826400109155,340.00320915722654
52.0,75.15733711476102,12.897410909189094,3.8852400451034326,0.7085653343529964,0.0,0.0,0.0,0.0,13.488527095335204,287.66147730875406,100425.36623094477,1.2161976684788587,340.00370275346853
52.05,74.57012025479146,10.472990470006929,2.658306455751562,-1.0522266669230114,0.0,0.0,0.0,0.0,10.856210368085646,287.66529421834383,100432.37006134535,1.21626634976695,340.00595845885675
52.1,74.31499868241696,9.205680615810959,2.1879811121425328,-1.217699131666323,0.0,0.0,0.0,0.0,9.5401576571182,287.6669525085643,100435.41306081961,1.2162961898862372,340.00693846540355
52.15,74.20737197148756,10.320658192096534,4.146781717271881,1.1451111242283012,0.0,0.0,0.0,0.0,11.181371276172749,287.6676520821853,100436.69681638025,1.2163087785384523,340.0073518944375
52.2,73.64629987127773,9.006158165916837,3.115957517290725,0.11413303995219688,0.0,0.0,0.0,0.0,9.530640194125462,287.6712990508367,100443.38941695936,1.2163744064408277,340.009507145844
52.25,73.36618572955236,8.312227586316988,1.4750686979594072,-0.6511681583300417,0.0,0.0,0.0,0.0,8.46717042942043,287.67311979275786,100446.73081976897,1.2164071720557503,340.01058314575386
52.3,73.06380641313119,9.093045897864842,-0.4834968003860302,1.0174074633819579,0.0,0.0,0.0,0.0,9.162552635767256,287.67508525831465,100450.33791860864,1.2164425428387822,340.0117446688554
52.35,72.70446768678964,8.070842809769873,-3.4869609630886154,2.886692544703959,0.0,0.0,0.0,0.0,9.253669232567553,287.6774209600358,100454.62462564281,1.2164845774648536,340.01312498374176
52.4,72.51792458078111,8.200244145420362,-3.243971754649046,4.718982196386305,0.0,0.0,0.0,0.0,10.001807324642515,287.6786334902249,100456.85003741876,1.2165063992908431,340.01384154283585
52.45,72.52767089919763,7.140441097653427,-3.522775073070453,4.557890833776358,0.0,0.0,0.0,0.0,9.17443252398355,287.67857013915517,100456.73376533223,1.216505259158397,340.0138041048073
52.5,72.50994986477748,7.042073907884251,-1.5109193144011908,5.7509081249621,0.0,0.0,0.0,0.0,9.216649410739775,287.6786853258789,100456.94517464068,1.2165073321803703,340.01387217569663
52.55,72.25078486924355,6.058900312957257,-1.0369836680883295,6.395403387548946,0.0,0.0,0.0,0.0,8.870557627325804,287.6803698983499,100460.03701570324,1.2165376498350613,340.0148676911789
52.6,72.11337990552626,5.593172670285243,-1.2812804871135748,6.367970888562079,0.0,0.0,0.0,0.0,8.571832560418914,287.68126303061405,100461.67628958981,1.216553723985049,340.0153954957229
52.65,71.5582441293379,5.619558758161644,-1.3268534532154894,4.7491168236784045,0.0,0.0,0.0,0.0,7.476235103826415,287.68487141315927,100468.29941191888,1.2166186675125765,340.01752789349894
52.7,71.18641135209084,6.410582762733017,-0.28625331053009573,4.217910157693383,0.0,0.0,0.0,0.0,7.6790805708764465,287.6872883262114,100472.73581078899,1.216662168502094,340.0189561769381
52.75,70.83688375007412,8.622978898988546,1.6062308820264266,5.509407261014025,0.0,0.0,0.0,0.0,10.358055372824147,287.6895602556245,100476.90622753158,1.2167030610777874,340.02029877630514
52.8,70.8142438348411,9.681053987137577,2.1397495259290125,5.185877588162292,0.0,0.0,0.0,0.0,11.189041991832445,287.6897074150735,100477.17636233768,1.2167057098446237,340.02038574017234
52.85,70.43318194662915,11.077095232013939,1.6941127926543174,3.316500611736872,0.0,0.0,0.0,0.0,11.686369549222377,287.6921843173469,100481.72320256373,1.216750293009788,340.02184946207825
52.9,70.16512739803339,10.664336672300019,0.28891120340712223,-0.09888689711671614,0.0,0.0,0.0,0.0,10.668707745647481,287.6939266719128,100484.92173613409,1.2167816553840267,340.022879100277
52.95,69.74346783126374,10.905934514453739,1.3824131802175106,1.1283819531825199,0.0,0.0,0.0,0.0,11.050960124200087,287.6966674590968,100489.95331276741,1.2168309907923942,340.0244987523505
53.0,69.17002086817445,10.328924350189842,2.4586368298577344,2.2947250195233035,0.0,0.0,0.0,0.0,10.862657879557092,287.70039486435684,100496.79646447621,1.2168980882279514,340.0267014281953
53.05,68.92030926163812,9.74627247004924,4.244502132175522,1.4961891618414855,0.0,0.0,0.0,0.0,10.735185485984589,287.70201798979934,100499.77648206231,1.2169273071737177,340.0276605947826
53.1,68.32955164479137,10.27185124179548,4.120963519421839,1.5599103411779232,0.0,0.0,0.0,0.0,11.177056344784829,287.7058579143088,100506.82677198853,1.2169964343104542,340.0299297415204
53.15,68.45392232872261,10.806758976602435,1.568246772615084,0.7168713440441268,0.0,0.0,0.0,0.0,10.94346115459394,287.70504950486327,100505.34245927549,1.216981880902243,340.02945202514354
53.2,68.64398164436282,12.726831837760615,1.5282603686256717,1.659207877997013,0.0,0.0,0.0,0.0,12.92520015950842,287.70381411931163,100503.07421417908,1.2169596411048123,340.02872199290425
53.25,68.43523512621448,11.638087142505597,1.075105217739262,0.7490745193385469,0.0,0.0,0.0,0.0,11.711619708703257,287.7051709716796,100505.56548218132,1.216984067602684,340.0295238040204
53.3,67.73194490115522,10.412920248206813,0.9243476778862796,0.5217584870912916,0.0,0.0,0.0,0.0,10.46687912627164,287.7097423581425,100513.9592090581,1.217066365950019,340.0322251808889
53.35,67.667463437163,9.869684039141012,0.024883285687536782,-0.06677921902887418,0.0,0.0,0.0,0.0,9.869941320720988,287.7101614876584,100514.72881989033,1.2170739117221414,340.0324728567042
53.4,67.40768043349324,9.799827552000105,-1.6612699474265995,-0.20262922360319646,0.0,0.0,0.0,0.0,9.941704908586916,287.71185007718225,100517.82947732069,1.2171043125009755,340.03347069151476
53.45,67.04994838290924,10.550783321609616,-2.427341354238389,1.2000463938524635,0.0,0.0,0.0,0.0,10.8927097683244,287.7141753355111,100522.09933891534,1.2171461765944604,340.0348447469492
53.5,66.89237677394925,10.108194730238536,-2.126866730591354,2.0640533075290515,0.0,0.0,0.0,0.0,10.533730528660778,287.7151995509693,100523.98014782844,1.2171646169818355,340.03544998065723
53.55,66.78406681182759,10.226210198240532,-0.470070444384757,3.1941617338946253,0.0,0.0,0.0,0.0,10.723759155424904,287.7159035657231,100525.27297556156,1.2171772924707918,340.035865999393
53.6,67.19837186685558,10.048555251918394,-0.060198679743050154,3.3371595309944464,0.0,0.0,0.0,0.0,10.588376658733228,287.71321058286543,100520.32775006864,1.2171288069949784,340.0342746502713
53.65,66.34594791441467,8.672084630393806,-1.3387861266406331,2.81255783879353,0.0,0.0,0.0,0.0,9.214547288182793,287.7187513385563,100530.50266200307,1.2172285664509803,340.03754880957723
53.7,66.57201257403392,8.360034927267169,-1.9132077741093287,3.253485395877587,0.0,0.0,0.0,0.0,9.172552272580848,287.7172819182688,100527.80417229056,1.2172021094199161,340.0366804985819
53.75,66.13924623153326,8.929755447737843,-1.658094275555596,3.1201842889543783,0.0,0.0,0.0,0.0,9.603403510218222,287.720094899495,100532.97007097547,1.21725275775933,340.0383427457263
53.8,65.87445205528533,10.436436192351826,1.0256350737841071,1.9202175543762445,0.0,0.0,0.0,0.0,10.661067636861793,287.7218160616406,100536.13100477486,1.2172837484535424,340.03935981102467
53.85,65.19269138141419,10.397893103407068,2.642445816908957,1.3605623535291276,0.0,0.0,0.0,0.0,10.814334505785395,287.7262475060208,100544.26977297371,1.2173635423991755,340.0419784162605
53.9,65.08988272850775,11.027338468525388,1.4936001390847564,2.717388628026278,0.0,0.0,0.0,0.0,11.455009211284834,287.7269157622647,100545.49713528152,1.2173755755731102,340.04237329688976
53.95,64.72798612194431,11.438964515339194,0.11106393653966774,3.437564787944849,0.0,0.0,0.0,0.0,11.944835538947668,287.7292680902073,100549.81766827684,1.217417934257092,340.0437633120355
54.0,64.90215403981217,11.16760115337299,-2.3148033356452733,3.102184395682181,0.0,0.0,0.0,0.0,11.819356075029903,287.7281359987412,100547.7383312143,1.217397548393854,340.04309434807544
54.05,64.37515099979011,12.305853527928987,-1.1986235940390575,5.283630931622209,0.0,0.0,0.0,0.0,13.445723684228543,287.73156151850134,100554.0301647141,1.2174592334127803,340.0451185172934
54.1,64.26431430013476,9.741931289963993,-1.7412657082705691,3.680009712958822,0.0,0.0,0.0,0.0,10.558394907023027,287.7322819570491,100555.35347291153,1.2174722070083328,340.04554422912133
54.15,64.19926877118357,9.575618895549331,0.25753942977225486,5.01055585975623,0.0,0.0,0.0,0.0,10.810387311027588,287.7327047529873,100556.13007497293,1.2174798207305584,340.0457940617454
54.2,63.77861481054514,7.605416656896768,-0.27767995487688013,5.6534656132564916,0.0,0.0,0.0,0.0,9.480566550719256,287.7354390037314,100561.15253179354,1.2175290600813633,340.0474097422734
54.25,63.63284179294227,7.954428678643184,0.4657065490776368,7.1121176630697835,0.0,0.0,0.0,0.0,10.680451106897317,287.73638652834586,100562.89305652549,1.2175461237939278,340.0479696368534
54.3,63.14351214178978,9.174332064584792,2.0597080097906466,7.148824333687514,0.0,0.0,0.0,0.0,11.8117083976361,287.73956717107836,100568.73581382325,1.2176034044599757,340.0498490795743
54.35,63.38667571844655,8.60249921244713,1.6359749260448018,2.931575327577177,0.0,0.0,0.0,0.0,9.234367361116842,287.73798660783007,100565.8323262235,1.2175749396046551,340.048915125587
54.4,62.99471877148379,8.863827445331216,2.2808913399302555,0.38849829522538704,0.0,0.0,0.0,0.0,9.160831469390143,287.74053432798536,100570.51251020003,1.2176208225407088,340.05042057081397
54.45,62.370865689239075,9.904354396882338,2.8426323401508835,0.7814955786899249,0.0,0.0,0.0,0.0,10.333805203303674,287.74458937301995,100577.9620267795,1.2176938542362317,340.0528166790205
54.5,61.806600170037825,10.303831125301471,0.22067565755269247,1.6688569535799493,0.0,0.0,0.0,0.0,10.440436635317502,287.7482570988947,100584.7003847991,1.2177599131679886,340.05498390750404
54.55,61.372914977458855,13.232950562298821,0.23138131513281146,3.513832758208673,0.0,0.0,0.0,0.0,13.693485259417987,287.7510760526465,100589.87962433239,1.2178106868391936,340.0566495942655
54.6,61.112706946518436,14.374605395910175,-0.05854525552091583,1.927992708021782,0.0,0.0,0.0,0.0,14.503443167650193,287.7527674048476,100592.98723486555,1.2178411514581498,340.0576489905588
54.65,60.76916624337401,10.564395098092529,-1.5117151217214269,-2.757740224611967,0.0,0.0,0.0,0.0,11.022561296916681,287.755000419418,100597.09018928632,1.2178813733872984,340.0589684430504
54.7,60.09903685209564,10.217624376936879,0.5801399335478077,0.6208848239644282,0.0,0.0,0.0,0.0,10.25289755217036,287.75935626046135,100605.0940278313,1.2179598354193337,340.0615422249208
54.75,60.14828060289271,8.223914360562157,2.0308924042796166,1.6025056125942918,0.0,0.0,0.0,0.0,8.621213116842508,287.75903617608117,100604.50585665302,1.2179540695881064,340.06135309394057
54.8,60.44215598099944,9.94260965842838,5.286479592250247,2.8416748783454464,0.0,0.0,0.0,0.0,11.61367596471381,287.75712598612347,100600.99584423775,1.2179196608677088,340.060224401566
54.85,59.95414479179298,9.813103524801678,4.71720264629928,0.7716507084185864,0.0,0.0,0.0,0.0,10.915330797118838,287.7602980588533,100606.82464598503,1.2179768006000207,340.06209871273717
54.9,59.19147750886014,10.652145502335786,3.541940257661234,-0.1812168685722023,0.0,0.0,0.0,0.0,11.227038084251294,287.7652553961924,100615.93448555697,1.2180661030783768,340.06502787859245
54.95,59.546069556112364,9.387771522771105,-0.41975651127132474,-0.975217204142633,0.0,0.0,0.0,0.0,9.447618656982433,287.7629505478852,100611.69890328204,1.2180245824513445,340.0636660048801
55.0,59.552622459084326,9.622960305134809,-2.5224861587006986,2.700492623448474,0.0,0.0,0.0,0.0,10.308101758536168,287.76290795401593,100611.62063057943,1.2180238151554366,340.0636408372415
55.05,59.26597586292466,8.8705645356855,-3.075634934644063,4.804875728801232,0.0,0.0,0.0,0.0,10.546718741020236,287.76477115689096,100615.04459488217,1.2180573796728267,340.0647417548896
55.1,59.113619787578244,9.09291966353842,-1.7026417131622016,4.664317625737961,0.0,0.0,0.0,0.0,10.360310599819554,287.7657614713807,100616.86451103709,1.218075219901044,340.06532690426377
55.15,58.62496576880322,8.436561419919673,-0.6698648885480476,1.5258714783464677,0.0,0.0,0.0,0.0,8.599568089701819,287.76893772250276,100622.70173637738,1.2181324404922473,340.0672036561923
55.2,58.65533852775013,8.586098044461195,0.359332328042123,-0.23381323789965142,0.0,0.0,0.0,0.0,8.5967940525113,287.76874029956963,100622.33891004894,1.218128883831616,340.0670870051791
55.25,58.40953546525145,9.01179377913914,0.15990376351889704,2.2017325047315417,0.0,0.0,0.0,0.0,9.278233794947711,287.77033801947584,100625.27525002194,1.2181576676837076,340.06803104656393
55.3,58.079655728017265,10.588335359331012,0.12484928198675593,5.905132816086736,0.0,0.0,0.0,0.0,12.12431551059673,287.77248223776786,100629.216070986,1.2181962978393788,340.06929799217653
55.35,57.59044266063283,9.70609931128523,-2.453739642243299,4.480773456852265,0.0,0.0,0.0,0.0,10.968433472655962,287.77566212270585,100635.06055549529,1.2182535882516945,340.07117686927216
55.4,57.49872362047957,9.072645349279476,-1.1366926013590697,1.432487560650198,0.0,0.0,0.0,0.0,9.255105851107512,287.77625829646684,100636.15632646512,1.2182643294485784,340.0715291252726
55.45,56.80458866539919,9.403621253893988,-0.5040089171991468,1.8601252752894852,0.0,0.0,0.0,0.0,9.599072023642378,287.7807701736749,100644.44949723684,1.218345621791532,340.0741950070524
55.5,57.00291816396861,10.220471552812835,1.3601512444193797,5.362823649059807,0.0,0.0,0.0,0.0,11.621872812093029,287.77948103193415,100642.07990097234,1.2183223943723802,340.0734333086067
55.55,56.441635749189246,8.07529331756693,-0.7361560711789952,4.58011313150765,0.0,0.0,0.0,0.0,9.312879480766602,287.78312936763024,100648.78609407583,1.2183881300092798,340.0755889489417
55.6,56.33499187146108,8.176598030503712,-2.400449509112224,4.685653997770814,0.0,0.0,0.0,0.0,9.724930158364115,287.7838225528355,100650.06031428638,1.218400620112679,340.0759985199014
55.65,55.77289123404862,9.11718361680576,-1.1581279659305972,4.609909437619864,0.0,0.0,0.0,0.0,10.281807356252042,287.7874762069787,100656.77671497915,1.218466454812898,340.0781572863781
55.7,55.73423298604201,10.369488487654348,0.6343275962903614,3.3002575998170753,0.0,0.0,0.0,0.0,10.90047536670589,287.7877274855907,100657.23864610582,1.2184709826682654,340.0783057541812
55.75,55.462101070938054,11.514285817504865,1.511691987336932,2.2568985013364697,0.0,0.0,0.0,0.0,11.830366917264534,287.7894963430389,100660.49042512751,1.218502856539868,340.07935088061
55.8,54.52677744179637,12.60017652971593,2.250755964999147,3.179728072079175,0.0,0.0,0.0,0.0,13.188670198558752,287.7955759466283,100671.6675127721,1.2186124126309397,340.0829429796083
55.85,55.08865838256521,12.12790628328628,-0.6350256083747975,3.55404510985628,0.0,0.0,0.0,0.0,12.653877073148765,287.7919237205133,100664.95293287333,1.2185465976308194,340.08078508725345
55.9,54.51973375066424,11.203959815387481,-3.082891173992212,4.842492630893794,0.0,0.0,0.0,0.0,12.588989968053722,287.79562173062067,100671.75168846971,1.2186132376993788,340.08297003067435
55.95,54.555143044570386,9.193428582319926,-2.1995982220699704,4.425597617459567,0.0,0.0,0.0,0.0,10.437589554509898,287.79539157021026,100671.32852994466,1.2186090900075217,340.08283404241445
56.0,54.04253169584447,9.714404315951857,0.8035584035694192,4.604563478021672,0.0,0.0,0.0,0.0,10.780415675884772,287.79872354397696,100677.45462886622,1.2186691361419615,340.0848027045872
56.05,54.156067774683414,8.176123300021386,0.40797537008916734,2.778909408827694,0.0,0.0,0.0,0.0,8.645101134296988,287.7979855594645,100676.09775958859,1.2186558365872313,340.0843666750679
56.1,53.4701218316133,8.909072436923429,0.27027553188953796,4.015597704360994,0.0,0.0,0.0,0.0,9.775972865794802,287.80244420809447,100684.2957226606,1.218736189614292,340.0870010069584
56.15,53.7976892892485,11.577930124520233,1.7881571497115165,5.89008167802309,0.0,0.0,0.0,0.0,13.112552540757303,287.80031501961986,100680.38079000312,1.2186978172266723,340.0857430074578
56.2,53.1026171529572,11.16067923598092,1.9045791831722787,4.521200807350309,0.0,0.0,0.0,0.0,12.191367421819995,287.8048329885058,100688.68811298338,1.218779241486664,340.08841237697413
56.25,53.15135502222074,10.738968376120976,2.1833436038178657,3.8444579700069745,0.0,0.0,0.0,0.0,11.61345289562105,287.80451619235555,100688.10559244048,1.2187735319508646,340.0882252037285
56.3,52.92439180433635,10.457013497854703,0.5724975139055767,2.609693327145549,0.0,0.0,0.0,0.0,10.792932129847362,287.8059914532718,100690.81830580579,1.2188001203743808,340.08909683394194
56.35,52.20036392616957,11.983035986811917,0.7224142197535184,4.1428101921727984,0.0,0.0,0.0,0.0,12.699524008973814,287.8106976344799,100699.47243879136,1.2188849421933439,340.09187737781747
56.4,52.098993947002995,10.808400835735744,-0.26813809647152165,3.985468536464154,0.0,0.0,0.0,0.0,11.5229070168885,287.81135653934444,100700.68413810106,1.2188968183202438,340.0922666754808
56.45,51.37560998552462,10.598627932253388,0.04266267132190704,3.469971301360691,0.0,0.0,0.0,0.0,11.15228384601705,287.81605853509404,100709.33126022699,1.2189815698443633,340.0950447205873
56.5,50.90931881944301,10.189809316889368,-0.14276288220465666,1.0645863010909025,0.0,0.0,0.0,0.0,10.246264643643125,287.8190894276736,100714.905488309,1.219036202816177,340.0968354282339
56.55,50.493801032152525,10.611614193427927,1.683043959028443,-0.16422698117505213,0.0,0.0,0.0,0.0,10.74550898094311,287.821790293291,100719.87296194534,1.2190848885069865,340.0984311418752
56.6,50.53912729739396,11.435160547590009,3.349612604386743,0.45995408334973686,0.0,0.0,0.0,0.0,11.924527626175205,287.8214956725669,100719.33108133245,1.2190795776138388,340.09825707570815
56.65,50.1615376265693,10.830579105487411,1.6461357832168253,1.097535489279299,0.0,0.0,0.0,0.0,11.009804309216168,287.82395000542726,100723.84528051202,1.2191238204580597,340.0997071281907
56.7,49.7038821804129,10.563734399152608,-0.35937038497059776,1.752577467648508,0.0,0.0,0.0,0.0,10.714156957481222,287.8269247658273,100729.31690997032,1.2191774463963514,340.1014646478945
56.75,49.21501923046318,8.967849686836669,-2.7353257955065535,0.633628946834167,0.0,0.0,0.0,0.0,9.397117688713188,287.83010237500196,100735.16191544797,1.219234731078272,340.10334200275366
56.8,49.62031642290381,8.805892514458534,-1.323305519098401,0.6826592726538652,0.0,0.0,0.0,0.0,8.9308960443851,287.8274679432511,100730.3160300656,1.2191872384382931,340.1017855618437
56.85,49.088111368282725,10.233255110775408,2.525547884775203,2.428484223370122,0.0,0.0,0.0,0.0,10.81644294135836,287.83092727610614,100736.67931229714,1.219249602405907,340.10382935869563
56.9,49.006254717239635,9.85847841317587,3.8245244447400437,1.1520825890033746,0.0,0.0,0.0,0.0,10.636911118522777,287.83145934433793,100737.65805599625,1.2192591946124003,340.10414370705496
56.95,48.91547012794805,10.973686381214527,4.148023907666884,-0.617476822291422,0.0,0.0,0.0,0.0,11.747730536486456,287.8320494441683,100738.74355828324,1.2192698330888454,340.1044923404099
57.0,48.58779798158783,11.973643781518348,1.952603997108715,-1.3907101680867853,0.0,0.0,0.0,0.0,12.211260481532523,287.83417931311965,100742.66158026952,1.2193082315226103,340.1057506725862
57.05,48.238624548193556,10.903514214406684,-1.670082647092792,-0.27155348841190374,0.0,0.0,0.0,0.0,11.034017381215138,287.8364489404367,100746.83683197237,1.2193491506142529,340.10709156924867
57.1,47.64018043166547,10.982525909902126,-0.7626268386905882,2.714667783121278,0.0,0.0,0.0,0.0,11.338734331021223,287.84033882719416,100753.99307114106,1.2194192837928148,340.109389703496
57.15,47.48945945490233,10.131579396906513,0.2449232080371665,2.4292679577203016,0.0,0.0,0.0,0.0,10.421623254755582,287.8413185135431,100755.79546865466,1.2194369476515021,340.10996849701064
57.2,47.59055597632188,10.12056756951942,-0.08871203434097874,2.331288070696857,0.0,0.0,0.0,0.0,10.385983912120151,287.8406613861539,100754.5865025421,1.2194250995467175,340.1095802697326
57.25,47.38269714016799,10.385481545498385,-0.5183995839391498,4.494186755212201,0.0,0.0,0.0,0.0,11.3280483602093,287.8420124685889,100757.07220209745,1.2194494598600363,340.1103784813863
57.3,47.342517236278454,9.641816788759797,-1.5449786272523154,5.674157334962306,0.0,0.0,0.0,0.0,11.293699633361218,287.8422736379642,100757.5527030062,1.2194541688442255,340.1105327785199
57.35,47.135107419589104,8.159466498548253,-2.783470056139587,4.465904922863433,0.0,0.0,0.0,0.0,9.709217572719897,287.84362180177266,100760.03309199348,1.219478476976968,340.1113292636374
57.4,46.592481278087234,9.144180412873602,-0.8907704142938008,4.631476193125273,0.0,0.0,0.0,0.0,10.288832736595953,287.8471488716924,100766.52252647238,1.2195420737352465,340.1134130214024
57.45,46.776708682554414,10.493528639663918,2.82606627048541,2.9932851251655253,0.0,0.0,0.0,0.0,11.272113808738775,287.8459513935634,100764.31925580658,1.2195204816681096,340.1127055646868
57.5,46.05942718101804,8.632532464807435,3.989641560342465,-0.09817356900624463,0.0,0.0,0.0,0.0,9.510388771528618,287.85061372332336,100772.89781542514,1.2196045511032805,340.1154600087917
57.55,45.433435634803125,9.225197582980476,2.0132146220198974,0.9414560554027815,0.0,0.0,0.0,0.0,9.489132893136132,287.85468266837375,100780.38504662119,1.2196779244642302,340.11786387065786
57.6,45.18805269334892,10.869198104180985,-1.4135888684764255,2.4031332144168935,0.0,0.0,0.0,0.0,11.221085070671448,287.8562776574932,100783.3200954302,1.2197066870697044,340.1188061578142
57.65,45.439151479526636,11.795472617634163,-2.2738383620332363,2.5170926349571703,0.0,0.0,0.0,0.0,12.273519075756836,287.854645515383,100780.31667968113,1.2196772544866497,340.1178419213949
57.7,44.44232735785649,10.214899063866783,-1.2143289732754168,0.49449348971050466,0.0,0.0,0.0,0.0,10.298702906273618,287.8611248721739,100792.2402122213,1.2197941005833415,340.12166977771426
57.75,45.04642533825567,8.078246139006195,-0.4472103144864995,-0.2981539252262455,0.0,0.0,0.0,0.0,8.09610730603785,287.8571982353013,100785.01414525964,1.2197232881817013,340.1193500152859
57.8,44.3223936558203,9.836317517693024,2.5537308760749307,2.3192288719593637,0.0,0.0,0.0,0.0,10.423699259707321,287.86190444123713,100793.67487868456,1.2198081595932984,340.1221303264461
57.85,44.21958181569449,10.837919387432486,2.907373999483937,3.4269672900026578,0.0,0.0,0.0,0.0,11.73275010507376,287.86257271819795,100794.90474381213,1.2198202116228356,340.1225251262583
57.9,44.344026832259296,11.893913371329045,2.8044163476798145,3.383978754863431,0.0,0.0,0.0,0.0,12.679954201383406,287.8617638255903,100793.41609788484,1.2198056236743964,340.1220472544965
57.95,43.55189244653893,10.812575863213759,1.330138608440423,0.14701264446604984,0.0,0.0,0.0,0.0,10.895075870917536,287.8669126990975,100802.89213390695,1.2198984831517885,340.1250890575206
58.0,43.297676554610625,9.497795488584497,0.11713986105652241,-1.5421186563344589,0.0,0.0,0.0,0.0,9.622887863850393,287.868565102395,100805.93338563043,1.2199282852450761,340.12606524302055
58.05,42.99247353186927,10.042334890580184,1.233905847632253,-0.1304900707054758,0.0,0.0,0.0,0.0,10.11869761154754,287.8705489220428,100809.58470798396,1.219964065368537,340.1272372146949
58.1,42.97738815016852,10.435607691007915,1.4885790078036023,0.9389755967576282,0.0,0.0,0.0,0.0,10.582979283472278,287.8706469770239,100809.7651860101,1.2199658339066397,340.1272951420638
58.15,42.520660741158025,11.084635970310442,0.6848275990039677,1.7691491673759472,0.0,0.0,0.0,0.0,11.245800647845606,287.87361570518243,100815.22949122633,1.2200193793753578,340.1290489556011
58.2,42.325259476214484,12.142787493334593,-0.46917578883330324,2.728734182770071,0.0,0.0,0.0,0.0,12.454453190298167,287.8748858134046,100817.56735312518,1.2200422882328599,340.12979928526244
58.25,42.40613817600447,11.172957883667715,-2.1734083212606286,1.551563809063938,0.0,0.0,0.0,0.0,11.487647359435025,287.8743601018559,100816.59968144106,1.220032805968715,340.12948871589015
58.3,42.185851231138166,9.414902366705366,-2.8646533358851816,-0.06548726902968505,0.0,0.0,0.0,0.0,9.8412861909304,287.87579196699755,100819.2353181082,1.2200586326660792,340.13033460392404
58.35,41.39806364650934,9.686994771995904,-0.6090422105501538,1.7629080434952562,0.0,0.0,0.0,0.0,9.86491991334588,287.88091258629765,100828.66130754109,1.220150997220316,340.13335964156096
58.4,41.37427677055466,9.376659771284759,0.11849355488874531,2.5655496161245286,0.0,0.0,0.0,0.0,9.722028287439656,287.88106720099137,100828.94593196131,1.2201537862078298,340.13345098073256
58.45,41.4341003355464,9.019233524562903,-1.0436775071122657,2.622587963739442,0.0,0.0,0.0,0.0,9.450598062398084,287.8806783478189,100828.23010790559,1.2201467719637102,340.1332212643128
58.5,41.262357564392595,9.922086611736242,-2.8072144334243427,2.432315572274849,0.0,0.0,0.0,0.0,10.594546457925995,287.88179467583143,100830.28512198046,1.2201669086887368,340.13388073871204
58.55,41.504044039844416,11.128856371542163,-1.7189023274448227,1.7199098398325932,0.0,0.0,0.0,0.0,11.39140725313878,287.880223713741,100827.39319566343,1.2201385711840271,340.13295268738824
58.6,40.52984959976506,13.111708783686183,2.0516087197583417,3.9317450744720057,0.0,0.0,0.0,0.0,13.841409787222426,287.8865559776015,100839.05043750934,1.2202527976122737,340.1366934788405
58.65,40.39516726633932,10.35051864475146,-0.07991021124653763,1.2469588403128833,0.0,0.0,0.0,0.0,10.425666799137767,287.88743141276876,100840.66213648532,1.2202685900540273,340.1372106398378
58.7,40.522375164821426,10.946905870928632,-0.7960727855138626,3.715680656592202,0.0,0.0,0.0,0.0,11.587698769323485,287.8866045614286,100839.13988105554,1.2202536740377374,340.13672217962784
58.75,40.12544399810611,11.345917190586237,-2.6333873172850213,6.259613328725389,0.0,0.0,0.0,0.0,13.22298471161615,287.88918461401227,100843.8898884162,1.220300217456171,340.13824633644646
58.8,40.28495472311302,11.861645079323837,-1.8907924105513132,6.079012571888149,0.0,0.0,0.0,0.0,13.462099159374068,287.88814779429975,100841.98102908678,1.2202815133587603,340.13763383973736
58.85,39.54398951392951,10.777903965419055,-0.5241215193661325,2.2513370097024508,0.0,0.0,0.0,0.0,11.022995762773132,287.8929640681594,100850.8483818371,1.2203684001913113,340.14047902311074
58.9,39.50460841583173,10.936154050285525,1.0743015538959702,3.5647481757545503,0.0,0.0,0.0,0.0,11.552533003494307,287.8932200452971,100851.31968491155,1.2203730182178776,340.14063023932255
58.95,39.13173478693008,11.048656543202505,-1.233668754379358,5.7364066019674524,0.0,0.0,0.0,0.0,12.510040395949137,287.8956437238849,100855.7822310804,1.2204167439263869,340.1420620025075
59.0,38.90070548564638,9.967592353005156,-4.567840094831985,6.301566587821063,0.0,0.0,0.0,0.0,12.646256438503228,287.8971454143433,100858.54726662299,1.2204438366015868,340.14294910766876
59.05,38.64774750171477,9.431045850998515,-3.1473694856688192,5.80452652505259,0.0,0.0,0.0,0.0,11.512735934737433,287.8987896412388,100861.57482233338,1.2204735013686752,340.1439204118231
59.1,38.01766068663536,8.050952972655988,0.16080116777826028,3.9178465314776876,0.0,0.0,0.0,0.0,8.955066846634306,287.90288520553685,100869.11640626729,1.2205473950050454,340.14633979737175
59.15,38.219840863276346,6.907431095940519,0.9845828470011533,4.439198262744294,0.0,0.0,0.0,0.0,8.269733305477686,287.90157103438867,100866.6964379681,1.220523683886092,340.14556347480084
59.2,37.66973096904341,7.344593406740166,0.6225565151246879,6.197145249806831,0.0,0.0,0.0,0.0,9.62991371571203,287.9051467487012,100873.28101406367,1.2205882000427288,340.1476757584866
59.25,37.20753862638842,8.974057164920392,1.489973349059323,5.069614606959833,0.0,0.0,0.0,0.0,10.414159344050129,287.9081509989285,100878.81352437827,1.220642407362695,340.14945045073847
59.3,36.983290979280724,10.717016706666218,4.201982368474224,2.3427685867816157,0.0,0.0,0.0,0.0,11.74732597518013,287.90960860863464,100881.49789021748,1.2206687084705365,340.15031149706743
59.35,36.46716418278218,11.018151006198146,3.641561027804997,1.2143128599438815,0.0,0.0,0.0,0.0,11.667697889319832,287.9129634328119,100887.67642738427,1.2207292445613467,340.15229326691906
59.4,36.29279767889337,10.959656937007075,0.8842579320935823,1.420205655831277,0.0,0.0,0.0,0.0,11.086612484082453,287.9140968150872,100889.76383239868,1.2207496963853273,340.1529627786286
59.45,35.67118886651236,11.642227506908636,0.1727834886146863,1.7029852834356358,0.0,0.0,0.0,0.0,11.767390294035305,287.91813727236763,100897.2056227763,1.2208226083589724,340.1553495473008
59.5,35.414182733431325,12.849956419990018,2.1693363556497314,2.1683922398026114,0.0,0.0,0.0,0.0,13.210954739352585,287.91980781223265,100900.28258446117,1.220852755018968,340.1563363594774
59.55,35.15724140828739,11.311871936184712,2.5244392078783893,-0.9759506979519691,0.0,0.0,0.0,0.0,11.631152985828614,287.9214779308461,100903.35884619688,1.2208828946463308,340.1573229199529
59.6,34.98249535070971,11.836093857139186,2.698561234931884,-1.7264512339379419,0.0,0.0,0.0,0.0,12.261973103740315,287.9226137802204,100905.45105833287,1.2209033929628883,340.15799387910494
59.65,34.344251818624954,12.247389444343405,1.2295149472259297,-1.5908426109734641,0.0,0.0,0.0,0.0,12.41132690004397,287.9267623631789,100913.09296474299,1.2209782633722936,340.16044448302733
59.7,33.99778414151948,12.417802941311365,0.6631296920415309,-0.21166682749877447,0.0,0.0,0.0,0.0,12.437297685734297,287.9290144030801,100917.2415360641,1.2210189079136202,340.1617747751293
59.75,33.98070247363654,12.391998565052603,2.0820459764388652,0.9594445674261647,0.0,0.0,0.0,0.0,12.602264787022792,287.92912543392134,100917.44607391806,1.2210209118114685,340.1618403615108
59.8,33.92676808725961,10.71794530133662,1.3268656154047285,-0.9840585958166186,0.0,0.0,0.0,0.0,10.844505298250708,287.9294760074328,100918.09189266081,1.2210272390204746,340.16204744666476
59.85,34.25007166170436,10.084109956424394,-0.3050129059420869,-1.4875346027310656,0.0,0.0,0.0,0.0,10.197797099392158,287.9273745341989,100914.22065540087,1.220989311657721,340.16080609626164
59.9,34.50376738639894,9.806378139831285,-1.908628989255306,0.7738577299038205,0.0,0.0,0.0,0.0,10.020317990269497,287.9257255119884,100911.18298679066,1.2209595507565083,340.15983200769426
59.95,33.5732810556428,9.882424189365743,-2.232429721175298,4.094656700008379,0.0,0.0,0.0,0.0,10.927591857745762,287.9317736731383,100922.32468427614,1.2210687082939604,340.1634046837256
60.0,33.555397862330295,8.307043721282158,-1.5441267869110162,4.975080413367429,0.0,0.0,0.0,0.0,9.805239825767735,287.93188991389485,100922.5388284296,1.2210708062865023,340.16347334729653
60.05,33.37989000750176,6.950319074902429,-0.8468623907899978,4.502822223079033,0.0,0.0,0.0,0.0,8.32463327267583,287.9330307149512,100924.64048496829,1.2210913963892331,340.16414721927623
60.1,33.36422504403889,6.824321087542015,-0.36002608679455367,4.182965018538265,0.0,0.0,0.0,0.0,8.012376266461658,287.93313253721374,100924.82807016373,1.221093234172924,340.16420736569285
60.15,33.032359480262976,7.117572097998329,-0.0970119349085492,5.526066076029309,0.0,0.0,0.0,0.0,9.011473251492289,287.9352896633783,100928.80216854402,1.2211321685063203,340.1654815777489
60.2,32.783831032398766,6.906405189396461,0.4723264811592685,6.6553862707290925,0.0,0.0,0.0,0.0,9.602900153471136,287.9369050982894,100931.77838586688,1.22116132638499,340.1664358102509
60.25,32.34163985488188,6.27111903705553,-0.18727337197585478,4.648313774809286,0.0,0.0,0.0,0.0,7.808253725504393,287.93977934094323,100937.07395956056,1.2212132064981316,340.16813361005006
60.3,31.769190690896696,7.659513361828987,0.9334381766352823,3.085089928602268,0.0,0.0,0.0,0.0,8.31006808860193,287.94350026050915,100943.92980527917,1.221280371643736,340.17033152479775
60.35,31.671718299681956,10.549255605871144,4.052898007125509,3.1660730509863617,0.0,0.0,0.0,0.0,11.736132014354123,287.94413383105206,100945.09720532667,1.2212918083073532,340.1707057679789
60.4,31.05238175293442,11.011167391791389,5.106981886804906,1.8445210566379084,0.0,0.0,0.0,0.0,12.27718735096048,287.9481595186059,100952.51508438909,1.2213644784270823,340.1730836879105
60.45,30.982247149181145,11.240908882060918,4.762357980748081,0.3648752137056855,0.0,0.0,0.0,0.0,12.213567044609357,287.9486153935303,100953.35512401216,1.221372707909448,340.1733529660988
60.5,30.587517419793123,10.48149932565509,2.173477060929141,-0.9734373509790047,0.0,0.0,0.0,0.0,10.748646934585501,287.9511811367713,100958.08311846582,1.2214190256565725,340.174868506529
60.55,30.109736038785844,11.020048415637648,1.9719973180510622,1.084217921913151,0.0,0.0,0.0,0.0,11.24747833994785,287.95428671574786,100963.806128993,1.2214750905159106,340.17670290961667
60.6,29.878189835325408,10.600865408509975,3.704826879491404,3.113138804258114,0.0,0.0,0.0,0.0,11.65314218702076,287.9557917660704,100966.57975426178,1.2215022618210984,340.1775919090361
60.65,30.111439647700575,10.383246947381044,5.279240286129521,5.002676039400939,0.0,0.0,0.0,0.0,12.677103877628635,287.95427564228993,100963.78572218123,1.2214748906038402,340.1766963687652
60.7,29.828575470357926,9.07608950875549,4.711317058354918,3.5537401834888755,0.0,0.0,0.0,0.0,10.825940074055051,287.95611425944264,100967.17407847362,1.2215080839894634,340.1777823983251
60.75,29.260117191787884,8.641624101459469,3.7789150247017713,2.1256500772905635,0.0,0.0,0.0,0.0,9.668311855020365,287.95980923825334,100973.98377056647,1.2215747931971925,340.17996492823744
60.8,29.06188437438261,8.973997435901122,3.6402936964331105,2.1617694965709693,0.0,0.0,0.0,0.0,9.922581092243854,287.9610977515665,100976.35853440409,1.2215980566929845,340.18072601695417
60.85,28.900851431621817,10.278540285334355,4.492937291856364,1.7713555876786355,0.0,0.0,0.0,0.0,11.356609376208867,287.96214446569445,100978.28768929098,1.221616954868841,340.18134428041265
60.9,28.62664864496261,10.278184741822288,4.13181402855522,0.38465828004044805,0.0,0.0,0.0,0.0,11.084265007026758,287.9639267838077,100981.57267369036,1.2216491347152283,340.18239704107094
60.95,28.613986331486707,9.891858216503966,1.9334514793324198,0.8758265376787339,0.0,0.0,0.0,0.0,10.117023560437726,287.96400908884533,100981.72437191299,1.2216506207526345,340.1824456560542
61.0,28.238841769942518,10.982509326944019,-0.44250770932328043,5.745543112418978,0.0,0.0,0.0,0.0,12.402523527326528,287.96644752849534,100986.21879731191,1.2216946479990631,340.183885962102
61.05,27.547396398231637,10.612714760465163,-2.631935981632608,6.532459082814173,0.0,0.0,0.0,0.0,12.736947172185685,287.9709419234115,100994.50309401145,1.2217757997257908,340.18654063728235
61.1,27.52343422680303,11.02799546260456,-2.3644253239419744,5.639475237267399,0.0,0.0,0.0,0.0,12.609951307894772,287.97109767752573,100994.7901977613,1.2217786121283134,340.1866326351864
61.15,27.560753393933826,8.728226656778643,-4.4731394009539915,1.0222305176540765,0.0,0.0,0.0,0.0,9.860825112722143,287.9708551029394,100994.34305690086,1.2217742320382792,340.1864893557918
61.2,27.389511412975093,8.52223588959371,-1.8402135577141612,4.0786545858864045,0.0,0.0,0.0,0.0,9.625503297326654,287.9719681758156,100996.39481167302,1.2217943305303696,340.1871468042481
61.25,27.374668838458685,8.664924315784788,-0.37605534035112936,8.00523039646512,0.0,0.0,0.0,0.0,11.802798173220372,287.97206465255,100996.57265121398,1.2217960725997188,340.1872037892082
61.3,27.293966884074994,8.202147615629121,-0.28030532429861715,7.0769949169369415,0.0,0.0,0.0,0.0,10.836865489510883,287.9725892152535,100997.539603704,1.2218055446016685,340.187513627314
61.35,26.650624470148014,7.879892946141492,-0.15836709360644946,4.350883321112219,0.0,0.0,0.0,0.0,9.002665086124235,287.976770940944,101005.2482544835,1.221881055817907,340.18998359451615
61.4,26.201905020963505,6.798806374427512,-0.6106365601925443,4.610999438594349,0.0,0.0,0.0,0.0,8.237594366580414,287.9796876173637,101010.62517802627,1.2219337256098035,340.19170634039557
61.45,26.217124647527356,8.198037769779926,0.7088169428617755,7.612749598494443,0.0,0.0,0.0,0.0,11.210004513050093,287.97958868979106,101010.44280021219,1.2219319391320074,340.1916479085963
61.5,26.249098367144462,8.686706423274542,1.3499739392345615,6.196317078106713,0.0,0.0,0.0,0.0,10.755261198744016,287.97938086061356,101010.05965783673,1.2219281860674447,340.19152515377976
61.55,25.815037866375903,8.553473848314654,0.5795964675814277,2.847777780272736,0.0,0.0,0.0,0.0,9.033697206838996,287.98220225386854,101015.26112282631,1.2219791366972703,340.19319161288655
61.6,25.168686244203663,8.807520420103845,0.10981760566416207,1.893701192635153,0.0,0.0,0.0,0.0,9.009471686178264,287.98640353941266,101023.00693197631,1.2220550093684386,340.1956730918013
61.65,24.65374863939897,10.80469698992434,1.6251242645117752,1.950029507033841,0.0,0.0,0.0,0.0,11.09887926763273,287.98975063384387,101029.17823370811,1.222115458445036,340.1976500318937
61.7,24.791181236650377,12.860449065535747,3.721928029432129,4.253771565086107,0.0,0.0,0.0,0.0,14.04772120137095,287.98885732196175,101027.5311343405,1.2220993248615561,340.19712240402146
61.75,24.132298054471104,10.03187351589404,1.0265233875453939,1.3195681790296752,0.0,0.0,0.0,0.0,10.170225989779263,287.9931400626459,101035.4279017334,1.2221766744184412,340.1996519648066
61.8,23.82819360710078,10.097401897265145,-0.5345309967429657,-0.3663289041088401,0.0,0.0,0.0,0.0,10.118174011518006,287.99511674155383,101039.0727863191,1.2222123760074304,340.20081946539784
61.85,23.166340397872286,12.495145994938003,1.3542753793321745,0.4141161094298913,0.0,0.0,0.0,0.0,12.575143235365944,287.9994187874138,101047.00588463746,1.2222900797375669,340.20336040094895
61.9,23.38194375145752,12.210366272094669,2.753803302226054,1.0357417262034803,0.0,0.0,0.0,0.0,12.559826354271669,287.9980173656155,101044.4215664899,1.222264766784087,340.20253267534605
61.95,23.52813619605097,10.896128173313521,2.8807885383656604,1.2132390031356481,0.0,0.0,0.0,0.0,11.335629698026715,287.99706711472567,101042.66926896511,1.2222476032599805,340.2019714249093
62.0,22.612202073522848,10.704303486405246,1.0887220054369253,0.4272298955858691,0.0,0.0,0.0,0.0,10.76800604187574,288.00302068652206,101053.64827978807,1.2223551402948736,340.2054877912651
62.05,22.71415079251377,10.720302901670625,-2.1070703824697556,-0.2979567488919005,0.0,0.0,0.0,0.0,10.929474741471298,288.00235801984866,101052.42620516616,1.2223431704483867,340.2050964013276
62.1,22.666912229994796,12.896094794708358,-1.5111882255362103,2.103581069382856,0.0,0.0,0.0,0.0,13.153630834205787,288.00266507050503,101052.99245942927,1.2223487167388216,340.2052777543051
62.15,22.56461628364866,12.191888072510444,-2.391155210273596,1.5388859903273977,0.0,0.0,0.0,0.0,12.519102527875829,288.0033299941563,101054.21870190212,1.2223607273952795,340.2056704770683
62.2,22.28038029535148,11.748622028187496,-1.6092785993446772,3.024380436866161,0.0,0.0,0.0,0.0,12.237923606495507,288.0051775280802,101057.6259601947,1.2223941002650172,340.2067616806133
62.25,21.798044695689825,10.455056773424298,-2.1579110366732537,5.357550605019017,0.0,0.0,0.0,0.0,11.94437694746198,288.008312709478,101063.40813607904,1.2224507341086466,340.2086133956016
62.3,22.069683338390693,8.594766988672209,-2.6492192601417472,6.200293953059122,0.0,0.0,0.0,0.0,10.923919964107071,288.00654705830044,101060.15173471959,1.22241883918006,340.20757055997325
62.35,22.124469487753434,7.814856576491827,-1.4169332041215794,6.34791123978516,0.0,0.0,0.0,0.0,10.167382166726624,288.00619094832956,101059.49496919948,1.222412406445206,340.20736023255756
62.4,21.282276111480137,6.2667417915672745,-1.3411223029679677,3.506703618776318,0.0,0.0,0.0,0.0,7.305315324038576,288.01166520527534,101069.59139858055,1.222511295735369,340.21059345065083
62.45,21.45014628409468,6.4387971135233775,0.7078445774648264,3.632990692780747,0.0,0.0,0.0,0.0,7.426827962784305,288.0105740491534,101067.57886288555,1.2224915841418507,340.2099489919912
62.5,20.75491102072398,7.8626944215754015,2.5755970483111756,4.704619446035328,0.0,0.0,0.0,0.0,9.517831047794237,288.0150930783653,101075.91400187774,1.2225732213989697,340.21261801321043
62.55,20.852950220458926,8.255880002294653,1.9266219848782988,3.6729745343279308,0.0,0.0,0.0,0.0,9.239164941417954,288.014455823567,101074.73858135992,1.2225617089982186,340.21224164015155
62.6,20.754759446212738,9.8955957103769,2.607614574589069,3.927163374907029,0.0,0.0,0.0,0.0,10.961071134065786,288.0150940635996,101075.91581915724,1.2225732391978992,340.21261859510554
62.65,19.678433643072324,10.199120563731551,2.227077851741224,2.2824946619270414,0.0,0.0,0.0,0.0,10.686052494395371,288.02209018132,101088.82093066604,1.222699633831889,340.21675058874905
62.7,19.523727113484394,9.996717573088935,0.7145335055375934,-0.08099707042698454,0.0,0.0,0.0,0.0,10.022548622583914,288.02309577376235,101090.67596660694,1.2227178020849678,340.2173444999562
62.75,18.89107455264484,11.05651524074239,0.8424546478309598,0.6933407735451153,0.0,0.0,0.0,0.0,11.110219643674057,288.0272080154078,101098.26218560922,1.2227921009808458,340.2197732130687
62.8,18.475063461858625,12.103540720630459,2.275805212169848,3.053964897726202,0.0,0.0,0.0,0.0,12.688644093686408,288.0299120874979,101103.25087983621,1.2228409593234526,340.2213702438499
62.85,18.07111752716877,9.68872385806685,1.523060143472469,0.09850886072048759,0.0,0.0,0.0,0.0,9.808199946684846,288.0325377360734,101108.09508266556,1.2228884021052644,340.22292095036136
62.9,18.145593642703908,10.325410432949777,2.9855895785106337,-1.580040963088432,0.0,0.0,0.0,0.0,10.863902392106477,288.0320536413224,101107.20193562101,1.2228796549028187,340.2226350448163
62.95,17.717132424121218,12.539232035638655,4.473074865204993,-0.2286595991996212,0.0,0.0,0.0,0.0,13.315142658102525,288.03483863924316,101112.34029942445,1.2229299782277163,340.2242798566155
63.0,17.663329361640372,11.816330789609097,2.7723843851581944,0.5906317553093283,0.0,0.0,0.0,0.0,12.151569214669879,288.0351883591493,101112.98555294878,1.22293629757903,340.224486399629
63.05,17.39566667375276,10.622136134205283,0.3439924496073724,1.7172488308927552,0.0,0.0,0.0,0.0,10.765549238481935,288.0369281666206,101116.1956482653,1.2229677358365687,340.22551392028174
63.1,17.202312542829077,9.74375806684056,-2.119688746415808,2.9983575770086164,0.0,0.0,0.0,0.0,10.412686963815213,288.03818496847157,101118.51460775908,1.2229904465848078,340.2262561785608
63.15,17.146528179953012,9.758566333074633,-2.5078453176843087,4.028993292962658,0.0,0.0,0.0,0.0,10.851345168650147,288.0385475668303,101119.18365591938,1.2229969988948661,340.2264703262844
63.2,16.731267125819212,12.103216266317672,0.6674607223185336,5.644966268565563,0.0,0.0,0.0,0.0,13.37157402770286,288.0412467636821,101124.16419014974,1.2230457754000894,340.22806444636655
63.25,15.762129543757966,12.0741463249283,1.1792766173044436,3.1580940777905,0.0,0.0,0.0,0.0,12.535918834296751,288.04754615796554,101135.78854968585,1.223159615954293,340.2317847798786
63.3,16.339499085199765,10.761668462268748,-0.34746354484906994,-0.9469804603449999,0.0,0.0,0.0,0.0,10.808839484378705,288.0437932559462,101128.863137319,1.2230917937835641,340.22956837371896
63.35,15.897549754351173,11.912795205785587,-0.37074400980059596,-0.8094312187699758,0.0,0.0,0.0,0.0,11.946016894082753,288.0466659265967,101134.16418151799,1.223143708219125,340.23126493007874
63.4,15.536484777410477,12.772603243030455,1.705026231626983,1.9954861327845705,0.0,0.0,0.0,0.0,13.039496652882876,288.0490128489468,101138.49521015455,1.2231861226683323,340.2326509810695
63.45,15.35364033239452,10.519344525576544,1.34162038839832,2.14504700060989,0.0,0.0,0.0,0.0,10.81932443127429,288.05020133783944,101140.68851402265,1.223207601908583,340.2333528795164
63.5,15.386016443140424,8.648397045575125,0.30223160949039485,0.9585408339562386,0.0,0.0,0.0,0.0,8.70660185916694,288.04999089311957,101140.30014476152,1.2232037985767124,340.2332285950594
63.55,15.267474166795544,10.959950501887658,2.31071057971166,1.6059947639236534,0.0,0.0,0.0,0.0,11.31543713555818,288.0507614179158,101141.72213046944,1.2232177241852658,340.2336836514248
63.6,14.680471840239806,12.005599659824933,2.7421938264573407,1.1551520129495065,0.0,0.0,0.0,0.0,12.368849030806002,288.0545769330384,101148.76381403088,1.2232866833510925,340.2359370085414
63.65,14.229032077346538,10.844772122095234,2.5053977071344584,1.293517651727872,0.0,0.0,0.0,0.0,11.205324090200165,288.05751129149724,101154.17955827832,1.223339719081365,340.23766996426775
63.7,14.093204217408989,9.124826287878491,1.1797541016316242,2.1336841717223365,0.0,0.0,0.0,0.0,9.444939527013048,288.0583941725868,101155.80907733117,1.2233556766591962,340.2381913691311
63.75,13.96152807231736,8.98957031675005,-1.1576339070231703,5.243913834150231,0.0,0.0,0.0,0.0,10.47144321679087,288.0592500675299,101157.38880879011,1.2233711466296648,340.2386968359687
63.8,13.787819738308453,8.6780967584268,-3.391311676410035,6.342561688967682,0.0,0.0,0.0,0.0,11.27113335088949,288.06037917170096,101159.47283504764,1.2233915549803354,340.2393636511382
63.85,13.869719310874645,9.71219451434221,-0.719624765778982,5.786519917516456,0.0,0.0,0.0,0.0,11.328212341042873,288.0598468244793,101158.49025920805,1.2233819328695528,340.23904926294614
63.9,13.407385246051021,8.411338184534836,1.5182597337932855,2.2119891226610497,0.0,0.0,0.0,0.0,8.82885148547888,288.06285199590064,101164.03713285112,1.22343625173376,340.24082402262167
63.95,13.551896129068837,8.04072944783368,0.9498745589074334,1.528800914607139,0.0,0.0,0.0,0.0,8.239710187101421,288.061912675161,101162.30333060291,1.223419273191027,340.2402692903457
64.0,13.023391347129891,9.689194406486529,-0.7122714043841893,3.734848008696586,0.0,0.0,0.0,0.0,10.408501738879526,288.0653479562436,101168.64430406733,1.2234813679441185,340.2422980512206
64.05,12.696792800221964,11.842749972483839,-0.12902605689507143,4.270933503691327,0.0,0.0,0.0,0.0,12.590005862869045,288.0674708467985,101172.56297769668,1.2235197416615526,340.24355175256875
64.1,12.860484061736546,11.815966626331436,-0.6596059555829163,1.3322046255594673,0.0,0.0,0.0,0.0,11.909110650908437,288.06640685359866,101170.59892227304,1.2235005086310786,340.2429233977625
64.15,12.675393368983324,9.939311953267971,-2.2558131501145735,1.2095652064267455,0.0,0.0,0.0,0.0,10.263608676347886,288.06760994310156,101172.81974181539,1.2235222560212533,340.24363389758554
64.2,12.63172578223434,10.262358119120039,-2.331989463422025,6.321230692374825,0.0,0.0,0.0,0.0,12.276486732318894,288.06789378241547,101173.34369520171,1.2235273868250403,340.24380152228974
64.25,12.440495201947463,10.448819066549744,-1.5726705959330367,8.959497899756684,0.0,0.0,0.0,0.0,13.853653500234163,288.0691367811873,101175.63823556098,1.2235498560092697,340.2445355891197
64.3,12.03015210617237,7.805178895067924,-2.0383162607548044,5.279330749433049,0.0,0.0,0.0,0.0,9.640896427448046,288.07180401130984,101180.56200868291,1.2235980715109367,340.2461107463612
64.35,11.673880504650405,7.655915632284177,-0.8385890727751988,4.221071417863785,0.0,0.0,0.0,0.0,8.782580470245506,288.0741197767197,101184.8371265669,1.2236399347661273,340.2474783369751
64.4,11.212392357493261,8.741900578806149,-0.17443039426267315,6.2970884756761585,0.0,0.0,0.0,0.0,10.775183291372235,288.0771194496763,101190.3750186968,1.2236941629906795,340.2492498055527
64.45,10.996453560236771,8.816723799941602,-0.4804119494989028,5.8966755093339875,0.0,0.0,0.0,0.0,10.617730278550932,288.07852305185844,101192.96638462899,1.2237195380063732,340.2500787051347
64.5,10.345447692883322,10.13326849837684,1.3953468558428326,4.31216076680081,0.0,0.0,0.0,0.0,11.100669069341858,288.0827545899962,101200.77908281515,1.223796040285598,340.25257763473564
64.55,10.405328839889467,10.320440893321326,1.33990446502907,2.003616373447208,0.0,0.0,0.0,0.0,10.598175445796775,288.0823653625407,101200.06043091023,1.2237890032619285,340.2523477777108
64.6,9.837538032415939,11.324549968643428,1.0300552139844452,2.79691644830925,0.0,0.0,0.0,0.0,11.710217220657404,288.0860560027893,101206.87482770593,1.2238557293033496,340.25452726722233
64.65,9.339794850913128,11.775149114147247,0.24918324876083955,3.608531142257387,0.0,0.0,0.0,0.0,12.3181867966234,288.089291333469,101212.8488466992,1.2239142257277686,340.256437864416
64.7,9.447988390646971,12.14266644604279,0.7785262922858535,3.374247369327027,0.0,0.0,0.0,0.0,12.626796779747592,288.0885880754608,101211.55026065286,1.2239015102833126,340.2560225622545
64.75,9.25015457146503,11.023278357924129,0.425591400104428,1.3479641803271467,0.0,0.0,0.0,0.0,11.113541345024382,288.0898739952855,101213.92475864415,1.2239247607770873,340.2567819492881
64.8,8.681689204462238,9.877831647640381,0.22920132841903285,-0.08547070975228477,0.0,0.0,0.0,0.0,9.880860111867817,288.09356902017095,101220.74800828155,1.2239915717629721,340.2589639996808
64.85,8.233765333251629,10.704497684101726,1.4398397072641211,1.2271136527848028,0.0,0.0,0.0,0.0,10.87038255851212,288.09648052533385,101226.12466922688,1.2240442176309743,340.26068334251596
64.9,8.363934484641742,11.303061522261487,2.314419297527002,2.9769854399545337,0.0,0.0,0.0,0.0,11.915459654184342,288.0956344258498,101224.56215801754,1.2240289182723478,340.2601836928856
64.95,7.812904230195765,10.320912717068563,1.3277733702550019,1.7732251206836942,0.0,0.0,0.0,0.0,10.555972184726976,288.0992161225037,101231.17669254783,1.2240936843072139,340.2622987977812
65.0,7.7870413961064795,10.521193523060447,1.3186176769948679,1.1047918979363673,0.0,0.0,0.0,0.0,10.660901972418575,288.0993842309253,101231.48715707487,1.2240967241923992,340.2623980707859
65.05,7.413167729524628,9.994493898811864,0.6988342551030949,-0.2710790443126939,0.0,0.0,0.0,0.0,10.022562619298448,288.10181440975805,101235.97532485773,1.2241406694809625,340.26383316016626
65.1,7.31905949346932,10.285808814001767,0.8560557849393124,-0.19355476470591285,0.0,0.0,0.0,0.0,10.323185453728168,288.10242611329244,101237.1050729006,1.2241517311979155,340.26419438746245
65.15,7.183837726027569,10.327991875255488,0.938350749629995,0.38157610901078054,0.0,0.0,0.0,0.0,10.377548777608437,288.1033050547808,101238.72839744162,1.2241676256358436,340.26471342524593
65.2,7.144435109276389,9.366763452898025,0.27081465207892697,-0.5441843170184235,0.0,0.0,0.0,0.0,9.38646550780514,288.1035611717897,101239.20142609831,1.22417225718648,340.2648646688446
65.25,6.670091430488895,11.435108734691031,2.081187664498364,1.471684666477513,0.0,0.0,0.0,0.0,11.715754761286714,288.1066444057018,101244.89606533777,1.224228014605757,340.266685391502
65.3,6.7004921920396034,11.225824412450615,1.437490818299759,0.5331098637002761,0.0,0.0,0.0,0.0,11.33003617463964,288.1064468007517,101244.53108722756,1.2242244410456506,340.2665687013905
65.35,6.32892034555767,9.09761815515906,-1.4949733480421643,-2.036382369880673,0.0,0.0,0.0,0.0,9.441845929943835,288.10886201775384,101248.99208770042,1.224268119259563,340.2679949379235
65.4,5.779538672311153,9.901741130071308,-1.7986706670796584,1.0583993070877291,0.0,0.0,0.0,0.0,10.119283703345923,288.11243299862997,101255.58812098154,1.2243327011759637,340.27010366642475
65.45,5.558885691669937,9.79514731011304,-1.2417710552051804,2.905471499973388,0.0,0.0,0.0,0.0,10.29216550671032,288.1138672430041,101258.23744162737,1.224358640511165,340.27095060987216
65.5,5.555953363821833,10.17109105765061,0.6272378845443523,3.1829775625922974,0.0,0.0,0.0,0.0,10.675948053020578,288.11388630313513,101258.2726496725,1.2243589852300958,340.2709618651596
65.55,5.4401307374543055,8.83487490130711,-0.5251019631648999,0.9436343735324003,0.0,0.0,0.0,0.0,8.90062876567593,288.11463915020653,101259.66332346978,1.224372601178976,340.2714064321207
65.6,5.071826043001578,10.373924628600795,-0.48075887156554364,2.7935481554457375,0.0,0.0,0.0,0.0,10.754224871615499,288.1170331307205,101264.08563376019,1.2244158993428813,340.27282010798723
65.65,4.61720766188301,9.762644501457894,-1.6824020938724944,2.5897772792729525,0.0,0.0,0.0,0.0,10.239465358286585,288.11998815019774,101269.54454591426,1.2244693462210094,340.2745650763806
65.7,4.416492396369265,9.584404763245805,-2.749611827667624,2.7235391839403897,0.0,0.0,0.0,0.0,10.33628780341556,288.1212927994236,101271.9547464681,1.2244929437326366,340.2753354818776
65.75,5.089510808947084,10.826587531320511,-2.1248887455996566,3.9304002582151285,0.0,0.0,0.0,0.0,11.712309590524765,288.11691817974184,101263.8732855604,1.2244138202823467,340.27275222811016
65.8,4.248723375462462,10.011028591815634,-0.2445612745934676,2.7028121944999626,0.0,0.0,0.0,0.0,10.37235255098469,288.12238329805945,101273.96936224282,1.224512668116773,340.27597942845034
65.85,4.152161839817253,9.648152951771102,0.7598363645091087,3.3953533944761727,0.0,0.0,0.0,0.0,10.25634590655857,288.12301094804116,101275.1289139913,1.2245240208403076,340.2763500593147
65.9,3.606925270106789,10.129115440951818,0.1820476561269354,6.006908902607835,0.0,0.0,0.0,0.0,11.777736434878271,288.1265549857443,101281.67654699154,1.2245881257232716,340.2784428260495
65.95,3.4578289233234347,9.199555116349257,-0.8770244763281834,4.976473983103129,0.0,0.0,0.0,0.0,10.49601255598186,288.12752411199835,101283.46707381033,1.2246056558159335,340.27901509627185
66.0,3.240611820857246,9.854674032222777,-0.2936089899943694,3.639282417826383,0.0,0.0,0.0,0.0,10.509290320334275,288.1289360231644,101286.07572181127,1.2246311955910136,340.2798488297964
66.05,2.800445296696735,10.453130105080955,2.1298415553156036,2.2176163222973346,0.0,0.0,0.0,0.0,10.895961462735563,288.1317971055714,101291.36202637502,1.2246829503806211,340.2815382926555
66.1,2.3959300717085057,10.54728762935651,4.7647522652597445,1.7126345575448538,0.0,0.0,0.0,0.0,11.69962638776861,288.13442645453387,101296.22036355866,1.2247305147651757,340.28309091002967
66.15,2.212095927459661,8.849084431914626,1.2317869990050825,0.6691001862039192,0.0,0.0,0.0,0.0,8.959424621773982,288.1356213764715,101298.428323677,1.2247521311255152,340.28379650309915
66.2,1.692154634995067,11.193766853888523,-0.1685979525024217,3.64634939894963,0.0,0.0,0.0,0.0,11.773899336584362,288.1390009948725,101304.67334648116,1.2248132706318549,340.28579213627097
66.25,1.9041999815266744,10.392103207604862,-2.8339656517151397,2.712269384832119,0.0,0.0,0.0,0.0,11.107815969330337,288.13762270012006,101302.12642894205,1.2247883360967644,340.28497826747696
66.3,1.4257618659060194,9.531688992440124,-1.7088384234527547,0.25187414931146823,0.0,0.0,0.0,0.0,9.686932661744072,288.1407325478716,101307.87311487853,1.2248445964622394,340.2868145976467
66.35,1.3796288476860017,10.237238552316532,1.7686853989729898,1.9932461406894566,0.0,0.0,0.0,0.0,10.578389829976468,288.14103241249,101308.42724849429,1.2248500214281468,340.28699166381216
66.4,1.0205932634875883,9.29070595284015,1.5710352345632825,0.5901321901759213,0.0,0.0,0.0,0.0,9.441060576665132,288.1433661437873,101312.73994173974,1.2248922424850193,340.2883696987069
66.45,0.6186344826020902,12.337874278290167,3.7161991597691726,7.926154209165338,0.0,0.0,0.0,0.0,15.12802691858501,288.1459788758631,101317.56839976055,1.224939512448192,340.28991247294283
66.5,0.21094745953334965,17.643820705420517,6.953513684887572,10.614529222061478,0.0,0.0,0.0,0.0,21.733016179466244,288.148628841513,101322.46585760366,1.2249874574726312,340.29147722583184
66.55,0.027879903018947647,19.35708532270325,-0.9676858418191094,-12.391228390451714,0.0,0.0,0.0,0.0,23.003819445979122,288.14981878063037,101324.66507174223,1.225008987147095,340.2921798592673
66.6,-0.33163759596898584,9.885511683883713,8.059901121537855,-11.894805840351768,0.0,0.0,0.0,0.0,17.44052044294651,288.15,101325.0,1.2250122659906946,340.29228686527705
66.65,-0.5418951594306447,18.445412886992713,5.603497871812474,-0.5345155931895517,0.0,0.0,0.0,0.0,19.28517959186293,288.15,101325.0,1.2250122659906946,340.29228686527705
66.7,-0.6617157007327311,66.15934885654094,22.761756257890447,-7.126997730297798,0.0,0.0,0.0,0.0,70.32745612996939,288.15,101325.0,1.2250122659906946,340.29228686527705
66.75,-1.077832129154165,-4.198098483681016,7.066897681141182,3.173638437821837,0.0,0.0,0.0,0.0,8.81118917334225,288.15,101325.0,1.2250122659906946,340.29228686527705
66.8,-0.6122564159445714,-19.764016957921232,0.5795544816091779,4.71846967293776,0.0,0.0,0.0,0.0,20.3277201319918,288.15,101325.0,1.2250122659906946,340.29228686527705
66.85,-1.1102209266077803,-10.33556687786617,-2.184687672681557,0.5013990357237021,0.0,0.0,0.0,0.0,10.575831121336783,288.15,101325.0,1.2250122659906946,340.29228686527705
66.9,-0.3108190300032574,-1.9015070393097722,-2.3905195565597275,10.271096444117138,0.0,0.0,0.0,0.0,10.715677063778791,288.15,101325.0,1.2250122659906946,340.29228686527705
66.95,-0.49717086001655103,-2.2467223743592006,-4.999875641927271,7.202720741293577,0.0,0.0,0.0,0.0,9.051281894806092,288.15,101325.0,1.2250122659906946,340.29228686527705
67.0,-0.13632829587644024,2.274734680400883,-0.8288303051219283,-1.2366332705560206,0.0,0.0,0.0,0.0,2.718573042379604,288.15,101325.0,1.2250122659906946,340.29228686527705
67.05,-0.5101840170925112,0.6500097814526862,2.6933539258838954,12.24547163547309,0.0,0.0,0.0,0.0,12.555008708130567,288.15,101325.0,1.2250122659906946,340.29228686527705
67.1,-0.14957866619234675,3.219387503827172,3.804344069839119,10.746695700668393,0.0,0.0,0.0,0.0,11.846052430420995,288.15,101325.0,1.2250122659906946,340.29228686527705
67.15,0.10833467550050684,-0.8028240516989479,1.4583762021546658,5.010748368150142,0.0,0.0,0.0,0.0,5.280055569207269,288.1492958246092,101323.69855343577,1.2249995252215584,340.29187106517213
