time,baro_altitude,accl_x,accl_y,accl_z,gps_altitude,gyro_roll,gyro_pitch,gyro_yaw,At,T,P,rho,a
0.0,-0.03175756818848972,-6.258052523702206,-1.0440338325284388,1.329490784364555,0.0,0.0,0.0,0.0,6.482343232087441,288.15,101325.0,1.2250122659906946,340.29228686527705
0.05,-0.5575257976061359,-10.525147993216581,-2.4058102560680372,1.044649829934389,0.0,0.0,0.0,0.0,10.847025238953542,288.15,101325.0,1.2250122659906946,340.29228686527705
0.1,-0.3307222077929759,-9.132346306589621,-1.8470903889216346,1.215193111099292,0.0,0.0,0.0,0.0,9.39617934405208,288.15,101325.0,1.2250122659906946,340.29228686527705
0.15,-0.2311134733511082,-9.348629302041589,-1.7894752862149677,1.7155572742272116,0.0,0.0,0.0,0.0,9.671723134380898,288.15,101325.0,1.2250122659906946,340.29228686527705
0.2,-0.200079172223001,-9.44951851876895,-2.0630474278605857,1.0488815611852549,0.0,0.0,0.0,0.0,9.72880863495392,288.15,101325.0,1.2250122659906946,340.29228686527705
0.25,0.0727669942257353,-9.6252199891504,-2.0042728467865016,1.2460693696293337,0.0,0.0,0.0,0.0,9.910330890431183,288.1495270145375,101324.12583375663,1.2250037081703955,340.292007577804
0.3,-0.030704371614187747,-9.612085671661394,-2.215060733403296,1.1468862285763948,0.0,0.0,0.0,0.0,9.930459860113308,288.15,101325.0,1.2250122659906946,340.29228686527705
0.35,-0.08642790555819324,-9.042730246967682,-1.5452557441519543,1.7313585744046969,0.0,0.0,0.0,0.0,9.335758573754116,288.15,101325.0,1.2250122659906946,340.29228686527705
0.4,-0.014714891131642843,-8.702114382940952,-1.221797902591932,2.0274371578563453,0.0,0.0,0.0,0.0,9.018319481900297,288.15,101325.0,1.2250122659906946,340.29228686527705
0.45,-0.3754981535339515,-9.586391879635855,-2.1303001589414268,1.1870949727631996,0.0,0.0,0.0,0.0,9.891727984103373,288.15,101325.0,1.2250122659906946,340.29228686527705
0.5,-0.5519635427525444,-9.638732509647852,-2.13101865589643,1.1051855248135576,0.0,0.0,0.0,0.0,9.933168676136454,288.15,101325.0,1.2250122659906946,340.29228686527705
0.55,-0.19463522751081397,-9.169361613806412,-1.6889238613096402,1.6208558539053781,0.0,0.0,0.0,0.0,9.463447041812351,288.15,101325.0,1.2250122659906946,340.29228686527705
0.6,-0.18620257984269062,-9.03473132125745,-1.5045684741603835,1.8631011175781667,0.0,0.0,0.0,0.0,9.346723603224218,288.15,101325.0,1.2250122659906946,340.29228686527705
0.65,0.4031771087910872,-8.44804299307345,-0.9106984046537853,2.3813554035783224,0.0,0.0,0.0,0.0,8.824378479825537,288.1473793487928,101320.15661966623,1.2249648506010993,340.29073942571426
0.7,0.21033918623508707,-10.111202265071388,-2.6123980321750992,0.6418779437816163,0.0,0.0,0.0,0.0,10.462936586752804,288.1486327952895,101322.4731648052,1.2249875290081818,340.29147956045415
0.75,0.274839174485564,-9.349721780099244,-1.865639577599182,1.3489706911367085,0.0,0.0,0.0,0.0,9.628999445649194,288.1482135453658,101321.69832730043,1.2249799435505861,340.29123200205464
0.8,0.09204207426793393,-9.561686599076499,-2.1573704412953343,1.175959111429946,0.0,0.0,0.0,0.0,9.872333952601535,288.1494017265172,101323.89427891435,1.2250014413169203,340.2919335979557
0.85,-0.44092676367587236,-9.223317359272473,-1.7706860858029028,1.5682365661394133,0.0,0.0,0.0,0.0,9.521779153692323,288.15,101325.0,1.2250122659906946,340.29228686527705
0.9,-0.4983228040131459,-9.302091449166367,-1.832372967221273,1.5029517105794197,0.0,0.0,0.0,0.0,9.59923746263165,288.15,101325.0,1.2250122659906946,340.29228686527705
0.95,-0.42935859224561995,-8.71194272393298,-1.2265239950930986,1.9518657843099287,0.0,0.0,0.0,0.0,9.011774918160558,288.15,101325.0,1.2250122659906946,340.29228686527705
1.0,0.28484302601928285,-9.574757298947663,-2.12019752778464,1.1912014444997006,0.0,0.0,0.0,0.0,9.87877400146161,288.14814852033084,101321.57815159422,1.2249787670606977,340.2911936061016
1.05,0.02722664490982822,-8.922900716658605,-1.5090988144352515,1.8591147168323512,0.0,0.0,0.0,0.0,9.238606169840727,288.14982302680806,101324.67291948521,1.2250090639740845,340.2921823665412
1.1,-0.4569762316529188,-9.44298492961396,-2.021263316147792,1.395529950883558,0.0,0.0,0.0,0.0,9.757201115992958,288.15,101325.0,1.2250122659906946,340.29228686527705
1.15,0.18957421378673184,-9.887707350897657,-2.3466620120502193,1.0320725066115655,0.0,0.0,0.0,0.0,10.214634252615149,288.14876776761037,101322.72261516518,1.2249899710599625,340.2915592587768
1.2,-0.09487463253281193,-8.46789642122083,-1.0161874200791758,2.399874729618374,0.0,0.0,0.0,0.0,8.859870506452822,288.15,101325.0,1.2250122659906946,340.29228686527705
1.25,-0.027251706058901815,-9.434282838654795,-2.0195033960179107,1.3005717440138644,0.0,0.0,0.0,0.0,9.73527470118802,288.15,101325.0,1.2250122659906946,340.29228686527705
1.3,-0.41095933851598676,-9.664921325270862,-2.1859593702217106,0.9824926596611184,0.0,0.0,0.0,0.0,9.95763096415124,288.15,101325.0,1.2250122659906946,340.29228686527705
1.35,0.03058430009936383,-9.171225784844376,-1.6219104698075852,1.5682048212704756,0.0,0.0,0.0,0.0,9.44464093177299,288.14980120204933,101324.63258319041,1.2250086690941555,340.29216947950414
1.4,-0.13704541093477374,-9.242466636016424,-1.781255638895765,1.5551814249866072,0.0,0.0,0.0,0.0,9.540159874635126,288.15,101325.0,1.2250122659906946,340.29228686527705
1.45,-0.23052471079348907,-8.653427773200232,-1.1305835552754586,2.161634906195468,0.0,0.0,0.0,0.0,8.990700577215055,288.15,101325.0,1.2250122659906946,340.29228686527705
1.5,0.12118122133359593,-8.40566470271529,-0.8662447587624634,2.372607666914103,0.0,0.0,0.0,0.0,8.77694971032971,288.1492123220613,101323.5442261569,1.2249980144020036,340.2918217587175
1.55,0.3613196012367405,-9.770880370261512,-2.2171619606018997,1.0731360454738632,0.0,0.0,0.0,0.0,10.0765833168588,288.14765142259193,101320.65944660832,1.2249697731615585,340.29090007991255
1.6,0.36797773453395227,-9.436898212047918,-1.9482366965751743,1.3939138528028852,0.0,0.0,0.0,0.0,9.736204081646559,288.1476081447255,101320.57946347845,1.224968990145369,340.29087452519326
1.65,0.034093270103065274,-9.549216059800887,-2.112687188184147,1.3139343581390444,0.0,0.0,0.0,0.0,9.867998683085384,288.1497783937443,101324.59042912943,1.2250082564188223,340.2921560117042
1.7,-0.11421326186562643,-10.264260320930063,-2.724663977338429,0.5955596180335249,0.0,0.0,0.0,0.0,10.636424445454272,288.15,101325.0,1.2250122659906946,340.29228686527705
1.75,-0.05063920824803278,-8.722629135259316,-1.2412416882432544,1.9623879025104563,0.0,0.0,0.0,0.0,9.026400514038087,288.15,101325.0,1.2250122659906946,340.29228686527705
1.8,-0.23757699354201658,-9.716012620139798,-2.192162733062882,1.099767135874333,0.0,0.0,0.0,0.0,10.020776738162306,288.15,101325.0,1.2250122659906946,340.29228686527705
1.85,-0.13953425574259853,-8.854194957372599,-1.3831321730397554,1.85732311036902,0.0,0.0,0.0,0.0,9.15202010965726,288.15,101325.0,1.2250122659906946,340.29228686527705
1.9,-0.09384870581116887,-9.3002469960084,-1.7775977394339313,1.4892037607873834,0.0,0.0,0.0,0.0,9.584997430941083,288.15,101325.0,1.2250122659906946,340.29228686527705
1.95,0.32312204442593284,-8.793678997192682,-1.360265063247125,2.0112380550410456,0.0,0.0,0.0,0.0,9.122729298954544,288.1478997067112,101321.11830896337,1.2249742653147364,340.2910466867091
2.0,0.3189276546337743,-9.552530660349536,-2.0677799704327176,1.3187449053705227,0.0,0.0,0.0,0.0,9.8623346195757,288.14792697024484,101321.16869573297,1.2249747585889752,340.29106278527547
2.05,-0.15018792687399726,-9.338314355693527,-1.8635940170678966,1.4233037589284576,0.0,0.0,0.0,0.0,9.628234067386549,288.15,101325.0,1.2250122659906946,340.29228686527705
2.1,0.13261907365715264,-9.219351373911278,-1.6523739053838393,1.5419588743518557,0.0,0.0,0.0,0.0,9.492334615310696,288.1491379760212,101323.40682186231,1.2249966692532162,340.29177785897747
2.15,0.31718003494352087,-9.95276717872845,-2.447180900629083,0.8765764338432538,0.0,0.0,0.0,0.0,10.286625059695108,288.14793832977284,101321.18968971308,1.2249749641149288,340.29106949284727
2.2,-0.18156074826121824,-9.719384387840647,-2.127469114668961,1.091385025165261,0.0,0.0,0.0,0.0,10.009179735903727,288.15,101325.0,1.2250122659906946,340.29228686527705
2.25,0.13744245540118655,-7.979247979220793,-0.4498570954928762,2.7342685998299876,0.0,0.0,0.0,0.0,8.446715012138188,288.14910662403986,101323.34887804289,1.2249961019996745,340.29175934630405
2.3,-0.34291892921957806,-9.672629725466388,-2.1081936124309726,1.112458808765517,0.0,0.0,0.0,0.0,9.962018405658098,288.15,101325.0,1.2250122659906946,340.29228686527705
2.35,0.05579267432212309,-9.686756245191223,-2.1458148625877227,1.1446810781012986,0.0,0.0,0.0,0.0,9.98739519338334,288.1496373476169,101324.32974952753,1.225005704444714,340.2920727270719
2.4,-0.22411017608145298,-9.241652247897262,-1.7929394287412843,1.5959411264506895,0.0,0.0,0.0,0.0,9.548287602774455,288.15,101325.0,1.2250122659906946,340.29228686527705
2.45,-0.23462118531109127,-9.354341803764857,-1.8198042205494596,1.4081744454967584,0.0,0.0,0.0,0.0,9.633190190780129,288.15,101325.0,1.2250122659906946,340.29228686527705
2.5,-0.41191949299270314,-9.220767062770559,-1.7856100043094907,1.4877873197536007,0.0,0.0,0.0,0.0,9.509177641740854,288.15,101325.0,1.2250122659906946,340.29228686527705
2.55,-0.3517652537363498,-8.75755744503759,-1.3366090699072726,2.008514045072914,0.0,0.0,0.0,0.0,9.083802335924469,288.15,101325.0,1.2250122659906946,340.29228686527705
2.6,-0.3756635423718231,-9.126753556462468,-1.5727739241485827,1.6643159394751297,0.0,0.0,0.0,0.0,9.409633140737903,288.15,101325.0,1.2250122659906946,340.29228686527705
2.65,0.059423490794204024,-9.82801557426977,-2.334321934232519,0.9026583015160385,0.0,0.0,0.0,0.0,10.14168334301678,288.14961374730984,101324.28613180277,1.2250052774403175,340.2920587916083
2.7,0.5449032888770924,-9.10423742422326,-1.5272840695612786,1.7839352086846445,0.0,0.0,0.0,0.0,9.402242314179517,288.14645812862227,101318.4541027728,1.2249481833166063,340.290195462857
2.75,0.13433366203701272,-8.71297223789627,-1.236334243869264,2.037832390870234,0.0,0.0,0.0,0.0,9.033115101347642,288.1491268311967,101323.386224319,1.2249964676091218,340.2917712781974
2.8,0.06820826347717886,-10.581985303580952,-3.0675378713973904,0.2695104834683808,0.0,0.0,0.0,0.0,11.020927250388683,288.14955664628735,101324.18059863351,1.2250042443022116,340.2920250747048
2.85,-0.30543905268968125,-9.553573756587324,-2.0991888886127517,1.3332579391821031,0.0,0.0,0.0,0.0,9.871926977293814,288.15,101325.0,1.2250122659906946,340.29228686527705
2.9,-0.06454025225732377,-9.837843878077901,-2.316620819875631,1.0977973802934116,0.0,0.0,0.0,0.0,10.166369228032945,288.15,101325.0,1.2250122659906946,340.29228686527705
2.95,-0.5486390586482446,-9.516802200635155,-2.037374537551996,1.2819612698003997,0.0,0.0,0.0,0.0,9.816508739340458,288.15,101325.0,1.2250122659906946,340.29228686527705
3.0,-0.26655155950998494,-9.874474104647755,-2.340977299459948,0.8753479483426742,0.0,0.0,0.0,0.0,10.185855270452924,288.15,101325.0,1.2250122659906946,340.29228686527705
3.05,-0.30836779091621,-9.005823436171838,-1.497676278763993,1.7826698212393008,0.0,0.0,0.0,0.0,9.301924622949363,288.15,101325.0,1.2250122659906946,340.29228686527705
3.1,-0.17425865278130856,-9.927160531324631,-2.469974697187013,0.7423459491588198,0.0,0.0,0.0,0.0,10.256723098907669,288.15,101325.0,1.2250122659906946,340.29228686527705
3.15,-0.5120621056729865,-9.510845911269772,-2.09635440412163,1.230914664506875,0.0,0.0,0.0,0.0,9.816620734595748,288.15,101325.0,1.2250122659906946,340.29228686527705
3.2,-0.21020138795437912,-10.61828401193867,-3.118359504125915,0.1979028611254796,0.0,0.0,0.0,0.0,11.06848168890415,288.15,101325.0,1.2250122659906946,340.29228686527705
3.25,0.014856709893223921,-9.06199763986677,-1.6478269506665715,1.6633290176997633,0.0,0.0,0.0,0.0,9.359583233532145,288.14990343138567,101324.82152251147,1.225010518751782,340.29222984366095
3.3,0.0697444844921882,-9.155792246848387,-1.6524631991576342,1.654696280802657,0.0,0.0,0.0,0.0,9.449718835696725,288.1495466608508,101324.16214372327,1.225004063634149,340.29201917852276
3.35,-0.2615438439892665,-8.389767695326036,-0.8941856955947023,2.4862991764886293,0.0,0.0,0.0,0.0,8.79599077050167,288.15,101325.0,1.2250122659906946,340.29228686527705
3.4,0.32547325199659977,-8.822300426810363,-1.3838184419117545,1.9868689408231348,0.0,0.0,0.0,0.0,9.1485291981324,288.147884423862,101321.09006415957,1.2249739888049456,340.2910376624948
3.45,-0.04666876995828238,-9.630227301227468,-2.0615765995088564,1.1514514553365034,0.0,0.0,0.0,0.0,9.915503840095365,288.15,101325.0,1.2250122659906946,340.29228686527705
3.5,-0.18873285290807454,-9.207226385854643,-1.6996376354592058,1.578765388830708,0.0,0.0,0.0,0.0,9.494961082870066,288.15,101325.0,1.2250122659906946,340.29228686527705
3.55,0.15728935959321166,-8.29094169599158,-0.8519647236235897,2.3789271265670204,0.0,0.0,0.0,0.0,8.667459395356126,288.1489776191626,101323.11045526607,1.2249937679077294,340.2916831716768
3.6,-0.08345324406346868,-9.208785681097524,-1.7615679487898293,1.496923402890806,0.0,0.0,0.0,0.0,9.494505518072682,288.15,101325.0,1.2250122659906946,340.29228686527705
3.65,0.16845757228293035,-9.911485992473201,-2.4571189461073994,0.8340099246347489,0.0,0.0,0.0,0.0,10.245514172002382,288.14890502578015,101322.9762906482,1.2249924544733855,340.291640306826
3.7,0.46828410145895105,-9.561666744094135,-2.1120324621375213,1.1958801700121295,0.0,0.0,0.0,0.0,9.864901491006721,288.1469561533405,101319.37450472811,1.2249571938659651,340.29048953701744
3.75,-0.3948584380253763,-8.150972063736983,-0.6939464493132694,2.6974258977395307,0.0,0.0,0.0,0.0,8.613710799192829,288.15,101325.0,1.2250122659906946,340.29228686527705
3.8,0.22239167911461138,-10.292625230501615,-2.8191868908591884,0.4964697823371442,0.0,0.0,0.0,0.0,10.683278106738802,288.14855445408574,101322.32837800328,1.2249861115838963,340.29143330160906
3.85,-0.08313194701660195,-9.845729167930223,-2.2797707851533304,1.0214995781809182,0.0,0.0,0.0,0.0,10.1577162329578,288.15,101325.0,1.2250122659906946,340.29228686527705
3.9,0.4263761013323995,-8.316867944299872,-0.8164792414344689,2.3829350905932363,0.0,0.0,0.0,0.0,8.689954568385083,288.1472285553413,101319.87793508303,1.2249621223409333,340.29065038513033
3.95,0.1831623014491785,-9.731271273003003,-1.98464656512345,1.2782458994612793,0.0,0.0,0.0,0.0,10.013509632327686,288.14880944504057,101322.79964179895,1.224990725129712,340.2915838684208
4.0,0.03670090486013733,-9.592382811726571,-0.9797630553288468,1.6660342909767152,0.0,0.0,0.0,0.0,9.785162947544867,288.1497614441184,101324.55910302445,1.2250079497458373,340.29214600332443
4.05,0.14802207865281244,-9.467597873900676,-2.9929486360238946,0.475535568123131,0.0,0.0,0.0,0.0,9.940788958443695,288.14903785648875,101323.22178395052,1.2249948577843766,340.29171874053463
4.1,-0.0770284757075992,-9.765907130279622,-1.1759310072761946,1.741406686117718,0.0,0.0,0.0,0.0,9.989407042341174,288.15,101325.0,1.2250122659906946,340.29228686527705
4.15,-0.1789791081977054,-9.169355231931107,-3.145976434664055,0.8478900365120452,0.0,0.0,0.0,0.0,9.731041085660893,288.15,101325.0,1.2250122659906946,340.29228686527705
4.2,0.6178432618096593,-13.592053322741602,-1.6470500813036624,1.3924999842328767,0.0,0.0,0.0,0.0,13.762112617787357,288.14598401879823,101317.5779043427,1.2249396054963673,340.28991550975246
4.25,2.192368981868054,-42.21400917120838,-6.345116514965643,12.28687785770706,0.0,0.0,0.0,0.0,44.421283653059454,288.1357496016178,101298.66525863227,1.2247544507596282,340.2838722190668
4.3,3.0856352687518416,-87.23301672247028,-8.817485063574924,23.671079104170456,0.0,0.0,0.0,0.0,90.81666826802798,288.1299433707531,101287.93693113467,1.2246494175465699,340.28044366728534
4.35,3.3240537122882534,-81.68218659011082,-7.171600764829547,32.738912986311426,0.0,0.0,0.0,0.0,88.29070102336404,288.1283936508701,101285.07362796755,1.2246213846802467,340.2795285592056
4.4,2.804124346335887,-43.43641634874455,-8.578551666765842,16.440584776914903,0.0,0.0,0.0,0.0,47.229298552146425,288.1317731917488,101291.31784086036,1.2246825177909493,340.2815241716307
4.45,2.4228131464345695,-40.7432962283729,-0.9599749490488436,11.805984399164714,0.0,0.0,0.0,0.0,42.43016623923441,288.13425171454816,101295.89748471222,1.2247273537107612,340.2829877271643
4.5,2.7804731774998745,-35.7504620226041,-6.450465445877539,11.029524767713026,0.0,0.0,0.0,0.0,37.96517425088041,288.1319269243462,101291.6018924966,1.2246852987425203,340.2816149501571
4.55,4.117368556937878,-35.64171510660309,-2.7313950175111787,10.120546785094474,0.0,0.0,0.0,0.0,37.151283177182854,288.1232371043799,101275.54672907815,1.224528111500468,340.27648360581304
4.6,4.40727413718173,-32.108514868126996,-3.3303390399163426,11.096927469175213,0.0,0.0,0.0,0.0,34.13487489963393,288.1213527181083,101272.06544097488,1.2244940275049896,340.27537086428424
4.65,5.398737972055315,-32.007194050773684,-2.794977272839061,9.495149477155984,0.0,0.0,0.0,0.0,33.50268993011016,288.11490820318164,101260.16032712538,1.224377467283723,340.27156531160904
4.7,6.753715837171062,-28.710143700070518,-3.1893362613782013,9.092391983556418,0.0,0.0,0.0,0.0,30.28391997495505,288.10610084705837,101243.89211022707,1.2242181847118927,340.26636440795517
4.75,7.829595036499774,-28.00451700379449,-2.9266511290677344,7.847817028114679,0.0,0.0,0.0,0.0,29.230232492299045,288.0991076322627,101230.9763319577,1.224091722493773,340.2622347310636
4.8,9.155426633794656,-27.665447810028652,-3.752156063831562,8.167495923421512,0.0,0.0,0.0,0.0,29.0888925075513,288.0904897268803,101215.06174552618,1.2239358938331146,340.2571455627955
4.85,10.53393953781421,-26.88526185045082,-2.3507819507215584,8.97449192064103,0.0,0.0,0.0,0.0,28.4409033924873,288.0815293930042,101198.5169486754,1.2237738894856447,340.25185409805863
4.9,10.851921206695739,-27.397710698772695,-2.722600081007435,9.084933564323665,0.0,0.0,0.0,0.0,28.992811533256308,288.07946251215645,101194.7008700676,1.223736522260003,340.2506335038339
4.95,12.47763629789975,-25.755628335895796,-2.859745816944557,8.718607125908445,0.0,0.0,0.0,0.0,27.34126272377104,288.0688953640636,101175.19258312376,1.2235454919852218,340.24439301766057
5.0,13.270360328106563,-26.05285485036557,-2.8430389222513344,8.581482988415447,0.0,0.0,0.0,0.0,27.57672871187075,288.0637426578673,101165.68114275177,1.2234523509190731,340.2413500177736
5.05,14.70337911043493,-24.26477646017849,-2.0592414447313554,8.706249208976537,0.0,0.0,0.0,0.0,25.861527937825638,288.05442803578217,101148.48901083179,1.2232839922221028,340.23584907346225
5.1,16.177535273299025,-25.910267743882763,-3.5048856811873264,7.063010237753268,0.0,0.0,0.0,0.0,27.083432423097538,288.0448460207235,101130.80581654087,1.2231108189812605,340.23019012184704
5.15,17.264379536877794,-25.370319996109263,-2.896008699750925,7.992964410587428,0.0,0.0,0.0,0.0,26.756821245486762,288.0377815330103,101117.77021325444,1.2229831563621076,340.2260179126089
5.2,19.018209982586537,-27.39860292961819,-3.6062619625074466,6.531435568756519,0.0,0.0,0.0,0.0,28.396271206373704,288.0263816351132,101096.73765115177,1.2227771698826557,340.2192851495972
5.25,20.876107662137724,-25.83156177480817,-3.1641851236729654,7.252576736828234,0.0,0.0,0.0,0.0,27.0163195225809,288.0143053001961,101074.46094166346,1.2225589897128455,340.21215273853727
5.3,22.13714253055536,-26.24726568099316,-3.2920216728680542,7.568558401123746,0.0,0.0,0.0,0.0,27.514349686926913,288.0061085735514,101059.34304776178,1.22241091843915,340.207311579944
5.35,23.95142261053219,-24.26696468483165,-2.451584503271998,8.63637277524316,0.0,0.0,0.0,0.0,25.874365234813222,287.9943157530315,101037.59579576255,1.22219790893696,340.20034637206174
5.4,25.328235230591872,-24.380133331802536,-2.286149007832845,7.333730217419586,0.0,0.0,0.0,0.0,25.56170920467521,287.98536647100116,101021.0948691743,1.2220362802063278,340.19506055159184
5.45,26.85087341051858,-22.117735155866516,-1.8568901039030898,9.21089688657356,0.0,0.0,0.0,0.0,24.030873282885857,287.9754693228316,101002.84878264797,1.2218575515581112,340.18921478607507
5.5,28.71466167345973,-23.470865511371834,-3.5978332892695746,6.823164584172938,0.0,0.0,0.0,0.0,24.70590025020323,287.9633546991225,100980.51825693996,1.2216388056257625,340.1820591285442
5.55,29.847181101861686,-24.372564438516502,-2.767826001497572,7.857597863491052,0.0,0.0,0.0,0.0,25.757030152339855,287.95599332283786,100966.95120363163,1.2215059006451299,340.17771096391493
5.6,31.604374907725166,-23.42404422420108,-3.215480975491287,7.12401094927886,0.0,0.0,0.0,0.0,24.693657034277432,287.94457156309977,100945.9037650141,1.2212997099128848,340.1709643312652
5.65,33.326008901693534,-23.380775560801492,-2.71109107728631,8.625572678363449,0.0,0.0,0.0,0.0,25.06813085739828,287.93338094213897,100925.2857029632,1.2210977176268651,340.1643540984525
5.7,35.18319236686733,-23.063074616827972,-3.2237828814425455,8.093836504736627,0.0,0.0,0.0,0.0,24.65377002029231,287.9213092496153,100903.04814169374,1.2208798505316447,340.15722327791735
5.75,37.33450394197733,-23.60601570587508,-4.655973593907058,6.482755382835411,0.0,0.0,0.0,0.0,24.918831934239257,287.90732572437713,100877.2937064017,1.2206275163018734,340.148962939556
5.8,38.715573833046584,-21.287069942021443,-2.9581075558234167,7.514648531677593,0.0,0.0,0.0,0.0,22.767513908702824,287.8983487700852,100860.76302813736,1.2204655472176291,340.14365997359727
5.85,40.72399198727744,-21.422276811324338,-4.666104870620658,7.336856352744978,0.0,0.0,0.0,0.0,23.119600766134536,287.88529405208266,100836.72723641942,1.2202300333401377,340.1359479983121
5.9,42.53458709345308,-21.853219063614223,-4.082189139217249,8.111730763734618,0.0,0.0,0.0,0.0,23.664902864663823,287.8735251838925,100815.0628722386,1.2200177466614366,340.12899547914304
5.95,44.674573150835634,-22.117427735338502,-5.697434303113555,7.8809402633844785,0.0,0.0,0.0,0.0,24.160930998230395,287.85961527451957,100789.46209725972,1.2197668763453697,340.12077794567506
6.0,46.57811675923826,-21.438677885509183,-4.719700410291651,7.077475777473122,0.0,0.0,0.0,0.0,23.06475980413077,287.8472422410649,100766.6943208106,1.2195437573171253,340.11346818292384
6.05,48.599144272812715,-23.769726229700808,-5.295583612924189,7.987677551807039,0.0,0.0,0.0,0.0,25.62900863295418,287.8341055622267,100742.52590900562,1.21930690188601,340.1057071004426
6.1,51.082060847216155,-10.527616445598778,-2.9890533100207137,3.200910843438338,0.0,0.0,0.0,0.0,11.40223565549444,287.81796660449305,100712.84043300422,1.219015963290159,340.09617204453747
6.15,52.34711259538053,5.990544733411936,-0.7023664205568885,-2.989614910695966,0.0,0.0,0.0,0.0,6.73184537151523,287.80974376813,100697.71833819516,1.218867749826,340.091313808657
6.2,52.836392464845126,4.727641882708052,-0.49664449445592274,-1.9801675367673486,0.0,0.0,0.0,0.0,5.149593867352646,287.80656344897847,100691.87010882495,1.2188104294932953,340.0894347862647
6.25,54.135245120296155,5.236349665024815,0.310106943263209,-2.0624427414121747,0.0,0.0,0.0,0.0,5.63641678660027,287.79812090671805,100676.34660994896,1.2186582757333653,340.08444664345177
6.3,55.35222618495327,4.712079428441825,-0.2753850039094852,-1.9598145659553048,0.0,0.0,0.0,0.0,5.110812320292484,287.7902105297978,100661.80337443382,1.2185157259866524,340.07977285573725
6.35,57.11154040207148,4.835209409424879,-0.0203452391831222,-2.9632771281285475,0.0,0.0,0.0,0.0,5.671038291163098,287.7787749873865,100640.78212603634,1.2183096731897258,340.0730161365071
6.4,58.72527626234995,3.5734388180253287,-0.495828917772244,-2.922854396026443,0.0,0.0,0.0,0.0,4.64310123971474,287.7682857042947,100621.50345321184,1.2181206941287885,340.0668183989507
6.45,60.73260042774684,5.313379023975397,0.8038412708199312,-0.8680863395690811,0.0,0.0,0.0,0.0,5.443503589972325,287.7552380972196,100597.52690788964,1.217885654592379,340.05910888274946
6.5,62.73699227671445,4.516773867472751,-0.6510536687626172,-1.9955202297535077,0.0,0.0,0.0,0.0,4.98068449481088,287.7422095502013,100573.59000402041,1.217650993024755,340.0514104542715
6.55,64.7285426343822,4.914201094205114,0.6987941890554279,-0.8451138910417998,0.0,0.0,0.0,0.0,5.035067348286037,287.7292644728765,100549.81102419105,1.2174178691184663,340.0437611745213
6.6,66.09182120302432,4.021982800174466,-1.0647257222003739,-1.9659133543394125,0.0,0.0,0.0,0.0,4.6016086127771,287.72040316218033,100533.53619297709,1.2172583081941162,340.03852490384884
6.65,67.69947298147784,4.126169929578393,-0.7552957261152777,-2.0028041729029584,0.0,0.0,0.0,0.0,4.648330289108388,287.70995342562037,100514.34677319085,1.2170701658857315,340.03234990682
6.7,70.2096636808065,4.485156028822904,-0.1757791075162419,-1.6038412114144283,0.0,0.0,0.0,0.0,4.766532233076469,287.69363718607474,100484.39030576986,1.2167764445974227,340.02270802987243
6.75,71.11129849626955,4.082155417969489,-0.1525292474840558,-1.8921534799727142,0.0,0.0,0.0,0.0,4.50194433767995,287.68777655977425,100473.6320140553,1.21667095615469,340.01924469958533
6.8,72.87379606270588,4.1393315837809705,0.22539182426738347,-1.5070951788626488,0.0,0.0,0.0,0.0,4.410918647298349,287.67632032559237,100452.60461577935,1.2164647696785214,340.012474549458
6.85,74.11425617491241,4.620788703747917,0.5751645065157768,-1.0436974035500346,0.0,0.0,0.0,0.0,4.771981425405696,287.66825733486303,100437.80749861157,1.216319669989325,340.0077095819467
6.9,75.40577620923986,3.757999409762775,-0.27078988973183515,-1.2632420921020262,0.0,0.0,0.0,0.0,3.973873086979081,287.6598624546399,100422.40317677142,1.2161686117645987,340.0027484074888
6.95,76.8485878441427,3.002186590053559,-0.7007232158041627,-2.138890840842563,0.0,0.0,0.0,0.0,3.752198205812767,287.65048417901306,100405.19661997615,1.2159998752082457,339.99720598413745
7.0,78.15927448699836,3.6439881080976604,0.2777840029441359,-1.1729042238636187,0.0,0.0,0.0,0.0,3.838165916503083,287.6419647158345,100389.56781729149,1.215846606171333,339.99217102802885
7.05,79.43168186701139,2.8065641162301755,-0.3654713459802707,-2.1330822357846198,0.0,0.0,0.0,0.0,3.544067051829495,287.6336940678644,100374.39734613491,1.2156978275724013,339.9872830490174
7.1,81.08320035471678,2.887347541806613,-0.16938100651605545,-1.7805766101961236,0.0,0.0,0.0,0.0,3.3964568033941784,287.62295919769434,100354.70963335481,1.2155047414733724,339.98093860211844
7.15,81.7337988485743,3.5394650403178765,0.7499786896663632,-0.917322240640934,0.0,0.0,0.0,0.0,3.7325274144687275,287.61873030748427,100346.95472270157,1.2154286836593176,339.97843924088585
7.2,83.44311605267262,3.0674675882264397,0.18244603095265108,-1.2891864654708491,0.0,0.0,0.0,0.0,3.332363380812982,287.6076197456576,100326.58256071604,1.215228874338985,339.9718725824056
7.25,84.56395840742351,3.3445326344335773,0.22527415049801844,-0.9365690859272584,0.0,0.0,0.0,0.0,3.480489712438241,287.6003342703517,100313.22583895373,1.2150978679758915,339.9675665901473
7.3,85.36269827888601,3.029712457400575,0.25051334885946297,-1.1866619408860175,0.0,0.0,0.0,0.0,3.2634461960376155,287.5951424611872,100303.7083887036,1.2150045162079655,339.9644980007138
7.35,86.62513012566738,3.4728888587385343,0.7980263949903004,-0.6103068433623661,0.0,0.0,0.0,0.0,3.615283888618761,287.58693665418315,100288.6672699251,1.214856982183802,339.9596479484243
7.4,88.06713054606556,1.7591496594913383,-1.0310484525915737,-2.1181882400989447,0.0,0.0,0.0,0.0,2.940134326280593,287.57756365145053,100271.48893379357,1.2146884796572377,339.95410793901056
7.45,89.38219966254744,2.8315113082364807,0.20094078553341957,-0.9151910156789798,0.0,0.0,0.0,0.0,2.9825170717267278,287.56901570219344,100255.82478870524,1.2145348250630934,339.9490555072046
7.5,90.60095681344481,3.3285893294999056,0.8298915095607213,-0.5165206464044165,0.0,0.0,0.0,0.0,3.469152694861332,287.5610937807126,100241.30961071092,1.214392436976133,339.9443730342583
7.55,91.88742108502984,2.6900394576151414,0.13845917895677307,-0.7224989891644047,0.0,0.0,0.0,0.0,2.788814805093256,287.5527317629473,100225.98989927908,1.2142421524830609,339.9394303601388
7.6,92.20832061298319,3.3942600790668864,0.8205356863179872,-0.09041954997992718,0.0,0.0,0.0,0.0,3.493201395838357,287.5506459160156,100222.16879970177,1.214204667283158,339.9381974333999
7.65,93.25535840716638,2.205519201931584,-0.2863902477617845,-0.8985331292409334,0.0,0.0,0.0,0.0,2.398686329732483,287.5438401703534,100209.70205520511,1.2140823659336821,339.93417458275644
7.7,94.42549656958191,2.8661578618542607,0.3474885775938657,-0.3643176337548579,0.0,0.0,0.0,0.0,2.9100406421374827,287.5362342722977,100195.7710798165,1.213945696750561,339.9296787087122
7.75,94.99335998041337,1.8653745031413496,-0.4886509137938453,-1.5005477022105285,0.0,0.0,0.0,0.0,2.443367585757553,287.5325431601273,100189.01099789924,1.2138793759799478,339.92749685743337
7.8,96.2594325296467,2.407100665861596,-0.11298687322240619,-0.7657363630944061,0.0,0.0,0.0,0.0,2.5284880515590658,287.5243136885573,100173.94047398632,1.2137315213399733,339.92263228861435
7.85,97.24648078187474,2.2563634185117114,-0.04559853569671868,-0.8252736136769254,0.0,0.0,0.0,0.0,2.4029839034598033,287.51789787491776,100162.19255160086,1.213616261307688,339.9188397529522
7.9,98.02640220255402,1.3187485820662228,-0.8480854245197754,-1.5059898985209772,0.0,0.0,0.0,0.0,2.174017544646727,287.51282838568335,100152.91065734846,1.2135251939032317,339.9158430308222
7.95,99.01662276219743,1.9759262647220686,-0.1623373629192192,-0.9465010028847742,0.0,0.0,0.0,0.0,2.196930169914364,287.5063919520457,100141.12698324119,1.2134095784847427,339.9120382301407
8.0,99.58707842141808,1.921330266701672,-0.09745510095834228,-0.8140655644078132,0.0,0.0,0.0,0.0,2.088949552670272,287.5026839902608,100134.33904209052,1.2133429774827857,339.90984630511383
8.05,100.12352845440141,2.1511927466204086,0.11041989700663452,-0.44073455935975725,0.0,0.0,0.0,0.0,2.1986518002133155,287.49919706504636,100127.95607913053,1.2132803492073636,339.9077850307789
8.1,101.38856556583409,1.7852207390081767,-0.25597451724344283,-0.8716103348697756,0.0,0.0,0.0,0.0,2.003057816518214,287.49097432382206,100112.90531070803,1.2131326712603159,339.90292415852264
8.15,101.40524917405283,1.7457031187783387,-0.3270543459876954,-0.7108362113739266,0.0,0.0,0.0,0.0,1.9130426141469759,287.49086588036863,100112.7068298591,1.213130723740549,339.90286005172675
8.2,102.51336061505668,2.3615251443245326,0.3735694309392145,-0.1870950717305373,0.0,0.0,0.0,0.0,2.398199260460879,287.4836631560021,100099.5246096421,1.2130013764457257,339.89860210436666
8.25,102.9795645567529,1.4747351547677627,-0.7129124912140143,-1.0147391555397505,0.0,0.0,0.0,0.0,1.9268584666815556,287.48063283038107,100093.97901439422,1.212946960687361,339.8968106875162
8.3,103.74400055005,2.1108908130585093,0.041772403804588576,-0.5012179597559214,0.0,0.0,0.0,0.0,2.1699825809338464,287.47566399642466,100084.88642372565,1.212857739047792,339.8938732755317
8.35,103.78386033505528,1.9610477001337545,0.18394582455430564,-0.20210942621217542,0.0,0.0,0.0,0.0,1.9799980729118567,287.4754049078221,100084.41232950815,1.2128530869250296,339.89372011013455
8.4,104.46887479266853,1.3504557896627392,-0.25985290333811545,-0.8683927169145901,0.0,0.0,0.0,0.0,1.6264563572371573,287.47095231384765,100076.26501846092,1.2127731395213612,339.8910878595759
8.45,105.15537126548475,1.7111614580361434,0.04886470309888541,-0.23808031772124044,0.0,0.0,0.0,0.0,1.7283354802709945,287.46649008677434,100068.10061966057,1.2126930231978588,339.8884498937438
8.5,105.94399429988351,0.9168095749175909,-0.6196195813492955,-1.0516913913357613,0.0,0.0,0.0,0.0,1.526605058573369,287.4613640370507,100058.72231076629,1.2126009933768929,339.88541946598644
8.55,106.56943640994503,2.6243555313007842,1.101585919593398,0.7003507031017855,0.0,0.0,0.0,0.0,2.9310790846121195,287.45729866333534,100051.28505625656,1.2125280100542841,339.88301607146326
8.6,106.8201722750073,1.5608267478433593,0.019748613539321794,-0.2058119291821134,0.0,0.0,0.0,0.0,1.574461398292656,287.45566888021244,100048.30363272259,1.2124987524363213,339.88205256072433
8.65,107.14322907664112,1.074286767442954,-0.39765712925423613,-0.794000761259761,0.0,0.0,0.0,0.0,1.3937935500033107,287.45356901100183,100044.46236909453,1.2124610567008667,339.8808111359794
8.7,107.95671204890584,1.2804987498949012,-0.23855388269191014,-0.6622148766079041,0.0,0.0,0.0,0.0,1.461202773823884,287.44828137168207,100034.79028773913,1.212366139782785,339.87768510868415
8.75,107.91570443658868,1.2220606619650423,-0.2482509878814846,-0.8199901410669083,0.0,0.0,0.0,0.0,1.4924626112414001,287.4485479211622,100035.27783847261,1.2123709244010603,339.87784269216115
8.8,108.4080142755141,1.477270233952777,0.08714712691394848,-0.44061249592395596,0.0,0.0,0.0,0.0,1.5440405880081605,287.4453479072091,100029.42475907944,1.2123134844433203,339.87595084599633
8.85,108.57276226372511,1.4607924781872694,0.10413587518705629,-0.4426230009604834,0.0,0.0,0.0,0.0,1.529926163515332,287.4442770452858,100027.46612959266,1.2122942630346931,339.87531775077315
8.9,108.9031964918696,0.854109411725587,-0.636411303016467,-1.1023836147972914,0.0,0.0,0.0,0.0,1.5328965614087888,287.4421292228028,100023.53780968765,1.2122557114528973,339.87404795124877
8.95,108.60106073100877,1.868168006073077,0.0920401639202269,-0.0365730172491453,0.0,0.0,0.0,0.0,1.8707914571860287,287.44409310524844,100027.12970243393,1.2122909614311743,339.8752090050202
9.0,109.32882763018235,0.7639614936169639,-0.7270255092782817,-1.1385890445915168,0.0,0.0,0.0,0.0,1.5519627145439512,287.4393626204038,100018.47793906847,1.2122060546814772,339.8724123200671
9.05,109.31534946050282,1.2919985392308795,-0.00013888317936139316,-0.3784908384604305,0.0,0.0,0.0,0.0,1.346296980410245,287.4394502285067,100018.63816334728,1.2122076271045812,339.8724641145999
9.1,109.8377589548129,0.7631131442690213,-0.6638254430778044,-1.051822015695191,0.0,0.0,0.0,0.0,1.4592242605352648,287.4360545667937,100012.42807424538,1.2121466816358548,339.8704565694956
9.15,110.07728566747014,1.6460881772333114,0.3228327371833693,-0.11047323665889808,0.0,0.0,0.0,0.0,1.6810804857122352,287.4344976431614,100009.58082949568,1.2121187386936583,339.86953609857017
9.2,110.48265668598343,0.6753139303984007,-0.6749861509391748,-1.0730573336558276,0.0,0.0,0.0,0.0,1.4363520633404514,287.43186273154106,100004.76234944638,1.2120714496464846,339.8679783032294
9.25,110.31412399733087,2.044136446544764,0.639413263537732,0.19175116492379263,0.0,0.0,0.0,0.0,2.1503747680184166,287.4329581940173,100006.76560598328,1.2120911098599945,339.8686259563094
9.3,110.34216218592694,0.7685228186664741,-0.41523410805893524,-1.0086022006183852,0.0,0.0,0.0,0.0,1.3342882321293295,287.43277594579143,100006.43232901023,1.2120878390427434,339.86851820863785
9.35,110.44714911948657,0.6452057843003876,-0.8506717590424554,-1.3170210244070337,0.0,0.0,0.0,0.0,1.695428360166603,287.4320935307233,100005.18440590281,1.2120755917682622,339.86811475510876
9.4,110.47328392027934,1.463946795852996,0.06448767555845109,-0.37907074301036164,0.0,0.0,0.0,0.0,1.5136028242552975,287.4319236545182,100004.87375756862,1.212072543021882,339.86801432179703
9.45,111.34877672694209,1.533383367050895,0.040594384441010836,-0.16449669861051114,0.0,0.0,0.0,0.0,1.5427156634487904,287.42623295127487,99994.46776349997,1.2119704160934923,339.8646498771663
9.5,110.7968121583005,1.3414502590884532,-0.15943334568611203,-0.3883932397953016,0.0,0.0,0.0,0.0,1.4056162698417503,287.429820720971,100001.02824070699,1.212034802430111,339.86677103408715
9.55,111.00467194489904,1.6017360226033406,0.06583639261121896,-0.1464519319174914,0.0,0.0,0.0,0.0,1.6097642327557142,287.42846963235814,99998.55764376858,1.2120105554032279,339.8659722466428
9.6,110.79038670140568,1.512991882796865,0.07182714990610166,-0.24144050530870842,0.0,0.0,0.0,0.0,1.5338178165859724,287.42986248644087,100001.10461371834,1.2120355519712216,339.8667957265405
9.65,110.56511787054266,1.7061372936507668,0.40452374280943415,-0.03337848573375635,0.0,0.0,0.0,0.0,1.753755412419986,287.43132673384144,100003.78218997047,1.2120618302098805,339.86766141327547
9.7,110.3660456083065,0.996741375639421,-0.35153971809553075,-0.7720680049863318,0.0,0.0,0.0,0.0,1.3088783547884904,287.432620703546,100006.14843852991,1.2120850529083844,339.8684264272485
9.75,110.491948767344,1.4993524243866385,0.026620935778081237,-0.3131238292756737,0.0,0.0,0.0,0.0,1.5319311013214834,287.43180233301223,100004.6519004671,1.2120703656840262,339.86794259471964
9.8,110.31790164792048,1.5118954575327312,0.33380601331524284,-0.3094350353389528,0.0,0.0,0.0,0.0,1.5789250679271458,287.4329336392885,100006.72070274639,1.2120906691747584,339.8686114392161
9.85,109.87396337079004,1.4588009104610706,0.0005650776555288922,-0.4392208456801822,0.0,0.0,0.0,0.0,1.523487895243943,287.43581923808983,100011.99770954518,1.2121424580339686,339.87031744065433
9.9,109.71558575573417,0.1402576995249467,-1.315875836591486,-1.7913477657784962,0.0,0.0,0.0,0.0,2.2271345396183375,287.4368486925877,100013.88036760523,1.2121609344265383,339.87092606471975
9.95,109.48935550940246,2.247830861717159,0.8714602177037701,0.2706491604674096,0.0,0.0,0.0,0.0,2.425992057280922,287.43831918918886,100016.56964966899,1.2121873269064665,339.8717954355132
10.0,109.02289651929243,1.2537796545172517,-0.2186864193215415,-0.8280584882102968,0.0,0.0,0.0,0.0,1.5183767753671018,287.4413511726246,100022.11480391174,1.212241746347178,339.87358796432335
10.05,109.24761907139572,1.4233554148288943,-0.07681817805092142,-0.5669339573474454,0.0,0.0,0.0,0.0,1.5340325229262357,287.4398904760359,100019.44332424212,1.2122155288560545,339.87272439194726
10.1,108.87710306695563,2.1181470617094025,0.501728988149558,0.031749223187835685,0.0,0.0,0.0,0.0,2.1769903458101934,287.4422988300648,100023.8480130825,1.212258755724492,339.8741482237773
10.15,108.39382223019155,0.5382593190889697,-1.2857934950139567,-1.7568394900941993,0.0,0.0,0.0,0.0,2.242648657360482,287.4454401555037,100029.59348464689,1.212315140262626,339.87600538327547
10.2,108.27781569441476,1.7004810596218087,0.2053888832606297,-0.011565742446286387,0.0,0.0,0.0,0.0,1.7128789198007812,287.4461941979863,100030.97266507933,1.2123286750828577,339.8764511735768
10.25,107.98704575960268,1.643894911409052,-0.2414687410552422,-1.1565613914239015,0.0,0.0,0.0,0.0,2.024433719536347,287.44808420256254,100034.42964318336,1.2123626005656212,339.8775685426795
10.3,107.29185214488797,0.7166989055850684,-0.8068582703547842,-0.22812357136645217,0.0,0.0,0.0,0.0,1.1030493885224422,287.45260296105823,100042.69522651707,1.212443714987096,339.88024001397974
10.35,106.96138429053237,3.870590781201896,1.6358630738558453,-0.2872144908742136,0.0,0.0,0.0,0.0,4.211889499464383,287.4547510021115,100046.62455547469,1.2124822750664388,339.88150991958736
10.4,106.75039312285509,-0.8709775012535819,-1.574221244077695,0.7030890433396649,0.0,0.0,0.0,0.0,1.9316077593185799,287.4561224447014,100049.13334806818,1.2125068947025872,339.8823207035814
10.45,106.53110194783166,3.546405171113508,0.9319267141242404,-4.040243019963377,0.0,0.0,0.0,0.0,5.456101236099072,287.45754783733906,100051.74088596886,1.2125324832355815,339.88316338028784
10.5,105.10589359770832,-2.3281078506007633,-2.1303920978071895,4.968825182608638,0.0,0.0,0.0,0.0,5.886245012718549,287.46681169161485,100068.68903205013,1.2126987972637782,339.8886400198001
10.55,105.13881144604846,6.986745000651048,3.315622646298527,-8.651793378062672,0.0,0.0,0.0,0.0,11.604373653647109,287.46659772560065,100068.29755674208,1.2126949557338387,339.8885135275788
10.6,102.64701808380133,-18.257397302701055,-7.44379586005184,19.21490748449073,0.0,0.0,0.0,0.0,27.53098840783488,287.48279438245527,100097.934700127,1.2129857756305062,339.8980885184224
10.65,97.33340871927986,-35.40492427289253,-32.11718162003618,57.749290045250284,0.0,0.0,0.0,0.0,74.96667605485845,287.51733284332465,100161.15798221894,1.2136061109215959,339.91850574769666
10.7,94.93932254991408,40.770469763182724,2.2633956388267484,53.27598212582308,0.0,0.0,0.0,0.0,67.12439523749526,287.53289440342553,100189.6542660172,1.213885686892388,339.9277044812685
10.75,92.96243413228164,-90.19544488480071,15.572258865081826,-15.279281600285085,0.0,0.0,0.0,0.0,92.79638985622799,287.5457441781401,100213.1896844425,1.2141165805915648,339.9353000393886
10.8,91.50084683326978,-155.66578898878373,-25.96016746178965,-159.6149257061643,0.0,0.0,0.0,0.0,224.46089339644234,287.55524449558374,100230.59317491602,1.2142873105126317,339.9409156095221
10.85,90.56223398833517,-29.169650807136946,18.826698771193918,-28.497118333686945,0.0,0.0,0.0,0.0,44.915463574984244,287.5613454790758,100241.77076640239,1.2143969607892386,339.94452180859776
10.9,90.49612072638581,-5.1151726218112685,0.24329155729974145,-20.381897407081343,0.0,0.0,0.0,0.0,21.015373507163037,287.5617752152785,100242.55812271469,1.21440468453341,339.94477581772594
10.95,90.58479901018904,-59.55749143263882,-14.305542388658603,29.39713637832088,0.0,0.0,0.0,0.0,67.94067232540573,287.56119880643377,100241.50203610405,1.2143943246178848,339.944435113066
11.0,90.56746971926401,-119.84414584783127,-26.62449982622649,21.471611247445857,0.0,0.0,0.0,0.0,124.6295044303492,287.5613114468248,100241.70841322963,1.2143963491216423,339.94450169275495
11.05,91.23078602419716,-38.42716362991356,-17.909620484938554,16.804803731181963,0.0,0.0,0.0,0.0,45.60485543226981,287.5569998908427,100233.80912528822,1.214318858678695,339.9419532010325
11.1,91.60162483680708,62.120952343857816,-60.774587737500894,43.05077765414455,0.0,0.0,0.0,0.0,96.98418784213042,287.55458943856075,100229.39310713139,1.2142755379129153,339.94052841294814
11.15,92.40455984486019,-152.99517142269798,-14.793731568208543,-93.78952067203846,0.0,0.0,0.0,0.0,180.06346425708819,287.5493703610084,100219.83214623854,1.21418174444842,339.93744346126164
11.2,92.68808409301307,-17.242711542360095,-9.076661834516488,-33.99577139835734,0.0,0.0,0.0,0.0,39.184299972828114,287.5475274533954,100216.45625334854,1.2141486263777912,339.9363541277926
11.25,93.14875936122066,-38.150974060022136,25.569507626140254,-49.3835858073604,0.0,0.0,0.0,0.0,67.43912135522417,287.54453306415206,100210.97123857102,1.214094817018115,339.93458415184944
11.3,93.986364630522,28.14189971750364,-0.7194316387699199,-14.556209097010116,0.0,0.0,0.0,0.0,31.691754840475067,287.5390886299016,100200.99894205909,1.2139969848725898,339.9313659368587
11.35,94.73070870552351,56.04706296052162,39.03622350154536,-28.463898711795654,0.0,0.0,0.0,0.0,73.99522647873063,287.5342503934141,100192.1376618667,1.2139100506791127,339.9285060209004
11.4,94.70262961191195,-33.01128016270195,77.32604277692457,29.369622147115567,0.0,0.0,0.0,0.0,89.05973396874431,287.53443290752256,100192.47192682748,1.2139133300348497,339.92861390672317
11.45,95.0185411418967,-69.52334311511989,59.465626937734775,-46.328305269551066,0.0,0.0,0.0,0.0,102.54739340494837,287.53237948257765,100188.71123944507,1.2138764351361557,339.927400105763
11.5,95.36947045194184,-39.51122074789256,32.30539909889618,-0.3288995219460518,0.0,0.0,0.0,0.0,51.03805982620415,287.53009844206235,100184.53382593293,1.2138354515620475,339.9260517537772
11.55,95.8512347670461,-28.311502165788344,4.083595084774246,34.429787167809906,0.0,0.0,0.0,0.0,44.761893929105796,287.52696697401416,100178.7992005043,1.2137791900361927,339.924200694577
11.6,96.08365801687893,-0.9357311626224114,-14.435977229227518,10.006416803783388,0.0,0.0,0.0,0.0,17.589809794949936,287.5254562228903,100176.03267246361,1.2137520478370483,339.9233076626152
11.65,95.9218357463099,10.527756144548421,17.88930381788254,-3.0490952466383714,0.0,0.0,0.0,0.0,20.979938568800826,287.526508067649,100177.95883229906,1.213770945261831,339.9239294270795
11.7,96.25873281042125,19.300412270821038,-10.56642581588579,-23.383329626986963,0.0,0.0,0.0,0.0,32.108182333956606,287.52431823673226,100173.94880249279,1.2137316030508647,339.92263497713066
11.75,96.07304279784887,18.821724775555783,1.2068339780371122,-26.886811294934883,0.0,0.0,0.0,0.0,32.84226535101916,287.52552522181395,100176.15902379787,1.2137532874636214,339.92334844916195
11.8,97.00109398026525,-5.042464557141128,4.8580809616285405,-0.44055772816323174,0.0,0.0,0.0,0.0,7.015802915675903,287.51949288912823,100165.11305952798,1.2136449149409847,339.91978260665263
11.85,97.4615994705328,-21.29343679086936,-9.312120218854492,4.6810513654160895,0.0,0.0,0.0,0.0,23.70734643992894,287.5164996034415,100159.63234089155,1.21359114248503,339.9180131967634
11.9,96.45423734051862,-2.9775894759335073,-0.8507730332729531,-2.5456500779232005,0.0,0.0,0.0,0.0,4.00876391928545,287.5230474572866,100171.62180413787,1.2137087728437188,339.9218837934089
11.95,96.11726968558847,-2.692120685931612,-0.930047511753912,7.3392919364253855,0.0,0.0,0.0,0.0,7.872592221741147,287.52523774704366,100175.63259874462,1.21374812273199,339.9231785174474
12.0,95.74665065977997,-22.744072150987357,-8.076613374558898,-12.049953079697564,0.0,0.0,0.0,0.0,26.976394696740616,287.5276467707114,100180.04408265931,1.2137914034351367,339.9246025337763
12.05,96.02212922134555,-8.319651020044915,0.30951850876286524,-1.3763843592799714,0.0,0.0,0.0,0.0,8.43841387389074,287.5258561600612,100176.76504213345,1.2137592330748381,339.9235440728456
12.1,95.88558658037243,-7.8578400763057275,4.605922181907744,3.373902435173105,0.0,0.0,0.0,0.0,9.713052427154565,287.52674368722757,100178.39030784655,1.213775178429972,339.92406870591867
12.15,95.85127699059088,-19.861769861904794,3.4076960960771476,-31.985194380090633,0.0,0.0,0.0,0.0,37.80416583212319,287.5269666995611,100178.79869791289,1.2137791851053188,339.92420053234315
12.2,95.17784123254322,-5.574262816500992,-1.263160469328011,-11.488473580142262,0.0,0.0,0.0,0.0,12.831718728226758,287.53134403198845,100186.81493592584,1.2138578310101216,339.9267880384469
12.25,95.16762750845805,3.21115718166194,6.400706948290463,3.66023758254989,0.0,0.0,0.0,0.0,8.042258329843895,287.531410421195,100186.93651892024,1.213859023830332,339.92682728193967
12.3,94.78165165794873,7.12474675345685,0.4804903184475124,-7.206794716754561,0.0,0.0,0.0,0.0,10.145480636049589,287.5339192642233,100191.53121852853,1.2139041010719154,339.92831028720366
12.35,94.54176631913744,-0.6946485100008424,-2.93640440753952,-4.599684681154364,0.0,0.0,0.0,0.0,5.501100486549035,287.5354785189256,100194.386926354,1.2139321173802458,339.9292319768934
12.4,94.89967564941432,-9.988251782666214,6.420575086777242,-11.229848268129736,0.0,0.0,0.0,0.0,16.34314688926511,287.5331521082788,100190.12622965005,1.213890317182503,339.9278568134039
12.45,94.23583455113086,-15.100629522481679,9.596881288151025,-10.492076484631143,0.0,0.0,0.0,0.0,20.7415720569454,287.5374670754176,100198.02897754165,1.213967847996179,339.93040742716454
12.5,94.65008178410675,-11.148562111424742,8.60480196909233,1.8070297051727995,0.0,0.0,0.0,0.0,14.198535503176636,287.53477446840327,100193.0974799869,1.213919467110862,339.9288158065115
12.55,94.49935103722748,-21.648752829989316,-4.087319676700323,-8.561241720047814,0.0,0.0,0.0,0.0,23.636191339185746,287.535754218258,100194.8918646631,1.2139370711300976,339.9293949450258
12.6,94.00843752650997,-25.844731486095046,-2.63119090074298,-6.99743155029134,0.0,0.0,0.0,0.0,26.904225680095646,287.53894515607766,100200.7361591359,1.213994406843852,339.93128112880834
12.65,93.3587552482201,-8.302451204889408,-4.835227261210579,-2.496481855574168,0.0,0.0,0.0,0.0,9.926859540274284,287.5431680908865,100208.47101018044,1.2140702889695998,339.93377731653055
12.7,92.7858127360833,-3.344320428226465,-1.7805122251344145,1.7376310015325422,0.0,0.0,0.0,0.0,4.168220772463107,287.54689221721543,100215.29263019118,1.2141372109919282,339.935978642056
12.75,92.63894816755781,10.525637879195278,-1.842295068735621,-1.5451697567471803,0.0,0.0,0.0,0.0,10.796789034773449,287.5478468369109,100217.0413029599,1.2141543658269713,339.9365429140406
12.8,92.97130998765148,-6.853658849827426,4.136536990799976,15.56339821327837,0.0,0.0,0.0,0.0,17.501512558951887,287.54568648508024,100213.08400485803,1.2141155438474118,339.9352659371475
12.85,92.93266403162028,-15.65405453331295,1.2155705907189642,-10.44481919378902,0.0,0.0,0.0,0.0,18.857923618041834,287.5459376837944,100213.54414016381,1.2141200578926714,339.9354144201314
12.9,92.89180778215653,-5.93333488648363,-4.256730964155326,-1.7107311083239785,0.0,0.0,0.0,0.0,7.500054819889641,287.54620324941595,100214.03059403031,1.2141248301254675,339.9355713952907
12.95,92.666962737347,-9.456137824090396,-0.3998458444486426,-1.5909455699496013,0.0,0.0,0.0,0.0,9.597370840707269,287.54766474220725,100216.7077398965,1.2141510935099633,339.9364352786427
13.0,92.4476793172428,-5.171089469645474,-9.634575549290187,-3.689327347840878,0.0,0.0,0.0,0.0,11.540205743295273,287.5490900844379,100219.31872135674,1.2141767076786376,339.93727779140823
13.05,92.21595864425088,-7.602487239313048,-12.090218579910587,-2.098210112703253,0.0,0.0,0.0,0.0,14.435154422831198,287.55059626881234,100222.07785155668,1.2142037750734707,339.93816808729736
13.1,92.09366552394424,-12.001737195691899,1.78756383608419,-2.992647836922524,0.0,0.0,0.0,0.0,12.49772064251588,287.55139117409436,100223.53403750288,1.214218060373327,339.93863794975306
13.15,91.89501562580904,-18.774604888815578,-4.266700436894171,-1.1513686061604076,0.0,0.0,0.0,0.0,19.28772073150642,287.55268239843224,100225.89946619529,1.214241265332608,339.939401181237
13.2,91.63160132484805,-10.484566215278099,-1.6855749935225843,-8.804022658144085,0.0,0.0,0.0,0.0,13.794133055268606,287.5543945913885,100229.0361483698,1.214272036161698,339.94041324096975
13.25,91.53853435611546,-8.87285389254313,2.442243714999031,-4.589810161674971,0.0,0.0,0.0,0.0,10.283892642481486,287.5549995266852,100230.14438929094,1.2142829079531905,339.94077081131206
13.3,91.2995662100811,-8.045764501181313,0.8735058464209365,-2.258174340335385,0.0,0.0,0.0,0.0,8.402183658046884,287.5565528196345,100232.99006603,1.2143108238038616,339.94168894330465
13.35,90.98614454242934,-7.1332663755208285,-4.804179395461417,0.7212848635765926,0.0,0.0,0.0,0.0,8.630404434459418,287.55859006047416,100236.72244820067,1.2143474379320238,339.9428931270703
13.4,90.97796071664801,-13.728342375643308,-6.782269044247238,-4.868665368091539,0.0,0.0,0.0,0.0,16.06768372348336,287.5586432553418,100236.81990680401,1.2143483939833228,339.9429245697345
13.45,90.69236399422661,-22.094411562608514,-7.02935663094795,-5.551005440689085,0.0,0.0,0.0,0.0,23.84090053554061,287.5604996340375,100240.22103626671,1.2143817583383743,339.94402184467174
13.5,90.15542066887951,-6.839646541400115,-0.7933775998920655,-5.111036624891563,0.0,0.0,0.0,0.0,8.575133130644678,287.56398976565225,100246.61566854005,1.2144444877347529,339.94608479451955
13.55,90.32052667176139,1.7903426552770116,1.0323387212005501,-4.553316102848065,0.0,0.0,0.0,0.0,5.000373745136439,287.56291657663354,100244.64933241473,1.214425198656884,339.94545045441
13.6,90.2261072039787,1.878550371001174,-0.4400825958364898,-2.7729339366182564,0.0,0.0,0.0,0.0,3.3781336273741527,287.5635303031741,100245.77382077942,1.2144362295079565,339.94581321577795
13.65,89.64271928255286,1.768205160897327,-1.7026071230589843,-8.203355792407999,0.0,0.0,0.0,0.0,8.56273710698565,287.5673223246634,100252.72190397851,1.2145043873353678,339.94805459454017
13.7,89.33726330032391,-15.511164723696016,8.461438630333658,1.9505221689073249,0.0,0.0,0.0,0.0,17.77629633843713,287.56930778854786,100256.36000521053,1.2145400752478277,339.9492281517694
13.75,89.59270599003281,-8.13445869659283,-7.043852856714261,-1.711308066451355,0.0,0.0,0.0,0.0,10.895588862100013,287.56764741106474,100253.31757470072,1.2145102305773792,339.9482467451253
13.8,88.9690918374966,-8.093220928610691,5.983878859153609,-5.5663382625353215,0.0,0.0,0.0,0.0,11.501789115319944,287.57170090305624,100260.74521463581,1.2145830915820834,339.9506426555349
13.85,88.77738429006757,-12.074079462178494,-2.405634580258159,0.7275228589187145,0.0,0.0,0.0,0.0,12.332873229827007,287.5729470021145,100263.02866261579,1.214605490726689,339.9513791878771
13.9,88.56693402242024,-9.26964097681751,-1.7405865098844227,-1.1963887006582574,0.0,0.0,0.0,0.0,9.50721994909914,287.5743149288542,100265.53540551911,1.2146300801379997,339.9521877271253
13.95,88.49554329395993,-15.709880938810771,-3.3138380714899975,-0.8433787779311546,0.0,0.0,0.0,0.0,16.07772277527919,287.5747789685892,100266.38577567975,1.2146384216536037,339.9524620062443
14.0,88.41373665524931,-12.055004365224676,-2.154065247723669,-5.893274031968691,0.0,0.0,0.0,0.0,13.590209937779228,287.5753107117409,100267.36022206246,1.2146479802505654,339.952776302426
14.05,87.89894309031052,-6.338649154457907,1.2695903273885145,-2.7170082256547254,0.0,0.0,0.0,0.0,7.012308207786068,287.57865686991295,100273.4924031409,1.2147081319975035,339.95475410164795
14.1,88.12277354611423,-10.958690226990527,-1.8792333461558317,-4.325993323470545,0.0,0.0,0.0,0.0,11.930575329595529,287.5772019719502,100270.8261147721,1.2146819779466362,339.9538941628227
14.15,88.33665291577796,-12.54434078339504,-2.46868403425967,-0.1708384727386949,0.0,0.0,0.0,0.0,12.786089016377305,287.5758117560474,100268.27841826645,1.214656987058781,339.9530724532473
14.2,87.76662632344247,-15.343885058650574,-3.76153149189203,-2.6997227639270247,0.0,0.0,0.0,0.0,16.027240275844175,287.5795169288976,100275.06859927808,1.2147235930963511,339.9552624511291
14.25,87.11057971240601,-17.079552899222627,-4.867080766871651,-6.156257198025733,0.0,0.0,0.0,0.0,18.796252422140952,287.58378123186935,100282.88391527244,1.214800253794664,339.9577829137779
14.3,87.14072670551762,-13.644745805771517,-5.92802139822394,-5.966824945488712,0.0,0.0,0.0,0.0,16.028834197533726,287.5835852764141,100282.52477101916,1.2147967309614827,339.95766709258453
14.35,87.20507194738677,-8.567967565589571,-4.01504740031484,-5.138385891207765,0.0,0.0,0.0,0.0,10.767250503203353,287.583167032342,100281.75822296814,1.2147892119109387,339.9574198856193
14.4,86.4777028486425,-6.198174151712567,-2.858838417368505,-5.471011347204242,0.0,0.0,0.0,0.0,8.747701702322583,287.5878949314838,100290.42368337169,1.2148742105570989,339.960214342966
14.45,86.91108719530865,-2.335682662390801,0.944527803773657,-4.311915915063139,0.0,0.0,0.0,0.0,4.994012928504416,287.5850779332305,100285.26051655214,1.214823565731422,339.95854933951483
14.5,86.30709672166692,-11.32167421926469,-1.9454576832239003,-0.5479558713234657,0.0,0.0,0.0,0.0,11.500668170210611,287.58900387130916,100292.45627520367,1.2148941478475201,339.96086978616086
14.55,86.34432948864084,-10.562727597673014,-4.536015475301449,0.33280889597735225,0.0,0.0,0.0,0.0,11.50032227618248,287.58876185832383,100292.01268325986,1.2148897967486212,339.9607267435528
14.6,86.35411869825906,-10.066574756492344,-1.6065954304158279,0.7769952461300375,0.0,0.0,0.0,0.0,10.223541354031418,287.5886982284613,100291.8960546809,1.2148886527631222,339.9606891348935
14.65,85.29638549771468,-17.470242235450456,-5.710816548792027,-2.6245542759263785,0.0,0.0,0.0,0.0,18.566396380734666,287.59557349426484,100304.49851623658,1.2150122662261593,339.96475276142996
14.7,85.41873693210296,-5.891563284823094,-4.120999370636269,-2.442720263842343,0.0,0.0,0.0,0.0,7.593420575685638,287.5947782099413,100303.04068299913,1.2149979669633226,339.9642827110359
14.75,84.9753569985669,-5.797392597959855,0.13666547030473175,0.03737399973528466,0.0,0.0,0.0,0.0,5.799123658063307,287.5976601795093,100308.32369408193,1.2150497855719564,339.96598608734286
14.8,85.31589190212684,-12.662438652580985,-0.28297087894889345,1.0768056747744292,0.0,0.0,0.0,0.0,12.711291657811037,287.59544670263614,100304.26609374395,1.2150099864959656,339.96467782166485
14.85,85.35949226989457,-17.98176027683349,-3.39604685840252,-1.1536697891762262,0.0,0.0,0.0,0.0,18.335969865279296,287.59516330024564,100303.7465887043,1.2150048908954676,339.9645103175767
14.9,84.72622943817885,-15.904698699345586,-4.848689857667059,-0.20796531088525372,0.0,0.0,0.0,0.0,16.628664517132464,287.5992795086518,100311.29222603084,1.2150789022989676,339.96694318145387
14.95,84.76488234396511,-11.547257539452993,-3.967946193882169,-2.7908647633620314,0.0,0.0,0.0,0.0,12.524882426888238,287.59902826476423,100310.83164452376,1.215074384714403,339.966794685541
15.0,84.23959605139821,-4.181223901010954,-2.888456636835215,-0.03129508369511991,0.0,0.0,0.0,0.0,5.082006929897493,287.6024426256659,100317.09101389824,1.2151357790051704,339.9688127137199
15.05,83.83685263602018,-7.382852751855063,-4.000081261050492,-0.9699163092600279,0.0,0.0,0.0,0.0,8.452686111381977,287.6050604578658,100321.89036303821,1.215182852364954,339.9703599524561
15.1,83.85073066366805,-13.574940875645021,-3.85345242775583,-2.5414562959135174,0.0,0.0,0.0,0.0,14.338309366667808,287.6049702506861,100321.72498045673,1.2151812302534293,339.9703066366874
15.15,83.74507356262643,-11.707231071123912,-2.6041061809380692,-1.6336871936678452,0.0,0.0,0.0,0.0,12.104113441348908,287.6056570218429,100322.98408742007,1.2151935798598954,339.97071254354836
15.2,83.2533909009599,-8.251281750870243,-1.752018029981699,-1.522323291002592,0.0,0.0,0.0,0.0,8.571504296910446,287.60885295914375,100328.84359749604,1.2152510508748111,339.97260145295695
15.25,83.24671796688425,-8.090847101243273,-3.282237834396345,-0.6005449796957453,0.0,0.0,0.0,0.0,8.751888155699731,287.6088963332152,100328.92312249176,1.2152518308643354,339.9726270884602
15.3,83.15392659946042,-4.886474258595932,-1.5363884355724462,0.17575396709906566,0.0,0.0,0.0,0.0,5.125330190517726,287.6094994771035,100330.02897312884,1.2152626771515338,339.972983566141
15.35,82.88464210130843,-7.989957045544238,-2.6201304403414363,0.19089593374953345,0.0,0.0,0.0,0.0,8.410763245483011,287.61124982634146,100333.23825463346,1.2152941539579967,339.97401807742875
15.4,83.16221556938737,-9.93210851731043,-3.3787016955384135,-1.3251638112365116,0.0,0.0,0.0,0.0,10.574424990214618,287.60944559879897,100329.9301880782,1.2152617082593788,339.97295172232356
15.45,82.9393997491668,-9.487664665238484,-3.0923823088523594,1.3430533376607627,0.0,0.0,0.0,0.0,10.068882828393606,287.6108939016304,100332.58565665343,1.2152877532572512,339.97380771501827
15.5,82.80737944778795,-13.557137376562762,-3.3846641087843405,1.1821920325030164,0.0,0.0,0.0,0.0,14.02317734958813,287.61175203358937,100334.15907161027,1.2153031853453098,339.97431489707947
15.55,82.42899188598491,-12.725223905874591,-3.0793878943309805,0.2096470315610451,0.0,0.0,0.0,0.0,13.094193565708302,287.6142115527411,100338.66879668411,1.215347416571641,339.9757685434362
15.6,82.1128098099193,-13.031518449850862,-4.370043641722439,0.27244794217782087,0.0,0.0,0.0,0.0,13.747435485229929,287.6162667362355,100342.43726586757,1.215384377295948,339.97698321105645
15.65,82.09388600599183,-11.626499136679184,-4.210797038404156,-0.026946441669033927,0.0,0.0,0.0,0.0,12.365557811298027,287.61638974096104,100342.66281603821,1.2153865894584206,339.97705590995406
15.7,81.76275938700496,-9.580040436559925,-3.800099464118343,0.22498443463792947,0.0,0.0,0.0,0.0,10.308663768847307,287.6185420639844,100346.60953430856,1.2154252981301497,339.9783279846723
15.75,81.2601986683308,-11.268199972878564,-4.33506549412393,-1.5645221118274963,0.0,0.0,0.0,0.0,12.174270117979214,287.6218087086558,100352.59982618052,1.215484049234583,339.9802586412151
15.8,81.3033417356785,-11.987491111279196,-4.618442822636648,-0.8699257508111826,0.0,0.0,0.0,0.0,12.875819510263652,287.6215282787181,100352.08556936355,1.2154790055739797,339.98009290158217
15.85,81.09282182754124,-16.260576392887515,-3.9487595209990385,-1.4776261173961167,0.0,0.0,0.0,0.0,16.798286380652712,287.62289665812096,100354.59494516722,1.215503616654524,339.98090164007607
15.9,80.91777686991519,-14.072705348465083,-1.525641026470522,-0.471808889894066,0.0,0.0,0.0,0.0,14.163022982222081,287.6240344503455,100356.68150187218,1.21552408078402,339.98157409565647
15.95,80.51575038709704,-11.348759055446674,-2.368316457776098,0.7535659084612245,0.0,0.0,0.0,0.0,11.617707025104007,287.62664762248386,100361.4738383336,1.2155710818332706,339.9831185221519
16.0,80.27950291029543,-11.018228588358205,-5.742604681994299,-1.160185678006273,0.0,0.0,0.0,0.0,12.478978346260073,287.6281832310831,100364.2901009361,1.2155987022526018,339.9840260881022
16.05,79.53785101403467,-9.082744388823556,-4.223337804518368,0.5740378771683318,0.0,0.0,0.0,0.0,10.033062709272965,287.63300396840873,100373.13161219063,1.2156854141770452,339.9868751948881
16.1,79.61585433724859,-12.482375626770981,-3.5001497299426814,0.6838859185415098,0.0,0.0,0.0,0.0,12.98185076826118,287.63249694680786,100372.20167555357,1.2156762940177843,339.9865755408788
16.15,79.8219400442658,-14.478067941179665,-4.161348925962255,-0.8065657479968907,0.0,0.0,0.0,0.0,15.085815340871152,287.63115738971226,100369.7448054704,1.2156521987004527,339.98578385015406
16.2,79.61584660863245,-11.01493106834452,-4.392783397366293,-0.2356821894874881,0.0,0.0,0.0,0.0,11.860893664096308,287.63249699704386,100372.2017676919,1.2156762949214124,339.9865755705687
16.25,79.66515291439362,-9.397683855162505,-3.391131574819307,-0.10884596884383095,0.0,0.0,0.0,0.0,9.991400434586335,287.6321765060564,100371.61395351162,1.2156705300483692,339.98638615757676
16.3,79.46748537823115,-10.164268353071947,-4.79434717098548,-0.3793998420898545,0.0,0.0,0.0,0.0,11.24464584544014,287.6334613450415,100373.97050016238,1.2156936413817532,339.9871455080792
16.35,79.30908156362167,-10.158360196712584,-3.191436390579702,-1.6932923483128957,0.0,0.0,0.0,0.0,10.78168758117791,287.63449096983646,100375.8589861414,1.2157121622344766,339.9877540236533
16.4,79.39742104847795,-10.079719432270034,-2.5998031886167277,-0.7073640329796627,0.0,0.0,0.0,0.0,10.433603611790947,287.63391676318486,100374.80580165179,1.2157018333998455,339.9874146635741
16.45,78.77383291979433,-10.425337823948187,-2.2557060763437606,0.4114987868407764,0.0,0.0,0.0,0.0,10.674512162055478,287.6379700860213,100382.24041880544,1.2157747460447477,339.98981019799606
16.5,78.58828035011693,-9.084958744902938,-4.162482269950479,-0.5719598659398433,0.0,0.0,0.0,0.0,10.009489104469138,287.6391761777242,100384.45272197668,1.21579644230664,339.9905230010713
16.55,78.49775033144063,-6.265582591602179,-2.838408472965858,1.904352543946185,0.0,0.0,0.0,0.0,7.137271641406606,287.63976462284563,100385.53210614639,1.2158070278940412,339.99087077300027
16.6,77.87190669567225,-6.186060006598983,-2.1327859586218296,3.04018588175323,0.0,0.0,0.0,0.0,7.215181532445979,287.6438326064781,100392.99426062487,1.2158802091128094,339.9932749475574
16.65,77.92670640854143,-12.064744544555927,-2.369358427693651,0.17905416797864315,0.0,0.0,0.0,0.0,12.296502782472155,287.64347640834444,100392.34084637181,1.2158738011319752,339.9930644354696
16.7,78.12199956772545,-13.350614867106245,-3.577707570263933,-1.9632760417413297,0.0,0.0,0.0,0.0,13.96042125453948,287.64220700280976,100390.01226119413,1.215850964820579,339.9923142193352
16.75,77.58408497762207,-12.603607294128846,-3.054510443168985,-0.5892928709618047,0.0,0.0,0.0,0.0,12.98184181693078,287.6457034476454,100396.42621129732,1.2159138658457254,339.9943806072466
16.8,77.27354310480902,-12.443768275773813,-4.219173112807153,-1.3234711972982012,0.0,0.0,0.0,0.0,13.2060730978996,287.64772196981875,100400.12918083747,1.2159501801829995,339.99557354179046
16.85,77.17186102542703,-11.701902632275205,-4.9990834193278175,-0.5935918758578627,0.0,0.0,0.0,0.0,12.738826930441128,287.6483829033347,100401.34168433315,1.2159620709251011,339.99596414863976
16.9,76.61240735325737,-9.749984405908389,-4.2454335517113515,-1.2988317188187966,0.0,0.0,0.0,0.0,10.713209873388228,287.6520193522038,100408.01307719668,1.2160274952473529,339.99811325516225
16.95,76.61885825018426,-9.547328445721657,-4.187062055829018,-0.05338853496978947,0.0,0.0,0.0,0.0,10.425249131100669,287.6519774213738,100407.93614926806,1.2160267408432501,339.99808847451993
17.0,76.73872575188014,-11.303509889265557,-2.993429825334591,-0.1201888725516736,0.0,0.0,0.0,0.0,11.693776263509243,287.65119828261277,100406.50671973253,1.2160127229298034,339.9976280120695
17.05,76.38813631050249,-10.329747835079637,-3.957414784564311,-3.0449574006424265,0.0,0.0,0.0,0.0,11.473298901586574,287.6534771139817,100410.68757321776,1.2160537229847599,339.9989747746246
17.1,76.75144854256675,-11.198684954809751,-2.935903312149151,-1.151962942857781,0.0,0.0,0.0,0.0,11.63430666593795,287.6511155844733,100406.35500040429,1.2160112350694057,339.99757913834077
17.15,76.33102202848409,-8.414650415499002,-1.5712536003832833,-1.7814975663858015,0.0,0.0,0.0,0.0,8.743506909176288,287.6538483568148,100411.36868650345,1.2160604023753696,339.9991941742703
17.2,76.27620144056358,-4.6467500690789345,1.6710960781137931,0.3400272597649627,0.0,0.0,0.0,0.0,4.94979462646236,287.65420469063633,100412.02244998289,1.216066813549861,339.99940476275253
17.25,75.7972723415958,-5.353896390239672,-0.11866052687038497,1.103348709600544,0.0,0.0,0.0,0.0,5.467692863817036,287.6573177297796,100417.7340704167,1.216122824592932,340.0012445213496
17.3,75.61848247998503,-8.159734186089711,-1.9488543428621639,-1.931839916295174,0.0,0.0,0.0,0.0,8.608792058095327,287.6584798638801,100419.86635288899,1.2161437346795334,340.0019313223051
17.35,75.38278701035622,-11.069909878712592,-2.9139829103751396,-3.056175054954298,0.0,0.0,0.0,0.0,11.847970589569417,287.66001188443266,100422.67735867268,1.2161713004921706,340.00283671757353
17.4,75.25478578468052,-11.576083260522417,-5.285934468151691,-3.793562076041896,0.0,0.0,0.0,0.0,13.279228896322435,287.66084389239955,100424.20398317114,1.2161862711024112,340.0033284175886
17.45,74.72269199291168,-8.633710675894616,-4.652675791153919,-3.7005781518664667,0.0,0.0,0.0,0.0,10.482491627028272,287.66430250204604,100430.55027553334,1.2162485045861378,340.0053723788747
17.5,74.87182816903436,-7.914231411269583,-2.963512162536485,-3.263228633022271,0.0,0.0,0.0,0.0,9.059035504953284,287.66333311690124,100428.77149288602,1.2162310614310379,340.00479949507934
17.55,74.50245652623764,-7.8974900884399,-0.994817477164166,-4.822887272898513,0.0,0.0,0.0,0.0,9.307000223324602,287.66573403257945,100433.17712298511,1.2162742639538602,340.0062183779478
17.6,74.17549699064251,-8.864796617289267,-2.620208845123109,-4.179518980066335,0.0,0.0,0.0,0.0,10.144875177285295,287.6678592695608,100437.07701900855,1.2163125068425487,340.00747433645984
17.65,74.1103135537678,-12.798567883470819,-4.730825179671501,-2.14309504013388,0.0,0.0,0.0,0.0,13.812201240188728,287.6682829619005,100437.85452628948,1.2163201311465017,340.00772472680524
17.7,73.79569280104545,-12.154726471935565,-4.380087693068202,-2.313213177086885,0.0,0.0,0.0,0.0,13.125299958827117,287.67032799679316,100441.60738752139,1.216356931871911,340.0089332827466
17.75,73.61135711599808,-12.431058065125326,-4.095508540629696,-1.8822001107988895,0.0,0.0,0.0,0.0,13.222975160000097,287.671526178746,100443.80623434513,1.2163784937408517,340.00964137131854
17.8,73.70624149018548,-10.698925936503802,-4.231763355476106,-2.143451384931688,0.0,0.0,0.0,0.0,11.70338502874744,287.67090943031377,100442.67440193791,1.2163673950153284,340.0092768922051
17.85,72.96903761673242,-10.260342090167477,-4.268183534424889,-1.1550318672388913,0.0,0.0,0.0,0.0,11.172560543811585,287.6757012554912,100451.46844217482,1.2164536285689314,340.0121087013582
17.9,73.00130761409098,-13.042602149237322,-2.1922287821734048,-1.101396039481579,0.0,0.0,0.0,0.0,13.27133795411997,287.6754915005084,100451.08348316388,1.2164498537261696,340.01198474364
17.95,72.73054953171217,-12.852635645045833,-2.1254789412133164,-0.3028009133616165,0.0,0.0,0.0,0.0,13.030717253742276,287.67725142804386,100454.31347905219,1.216481526432617,340.0130247966804
18.0,72.57624269883675,-10.173323783065738,-0.8118404865899566,1.5377094659643156,0.0,0.0,0.0,0.0,10.320860050038169,287.67825442245754,100456.15431282418,1.2164995772010119,340.0136175284058
18.05,72.92808487995181,-10.297845170243281,-3.0091766846867256,-0.05533242913170855,0.0,0.0,0.0,0.0,10.728644888693012,287.6759674482803,100451.95698205206,1.2164584191041348,340.0122660117432
18.1,72.54585632304111,-5.687647003814856,-3.647820519279434,-0.461095305514871,0.0,0.0,0.0,0.0,6.772631088553992,287.6784519339002,100456.51681630153,1.2165031318145563,340.01373425006886
18.15,72.25528002667356,-8.014130429180186,-1.5097116924443232,-0.8680956268488682,0.0,0.0,0.0,0.0,8.201164914057577,287.6803406798266,100459.98338777214,1.2165371239773644,340.0148504242159
18.2,72.05076393364148,-10.388119641849714,-3.2026172852448367,-2.8614387847277953,0.0,0.0,0.0,0.0,11.24089049354531,287.6816700344313,100462.42332020616,1.2165610490910834,340.0156360180174
18.25,72.21659409919114,-11.415038347765526,-2.982963993820076,-2.146106336278067,0.0,0.0,0.0,0.0,11.991953430363102,287.6805921383552,100460.44491769485,1.2165416495848849,340.01499902598533
18.3,71.50498047877814,-9.084234075100458,-3.4227714232880104,-2.045416717489429,0.0,0.0,0.0,0.0,9.920806544605057,287.68521762688795,100468.9348996821,1.2166248987931323,340.0177324901121
18.35,71.51022902680832,-8.237449890585541,-3.3242015671094967,-1.3092046893849945,0.0,0.0,0.0,0.0,8.978859263703193,287.6851835113257,100468.87227919482,1.2166242847677555,340.01771232936744
18.4,71.65805028271609,-10.101075075698638,-2.8730081624633175,-0.7852194205252078,0.0,0.0,0.0,0.0,10.531023840294496,287.6842226731623,100467.1086350625,1.216606991320002,340.01714451724894
18.45,70.77981962548732,-12.19862220792378,-3.8707299245319313,-0.47942095384159417,0.0,0.0,0.0,0.0,12.806981626101468,287.6899311724343,100477.58710604132,1.2167097373285862,340.0205179695281
18.5,70.94711804409694,-12.605160841447582,-4.412021620405616,-0.6225018414714343,0.0,0.0,0.0,0.0,13.369499734856403,287.68884373271334,100475.59094303942,1.2166901642311223,340.0198753468178
18.55,70.36747122404486,-11.566044953376403,-3.035908906913622,0.7872614832186199,0.0,0.0,0.0,0.0,11.983735619478628,287.6926114370437,100482.50728143328,1.2167579811051632,340.02210186722385
18.6,70.45632607133017,-11.501432100467458,-3.5150465200267442,0.6449772604157054,0.0,0.0,0.0,0.0,12.043856860078865,287.6920338805363,100481.44704152182,1.2167475851768865,340.0217605618369
18.65,70.58775089431076,-11.75526536365775,-4.216686104533271,0.4874063306928881,0.0,0.0,0.0,0.0,12.49817068235888,287.691179619187,100479.87886183099,1.21673220872861,340.02125573787686
18.7,70.16865409853926,-14.005799495007986,-4.856403604070562,-0.8188723785590459,0.0,0.0,0.0,0.0,14.846468517205109,287.69390374835945,100484.87965360463,1.2167812427561568,340.0228655537054
18.75,69.83373508460161,-17.79608543286393,-6.227593319416684,-3.214447501081898,0.0,0.0,0.0,0.0,19.12632343193659,287.69608072195007,100488.87615509126,1.2168204291297664,340.0241520241321
18.8,69.73430620209908,-13.95640018487752,-5.337831070830757,-1.5481412962357708,0.0,0.0,0.0,0.0,15.02232632232059,287.69672700968636,100490.0626388629,1.2168320627469145,340.0245339433357
18.85,69.04134714960111,-11.53767635700608,-3.2280755535525243,0.7855042136733282,0.0,0.0,0.0,0.0,12.006475934601253,287.70123124352756,100498.33202671215,1.2169131443709922,340.0271956768112
18.9,68.86127423705551,-11.35903313157166,-3.9245602909960486,-0.3579455206378599,0.0,0.0,0.0,0.0,12.02322469878819,287.7024017174591,100500.481006875,1.2169342149854676,340.02788735366295
18.95,68.80670326916318,-9.907977426161368,-4.528006142670051,-0.798597278860723,0.0,0.0,0.0,0.0,10.922848251220225,287.70275642875043,100501.13226112949,1.2169406004752856,340.02809696556244
19.0,69.08123063040681,-9.589757332885773,-2.7186898483298223,0.5876274695727471,0.0,0.0,0.0,0.0,9.984990046967726,287.7009720009023,100497.85606449486,1.2169084775799823,340.02704248045126
19.05,68.66876672375241,-11.98677477726558,-3.4970487173821017,0.35496022184982035,0.0,0.0,0.0,0.0,12.4915217668517,287.70365301629556,100502.77842202633,1.2169567409008022,340.02862679141987
19.1,68.45310515791425,-12.591459838522297,-3.9661568097951267,-1.1143101039421528,0.0,0.0,0.0,0.0,13.248280934247726,287.70505481647353,100505.35221181344,1.2169819765241847,340.0294551639552
19.15,68.02311864140718,-11.368923688170305,-4.277356263155561,-1.2215384844897277,0.0,0.0,0.0,0.0,12.208208660507301,287.7078497288308,100510.48399898739,1.2170322925618524,340.031106768962
19.2,67.82750396893437,-11.04698170348093,-4.185887744261354,0.5990331876216013,0.0,0.0,0.0,0.0,11.82862213972836,287.7091212242019,100512.81868396315,1.2170551834696477,340.03185813445486
19.25,68.09388932074748,-11.403350146762653,-2.8931936333360033,0.9608927054925315,0.0,0.0,0.0,0.0,11.803824751372606,287.7073897194151,100509.63935311459,1.2170240110295791,340.03083493492375
19.3,67.72343893050778,-12.387846826097022,-3.622669306543285,0.5861966416073925,0.0,0.0,0.0,0.0,12.91998871493488,287.7097976469517,100514.06073078436,1.2170673613366016,340.03225785266386
19.35,67.67573268676885,-10.690855370308785,-4.470033306042807,0.05941092994313867,0.0,0.0,0.0,0.0,11.587886604751917,287.71010773753596,100514.63012297999,1.217072944033161,340.0324410942044
19.4,67.41473522726153,-9.740356401628011,-3.5755243969191044,0.547139352753677,0.0,0.0,0.0,0.0,10.390297349692704,287.71180422102276,100517.74527333438,1.2171034869149462,340.03344359386534
19.45,67.05521695919876,-9.489433311944262,-3.6628312934623333,0.5742173837440785,0.0,0.0,0.0,0.0,10.188002908813793,287.7141410897652,100522.03645253788,1.2171455600239591,340.0348245102903
19.5,67.33439534202823,-8.876669936113265,-2.9796439991027692,0.7869065069389812,0.0,0.0,0.0,0.0,9.396423221989798,287.7123264302768,100518.70419044173,1.217112888701567,340.03375218136114
19.55,67.19136099573912,-10.518800334467688,-2.9285556777419974,-0.29345410187065524,0.0,0.0,0.0,0.0,10.922807063385179,287.71325615352765,100520.41143154744,1.217129627454023,340.0343015791468
19.6,67.03351780097535,-13.003743255812216,-3.722163253313629,-0.7480984820919165,0.0,0.0,0.0,0.0,13.546641254802175,287.7142821342936,100522.29545657548,1.217148099432748,340.03490785698546
19.65,66.59242511069804,-13.11781088798395,-4.18594346317404,-0.7050825786325821,0.0,0.0,0.0,0.0,13.787538816354822,287.7171492367804,100527.56051471211,1.2171997205006475,340.036602094223
19.7,66.22742410162337,-11.458810400762312,-3.743258053692308,-0.4767536767760744,0.0,0.0,0.0,0.0,12.064145669108541,287.71952174333944,100531.9174810571,1.2172424378271764,340.0380040568934
19.75,65.83500547678175,-11.249562473031578,-4.633147771128176,0.011706137503257441,0.0,0.0,0.0,0.0,12.166299812901439,287.7220724644009,100536.60189823913,1.217288365211163,340.0395113237119
19.8,65.5371537830335,-9.132237465388318,-3.0255131371474064,1.4571725354050376,0.0,0.0,0.0,0.0,9.730099828122645,287.72400850041026,100540.15755998447,1.217323225677832,340.04065535764965
19.85,65.62929334305397,-11.114904116630868,-3.5106580973991908,1.2044911664311173,0.0,0.0,0.0,0.0,11.7182171326846,287.7234095932701,100539.05761542957,1.2173124416117025,340.0403014544709
19.9,65.46774033113867,-11.43632616291531,-2.8449173007364013,-0.045440385021679575,0.0,0.0,0.0,0.0,11.784955467934592,287.72445968784757,100540.98621101554,1.217331349915704,340.0409219708053
19.95,65.54548453463396,-14.374612714165462,-4.518749470344351,-0.9334177296101108,0.0,0.0,0.0,0.0,15.097014808098162,287.7239543505249,100540.0581086546,1.2173222506389558,340.04062335968837
20.0,65.1862514370154,-13.841326326085278,-5.920724255892343,-0.7972680706820143,0.0,0.0,0.0,0.0,15.0755738383659,287.7262893656594,100544.34665471646,1.2173642961557347,340.04200315163644
20.05,64.73202815720076,-13.293779879922171,-4.162989723721783,-0.34312701883915203,0.0,0.0,0.0,0.0,13.934590165724076,287.7292418169782,100549.76941126975,1.217417461145313,340.0437477869414
20.1,64.67917362260027,-14.389420616409927,-4.7741697252497035,-0.9115941827669155,0.0,0.0,0.0,0.0,15.188124512114996,287.7295853714531,100550.40043190082,1.2174236476692324,340.043950796402
20.15,64.502884124067,-12.283510592093263,-3.957972433935299,0.4531769627537191,0.0,0.0,0.0,0.0,12.91338637280825,287.73073125319354,100552.50514319634,1.2174442821975349,340.044627907457
20.2,64.43239472651925,-11.644387358539694,-3.9540220992570276,0.32715807878641384,0.0,0.0,0.0,0.0,12.301751099971385,287.7311894342776,100553.34672248777,1.2174525329934227,340.04489865009464
20.25,64.15181630738032,-12.238526817158325,-4.280502282674297,-0.6619825166391158,0.0,0.0,0.0,0.0,12.98239035380693,287.733013194002,100556.69663013975,1.2174853751687948,340.04597632125217
20.3,63.91269374283973,-11.097952316773178,-4.3519160979390294,-1.005264889544666,0.0,0.0,0.0,0.0,11.963037943892983,287.7345674906715,100559.55165556775,1.2175133654016992,340.0468947622903
20.35,63.942506529745295,-9.507690178767781,-2.8786863719210802,1.0521916907724402,0.0,0.0,0.0,0.0,9.98950024362841,287.73437370755664,100559.19569952785,1.2175098756713425,340.04678025509344
20.4,63.817792570900444,-12.458761537539335,-3.7407195157805964,0.14833481128115467,0.0,0.0,0.0,0.0,13.009063177694584,287.7351843482891,100560.68475486407,1.2175244740920943,340.04725926560116
20.45,63.10577442019038,-14.91874404711734,-3.93783057078124,0.2731002256350519,0.0,0.0,0.0,0.0,15.432109942610579,287.73981246626875,100569.18642607266,1.2176078221030164,340.0499940241426
20.5,62.859254563704766,-14.721822141859725,-4.405115756910449,0.07014071817888698,0.0,0.0,0.0,0.0,15.366912888692987,287.7414148453359,100572.13006920398,1.2176366804459926,340.0509408660637
20.55,62.666703460115095,-12.055103237143381,-3.197111908469669,0.8606679889498534,0.0,0.0,0.0,0.0,12.501511428649993,287.7426664275092,100574.42933103535,1.2176592214112192,340.05168042111353
20.6,62.48272737655561,-7.523183084005535,-2.586037853756839,1.92816587435469,0.0,0.0,0.0,0.0,8.185578729421415,287.74386227205235,100576.62623790996,1.217680758841272,340.0523870395114
20.65,62.22860257551716,-6.339656872404148,-2.760564537559416,1.108244694596603,0.0,0.0,0.0,0.0,7.002868849903822,287.74551408325914,100579.66087300476,1.2177105088131244,340.05336308385387
20.7,62.374200161151286,-8.939281096493916,-3.7354064763802834,0.39566103769424626,0.0,0.0,0.0,0.0,9.696419737339475,287.7445676989525,100577.92220819806,1.2176934638755814,340.0528038719546
20.75,62.19771518404779,-13.883014498241579,-4.599893387976584,-1.4244874040269775,0.0,0.0,0.0,0.0,14.694430070722992,287.74571485130366,100580.02972030312,1.2177141247870644,340.0534817161756
20.8,62.01038951800424,-14.775112843788596,-3.5653306403188108,-1.3121018482960256,0.0,0.0,0.0,0.0,15.25572526567599,287.74693246813297,100582.26672664494,1.2177360551000558,340.0542011958808
20.85,62.155943818135675,-11.095871143617343,-3.0136684844143105,0.2916845884336662,0.0,0.0,0.0,0.0,11.501549202991821,287.7459863651821,100580.52854226719,1.217719014956385,340.05364215161075
20.9,61.58936560744975,-7.310368080816112,-3.325832364907722,-0.16219013191903242,0.0,0.0,0.0,0.0,8.032991225899268,287.74966912355154,100587.29465858928,1.2177853456905845,340.05581825735857
20.95,61.68444985934946,-3.705886599917573,-3.200621376435275,1.2387856580063967,0.0,0.0,0.0,0.0,5.050956601795882,287.7490510759142,100586.15913011726,1.217774213745379,340.0554530600526
21.0,61.317353659929246,-8.353415386849052,-2.875370344947474,0.9995214726328991,0.0,0.0,0.0,0.0,8.890801224867424,287.7514372012104,100590.54317509393,1.2178171917945657,340.0568629921332
21.05,60.7358385016983,-14.705544952614199,-4.4336774531930345,-2.802199989023785,0.0,0.0,0.0,0.0,15.612907253000452,287.7552170497389,100597.4882343533,1.2178852754711857,340.05909644615974
21.1,60.82848726071865,-14.639780487639465,-4.298148136477594,-2.241023812291,0.0,0.0,0.0,0.0,15.42139545750093,287.7546148328053,100596.38170044262,1.2178744279782896,340.05874060647153
21.15,60.72515470328276,-13.414917411251983,-3.1425292493749355,-0.5322957580734167,0.0,0.0,0.0,0.0,13.788358785872651,287.7552864944286,100597.6158350258,1.2178865263553744,340.05913747981543
21.2,60.293795429642024,-11.219599680587768,-3.800606541736372,-0.39069859726117684,0.0,0.0,0.0,0.0,11.852285537888307,287.75809032970733,100602.76783254856,1.2179370317323461,340.06079421303406
21.25,60.34840518710379,-7.521245980068778,-3.6910232008229484,0.734083466911794,0.0,0.0,0.0,0.0,8.410212357491769,287.7577353662838,100602.11558175099,1.2179306377012749,340.0605844723091
21.3,59.91436808182434,-9.900856024704009,-3.640425802770942,0.8235020713177861,0.0,0.0,0.0,0.0,10.581011563591773,287.7605566074681,100607.29975074416,1.2179814580232977,340.0622514832295
21.35,59.83051810352419,-11.699242730303204,-2.7252328329779196,0.7660421664493438,0.0,0.0,0.0,0.0,12.03685985036262,287.7611016323271,100608.3012855746,1.2179912759950808,340.06257352578996
21.4,59.799820062299034,-11.82982524161687,-1.9046369029222499,0.6924082168208147,0.0,0.0,0.0,0.0,12.002159643909502,287.761301169595,100608.66795623346,1.2179948704357488,340.06269142766183
21.45,59.43506648184791,-9.58721876196923,-2.860452446081707,-0.3162969872097895,0.0,0.0,0.0,0.0,10.009844932378705,287.76367206786796,100613.02481330342,1.2180375801369894,340.0640923324809
21.5,59.4770273047121,-7.216846725221028,-2.9604004055633415,-0.10052078829560057,0.0,0.0,0.0,0.0,7.801086568259107,287.7633993225194,100612.52359781424,1.2180326668048749,340.0639311743321
21.55,59.31107629881336,-8.363843188386113,-4.033876997458023,-0.30783910300238926,0.0,0.0,0.0,0.0,9.290898849081882,287.7644780040577,100614.505868529,1.218052098647932,340.0645685388154
21.6,59.107244889346106,-10.310620754957883,-3.915261494685186,-2.277541921321146,0.0,0.0,0.0,0.0,11.261677056624736,287.7658029082192,100616.9406607329,1.218075966378025,340.06535138812075
21.65,58.84486370685432,-9.198921963632595,-3.273983286518857,-0.1515864242911289,0.0,0.0,0.0,0.0,9.765352543428033,287.76750838590544,100620.07490768388,1.218106690546709,340.06635910516616
21.7,58.85582128922817,-8.25917029665626,-2.8998831643051997,-0.4096270979957721,0.0,0.0,0.0,0.0,8.763048026526057,287.76743716161997,100619.94401344871,1.2181054074298379,340.066317020872
21.75,58.567925911290615,-10.327056232009047,-1.2745665525963734,-1.5521001616865393,0.0,0.0,0.0,0.0,10.520533504912272,287.7693084815766,100623.38312488972,1.2181391199008624,340.0674227259812
21.8,58.296206956948105,-6.582131857292883,-1.9702162168991462,-2.255609995520141,0.0,0.0,0.0,0.0,7.231458233303475,287.7710746547798,100626.62908495746,1.218170938771812,340.0684662998267
21.85,58.50063449829601,-10.098007661490449,-1.934666819724622,-3.5944111012998197,0.0,0.0,0.0,0.0,10.891854093771665,287.76974587576103,100624.18698155764,1.218146999810072,340.0676811681641
21.9,58.16332550824673,-18.574216722826144,-3.9070904788839473,-1.8171462989996403,0.0,0.0,0.0,0.0,19.067482884446704,287.77193838419635,100628.21652027451,1.2181864997052916,340.06897664805734
21.95,57.714784913350314,-16.043017451430973,-3.324639548577756,-1.0374433274729637,0.0,0.0,0.0,0.0,16.41669655358849,287.7748538980632,100633.57504915248,1.2182390266731578,340.0706993200306
22.0,57.76411264098189,-10.551332079973722,-5.762810398050623,0.2162496341103218,0.0,0.0,0.0,0.0,12.024448272166829,287.7745332678336,100632.98573989501,1.218233249996466,340.070509871621
22.05,56.933391266498255,-8.074502977297163,-5.830262644548538,-0.7330422513362075,0.0,0.0,0.0,0.0,9.986336253954347,287.77993295676777,100642.91058757117,1.2183305369974218,340.07370033176085
22.1,56.77200184430456,-10.27404600807131,-3.137404648936805,0.925020038101837,0.0,0.0,0.0,0.0,10.782160793552755,287.780981988012,100644.83884157092,1.2183494382393354,340.074320158877
22.15,57.05851552519722,-16.056490262988262,-4.086739518952418,-0.6809203882213484,0.0,0.0,0.0,0.0,16.582399465586995,287.77911964908617,100641.41564430574,1.2183158831314165,340.07321978270835
22.2,56.85093985523627,-13.849267635665429,-3.572210552211157,-1.4327084147682823,0.0,0.0,0.0,0.0,14.37412799704269,287.78046889094094,100643.8956995951,1.218340193327593,340.0740169921872
22.25,57.34911267273325,-11.949701277420363,-3.4828641774314733,-2.3112618595564607,0.0,0.0,0.0,0.0,12.65968541795007,287.7772307676272,100637.94375505837,1.218281850509675,340.0721037200587
22.3,56.9648835918268,-13.845414159224406,-3.4021102697115073,-0.5761238186423666,0.0,0.0,0.0,0.0,14.268909074702776,287.77972825665313,100642.53432598914,1.2183268487765353,340.07357938319933
22.35,56.64599051050292,-10.146726791277164,-3.390189316667568,1.2255214074385603,0.0,0.0,0.0,0.0,10.76807089964395,287.78180106168173,100646.34442484636,1.2183641963061413,340.0748041132392
22.4,56.56037254436393,-5.931777076600468,-3.3373512056673635,-0.5715744695665816,0.0,0.0,0.0,0.0,6.830123698053536,287.7823575784616,100647.36739861524,1.2183742237017599,340.0751329339685
22.45,56.240802703388006,-8.40456303245242,-3.986690988430716,-0.9957001771215123,0.0,0.0,0.0,0.0,9.355308848264729,287.784434782428,100651.18573191584,1.2184116516051648,340.0763602575374
22.5,55.831190862867686,-11.630772299018172,-4.717151681902584,-0.44378084954509617,0.0,0.0,0.0,0.0,12.558794755234588,287.7870972593913,100656.08009034867,1.2184596264810454,340.0779333853221
22.55,55.47219383207384,-13.078364129381528,-3.8509741858617477,-0.21141259701266302,0.0,0.0,0.0,0.0,13.635186312149997,287.7894307400915,100660.36982243287,1.2185016743982147,340.07931211927695
22.6,55.47542691719007,-12.819734149009374,-3.3662294907137373,-0.5775083594012789,0.0,0.0,0.0,0.0,13.266898678312364,287.78940972503824,100660.33118894865,1.2185012957146542,340.07929970258573
22.65,55.564807237784414,-10.592457864521597,-2.2530397830409727,-0.3361520093476311,0.0,0.0,0.0,0.0,10.834636590537738,287.7888287529544,100659.26315092774,1.2184908268462267,340.078956436516
22.7,55.41188839547198,-8.178803923532303,-1.8838972922796955,0.9154817541640343,0.0,0.0,0.0,0.0,8.442748928497958,287.7898227254294,100661.09043947827,1.2185087378468784,340.0795437227419
22.75,54.89170146288596,-9.71559256626915,-4.626322133412168,-1.6982283007450618,0.0,0.0,0.0,0.0,10.894015547872838,287.7932039404912,100667.30656276744,1.218569667546208,340.0815414978667
22.8,55.19413343923871,-12.629309743115604,-4.653669544699237,-3.2360719996183995,0.0,0.0,0.0,0.0,13.842986195381766,287.79123813264493,100663.69252710289,1.2185342432866375,340.08038001091154
22.85,54.349365370283095,-12.729982103148142,-4.198936005556911,-1.0939380445306313,0.0,0.0,0.0,0.0,13.449171289358526,287.7967291250931,100673.78769477158,1.2186331940671125,340.08362432422587
22.9,54.18322132072687,-13.824182848647038,-3.1820251389579934,-0.3775244648697989,0.0,0.0,0.0,0.0,14.190695548117533,287.79780906141525,100675.7732498499,1.218652655852021,340.0842623931765
22.95,53.82915094203558,-9.931661208172068,-2.973323690533398,0.44927357195108236,0.0,0.0,0.0,0.0,10.37691644300226,287.80011051887675,100680.00478156944,1.2186941317482423,340.0856221809752
23.0,54.435649137251175,-8.072491934199848,-2.6380800465465986,1.284199390087975,0.0,0.0,0.0,0.0,8.589165293159239,287.79616828060784,100672.75654683888,1.2186230870513461,340.0832929547229
23.05,53.83791280221978,-6.997737494996912,-1.935040802082487,2.1760579450300557,0.0,0.0,0.0,0.0,7.5794420068193755,287.80005356678555,100679.90006593426,1.2186931053686307,340.08558853159906
23.1,53.85296925307767,-11.309823654274066,-3.7224696748565806,0.5897038893549462,0.0,0.0,0.0,0.0,11.921268483182669,287.799955699855,100679.72012195246,1.218691341631215,340.08553070823336
23.15,53.83128726718517,-13.601741919993508,-3.5975297069339147,-2.238426192885663,0.0,0.0,0.0,0.0,14.246408497280193,287.80009663276326,100679.97924969476,1.2186938814953208,340.08561397655234
23.2,53.22924460976072,-13.055528359052998,-3.467509076470698,-1.4948222332213037,0.0,0.0,0.0,0.0,13.590619317690289,287.80400991003654,100687.17465291882,1.2187644073969044,340.08792607581114
23.25,52.931616747749246,-13.011340740208825,-4.689051867079742,-0.8325146598779707,0.0,0.0,0.0,0.0,13.85551427875897,287.8059444911396,100690.73195081075,1.2187992739755267,340.08906908728227
23.3,52.45542742960797,-10.752073621388213,-4.947593383976309,0.13739261061181207,0.0,0.0,0.0,0.0,11.836580763986243,287.8090397217075,100696.42365670095,1.2188550603006678,340.09089783903744
23.35,52.34136380044072,-9.596580601648295,-3.38461214630386,0.21517806102003,0.0,0.0,0.0,0.0,10.17822480704687,287.8097811352971,100697.78705361424,1.218868423323638,340.09133588617317
23.4,52.47352092829137,-9.917175222060928,-2.332364155550503,0.313815961687878,0.0,0.0,0.0,0.0,10.192583941129262,287.8089221139661,100696.20738738045,1.2188529405832307,340.0908283531615
23.45,52.003641042224935,-11.140946532689112,-3.066481781479613,-0.1913081524328225,0.0,0.0,0.0,0.0,11.556842084651464,287.8119763332255,100701.82392467483,1.2189079895900554,340.0926328649789
23.5,52.20533289426593,-8.558890439690902,-3.6454193341005467,-2.4204860985526855,0.0,0.0,0.0,0.0,9.61261882284704,287.81066533618724,100699.41304384534,1.218884360049938,340.0918582951576
23.55,52.179807977044064,-9.956262957647002,-4.507705854675983,-2.995499004339306,0.0,0.0,0.0,0.0,11.332237133024165,287.8108312481492,100699.7181479534,1.2188873504441604,340.0919563201896
23.6,51.58390877838783,-7.5966070468844755,-1.54609966120035,1.0595458405670501,0.0,0.0,0.0,0.0,7.824416922391191,287.8147045929405,100706.84125521836,1.2189571651361775,340.0942447833615
23.65,51.5079858017438,-8.288567316991156,-2.669982470253178,0.6319854485792431,0.0,0.0,0.0,0.0,8.73089687070974,287.81519809228865,100707.74883315894,1.2189660603825032,340.09453635327344
23.7,51.49272763754015,-11.272818746683141,-3.485641459610647,-1.1979639427330846,0.0,0.0,0.0,0.0,11.860069834896256,287.815297270356,100707.93122898346,1.2189678480571975,340.09459494975505
23.75,51.14766359907359,-11.178091111847854,-3.5526430186505724,0.5171483817573927,0.0,0.0,0.0,0.0,11.740461480346202,287.817540186606,100712.05618981375,1.219008276932733,340.09592010900593
23.8,51.11213250019434,-9.180536327581814,-2.979043471802633,1.2693068876267768,0.0,0.0,0.0,0.0,9.734890201944552,287.8177711387487,100712.48094306397,1.2190124399352904,340.09605655980334
23.85,50.90687404698074,-8.883338645181107,-2.4272555210242714,1.2620513516798804,0.0,0.0,0.0,0.0,9.295055054360244,287.8191053186946,100714.93471473931,1.219036489262707,340.0968448169195
23.9,50.637697540079586,-9.378811858704998,-3.518570053159838,-0.1430589809031586,0.0,0.0,0.0,0.0,10.018129215177641,287.82085496598944,100718.15267111325,1.219068028167746,340.0978785367268
23.95,50.194060582944964,-10.185505499437415,-4.021019490625423,-1.3833701274454018,0.0,0.0,0.0,0.0,11.037519328751713,287.82373860621084,100723.45645224435,1.2191200096378536,340.0995822309665
24.0,50.4249199791418,-12.817907303290493,-4.119602472412346,0.09359367118278618,0.0,0.0,0.0,0.0,13.46397533946565,287.82223802013556,100720.69644722219,1.2190929593561184,340.0986956651729
24.05,49.68680382333432,-12.987402699315801,-2.724489749858777,0.3022341044907828,0.0,0.0,0.0,0.0,13.273538289589489,287.8270357751483,100729.52109976942,1.2191794475937925,340.1015302331921
24.1,49.65708694828308,-9.877155629129213,-3.123981462200386,0.25029259577595725,0.0,0.0,0.0,0.0,10.362437448868429,287.8272289348361,100729.87639720003,1.2191829297458707,340.10164435362935
24.15,49.56685252515858,-6.71471901051172,-3.024006508901857,-0.3364102204032027,0.0,0.0,0.0,0.0,7.371922313236895,287.82781545858643,100730.95525368964,1.219193503245579,340.1019908767694
24.2,49.368195910844015,-4.7415044259487855,-2.8736428305426327,0.316724282448265,0.0,0.0,0.0,0.0,5.55337749571496,287.8291067265795,100733.33045536507,1.2192167817006303,340.1027537674614
24.25,48.86801417378463,-12.3373919634972,-3.2996863367051312,-1.1073797012936957,0.0,0.0,0.0,0.0,12.818949262105734,287.8323579078704,100739.31098816748,1.2192753941826424,340.1046745818644
24.3,49.164329486343384,-10.854115127789722,-3.26237328427431,-3.3157661661128377,0.0,0.0,0.0,0.0,11.808861076395093,287.8304318583387,100735.76799433836,1.2192406709914287,340.1035366633381
24.35,48.68509858245757,-12.286309229430028,-1.7091626461560008,-2.0310258554725675,0.0,0.0,0.0,0.0,12.569793055487848,287.833546859214,100741.49813040637,1.21929682920367,340.1053770176419
24.4,48.62896886664264,-13.410315314535017,-3.4117178271159423,0.32000693562251814,0.0,0.0,0.0,0.0,13.841198640506525,287.8339117023668,100742.16928742282,1.219303406839854,340.10559256770557
24.45,48.44255029835533,-10.668424774520956,-3.9188678750223302,-0.8124972935381571,0.0,0.0,0.0,0.0,11.394426902810926,287.8351234230607,100744.39836673689,1.2193252527451184,340.1063084537324
24.5,48.60631632199269,-9.09911286177249,-4.783434152768363,-0.4548104062008473,0.0,0.0,0.0,0.0,10.289895513110563,287.83405894390705,100742.44015057664,1.219306061416433,340.1056795582631
24.55,47.63759259389243,-6.789448729507271,-3.4394360026284208,0.7715430134297733,0.0,0.0,0.0,0.0,7.649942005555125,287.8403556481397,100754.02401759096,1.2194195870747646,340.10939964122997
24.6,47.36691879711248,-9.528218917647589,-1.3352962672301805,1.8709781421331966,0.0,0.0,0.0,0.0,9.801557583988192,287.84211502781875,100757.26089093318,1.2194513090406989,340.110439072707
24.65,47.25114514140827,-11.573265977778032,-2.579891235547325,-0.4120941910975668,0.0,0.0,0.0,0.0,11.864490962615497,287.8428675565808,100758.64540477765,1.2194648774768815,340.1108836614364
24.7,47.17116000876907,-8.422645700712255,-3.8479383745601936,-1.9909325973015286,0.0,0.0,0.0,0.0,9.47161036683506,287.84338745994296,100759.60193987664,1.2194742516386583,340.1111908163671
24.75,47.2954838863341,-8.908852216429539,-3.384086807451777,-1.585646049409553,0.0,0.0,0.0,0.0,9.66095050854515,287.8425793547388,100758.11516483192,1.2194596810528147,340.1107133938725
24.8,46.86873810778551,-9.998370207070005,-2.5440691017630943,-1.4860910992548653,0.0,0.0,0.0,0.0,10.423442864402112,287.84535320229935,100763.21864299642,1.2195096956216276,340.11235215941224
24.85,46.593440724160956,-7.740169113745409,-0.9262455720440799,-0.05589701148947346,0.0,0.0,0.0,0.0,7.795593193914311,287.8471426352929,100766.5110518603,1.219541961284205,340.113409337011
24.9,46.83102913899382,-11.1954001186532,-4.170087881171114,-4.0927458209643675,0.0,0.0,0.0,0.0,12.628427657806476,287.84559831059653,100763.66961686352,1.219514115185012,340.1124969669292
24.95,46.26259707179534,-14.218168097112585,-3.330911410270724,-0.5838209888279517,0.0,0.0,0.0,0.0,14.614791199596997,287.8492931190333,100770.46787951526,1.2195807379967973,340.11467981512635
25.0,46.29278344752989,-13.575105021708481,-2.5969309801020777,0.17174893499630642,0.0,0.0,0.0,0.0,13.822337883386483,287.84909690759105,100770.1068509416,1.2195771999468907,340.1145638961284
25.05,45.861551728015385,-10.532784704291156,-5.301924577127165,-1.1424513183843108,0.0,0.0,0.0,0.0,11.84715800786724,287.85189991376785,100775.26447484083,1.2196277440020142,340.1162198695409
25.1,45.22942784108012,-7.665324433744188,-4.006018408400619,-0.9116124276251842,0.0,0.0,0.0,0.0,8.696920108935172,287.85600871903296,100782.82519848351,1.2197018372379749,340.11864727462057
25.15,45.221021503082106,-4.570182633790275,-3.113409678791047,0.4134369010840222,0.0,0.0,0.0,0.0,5.54534211797306,287.85606336022994,100782.9257483219,1.2197028225945858,340.1186795554981
25.2,44.89878142295698,-9.503869509268178,-0.6891871607557154,1.4558902504831015,0.0,0.0,0.0,0.0,9.639405117184339,287.8581579207508,100786.78018562616,1.219740594719947,340.11991697578094
25.25,44.68677725617651,-11.995559605183686,-4.040666755640347,-0.5047620799802223,0.0,0.0,0.0,0.0,12.667881544640272,287.85953594783484,100789.31611395051,1.219765445772707,340.1207310814153
25.3,44.84660807778873,-12.233268329842875,-3.064565016990809,-0.9150582385411693,0.0,0.0,0.0,0.0,12.644435311757604,287.8584970474943,100787.40426226417,1.2197467104249118,340.120117323978
25.35,44.18978372636073,-11.669031072095162,-1.1148138114230486,0.1858877152913857,0.0,0.0,0.0,0.0,11.72363639142558,287.86276640577864,100795.26119949283,1.219823704695258,340.1226395515157
25.4,44.4446464892205,-10.316945331094734,-3.5529390117340256,-1.7010376744663673,0.0,0.0,0.0,0.0,11.043381083520252,287.86110979782006,100792.21247055756,1.2197938287286108,340.1216608721796
25.45,44.02109271091537,-5.439216742326609,-3.208324359056862,-0.19959671689937575,0.0,0.0,0.0,0.0,6.318090123789049,287.863862897379,100797.2791625762,1.2198434795951452,340.12328732765377
25.5,43.739381081873816,-6.719988149353918,-3.3835037710223155,-1.9653113438027936,0.0,0.0,0.0,0.0,7.776167897753962,287.8656940229678,100800.64920554591,1.2198765039472799,340.1243691019655
25.55,43.46069566395815,-7.398344958500005,-3.4588070760750957,0.14123980972879802,0.0,0.0,0.0,0.0,8.168157882798411,287.8675054781842,100803.98313650952,1.2199091742172237,340.1254392522234
25.6,43.438059417412454,-13.635432990978023,-3.0679682681779927,-1.6172407362818357,0.0,0.0,0.0,0.0,14.069574611376435,287.8676526137868,100804.25393925361,1.2199118278920449,340.1255261751204
25.65,43.234541062675504,-10.652719831786165,-3.298494368921355,-2.1872030917670635,0.0,0.0,0.0,0.0,11.364170109645999,287.8689754830926,100806.6887036796,1.2199356867956086,340.12630768199983
25.7,43.51200470793756,-7.788493660996945,-1.9014257547482776,0.8461053020689864,0.0,0.0,0.0,0.0,8.061758343587266,287.8671719693984,100803.36931652356,1.219903159211701,340.125242226069
25.75,42.97108423293471,-5.1159294000063,-1.081096532207002,2.5792679191029233,0.0,0.0,0.0,0.0,5.830448210584873,287.8706879524859,100809.8406046989,1.2199665729483693,340.12731934889547
25.8,42.77457449540604,-10.778473262396837,-5.126555951006216,-2.5646970787835563,0.0,0.0,0.0,0.0,12.207978247560963,287.87196526577986,100812.19162718522,1.21998961100132,340.1280739388605
25.85,42.5293826400421,-10.036233479891006,-4.746309949814447,-4.13392049245184,0.0,0.0,0.0,0.0,11.846634089078046,287.8735590128397,100815.12513982863,1.2200183568270153,340.1290154639705
25.9,42.04496085467294,-12.868910790849803,-3.97292990653373,-3.287179565831122,0.0,0.0,0.0,0.0,13.86357048105207,287.8767077544446,100820.92103891486,1.2200751510368146,340.1308756130185
25.95,41.60848818854534,-11.796707090165725,-1.4549676732087737,0.3200033612186861,0.0,0.0,0.0,0.0,11.890400802851017,287.8795448267744,100826.1434784064,1.2201263253647503,340.1325516317658
26.0,41.81670497405513,-8.020537069655735,-2.467918420627509,-3.6613452572293284,0.0,0.0,0.0,0.0,9.155604038469011,287.87819141766863,100823.65211623542,1.2201019127398807,340.1317520976519
26.05,41.64217540535132,-10.33043746253046,-4.35213105399038,-2.841262102350161,0.0,0.0,0.0,0.0,11.564244601901649,287.8793258598652,100825.74039965766,1.2201223756415778,340.13242227594833
26.1,41.42392987733334,-13.54135159526217,-4.001824219261798,0.017574960208823574,0.0,0.0,0.0,0.0,14.120308388544705,287.8807444557973,100828.35180311516,1.2201479644360502,340.1332603178514
26.15,41.293695264607194,-14.616067213109588,-3.1908857752008317,0.46558196670151025,0.0,0.0,0.0,0.0,14.967562907041138,287.88159098078,100829.91014346441,1.220163234345387,340.1337604052942
26.2,40.975754393798205,-9.928859162018991,-3.1623414614407745,0.6431994686125071,0.0,0.0,0.0,0.0,10.440131863840573,287.8836575964403,100833.71459104064,1.2202005132849092,340.1349812622651
26.25,41.055885894552375,-12.116350900088815,-5.218680916092452,-2.12045457917034,0.0,0.0,0.0,0.0,13.361770738206634,287.8831367416854,100832.75573483475,1.2201911176904556,340.13467356678166
26.3,40.41637639392806,-7.262916380347637,-4.518168700034209,0.29994871635871906,0.0,0.0,0.0,0.0,8.558841743036032,287.88729355343946,100840.40833248073,1.2202661031257085,340.1371291998577
26.35,40.353503828789066,-10.448740833376377,-1.938500516402614,2.4273300902767865,0.0,0.0,0.0,0.0,10.90072936194286,287.88770222511283,100841.16071329838,1.2202734754139628,340.1373706213507
26.4,40.64157993549384,-14.54271073455058,-5.283597594469953,-3.5039640421214964,0.0,0.0,0.0,0.0,15.864570686204583,287.8858297304193,100837.71341333419,1.220239696570788,340.136264449652
26.45,40.625192902989276,-11.737962927760414,-4.054301386384122,-3.804661218870123,0.0,0.0,0.0,0.0,12.988170787893432,287.88593624613054,100837.90950831684,1.2202416180403588,340.13632737364657
26.5,40.16679864807909,-12.682976503424074,-2.2874549834470526,0.3164837328785147,0.0,0.0,0.0,0.0,12.891489643981435,287.8889158087875,100843.39499594088,1.2202953682226123,340.13808754104184
26.55,39.80094252128866,-10.94108473128044,-4.772264072008459,-1.6597442246651828,0.0,0.0,0.0,0.0,12.051414454799493,287.8912938736116,100847.77327667204,1.220338268911414,340.1394923689225
26.6,39.564385431895445,-9.906989762140224,-3.37692440402996,0.7660422231555147,0.0,0.0,0.0,0.0,10.494707488317212,287.89283149469264,100850.60428932324,1.2203660084681602,340.1404007064908
26.65,39.82521298637615,-8.627339233399733,-3.6409879390986757,-1.614165108423372,0.0,0.0,0.0,0.0,9.502278906560877,287.89113611558855,100847.48282191194,1.2203354228944523,340.1393991744731
26.7,39.23433891361205,-9.628487989341364,-1.3317297634784377,2.6638121315479397,0.0,0.0,0.0,0.0,10.078550500742018,287.8949767970615,100854.55425043906,1.220404711746164,340.14166802295057
26.75,38.933093449204556,-11.036946673319658,-2.954638374305198,0.8085460157170126,0.0,0.0,0.0,0.0,11.454161970748912,287.89693489258013,100858.15963300005,1.220440038455729,340.1428247446669
26.8,38.64040537997144,-12.011510383427128,-4.9352177760087015,-1.945901142862645,0.0,0.0,0.0,0.0,13.130852502621607,287.89883736503015,100861.66269843148,1.220474362398685,340.1439486039472
26.85,38.605124929240795,-12.800897166840441,-3.4389907871247187,3.3459302333292538,0.0,0.0,0.0,0.0,13.67058429754409,287.89906668795993,100862.08496256781,1.2204784998368088,340.14408407304467
26.9,38.47247623378139,-14.326201083690052,-5.672423484752923,-1.0519974798767038,0.0,0.0,0.0,0.0,15.444193872726586,287.8999289044804,100863.67261911905,1.220494056020073,340.1445934141002
26.95,37.806493380197175,-14.356389158683822,-6.316383440734059,-1.6132401644979417,0.0,0.0,0.0,0.0,15.767217677012743,287.9042577930287,100871.64399499567,1.2205721604853939,340.1471506264376
27.0,38.30376830847577,-9.808772036551282,-2.7553474140559095,0.4941904377666581,0.0,0.0,0.0,0.0,10.200400601248706,287.9010255059949,100865.69189356397,1.2205138412163357,340.145241213359
27.05,38.07907439050808,-8.231183484203848,-1.9424062826054151,0.33019599004392314,0.0,0.0,0.0,0.0,8.463707999994819,287.9024860164617,100868.38131826775,1.2205401925423904,340.14610398391375
27.1,37.75051557915215,-8.775365888654898,-2.493766441430096,0.6748196258383891,0.0,0.0,0.0,0.0,9.147748306090824,287.9046216487355,100872.31403562504,1.220578725567684,340.1473655667163
27.15,37.60728874762493,-5.791256660229331,-3.9608048012327672,-3.2286184451549773,0.0,0.0,0.0,0.0,7.723380441394434,287.9055526231404,100874.0284422826,1.2205955233482706,340.14791552008876
27.2,37.1160624013595,-9.033689594328507,-4.00551987420541,-0.33460566895194127,0.0,0.0,0.0,0.0,9.887552685221378,287.9087455943911,100879.90853737136,1.2206531361901758,340.14980169333916
27.25,37.02779862882562,-10.965038934954649,-2.7781018320371036,0.7546272869465354,0.0,0.0,0.0,0.0,11.336639315795646,287.9093193089126,100880.96510493633,1.2206634883122036,340.1501406006952
27.3,37.38511126673079,-9.95923819856217,-3.0771754590785587,-1.2272391323390188,0.0,0.0,0.0,0.0,10.495787259162576,287.9069967767662,100876.68792469356,1.2206215808869214,340.14876862143575
27.35,36.711853138404585,-7.731548911285368,-1.7823201020429034,-0.6762805243030938,0.0,0.0,0.0,0.0,7.96309417634225,287.9113729546003,100884.74722562305,1.2207005449070898,340.15135373722273
27.4,36.74325966182757,-5.639980471987938,-2.019739049947079,-2.2430183774826773,0.0,0.0,0.0,0.0,6.39686305903225,287.91116881219807,100884.37125923231,1.2206968612622149,340.151233145726
27.45,36.4736140681835,-12.10921986437773,-3.555147671389454,-0.3083687898967662,0.0,0.0,0.0,0.0,12.624079055511672,287.9129215085568,100887.59921412439,1.2207284880453797,340.15226850139294
27.5,36.38374720066527,-12.129843207130842,-2.4753327213676704,-1.8967848759864268,0.0,0.0,0.0,0.0,12.524302821986643,287.91350564319566,100888.67503813838,1.2207390286867057,340.15261356166445
27.55,36.12759803956741,-14.07785991932895,-2.3041018438710417,-4.026588774982749,0.0,0.0,0.0,0.0,14.822565310296175,287.91517061274277,100891.74152979621,1.2207690732497807,340.153597091289
27.6,35.54938019154734,-10.345463436678077,-5.071025263791768,1.3063465032334032,0.0,0.0,0.0,0.0,11.59527714770835,287.9189290287549,100898.66394669624,1.2208368963699954,340.15581724966245
27.65,34.945518440729906,-5.871012234445896,-3.3411725837912445,0.5296109873357054,0.0,0.0,0.0,0.0,6.775891578943568,287.92285413013525,100905.8937826367,1.2209077305159899,340.1581358563653
27.7,35.48534584229857,-8.654523278893087,-2.732450871974006,0.0043069787768096335,0.0,0.0,0.0,0.0,9.075631080135423,287.91934525202504,100899.43058878442,1.2208444075734246,340.1560631187269
27.75,35.761629120738895,-10.466825396318278,-3.0642985021568245,-0.686640642228165,0.0,0.0,0.0,0.0,10.92775523878959,287.9175494107152,100896.122860475,1.220811999908717,340.1550022881982
27.8,35.097402767504015,-11.546909809587623,-1.9696884322477315,-1.544580787757492,0.0,0.0,0.0,0.0,11.815097480799343,287.9218668820112,100904.0752826138,1.2208899138960825,340.15755267798164
27.85,34.71438276295435,-15.045299355184403,-2.447334180909225,0.3141321159143667,0.0,0.0,0.0,0.0,15.246283359114367,287.9243565120408,100908.66120425501,1.2209348440080463,340.15902332805143
27.9,34.50007129135127,-11.401801650011505,-4.373994751254437,-1.9715524074522843,0.0,0.0,0.0,0.0,12.37012246687709,287.9257495366062,100911.22724207751,1.220959984339333,340.1598461992184
27.95,34.48492542789829,-9.604717547893133,-4.3317878909649625,-0.8270438259242261,0.0,0.0,0.0,0.0,10.568774148268867,287.92584798471864,100911.40859161796,1.2209617610768688,340.15990435325983
28.0,34.19023909716847,-4.87483698269972,-4.224574568687901,1.8662665145690365,0.0,0.0,0.0,0.0,6.715207859605177,287.9277634458684,100914.9370815088,1.220996330662723,340.1610358286074
28.05,34.04550429347154,-11.293562433313147,-4.113583506244306,-2.2147480347359805,0.0,0.0,0.0,0.0,12.221752352071043,287.9287042220924,100916.67013126044,1.2210133097435412,340.1615915498578
28.1,33.85769721283321,-10.269549340418035,-3.3479179308734865,-2.173024676858735,0.0,0.0,0.0,0.0,11.017905171736672,287.92992496811655,100918.91896295601,1.2210353419741489,340.1623126493248
28.15,33.64923722453988,-6.149255818971444,-1.640193026006524,-0.3820894182996175,0.0,0.0,0.0,0.0,6.375701734969347,287.9312799580405,100921.41514335248,1.2210597974175026,340.1631130454002
28.2,33.611861682294496,-9.557785561429355,-1.8837129616814028,-2.258294501551473,0.0,0.0,0.0,0.0,9.999976670773368,287.93152289906504,100921.86269781322,1.221064182161653,340.16325655109677
28.25,33.66055387479203,-10.736166954627762,-0.5601430155832235,0.25455118178886654,0.0,0.0,0.0,0.0,10.75378246849442,287.93120639981385,100921.27963212911,1.2210584697972404,340.1630695944126
28.3,32.573529995754775,-4.135004556088372,-3.5042842996331816,-3.5904007922324177,0.0,0.0,0.0,0.0,6.501480522188034,287.9382720550276,100934.29687173573,1.221185999759655,340.16724326535905
28.35,33.174164967224236,-5.245685156105933,-2.42023074593662,-1.0344083698169722,0.0,0.0,0.0,0.0,5.868963306761635,287.934367927713,100927.10402880663,1.2211155318278772,340.16493711008786
28.4,32.641232818005925,-6.729218577954265,-4.6438839785977715,1.1006337697588313,0.0,0.0,0.0,0.0,8.249814287103403,287.93783198668297,100933.48608272664,1.221178056547011,340.166983319205
28.45,32.36092559113784,-12.692349913058738,-3.6169558267159174,-2.5571033049729595,0.0,0.0,0.0,0.0,13.44309834376882,287.9396539836576,100936.84299359487,1.2212109437625096,340.168059562347
28.5,32.408802182442116,-11.185137067189796,-3.113318968707417,0.8845638936034483,0.0,0.0,0.0,0.0,11.643989844318975,287.9393427858141,100936.26962541617,1.2212053265643998,340.1678757398105
28.55,31.9683413678078,-9.819727335499744,-3.936704819892411,-3.5822858899866534,0.0,0.0,0.0,0.0,11.169487990956545,287.94220578110924,100941.54466632701,1.2212570050837797,340.16956688871267
28.6,32.34113544796709,-9.23631440931278,-0.7836187517496811,1.9883807159341034,0.0,0.0,0.0,0.0,9.480359702420115,287.9397826195882,100937.08000034327,1.2212132656786743,340.1681355467233
28.65,31.661551253523992,-8.16918439203642,1.0025617172525516,1.596543170167573,0.0,0.0,0.0,0.0,8.383892516140731,287.9441999168521,100945.21897387461,1.2212930012353755,340.17074480411355
28.7,31.528071149871696,-10.114979262661828,-4.387119733547268,-2.3987125049910087,0.0,0.0,0.0,0.0,11.283326048739305,287.9450675375258,100946.81764769752,1.2213086629127325,340.171257297417
28.75,31.415548347340078,-9.263838300926304,-1.874471907417941,-2.0903297771722222,0.0,0.0,0.0,0.0,9.67997022592224,287.9457989357423,100948.16533457911,1.221321865717588,340.1716893251212
28.8,31.14851369783863,-11.732033279785751,-3.7153447065470537,-1.699254906162605,0.0,0.0,0.0,0.0,12.423037406471305,287.94753466096404,100951.36366991643,1.221353198527158,340.1727145939274
28.85,31.074374419309972,-11.61579408416233,-7.453582514494329,-3.785006612595036,0.0,0.0,0.0,0.0,14.311143894302242,287.9480165662745,100952.25166763869,1.2213618978514797,340.17299924816007
28.9,30.341464035765313,-6.19507959084568,-3.8584939925841537,-3.7306271986196022,0.0,0.0,0.0,0.0,8.196619200792545,287.9527804837675,100961.0303878419,1.2214478983406936,340.17581320989245
28.95,30.1340420383378,-10.686211306934391,-2.913393158068923,-1.2617762243002335,0.0,0.0,0.0,0.0,11.147872040445414,287.9541287267508,100963.51497800458,1.221472238301051,340.17660958893003
29.0,29.873767210675695,-1.2706982039797685,-6.362246972019507,-3.4994533858790025,0.0,0.0,0.0,0.0,7.371501506376351,287.95582051313056,100966.63273220882,1.221502780808342,340.17760888925625
29.05,29.897864126621865,-15.195993131872187,0.23657083261192813,-6.572104877046348,0.0,0.0,0.0,0.0,16.557981022384517,287.95566388317695,100966.3440791955,1.2214999530795716,340.17751637157374
29.1,29.36610102288098,-10.346147597940165,-4.768729205613983,-2.2177743819689524,0.0,0.0,0.0,0.0,11.606122158764167,287.95912034335123,100972.71413774301,1.2215623556660198,340.17955801661947
29.15,29.719894851617948,-21.888044810747502,-1.6283742727073798,-14.965461661480273,0.0,0.0,0.0,0.0,26.5650738969524,287.95682068346446,100968.47595977849,1.2215208375647937,340.17819966609244
29.2,29.888424718498964,-14.07278153127967,-4.798151325919683,-5.209736351186932,0.0,0.0,0.0,0.0,15.754579937987224,287.95572523932975,100966.45715224132,1.2215010607761587,340.1775526132338
29.25,29.62206948755367,-10.607045521675477,2.8749407514063607,1.688343214224254,0.0,0.0,0.0,0.0,11.118687055224184,287.95745654833087,100969.64781799389,1.2215323173726205,340.17857525581724
29.3,29.207355532441255,-9.965892996683376,-6.412119289081253,-3.9558520907724835,0.0,0.0,0.0,0.0,12.493320726004741,287.9601521890391,100974.61583344467,1.2215809849776196,340.18016749982525
29.35,29.48613512069594,-17.07200084099427,-1.1908877943898457,0.9322244713328407,0.0,0.0,0.0,0.0,17.138858448528232,287.9583401217155,100971.27620542423,1.221548269409482,340.17909716017795
29.4,28.800891489357458,-12.232653682435908,-1.5445338553215193,1.0477443704109404,0.0,0.0,0.0,0.0,12.37421388252098,287.96279420531914,100979.48521214131,1.2216286858765009,340.1817280620633
29.45,28.538830663741088,-12.113074420917231,-6.1478971270969005,-3.001901218148001,0.0,0.0,0.0,0.0,13.911672147357558,287.96449760068566,100982.62476261417,1.221659440980802,340.182734204409
29.5,28.510335570284486,-7.851597877775005,-6.319465392957646,0.8445274221298409,0.0,0.0,0.0,0.0,10.114171179775413,287.9646828187931,100982.96614531594,1.2216627851621615,340.18284360677035
29.55,27.82782025522236,-12.112949545214406,-2.585309409501667,-3.5308827042992084,0.0,0.0,0.0,0.0,12.879227620447082,287.969119168341,100991.14323307139,1.2217428871851175,340.1854640048296
29.6,28.06228401906908,-10.78352319790087,-0.8820163876593079,-2.2875141316521828,0.0,0.0,0.0,0.0,11.0587090734079,287.967595153876,100988.33410631468,1.221715369368891,340.18456382453354
29.65,27.50256400770646,-13.124062420281442,-3.8194988367147937,-0.06142173212668278,0.0,0.0,0.0,0.0,13.668699952968705,287.9712333339499,100995.04025569471,1.2217810616372706,340.1867127621455
29.7,27.49393369219575,-3.544759576638378,-0.8244682816359978,-4.449182058060385,0.0,0.0,0.0,0.0,5.74806831808389,287.9712894310007,100995.1436605467,1.221782074566648,340.18674589648
29.75,27.283369382614527,-11.522220240696926,-2.0050827261527715,2.5878835757522975,0.0,0.0,0.0,0.0,11.9782743922274,287.97265809901296,100997.66658111656,1.2218067884363684,340.18755431416116
29.8,26.890946180679304,-5.562429851968856,0.4402812208258223,0.5244497676593975,0.0,0.0,0.0,0.0,5.604419771063204,287.97520884982555,101002.36861844176,1.22185284805016,340.189060935944
29.85,26.709715158011832,-5.765276300834481,-4.621787387363054,-0.8990095136566699,0.0,0.0,0.0,0.0,7.443624626792858,287.9763868514729,101004.54019878883,1.2218741200005163,340.1897567299777
29.9,26.70862767286354,-8.060225580232032,-2.4221474184989944,3.234295498931462,0.0,0.0,0.0,0.0,9.016357462721654,287.9763939201264,101004.55322957148,1.2218742476446955,340.1897609051178
29.95,26.816293913722514,-11.950360624018671,-3.8631744151440044,-4.671842175893929,0.0,0.0,0.0,0.0,13.400050183576944,287.97569408956076,101003.26312625573,1.2218616103088187,340.189347545998
30.0,26.328745990935914,-13.55284553689192,-3.63242747210123,3.187650570217803,0.0,0.0,0.0,0.0,14.388720153117749,287.9788631510589,101009.10524225602,1.2219188370942282,340.19121936716124
30.05,26.241276576860823,-13.415662339274164,-4.126596197941127,-5.341059328458296,0.0,0.0,0.0,0.0,15.01784628142107,287.9794317022504,101010.15338655733,1.2219291041857687,340.1915551835221
30.1,25.32679255927561,-8.77000643859443,-4.626550271524948,-1.6860975997458725,0.0,0.0,0.0,0.0,10.057877781311728,287.9853758483647,101021.11215826699,1.2220364495578768,340.19506609029816
30.15,25.492211796463298,-3.491390387233355,-1.9291695762099401,4.56404072836353,0.0,0.0,0.0,0.0,6.061515475522653,287.98430062332295,101019.12977602502,1.2220170315276269,340.1944310118771
30.2,25.830280012453084,-9.70610093631273,-2.3124810590086184,-2.8254216140513457,0.0,0.0,0.0,0.0,10.370099870845651,287.982103179919,101015.07846837174,1.2219773475252709,340.1931330948849
30.25,25.600344833387336,-10.505501780599035,-1.9429634088722205,-1.0949484392980142,0.0,0.0,0.0,0.0,10.73962692811566,287.98359775858296,101017.83392797604,1.2220043382670827,340.194015866302
30.3,25.337958448803512,-5.7948815351983285,-4.706121955420662,-1.0394693330560822,0.0,0.0,0.0,0.0,7.537156782277982,287.98530327008274,101020.97834538345,1.222035138822721,340.19502322219256
30.35,25.157147197739373,-16.372311094194348,-3.0474277366724327,-1.4100601002818653,0.0,0.0,0.0,0.0,16.713098332198214,287.9864785432147,101023.14521905234,1.2220563639243984,340.195717392447
30.4,24.650264832033464,-14.778232388293667,0.9425052434785398,-2.658770798752713,0.0,0.0,0.0,0.0,15.045050043675383,287.98977327859177,101029.21998665365,1.2221158674207022,340.1976634068313
30.45,24.84530164765734,-8.30961371373456,-7.1021119869303115,-3.4515321603949176,0.0,0.0,0.0,0.0,11.463103811822743,287.9885055392902,101026.88251911811,1.222092971565171,340.1969146260362
30.5,24.72749315557664,-12.071906563759532,-3.0858045943043733,3.037600305408392,0.0,0.0,0.0,0.0,12.824980845747396,287.98927129448873,101028.29441924249,1.2221068013570096,340.1973669138493
30.55,24.254478216617997,-5.540527095022512,-3.895019310805365,-0.9127949396689996,0.0,0.0,0.0,0.0,6.833872293517828,287.992345891592,101033.96352501668,1.2221623308018086,340.1991828965115
30.6,23.981388526226056,-12.358367736734733,-1.7584331410629337,-1.0785222579504359,0.0,0.0,0.0,0.0,12.529347568363205,287.9941209745795,101037.2366347889,1.2221943909617936,340.20023132863133
30.65,24.22153853734957,-11.570289749958388,-5.473527862966996,-1.8432977830607977,0.0,0.0,0.0,0.0,12.931699767691216,287.9925599995072,101034.35831817935,1.2221661978173197,340.1993093570326
30.7,23.6812304368763,-7.324550191966387,-1.4812336808891982,-4.296772072202698,0.0,0.0,0.0,0.0,8.620054464589911,287.9960720021603,101040.8342712402,1.2222296296375719,340.2013836766514
30.75,23.421103981344352,-2.124048169342531,-3.1129412842890334,3.0049120974070527,0.0,0.0,0.0,0.0,4.81990464410466,287.99776282412125,101043.95218021737,1.2222601692127506,340.2023823345886
30.8,23.060808602495023,-8.505612381274481,-1.8114960788491716,-0.16686876735619924,0.0,0.0,0.0,0.0,8.697977075716782,288.0001047440838,101048.27085540807,1.2223024698646348,340.20376554868545
30.85,23.12599613214605,-9.374403586687901,-3.502040045225777,0.3511683857562689,0.0,0.0,0.0,0.0,10.013343413646943,287.999681025141,101047.48947498044,1.222294816408441,340.20351528691384
30.9,23.119680475813805,-12.00358808011508,1.2003158536854854,-1.4947823714952067,0.0,0.0,0.0,0.0,12.155708917369747,287.9997220769072,101047.56517835995,1.2222955579075412,340.20353953338974
30.95,23.087785457238795,-9.538991019487115,-2.688669881983715,-3.224626180932364,0.0,0.0,0.0,0.0,10.422068384485712,287.99992939452795,101047.94749256411,1.222299302595266,340.2036619817296
31.0,22.527914532725053,-12.78328786560095,-1.5706972722805217,0.9740997362445599,0.0,0.0,0.0,0.0,12.916207216986017,288.00356855553724,101054.65865624882,1.2223650366019365,340.20581137807415
31.05,22.06935817098204,2.622042833430636,-3.585741586282431,0.5489321236174567,0.0,0.0,0.0,0.0,4.475933178710265,288.0065491718886,101060.15563277242,1.2224188773597813,340.2075718083107
31.1,21.42902864954661,-4.824064363725664,-1.5073542384522056,-4.482268249593654,0.0,0.0,0.0,0.0,6.755326968168386,288.0107113137779,101067.83203289853,1.2224940637960815,340.21003006329477
31.15,21.749964446208054,-14.962355230153157,-0.22019365557998288,-0.8164648449293272,0.0,0.0,0.0,0.0,14.986232819566586,288.00862523109964,101063.98453048413,1.2224563796019479,340.20879797798
31.2,21.098471625886898,-14.441813340440659,-3.0943871004778827,-5.417170492751751,0.0,0.0,0.0,0.0,15.731717650507013,288.01285993443173,101071.79500229406,1.2225328786411584,340.2112990802188
31.25,21.12793495922503,-11.535026293716085,-3.375599919332771,1.7330216865096741,0.0,0.0,0.0,0.0,12.143099710454234,288.012668422765,101071.44176830302,1.2225294189434703,340.21118596991573
31.3,21.4538861636723,-10.136808590851713,-1.8259694996006517,-1.1144956616691313,0.0,0.0,0.0,0.0,10.360074980467866,288.0105497399361,101067.53402717113,1.2224911450017693,340.2099346344667
31.35,20.728449874880162,-9.596803689878483,-2.532638489899818,-3.087090762791167,0.0,0.0,0.0,0.0,10.39437483258603,288.01526507581326,101076.23125415847,1.2225763286531044,340.21271959763214
31.4,20.64610046061037,-9.232688053287221,-5.276166495544467,1.1537129032757143,0.0,0.0,0.0,0.0,10.696331849807365,288.015800347006,101077.2185763315,1.2225859987400478,340.2130357370971
31.45,20.259711643434752,-11.43971033186521,-5.529342018283396,-1.8699338768178217,0.0,0.0,0.0,0.0,12.842789741166397,288.01831187431765,101081.85126058027,1.2226313721994284,340.2145190801416
31.5,20.365945729730054,-12.401185733261602,-2.824006782957846,0.08734015443294985,0.0,0.0,0.0,0.0,12.71896419539026,288.01762135275675,101080.57752910082,1.2226188970516,340.2141112491255
31.55,20.38225297951933,-13.190156774263665,-2.856943876825834,0.8583579726256745,0.0,0.0,0.0,0.0,13.523281497260802,288.0175153556331,101080.38200866208,1.222616982087741,340.2140486458022
31.6,20.48278452510848,-11.733329992656845,-4.85232759876812,-3.890827979101119,0.0,0.0,0.0,0.0,13.27985911842831,288.0168619005868,101079.17666368569,1.2226051766973396,340.21366270623054
31.65,20.07565687859573,-13.445404246074617,-3.1235682274058836,-0.18269317968160786,0.0,0.0,0.0,0.0,13.80467133290478,288.0195082302891,101084.05808161436,1.2226529861179785,340.21522566238315
31.7,19.76164992017818,-8.235175126683952,-2.360201997659512,0.8668543658214811,0.0,0.0,0.0,0.0,8.610464524545337,288.0215492755188,101087.82312261288,1.2226898612568657,340.2164311248837
31.75,19.846180566789396,-7.171488526221313,-3.5289581260436136,-1.1974459497614274,0.0,0.0,0.0,0.0,8.081934789373967,288.02099982631586,101086.8095627254,1.222679934388909,340.2161066149008
31.8,19.640745722884102,-7.917368255800922,-2.877358529383359,4.321191967357947,0.0,0.0,0.0,0.0,9.46766139145978,288.02233515280125,101089.27283178359,1.222704059764848,340.2168952710259
31.85,19.376579073160347,-8.485717022672999,-4.048377242708401,-2.078787676093865,0.0,0.0,0.0,0.0,9.629024347795642,288.02405223602443,101092.44039672553,1.2227350828842456,340.2179093935108
31.9,19.19250017929734,-5.9536889826517845,-1.6144217085405619,1.6980107298080729,0.0,0.0,0.0,0.0,6.398125537507029,288.02524874883454,101094.64769428928,1.222756701039128,340.218616061341
31.95,18.764480763029916,-7.6108631352377065,-1.1605340341247081,0.5891478562027639,0.0,0.0,0.0,0.0,7.721345226328791,288.02803087504026,101099.78024352645,1.2228069686060514,340.2202591965276
32.0,18.67314247314289,-10.897659630801543,-3.1214595226672786,-2.125017604182335,0.0,0.0,0.0,0.0,11.533351412253799,288.02862457392456,101100.87554421756,1.2228176957857817,340.22060983650454
32.05,18.791592954033366,-10.895331943309339,-2.304328375817518,0.7187652233602217,0.0,0.0,0.0,0.0,11.159516605337648,288.02785464579875,101099.45512431674,1.2228037844422088,340.22015511504776
32.1,18.812941026870586,-4.02825727912855,-0.2524437053546446,-5.283402936813429,0.0,0.0,0.0,0.0,6.648678900650421,288.0277158833253,101099.19912684253,1.2228012772438563,340.2200731615228
32.15,18.09119185213951,-6.785645695255365,-0.682425235192122,-4.161832972639739,0.0,0.0,0.0,0.0,7.989464650107416,288.0324072529611,101107.85434278908,1.2228860443757545,340.2228438872785
32.2,17.849523437447303,-0.7845914993321962,-3.4258818785932528,-0.09389736985518982,0.0,0.0,0.0,0.0,3.5158309377675856,288.0339780976566,101110.75256444821,1.222914428562648,340.22377162406696
32.25,17.607842175515124,-12.26452337068619,-0.4242290282632601,-6.445371848428293,0.0,0.0,0.0,0.0,13.86150504249235,288.03554902585915,101113.65100745387,1.2229428147625196,340.22469940764444
32.3,17.58367005302412,-13.254606083427623,-7.396641302967103,-1.5083081976632113,0.0,0.0,0.0,0.0,15.253520203898296,288.0357061446553,101113.94090338226,1.2229456538796126,340.22479220120425
32.35,17.203903609654102,-16.85603289263761,1.0208200633854798,-3.019630228260615,0.0,0.0,0.0,0.0,17.154768584708936,288.0381746265372,101118.49552539724,1.2229902597019497,340.22625007069416
32.4,17.06801076393052,-8.142765830778275,-4.735359731244648,3.693330491860411,0.0,0.0,0.0,0.0,10.117754557276504,288.0390579300344,101120.12535837533,1.2230062214254547,340.22677174252897
32.45,16.38603674729914,-9.663927541666041,-3.6163972516506404,-1.5053910891433326,0.0,0.0,0.0,0.0,10.42765682900957,288.04349076114255,101128.30494568993,1.2230863272449,340.2293897243158
32.5,16.477052338398796,-6.4770743165664255,-4.942478932208115,-1.5084899801161782,0.0,0.0,0.0,0.0,8.285899572029363,288.0428991598004,101127.21327491823,1.223075636167798,340.22904033216946
32.55,16.356554896850156,-10.128283980896693,-2.7546352013913356,2.287226833566821,0.0,0.0,0.0,0.0,10.742511721130258,288.04368239317046,101128.6585626941,1.2230897903233429,340.2295028996507
32.6,16.962400499141857,-12.91429266169624,-2.9353079544141623,0.47864182899004115,0.0,0.0,0.0,0.0,13.25232378640242,288.03974439675557,101121.39201143321,1.2230186263228064,340.22717716361836
32.65,16.179629606532473,-16.585403580593432,-1.9103423219474684,-0.54663506309901,0.0,0.0,0.0,0.0,16.70400639398807,288.0448324075575,101130.78069581275,1.2231105729674303,340.23018208210914
32.7,16.150923200943524,-12.31458694679338,-3.921492510196514,0.9205017781118862,0.0,0.0,0.0,0.0,12.956638402809904,288.04501899919387,101131.12501863657,1.2231139450094728,340.23029228039945
32.75,16.034644264240598,-15.46437031687918,-1.96210862016056,-3.608771242228311,0.0,0.0,0.0,0.0,16.000620282152074,288.0457748122824,101132.51975161511,1.223127603966192,340.2307386521857
32.8,15.478148527161192,-12.461515846529709,-5.41802259726278,-1.725665695336231,0.0,0.0,0.0,0.0,13.697527811609708,288.04939203457343,101139.1949763319,1.2231929755568791,340.2328749208901
32.85,15.216363208397702,-7.202265312853704,-4.86427000736401,-1.5315519994238955,0.0,0.0,0.0,0.0,8.824930587161356,288.0510936391454,101142.33524206714,1.2232237284198506,340.2338798543781
32.9,14.9082960189882,-10.450722940855183,-3.4659619059897944,-3.77862017341222,0.0,0.0,0.0,0.0,11.64081063909241,288.05309607587657,101146.0307866292,1.223259918938235,340.2350624494961
32.95,14.748484013332712,-8.007619012885161,-2.9690345458522285,0.5462548270972756,0.0,0.0,0.0,0.0,8.55777557114645,288.0541348539133,101147.94791924683,1.2232786933450424,340.2356759273521
33.0,14.654078196171358,-8.203955646631291,-2.980518426225628,-1.5179510373022551,0.0,0.0,0.0,0.0,8.859602343932313,288.05474849172487,101149.08044167524,1.223289784062298,340.236038326879
33.05,14.62230964801431,-10.93096639498787,-0.9889210681618628,-0.5495526879954836,0.0,0.0,0.0,0.0,10.989358460087265,288.0549549872879,101149.4615496659,1.2232935162223377,340.236160278036
33.1,14.99642928107301,-8.989208714533886,-0.641383653244881,-1.7897177492996197,0.0,0.0,0.0,0.0,9.188053979285266,288.052523209673,101144.97353727478,1.223249565306555,340.23472412772816
33.15,14.614707251115535,-8.291302242651252,-4.342408367436117,-1.6051836606197998,0.0,0.0,0.0,0.0,9.496252834296993,288.0550044028677,101149.5527511797,1.2232944093510636,340.2361894616451
33.2,14.259397822222581,-9.721211487420765,-0.8183908464344443,2.61527397833281,0.0,0.0,0.0,0.0,10.100068036524995,288.05731391415554,101153.8152650841,1.2233361516189962,340.23755339862424
33.25,14.410135803434809,-9.231517280092644,-3.0884248321382213,-3.218449664614213,0.0,0.0,0.0,0.0,10.25269220644375,288.05633411727763,101152.00690031768,1.2233184425688748,340.23697475687493
33.3,13.87559272636633,-10.451410611672111,-4.9682491352979055,-1.3084433102537623,0.0,0.0,0.0,0.0,11.645922339613493,288.0598086472786,101158.41979422698,1.2233812428235553,340.2390267166332
33.35,13.218176330198856,-7.938617976753768,-5.729207739637122,-2.7864038051673763,0.0,0.0,0.0,0.0,10.178876306852699,288.0640818538537,101166.30724630962,1.2234584821082357,340.24155033535834
33.4,12.923020181174227,-10.20571728785082,-2.193600695121226,-1.6097913937977602,0.0,0.0,0.0,0.0,10.562195685591076,288.06600036882236,101169.84858857031,1.2234931609627646,340.2426833426674
33.45,12.703349220354749,-9.790060418828336,-1.7468339421400885,2.376447052288246,0.0,0.0,0.0,0.0,10.224686421502199,288.06742823006766,101172.48430966292,1.223518971305487,340.24352658473504
33.5,13.17445768016951,-6.719626467891025,-2.9986215617138265,-2.197369841871196,0.0,0.0,0.0,0.0,7.679423504425429,288.06436602507887,101166.83178504699,1.2234636187069687,340.24171815710434
33.55,12.547651034639351,-12.616643339898946,-0.839877752890446,1.9149130191018158,0.0,0.0,0.0,0.0,12.788744100838924,288.0684402682748,101174.3524873556,1.2235372653892005,340.2441242558225
33.6,13.418984050128003,-10.046124648947945,-0.613882484857447,0.10996244497822683,0.0,0.0,0.0,0.0,10.065463919100788,288.06277660367414,101163.89797266808,1.2234348889868987,340.2407794984583
33.65,12.713779967452696,-14.456309309127112,-5.337438235680785,-5.929099091918838,0.0,0.0,0.0,0.0,16.511430640700254,288.0673604302115,101172.35915513067,1.2235177457305377,340.2434865446936
33.7,11.997826194112418,-10.015351694205902,-5.892099027665615,1.295016327222715,0.0,0.0,0.0,0.0,11.69192746292178,288.07201412973825,101180.94990077046,1.2236018698821711,340.2462348334187
33.75,12.016494213675665,-9.728184692876715,-3.69190135627415,-3.364479945166147,0.0,0.0,0.0,0.0,10.935604160018089,288.0718927876111,101180.72589527872,1.223599676344555,340.2461631738957
33.8,11.452513024429038,-7.389318779278892,-3.2917424384888516,1.074031127437916,0.0,0.0,0.0,0.0,8.160339647702036,288.0755586653412,101187.49352218676,1.223665946830832,340.24832807942005
33.85,11.445225637126251,-8.424094625139125,-1.3498509757115138,0.1567437822865454,0.0,0.0,0.0,0.0,8.532996925067577,288.07560603335867,101187.5809713289,1.2236668031516524,340.2483560527896
33.9,11.212911558469584,-4.362715586216239,-3.360882560290379,-4.845374478402504,0.0,0.0,0.0,0.0,7.335289544812287,288.07711607486993,101190.3687881085,1.2236941019797434,340.2492478125528
33.95,11.247696447003666,-10.170472146605192,-1.3499779416757736,0.09790076891740684,0.0,0.0,0.0,0.0,10.260142722615402,288.07688997309447,101189.9513583246,1.2236900144376206,340.249114287587
34.0,10.772687842709928,-7.814032798997592,-3.40857745359505,-2.35110033193264,0.0,0.0,0.0,0.0,8.843369358552227,288.07997752902236,101195.65173393463,1.223745833189894,340.2509376468906
34.05,10.62327681735045,-9.82984034970799,-2.9677897375851066,-1.2742069505717017,0.0,0.0,0.0,0.0,10.346842058335866,288.0809487006872,101197.44480566435,1.2237633910366892,340.2515111712881
34.1,10.77128399024534,-11.172370201177491,0.2136297970372465,0.39411299081167495,0.0,0.0,0.0,0.0,11.181360322065803,288.07998665406336,101195.6685813545,1.2237459981609358,340.25094303567835
34.15,10.728649794505387,-7.430811776278018,-6.563282157981476,-4.987380649193087,0.0,0.0,0.0,0.0,11.098090019444594,288.0802637763357,101196.18022893408,1.2237510082451413,340.2511066900386
34.2,10.246062593463437,-10.411495512914478,0.5045072863044137,1.4192008440750108,0.0,0.0,0.0,0.0,10.51988105698899,288.08340059314247,101201.97184282003,1.2238077197443846,340.2529591294779
34.25,10.421848521293976,-10.576079720252743,-1.4519693369996935,-2.0760478306896597,0.0,0.0,0.0,0.0,10.875277090724627,288.08225798461154,101199.86217390347,1.2237870619319993,340.25228436599195
34.3,9.746245494834731,-12.589337463966029,-3.210434717197245,-1.4252762256546512,0.0,0.0,0.0,0.0,13.070184435363577,288.08664940428355,101207.97051867827,1.2238664581440373,340.2548776962638
34.35,9.757787488238057,-8.115121905724388,-4.045598923896249,1.698153700429421,0.0,0.0,0.0,0.0,9.22528049373462,288.08657438132644,101207.83199140395,1.223865101707088,340.2548333920088
34.4,9.882660784681812,-7.99178057518258,-1.7318096245583479,-3.4723741892966635,0.0,0.0,0.0,0.0,8.883980180531259,288.08576270489954,101206.33326900024,1.223850426434051,340.2543540621016
34.45,8.993484987735929,-6.589610482152559,-4.554409988399228,-0.9003812038182969,0.0,0.0,0.0,0.0,8.06078798636429,288.0915423475797,101217.00549940483,1.2239549264697416,340.2577671754487
34.5,9.188050464744817,-7.843980881717403,-4.626410247848414,-0.1398110593899074,0.0,0.0,0.0,0.0,9.107757956076384,288.09027767197915,101214.67017172712,1.2239320596552026,340.2570203361545
34.55,8.977436106097388,-11.874117327682328,-2.508042241668984,-4.233720622095624,0.0,0.0,0.0,0.0,12.853378096964216,288.09164666531035,101217.19813263578,1.2239568126709555,340.2578287789838
34.6,8.737905303031539,-11.295857415759098,-0.8136232353402967,1.4252325470313454,0.0,0.0,0.0,0.0,11.414449848300306,288.0932036155303,101220.07323382713,1.2239849646346344,340.2587482151975
34.65,8.496920728821767,-8.679946645773198,-3.6594134700097123,-4.194507455076058,0.0,0.0,0.0,0.0,10.311482604778352,288.0947700152626,101222.96585144484,1.224013287959369,340.2596732291877
34.7,8.161093993791745,-11.144483624067826,-3.0361119868146997,0.3895649289902161,0.0,0.0,0.0,0.0,11.557216450231214,288.0969528890403,101226.99700254941,1.2240527590799724,340.2609622885332
34.75,7.925702032396326,-7.353340026055179,-1.7591602527301973,2.1216972755939123,0.0,0.0,0.0,0.0,7.852888237001312,288.0984829367894,101229.82264592411,1.2240804262620855,340.2618658295513
34.8,7.582891066039482,-9.637129130895236,-4.164185641403843,-2.25982811231505,0.0,0.0,0.0,0.0,10.73878592015098,288.1007112080707,101233.93786048096,1.2241207199696904,340.26318168909694
34.85,7.859458323439587,-11.98230951271106,-4.821832240167917,1.306704807533316,0.0,0.0,0.0,0.0,12.982037007525413,288.0989135208976,101230.61784643527,1.2240882124118495,340.26212010249264
34.9,7.432353391815154,-12.959400700603467,-5.500704488440256,-2.297114203497045,0.0,0.0,0.0,0.0,14.26466088106746,288.1016897029532,101235.74500658346,1.2241384143597154,340.26375951741585
34.95,7.363445707717794,-11.30203002525768,-1.7386734934748354,2.2617301693890175,0.0,0.0,0.0,0.0,11.656512839089682,288.1021376028998,101236.5722251873,1.2241465139219794,340.2640240144076
35.0,7.018642583399097,-8.936402456549375,-1.3818661457261925,1.7189099757212216,0.0,0.0,0.0,0.0,9.204536621403589,288.10437882320787,101240.71157812275,1.2241870434630349,340.2653475123239
35.05,7.098514301924612,-6.351309772858275,-4.1041555244760195,-0.7864512741060959,0.0,0.0,0.0,0.0,7.602745162534068,288.10385965703745,101239.75270793146,1.2241776549297916,340.2650409318795
35.1,6.603255759261867,-9.75860356527361,-3.793401995023707,0.050827688037255014,0.0,0.0,0.0,0.0,10.47009196205515,288.10707883756476,101245.69846862015,1.2242358710583323,340.2669419330243
35.15,6.3538465891610025,-8.801368986558542,-6.107307151985625,-3.1948757884060304,0.0,0.0,0.0,0.0,11.179021781425794,288.10869999717045,101248.6928243518,1.2242651891461225,340.26789926154197
35.2,6.022751401959035,-13.206744034775774,-2.116025227045713,-2.0181685387433665,0.0,0.0,0.0,0.0,13.526590664774064,288.11085211588727,101252.66799656246,1.2243041102681016,340.26917012831416
35.25,5.98905991154834,-9.548495491459352,-3.1504152167131907,-3.7975910544728215,0.0,0.0,0.0,0.0,10.74805005594641,288.1110711105749,101253.072508096,1.2243080708456862,340.26929944854965
35.3,5.586256018162467,-6.512341525030196,-3.0757748172612818,-2.62193312772463,0.0,0.0,0.0,0.0,7.664562361374011,288.11368933588193,101257.9088104722,1.224355422910789,340.2708455530842
35.35,5.391555899419532,-10.555519230214403,-0.20561362927640875,1.3815679336397664,0.0,0.0,0.0,0.0,10.64753460380533,288.1149548866538,101260.24656259781,1.2243783116046998,340.2715928788349
35.4,5.732600300278138,-11.065988906916122,-2.7611983215831293,-4.510361307707819,0.0,0.0,0.0,0.0,12.264733416800054,288.11273809804817,101256.1516926163,1.224338219081927,340.2702838325184
35.45,5.2286825998337365,-13.396469754174658,-2.8724224998519854,1.1557627055232071,0.0,0.0,0.0,0.0,13.7496181882862,288.11601356310103,101262.20220567088,1.224397459030408,340.27221804109047
35.5,4.676482941408864,-11.10115149110364,-3.488647404947514,-1.131922958600951,0.0,0.0,0.0,0.0,11.69134187031957,288.11960286088083,101268.83277380253,1.2244623774648562,340.274337559714
35.55,4.842751835443488,-10.309652697339754,-3.896811609862878,-2.9228617298174218,0.0,0.0,0.0,0.0,11.402508502700547,288.1185221130696,101266.83625381364,1.2244428300617956,340.273699367993
35.6,4.131835151389232,-5.014245967470055,-5.457813699391943,0.6790964755027759,0.0,0.0,0.0,0.0,7.442550975478795,288.1231430715159,101275.37300683015,1.224526410655912,340.2764280789225
35.65,4.2577043206382035,-9.407075628660913,-3.387470559477315,-4.3176911816639985,0.0,0.0,0.0,0.0,10.890844127747432,288.12232492191583,101273.86151580226,1.2245116122326496,340.2759449569868
35.7,4.314193015737726,-11.157094535778725,-2.6529537589181373,-2.587620243363258,0.0,0.0,0.0,0.0,11.756474839471426,288.1219577453977,101273.18318123579,1.2245049709079632,340.27572813696685
35.75,3.8387286767869275,-14.154740972352593,-3.4279055981970465,0.04483811545096136,0.0,0.0,0.0,0.0,14.56397058638698,288.1250482636009,101278.89282602185,1.2245608716795489,340.2775531028947
35.8,3.9284802155067484,-8.039078313912807,-2.0881944217841717,-5.339203668616568,0.0,0.0,0.0,0.0,9.873926873101821,288.12446487859916,101277.81501880882,1.22455031936063,340.2772086119825
35.85,3.7017450716328004,-11.316455465837487,-2.4551787300495955,-2.534389937306415,0.0,0.0,0.0,0.0,11.85382635527833,288.12593865703434,101280.53785101892,1.2245769773279365,340.27807888270206
35.9,3.863973296689107,-4.865371438440749,-1.527516303846809,-1.826761549616724,0.0,0.0,0.0,0.0,5.416844381341495,288.1248841735715,101278.58966779114,1.2245579035977185,340.2774562071857
35.95,3.5312789549927537,-6.454267943775431,-3.7577041993674127,-1.8355353796602099,0.0,0.0,0.0,0.0,7.690715549932592,288.12704668679254,101282.58499499371,1.2245970198602838,340.27873317623204
36.0,3.1107096869376774,-11.9647896698427,0.8949872579086094,2.085728912361259,0.0,0.0,0.0,0.0,12.178154997012193,288.1297803870349,101287.6357950512,1.2246464693127412,340.28034742567445
36.05,2.798446028755848,-9.48612033326755,-5.439072508364231,-4.088467082144439,0.0,0.0,0.0,0.0,11.674140302834049,288.1318101008131,101291.3860376595,1.2246831854584082,340.281545966298
36.1,2.8399035579449574,-11.773415128129484,-2.8223109537018822,1.5242701681225765,0.0,0.0,0.0,0.0,12.202546555702307,288.13154062687335,101290.88813209301,1.2246783108091186,340.28138684289155
36.15,2.7615946888728127,-8.199454090737023,-3.138285140017345,-0.713782339611245,0.0,0.0,0.0,0.0,8.80848262951677,288.13204963452233,101291.82862448492,1.2246875185163084,340.2816874100419
36.2,2.4386019039683497,-8.628516161324356,-2.8861091757331776,-0.6940138181380301,0.0,0.0,0.0,0.0,9.124832738206951,288.13414908762417,101295.70785441769,1.2247254971878743,340.2829271265949
36.25,1.72920897879388,-10.186599874342681,-6.739579265043464,-0.7438878903024077,0.0,0.0,0.0,0.0,12.236916068319692,288.1387601416378,101304.2282758751,1.224808913362108,340.28564991506767
36.3,1.2895437119428537,-12.433604782727006,-3.8542805127772386,-5.093310213007849,0.0,0.0,0.0,0.0,13.978262234274915,288.14161796587234,101309.5093265882,1.224860614952132,340.2873374252194
36.35,1.5757589466224833,-12.664930430942912,-3.5447213401383233,-0.636270820756677,0.0,0.0,0.0,0.0,13.16701761057538,288.1397575668469,101306.07141957748,1.224826957833345,340.28623888336824
36.4,1.0893274439605716,-12.187730287754341,-2.8912060766530443,-1.1396328127602973,0.0,0.0,0.0,0.0,12.577702695351006,288.14291937161425,101311.91430333572,1.2248841595517135,340.28810588657166
36.45,1.00308194149369,-6.085915649392026,-2.820269957511682,-1.087361493052757,0.0,0.0,0.0,0.0,6.795192928926421,288.14347996738024,101312.95028948372,1.2248943017704441,340.288436909765
36.5,0.6932162123216153,-6.621380249511226,-1.247523543485135,1.9255265814516975,0.0,0.0,0.0,0.0,7.007613289561869,288.1454940946199,101316.6724859817,1.2249307416035924,340.2896262183214
36.55,0.874389409619771,-3.422195591682619,-4.682853145075095,-1.0540678786974655,0.0,0.0,0.0,0.0,5.895048374608425,288.1443164688375,101314.49616784467,1.2249094357550907,340.2889308504344
36.6,0.6797327763218919,-17.899507107985954,-2.5692903897305093,-1.6310049818572567,0.0,0.0,0.0,0.0,18.156370371482414,288.1455817369539,101316.83445541731,1.2249323272581074,340.28967796956414
36.65,0.27758518615690886,-13.119255073723213,-2.8469341064109757,2.2188568585346826,0.0,0.0,0.0,0.0,13.606734114192308,288.14819569629,101321.66533960514,1.2249796206093861,340.2912214625409
36.7,0.15193519461448451,-10.74520630155585,-1.4486128265375446,0.42935891482908045,0.0,0.0,0.0,0.0,10.850911789428014,288.149012421235,101323.17477532238,1.224994397583098,340.2917037215596
36.75,0.12041749258867583,-8.449776100041468,-3.2796011008491126,0.6367474405297342,0.0,0.0,0.0,0.0,9.086250427131308,288.14921728629815,101323.55340092743,1.2249981042203735,340.2918246899926
36.8,-0.2728124296154185,-18.434499031296518,-10.16616129888013,-4.6942171417105705,0.0,0.0,0.0,0.0,21.568895768287483,288.15,101325.0,1.2250122659906946,340.29228686527705
36.85,0.00047951321211969766,-29.996488427183202,-1.9287858804883629,-3.8437039421775085,0.0,0.0,0.0,0.0,30.303194434415953,288.1499968831641,101324.99423948006,1.225012209597011,340.292285024855
36.9,0.04422269201955836,-16.935974933288527,-3.5293956119689796,3.4963980326792106,0.0,0.0,0.0,0.0,17.64960848091782,288.14971255250185,101324.46874214146,1.2250070651403338,340.29211713390293
36.95,-0.3333498598138631,-15.34961759962547,-1.9528249240898743,-9.428916280972906,0.0,0.0,0.0,0.0,18.11984403554497,288.15,101325.0,1.2250122659906946,340.29228686527705
37.0,-0.17784995159410877,-21.377209978927496,-1.7380863205561654,-8.006536581911408,0.0,0.0,0.0,0.0,22.89346366494916,288.15,101325.0,1.2250122659906946,340.29228686527705
37.05,-0.5554635086564329,-24.347744106593698,-9.425880695526326,-1.3810014685293406,0.0,0.0,0.0,0.0,26.145114936112716,288.15,101325.0,1.2250122659906946,340.29228686527705
37.1,-0.9276105957757961,-3.4196175331690046,-1.3618631769966316,0.5335672510514309,0.0,0.0,0.0,0.0,3.7192942068907118,288.15,101325.0,1.2250122659906946,340.29228686527705
37.15,-0.907993322078003,-10.96706122083199,-1.6598826912888867,-2.2591354498524057,0.0,0.0,0.0,0.0,11.319687952902992,288.15,101325.0,1.2250122659906946,340.29228686527705
37.2,-1.3132542313451878,-21.930188670661533,-4.184970712222429,-1.1865537377493864,0.0,0.0,0.0,0.0,22.35743868974123,288.15,101325.0,1.2250122659906946,340.29228686527705
37.25,-1.4939299093211338,-0.5719400338069746,-1.1123989678770199,-0.7739921362192915,0.0,0.0,0.0,0.0,1.4709217154336542,288.15,101325.0,1.2250122659906946,340.29228686527705
37.3,-1.2016536989025242,-8.669886344509393,-2.180528017830724,-2.642341219304858,0.0,0.0,0.0,0.0,9.322209973096118,288.15,101325.0,1.2250122659906946,340.29228686527705
37.35,-1.2451213982036924,-15.026884368804948,-2.071582306854819,-3.3724759825717534,0.0,0.0,0.0,0.0,15.539379052604763,288.15,101325.0,1.2250122659906946,340.29228686527705
37.4,-1.1740644111841791,-3.5888631954529036,-5.2704043565778536,1.8809096262399971,0.0,0.0,0.0,0.0,6.647926153289726,288.15,101325.0,1.2250122659906946,340.29228686527705
37.45,-1.1064587868285776,-6.447734263025477,-0.3965074812838681,-3.1076332329946763,0.0,0.0,0.0,0.0,7.168533993789784,288.15,101325.0,1.2250122659906946,340.29228686527705
37.5,-1.001415221128553,-10.055327752551696,-10.63137730778757,0.05772965803932795,0.0,0.0,0.0,0.0,14.633493512664506,288.15,101325.0,1.2250122659906946,340.29228686527705
37.55,-1.0907338815925915,-12.453642732122832,-0.018797175464922877,-8.580564877689369,0.0,0.0,0.0,0.0,15.12348056015538,288.15,101325.0,1.2250122659906946,340.29228686527705
37.6,-1.9375496259683473,-9.817527472314012,-4.699232984476469,3.7600057805400615,0.0,0.0,0.0,0.0,11.515393166615139,288.15,101325.0,1.2250122659906946,340.29228686527705
37.65,-1.7634719299341703,-27.155831961670824,11.614212688647983,-31.378079335279335,0.0,0.0,0.0,0.0,43.09191349521089,288.15,101325.0,1.2250122659906946,340.29228686527705
37.7,-1.6907318816303736,1.1988944040550613,9.088032402690697,-9.773479389956341,0.0,0.0,0.0,0.0,13.399648507715863,288.15,101325.0,1.2250122659906946,340.29228686527705
37.75,-2.0985413208635673,-5.307367684823564,-4.380359488442987,-8.375578883905161,0.0,0.0,0.0,0.0,10.840019494005533,288.15,101325.0,1.2250122659906946,340.29228686527705
37.8,-1.7838338932776865,-9.920432389078632,0.36137716980725654,-9.706728738288264,0.0,0.0,0.0,0.0,13.884025174417163,288.15,101325.0,1.2250122659906946,340.29228686527705
37.85,-2.031421208159247,-2.575818158994431,9.134794118461452,-9.395370507148296,0.0,0.0,0.0,0.0,13.354860154321177,288.15,101325.0,1.2250122659906946,340.29228686527705
37.9,-1.933559120186187,-1.1290281105096458,4.607730976585892,-10.772427289783781,0.0,0.0,0.0,0.0,11.770772232126,288.15,101325.0,1.2250122659906946,340.29228686527705
37.95,-1.4744705466017476,-0.8284590060648558,4.799635160603869,-6.104965223735882,0.0,0.0,0.0,0.0,7.8098298561914525,288.15,101325.0,1.2250122659906946,340.29228686527705
38.0,-1.4511553924351297,-1.2274184789698894,5.495577070646376,-9.995268603388759,0.0,0.0,0.0,0.0,11.472284773131289,288.15,101325.0,1.2250122659906946,340.29228686527705
38.05,-1.4550364214232612,-1.1460760905092096,5.124173325285289,-7.686447310490578,0.0,0.0,0.0,0.0,9.308711776059564,288.15,101325.0,1.2250122659906946,340.29228686527705
38.1,-1.34507239308551,-1.9407918970027453,4.44135524541676,-9.954632452711817,0.0,0.0,0.0,0.0,11.071902134323883,288.15,101325.0,1.2250122659906946,340.29228686527705
38.15,-1.5734568642685407,-0.5901112686989415,5.861972256384844,-7.561265820595928,0.0,0.0,0.0,0.0,9.585598095778025,288.15,101325.0,1.2250122659906946,340.29228686527705
38.2,-1.6435922422254359,-0.5334072100586364,5.885899687766454,-8.28751904789822,0.0,0.0,0.0,0.0,10.178964110137516,288.15,101325.0,1.2250122659906946,340.29228686527705
38.25,-1.1753448659225059,-1.6758276486458776,4.837755042622072,-8.540366582457734,0.0,0.0,0.0,0.0,9.957416006331263,288.15,101325.0,1.2250122659906946,340.29228686527705
38.3,-1.211511716950822,-2.0161523089711206,4.680539542733433,-10.393229928796174,0.0,0.0,0.0,0.0,11.575471864977487,288.15,101325.0,1.2250122659906946,340.29228686527705
38.35,-1.4754177171996243,-1.295213544988918,4.946664250628463,-9.102909692676322,0.0,0.0,0.0,0.0,10.440786857731986,288.15,101325.0,1.2250122659906946,340.29228686527705
38.4,-1.6043986045483134,0.10678651147114371,6.128694080409165,-7.622970907665588,0.0,0.0,0.0,0.0,9.781716615675924,288.15,101325.0,1.2250122659906946,340.29228686527705
38.45,-1.452498377735239,-0.4428724093546798,5.532427415461132,-8.305824372972982,0.0,0.0,0.0,0.0,9.989524893256215,288.15,101325.0,1.2250122659906946,340.29228686527705
38.5,-1.3603112809170332,-1.4793860366262286,4.946145405642048,-8.69092373282911,0.0,0.0,0.0,0.0,10.108664241578651,288.15,101325.0,1.2250122659906946,340.29228686527705
38.55,-1.5793391719008212,-1.0430960176681638,5.251830622785716,-8.550778300420285,0.0,0.0,0.0,0.0,10.088884167014873,288.15,101325.0,1.2250122659906946,340.29228686527705
38.6,-1.375732068799591,-1.842145026182815,4.487527039637914,-9.138642493993107,0.0,0.0,0.0,0.0,10.3463125731822,288.15,101325.0,1.2250122659906946,340.29228686527705
38.65,-1.3167450407564485,-0.518750647796044,5.788046093716459,-8.043298025755215,0.0,0.0,0.0,0.0,9.922964423431786,288.15,101325.0,1.2250122659906946,340.29228686527705
38.7,-1.3773613463824201,-0.9591387659773448,5.312549387399119,-8.419821498978575,0.0,0.0,0.0,0.0,10.001825945327038,288.15,101325.0,1.2250122659906946,340.29228686527705
38.75,-1.7995870483395422,-1.3355732331523336,5.034039228638481,-8.860458686229352,0.0,0.0,0.0,0.0,10.277793291702322,288.15,101325.0,1.2250122659906946,340.29228686527705
38.8,-1.8642177306366043,-0.4605622628935778,5.674813384847411,-7.720795832494595,0.0,0.0,0.0,0.0,9.593034600058049,288.15,101325.0,1.2250122659906946,340.29228686527705
38.85,-1.4376987510483747,-1.6953546352960864,4.550034340365546,-9.112810836349169,0.0,0.0,0.0,0.0,10.325713591660795,288.15,101325.0,1.2250122659906946,340.29228686527705
38.9,-1.9660840411111085,-1.775241871026414,4.589113252625882,-9.374360540534141,0.0,0.0,0.0,0.0,10.587260254192083,288.15,101325.0,1.2250122659906946,340.29228686527705
38.95,-2.0981815840646143,-0.6762727208091227,5.504101285681192,-8.123675002508946,0.0,0.0,0.0,0.0,9.835983494411561,288.15,101325.0,1.2250122659906946,340.29228686527705
39.0,-1.2411421109782954,-0.7782108225483328,5.5083919840106015,-8.18515203502983,0.0,0.0,0.0,0.0,9.896701883475957,288.15,101325.0,1.2250122659906946,340.29228686527705
39.05,-1.8443975526965453,-1.402030241415983,4.8541481590527855,-8.960839211862641,0.0,0.0,0.0,0.0,10.287131890314987,288.15,101325.0,1.2250122659906946,340.29228686527705
39.1,-1.7370878231842626,-0.4525435030553203,5.908718138431065,-7.987415591372507,0.0,0.0,0.0,0.0,9.945680142196535,288.15,101325.0,1.2250122659906946,340.29228686527705
39.15,-1.7247291697237883,-1.1921913035845781,5.003797034458903,-8.700861832217573,0.0,0.0,0.0,0.0,10.107635801202125,288.15,101325.0,1.2250122659906946,340.29228686527705
39.2,-1.7475162925594936,-0.518689255667044,5.825082091366308,-8.035826568464648,0.0,0.0,0.0,0.0,9.938567731496487,288.15,101325.0,1.2250122659906946,340.29228686527705
39.25,-1.1961360485368808,-2.330721306414924,3.926488896004016,-9.890610938951308,0.0,0.0,0.0,0.0,10.893748739727872,288.15,101325.0,1.2250122659906946,340.29228686527705
39.3,-1.5587511504503677,-1.705916546294035,4.54495176343139,-9.228390607249619,0.0,0.0,0.0,0.0,10.427364527761119,288.15,101325.0,1.2250122659906946,340.29228686527705
39.35,-1.4853600860298315,-0.8169709283687974,5.459667828825451,-8.309800276386724,0.0,0.0,0.0,0.0,9.976381855780595,288.15,101325.0,1.2250122659906946,340.29228686527705
39.4,-2.0363918579180087,-1.2483751817578628,5.030650149121267,-8.716061182816532,0.0,0.0,0.0,0.0,10.140789124120662,288.15,101325.0,1.2250122659906946,340.29228686527705
39.45,-1.5906930853610741,0.20430097183059437,6.509063758525993,-7.368558908802097,0.0,0.0,0.0,0.0,9.833885818542647,288.15,101325.0,1.2250122659906946,340.29228686527705
39.5,-1.5453403219502424,-0.3619723910060638,5.896490432526359,-7.893034696719435,0.0,0.0,0.0,0.0,9.858986771283467,288.15,101325.0,1.2250122659906946,340.29228686527705
39.55,-1.933500757094351,-0.5532196645232761,5.726867093287917,-8.059220257370223,0.0,0.0,0.0,0.0,9.902226510144363,288.15,101325.0,1.2250122659906946,340.29228686527705
39.6,-1.5208844549431606,-1.312881935611661,5.004394659112773,-8.768342953759987,0.0,0.0,0.0,0.0,10.180936255362976,288.15,101325.0,1.2250122659906946,340.29228686527705
39.65,-1.9072772924877914,-0.010192015938101928,6.242773449463554,-7.529937267860445,0.0,0.0,0.0,0.0,9.781220755939904,288.15,101325.0,1.2250122659906946,340.29228686527705
39.7,-1.997744232245704,-1.2382737958461645,4.977200721717813,-8.812148024366877,0.0,0.0,0.0,0.0,10.196067958831025,288.15,101325.0,1.2250122659906946,340.29228686527705
39.75,-1.684199027081823,-0.9671699039231977,5.281685231398991,-8.520292843147457,0.0,0.0,0.0,0.0,10.07109758862572,288.15,101325.0,1.2250122659906946,340.29228686527705
39.8,-1.6405245872246046,-1.25866379398417,4.930544077772716,-8.770395287326862,0.0,0.0,0.0,0.0,10.13974027996336,288.15,101325.0,1.2250122659906946,340.29228686527705
39.85,-1.1541619150132958,-1.472001166966676,4.922840350403337,-8.838526713896366,0.0,0.0,0.0,0.0,10.22353652232779,288.15,101325.0,1.2250122659906946,340.29228686527705
39.9,-1.835519740566645,-0.7237501076846633,5.574463275561168,-8.249532838436181,0.0,0.0,0.0,0.0,9.982647298256643,288.15,101325.0,1.2250122659906946,340.29228686527705
39.95,-1.2325759404383123,-0.770255062205121,5.489614712075627,-8.259563578396447,0.0,0.0,0.0,0.0,9.947338993593357,288.15,101325.0,1.2250122659906946,340.29228686527705
40.0,-1.582509402456439,-1.0576079548566488,5.222708343256405,-8.50163685328927,0.0,0.0,0.0,0.0,10.033595876359701,288.15,101325.0,1.2250122659906946,340.29228686527705
40.05,-1.5365956351009222,-0.38749768860263234,5.955969025257512,-7.923888595263217,0.0,0.0,0.0,0.0,9.920268744275116,288.15,101325.0,1.2250122659906946,340.29228686527705
40.1,-1.3899007249656217,-1.0816475548494549,5.24333760169579,-8.536293733538423,0.0,0.0,0.0,0.0,10.076252346161052,288.15,101325.0,1.2250122659906946,340.29228686527705
40.15,-1.7282863346376351,-0.4282018551841048,5.7612433961579494,-8.003143860238408,0.0,0.0,0.0,0.0,9.870440412982008,288.15,101325.0,1.2250122659906946,340.29228686527705
40.2,-2.1297314820931037,-0.45040143721300396,5.8448064101569255,-7.943786907111666,0.0,0.0,0.0,0.0,9.872607246946156,288.15,101325.0,1.2250122659906946,340.29228686527705
40.25,-1.4484149199860537,-0.9903785395490086,5.3312306873345765,-8.546657737639174,0.0,0.0,0.0,0.0,10.121671244291859,288.15,101325.0,1.2250122659906946,340.29228686527705
40.3,-1.8323308604072224,-1.4581277946969855,4.814130613776765,-8.961832564281218,0.0,0.0,0.0,0.0,10.276985605827315,288.15,101325.0,1.2250122659906946,340.29228686527705
40.35,-1.3081999634491361,-1.2955890354234743,5.009286029776407,-8.811485816784183,0.0,0.0,0.0,0.0,10.21830611090759,288.15,101325.0,1.2250122659906946,340.29228686527705
40.4,-1.947218648036273,-0.9984893193904477,5.312730795307595,-8.509553286399115,0.0,0.0,0.0,0.0,10.081398045827397,288.15,101325.0,1.2250122659906946,340.29228686527705
40.45,-1.8370226706647916,-1.1707540881609864,4.989148741314555,-8.765637782103068,0.0,0.0,0.0,0.0,10.15375182013718,288.15,101325.0,1.2250122659906946,340.29228686527705
40.5,-1.5521666008647583,-1.1979156362363137,5.0977812240522065,-8.628425425654148,0.0,0.0,0.0,0.0,10.093170988639478,288.15,101325.0,1.2250122659906946,340.29228686527705
40.55,-1.5764743800321908,-1.302169518426333,4.907927069569984,-8.841461149166545,0.0,0.0,0.0,0.0,10.195824087691877,288.15,101325.0,1.2250122659906946,340.29228686527705
40.6,-1.6402698427265354,-1.0457163702110326,5.191944817111509,-8.548927866445643,0.0,0.0,0.0,0.0,10.056539234575146,288.15,101325.0,1.2250122659906946,340.29228686527705
40.65,-1.7463151339801857,-0.8687884072971637,5.465151504991871,-8.3891924180768,0.0,0.0,0.0,0.0,10.049936502122096,288.15,101325.0,1.2250122659906946,340.29228686527705
40.7,-1.7978369248542525,-1.911142961282715,4.251114687618839,-9.539965804039072,0.0,0.0,0.0,0.0,10.617692359829604,288.15,101325.0,1.2250122659906946,340.29228686527705
40.75,-1.3069969779383124,-2.3795018648049076,3.8603464918099406,-9.872630432084184,0.0,0.0,0.0,0.0,10.864305583421064,288.15,101325.0,1.2250122659906946,340.29228686527705
40.8,-1.3974759020015532,-0.760658060396043,5.505416519874192,-8.362752012421419,0.0,0.0,0.0,0.0,10.041107158247423,288.15,101325.0,1.2250122659906946,340.29228686527705
40.85,-1.5617407629125253,-1.1547919294913076,5.055145848670837,-8.788772945531457,0.0,0.0,0.0,0.0,10.204438928224224,288.15,101325.0,1.2250122659906946,340.29228686527705
40.9,-1.9408076367717206,-1.5161787218032654,4.754880035669611,-9.042465093191586,0.0,0.0,0.0,0.0,10.328303686068043,288.15,101325.0,1.2250122659906946,340.29228686527705
40.95,-1.6727603610525963,-1.8462331194679193,4.44048861811746,-9.394039367212855,0.0,0.0,0.0,0.0,10.553411369400695,288.15,101325.0,1.2250122659906946,340.29228686527705
41.0,-1.6756276148037124,-1.474513201686035,4.749105050470018,-9.132876074252058,0.0,0.0,0.0,0.0,10.398923663052436,288.15,101325.0,1.2250122659906946,340.29228686527705
41.05,-1.5585718779131097,-0.9879741302261993,5.182191130490164,-8.51459560901867,0.0,0.0,0.0,0.0,10.016463257060705,288.15,101325.0,1.2250122659906946,340.29228686527705
41.1,-1.3135765365911598,-0.5257618243218911,5.705505285247426,-8.052204825653309,0.0,0.0,0.0,0.0,9.88267264509834,288.15,101325.0,1.2250122659906946,340.29228686527705
41.15,-1.25961995277782,-0.9965279440402132,5.28395707569065,-8.468137196179459,0.0,0.0,0.0,0.0,10.031082588350692,288.15,101325.0,1.2250122659906946,340.29228686527705
41.2,-1.5362520322045077,-0.8837059783997359,5.357204468792405,-8.376468222232084,0.0,0.0,0.0,0.0,9.982274082330774,288.15,101325.0,1.2250122659906946,340.29228686527705
41.25,-1.2657874883954923,-1.1820202248793286,5.113691209535674,-8.745235613293254,0.0,0.0,0.0,0.0,10.199321326956948,288.15,101325.0,1.2250122659906946,340.29228686527705
41.3,-1.3866813204472448,-0.2907337537091189,5.955062847790299,-7.927971448218322,0.0,0.0,0.0,0.0,9.919678972650427,288.15,101325.0,1.2250122659906946,340.29228686527705
41.35,-1.2340962855297095,-0.5057092129106168,5.759174642713117,-8.020188375453364,0.0,0.0,0.0,0.0,9.886721193148398,288.15,101325.0,1.2250122659906946,340.29228686527705
41.4,-1.5993307314958773,-0.2676435777439975,5.947655006529634,-7.915114292482751,0.0,0.0,0.0,0.0,9.904305499350741,288.15,101325.0,1.2250122659906946,340.29228686527705
41.45,-1.8437526743190638,-2.0117474650074,4.325292524593935,-9.421312073083511,0.0,0.0,0.0,0.0,10.560132786319546,288.15,101325.0,1.2250122659906946,340.29228686527705
41.5,-1.898760559222898,-0.709299385411527,5.472557518941707,-8.340385135482986,0.0,0.0,0.0,0.0,10.000700756669811,288.15,101325.0,1.2250122659906946,340.29228686527705
41.55,-1.6330374451210208,-0.5918837212976983,5.898446488428645,-7.73552411782992,0.0,0.0,0.0,0.0,9.745785278463803,288.15,101325.0,1.2250122659906946,340.29228686527705
41.6,-1.0101280647562803,-2.4398304051052273,4.646868527102834,-8.690414295715359,0.0,0.0,0.0,0.0,10.152313044081565,288.15,101325.0,1.2250122659906946,340.29228686527705
41.65,-1.2806154501105524,0.2564336890935007,5.372063631584766,-9.156666131509308,0.0,0.0,0.0,0.0,10.619291904012595,288.15,101325.0,1.2250122659906946,340.29228686527705
41.7,-1.4429354302969417,-0.29683724481208446,5.02504470561874,-7.9968313597707175,0.0,0.0,0.0,0.0,9.449259147678559,288.15,101325.0,1.2250122659906946,340.29228686527705
41.75,-1.5812856766681032,1.453529567852543,3.3629168257310216,-7.606952931648503,0.0,0.0,0.0,0.0,8.443203816426687,288.15,101325.0,1.2250122659906946,340.29228686527705
41.8,-1.7183422448176615,-2.8784358994098076,3.909185954572357,-10.546805230755544,0.0,0.0,0.0,0.0,11.610436194645292,288.15,101325.0,1.2250122659906946,340.29228686527705
41.85,-1.6875189156133716,-2.295091509630286,1.7651378241874318,-13.721491590324026,0.0,0.0,0.0,0.0,14.023640327649849,288.15,101325.0,1.2250122659906946,340.29228686527705
41.9,-2.093680531652303,-3.86553811293075,-0.6178371015871954,-5.977169285477365,0.0,0.0,0.0,0.0,7.144974475382812,288.15,101325.0,1.2250122659906946,340.29228686527705
41.95,-1.8147784445236288,-1.2162531897352533,2.6014701098222788,-2.222363990777697,0.0,0.0,0.0,0.0,3.631228478262596,288.15,101325.0,1.2250122659906946,340.29228686527705
42.0,-1.798504340864845,-1.3901864028051636,-0.9524033217326286,-3.1593736704485966,0.0,0.0,0.0,0.0,3.5806888040313614,288.15,101325.0,1.2250122659906946,340.29228686527705
42.05,-1.8202378365702914,4.160758685232112,-0.24284271388657197,-8.97006634937696,0.0,0.0,0.0,0.0,9.891055339681765,288.15,101325.0,1.2250122659906946,340.29228686527705
42.1,-1.5900970623584705,6.966229459045829,-3.209529967277091,-6.5379499824099945,0.0,0.0,0.0,0.0,10.078403914282385,288.15,101325.0,1.2250122659906946,340.29228686527705
42.15,-1.7466991687824678,4.351010341555838,-3.895569913996276,-6.548204175381955,0.0,0.0,0.0,0.0,8.77415146151743,288.15,101325.0,1.2250122659906946,340.29228686527705
42.2,-1.7352903000337918,8.268757028809807,0.9048633260579585,-10.927398783729346,0.0,0.0,0.0,0.0,13.733141105332964,288.15,101325.0,1.2250122659906946,340.29228686527705
42.25,-1.7813033399604141,4.528953357888346,1.3253398085402142,-8.605441180857841,0.0,0.0,0.0,0.0,9.814354896947306,288.15,101325.0,1.2250122659906946,340.29228686527705
42.3,-1.516684219025313,5.076221177543742,-3.046032756231106,-10.404690537134325,0.0,0.0,0.0,0.0,11.970961622564372,288.15,101325.0,1.2250122659906946,340.29228686527705
42.35,-1.4631082172548904,2.4188681208732508,-0.3808173807432015,-8.590121875306602,0.0,0.0,0.0,0.0,8.932308699114357,288.15,101325.0,1.2250122659906946,340.29228686527705
42.4,-1.454833967380265,3.372336808155347,-0.47238105986089035,-13.394425755897858,0.0,0.0,0.0,0.0,13.820507977046814,288.15,101325.0,1.2250122659906946,340.29228686527705
42.45,-1.8701961350923146,-3.156671576434566,-6.943598849700699,-16.466034026585827,0.0,0.0,0.0,0.0,18.14685694525961,288.15,101325.0,1.2250122659906946,340.29228686527705
42.5,-1.7205523078790383,-16.902063241916494,-1.1064047518169646,-1.0357031662954632,0.0,0.0,0.0,0.0,16.969871960544143,288.15,101325.0,1.2250122659906946,340.29228686527705
42.55,-1.773782009465839,-15.315973871645058,-1.9591455454546851,-5.561306066323751,0.0,0.0,0.0,0.0,16.411746770789467,288.15,101325.0,1.2250122659906946,340.29228686527705
42.6,-1.382167520616288,-14.924773443013539,-4.386133804281021,-2.4832371249373955,0.0,0.0,0.0,0.0,15.752888582511027,288.15,101325.0,1.2250122659906946,340.29228686527705
42.65,-1.577046953712076,-13.806779812038632,-0.8048050242659323,-6.358097796696362,0.0,0.0,0.0,0.0,15.221704487262796,288.15,101325.0,1.2250122659906946,340.29228686527705
42.7,-1.4661743411254118,-11.82603146292859,-0.6742079014336869,-7.836974308317879,0.0,0.0,0.0,0.0,14.20308919797968,288.15,101325.0,1.2250122659906946,340.29228686527705
42.75,-1.149646225903724,-10.927309785878508,-2.9914735405119113,-5.295076864410936,0.0,0.0,0.0,0.0,12.5057127785728,288.15,101325.0,1.2250122659906946,340.29228686527705
42.8,-1.0292646014940656,-1.5960607773407012,3.6320831063877432,-2.360787928572773,0.0,0.0,0.0,0.0,4.616574199595147,288.15,101325.0,1.2250122659906946,340.29228686527705
42.85,-1.1640467545026545,-2.9310688981472746,-0.6014707916600828,-4.812543075683196,0.0,0.0,0.0,0.0,5.666877698893171,288.15,101325.0,1.2250122659906946,340.29228686527705
42.9,-1.063313654276429,-0.44929916440500917,-4.2791334648946115,-4.556984861228555,0.0,0.0,0.0,0.0,6.267293193634891,288.15,101325.0,1.2250122659906946,340.29228686527705
42.95,-0.768887298812834,-6.429280727754105,2.5777328157905646,1.81968401311787,0.0,0.0,0.0,0.0,7.161815904745853,288.15,101325.0,1.2250122659906946,340.29228686527705
43.0,-0.78508960002988,-16.59335665886213,2.289333632075424,-6.474474915177086,0.0,0.0,0.0,0.0,17.958267152328848,288.15,101325.0,1.2250122659906946,340.29228686527705
43.05,-0.8337894994401785,-15.52555586919509,-7.427582748582331,-6.858700983604446,0.0,0.0,0.0,0.0,18.52710581059634,288.15,101325.0,1.2250122659906946,340.29228686527705
43.1,-0.4892236555703409,-4.913068701152641,0.18967877013068535,0.16310976685671197,0.0,0.0,0.0,0.0,4.919433594848907,288.15,101325.0,1.2250122659906946,340.29228686527705
43.15,-0.6314890296412515,-5.030440177723017,2.759985119695204,0.8407363103892991,0.0,0.0,0.0,0.0,5.799110603031808,288.15,101325.0,1.2250122659906946,340.29228686527705
43.2,-0.8408858888722057,-6.457805932644129,-0.8026117227879753,0.045629625218196246,0.0,0.0,0.0,0.0,6.5076512739964745,288.15,101325.0,1.2250122659906946,340.29228686527705
43.25,-0.8671032848474046,-12.02370773288487,-0.4928336918853549,-5.343043622490841,0.0,0.0,0.0,0.0,13.166645276817205,288.15,101325.0,1.2250122659906946,340.29228686527705
43.3,-0.7083908169092566,-8.70259341336994,8.784552846701676,2.960883571220112,0.0,0.0,0.0,0.0,12.71496489799502,288.15,101325.0,1.2250122659906946,340.29228686527705
43.35,-0.9415195167048982,-8.842128886083634,7.075550967888202,-4.345613576561735,0.0,0.0,0.0,0.0,12.129757709620417,288.15,101325.0,1.2250122659906946,340.29228686527705
43.4,-0.7657563972953898,-8.175157554966614,-1.5223310825220495,-5.440510842619174,0.0,0.0,0.0,0.0,9.937295970333038,288.15,101325.0,1.2250122659906946,340.29228686527705
43.45,-0.9868312283121363,-12.376335366450558,-3.5679648181426193,-2.135385950010016,0.0,0.0,0.0,0.0,13.056183332117335,288.15,101325.0,1.2250122659906946,340.29228686527705
43.5,-0.9631809097298552,-12.499782314686684,-4.3648531286665,-5.975533360923116,0.0,0.0,0.0,0.0,14.525959510369317,288.15,101325.0,1.2250122659906946,340.29228686527705
43.55,-0.37128185232431254,-12.94072811599709,-0.26040598696625183,-1.15343348031264,0.0,0.0,0.0,0.0,12.994639827394662,288.15,101325.0,1.2250122659906946,340.29228686527705
43.6,-0.8273104839525701,-11.778723977540466,0.018535186460459208,-0.8990865358260021,0.0,0.0,0.0,0.0,11.813002949763765,288.15,101325.0,1.2250122659906946,340.29228686527705
43.65,-0.7712855940937964,-10.691538792286583,-2.3976322957849105,-5.21160158795408,0.0,0.0,0.0,0.0,12.13336035417745,288.15,101325.0,1.2250122659906946,340.29228686527705
43.7,-0.9621738111736045,-10.83322087811062,1.6530298281089162,-1.0891524681018319,0.0,0.0,0.0,0.0,11.012603475351408,288.15,101325.0,1.2250122659906946,340.29228686527705
43.75,-0.7627666249308053,-7.338004288047969,-0.6914980327844233,-5.599196661998111,0.0,0.0,0.0,0.0,9.256104997269958,288.15,101325.0,1.2250122659906946,340.29228686527705
43.8,-0.5797271827268557,-6.174046875369356,6.745813430645407,3.638265787054135,0.0,0.0,0.0,0.0,9.841840864268367,288.15,101325.0,1.2250122659906946,340.29228686527705
43.85,-0.4311667682278103,-11.304106011203032,8.155293141212407,-2.0842210667861276,0.0,0.0,0.0,0.0,14.093814117791457,288.15,101325.0,1.2250122659906946,340.29228686527705
43.9,-0.41495941087408666,-8.16814058644693,3.519234165929475,-7.264429745798914,0.0,0.0,0.0,0.0,11.483704510577368,288.15,101325.0,1.2250122659906946,340.29228686527705
43.95,-0.7966198629571591,-6.556099309885744,2.418128092195959,-2.8855340237537743,0.0,0.0,0.0,0.0,7.560164563922683,288.15,101325.0,1.2250122659906946,340.29228686527705
44.0,-0.6210547837489119,-6.924182724260728,-5.833003668694455,-6.754844566898681,0.0,0.0,0.0,0.0,11.295847171457053,288.15,101325.0,1.2250122659906946,340.29228686527705
44.05,-0.6232705436637656,-11.901938770288067,1.7910378244590754,-7.203946610349311,0.0,0.0,0.0,0.0,14.027145459611255,288.15,101325.0,1.2250122659906946,340.29228686527705
44.1,-0.6850497018460721,-10.697363781839893,4.786590465085244,-5.671623835805051,0.0,0.0,0.0,0.0,13.019691129068189,288.15,101325.0,1.2250122659906946,340.29228686527705
44.15,-0.8938747569531418,-8.06363852389646,5.470681221211917,-4.159192085440085,0.0,0.0,0.0,0.0,10.594786362724603,288.15,101325.0,1.2250122659906946,340.29228686527705
44.2,-0.8548619949005922,-10.763876582820771,1.785264968988994,-0.8924348068852836,0.0,0.0,0.0,0.0,10.947358128070762,288.15,101325.0,1.2250122659906946,340.29228686527705
44.25,-0.44260680135053443,-11.172927737662816,-0.8934302269857064,1.0661794424381408,0.0,0.0,0.0,0.0,11.259186045403307,288.15,101325.0,1.2250122659906946,340.29228686527705
44.3,-0.6552485745312138,-10.856921074973522,-3.994299698126922,-2.2830113104989223,0.0,0.0,0.0,0.0,11.791492948330463,288.15,101325.0,1.2250122659906946,340.29228686527705
44.35,-0.652176700785959,-8.77257863702517,-3.235291311061765,-1.8011603520160369,0.0,0.0,0.0,0.0,9.522049381509039,288.15,101325.0,1.2250122659906946,340.29228686527705
44.4,-0.9737312693951847,-12.38950051007733,-4.052400720379019,-3.4686432991004237,0.0,0.0,0.0,0.0,13.489001476170468,288.15,101325.0,1.2250122659906946,340.29228686527705
44.45,-1.0397864048887522,-11.82734700446404,-2.057152909656062,-2.591974323005516,0.0,0.0,0.0,0.0,12.28154494144897,288.15,101325.0,1.2250122659906946,340.29228686527705
44.5,-1.1141331763621398,-12.43968234896123,-1.8135492518072036,-2.540287218749192,0.0,0.0,0.0,0.0,12.825276487683551,288.15,101325.0,1.2250122659906946,340.29228686527705
44.55,-0.8209398330184603,-10.083930749888248,-1.884820756195788,-1.18394176172498,0.0,0.0,0.0,0.0,10.326660967935602,288.15,101325.0,1.2250122659906946,340.29228686527705
44.6,-0.6758512409238843,-9.121852608329208,-1.5466966528476316,-1.44878247826107,0.0,0.0,0.0,0.0,9.36479771342279,288.15,101325.0,1.2250122659906946,340.29228686527705
44.65,-0.7762850852601646,-8.432131623231477,-1.31112828103861,-1.429210198809783,0.0,0.0,0.0,0.0,8.652314307352771,288.15,101325.0,1.2250122659906946,340.29228686527705
44.7,-0.7274725562443152,-9.721670813482305,-2.0437372200254638,-4.628204379471335,0.0,0.0,0.0,0.0,10.959380502947635,288.15,101325.0,1.2250122659906946,340.29228686527705
44.75,-0.8616682938736253,-9.27523516726536,-0.8568908938425974,-3.283541876712177,0.0,0.0,0.0,0.0,9.876532623757639,288.15,101325.0,1.2250122659906946,340.29228686527705
44.8,-0.5940876336033882,-9.754813674605872,-0.846649216743889,-1.385937989438027,0.0,0.0,0.0,0.0,9.889086349762463,288.15,101325.0,1.2250122659906946,340.29228686527705
44.85,-0.13574569310445378,-9.981404632575174,-1.7552050466243394,-1.320068214933907,0.0,0.0,0.0,0.0,10.220164543047607,288.15,101325.0,1.2250122659906946,340.29228686527705
44.9,-0.5419462502621257,-8.688389224231866,-2.464663509697556,-2.9001250467525375,0.0,0.0,0.0,0.0,9.485430871319684,288.15,101325.0,1.2250122659906946,340.29228686527705
44.95,-0.5965719753084084,-9.341000884750496,-2.1538597601272365,-2.724812461954621,0.0,0.0,0.0,0.0,9.965842279909316,288.15,101325.0,1.2250122659906946,340.29228686527705
45.0,-0.8027071092442641,-9.248879191064544,-1.0422456207614308,-3.6806487780970203,0.0,0.0,0.0,0.0,10.008757048335733,288.15,101325.0,1.2250122659906946,340.29228686527705
45.05,-0.7534863573024397,-9.206890728716004,-1.0286585093898408,-1.5400008847186084,0.0,0.0,0.0,0.0,9.391303314470838,288.15,101325.0,1.2250122659906946,340.29228686527705
45.1,-0.9248144232892325,-7.9096283270107755,0.6443652620404384,-4.931266774607066,0.0,0.0,0.0,0.0,9.343169636944376,288.15,101325.0,1.2250122659906946,340.29228686527705
45.15,-0.4190981993501204,-7.629796538560681,7.3204440391592405,-5.609664720586267,0.0,0.0,0.0,0.0,11.969587897153552,288.15,101325.0,1.2250122659906946,340.29228686527705
45.2,-0.8934664645874393,-11.692285468061058,1.329264287172216,-9.24489321109396,0.0,0.0,0.0,0.0,14.96477642653957,288.15,101325.0,1.2250122659906946,340.29228686527705
45.25,-0.8616661688485423,-18.98093920778885,10.657147091691106,19.018441372908974,0.0,0.0,0.0,0.0,28.905915477605824,288.15,101325.0,1.2250122659906946,340.29228686527705
45.3,-0.6011094368218712,-11.110344765459656,-1.0294780373347603,1.2164983539276397,0.0,0.0,0.0,0.0,11.224056935076554,288.15,101325.0,1.2250122659906946,340.29228686527705
45.35,-0.9369302342993187,-9.893464919452356,-2.0587499679925014,-5.262889223510761,0.0,0.0,0.0,0.0,11.393730842971904,288.15,101325.0,1.2250122659906946,340.29228686527705
45.4,-0.36644383530904373,-9.00472723048687,-2.511874131174873,-1.568447586786777,0.0,0.0,0.0,0.0,9.479169371776965,288.15,101325.0,1.2250122659906946,340.29228686527705
45.45,-0.3630324826873131,-9.520529318058019,-3.7815750109172788,-3.5621191809531307,0.0,0.0,0.0,0.0,10.845712568499614,288.15,101325.0,1.2250122659906946,340.29228686527705
45.5,-0.685482073481976,-10.232111853383715,-4.35071732183021,-2.269202367396001,0.0,0.0,0.0,0.0,11.347869120624567,288.15,101325.0,1.2250122659906946,340.29228686527705
45.55,-0.47255691591562865,-10.317698675007774,-3.822165584136512,-4.774776811554682,0.0,0.0,0.0,0.0,11.9942631829127,288.15,101325.0,1.2250122659906946,340.29228686527705
45.6,-0.45048125726791266,-11.054341687605934,-2.905970658635374,-2.330642216702399,0.0,0.0,0.0,0.0,11.66512017758358,288.15,101325.0,1.2250122659906946,340.29228686527705
45.65,-0.5030430271196996,-11.105575131959462,-1.6842853430987024,-1.5975499018202024,0.0,0.0,0.0,0.0,11.345606278087535,288.15,101325.0,1.2250122659906946,340.29228686527705
45.7,-0.7865031358015758,-10.160887591976989,-1.870784201413193,-2.3668135418973306,0.0,0.0,0.0,0.0,10.599305473810901,288.15,101325.0,1.2250122659906946,340.29228686527705
45.75,-0.5369039010715552,-7.370452978447196,-2.890920226523624,-2.2717801021400827,0.0,0.0,0.0,0.0,8.236624411499177,288.15,101325.0,1.2250122659906946,340.29228686527705
45.8,-0.8947500349746714,-7.425887024045725,-2.451712338746766,-1.478836491927131,0.0,0.0,0.0,0.0,7.95874668875126,288.15,101325.0,1.2250122659906946,340.29228686527705
45.85,-0.7031707844567097,-10.62582814232025,-3.3666015464757573,-2.282105814981313,0.0,0.0,0.0,0.0,11.377619989858578,288.15,101325.0,1.2250122659906946,340.29228686527705
45.9,-0.8620687639441489,-9.574175141081653,-1.2940300009658792,-0.9023831247621574,0.0,0.0,0.0,0.0,9.703279784658442,288.15,101325.0,1.2250122659906946,340.29228686527705
45.95,-0.7044243009812122,-10.69859779550666,-2.772884287499358,-2.1893775207355057,0.0,0.0,0.0,0.0,11.2668654021508,288.15,101325.0,1.2250122659906946,340.29228686527705
46.0,-0.6131377054243132,-10.179497227500686,-3.039867851607877,-2.1657933977885864,0.0,0.0,0.0,0.0,10.842214783052302,288.15,101325.0,1.2250122659906946,340.29228686527705
46.05,-0.4722814814024846,-9.144046761562693,-2.1927536519075352,-1.1384294815537073,0.0,0.0,0.0,0.0,9.471947077558534,288.15,101325.0,1.2250122659906946,340.29228686527705
46.1,-0.07287778336142359,-8.795337840657204,-2.6581720840075778,-1.725887879036263,0.0,0.0,0.0,0.0,9.348932320350704,288.15,101325.0,1.2250122659906946,340.29228686527705
46.15,-0.5295554108039655,-10.030292799778852,-2.844316151126224,-2.565301029745084,0.0,0.0,0.0,0.0,10.736744263977986,288.15,101325.0,1.2250122659906946,340.29228686527705
46.2,-0.47242200178302896,-9.684603729889972,-3.491934895100358,-2.794503242776425,0.0,0.0,0.0,0.0,10.667446137220766,288.15,101325.0,1.2250122659906946,340.29228686527705
46.25,-0.6419081667794991,-9.224608933802953,-2.707302055567508,-1.5584301677648924,0.0,0.0,0.0,0.0,9.739178558250025,288.15,101325.0,1.2250122659906946,340.29228686527705
46.3,-0.24937560505641954,-9.248456867889761,-2.8419449405072585,-1.4985221678238654,0.0,0.0,0.0,0.0,9.790616638881927,288.15,101325.0,1.2250122659906946,340.29228686527705
46.35,-0.4588304822831997,-8.845665806407919,-2.0172240737724025,-0.971642862400817,0.0,0.0,0.0,0.0,9.124641712117556,288.15,101325.0,1.2250122659906946,340.29228686527705
46.4,-0.6057367697163976,-10.115235331208709,-3.0050731356843148,-2.1721635436597566,0.0,0.0,0.0,0.0,10.773427719020026,288.15,101325.0,1.2250122659906946,340.29228686527705
46.45,-1.0784043192673258,-9.815712389222238,-3.466191458521213,-2.636319815210584,0.0,0.0,0.0,0.0,10.738383263002317,288.15,101325.0,1.2250122659906946,340.29228686527705
46.5,-0.6501967632119968,-9.320912422626181,-3.177555221769972,-2.399063689770624,0.0,0.0,0.0,0.0,10.135668313694984,288.15,101325.0,1.2250122659906946,340.29228686527705
46.55,-0.49737884174610364,-8.276986539266904,-1.4438330881738997,-0.91602002297498,0.0,0.0,0.0,0.0,8.45176033972819,288.15,101325.0,1.2250122659906946,340.29228686527705
46.6,-0.7264133422017207,-9.622116560285544,-3.0412593035742743,-3.024497266663333,0.0,0.0,0.0,0.0,10.534798003158503,288.15,101325.0,1.2250122659906946,340.29228686527705
46.65,-0.6665274205617352,-15.524181302201953,-4.932393523757348,-4.630087364523655,0.0,0.0,0.0,0.0,16.93417904653077,288.15,101325.0,1.2250122659906946,340.29228686527705
46.7,-0.859744215226153,-8.717358820792535,-2.3172817729216493,-1.2552721274811145,0.0,0.0,0.0,0.0,9.107021891902713,288.15,101325.0,1.2250122659906946,340.29228686527705
46.75,-0.9382568447836159,-9.791781713693059,-1.5710746294495552,-1.8167222799657154,0.0,0.0,0.0,0.0,10.082050608008158,288.15,101325.0,1.2250122659906946,340.29228686527705
46.8,-0.8385411330304272,-10.185801049200508,-3.098909586881726,-1.7351518548521376,0.0,0.0,0.0,0.0,10.78723948009677,288.15,101325.0,1.2250122659906946,340.29228686527705
46.85,-0.5324634460410324,-10.453218147043884,-3.162512602333384,-2.24003417831223,0.0,0.0,0.0,0.0,11.14849804725336,288.15,101325.0,1.2250122659906946,340.29228686527705
46.9,-0.6993155595446328,-9.116379794670332,-2.747160801497197,-1.3788593317388411,0.0,0.0,0.0,0.0,9.620630233341238,288.15,101325.0,1.2250122659906946,340.29228686527705
46.95,-0.665776051698163,-10.318689663863797,-2.8676844856940114,-1.8236201218874892,0.0,0.0,0.0,0.0,10.863910945767763,288.15,101325.0,1.2250122659906946,340.29228686527705
47.0,-0.5552004498632104,-10.282895482635885,-3.0128492712302455,-2.8669864150158224,0.0,0.0,0.0,0.0,11.092105811875912,288.15,101325.0,1.2250122659906946,340.29228686527705
47.05,-1.0287572633618287,-9.792556615541212,-2.139097452486602,-2.1333341820640124,0.0,0.0,0.0,0.0,10.247976273985872,288.15,101325.0,1.2250122659906946,340.29228686527705
47.1,-0.6793440505300404,-8.386878662353029,-2.25320144057851,-0.820015874252153,0.0,0.0,0.0,0.0,8.72290527650525,288.15,101325.0,1.2250122659906946,340.29228686527705
47.15,-0.42470753400613204,-9.714030706891,-3.6361572321398397,-2.3642519530414186,0.0,0.0,0.0,0.0,10.638313742728416,288.15,101325.0,1.2250122659906946,340.29228686527705
47.2,-0.5768117252025508,-10.20275181832902,-2.7345234319250094,-2.3865914849000927,0.0,0.0,0.0,0.0,10.829108088017254,288.15,101325.0,1.2250122659906946,340.29228686527705
47.25,-0.40079430096694446,-10.582486063417905,-3.6776955727569693,-2.6999225630383887,0.0,0.0,0.0,0.0,11.524063426357657,288.15,101325.0,1.2250122659906946,340.29228686527705
47.3,-0.5728746458134091,-9.70457251647082,-2.651823405900195,-1.9728261168968246,0.0,0.0,0.0,0.0,10.251972395155535,288.15,101325.0,1.2250122659906946,340.29228686527705
47.35,-0.15369068868651575,-7.9960412933805705,-2.1791033017542256,-1.1063345569458263,0.0,0.0,0.0,0.0,8.36116880089476,288.15,101325.0,1.2250122659906946,340.29228686527705
47.4,-0.18201031485627384,-7.387804407240861,-2.5088699169588797,-1.203958893549104,0.0,0.0,0.0,0.0,7.894529703359455,288.15,101325.0,1.2250122659906946,340.29228686527705
47.45,-0.9789597713388803,-7.495431122831251,-2.266130335399694,-1.3414583017078239,0.0,0.0,0.0,0.0,7.944579585437288,288.15,101325.0,1.2250122659906946,340.29228686527705
47.5,-0.5425727811750976,-7.608113669358749,-1.3239975873284604,-0.4508825452063474,0.0,0.0,0.0,0.0,7.735609755326776,288.15,101325.0,1.2250122659906946,340.29228686527705
47.55,-0.31940436790858245,-9.178209128710863,-2.0709674977864805,-1.4675328388731512,0.0,0.0,0.0,0.0,9.522713994466624,288.15,101325.0,1.2250122659906946,340.29228686527705
47.6,-0.2899409031286978,-8.531683360496332,-1.9337119975087032,-0.829553148287882,0.0,0.0,0.0,0.0,8.787321632836335,288.15,101325.0,1.2250122659906946,340.29228686527705
47.65,-0.656693360342055,-10.017694855171037,-3.768974534727331,-2.3313904717738394,0.0,0.0,0.0,0.0,10.954212011213825,288.15,101325.0,1.2250122659906946,340.29228686527705
47.7,-0.6961081017308861,-8.927177052362735,-3.120804226225453,-1.3418698942473752,0.0,0.0,0.0,0.0,9.551676499743168,288.15,101325.0,1.2250122659906946,340.29228686527705
47.75,-0.33397822377874725,-10.30459777679696,-2.876456627685408,-2.3228604955262644,0.0,0.0,0.0,0.0,10.947804298314832,288.15,101325.0,1.2250122659906946,340.29228686527705
47.8,-0.6325041323206096,-10.91263908337622,-3.437083612263301,-2.9655099335056385,0.0,0.0,0.0,0.0,11.819199832790702,288.15,101325.0,1.2250122659906946,340.29228686527705
47.85,-0.49497847711637843,-10.071288435374695,-2.884060068425265,-2.5150582030177833,0.0,0.0,0.0,0.0,10.7737723658598,288.15,101325.0,1.2250122659906946,340.29228686527705
47.9,-0.5620251282781015,-9.495906683322055,-3.0194091547828985,-2.236199236388891,0.0,0.0,0.0,0.0,10.212231020064788,288.15,101325.0,1.2250122659906946,340.29228686527705
47.95,-0.8956602016196744,-8.59771717845923,-2.20115690508872,-1.449369326972839,0.0,0.0,0.0,0.0,8.992580488800886,288.15,101325.0,1.2250122659906946,340.29228686527705
48.0,-0.7350547860483676,-8.884057272528388,-2.7750831879519113,-2.1125336525204843,0.0,0.0,0.0,0.0,9.544126924692977,288.15,101325.0,1.2250122659906946,340.29228686527705
48.05,-0.5904948764813995,-9.246702029450802,-3.1370993342396374,-2.2065327226263363,0.0,0.0,0.0,0.0,10.010578270527489,288.15,101325.0,1.2250122659906946,340.29228686527705
48.1,-0.45699633034576037,-9.73434405113774,-3.0506090873725595,-1.7196781235080911,0.0,0.0,0.0,0.0,10.345093656335502,288.15,101325.0,1.2250122659906946,340.29228686527705
48.15,-0.7535733935024931,-10.113873122697267,-3.2167097569140592,-2.7789404004085445,0.0,0.0,0.0,0.0,10.970877856911319,288.15,101325.0,1.2250122659906946,340.29228686527705
48.2,-0.22853928736977713,-10.472660716148587,-3.4340909494672083,-2.678674587946433,0.0,0.0,0.0,0.0,11.342173542707076,288.15,101325.0,1.2250122659906946,340.29228686527705
48.25,-0.5375008523934401,-9.521183219957885,-2.8654442127283413,-2.4781950211548582,0.0,0.0,0.0,0.0,10.247202106289437,288.15,101325.0,1.2250122659906946,340.29228686527705
48.3,-0.32547788886000195,-10.13649570478197,-3.122445562939706,-3.6797207034101627,0.0,0.0,0.0,0.0,11.226689446212118,288.15,101325.0,1.2250122659906946,340.29228686527705
48.35,-0.6220363429922129,-8.790839280456181,-2.0504280291891197,-2.155824085502468,0.0,0.0,0.0,0.0,9.280662037016986,288.15,101325.0,1.2250122659906946,340.29228686527705
48.4,-0.720354709620099,-8.14395808644775,-2.4753285677948713,-1.6448295077236645,0.0,0.0,0.0,0.0,8.669300372108328,288.15,101325.0,1.2250122659906946,340.29228686527705
48.45,-0.7871547263098558,-9.846150698528179,-1.4903535108128143,-1.8262302666422876,0.0,0.0,0.0,0.0,10.124374259781163,288.15,101325.0,1.2250122659906946,340.29228686527705
48.5,-0.952867304001217,-10.121846686262211,-2.4711308484753025,-1.3164968926852305,0.0,0.0,0.0,0.0,10.501972770814703,288.15,101325.0,1.2250122659906946,340.29228686527705
48.55,-0.32421021070593053,-10.219159740724892,-3.3144193373689586,-2.048751352431834,0.0,0.0,0.0,0.0,10.93681779378577,288.15,101325.0,1.2250122659906946,340.29228686527705
48.6,-0.27095165299473023,-9.055361341495528,-2.8435440930228713,-1.0156777786037468,0.0,0.0,0.0,0.0,9.545517973581445,288.15,101325.0,1.2250122659906946,340.29228686527705
48.65,-0.7706569985442819,-8.566755767671902,-1.8222783625754027,-0.44064546982338615,0.0,0.0,0.0,0.0,8.76950233728951,288.15,101325.0,1.2250122659906946,340.29228686527705
48.7,-0.5722356582315073,-9.814954146611411,-3.1949521856418674,-2.3873797315998457,0.0,0.0,0.0,0.0,10.594367671148479,288.15,101325.0,1.2250122659906946,340.29228686527705
48.75,-0.7394499303211375,-8.922991457428076,-2.8524252870281943,-2.029060267312827,0.0,0.0,0.0,0.0,9.585050450352355,288.15,101325.0,1.2250122659906946,340.29228686527705
48.8,-1.094023460141699,-9.247860359319944,-3.1195460592451107,-2.1184961173641086,0.0,0.0,0.0,0.0,9.987117434000648,288.15,101325.0,1.2250122659906946,340.29228686527705
48.85,-0.8262652606805956,-10.238835824022658,-2.4423380409039366,-1.8332036638390414,0.0,0.0,0.0,0.0,10.684540692535599,288.15,101325.0,1.2250122659906946,340.29228686527705
48.9,-0.6256327276275805,-9.842529146208117,-1.315829512524053,-1.7269213115530029,0.0,0.0,0.0,0.0,10.079139076145418,288.15,101325.0,1.2250122659906946,340.29228686527705
48.95,-0.6064207623950915,-8.912723688660567,-1.2494006677693732,-1.1661033597312103,0.0,0.0,0.0,0.0,9.075100144054069,288.15,101325.0,1.2250122659906946,340.29228686527705
49.0,-0.661013181570061,-9.601074125332197,-2.1649324726527843,-1.8384095893032253,0.0,0.0,0.0,0.0,10.012357703823408,288.15,101325.0,1.2250122659906946,340.29228686527705
49.05,-0.7495500462742588,-8.329429262598216,-2.582882759458591,-2.2752315824072187,0.0,0.0,0.0,0.0,9.012621923908666,288.15,101325.0,1.2250122659906946,340.29228686527705
49.1,-0.3379354948326331,-7.048088361218364,-2.3830100528935674,-0.9969862324717289,0.0,0.0,0.0,0.0,7.506548341779444,288.15,101325.0,1.2250122659906946,340.29228686527705
49.15,-0.9597111825861495,-7.305159085989588,-2.3586291396775105,-1.0333836208560883,0.0,0.0,0.0,0.0,7.74573188265678,288.15,101325.0,1.2250122659906946,340.29228686527705
49.2,-0.8069381679460274,-10.05853311349118,-3.233550381759529,-2.4321754593585956,0.0,0.0,0.0,0.0,10.841836280431556,288.15,101325.0,1.2250122659906946,340.29228686527705
49.25,-0.8562693517833149,-10.270007262687812,-3.4930347758745772,-2.2909713213185237,0.0,0.0,0.0,0.0,11.08705960641655,288.15,101325.0,1.2250122659906946,340.29228686527705
49.3,-0.7292620186765388,-9.642560521921107,-2.625206425239937,-1.164210728337509,0.0,0.0,0.0,0.0,10.06111667828222,288.15,101325.0,1.2250122659906946,340.29228686527705
49.35,-0.8507657146345671,-9.744060909089434,-2.5737308134866996,-1.391163769244015,0.0,0.0,0.0,0.0,10.173797222924827,288.15,101325.0,1.2250122659906946,340.29228686527705
49.4,-0.7439687845966183,-8.029691371514971,-1.5537370293573665,-0.4346831259752306,0.0,0.0,0.0,0.0,8.190176536448153,288.15,101325.0,1.2250122659906946,340.29228686527705
49.45,-0.351827132667832,-8.537638675298345,-2.400016846384324,-0.9170052956634189,0.0,0.0,0.0,0.0,8.915842849958347,288.15,101325.0,1.2250122659906946,340.29228686527705
49.5,-0.8386182784426249,-9.649877570954724,-1.9626282058882092,-1.746291797716846,0.0,0.0,0.0,0.0,10.001079024372126,288.15,101325.0,1.2250122659906946,340.29228686527705
49.55,-0.3679993515714479,-8.480171189552541,-3.1217473738214245,-2.2646058550294628,0.0,0.0,0.0,0.0,9.315956727503174,288.15,101325.0,1.2250122659906946,340.29228686527705
49.6,-0.5453644005343566,-8.156260217456886,-3.0797817120203836,-1.5551427604326493,0.0,0.0,0.0,0.0,8.85596438192313,288.15,101325.0,1.2250122659906946,340.29228686527705
49.65,-0.909093378611199,-8.787206506079418,-1.8613815960955136,-0.9223175550728997,0.0,0.0,0.0,0.0,9.029419100870397,288.15,101325.0,1.2250122659906946,340.29228686527705
49.7,-0.6307097717287834,-8.994729755656254,-2.7025049008084303,-1.574213507497125,0.0,0.0,0.0,0.0,9.522964049253153,288.15,101325.0,1.2250122659906946,340.29228686527705
49.75,-0.42068086047459574,-9.678852931843243,-2.9269653896354217,-2.1010940874069206,0.0,0.0,0.0,0.0,10.327725636969182,288.15,101325.0,1.2250122659906946,340.29228686527705
49.8,-0.6287415085469032,-10.813445555175585,-4.014134842265959,-2.764592436449619,0.0,0.0,0.0,0.0,11.86114895978946,288.15,101325.0,1.2250122659906946,340.29228686527705
49.85,-0.7945448860677918,-9.162182833025769,-2.9403958006186057,-1.8484225568737143,0.0,0.0,0.0,0.0,9.798376787960708,288.15,101325.0,1.2250122659906946,340.29228686527705
49.9,-0.9566888177187121,-8.87339938310934,-2.8355034351881847,-1.4787611700031893,0.0,0.0,0.0,0.0,9.4320745830935,288.15,101325.0,1.2250122659906946,340.29228686527705
49.95,-0.2755301256430326,-11.231169193789503,-4.081449872408968,-3.8611816645355215,0.0,0.0,0.0,0.0,12.558109665354051,288.15,101325.0,1.2250122659906946,340.29228686527705
50.0,-0.8245372689328425,-8.200089384348797,-1.8744929962468864,-1.9642100263409543,0.0,0.0,0.0,0.0,8.637899682901324,288.15,101325.0,1.2250122659906946,340.29228686527705
50.05,-0.8289274886407589,-9.49283439486829,-2.2558920811712846,-1.1980842665123985,0.0,0.0,0.0,0.0,9.83048116014421,288.15,101325.0,1.2250122659906946,340.29228686527705
50.1,-0.5003526629832773,-6.35996452190797,-1.7004048325466135,-0.8863579204905769,0.0,0.0,0.0,0.0,6.642752116231068,288.15,101325.0,1.2250122659906946,340.29228686527705
