time,baro_altitude,accl_x,accl_y,accl_z,gps_altitude,gyro_roll,gyro_pitch,gyro_yaw,At,T,P,rho,a
0.0,-0.23149432370377737,-7.53342537299333,-2.292708277344455,0.09296998225808673,0.0,0.0,0.0,0.0,7.875128729936073,288.15,101325.0,1.2250122659906946,340.29228686527705
0.05,-0.2262241241216448,-10.420816577650301,-2.2599037377229085,1.2082244435545206,0.0,0.0,0.0,0.0,10.7312808813677,288.15,101325.0,1.2250122659906946,340.29228686527705
0.1,-0.16004804593680227,-9.714572093159646,-2.392011992151498,0.6859519433153931,0.0,0.0,0.0,0.0,10.028218305976937,288.15,101325.0,1.2250122659906946,340.29228686527705
0.15,-0.49736332737645167,-9.145266814700168,-1.5474061191783228,1.975573975122052,0.0,0.0,0.0,0.0,9.483314997452432,288.15,101325.0,1.2250122659906946,340.29228686527705
0.2,-0.3185877584868866,-9.409508299721098,-1.985214752755454,1.1426488816701583,0.0,0.0,0.0,0.0,9.684295045270988,288.15,101325.0,1.2250122659906946,340.29228686527705
0.25,0.034562810388256024,-9.665733196097829,-2.0057629620763056,1.2612226452278827,0.0,0.0,0.0,0.0,9.951892575737556,288.14977534173244,101324.58478843531,1.2250082011981536,340.2921542095586
0.3,0.017480404663110134,-9.009820689928752,-1.57491925459396,1.8042425708396599,0.0,0.0,0.0,0.0,9.32268903147526,288.1498863773697,101324.79000341582,1.2250102101896112,340.2922197736433
0.35,0.32661031386320744,-8.234945921905371,-0.6990805695982851,2.59431166625541,0.0,0.0,0.0,0.0,8.662188003106646,288.14787703295985,101321.0764047598,1.2249738550827238,340.29103329831594
0.4,-0.45923157656866265,-9.119279139950978,-1.6006596678362714,1.6652131143036053,0.0,0.0,0.0,0.0,9.40724710638726,288.15,101325.0,1.2250122659906946,340.29228686527705
0.45,0.2208636866115971,-9.403281823293236,-1.9090111538160617,1.4253707135095803,0.0,0.0,0.0,0.0,9.700397636416865,288.148564386037,101322.34673379391,1.2249862912822262,340.2914391662192
0.5,-0.40406514759407675,-9.206204304405382,-1.6600471705233912,1.5927280072040961,0.0,0.0,0.0,0.0,9.48929590684932,288.15,101325.0,1.2250122659906946,340.29228686527705
0.55,-0.2734331127743042,-9.784382719903048,-2.2656413546660503,1.0610861013980564,0.0,0.0,0.0,0.0,10.099167276171364,288.15,101325.0,1.2250122659906946,340.29228686527705
0.6,0.1393233395301788,-9.731889440872049,-2.1631683634802688,1.2217453944617813,0.0,0.0,0.0,0.0,10.043984830086481,288.149094398293,101323.32628278073,1.2249958807984562,340.29175212726216
0.65,0.3865567014069629,-9.219451155717051,-1.6435115628662482,1.6653992206342412,0.0,0.0,0.0,0.0,9.511727731280825,288.14748738144084,101320.35627748126,1.224966805205881,340.29080321686575
0.7,0.5206965927313119,-9.318365453466608,-1.7811635621905322,1.4897759474866883,0.0,0.0,0.0,0.0,9.603328107137914,288.14661547214723,101318.74488939116,1.2249510300605875,340.29028837125486
0.75,0.4133885698950067,-9.738547953910626,-2.2161434772488797,1.0149272167880992,0.0,0.0,0.0,0.0,10.038958383106626,288.1473129742957,101320.03395147069,1.2249636497068888,340.2907002328747
0.8,0.07657697528884673,-9.988305115037758,-2.5460751254598923,0.8043227551557611,0.0,0.0,0.0,0.0,10.33903635306678,288.1495022496606,101324.08006376671,1.2250032600957987,340.2919929546846
0.85,-0.2725317979227294,-8.71244370298742,-1.2216511999695658,2.1343684193510137,0.0,0.0,0.0,0.0,9.05287995511015,288.15,101325.0,1.2250122659906946,340.29228686527705
0.9,0.116035605198968,-9.867732280970024,-2.359765074354312,0.9926381473830315,0.0,0.0,0.0,0.0,10.194408372567793,288.1492457685662,101323.6060411111,1.2249986195526315,340.29184150815854
0.95,-0.06644576161122258,-9.597404775379442,-2.073656928689177,1.1210078088481004,0.0,0.0,0.0,0.0,9.882656018898723,288.15,101325.0,1.2250122659906946,340.29228686527705
1.0,0.07885401069256437,-10.149925939319084,-2.6571950637272868,0.6711599408187257,0.0,0.0,0.0,0.0,10.513426551154426,288.1494874489305,101324.05270933757,1.2250029923040497,340.2919842151761
1.05,-0.09187506004294332,-9.620042431706953,-2.1682781258928845,1.2171823568228473,0.0,0.0,0.0,0.0,9.93620547839207,288.15,101325.0,1.2250122659906946,340.29228686527705
1.1,-0.03820183304050197,-10.182888782859937,-2.723164212888571,0.7111247583306923,0.0,0.0,0.0,0.0,10.564683890981437,288.15,101325.0,1.2250122659906946,340.29228686527705
1.15,0.08798873003577784,-9.241305790051067,-1.6616464970644769,1.7343888458053107,0.0,0.0,0.0,0.0,9.548345744415201,288.14942807325474,101323.94297239823,1.225001918011819,340.29194915513193
1.2,-0.2608486324148783,-8.89900636864897,-1.4091408604583393,2.024413249737763,0.0,0.0,0.0,0.0,9.234513594098068,288.15,101325.0,1.2250122659906946,340.29228686527705
1.25,0.1603592249593135,-9.824811336782728,-2.3720644850553603,0.9650111135912579,0.0,0.0,0.0,0.0,10.153071169552097,288.14895766503776,101323.07357671754,1.2249934068770154,340.29167138919036
1.3,-0.13964414088009675,-9.596632118254632,-2.0793741072922467,1.1053019944369264,0.0,0.0,0.0,0.0,9.881337823903202,288.15,101325.0,1.2250122659906946,340.29228686527705
1.35,-0.0808744374767343,-9.652092740780782,-2.064121125157236,1.142329164586557,0.0,0.0,0.0,0.0,9.936216896596937,288.15,101325.0,1.2250122659906946,340.29228686527705
1.4,-0.086060788185429,-9.911277306631682,-2.4118611474519644,0.9416601563446332,0.0,0.0,0.0,0.0,10.24388675716339,288.15,101325.0,1.2250122659906946,340.29228686527705
1.45,-0.5120628172207113,-9.365995025754245,-1.804630052605987,1.5044462272409183,0.0,0.0,0.0,0.0,9.656185111102696,288.15,101325.0,1.2250122659906946,340.29228686527705
1.5,-0.1046795325853693,-10.099945059505313,-2.521919484254675,0.7335174987887977,0.0,0.0,0.0,0.0,10.435852433372107,288.15,101325.0,1.2250122659906946,340.29228686527705
1.55,-0.18881460103937756,-9.714531514748275,-2.1221342584375114,1.1850117323143625,0.0,0.0,0.0,0.0,10.013981684005332,288.15,101325.0,1.2250122659906946,340.29228686527705
1.6,0.3174138243202071,-9.18525314620883,-1.6582459081832093,1.7010181370354087,0.0,0.0,0.0,0.0,9.487471610206217,288.1479368101419,101321.18688122457,1.2249749366205107,340.29106859553593
1.65,0.15484791419147848,-9.563450407003362,-2.088842758254249,1.3553248180019994,0.0,0.0,0.0,0.0,9.882294931756295,288.1489934885577,101323.13978456098,1.224994055033336,340.29169254221694
1.7,0.25721737214096985,-9.56879779733684,-1.990594919192309,1.346629894960677,0.0,0.0,0.0,0.0,9.865990649328348,288.14832808708104,101321.91001730229,1.2249820159417286,340.2912996365838
1.75,-0.06914310920743015,-8.952324933081423,-1.432629010410383,1.7874047790369672,0.0,0.0,0.0,0.0,9.240744744503276,288.15,101325.0,1.2250122659906946,340.29228686527705
1.8,-0.0880907941824686,-9.822561315733806,-2.2601855239003124,1.0486006856736076,0.0,0.0,0.0,0.0,10.13364262256144,288.15,101325.0,1.2250122659906946,340.29228686527705
1.85,-0.23334337289882273,-8.90674172157918,-1.397423329069733,1.8596247191456583,0.0,0.0,0.0,0.0,9.205489891994079,288.15,101325.0,1.2250122659906946,340.29228686527705
1.9,0.047820370670488964,-8.839569941380002,-1.2784009278824557,2.0051282430586514,0.0,0.0,0.0,0.0,9.153843179346643,288.1496891675906,101324.42552245987,1.225006642032771,340.29210332562764
1.95,0.12583944848269393,-9.78841209267404,-2.3169353316474566,1.0718315824329148,0.0,0.0,0.0,0.0,10.115830344966463,288.14918204358486,101323.4882662961,1.224997466570996,340.29180387992807
2.0,-0.06580340836180493,-8.433810405504751,-0.9107340184336417,2.4931315721338665,0.0,0.0,0.0,0.0,8.841623122724876,288.15,101325.0,1.2250122659906946,340.29228686527705
2.05,-0.14511304834749555,-8.648837378300136,-1.1358427029758764,2.167885646804272,0.0,0.0,0.0,0.0,8.988451191379141,288.15,101325.0,1.2250122659906946,340.29228686527705
2.1,-0.30774298557713764,-9.65734715356865,-2.051622945323774,1.159066428745931,0.0,0.0,0.0,0.0,9.940671292250105,288.15,101325.0,1.2250122659906946,340.29228686527705
2.15,0.0077751573017755884,-10.066558021400086,-2.522539357430156,0.8182372903490283,0.0,0.0,0.0,0.0,10.410009964996012,288.1499494614775,101324.9065949978,1.2250113515849461,340.29225702340625
2.2,-0.25288407114354344,-9.07686555156764,-1.4460758445457278,1.7892604513492583,0.0,0.0,0.0,0.0,9.363870810310043,288.15,101325.0,1.2250122659906946,340.29228686527705
2.25,-0.3031795131783187,-9.909434151487819,-2.3414889903068423,0.8589410339316842,0.0,0.0,0.0,0.0,10.21847520886423,288.15,101325.0,1.2250122659906946,340.29228686527705
2.3,0.11891550710592204,-10.022548425169557,-2.419378585438111,0.8177651999263654,0.0,0.0,0.0,0.0,10.342804725835052,288.1492270492038,101323.57144447202,1.224998280861491,340.2918304547782
2.35,-0.16016198506491755,-9.504808620092856,-1.9252538156585843,1.382091123231561,0.0,0.0,0.0,0.0,9.795823856736853,288.15,101325.0,1.2250122659906946,340.29228686527705
2.4,0.00967773218042127,-9.658153506655335,-2.1712995224127454,1.2349338098096405,0.0,0.0,0.0,0.0,9.975947688754163,288.1499370947408,101324.88373887782,1.2250111278306581,340.2922497211235
2.45,-0.2348477962774965,-9.64605298578904,-2.0729347714243715,1.1715727728571712,0.0,0.0,0.0,0.0,9.935591554272454,288.15,101325.0,1.2250122659906946,340.29228686527705
2.5,0.09058164784458711,-9.67540465124741,-2.202175840028959,1.0879829286974418,0.0,0.0,0.0,0.0,9.982321395793884,288.149411219289,101323.91182325249,1.2250016130708403,340.2919392032313
2.55,-0.054884898693673495,-9.123434789907291,-1.6644874176419038,1.697764414213417,0.0,0.0,0.0,0.0,9.428148531676213,288.15,101325.0,1.2250122659906946,340.29228686527705
2.6,-0.6195172237087663,-8.94824773958884,-1.355587923032112,1.8980774727521574,0.0,0.0,0.0,0.0,9.247240362329538,288.15,101325.0,1.2250122659906946,340.29228686527705
2.65,-0.2724658861730067,-9.853073063643075,-2.321007934038107,0.9325472725210145,0.0,0.0,0.0,0.0,10.165617100936025,288.15,101325.0,1.2250122659906946,340.29228686527705
2.7,0.10411654227422772,-9.559196589562523,-1.9434454136165058,1.3847289767670152,0.0,0.0,0.0,0.0,9.852547581854605,288.1493232424752,101323.74922647775,1.2250000212959309,340.29188725482936
2.75,-0.022808059010715677,-10.061434078335399,-2.5465119282472735,0.7444200904140635,0.0,0.0,0.0,0.0,10.405351507008623,288.15,101325.0,1.2250122659906946,340.29228686527705
2.8,-0.010395908796666513,-9.338657346752946,-1.7857321551223406,1.5684035697756888,0.0,0.0,0.0,0.0,9.636350456868293,288.15,101325.0,1.2250122659906946,340.29228686527705
2.85,0.2466471461486543,-9.257938249815478,-1.7653831730046377,1.6846395131013685,0.0,0.0,0.0,0.0,9.57413226741864,288.14839679355003,101322.03699717329,1.2249832590418932,340.29134020633546
2.9,-0.5400857907211871,-9.520245681654693,-1.9605101693840656,1.4713915734331062,0.0,0.0,0.0,0.0,9.830751300164861,288.15,101325.0,1.2250122659906946,340.29228686527705
2.95,-0.29407630048200617,-9.692331154784647,-2.174605051128322,1.1617274290828454,0.0,0.0,0.0,0.0,10.000989999089358,288.15,101325.0,1.2250122659906946,340.29228686527705
3.0,-0.11720428982159987,-8.502803323747347,-0.9307312167185056,2.3020632379426758,0.0,0.0,0.0,0.0,8.857958010263447,288.15,101325.0,1.2250122659906946,340.29228686527705
3.05,-0.05054027333844088,-10.014091359379375,-2.467498703107777,0.8296444227950369,0.0,0.0,0.0,0.0,10.346926378017296,288.15,101325.0,1.2250122659906946,340.29228686527705
3.1,-0.43699988985392346,-9.864828120020714,-2.3694577346878973,0.8593116129380168,0.0,0.0,0.0,0.0,10.181727763113383,288.15,101325.0,1.2250122659906946,340.29228686527705
3.15,0.054853892853110625,-9.303638806479597,-1.851181364615841,1.4931249991689193,0.0,0.0,0.0,0.0,9.60281155439787,288.14964344969644,101324.34102729966,1.2250058148507028,340.29207633021593
3.2,-0.20098857123347708,-10.29431396039344,-2.755986057828511,0.5772572427085464,0.0,0.0,0.0,0.0,10.672468551856028,288.15,101325.0,1.2250122659906946,340.29228686527705
3.25,0.11745060728874805,-9.332060696792581,-1.879925715626411,1.4481850406990187,0.0,0.0,0.0,0.0,9.629055896452089,288.1492365710526,101323.58904250439,1.2249984531411664,340.2918360772249
3.3,-0.1588037688669582,-8.961112918024234,-1.4193630426206512,1.9047307612631674,0.0,0.0,0.0,0.0,9.270605991478675,288.15,101325.0,1.2250122659906946,340.29228686527705
3.35,0.18101296965410307,-9.073916601985394,-1.5399534433326463,1.8578412156506903,0.0,0.0,0.0,0.0,9.389302055530466,288.1488234156972,101322.82546184328,1.224990977900884,340.29159211779864
3.4,0.249045819138634,-10.120672758734916,-2.644101995779221,0.7438450057705634,0.0,0.0,0.0,0.0,10.486782053904452,288.1483812021756,101322.00818196095,1.2249829769484273,340.29133099995113
3.45,-0.05346636756963122,-9.74400012883054,-2.136594119596949,1.0928862588166675,0.0,0.0,0.0,0.0,10.035186760457234,288.15,101325.0,1.2250122659906946,340.29228686527705
3.5,0.16593617163332935,-9.698031904423972,-2.1520005144902217,1.1431895861719101,0.0,0.0,0.0,0.0,9.999490560199723,288.14892141488434,101323.00658042001,1.2249927510018672,340.2916499842445
3.55,-0.11451400366420211,-9.040471686069338,-1.563403401058858,1.6840322443386497,0.0,0.0,0.0,0.0,9.327932412975345,288.15,101325.0,1.2250122659906946,340.29228686527705
3.6,-0.09030486191521395,-9.21884957503424,-1.7334983332383818,1.5416781370117505,0.0,0.0,0.0,0.0,9.506259802708383,288.15,101325.0,1.2250122659906946,340.29228686527705
3.65,-0.12290066673284772,-9.170853205934677,-1.6783160419882295,1.6296650678760223,0.0,0.0,0.0,0.0,9.46451802761518,288.15,101325.0,1.2250122659906946,340.29228686527705
3.7,0.005782952776261618,-8.870263994376764,-1.3824838289794208,1.9423669836126873,0.0,0.0,0.0,0.0,9.185076720765867,288.14996241080695,101324.93052786622,1.2250115858802555,340.2922646696968
3.75,-0.10723070065358757,-10.785617489898884,-3.290408144685686,0.11832973862815277,0.0,0.0,0.0,0.0,11.276982412155764,288.15,101325.0,1.2250122659906946,340.29228686527705
3.8,0.09410670319666822,-9.392936640599785,-1.8812305287398743,1.4514039782934247,0.0,0.0,0.0,0.0,9.688800779497475,288.1493883064292,101323.86947619841,1.2250011985056026,340.29192567368494
3.85,0.13357520272646525,-10.026602875287196,-2.4219029710257045,0.8962715609858027,0.0,0.0,0.0,0.0,10.353824507437459,288.1491317611823,101323.39533577573,1.2249965568076944,340.29177418924826
3.9,-0.03413513036370909,-9.435732505982394,-1.896938031452113,1.318858915019328,0.0,0.0,0.0,0.0,9.714463992282237,288.15,101325.0,1.2250122659906946,340.29228686527705
3.95,-0.051083281442193845,-10.23091927475215,-2.4446279427160826,0.8349721763551428,0.0,0.0,0.0,0.0,10.552018457152668,288.15,101325.0,1.2250122659906946,340.29228686527705
4.0,0.21643514225162722,-9.54598692720188,-0.8892662153864372,1.7700789472762863,0.0,0.0,0.0,0.0,9.749350762780445,288.1485931715753,101322.39993396093,1.2249868120977399,340.29145616347904
4.05,-0.17457957347842928,-8.527701066117023,-2.01989835978799,1.4663462322062437,0.0,0.0,0.0,0.0,8.885485137550626,288.15,101325.0,1.2250122659906946,340.29228686527705
4.1,-0.025392905194152594,-10.04101290083465,-1.40705176923283,1.525224163999109,0.0,0.0,0.0,0.0,10.253196745721594,288.15,101325.0,1.2250122659906946,340.29228686527705
4.15,-0.13948336813377785,-10.025963727418517,-3.971742193874273,0.04257488724066971,0.0,0.0,0.0,0.0,10.784085373323812,288.15,101325.0,1.2250122659906946,340.29228686527705
4.2,0.44589113859067,-13.298892434170158,-1.2927247537676594,1.7623893405686621,0.0,0.0,0.0,0.0,13.477302899778648,288.1471017075991,101319.64350555486,1.2249598273268199,340.2905754840014
4.25,2.3746947831158542,-42.68953996218562,-6.636980491354806,12.090419086286113,0.0,0.0,0.0,0.0,44.86228444816089,288.13456448390974,101296.47541032673,1.2247330117273754,340.2831724154881
4.3,2.8377947424335987,-87.62623771140063,-8.809178995284775,23.845743000911483,0.0,0.0,0.0,0.0,91.23912882799449,288.13155433417415,101290.91345895205,1.2246785587670015,340.28139493700587
4.35,3.323642083662263,-81.56953909345113,-6.677421502392343,33.43745420102568,0.0,0.0,0.0,0.0,88.40950745979956,288.1283963264562,101285.07857139416,1.224621433078471,340.2795301391386
4.4,2.840757124607345,-44.653990252904265,-9.617635729300433,15.529611306987512,0.0,0.0,0.0,0.0,48.245689857997675,288.13153507869004,101290.87788076502,1.2246782104454033,340.28138356670814
4.45,2.407120798689478,-41.054192845804394,-1.0671609037862222,11.764166592563884,0.0,0.0,0.0,0.0,42.71979866797903,288.13435371480847,101296.08595736526,1.2247291988994247,340.28304795768196
4.5,2.9447082857384617,-35.746394997822755,-6.296367666306441,11.27312891014649,0.0,0.0,0.0,0.0,38.00700509846122,288.1308593961427,101289.62943452984,1.2246659877508568,340.28098457822745
4.55,4.176349567149764,-35.79578993355595,-2.716952413057214,10.200797811201653,0.0,0.0,0.0,0.0,37.319923410520275,288.1228537278135,101274.83845652516,1.2245211770857067,340.2762572199189
4.6,4.519129840003959,-32.57473438086121,-3.6491997831820093,10.851941604298826,0.0,0.0,0.0,0.0,34.528171333338065,288.12062565604,101270.72226428689,1.2244808769026048,340.2749415287479
4.65,5.501269267714022,-31.734499654975824,-2.372701599077617,9.980356796248339,0.0,0.0,0.0,0.0,33.35139731720916,288.11424174975986,101258.92923568479,1.224365413802894,340.27117176154667
4.7,6.258977590233389,-27.919359953262752,-2.2678731135389523,10.076743772146356,0.0,0.0,0.0,0.0,29.76868612667437,288.10931664566345,101249.83182106898,1.2242763411531161,340.2682634046155
4.75,8.176305417427827,-26.792663610305436,-1.5863864186746333,9.24325244768678,0.0,0.0,0.0,0.0,28.386637014905588,288.0968540147867,101226.81440692884,1.224050971196684,340.2609039001136
4.8,8.871641307444557,-26.60208622930304,-2.5663463728887814,9.414340242125965,0.0,0.0,0.0,0.0,28.335259442105453,288.0923343315016,101218.46798517545,1.223969246632103,340.2582348713996
4.85,10.349472489448502,-27.04945319908055,-2.3893443926006874,8.993920590899808,0.0,0.0,0.0,0.0,28.605462635502207,288.08272842881854,101200.73077987472,1.2237955673045644,340.25256218534093
4.9,11.056293683463092,-27.042698414134694,-2.2412387894400387,9.626755381214862,0.0,0.0,0.0,0.0,28.792448801706378,288.07813409105745,101192.24826995528,1.2237125061399747,340.24984900389484
4.95,12.314390552131682,-25.445059187265375,-2.431938206292457,9.205701741140548,0.0,0.0,0.0,0.0,27.16818553068094,288.0699564614111,101177.15136498281,1.2235646732086631,340.245019659579
5.0,13.321559545756346,-26.03454080911349,-2.705878921645378,8.777142301158896,0.0,0.0,0.0,0.0,27.607196939472022,288.06340986295254,101165.06685763583,1.2234463354563092,340.24115348032893
5.05,14.588748529451504,-24.507081607602686,-2.187843057407561,8.63277233613531,0.0,0.0,0.0,0.0,26.075054446215205,288.0551731345585,101149.86416329867,1.2232974589825023,340.23628911035496
5.1,15.56736765433668,-25.511402717379937,-2.9912938022967714,7.630715071814529,0.0,0.0,0.0,0.0,26.7956585984972,288.0488121102468,101138.12475953324,1.2231824948002563,340.2325324285508
5.15,17.507953759139895,-24.940748816478617,-2.3513577153038208,8.593372427304189,0.0,0.0,0.0,0.0,26.48425729195271,288.03619830056556,101114.84897219627,1.2229545471082968,340.2250828658115
5.2,18.913977871114977,-25.558220309251496,-1.6440505608928317,8.545557092901793,0.0,0.0,0.0,0.0,26.999112460431952,288.02705914383773,101097.98754090165,1.2227894111483837,340.2196852889822
5.25,20.405461334741926,-25.14715027746166,-2.3637052295548737,8.106395703539853,0.0,0.0,0.0,0.0,26.52696591756838,288.01736450132415,101080.10374597252,1.2226142567295384,340.2139595492036
5.3,22.307877927366352,-26.054861764018984,-2.982075333119069,7.934116386481246,0.0,0.0,0.0,0.0,27.398883146375983,288.0049987934721,101057.29633026112,1.2223908716677054,340.20665611526863
5.35,23.6805148206421,-23.74545490017026,-1.818368973318314,9.32636423673035,0.0,0.0,0.0,0.0,25.5760466846483,287.9960766536658,101040.842848601,1.2222297136521225,340.2013864239955
5.4,24.983555459245437,-24.247789140329264,-2.040672477392976,7.628465379592448,0.0,0.0,0.0,0.0,25.501237350401247,287.9876068895149,101025.22560823084,1.222076741806077,340.1963838442281
5.45,26.946559655690034,-23.433492728087383,-3.068901934452476,8.055557705513573,0.0,0.0,0.0,0.0,24.968755484954983,287.974847362238,101001.70224381269,1.2218463204879,340.18884742075625
5.5,29.078512421035004,-23.759310378000116,-3.784518211440677,6.689840425117314,0.0,0.0,0.0,0.0,24.971611334561572,287.96098966926326,100976.15933414624,1.2215961053053186,340.18066217583095
5.55,30.207008491841655,-24.365375978123268,-2.6500103877443313,8.029821004502901,0.0,0.0,0.0,0.0,25.790931099415843,287.953654444803,100962.64094870338,1.2214636760010877,340.17632944067844
5.6,31.85826202022089,-22.80751186093856,-2.495470579749111,7.896964756586074,0.0,0.0,0.0,0.0,24.264624931533746,287.9429212968685,100942.86303200082,1.2212699207680016,340.1699895369557
5.65,33.21629498996566,-23.199600623686795,-2.4240769344840905,8.970636255253616,0.0,0.0,0.0,0.0,24.991397177967805,287.9340940825652,100926.59952058803,1.2211105891495773,340.16477535006544
5.7,35.48507558937898,-22.46365710127752,-2.5227781897380046,8.85279311375574,0.0,0.0,0.0,0.0,24.276578137648535,287.91934700866904,100899.43382435886,1.2208444392740585,340.1560641564013
5.75,37.42092640185566,-22.530826640953766,-3.4837507592407175,7.712014125727988,0.0,0.0,0.0,0.0,24.067609568726393,287.9067639783879,100876.25921079182,1.220617380368235,340.14863110116255
5.8,39.146153096799225,-23.110652189772686,-4.6878362751582525,5.838545603609397,0.0,0.0,0.0,0.0,24.29334617430792,287.89555000487076,100855.60966998574,1.2204150531146154,340.14200663907627
5.85,40.82208903583204,-20.89883919645989,-4.056867207381884,8.007555229036731,0.0,0.0,0.0,0.0,22.745122379180383,287.8846564212671,100835.5533764854,1.22021853104046,340.13557131828276
5.9,43.23046662842288,-21.592869961726585,-3.73084340441306,8.5255155163078,0.0,0.0,0.0,0.0,23.51288243731703,287.8690019669152,100806.73744811123,1.219936164454127,340.1263233277369
5.95,44.44626931332217,-21.67415621754623,-5.170084140403067,8.47781854974833,0.0,0.0,0.0,0.0,23.84055840629372,287.8610992494634,100792.19305818918,1.2197936384968906,340.12165464048576
6.0,46.93188504077058,-20.992284063531166,-4.187696994355106,7.669886683328762,0.0,0.0,0.0,0.0,22.738512661465332,287.844942747235,100762.46345187206,1.2195022947075491,340.11210966655
6.05,49.074562432997006,-24.01328787691577,-5.444548335745984,7.9067298232328485,0.0,0.0,0.0,0.0,25.86111903490458,287.8310153441855,100736.84131369037,1.2192511901065644,340.10388138974224
6.1,51.18312190687625,-10.63845979921693,-3.0612954196319166,3.1603644711161514,0.0,0.0,0.0,0.0,11.512439365143573,287.81730970760526,100711.6323081838,1.2190041224695871,340.095783937695
6.15,52.390108566353845,6.39831568902774,-0.3288665444458631,-2.627826900027269,0.0,0.0,0.0,0.0,6.924743394308645,287.8094642943187,100697.20440801115,1.2188627126602507,340.09114868805074
6.2,53.39569801225296,5.202849452714919,-0.04818790465313849,-1.5393073328959805,0.0,0.0,0.0,0.0,5.42599590553459,287.8029279629203,100685.18521843696,1.218744908007369,340.0872868256895
6.25,54.23221869248131,5.069464077846161,0.11799650966220016,-2.266701825578241,0.0,0.0,0.0,0.0,5.554397031086706,287.79749057849887,100675.18768853549,1.218646916372215,340.08407422103926
6.3,55.94123154142011,4.884630161665986,-0.12837260313233687,-1.8214272937825964,0.0,0.0,0.0,0.0,5.214756823479714,287.78638199498073,100654.76522045392,1.218446738069324,340.07751077118127
6.35,57.59455814388328,4.366034666853084,-0.5143828696035867,-3.472384053572208,0.0,0.0,0.0,0.0,5.602169174900656,287.77563537206476,100635.01138788204,1.2182531062900432,340.0711610633452
6.4,59.02660082129039,3.7575510308877003,-0.3325534073389872,-2.7720064796866843,0.0,0.0,0.0,0.0,4.6812179442836195,287.76632709466156,100617.9039775915,1.2180854095300393,340.06566111492594
6.45,60.90977994919206,4.700123579879425,0.16749471983296912,-1.5129940028648323,0.0,0.0,0.0,0.0,4.94048246632001,287.75408643033023,100595.41080385048,1.2178649101366084,340.0584283821779
6.5,62.98642775689821,4.961983341389228,-0.232306077319551,-1.5836569849487367,0.0,0.0,0.0,0.0,5.213752414505384,287.74058821958016,100570.61151143088,1.2176217931108042,340.0504524152301
6.55,64.67682271704943,5.084850062856338,0.8478581490507832,-0.703955518815932,0.0,0.0,0.0,0.0,5.2028950570920935,287.7296006523392,100550.42849900713,1.2174239228388668,340.0439598260136
6.6,66.3188401515663,4.477529401309555,-0.6352256332895762,-1.5410278004611684,0.0,0.0,0.0,0.0,4.7777136610070965,287.71892753901477,100530.82624601483,1.2172317389840193,340.0376529299422
6.65,68.23469721713614,3.9190339810342336,-0.98742723992806,-2.241323558925488,0.0,0.0,0.0,0.0,4.621403595710658,287.7064744680886,100507.9588323127,1.217007533922465,340.03029408346947
6.7,70.34726936802244,5.257213328809021,0.5724118546462564,-0.862962647216668,0.0,0.0,0.0,0.0,5.35823215682542,287.6927427491078,100482.74833667107,1.2167603447115964,340.0221794656695
6.75,71.62646741041772,3.913208433969703,-0.343159951991826,-2.091691937625348,0.0,0.0,0.0,0.0,4.450408314106642,287.6844279618323,100467.48544579775,1.2166106861500419,340.0172658336949
6.8,73.16092088637221,3.5795767944193972,-0.3544043099722951,-2.095762520034464,0.0,0.0,0.0,0.0,4.163074943170492,287.67445401423856,100449.17942349336,1.2164311827995475,340.01137162557086
6.85,74.62552150146273,4.093502386357253,0.027162553533927575,-1.599988745700635,0.0,0.0,0.0,0.0,4.395163657680531,287.6649341102405,100431.70926482468,1.2162598698722455,340.00574564392633
6.9,75.60548074358316,4.330035727565491,0.2806169956438407,-0.7169170623717747,0.0,0.0,0.0,0.0,4.397945585674925,287.6585643751667,100420.02141554219,1.2161452552878596,340.00198126694534
6.95,77.49368477700548,4.284995714098313,0.5631251431211677,-0.882406625245157,0.0,0.0,0.0,0.0,4.41100211391161,287.6462910489494,100397.50415174608,1.2159244370345936,339.99472787653826
7.0,78.33916066117808,3.826331883213096,0.4428911158862479,-1.0152253660430608,0.0,0.0,0.0,0.0,3.983421991815744,287.64079545570235,100387.42298425183,1.21582557180053,339.99147999587154
7.05,79.94676276585332,2.8657990244829854,-0.32247885855399905,-2.0991408072988325,0.0,0.0,0.0,0.0,3.566957918424202,287.6303460420219,100368.25674336856,1.2156376047409017,339.98530433521296
7.1,81.08077985997109,3.869644082895994,0.797263543280722,-0.8221821942142443,0.0,0.0,0.0,0.0,4.035561676671472,287.6229749309102,100354.73848572711,1.21550502444661,339.9809479007388
7.15,82.34704047886635,2.63734583063776,-0.16642409651752627,-1.8422624481989396,0.0,0.0,0.0,0.0,3.2213694197232337,287.61474423688736,100339.64553729288,1.215356996359654,339.9760833742249
7.2,83.78335694315349,2.602909020553396,-0.2968853016485063,-1.7760532984135637,0.0,0.0,0.0,0.0,3.165065808228774,287.60540817986947,100322.52786605201,1.2151891051407242,339.97056546890076
7.25,84.72770109575693,3.305170518276217,0.16993985825170496,-0.997852601316032,0.0,0.0,0.0,0.0,3.4566951737545586,287.5992699428776,100311.274689976,1.2150787302977555,339.96693752767226
7.3,86.21636911554832,2.823718367178797,0.030288358000083653,-1.4142459938163108,0.0,0.0,0.0,0.0,3.158226485355146,287.5895936007489,100293.53721240259,1.2149047505149506,339.9612183475241
7.35,87.07039690643887,2.846186345174637,0.1576272370140383,-1.2579173775649786,0.0,0.0,0.0,0.0,3.1157630182809464,287.5840424201081,100283.3626188235,1.2148049493770046,339.9579372913197
7.4,88.52111544810283,3.051081366119821,0.2465960329557551,-0.8461104583720273,0.0,0.0,0.0,0.0,3.1758164326547007,287.5746127495873,100266.08117247402,1.2146354337182368,339.9523637595077
7.45,89.90197586803565,3.531080747187205,0.8870403771408057,-0.2348065816192143,0.0,0.0,0.0,0.0,3.6483566169723534,287.56563715685775,100249.63413965632,1.2144740977532216,339.9470585315108
7.5,91.10196101843165,2.40765262013685,-0.10383979242064062,-1.4571462574512617,0.0,0.0,0.0,0.0,2.816176318582702,287.55783725338017,100235.34323449772,1.2143339080757032,339.942448154119
7.55,91.72437478638462,2.798834245018857,0.23418858889154254,-0.6311781191237399,0.0,0.0,0.0,0.0,2.8786634475599726,287.55379156388847,100227.93141240603,1.2142611987309102,339.94005679792997
7.6,92.95463390101989,2.6893605748843887,0.10245741563789758,-0.813162370750443,0.0,0.0,0.0,0.0,2.811474855830329,287.5457948796433,100213.28255727846,1.214117491698019,339.93533000893314
7.65,93.59470191721951,2.7032595036766858,0.1985902212431935,-0.4166871404160808,0.0,0.0,0.0,0.0,2.742385493175581,287.54163443753805,100205.66186989448,1.214042730256654,339.9328707721768
7.7,94.74241797745348,2.420729628760854,-0.11083651208427914,-0.8262875301097897,0.0,0.0,0.0,0.0,2.560267124810731,287.5341742831465,100191.99827019386,1.2139086831559165,339.92846103138834
7.75,96.22285187540615,1.380190988890534,-0.9858882250194223,-2.0029664351655563,0.0,0.0,0.0,0.0,2.6246480332506286,287.5245514628098,100174.37588111902,1.213735793113132,339.922772841655
7.8,96.51226717415534,2.5436105155983153,0.010618857749830235,-0.645473038610091,0.0,0.0,0.0,0.0,2.6242527810359246,287.52267026336796,100170.93111077962,1.2137019964239588,339.9216608260493
7.85,97.55820631936848,1.1002709907832793,-1.21347816922167,-1.9971455766935822,0.0,0.0,0.0,0.0,2.5829665067212035,287.5158716589241,100158.48260266366,1.213579862096151,339.9176420010762
7.9,98.35490896015554,1.8703848954458353,-0.30754439371676323,-0.9688176703236404,0.0,0.0,0.0,0.0,2.1287392723276057,287.510693091759,100149.00128607996,1.2134868374271133,339.9145807887405
7.95,98.77978897399623,2.475642869695958,0.32643025422272887,-0.461748698934916,0.0,0.0,0.0,0.0,2.539404692071833,287.507931371669,100143.9452149984,1.2134372297771978,339.912948238711
8.0,100.24609961003056,1.9360360319803083,-0.09308653458262783,-0.8133664049018239,0.0,0.0,0.0,0.0,2.102014635693476,287.49840035253476,100126.49770967779,1.2132660398897694,339.90731405733703
8.05,100.5798370505033,2.1517874062218967,0.10056477071206565,-0.45341187434905356,0.0,0.0,0.0,0.0,2.2013370124731586,287.4962310591717,100122.52694020054,1.2132270790527004,339.9060316848604
8.1,101.5435104484365,2.034712631294338,-0.016934573788291468,-0.6357227571888733,0.0,0.0,0.0,0.0,2.131779936050141,287.48996718208514,100111.06198120427,1.2131145842444864,339.9023287820555
8.15,102.42630244209954,1.7506702498859428,-0.33270077813156157,-0.7184478001616763,0.0,0.0,0.0,0.0,1.9213805903990515,287.4842290341263,100100.56021273065,1.2130115381637097,339.8989366296169
8.2,103.13196508671817,1.5393634741730997,-0.4587715747417221,-1.0223069623379992,0.0,0.0,0.0,0.0,1.9040017827339402,287.47964222693633,100092.16623156484,1.2129291727605722,339.89622507721225
8.25,102.92072099452972,2.398749799338598,0.19990029445280338,-0.10347187456764761,0.0,0.0,0.0,0.0,2.409287686511477,287.4810153135355,100094.67895738938,1.212953828859775,339.89703679798464
8.3,104.12562596263474,2.182953062851742,0.10323972414529237,-0.44253102383864984,0.0,0.0,0.0,0.0,2.229748017672643,287.47318343124283,100080.34742718538,1.2128131992708198,339.8924068370954
8.35,104.58796817814122,2.0576513124494573,0.2714497792972408,-0.11658226899245405,0.0,0.0,0.0,0.0,2.0787509066140957,287.47017820684204,100074.84862015782,1.2127592406539107,339.89063022681813
8.4,105.31526783343757,0.8293813291602357,-0.7891729562256818,-1.4008288004580445,0.0,0.0,0.0,0.0,1.80914031301895,287.4654507590826,100066.19907138565,1.2126743633408035,339.8878354642198
8.45,105.87130133081561,1.5207558793484666,-0.15005267306203396,-0.43846699705917797,0.0,0.0,0.0,0.0,1.5898011060431687,287.46183654134967,100059.58674612294,1.2126094761935646,339.88569880310087
8.5,106.4895631932644,0.8286367392382018,-0.7156597089374765,-1.149943944430747,0.0,0.0,0.0,0.0,1.587822011418389,287.4578178392438,100052.23481937169,1.21253733033441,339.8833230022575
8.55,106.884042391761,1.8370159743557593,0.30644901449452255,-0.09684072859817089,0.0,0.0,0.0,0.0,1.8649173749092287,287.45525372445354,100047.54418418296,1.212491299709791,339.88180712454465
8.6,107.83841014003652,0.6132817410288254,-0.9356874902954513,-1.1624030167175388,0.0,0.0,0.0,0.0,1.6133215261220504,287.44905033408975,100036.19681676386,1.2123799428562558,339.87813971740024
8.65,107.77881407280837,1.311630456600129,-0.1678505349650201,-0.5662236461928443,0.0,0.0,0.0,0.0,1.4384566292652083,287.4494377085267,100036.90537942918,1.2123868963728093,339.8783687320004
8.7,108.60039811741524,1.3629992585959678,-0.1638316893375897,-0.5896620411415869,0.0,0.0,0.0,0.0,1.4940914042077977,287.4440974122368,100027.13757992453,1.2122910387387222,339.87521155132157
8.75,108.75921225529403,1.108658872798136,-0.36918151398953664,-0.9438482598956844,0.0,0.0,0.0,0.0,1.5020882211820155,287.4430651203406,100025.24953026527,1.2122725099002158,339.87460125745093
8.8,108.80473579297299,1.64553193607648,0.24829069786471533,-0.2821713203251675,0.0,0.0,0.0,0.0,1.6879112172468682,287.44276921734564,100024.70833251151,1.212267198711022,339.8744263185665
8.85,109.1216577789583,1.0799970912160752,-0.28360627758343193,-0.8331648348388382,0.0,0.0,0.0,0.0,1.3931941285161744,287.4407092244368,100020.94073262217,1.212230224208296,339.87320844106614
8.9,109.38362073964035,0.8398995663477751,-0.6582533659365889,-1.1266116908851806,0.0,0.0,0.0,0.0,1.5517675977275704,287.43900646519234,100017.82657780674,1.2121996622901658,339.87220175849455
8.95,109.08368800828815,1.0319113020140285,-0.7533112101693622,-0.8825829556698334,0.0,0.0,0.0,0.0,1.5528269022109373,287.44095602794613,100021.39211494921,1.2122346540018547,339.8733543526923
9.0,109.85063026511888,1.285633375987622,-0.21298823208036888,-0.6266591801943286,0.0,0.0,0.0,0.0,1.4460010002001655,287.4359709032767,100012.27507180985,1.2121451800693823,339.87040710673796
9.05,110.11446730163277,1.2986857314581124,-6.808601786331692e-05,-0.3803573940654542,0.0,0.0,0.0,0.0,1.3532392179318709,287.43425596253934,100009.13885873661,1.2121144011662943,339.86939321401934
9.1,110.38435407613241,0.9548012156667653,-0.4794440166736071,-0.8694273273608494,0.0,0.0,0.0,0.0,1.3774671698899705,287.4325016985051,100005.93081523087,1.21208291712687,339.86835606978514
9.15,110.67353222095096,0.9366054695273409,-0.3934257055275681,-0.8289504244178162,0.0,0.0,0.0,0.0,1.3111721463869164,287.4306220405638,100002.4935548703,1.2120491833185223,339.86724478749255
9.2,110.6343827122705,1.5941370951530283,0.23692279661186888,-0.16318671125771128,0.0,0.0,0.0,0.0,1.6198874628900712,287.4308765123702,100002.95889237126,1.212053750226119,339.867395235298
9.25,111.27330357878091,1.2520987479159904,-0.15981732601392373,-0.6097716802726697,0.0,0.0,0.0,0.0,1.4018253651184895,287.4267235267379,99995.36479302477,1.2119792198366197,339.8649399153878
9.3,111.14082977481351,0.5263722942720728,-0.6634460647384613,-1.2598525010929946,0.0,0.0,0.0,0.0,1.5180437403133253,287.4275846064637,99996.93931463273,1.2119946726737991,339.8654490026893
9.35,111.31963264350404,1.264069219026397,-0.23946797152196964,-0.7082051802467145,0.0,0.0,0.0,0.0,1.4685947287128376,287.4264223878172,99994.81415219136,1.2119738156679483,339.86476187594394
9.4,111.81828764172064,1.2556573856639688,-0.15096767089836297,-0.5967973322011796,0.0,0.0,0.0,0.0,1.3984397604299565,287.42318113032877,99988.88757878981,1.21191564998584,339.86284557280635
9.45,111.46945939745738,1.708540082095976,0.20810726726869508,0.00196601447021455,0.0,0.0,0.0,0.0,1.721168705278906,287.4254485139165,99993.03341367685,1.2119563388808072,339.8641861012831
9.5,111.6617787050552,1.867426194066615,0.35885730852806635,0.12872502432525235,0.0,0.0,0.0,0.0,1.9059457731157168,287.42419843841714,99990.74767531369,1.2119339057627194,339.86344702901886
9.55,111.50714541801361,0.6013393783222107,-0.9424248321372022,-1.1558001799179014,0.0,0.0,0.0,0.0,1.6079949216487066,287.4252035547829,99992.5855074057,1.2119519429635552,339.86404127615594
9.6,111.5838474692043,2.0704827275832094,0.6219385046612519,0.3070667611101166,0.0,0.0,0.0,0.0,2.1835741857283755,287.42470499145014,99991.67389243218,1.2119429960265937,339.86374651456146
9.65,111.51478695153902,0.7861548992699262,-0.5221235691923325,-0.9622680779248878,0.0,0.0,0.0,0.0,1.347817643802568,287.42515388481496,99992.4946863725,1.2119510516120002,339.8640119101912
9.7,111.34388047348965,1.7129961562339628,0.3578111835298754,-0.06487042020952838,0.0,0.0,0.0,0.0,1.7511689940578385,287.42626477692227,99994.52595729595,1.2119709872270237,339.8646686931458
9.75,111.08078799075379,2.02607086440521,0.5457982480610237,0.20431381851947933,0.0,0.0,0.0,0.0,2.1082227139503473,287.42797487806007,99997.652949777,1.2120016764923744,339.8656797386962
9.8,110.58483891447842,0.7859716521086973,-0.39815020402607415,-1.0446849711552404,0.0,0.0,0.0,0.0,1.3666168855396545,287.4311985470559,100003.54778061608,1.2120595296775847,339.8675856272636
9.85,110.50609499271363,1.2618589230983575,-0.20384381237675858,-0.6458816613688835,0.0,0.0,0.0,0.0,1.432132452722117,287.43171038254735,100004.4837535978,1.2120687154655876,339.8678882322281
9.9,110.08746509193011,1.0750950180569223,-0.38849465591011195,-0.8664012410954756,0.0,0.0,0.0,0.0,1.4343669356525586,287.43443147690243,100009.45982852562,1.212117551183291,339.8694969802715
9.95,109.7545569732475,2.1431550536412116,0.7597366979992208,0.15584918523607694,0.0,0.0,0.0,0.0,2.2791670414371503,287.43659537967386,100013.41710833514,1.212156388009554,339.8707763036262
10.0,110.64085161020279,1.5808003002580522,0.10079445774106668,-0.5116979033703776,0.0,0.0,0.0,0.0,1.664609220303944,287.43083446453363,100002.88200186525,1.212052995608867,339.86737037594844
10.05,109.3092558143519,0.615560796483606,-0.8922944415413221,-1.3849198607318192,0.0,0.0,0.0,0.0,1.7587232543019702,287.4394898372067,100018.71060278105,1.2122083380169033,339.8724875315421
10.1,109.69088060308648,2.0702774570356035,0.4455825079820389,-0.026803790328193355,0.0,0.0,0.0,0.0,2.1178552744947723,287.4370092760799,100014.17404398436,1.2121638165584303,339.87102100323034
10.15,109.08870781395916,1.8746097376386168,0.04121685348620718,-0.43224113457831836,0.0,0.0,0.0,0.0,1.924238263802687,287.4409233992092,100021.33243970967,1.2122340683588702,339.87333506240265
10.2,108.83751495430333,0.9692387010281838,-0.5335091010636105,-0.7515746438371789,0.0,0.0,0.0,0.0,1.337505164755443,287.442556152797,100024.31864527403,1.2122633744074978,339.8743003540052
10.25,108.80219913700067,2.7189090409906806,0.8238913760731199,-0.09588701003198719,0.0,0.0,0.0,0.0,2.8426145872139252,287.4427857056095,100024.73848899199,1.2122674946598688,339.87443606648804
10.3,108.07782259245629,1.411224170603052,-0.12013438621659134,0.4615637262139529,0.0,0.0,0.0,0.0,1.489639890645527,287.447494153149,100033.35038255165,1.2123520091316968,339.877219706361
10.35,107.68778894278509,2.2012926270792224,-0.04487801282160642,-1.9778027042501332,0.0,0.0,0.0,0.0,2.959629504348019,287.4500293718719,100037.98762326187,1.212397517010839,339.87871852128984
10.4,107.44682075156086,0.19167345142029193,-0.5151712539247819,1.7738000103263805,0.0,0.0,0.0,0.0,1.8570155113740074,287.45159566511484,100040.85266179442,1.2124256330620091,339.87964450661013
10.45,106.80625756197045,3.579891728675137,0.9520258238321992,-4.04560392613612,0.0,0.0,0.0,0.0,5.485333999443244,287.45575932584717,100048.46908643686,1.212500376088402,339.8821060313093
10.5,106.28646226761049,-3.2547863468483804,-3.0560581897172234,4.079510662420059,0.0,0.0,0.0,0.0,6.047770917236142,287.4591379952605,100054.64990170309,1.2125610301091048,339.8841034619821
10.55,105.70466726218748,7.123010529979055,3.433090178285246,-8.59560504978904,0.0,0.0,0.0,0.0,11.679375554985375,287.46291966279574,100061.56831382016,1.2126289215226875,339.8863391266082
10.6,102.51635686938448,-19.808983124782188,-8.940010590802368,17.855198755507956,0.0,0.0,0.0,0.0,28.126992807626216,287.48364368034896,100099.48896776397,1.2130010267141667,339.8985905911083
10.65,97.91057546342032,-36.33317814171166,-33.028600588876024,57.29803271973789,0.0,0.0,0.0,0.0,75.45894807303512,287.51358125948775,100154.28907467195,1.2135387180640145,339.91628807803596
10.7,95.9487940568622,42.02303111773365,3.3187813595685136,54.59257800863364,0.0,0.0,0.0,0.0,68.97317614597272,287.52633283863037,100177.63794722105,1.213767797084681,339.9238258461157
10.75,93.1708400042671,-91.64699554099339,14.6622921774886,-16.347223729627075,0.0,0.0,0.0,0.0,94.24110741738654,287.54438953997226,100210.70834223319,1.214092237925558,339.9344993148366
10.8,91.69319085198248,-156.0532072801095,-25.683427576604686,-160.02256556853789,0.0,0.0,0.0,0.0,224.98769620943392,287.5539942594621,100228.30274609562,1.2142648415071873,339.9401766091352
10.85,90.9482043843237,-30.16188347918804,18.080231607528916,-29.48590730040012,0.0,0.0,0.0,0.0,45.891750013720255,287.55883667150187,100237.17426623873,1.2143518701838942,339.9430388950132
10.9,90.28413299826755,-6.339566527492418,-0.9536643101823021,-21.68446464075943,0.0,0.0,0.0,0.0,22.612288387718827,287.56315313551124,100245.08276154891,1.2144294504530921,339.9455902796327
10.95,91.03642826240005,-59.566185278903376,-14.082523440930247,29.84393507512103,0.0,0.0,0.0,0.0,68.09631675731835,287.5582632162944,100236.12363690356,1.2143415636974544,339.94269993446284
11.0,91.00692820299633,-119.96024514672419,-26.263267538501953,22.079119872709857,0.0,0.0,0.0,0.0,124.77061822326034,287.55845496668053,100236.47494247899,1.2143450099447952,339.94281327520355
11.05,91.37387142638998,-37.71548344575906,-17.092880135455676,17.799299434785713,0.0,0.0,0.0,0.0,45.0714910252761,287.55606983572847,100232.105218807,1.2143021435428063,339.9414034578374
11.1,92.43001136512267,61.9736339921835,-61.55119321521354,42.805810393359344,0.0,0.0,0.0,0.0,97.27084917818854,287.54920492612666,100219.52909394757,1.2141787714637227,339.9373456736734
11.15,92.62462245977942,-154.30729253485325,-15.39819163063969,-94.7984790023593,0.0,0.0,0.0,0.0,181.7542199127477,287.5479399540114,100217.21187622723,1.2141560391823212,339.936597955146
11.2,93.20873041286346,-17.969904642834315,-9.762040643370902,-34.80874861176316,0.0,0.0,0.0,0.0,40.37157279958643,287.54414325231636,100210.25721311959,1.2140878122095615,339.9343537343767
11.25,93.43018135226798,-38.923229930580405,25.123532748069724,-50.21335831326367,0.0,0.0,0.0,0.0,68.31977077734064,287.54270382121024,100207.62061659318,1.214061946307149,339.9335028864171
11.3,94.23442598014961,27.378739114431713,-1.6303768095389792,-15.538005544518457,0.0,0.0,0.0,0.0,31.5227394167874,287.537476231129,100198.04574652089,1.2139680125089343,339.930412839163
11.35,94.5638346972041,55.917639856614535,38.819696323173474,-29.026060547753556,0.0,0.0,0.0,0.0,74.00178011831412,287.53533507446815,100194.12421125607,1.2139295399845471,339.9291471856694
11.4,95.23763682749902,-32.6254160149817,78.27688964738215,30.074907965534642,0.0,0.0,0.0,0.0,89.97882702144126,287.53095536062125,100186.10313845235,1.213850847738421,339.9265582898354
11.45,96.0049497053721,-70.3407756578776,59.30868295462265,-47.02696752418829,0.0,0.0,0.0,0.0,103.32899045517125,287.52596782691506,100176.96952856904,1.2137612392780137,339.92361008115097
11.5,95.52263957906214,-39.054453544123916,33.12990360440298,0.3285009212343944,0.0,0.0,0.0,0.0,51.21473193644988,287.52910284273605,100182.71056624266,1.2138175639087936,339.9254632407086
11.55,96.24518471708156,-27.829419356896697,4.731557124377133,35.23313701066015,0.0,0.0,0.0,0.0,45.14685103277094,287.5244062993389,100174.11006068939,1.2137331851531143,339.92268703267706
11.6,96.73932583795018,-1.3939320882005228,-14.963306221149129,9.604245192547417,0.0,0.0,0.0,0.0,17.834940578902007,287.5211943820533,100168.2286084572,1.2136754819817188,339.920788399762
11.65,96.56913124659312,11.04868232376618,18.44792483269384,-2.5976893916484354,0.0,0.0,0.0,0.0,21.659808445591295,287.5223006468971,100170.25429649965,1.2136953561637593,339.9214423377386
11.7,96.41456426385825,20.056121756291752,-9.963649599523082,-22.846182420095698,0.0,0.0,0.0,0.0,31.991723686253067,287.5233053322849,100172.0940105466,1.2137134056742893,339.922036228729
11.75,96.57413036532327,18.21235443006071,0.5072665106765042,-27.730232390198218,0.0,0.0,0.0,0.0,33.180008463130385,287.5222681526254,100170.19479557527,1.213694772396679,339.92142312966325
11.8,97.51659406648923,-5.184133811714293,4.767107491716019,-0.5586628996070471,0.0,0.0,0.0,0.0,7.064889344549688,287.5161421385678,100158.97783744129,1.213584720979865,339.91780188926003
11.85,97.45700301467481,-21.0061673690347,-8.963500415494451,5.1013232622906495,0.0,0.0,0.0,0.0,23.401429577289825,287.5165294804046,100159.68704453635,1.213591679196488,339.91803085786756
11.9,97.14326189214609,-2.856250977783436,-0.7185441626494227,-2.4220998322824006,0.0,0.0,0.0,0.0,3.8132719492987683,287.51856879770105,100163.42101833991,1.2136283140371802,339.9192363528903
11.95,97.0449648544225,-3.1523194948545568,-1.3812236176323567,6.930459017713336,0.0,0.0,0.0,0.0,7.73796866598396,287.51920772844625,100164.59091865901,1.2136397921338284,339.91961404107104
12.0,96.48209890049624,-21.892623587060264,-7.150060026734899,-11.14374523442122,0.0,0.0,0.0,0.0,25.585022645295926,287.52286635714677,100171.29018467339,1.213705519313192,339.92177674127703
12.05,96.56467723767466,-9.928607253702316,-1.255252026298099,-2.949787567014884,0.0,0.0,0.0,0.0,10.43331904708714,287.5223295979551,100170.30730939706,1.2136958762763688,339.92145945134183
12.1,96.31374957664976,-8.358185159719286,4.169397845169807,2.9310695361787036,0.0,0.0,0.0,0.0,9.789499792194349,287.52396062775176,100173.29395940716,1.2137251783881566,339.9224235873159
12.15,95.95391011819112,-19.91325866918752,3.4753586863752552,-32.09876123323036,0.0,0.0,0.0,0.0,37.93344779390437,287.5262995842317,100177.57705077862,1.213767199634468,339.9238061888505
12.2,95.60579009326676,-4.846409187684917,-0.5132318229456867,-10.790903692231453,0.0,0.0,0.0,0.0,11.84038392171366,287.52856236439374,100181.72078938528,1.2138078533707877,339.92514375576707
12.25,95.57030342509812,3.3248800959337133,6.530761965457663,3.7762600148891847,0.0,0.0,0.0,0.0,8.244138475417275,287.52879302773687,100182.14320171435,1.2138119975909267,339.9252801044027
12.3,95.86566340094647,6.589052814858576,-0.08922556296398926,-7.8158733732809065,0.0,0.0,0.0,0.0,10.223084406637922,287.52687318789384,100178.62745504036,1.213777505058477,339.9241452559952
12.35,95.08839192870735,-1.0321068437023704,-3.2853416616730478,-4.957138768872629,0.0,0.0,0.0,0.0,6.0358876020517425,287.5319254524634,100187.87973418809,1.213868277468988,339.92713172322897
12.4,95.49525560773505,-9.72548621471193,6.767362121218403,-10.973440300162558,0.0,0.0,0.0,0.0,16.14926203309257,287.5292808385497,100183.03653133701,1.2138207618947423,339.92556845666667
12.45,94.9600013191846,-14.558184068168973,10.265790449674217,-9.92603291524881,0.0,0.0,0.0,0.0,20.392481613425915,287.5327599914253,100189.40810304806,1.2138832718615244,339.92762502884943
12.5,94.862404861206,-10.45742450317764,9.397086760578043,2.564506475402468,0.0,0.0,0.0,0.0,14.291244182641078,287.5333943684021,100190.56990926855,1.2138946699830637,339.9280000159295
12.55,94.84914606983325,-22.53218481911999,-4.880828274055909,-9.377659053903631,0.0,0.0,0.0,0.0,24.889000114409292,287.5334805505461,100190.72774520604,1.2138962184606952,339.92805095909335
12.6,94.25226573420579,-25.42572172900875,-2.0933161121798722,-6.481914115201979,0.0,0.0,0.0,0.0,26.322319585920884,287.53736027272765,100197.83336515527,1.2139659289324924,339.93034429541746
12.65,93.5514418426629,-7.3420485584630475,-3.857070680106,-1.5063497188564725,0.0,0.0,0.0,0.0,8.42922064853339,287.54191562802265,100206.1769120959,1.2140477830235692,339.9330369843941
12.7,93.23301828509356,-3.6841695577601814,-2.1123538682357714,1.423804025510518,0.0,0.0,0.0,0.0,4.479102822891816,287.54398538114685,100209.96803879018,1.2140849753180456,339.93426041680686
12.75,93.04402143654079,9.97212609355763,-2.45913690666553,-2.160490163276644,0.0,0.0,0.0,0.0,10.49563580242534,287.54521386066244,100212.21827584029,1.2141070508132148,339.9349865697622
12.8,93.02580311239095,-7.743000660334319,3.30347052397576,14.788843037047547,0.0,0.0,0.0,0.0,17.016957868642212,287.5453322797694,100212.43518928057,1.2141091787936371,339.9350565670904
12.85,93.60055858234232,-15.969500631529048,0.986505478376056,-10.733591380702102,0.0,0.0,0.0,0.0,19.26676224504665,287.54159636921474,100205.5921422622,1.2140420462007302,339.93284826991396
12.9,93.3626185393637,-5.635397693076416,-3.9502087133645167,-1.3911720546426045,0.0,0.0,0.0,0.0,7.021197598977718,287.5431429794941,100208.42501398991,1.2140698377310153,339.93376247317553
12.95,93.02721833435523,-8.66001982220929,0.44264493832150026,-0.7545538182963676,0.0,0.0,0.0,0.0,8.7040926768495,287.5453230808267,100212.41833916256,1.214109013489383,339.93505112961185
13.0,92.97042434299817,-4.302191399522478,-8.788532778271717,-2.8128419085872727,0.0,0.0,0.0,0.0,10.181318128591526,287.5456922417705,100213.09454970346,1.2141156472950916,339.9352693399146
13.05,93.26640920054328,-7.585437591161773,-12.096148378823763,-2.0529757905464803,0.0,0.0,0.0,0.0,14.42464483613031,287.54376834019644,100209.57048363582,1.214081075173859,339.9341321239671
13.1,93.08085830706322,-12.189271195813365,1.6706380094620954,-3.1340507573721874,0.0,0.0,0.0,0.0,12.696126881593853,287.54497442100404,100211.77968494203,1.2141027481133708,339.93484503735255
13.15,92.67548086066454,-18.998425176519916,-4.416232939286328,-1.284949038907724,0.0,0.0,0.0,0.0,19.547234244118865,287.5476093744057,100216.60631673216,1.214150098529046,339.936402550966
13.2,92.33534812830204,-10.293297835048952,-1.4492513420093107,-8.604149047614872,0.0,0.0,0.0,0.0,13.4938389869937,287.549820237166,100220.65625672575,1.2141898290771094,339.93770938027734
13.25,91.91543686750009,-8.698217340464769,2.6748192716139245,-4.393242266292286,0.0,0.0,0.0,0.0,10.105158120885404,287.55254966036125,100225.65629765806,1.2142388798433916,339.93932272099585
13.3,91.65133319206235,-9.57376726728152,-0.6088257586291158,-3.7565417268555414,0.0,0.0,0.0,0.0,10.30239264627631,287.55426633425157,100228.80118268488,1.2142697311564032,339.9403374295932
13.35,91.65361390527903,-6.551410134768589,-4.210397055104549,1.3433603667390075,0.0,0.0,0.0,0.0,7.90272327685253,287.55425150961565,100228.77402414131,1.2142694647319578,339.9403286669136
13.4,91.49257080538922,-14.278784850112794,-7.297144121225555,-5.373741829457383,0.0,0.0,0.0,0.0,16.91180387692003,287.55529828976495,100230.69172664545,1.2142882772985473,339.94094740661626
13.45,90.80537631430347,-21.404098613361228,-6.261903005031048,-4.775981911330793,0.0,0.0,0.0,0.0,22.806947842976882,287.559765053957,100238.87517795636,1.214368555780982,339.9435876468825
13.5,90.76530651358549,-6.9057199154528215,-0.8284910285884346,-5.168258644650363,0.0,0.0,0.0,0.0,8.665232965889404,287.5600255076617,100239.35236562089,1.214373236884983,339.9437415967001
13.55,90.95955133608271,2.048958363526942,1.2870730671416046,-4.327183125751971,0.0,0.0,0.0,0.0,4.957751633494855,287.55876291631546,100237.03913859841,1.2143505446069893,339.9429952994762
13.6,90.86019886732811,0.8981670586608379,-1.4323384779631096,-3.7771351937742983,0.0,0.0,0.0,0.0,4.138242121090252,287.55940870736237,100238.22230406717,1.2143621512276381,339.9433770162727
13.65,89.77451675221941,2.039431998175742,-1.4491525945701598,-7.983188374619237,0.0,0.0,0.0,0.0,8.366039848230958,287.56646564111054,100251.15217714288,1.2144889890418187,339.94754822941894
13.7,89.95305955865743,-15.24048257672476,8.854872592857596,2.31061695650942,0.0,0.0,0.0,0.0,17.776952172037266,287.5653051128687,100249.02573835953,1.214468129588631,339.94686226777935
13.75,89.4820594918843,-7.5990421975013644,-6.502851905866748,-1.1430017977435392,0.0,0.0,0.0,0.0,10.066726296998748,287.5683666133027,100254.63541212893,1.2145231579024192,339.94867184751286
13.8,89.65562357075123,-7.933213478277149,6.215968157718037,-5.393391898961167,0.0,0.0,0.0,0.0,11.430783542936272,287.5672384467901,100252.56821116965,1.2145028796820911,339.94800501637235
13.85,89.1878864427084,-11.382945974616046,-1.6649937803150028,1.4842070046091609,0.0,0.0,0.0,0.0,11.5994195450482,287.5702787381224,100258.13918142738,1.2145575279668817,339.9498020539051
13.9,89.14048509831228,-8.168315931527351,-0.6007089097648065,-0.05372453338463723,0.0,0.0,0.0,0.0,8.190550816459279,287.5705868468609,100258.70376783087,1.2145630662299693,339.94998416847733
13.95,88.99590793226976,-17.078717576057677,-4.619200719485054,-2.136091428800122,0.0,0.0,0.0,0.0,17.820844422244026,287.57152659844024,100260.42580877694,1.2145799584099013,339.9505396290984
14.0,88.87390505189823,-13.106280007963052,-3.154643090377456,-6.9129985088122705,0.0,0.0,0.0,0.0,15.14978207954289,287.57231961716263,100261.87898879939,1.2145942131838738,339.9510083593652
14.05,88.5640072251412,-5.285976282313776,2.3612212215615402,-1.645790726015401,0.0,0.0,0.0,0.0,6.01876549037879,287.57433395303656,100265.57026792955,1.21463042211327,339.95219897171836
14.1,88.65427290791564,-9.732904846712401,-0.6069565690154032,-3.0662451910084405,0.0,0.0,0.0,0.0,10.222509114850967,287.57374722609853,100264.49507694054,1.21461987524954,339.951852175793
14.15,88.59720559750463,-11.87245969419827,-1.745210502616131,0.5644011866954227,0.0,0.0,0.0,0.0,12.01330960178532,287.5741181636162,100265.17482762833,1.2146265431258874,339.9520714253885
14.2,88.12111312876401,-13.836620161311826,-2.19495910476187,-1.1277133807725896,0.0,0.0,0.0,0.0,14.054950744459102,287.577212764663,100270.84589360048,1.2146821719608278,339.9539005420222
14.25,88.1295608568997,-17.10024967360754,-4.825243526719479,-6.121021191171207,0.0,0.0,0.0,0.0,18.79277559102513,287.57715785443014,100270.74526461709,1.2146811848724128,339.95386808648
14.3,87.97061032392754,-13.114526019633887,-5.358288092542471,-5.3972903335330065,0.0,0.0,0.0,0.0,15.160237034650399,287.57819103289444,100272.638690409,1.2146997578065941,339.95447876206794
14.35,87.41375804052089,-7.667083170889303,-3.0908497589012165,-4.219940309226358,0.0,0.0,0.0,0.0,9.28145531664443,287.5818105727366,100279.2721678588,1.2147648261836836,339.9566181365876
14.4,87.46568880879131,-5.965454089383919,-2.6090192724714307,-5.234567844699424,0.0,0.0,0.0,0.0,8.354299765835307,287.58147302274284,100278.65352992484,1.21475875794316,339.9564186239902
14.45,86.95459247322451,-2.8663326047757716,0.4306741927745684,-4.852685168068595,0.0,0.0,0.0,0.0,5.652423922700385,287.584795148924,100284.7422240548,1.214818481840942,339.9583821977303
14.5,87.0603314921888,-11.948781135337937,-2.5245536433814793,-1.1198959176190608,0.0,0.0,0.0,0.0,12.26380481681025,287.58410784530076,100283.482529842,1.214806125578309,339.95797596142825
14.55,86.7484864270431,-10.187784765503034,-4.130212838549164,0.7635423682486396,0.0,0.0,0.0,0.0,11.019646703413082,287.5861348382242,100287.19765148617,1.2148425668918907,339.9591740304079
14.6,86.52428802384757,-8.849389926625436,-0.3460912410918908,2.0497046214639982,0.0,0.0,0.0,0.0,9.09025688613205,287.58759212784497,100289.86867600374,1.214868766586467,339.9600353694785
14.65,86.36210189669973,-16.88161557462983,-5.061975699650814,-1.9599102079327455,0.0,0.0,0.0,0.0,17.732844961161724,287.58864633767143,100291.80094298856,1.2148877198321062,339.9606584646524
14.7,86.27231615171661,-6.275215021434842,-4.495584927333854,-2.808712185367282,0.0,0.0,0.0,0.0,8.214467210010852,287.5892299450138,100292.87065305733,1.2148982123883234,339.9610034077478
14.75,85.7033716164678,-6.1120128181191,-0.14756938074306603,-0.24736927370207584,0.0,0.0,0.0,0.0,6.118796365998542,287.59292808449294,100299.64929013669,1.2149647020879497,339.96318919747057
14.8,85.43822817279704,-11.560679167987873,0.8821777220596377,2.248917017302957,0.0,0.0,0.0,0.0,11.810383910320693,287.5946515168768,100302.8084439182,1.214995689025835,339.96420782942323
14.85,85.69445383842432,-18.514806314463588,-3.854406689582595,-1.600547519212082,0.0,0.0,0.0,0.0,18.979363955413675,287.59298605005023,100299.75554313192,1.2149657442861852,339.96322345797006
14.9,85.13710151391393,-15.737108261357992,-4.624487080250156,0.04000031594706743,0.0,0.0,0.0,0.0,16.402562519630234,287.59660884015955,100306.39643130614,1.2150308820042548,339.9653646985159
14.95,84.78895151818465,-10.525273836878004,-2.9071525959208504,-1.7240439150217752,0.0,0.0,0.0,0.0,11.054648478272005,287.59887181513176,100310.54484116769,1.2150715716198413,339.9667022170657
15.0,84.53277052356482,-4.2699259560861575,-2.970539071737295,-0.09874741093655959,0.0,0.0,0.0,0.0,5.202511037791543,287.6005369915968,100313.5974755674,1.2151015131338525,339.96768640683047
15.05,84.37888412349618,-8.149542136543287,-4.749449150198002,-1.7037682261218725,0.0,0.0,0.0,0.0,9.58515156030167,287.60153725319725,100315.43121106252,1.2151194990946348,339.9682776023998
15.1,84.37936790991279,-13.419289861148256,-3.648022491077375,-2.329308277564776,0.0,0.0,0.0,0.0,14.100038493736623,287.60153410858555,100315.42544614198,1.2151194425502447,339.9682757438071
15.15,83.98938434820846,-11.881274107065227,-2.7315366278763946,-1.756148606130647,0.0,0.0,0.0,0.0,12.317062339838326,287.6040690017366,100320.07267534202,1.2151650240256369,339.96977396487455
15.2,84.11763079750051,-8.498923905426906,-1.96638067752309,-1.7355097856741346,0.0,0.0,0.0,0.0,8.894400189745443,287.60323539981624,100318.54441055168,1.2151500343716084,339.9692812742412
15.25,83.98994090254412,-7.420221237564058,-2.5869894668917497,0.10843500726660142,0.0,0.0,0.0,0.0,7.85900476313677,287.60406538413343,100320.06604305224,1.2151649589743536,339.9697718267342
15.3,83.6160823246013,-5.886791220540618,-2.5195512690747455,-0.798641834082677,0.0,0.0,0.0,0.0,6.452927882045267,287.6064954648901,100324.5212827174,1.2152086569797902,339.9712080933846
15.35,83.43119108998896,-8.750097599460705,-3.3527747747085606,-0.5273545283338725,0.0,0.0,0.0,0.0,9.385276207366744,287.60769725791505,100326.72467444444,1.215230268211278,339.9719183947967
15.4,83.47501991044965,-10.801411032672496,-4.214447463911103,-2.1503944302997335,0.0,0.0,0.0,0.0,11.792211155193497,287.60741237058204,100326.20235268172,1.2152251452009692,339.9717500166239
15.45,83.26574540421127,-9.794333415473798,-3.3663039890834283,1.0918433241742673,0.0,0.0,0.0,0.0,10.414081401877437,287.6087726548726,100328.69636227559,1.2152496067759686,339.9725539904856
15.5,83.64212171104631,-14.574005982251744,-4.349444522638663,0.24079622458539873,0.0,0.0,0.0,0.0,15.211091375966278,287.60632620887816,100324.21096845734,1.2152056133588078,339.97110805708456
15.55,82.7142813210788,-12.700248131807344,-3.0050205766981732,0.30085586626260913,0.0,0.0,0.0,0.0,13.054384915733104,287.61235717141295,100335.26862498467,1.2153140678412135,339.97467255146483
15.6,82.80601273640853,-12.526363898594697,-3.8205379725522133,0.8457255088844063,0.0,0.0,0.0,0.0,13.123321018557295,287.6117609172133,100334.17536014991,1.2153033451034196,339.9743201475672
15.65,82.28646880045329,-13.063890453823666,-5.610216221996107,-1.4049422008140913,0.0,0.0,0.0,0.0,14.286833884198476,287.61513795279706,100340.36746783245,1.2153640769809873,339.97631607082656
15.7,82.21773443156377,-9.860043452904307,-4.050506268583833,-0.0048119109204698,0.0,0.0,0.0,0.0,10.659600418378014,287.6155847261948,100341.18669143476,1.2153721118310477,339.97658012562556
15.75,81.81273689725938,-10.645815279201095,-3.677179656404257,-0.8924496951525924,0.0,0.0,0.0,0.0,11.298296315937318,287.6182172101678,100346.01384127626,1.2154194557033016,339.9781359885517
15.8,81.68075820671964,-11.981857625547644,-4.575076094379553,-0.8073647252388799,0.0,0.0,0.0,0.0,12.850994950890671,287.6190750716563,100347.58693077207,1.2154348842063902,339.97864300430183
15.85,81.5107510693728,-16.078220637670558,-3.7033610560914587,-1.2195742035791537,0.0,0.0,0.0,0.0,16.544226280591847,287.62018011804906,100349.613320978,1.2154547585116666,339.9792961108667
15.9,81.37254037711546,-14.011567425431751,-1.4002558081962169,-0.34102751976499046,0.0,0.0,0.0,0.0,14.085490329237546,287.62107848754874,100351.26073972064,1.215470915907653,339.979827065947
15.95,80.66805970570725,-10.819411936949836,-1.7929849454672546,1.3448830324593013,0.0,0.0,0.0,0.0,11.049125759402042,287.62565761191286,100359.65822096104,1.2155532751367983,339.9825334109084
16.0,80.65077407932344,-11.324486744279811,-6.0218489836792335,-1.415965684051073,0.0,0.0,0.0,0.0,12.903938314406885,287.62576996848435,100359.86427453713,1.2155552960136307,339.9825998153947
16.05,80.32344511682547,-9.620883675075609,-4.736594479068935,0.0853461848234357,0.0,0.0,0.0,0.0,10.72399244310376,287.6278976067406,100363.76626915147,1.2155935647977,339.98385728034333
16.1,79.89185163065362,-11.639256669968093,-2.6110372479370065,1.5944227725523314,0.0,0.0,0.0,0.0,12.034616542173028,287.6307029644007,100368.9113589987,1.2156440247965985,339.98551528014207
16.15,80.62221049285694,-14.346904217584187,-3.977358399580174,-0.6053970403468323,0.0,0.0,0.0,0.0,14.900320333593724,287.6259556317964,100360.20476796123,1.2155586354117078,339.9827095452797
16.2,80.17677120101959,-9.960314520893569,-3.3042581151206347,0.8741295468477548,0.0,0.0,0.0,0.0,10.53043634001631,287.62885098719335,100365.51476665998,1.2156107130825735,339.98442074045596
16.25,80.10449322980698,-8.823587717121793,-2.786278860751557,0.5128137023718664,0.0,0.0,0.0,0.0,9.267255687902104,287.6293207940062,100366.37640032233,1.2156191634823437,339.98469840198294
16.3,79.77158223321416,-10.531807290083313,-5.134389404166176,-0.6968353190418692,0.0,0.0,0.0,0.0,11.737397446236969,287.6314847154841,100370.34514634164,1.2156580864473678,339.9859773029052
16.35,79.4053807621766,-10.705850316131011,-3.703252347564025,-2.197437052474494,0.0,0.0,0.0,0.0,11.539412400149704,287.63386502504585,100374.71090628089,1.2157009027370134,339.9873840859616
16.4,79.19715112179223,-11.205008656292867,-3.686791470287545,-1.784662072053678,0.0,0.0,0.0,0.0,11.930199874453487,287.6352185177083,100377.19343517875,1.2157252494688375,339.98818400896147
16.45,79.28547091864544,-10.339040494559212,-2.127576113485434,0.5532861833358139,0.0,0.0,0.0,0.0,10.570168592197538,287.63464443902876,100376.14047407372,1.2157149228511155,339.9878447249438
16.5,78.92693383990354,-9.675568242652954,-4.727886206360649,-1.118978517390932,0.0,0.0,0.0,0.0,10.826894371005569,287.6369749300406,100380.41505936203,1.2157568445072973,339.9892220573108
16.55,78.4801408673112,-6.635783086081562,-3.1910601080633483,1.5759862364353867,0.0,0.0,0.0,0.0,7.529954475043869,287.63987908436246,100385.74206385911,1.2158090869598168,339.9909384198831
16.6,78.24937671188066,-5.770029683076782,-1.6960008284157682,3.503459235863526,0.0,0.0,0.0,0.0,6.960164363787077,287.6413790513728,100388.49349868913,1.215836070342902,339.9918249007984
16.65,78.72071015902314,-12.629749276204778,-2.884717894255805,-0.32325614124851854,0.0,0.0,0.0,0.0,12.959037720528853,287.6383153839663,100382.87378596335,1.2157809575443617,339.99001427005845
16.7,77.99842284940459,-13.534930006009267,-3.7119804965545415,-2.0892822646503744,0.0,0.0,0.0,0.0,14.189370312165156,287.64301025147887,100391.48572766592,1.2158654150398664,339.99278893788585
16.75,78.14430628226994,-12.756124862109317,-3.1581318208595235,-0.6802910917823181,0.0,0.0,0.0,0.0,13.158849268275981,287.6420620091652,100389.74628904459,1.215848356439395,339.9922285282757
16.8,77.471421909935,-13.09291316924139,-4.82620393240756,-1.9156745631515648,0.0,0.0,0.0,0.0,14.084971731827748,287.6464357575854,100397.76961769378,1.215927040413196,339.9948133985294
16.85,77.6279980788406,-12.246461045376595,-5.509320018667067,-1.081270137357179,0.0,0.0,0.0,0.0,13.472103039761555,287.64541801248754,100395.9025907524,1.2159087307753396,339.994211916436
16.9,77.00793059886259,-9.417492572882558,-3.8847556430567676,-0.9230657231777147,0.0,0.0,0.0,0.0,10.229004990509347,287.6494484511074,100403.29649048141,1.215981241200564,339.9965938785954
16.95,76.80041405065992,-9.581665297798315,-4.193951641478739,-0.039111628099113546,0.0,0.0,0.0,0.0,10.459401033020354,287.6507973086707,100405.77108826264,1.2160055088355302,339.99739104063065
17.0,77.01067688710584,-11.979265150994724,-3.626633287404327,-0.738679892327772,0.0,0.0,0.0,0.0,12.53797872635279,287.6494306002338,100403.26374181567,1.2159809200435017,339.9965833288858
17.05,77.08875893951854,-9.62084156669388,-3.2158789581908263,-2.2987493324253365,0.0,0.0,0.0,0.0,10.401284460031135,287.64892306689313,100402.33264031664,1.2159717889815647,339.99628338099865
17.1,76.56609583274704,-11.86404982879023,-3.558958578233772,-1.7658835348340334,0.0,0.0,0.0,0.0,12.51160298124102,287.6523203770871,100408.56535053486,1.2160329111870665,339.99829115738214
17.15,76.56660799858486,-9.36399458833934,-2.4855561312627072,-2.6968766523708463,0.0,0.0,0.0,0.0,10.056616111307473,287.6523170480092,100408.55924285033,1.2160328512913015,339.99828918993614
17.2,76.43571218241266,-4.698206683555686,1.6519900212088399,0.3141054594188444,0.0,0.0,0.0,0.0,4.99007808668538,287.6531678708143,100410.12021258281,1.216048159111819,339.99879201586015
17.25,76.2096365998405,-6.016356725509658,-0.7543138150464609,0.47395272482133677,0.0,0.0,0.0,0.0,6.081954354113552,287.654637362101,100412.81627430195,1.2160745982294967,339.9996604655768
17.3,76.36410587686117,-8.77752024128463,-2.534837561891292,-2.517736012882036,0.0,0.0,0.0,0.0,9.476774645516244,287.6536333118004,100410.9741464005,1.2160565332880993,339.99906708550424
17.35,75.92238122814418,-10.865453888332443,-2.6677644619050893,-2.810684701954175,0.0,0.0,0.0,0.0,11.535813968571164,287.65650452201703,100416.24201943944,1.2161081928437736,340.0007639289403
17.4,75.74593989142434,-11.337669535253502,-5.01531200973197,-3.5152979185581734,0.0,0.0,0.0,0.0,12.886171832697114,287.6576513907057,100418.34626739453,1.2161288280706253,340.00144170927115
17.45,75.12458617474039,-8.636293688472556,-4.634873897984926,-3.6779010387607833,0.0,0.0,0.0,0.0,10.468743036997829,287.66169018986415,100425.75684628563,1.2162014989732148,340.0038285616806
17.5,74.80006931345892,-7.9174055700421135,-2.941336142728122,-3.242587312652256,0.0,0.0,0.0,0.0,9.047162082400536,287.6637995494625,100429.62737464128,1.216239454413327,340.00507514586087
17.55,75.08450919700779,-7.942376694524103,-1.0043589193257607,-4.8520303624302,0.0,0.0,0.0,0.0,9.361211622140234,287.66195069021944,100426.2348398068,1.2162061863210656,340.0039825117913
17.6,74.86454462105455,-9.432723059125752,-3.156159849202949,-4.7234544382018,0.0,0.0,0.0,0.0,11.011295615578204,287.66338045996315,100428.85836490283,1.2162319133195436,340.0048274737366
17.65,74.67327000473279,-12.322519031114156,-4.213465417119648,-1.6124847945995335,0.0,0.0,0.0,0.0,13.122418729268187,287.6646237449692,100431.1397489701,1.216254285086377,340.00556222566536
17.7,74.13650844081953,-11.941603261289798,-4.127154412098479,-2.049696456529504,0.0,0.0,0.0,0.0,12.799865138166913,287.66811269513465,100437.54207339407,1.2163170672076105,340.0076241039218
17.75,74.20925059604191,-13.025766559272173,-4.647534818637962,-2.4228931337523134,0.0,0.0,0.0,0.0,14.040676104970498,287.6676398711257,100436.6744083092,1.2163085588026359,340.00734467803676
17.8,73.45427938201036,-11.913771944118384,-5.413494230096088,-3.314489049388426,0.0,0.0,0.0,0.0,13.49924884481584,287.67254718401693,100445.67996566465,1.2163968674596906,340.0102447527734
17.85,73.55354130479185,-10.534449426956447,-4.511607998313727,-1.382515425019437,0.0,0.0,0.0,0.0,11.542988363503106,287.67190198151883,100444.49589784128,1.2163852565553757,340.00986345886054
17.9,73.43995473566211,-13.742597027014362,-2.8366642778273676,-1.7402459215226913,0.0,0.0,0.0,0.0,14.139805272328973,287.6726402942182,100445.85084131335,1.2163985430548054,340.01029977787067
17.95,73.09102391792372,-13.22710732555563,-2.445022171038503,-0.6130111127360588,0.0,0.0,0.0,0.0,13.465150732278312,287.6749083445335,100450.01323526053,1.2164393590423104,340.0116401190078
18.0,73.32961328358415,-10.967263623610656,-1.5578448128339049,0.8037360200610819,0.0,0.0,0.0,0.0,11.106473042356455,287.6733575136567,100447.16708883327,1.216411450071253,340.0107236309073
18.05,73.01289000893176,-8.873087489671788,-1.5470973467069513,1.4218720806900422,0.0,0.0,0.0,0.0,9.118492858658358,287.67541621494195,100450.94531340181,1.2164484988562492,340.0119402525428
18.1,72.78707903754773,-4.954851224289664,-2.904579799724518,0.29846305380074073,0.0,0.0,0.0,0.0,5.751192455682261,287.6768839862559,100453.63910600834,1.216474913678763,340.01280765223635
18.15,72.7925356426333,-8.754254443162383,-2.216529803131082,-1.5716283397931925,0.0,0.0,0.0,0.0,9.166241915978311,287.67684851832286,100453.57401121652,1.216474275373094,340.01278669199843
18.2,72.531087600911,-10.189583283917637,-2.967287532498466,-2.62436202604521,0.0,0.0,0.0,0.0,10.93250560686628,287.67854793059405,100456.69300462978,1.216504859469979,340.0137909804069
18.25,72.35717731740644,-10.899315443561736,-2.4240646176855485,-1.582921827014468,0.0,0.0,0.0,0.0,11.277269524109867,287.67967834743683,100458.76774337904,1.2165252037575172,340.0144590123844
18.3,71.8702690667236,-8.896040550067568,-3.20558835511162,-1.8211808987919582,0.0,0.0,0.0,0.0,9.629747350631707,287.6828432510663,100464.57671276244,1.2165821644043533,340.01632933920393
18.35,72.06211616684895,-8.763290737798162,-3.8248841057704315,-1.799569428121538,0.0,0.0,0.0,0.0,9.729514535904862,287.68159624491545,100462.28788372858,1.2165597210518266,340.0155924115013
18.4,71.97787640965427,-9.921493640783066,-2.6564153807435287,-0.557936107836438,0.0,0.0,0.0,0.0,10.28610088612674,287.6821438033372,100463.29289972516,1.2165695758532964,340.0159159954827
18.45,71.36333553232426,-12.406148928397265,-4.035613637801877,-0.6269394553694301,0.0,0.0,0.0,0.0,13.06107812348904,287.68613831903986,100470.62487911018,1.216641469864003,340.0182765768225
18.5,71.09245767954272,-12.34017179987124,-4.10507957524405,-0.29615554446173603,0.0,0.0,0.0,0.0,13.008429054883555,287.68789902508297,100473.85681282751,1.2166731603995216,340.01931707067774
18.55,70.84246861505997,-11.119055384897935,-2.5452407411984996,1.2975062088769949,0.0,0.0,0.0,0.0,11.480207552355436,287.6895239540021,100476.83959016314,1.2167024076747313,340.0202773238602
18.6,70.26034410006778,-10.862465789521071,-2.8351858883749657,1.346139311202081,0.0,0.0,0.0,0.0,11.306791458911754,287.69330776334954,100483.78556310407,1.2167705149618895,340.02251335883227
18.65,70.6285005392802,-10.393867587301495,-2.8166870016093792,1.911492758569519,0.0,0.0,0.0,0.0,10.937093473745918,287.6909147464947,100479.39263529306,1.21672744112972,340.02109921176043
18.7,70.72927231230268,-14.981151101948932,-5.784905691155998,-1.7267002701487777,0.0,0.0,0.0,0.0,16.15182701795455,287.69025972997,100478.19023029134,1.2167156511646133,340.0207121304275
18.75,69.96449691394184,-17.154402698904853,-5.526674073295745,-2.498099429219203,0.0,0.0,0.0,0.0,18.195003683069118,287.69523077005937,100487.31579287516,1.2168051295493825,340.02364975037216
18.8,69.60651849738045,-14.339960863692342,-5.67726033051718,-1.8681654336105713,0.0,0.0,0.0,0.0,15.535630161664812,287.697557629767,100491.58754480896,1.2168470145961114,340.0250247918151
18.85,69.19375020133506,-12.299751225661307,-3.9476010766035965,0.0865302425758182,0.0,0.0,0.0,0.0,12.91800766202122,287.7002406236913,100496.51328620713,1.2168953116684833,340.02661028137607
18.9,69.13547510454504,-9.104584672957783,-1.6320435831653275,1.952834053014019,0.0,0.0,0.0,0.0,9.453601914774076,287.7006194118204,100497.2087237205,1.2169021304221437,340.0268341219973
18.95,69.05540727781172,-7.906143975792254,-2.498624526884067,1.2498807905815514,0.0,0.0,0.0,0.0,8.38525128323341,287.7011398526942,100498.16423548703,1.2169114991850423,340.02714167048816
19.0,68.88468377921367,-10.22358517975458,-3.3173343654593297,0.0059129640724351895,0.0,0.0,0.0,0.0,10.74832248228062,287.7022495554351,100500.20163659155,1.216931475782369,340.0277974355078
19.05,69.00615618236638,-12.650598611004844,-4.11740087338969,-0.24566770630345847,0.0,0.0,0.0,0.0,13.306050796192997,287.7014599848146,100498.75199084042,1.216917262099427,340.0273308487091
19.1,68.3646396626253,-11.596563187411816,-2.9270942585180144,-0.060644659702122294,0.0,0.0,0.0,0.0,11.96042793267174,287.70562984219293,100506.4080091994,1.216992328423862,340.0297949660913
19.15,68.31022490231967,-11.358514705792,-4.230634880172317,-1.159169773813709,0.0,0.0,0.0,0.0,12.176116062831657,287.7059835381349,100507.05743026614,1.216998695868004,340.03000397681126
19.2,68.51788416689067,-10.68122080726728,-3.784994587786529,1.0244275517037316,0.0,0.0,0.0,0.0,11.378229817149174,287.7046337529152,100504.57910808262,1.2169743963708126,340.02920634304934
19.25,68.67124434775248,-10.804785696958039,-2.251052891577057,1.6227683124390944,0.0,0.0,0.0,0.0,11.155447551475596,287.7036369117396,100502.74885339903,1.2169564509841257,340.02861727466524
19.3,68.33194575595265,-12.267793724357363,-3.457734076722785,0.7726833870861415,0.0,0.0,0.0,0.0,12.769170976433465,287.7058423525863,100506.79819909374,1.2169961541589573,340.0299205455806
19.35,67.95821467697655,-10.466710384643076,-4.214034575026972,0.3386026990784006,0.0,0.0,0.0,0.0,11.28825785776269,287.70827160459964,100511.25863085168,1.2170398876134105,340.0313560684374
19.4,67.6107495457104,-9.994602905721447,-3.798203852996117,0.34557001361773887,0.0,0.0,0.0,0.0,10.697563198517777,287.71053012795284,100515.4057257298,1.2170805485442944,340.0326906968217
19.45,67.52354670180833,-9.877486522180634,-4.021049363738766,0.23769513890767857,0.0,0.0,0.0,0.0,10.667243175279372,287.7110969464382,100516.44653815075,1.2170907533250772,340.03302564584095
19.5,67.71933874288108,-9.284882933173208,-3.3576612502339485,0.4281758933981987,0.0,0.0,0.0,0.0,9.882624891684449,287.70982429817127,100514.10966798327,1.2170678411494065,340.0322736016481
19.55,67.77790138282514,-10.774549056844934,-3.1454385206675033,-0.4968438961761592,0.0,0.0,0.0,0.0,11.235281248051805,287.7094436410116,100513.41070385781,1.2170609880366121,340.0320486601422
19.6,67.12719672855272,-13.373664012669447,-4.044557641020274,-1.0552641587217002,0.0,0.0,0.0,0.0,14.011670781173384,287.7136732212644,100521.17729630992,1.2171371364055277,340.03454803509237
19.65,67.09369973970125,-13.388928806962852,-4.411325717716358,-0.9126410704840624,0.0,0.0,0.0,0.0,14.126433481570631,287.7138909516919,100521.57711828216,1.2171410564716219,340.0346766974751
19.7,66.61475609254084,-11.74461578984424,-3.9895559247709653,-0.7063253985560642,0.0,0.0,0.0,0.0,12.423825984638514,287.71700408539846,100527.2939578473,1.217197107066081,340.03651632111377
19.75,66.1079233197985,-11.617646836859748,-4.967352755853718,-0.29871485339227805,0.0,0.0,0.0,0.0,12.638573574210104,287.7202984984213,100533.34397851583,1.2172564236648953,340.03846305610864
19.8,65.85993469360739,-10.004097508513146,-3.8661036728557483,0.6395356103968586,0.0,0.0,0.0,0.0,10.744195193967453,287.7219104244915,100536.30430554767,1.2172854475382602,340.0394155716222
19.85,65.69973317447028,-10.534012278699361,-2.890828685980779,1.8484645193392948,0.0,0.0,0.0,0.0,11.078769167138312,287.7229517343659,100538.21672468257,1.2173041973433565,340.0400308985541
19.9,65.89540235854052,-11.05909233576812,-2.4236911286438905,0.390120520304719,0.0,0.0,0.0,0.0,11.328283011934117,287.72167988466947,100535.88091129134,1.2172812964726354,340.0392793417433
19.95,65.67594058819166,-14.649502418588442,-4.743172185882098,-1.1394817390017509,0.0,0.0,0.0,0.0,15.44033750054294,287.7231063861767,100538.50075319859,1.2173069820196611,340.0401222847281
20.0,65.88474312711813,-13.009506732339899,-5.048347186180421,0.10134367781515707,0.0,0.0,0.0,0.0,13.955047304543472,287.7217491696737,100536.00815541606,1.2172825440069421,340.03932028342956
20.05,64.94290972247275,-13.200857501709216,-4.023313096395716,-0.18389076858596115,0.0,0.0,0.0,0.0,13.80157610082388,287.72787108680393,100547.25176671421,1.217392778093928,340.0429378088213
20.1,65.24638844595337,-13.616730266891686,-3.95224444340251,-0.06989056672935401,0.0,0.0,0.0,0.0,14.178873861947144,287.7258984751013,100543.62872520834,1.2173572574962996,340.0417721695218
20.15,64.74737788713496,-11.803791225590992,-3.4356221145375776,0.9981145910524021,0.0,0.0,0.0,0.0,12.33406742920235,287.7291420437336,100549.58615424964,1.2174156644927858,340.043688830002
20.2,64.75230261352448,-11.839515875637048,-4.109772068939275,0.19332991007847133,0.0,0.0,0.0,0.0,12.5340232600002,287.7291100330121,100549.52735909125,1.2174150880646957,340.04366991456635
20.25,64.35205142663844,-11.892164324973832,-3.8933906926386297,-0.25634228103523954,0.0,0.0,0.0,0.0,12.515900877793488,287.73171166572683,100554.30595536536,1.217461937242409,340.0452072403104
20.3,64.25408423758292,-9.12401033347093,-2.3434310080155782,1.0203567418626256,0.0,0.0,0.0,0.0,9.475249935240639,287.7323484524557,100555.47561300115,1.2174734044572415,340.0455835216631
20.35,64.30172160225887,-9.527401401549403,-2.8644537530356557,1.086552387188115,0.0,0.0,0.0,0.0,10.007850361572647,287.7320388095853,100554.90685582136,1.2174678284178424,340.04540055176165
20.4,63.73693600757726,-12.706709999647487,-3.944027207321141,-0.03505896134204395,0.0,0.0,0.0,0.0,13.3047757875885,287.73570991595074,100561.6501727532,1.217533938847016,340.0475698250513
20.45,63.37156178974994,-15.409287787584441,-4.372146497950768,-0.1396536128120627,0.0,0.0,0.0,0.0,16.01815589422558,287.7380848483666,100566.01279167026,1.2175767088342067,340.0489731759428
20.5,63.24008319482452,-14.533049516430129,-4.16351639336759,0.33465565118528445,0.0,0.0,0.0,0.0,15.12138854106067,287.7389394592336,100567.58270185348,1.2175920997411114,340.04947816528437
20.55,62.952137753310915,-12.617317780868838,-3.713969070617216,0.36458870570704693,0.0,0.0,0.0,0.0,13.157628934016167,287.74081110460344,100571.02096186359,1.2176258072038717,340.05058411743244
20.6,62.89812437617825,-9.007665972579485,-4.045240069568209,0.49207865757855074,0.0,0.0,0.0,0.0,9.886564362772885,287.7411621915548,100571.6659280989,1.2176321301961195,340.05079157372967
20.65,63.02467936163842,-6.027159490293411,-2.4297403982064805,1.458879087773903,0.0,0.0,0.0,0.0,6.660226581495147,287.74033958414935,100570.15475786239,1.2176173152724903,340.05030549711626
20.7,63.118424750765854,-9.190992363768784,-3.960471281938254,0.1917493805880515,0.0,0.0,0.0,0.0,10.009817242630838,287.73973023912,100569.03537294727,1.2176063412320464,340.04994543624787
20.75,62.85155799400839,-13.37423753699899,-4.043582166334658,-0.8519165027878776,0.0,0.0,0.0,0.0,13.99809087553352,287.7414648730389,100572.22197348997,1.2176375814376117,340.05097042727016
20.8,62.57311067131858,-14.808521751713002,-3.541339811672896,-1.2765733522140088,0.0,0.0,0.0,0.0,15.279497493578754,287.7432747806364,100575.54694232375,1.2176701779518906,340.052039894035
20.85,62.48753207676337,-11.483793021972527,-3.3602054103122936,-0.03792726325594897,0.0,0.0,0.0,0.0,11.965363389730168,287.74383104150104,100576.56886322511,1.21768019636829,340.05236858555776
20.9,62.04168979545535,-6.701207137802086,-2.6962685901261563,0.4835730861238019,0.0,0.0,0.0,0.0,7.23946713118126,287.74672901632954,100581.89294207083,1.2177323907392972,340.05408097800023
20.95,61.99336079343437,-2.395879178429025,-1.8880267422605563,2.5741122944341566,0.0,0.0,0.0,0.0,3.9913576789706315,287.74704315484263,100582.47008232941,1.217738048676664,340.0542665996658
21.0,61.65767561276043,-8.414304043936054,-2.9082086495282375,0.986524567780558,0.0,0.0,0.0,0.0,8.957199384619285,287.749225108517,100586.47887622529,1.2177773483201504,340.0555558939741
21.05,61.36516924030837,-14.667381273435195,-4.3429166336013045,-2.703085182265851,0.0,0.0,0.0,0.0,15.533823348078656,287.75112639993796,100589.97212894163,1.2178115936856848,340.05667934381626
21.1,60.873482770986634,-14.213604743404817,-3.819018020615633,-1.7513601827391692,0.0,0.0,0.0,0.0,14.821562702131345,287.75432236198856,100595.84430815527,1.2178691598450442,340.05856779033275
21.15,61.1207891228138,-13.582898019023528,-3.257910050679475,-0.6343108478888113,0.0,0.0,0.0,0.0,13.982540782892823,287.7527148707017,100592.89070994097,1.2178402052048654,340.05761794891305
21.2,60.71162688902034,-11.63082246197375,-4.173840337782812,-0.7464719454425961,0.0,0.0,0.0,0.0,12.379587823210791,287.75537442522136,100597.77740305068,1.2178881102250243,340.05918943657986
21.25,60.41656910865126,-8.336016529385004,-4.486181078408025,-0.03841563350766433,0.0,0.0,0.0,0.0,9.466597488398035,287.7572923007937,100601.30144684386,1.217922656705115,340.06032267366913
21.3,60.286441339356394,-11.748631481204203,-5.456144700184325,-0.9693592647807758,0.0,0.0,0.0,0.0,12.989977446274041,287.7581381312942,100602.85566896763,1.217937892794382,340.06082245801736
21.35,60.29042451617546,-11.869050654947804,-2.8490893024794866,0.6600627851573619,0.0,0.0,0.0,0.0,12.224048273120065,287.75811224064483,100602.80809434837,1.21793742641953,340.06080715976066
21.4,60.05929278311758,-12.199115861662461,-2.2231055546448943,0.3872377454756927,0.0,0.0,0.0,0.0,12.406070255519221,287.7596145969097,100605.56873610381,1.2179644889711085,340.06169487029865
21.45,59.884694135966164,-10.347082862205973,-3.5858721113157297,-1.0286892937955787,0.0,0.0,0.0,0.0,10.999036513224151,287.7607494881162,100607.65418629127,1.2179849325308472,340.0623654519701
21.5,59.38308089780456,-7.698594827659832,-3.4203533568529605,-0.5458297140658672,0.0,0.0,0.0,0.0,8.441866469150247,287.76400997416425,100613.64577580661,1.2180436673227157,340.0642919924369
21.55,59.538809216837855,-9.310822272420605,-4.958684471535569,-1.2135673844862933,0.0,0.0,0.0,0.0,10.618507845904738,287.76299774009055,100611.78562618293,1.2180254325831834,340.0636938895568
21.6,59.04661456345594,-10.74654486232735,-4.318438138263733,-2.672332614987299,0.0,0.0,0.0,0.0,11.886063100839989,287.7661970053375,100617.66490692111,1.218083065982206,340.06558424888425
21.65,58.89601614179252,-9.663325454005728,-3.708048103661002,-0.5696629952651738,0.0,0.0,0.0,0.0,10.36600190513553,287.7671758950783,100619.46386542282,1.2181007006802407,340.06616264626376
21.7,58.42160718592483,-8.754397599210147,-3.3676682147244796,-0.8646607818314482,0.0,0.0,0.0,0.0,9.419570308520411,287.77025955329145,100625.13104077641,1.2181562540576716,340.06798468347654
21.75,58.92917396866601,-10.536807722076588,-1.437964731469074,-1.7169194525632052,0.0,0.0,0.0,0.0,10.772180463933553,287.7669603692037,100619.06777965646,1.2180968179649836,340.0660352983989
21.8,58.70960710318754,-6.322853086513011,-1.687322112829284,-1.9741772514851403,0.0,0.0,0.0,0.0,6.8354153411735865,287.76838755382926,100621.69063216576,1.2181225289823434,340.0668785786957
21.85,58.59669257040818,-10.415301183867582,-2.2101599212420115,-3.8784029303399454,0.0,0.0,0.0,0.0,11.331606899209284,287.76912149829235,100623.0394827673,1.218135751300749,340.0673122435009
21.9,58.23435548979106,-17.671909359692826,-2.9296800345877068,-0.8290342868054167,0.0,0.0,0.0,0.0,17.93228104204704,287.77147668931633,100627.36797566894,1.2181781817998019,340.06870384840704
21.95,58.10075600351385,-15.907074960292245,-3.123572550292083,-0.8246647313887707,0.0,0.0,0.0,0.0,16.23181478419746,287.7723450859771,100628.96399838873,1.2181938268898471,340.0692169539925
22.0,57.833793717910176,-11.052886109773368,-6.239844782587351,-0.23016894857095868,0.0,0.0,0.0,0.0,12.694681248904594,287.77408034083356,100632.15327769212,1.2182250898133256,340.0702422538185
22.05,57.44462090814365,-8.677312598029769,-6.42158062328828,-1.2982598917731512,0.0,0.0,0.0,0.0,10.872806922405294,287.776609964097,100636.80269822151,1.21827066543945,340.07173691189286
22.1,57.04290730443463,-11.098616500137116,-3.925431939129843,0.15779441047817522,0.0,0.0,0.0,0.0,11.773410856749825,287.77922110252115,100641.60212518438,1.2183177110731525,340.073279727282
22.15,57.15107264586138,-15.32246988472784,-3.291427982037066,0.13183065977117697,0.0,0.0,0.0,0.0,15.67255438185441,287.77851802780185,100640.30981400587,1.218305043436526,340.0728643097428
22.2,57.45200151733774,-14.47635833655765,-4.146677539403943,-1.9962200723345183,0.0,0.0,0.0,0.0,15.19028570769525,287.7765619901373,100636.71452097806,1.2182698010917907,340.0717085659677
22.25,57.17901482408571,-12.956976056300736,-4.446784481594868,-3.2691829691600915,0.0,0.0,0.0,0.0,14.083489554622105,287.77833640364344,100639.97597552717,1.2183017710427626,340.07275699551735
22.3,56.73096206126093,-14.854296043177998,-4.357517172501212,-1.5170602460117328,0.0,0.0,0.0,0.0,15.554405762903501,287.78124874660176,100645.32918285026,1.21835424467975,340.07447777479103
22.35,56.8572516063375,-9.19905160398888,-2.4079172510340436,2.2314282391040674,0.0,0.0,0.0,0.0,9.767286618449813,287.78042786455876,100643.82028785182,1.2183394541222559,340.0739927514749
22.4,56.571516177402984,-6.317382062039305,-3.7096714226031446,-0.9297325151788771,0.0,0.0,0.0,0.0,7.3848074268213155,287.78228514484687,100647.2342526693,1.2183729185793875,340.0750901362221
22.45,56.498083377507804,-9.100366163255762,-4.659872386989362,-1.6535661947443678,0.0,0.0,0.0,0.0,10.35689896295014,287.7827624580462,100648.11164237205,1.218381518917285,340.075372158901
22.5,55.97615157182194,-11.461539284770154,-4.51251744442235,-0.21726479887774516,0.0,0.0,0.0,0.0,12.319776802173688,287.78615501478316,100654.34796587685,1.218442648115172,340.07737665976975
22.55,56.263914490767476,-13.76655420617646,-4.491915373929322,-0.833717394770467,0.0,0.0,0.0,0.0,14.504840679320825,287.78428455580996,100650.90958018458,1.2184089447315356,340.07627149573864
22.6,55.903062436555025,-13.21373694625148,-3.7118255778875158,-0.9088247883801046,0.0,0.0,0.0,0.0,13.755233756696594,287.7866300941624,100655.22129937125,1.218451208578276,340.07765736069905
22.65,55.58307717308266,-10.284155778179995,-1.9020356715985987,0.024667533942366593,0.0,0.0,0.0,0.0,10.458594946413085,287.78870999837494,100659.04483794286,1.2184886869479754,340.078886270593
22.7,55.459688202721935,-8.309058149574252,-1.981918422636985,0.8317948559006206,0.0,0.0,0.0,0.0,8.582559679332087,287.7895120266823,100660.5192575332,1.2185031391536436,340.07936014724976
22.75,55.24712668787885,-9.656332472774215,-4.541002409419624,-1.5979152600584396,0.0,0.0,0.0,0.0,10.789754069738395,287.79089367652875,100663.05927323436,1.2185280361980708,340.08017649046616
22.8,54.89073427766445,-12.293101546122395,-4.2766220487741515,-2.851765689545687,0.0,0.0,0.0,0.0,13.324504092813664,287.7932102271952,100667.3181207148,1.2185697808351634,340.0815452123254
22.85,54.95845414968668,-13.753113994524297,-5.1783846397758095,-2.0574875237276666,0.0,0.0,0.0,0.0,14.83903861219254,287.792770048027,100666.5088649633,1.2185618486474787,340.0812851351874
22.9,54.330316253800774,-15.458542232799168,-4.76189131012987,-1.9430301786320636,0.0,0.0,0.0,0.0,16.291639054674665,287.7968529443503,100674.01534543191,1.218635425430822,340.08369748158475
22.95,54.49860708105856,-10.380299109443724,-3.38633139549703,0.05379129055831133,0.0,0.0,0.0,0.0,10.918825185183017,287.7957590539731,100672.00416327649,1.218615712391414,340.0830511669468
23.0,54.71517260170504,-8.118829856677973,-2.656591040266968,1.285772444597224,0.0,0.0,0.0,0.0,8.63863906967978,287.7943513780889,100669.41611577859,1.2185903449706126,340.08221945334424
23.05,54.46208690331592,-6.39761162513473,-1.3089913726690077,2.823158272740719,0.0,0.0,0.0,0.0,7.1142895325341735,287.7959964351284,100672.4405998062,1.2186199902253678,340.08319142143006
23.1,54.40958418786041,-11.300291958326433,-3.674086901182429,0.6601671657666636,0.0,0.0,0.0,0.0,11.90089633547044,287.7963377027789,100673.06803927642,1.218626140212797,340.08339305619694
23.15,54.17911257808111,-15.329249480133848,-5.273810656672723,-3.9077478474069403,0.0,0.0,0.0,0.0,16.67541488855771,287.79783576824246,100675.82235303243,1.2186531371450107,340.0842781726077
23.2,53.502649696648504,-12.405749685409429,-2.768634910063585,-0.7858469155979608,0.0,0.0,0.0,0.0,12.735207885897024,287.8022327769718,100683.90695935761,1.2187323791460778,340.0868760862166
23.25,53.195758112598796,-12.94931188505136,-4.584408697004378,-0.7081240749332531,0.0,0.0,0.0,0.0,13.755105274151916,287.8042275722681,100687.57488404222,1.2187683302428338,340.08805467770753
23.3,52.76676256833129,-10.1544636102807,-4.320261507581179,0.7907621790205095,0.0,0.0,0.0,0.0,11.063593246778906,287.80701604330585,100692.70235927853,1.218818586680016,340.0897021924118
23.35,52.52041862916431,-9.921521784218077,-3.677744918464962,-0.05952197035643403,0.0,0.0,0.0,0.0,10.58139617748829,287.8086172789104,100695.6468267945,1.2188474463646437,340.0906482481924
23.4,52.55614990776673,-9.215697637718783,-1.592048514477996,1.0676813790977064,0.0,0.0,0.0,0.0,9.412950916135658,287.8083850255995,100695.21973833263,1.2188432603415555,340.09051102645844
23.45,52.59148566095685,-11.621294323108172,-3.505484241431656,-0.615588273814351,0.0,0.0,0.0,0.0,12.154087807568681,287.80815534320374,100694.79737894535,1.2188391206662348,340.09037532363845
23.5,52.25648662683908,-9.394631686511577,-4.456001131612789,-3.224795620318579,0.0,0.0,0.0,0.0,10.886429965923986,287.8103328369255,100698.80159596876,1.218878367106112,340.09166184600184
23.55,52.1820602607385,-9.007549482784329,-3.531093020421467,-2.011142908594635,0.0,0.0,0.0,0.0,9.881764083526175,287.8108166083052,100699.69122595509,1.218887086575648,340.09194767059626
23.6,51.85370261536124,-8.471800152328916,-2.3903111183173555,0.2286766021196266,0.0,0.0,0.0,0.0,8.805525427350078,287.81295093300014,100703.6162121865,1.2189255560997647,340.0932086817447
23.65,51.164620612898766,-8.056922499403909,-2.4095676655023155,0.9093079938432052,0.0,0.0,0.0,0.0,8.458537552301955,287.81742996601616,100711.8534792646,1.219006290167395,340.0958549886236
23.7,51.72226626889102,-13.042802363610491,-5.2157508027304305,-2.9163592235773352,0.0,0.0,0.0,0.0,14.346564085289938,287.8138052692522,100705.18735650757,1.2189409550991435,340.09371344315434
23.75,51.549731647442705,-12.510427630904644,-4.845933398912206,-0.7553026146483023,0.0,0.0,0.0,0.0,13.437423564600833,287.8149267442916,100707.24980542615,1.2189611693723816,340.09437603513595
23.8,51.40982389314206,-8.532774360902296,-2.2995267350657405,1.9705773201147068,0.0,0.0,0.0,0.0,9.05423859161576,287.8158361446946,100708.92226355027,1.2189775612480398,340.0949133278362
23.85,50.95232493415991,-9.169056276512073,-2.679914751765796,1.0282832321817783,0.0,0.0,0.0,0.0,9.607856289733084,287.81880988792796,100714.39136583294,1.2190311639293427,340.0966702713533
23.9,50.76137565727729,-9.80818883202,-3.917939633844811,-0.5251442430509025,0.0,0.0,0.0,0.0,10.57480948362775,287.82005105822765,100716.6741112903,1.2190535369578543,340.09740357546093
23.95,50.81819479313598,-10.42424007880742,-4.22818879365244,-1.5770333358968676,0.0,0.0,0.0,0.0,11.359110697493577,287.8196817338446,100715.99484995745,1.21904687957514,340.0971853726228
24.0,50.73469407404122,-12.78615640758129,-4.043311870503839,0.1914579615333925,0.0,0.0,0.0,0.0,13.41159284769426,287.8202244885187,100716.9930855275,1.2190566631943531,340.0975060408427
24.05,50.36716440319367,-14.11222261795946,-3.796758379900181,-0.7545361734187672,0.0,0.0,0.0,0.0,14.633506970346728,287.82261343137924,100721.3869296381,1.2190997266555406,340.098917463241
24.1,49.50703720848913,-10.508643083361898,-3.7208892599188528,-0.3293372175420672,0.0,0.0,0.0,0.0,11.152804998785179,287.8282042581448,100731.67041987194,1.2192005123303655,340.1022205826076
24.15,49.728932331004806,-5.943639507686571,-2.2340286973046064,0.4673294392092077,0.0,0.0,0.0,0.0,6.366799166179563,287.82676193984844,100729.01740956547,1.2191745110894383,340.1013684488301
24.2,49.79777062329038,-4.949363754773473,-3.0719377662702856,0.13476563484150034,0.0,0.0,0.0,0.0,5.826762822806269,287.82631449094856,100728.19438044573,1.2191664448378174,340.1011040918237
24.25,49.47482155840499,-11.852979319703364,-2.7689960835196166,-0.5654637328293399,0.0,0.0,0.0,0.0,12.185245475451362,287.82841365987036,100732.05559956603,1.2192042873331483,340.1023442987303
24.3,49.335626458841546,-10.881645892371697,-3.2510305030533373,-3.3046967833662184,0.0,0.0,0.0,0.0,11.827951533919306,287.82931842801753,100733.719870421,1.2192205982006363,340.10287884207537
24.35,48.78323223039166,-13.11999809486865,-2.4886911883585787,-2.8122024995821326,0.0,0.0,0.0,0.0,13.646846402705155,287.8329089905024,100740.32473059194,1.2192853293454664,340.1050001632043
24.4,48.83864050000137,-14.345682961759923,-4.295887614165395,-0.5450545392005102,0.0,0.0,0.0,0.0,14.985004320438872,287.83254883675,100739.6622098876,1.2192788363264018,340.104787383278
24.45,48.14144913654716,-10.172165447130757,-3.3880474133508884,-0.2657706483360679,0.0,0.0,0.0,0.0,10.724851942867627,287.8370805806124,100747.99883476745,1.219360538636488,340.10746474155883
24.5,48.48807958829945,-9.774698588736076,-5.43692142888584,-1.0861329463533291,0.0,0.0,0.0,0.0,11.237639071516366,287.834827482676,100743.85395162602,1.2193199172588745,340.1061336119403
24.55,48.01683261823604,-6.84293133403408,-3.4757648530019565,0.756776498687528,0.0,0.0,0.0,0.0,7.712286381134644,287.83789058798146,100749.48898833088,1.2193751426111847,340.10794329240844
24.6,47.62589068722604,-10.545779203824706,-2.310904658772859,0.9117874920888893,0.0,0.0,0.0,0.0,10.83444026189122,287.840431710533,100754.16395399712,1.2194209584818048,340.1094445785237
24.65,47.60709964395389,-11.553503125219097,-2.514077770076176,-0.33518051181041497,0.0,0.0,0.0,0.0,11.82862491898091,287.84055385231426,100754.38866566101,1.219423160703944,340.10951673928435
24.7,47.726514398413045,-7.48412231352914,-2.885990179415496,-1.0194755963219397,0.0,0.0,0.0,0.0,8.085812056376492,287.8397776564103,100752.96065775194,1.219409165906563,340.10905816632055
24.75,47.089589727485844,-8.802895887574884,-3.249840894256227,-1.4421912128045011,0.0,0.0,0.0,0.0,9.493806261966453,287.84391766677135,100760.57743920056,1.2194838116347366,340.11150405822116
24.8,47.055697507239856,-11.570050204305828,-4.077579319069737,-3.014183935782926,0.0,0.0,0.0,0.0,12.632419389499162,287.84413796620294,100760.98275864842,1.2194877838028206,340.1116342092372
24.85,46.299767389336616,-9.283668812049958,-2.434854546407276,-1.5600493624149077,0.0,0.0,0.0,0.0,9.723619556891375,287.84905151196926,100770.02332325777,1.219576381382213,340.11453707701924
24.9,46.50279029928438,-9.388567696068343,-2.3272823179456767,-2.249544227396762,0.0,0.0,0.0,0.0,9.930855733626117,287.8477318630546,100767.59520132364,1.2195525859233913,340.1137574456607
24.95,46.40680841138903,-14.284498920952952,-3.341493990795112,-0.58033708138107,0.0,0.0,0.0,0.0,14.681596733368336,287.84835574532593,100768.74312363744,1.219563835511304,340.11412602738824
25.0,46.39146377760636,-13.975270232009441,-2.9408824043924335,-0.1580254522303869,0.0,0.0,0.0,0.0,14.282224596249243,287.8484554854455,100768.92664307149,1.2195656339913818,340.11418495254793
25.05,46.00139224769868,-11.270206554605906,-6.012561786323514,-1.831789927394722,0.0,0.0,0.0,0.0,12.904414336030307,287.8509909503899,100773.59192879983,1.2196113533184703,340.1156828686869
25.1,45.51835048882246,-7.442356732694535,-3.764313215571696,-0.6540623160534914,0.0,0.0,0.0,0.0,8.365794955346004,287.8541307218226,100779.36938805855,1.2196679712752454,340.11753779124484
25.15,45.391733921408964,-4.486352938941805,-3.0221205719449173,0.5227852405659206,0.0,0.0,0.0,0.0,5.434508243795203,287.85495372951084,100780.88383991797,1.2196828125014432,340.1180240082529
25.2,45.56673684581314,-9.42576534219021,-0.565947375913557,1.5901139131645579,0.0,0.0,0.0,0.0,9.575688537916063,287.8538162105022,100778.79064711173,1.2196622997563922,340.11735198386236
25.25,44.855936991217135,-12.129803383840397,-4.134177472251697,-0.5801671819385218,0.0,0.0,0.0,0.0,12.82809991626577,287.85843640955704,100787.29267331211,1.2197456168977128,340.1200815005028
25.3,44.73358785494695,-12.961478204551543,-3.7458265081094546,-1.5853131712272224,0.0,0.0,0.0,0.0,13.5847102040046,287.8592316789428,100788.75617558998,1.2197599586177057,340.1205513267564
25.35,44.62497898379316,-10.816784280703255,-0.2085241064872021,1.0988376678248089,0.0,0.0,0.0,0.0,10.87445394943976,287.8599376366053,100790.05533551169,1.2197726898170491,340.12096838922264
25.4,44.123500132095245,-10.315001738874109,-3.516360296917433,-1.6549762911211676,0.0,0.0,0.0,0.0,11.022839794485192,287.86319724914136,100796.05411183457,1.2198314747979102,340.12289408170165
25.45,44.199572342288306,-5.889259802753095,-3.646944125721514,-0.622810281111832,0.0,0.0,0.0,0.0,6.954960469098058,287.8627027797751,100795.144104364,1.2198225572267365,340.12260196303953
25.5,43.92333217992278,-6.195780683112654,-2.84221182259299,-1.416757535129366,0.0,0.0,0.0,0.0,6.962260281766626,287.8644983408305,100798.44863605275,1.2198549397410419,340.12366272905734
25.55,43.600574321423586,-7.595491348726897,-3.635781046128652,-0.017300105216891654,0.0,0.0,0.0,0.0,8.420848647114731,287.86659626691073,100802.3097482818,1.2198927761693807,340.1249021194764
25.6,43.795334555435026,-13.339812908130824,-2.718237438101724,-1.2600814498221435,0.0,0.0,0.0,0.0,13.672133281021564,287.86533032538966,100799.97984142945,1.2198699446065993,340.1241542405719
25.65,43.399974581522436,-11.02915799399652,-3.6372751889474446,-2.5202935401691797,0.0,0.0,0.0,0.0,11.883769451873782,287.8679001652201,100804.70955843668,1.2199162926338236,340.1256724203526
25.7,43.31405711922574,-7.275303779486015,-1.3580911174466723,1.4035086836171362,0.0,0.0,0.0,0.0,7.532880802991626,287.868458628725,100805.73741837885,1.2199263649112262,340.126002341964
25.75,43.00520327848479,-5.564532618716551,-1.5090393723734794,2.1700679903902937,0.0,0.0,0.0,0.0,6.160391073223386,287.8704661786898,100809.43241243603,1.2199625729953674,340.1271883328795
25.8,42.94685774215935,-10.90995360342279,-5.229095625844149,-2.654118744571287,0.0,0.0,0.0,0.0,12.386075851670899,287.87084542467596,100810.13044556789,1.219969413151861,340.1274123777949
25.85,42.82711077523581,-9.11056856963572,-3.793557964039572,-3.178032763904,0.0,0.0,0.0,0.0,10.36790402815389,287.87162377996094,100811.5630841358,1.219983451815433,340.1278722016955
25.9,42.3161447560553,-12.739133141089717,-3.7976003495174715,-3.1083386213324955,0.0,0.0,0.0,0.0,13.651705043178042,287.87494505908563,100817.67640649482,1.2200433568513007,340.1298342852252
25.95,41.93962269447187,-12.664141447215524,-2.26944711040041,-0.4853873293811969,0.0,0.0,0.0,0.0,12.875032801570281,287.87739245248594,100822.18140057783,1.2200875012808492,340.1312801035514
26.0,42.02186923983226,-6.758243438976115,-1.177192582975036,-2.3767303666758712,0.0,0.0,0.0,0.0,7.260060880857293,287.8768578499411,100821.19732692874,1.2200778583768297,340.13096428310644
26.05,41.82353457537121,-10.411476071844765,-4.402557720382132,-2.8839523579676185,0.0,0.0,0.0,0.0,11.666127449968965,287.8781470252601,100823.57039931472,1.2201011120014749,340.13172587255264
26.1,41.193766900875076,-14.401069203292863,-4.812694637539035,-0.7727141077901587,0.0,0.0,0.0,0.0,15.20361506236609,287.8822405151443,100831.10586340456,1.220174950969194,340.13414411937686
26.15,41.750462411730254,-14.814096099929449,-3.330411972771202,0.34477872746819826,0.0,0.0,0.0,0.0,15.187756896172564,287.87862199432374,100824.44471846348,1.2201096793874215,340.13200646345956
26.2,41.12960646782558,-9.591704191243084,-2.7905385085308905,1.0344887097417115,0.0,0.0,0.0,0.0,10.042811426611923,287.88265755795913,100831.87359852136,1.220182473840212,340.13439048825546
26.25,41.21580107472085,-11.852111466488983,-4.919121934543878,-1.8050311167293984,0.0,0.0,0.0,0.0,12.958720776116435,287.8820972930143,100830.84220653425,1.2201723674498066,340.1340595105754
26.3,41.02185369566437,-7.864982679605867,-5.1061805073369015,-0.2633919005991503,0.0,0.0,0.0,0.0,9.38085322437724,287.88335795097817,100833.16296435772,1.2201951080337574,340.1348042464334
26.35,40.887663185574,-9.924052230403179,-1.3702351923586715,3.0179506681682535,0.0,0.0,0.0,0.0,10.46290511233117,287.88423018929376,100834.768701891,1.220210842236413,340.13531952176254
26.4,40.90628422833907,-14.525197924099688,-5.218673456531278,-3.4299272831485896,0.0,0.0,0.0,0.0,15.810766222668054,287.88410915251575,100834.54587932855,1.2202086588591756,340.13524801925706
26.45,40.39714968176249,-11.008311165683654,-3.2853054033077793,-3.034386952273853,0.0,0.0,0.0,0.0,11.882072651252749,287.8874185270685,100840.63841342385,1.2202683576008764,340.13720302765034
26.5,40.10625319543091,-12.305074761808061,-1.856322930489838,0.7609492649033309,0.0,0.0,0.0,0.0,12.46755162410427,287.8893093542297,100844.11954605997,1.2203024677688097,340.1383200261098
26.55,39.883818257585396,-10.356005412896621,-4.1555972816858775,-1.0271397634704504,0.0,0.0,0.0,0.0,11.205840127951198,287.8907551813257,100846.78147102486,1.2203285507110269,340.13917414011485
26.6,39.78212402793417,-10.710301132537712,-4.146798547500193,0.01738215759541739,0.0,0.0,0.0,0.0,11.485068161860903,287.89141619381843,100847.99848588306,1.2203404756196892,340.1395646287121
26.65,39.73708375767897,-9.345813487472242,-4.333929560552206,-2.2967283751110577,0.0,0.0,0.0,0.0,10.55472104830282,287.89170895557504,100848.53750431839,1.2203457571780185,340.139737575569
26.7,39.51172713155801,-11.282334669094457,-2.9430928580995417,1.0729082258804983,0.0,0.0,0.0,0.0,11.709141865141497,287.89317377364483,100851.23448978059,1.2203721834403085,340.1406029047615
26.75,39.16415456214428,-9.645783062350644,-1.5220892699498867,2.2603645214515895,0.0,0.0,0.0,0.0,10.023329506778882,287.895432995346,100855.39422533553,1.220412942114539,340.14193751703084
26.8,39.06318923645325,-10.253170274444626,-3.1406434811885307,-0.13602003974295607,0.0,0.0,0.0,0.0,10.724254920687898,287.89608926996306,100856.60260062989,1.22042478217623,340.1423252036125
26.85,38.95711205445773,-13.86541417870493,-4.455570118288746,2.364093118575456,0.0,0.0,0.0,0.0,14.754346874711706,287.896778771646,100857.87216837684,1.2204372217927808,340.14273251822004
26.9,38.731462471186134,-14.089777440979438,-5.391688137720046,-0.7476032221969761,0.0,0.0,0.0,0.0,15.104669473000838,287.8982454939373,100860.57286228146,1.2204636839259495,340.14359896468517
26.95,38.658655797887796,-13.989186907236183,-5.908012306443065,-1.1807865654267793,0.0,0.0,0.0,0.0,15.23142201673118,287.8987187373137,100861.44426366147,1.220472222124829,340.1438785263734
27.0,38.609725839189664,-10.497479849306723,-3.407938136585947,-0.14176101262728405,0.0,0.0,0.0,0.0,11.037718138913437,287.89903678204524,100862.02989518378,1.2204779602744933,340.144066406575
27.05,38.72672379612908,-8.12042176657828,-1.7994428550653185,0.48479628700854815,0.0,0.0,0.0,0.0,8.331522771718337,287.89827629532516,100860.62957788589,1.2204642396394167,340.1436171601671
27.1,38.02742198800876,-9.173646781025836,-2.8598823776077413,0.324928447846081,0.0,0.0,0.0,0.0,9.614587925282947,287.9028217570779,100868.99956860967,1.2205462502191482,340.14630231639575
27.15,38.00841285620322,-4.310403630871294,-2.470578935489155,-1.7346434161184119,0.0,0.0,0.0,0.0,5.262349999628884,287.9029453164347,100869.2270980482,1.2205484795728563,340.1463753067429
27.2,38.102459334732906,-8.282201459978253,-3.2282849758121754,0.46142616095425104,0.0,0.0,0.0,0.0,8.901100999917567,287.9023340143242,100868.10141458568,1.2205374500166677,340.14601419145936
27.25,37.491363756489996,-11.51774123529844,-3.288882886767417,0.2619355864180537,0.0,0.0,0.0,0.0,11.980973418616609,287.9063061355828,100875.41606671645,1.2206091192722512,340.1483606409219
27.3,37.22897043794454,-9.625160959687854,-2.7078585892161846,-0.8484496557926499,0.0,0.0,0.0,0.0,10.034744065371362,287.90801169215337,100878.55697700974,1.2206398937341052,340.14936815864536
27.35,37.03281350219062,-7.220134923217588,-1.2404430630211654,-0.12874000500615823,0.0,0.0,0.0,0.0,7.327047242303858,287.9092867122357,100880.90507380942,1.2206629001349891,340.15012134504104
27.4,36.597095418225635,-6.540509227492593,-2.9017303441367597,-3.126152974401127,0.0,0.0,0.0,0.0,7.808401396211442,287.91211887978153,100886.12099591416,1.2207140048164522,340.1517943715979
27.45,36.71132491744599,-12.432467352986963,-3.8345939976238257,-0.5711899713141342,0.0,0.0,0.0,0.0,13.02292646040164,287.91137638803656,100884.75354894732,1.220700606861757,340.1513557654302
27.5,36.56246080225387,-12.098292206927777,-2.394345759917594,-1.812835457878813,0.0,0.0,0.0,0.0,12.465469840306358,287.9123440047853,100886.5356115746,1.2207180671257296,340.1519273577662
27.55,36.44413693367871,-15.328968775801439,-3.4949231229662647,-5.226230055599593,0.0,0.0,0.0,0.0,16.56820002169796,287.9131131099311,100887.9520929777,1.220731945462124,340.1523816842799
27.6,36.01126905502282,-10.414280878524377,-5.1128349229546215,1.297192202827202,0.0,0.0,0.0,0.0,11.673946838034622,287.9159267511423,100893.1341880524,1.2207827180391895,340.1540437558865
27.65,35.36347660847751,-7.499596251410185,-4.95680254626304,-1.0661986117007838,0.0,0.0,0.0,0.0,9.052657891271387,287.9201374020449,100900.88966378731,1.2208587028832385,340.1565310526314
27.7,35.79666253774439,-8.473493881682458,-2.5210974782808853,0.22967395246983718,0.0,0.0,0.0,0.0,8.843572874260007,287.9173216935046,100895.70343844994,1.2208078905820572,340.1548677719734
27.75,35.736958928902304,-10.424963629416753,-2.984532065390434,-0.594699398464007,0.0,0.0,0.0,0.0,10.860062877282951,287.9177097669621,100896.41821423658,1.220814893662969,340.1550970131847
27.8,35.34941344242284,-13.12429604858011,-3.4980344691955456,-3.070750059236998,0.0,0.0,0.0,0.0,13.925261140989768,287.9202288126242,100901.05803563476,1.220860352506476,340.1565850500756
27.85,34.994608390842615,-14.391809883722326,-1.7293367761795748,1.046269620345189,0.0,0.0,0.0,0.0,14.533047771651756,287.9225350454595,100905.30602932375,1.2209019720529193,340.1579473696283
27.9,34.94395013662413,-11.67644433847849,-4.612651525157367,-2.1979074653043047,0.0,0.0,0.0,0.0,12.745458159994225,287.9228643241119,100905.91255996634,1.220907914485174,340.1581418780548
27.95,34.79209568305727,-10.001347998393321,-4.701418283143963,-1.1787281614869387,0.0,0.0,0.0,0.0,11.113941503207977,287.9238513780601,100907.73072912318,1.2209257278017411,340.15872494072676
28.0,34.481897342429555,-3.8555608552196965,-3.20196876980228,2.9200604906488943,0.0,0.0,0.0,0.0,5.800405742716644,287.9258676672742,100911.4448485398,1.2209621162970725,340.15991597989245
28.05,34.23888828094105,-10.998943217459031,-3.782199178319894,-1.8736407118526457,0.0,0.0,0.0,0.0,11.781014898661464,287.92744722617385,100914.35456320326,1.2209906235865304,340.16084903583845
28.1,34.1295095335614,-8.620654594969608,-1.6635809428967663,-0.4826716430700084,0.0,0.0,0.0,0.0,8.792960770659892,287.92815818803183,100915.66425236002,1.2210034549269553,340.1612690049006
28.15,33.56175811174629,-6.819725911128015,-2.2875744433077445,-1.0230287108253724,0.0,0.0,0.0,0.0,7.265552014799605,287.9318485722736,100922.46266692101,1.221070060124379,340.163448926747
28.2,33.85642321333682,-9.196649131096935,-1.4832814105650391,-1.8597809967737788,0.0,0.0,0.0,0.0,9.499329678424404,287.9299332491133,100918.93421816612,1.2210354914320165,340.16231754093684
28.25,33.385707884357274,-10.682599560564897,-0.45446924845865466,0.3643965939521812,0.0,0.0,0.0,0.0,10.69847000962567,287.93299289875165,100924.57081698322,1.2210907138475353,340.1641248812422
28.3,33.37747663378901,-3.9335984075273434,-3.299648545365907,-3.3862059978250074,0.0,0.0,0.0,0.0,6.15038763122643,287.93304640188035,100924.66938467766,1.2210916795215045,340.1641564855469
28.35,32.8763479645789,-5.151449523488962,-2.3115273622169603,-0.9186088768350025,0.0,0.0,0.0,0.0,5.720527354006133,287.9363037382302,100930.67045411021,1.2211504720422643,340.1660805890008
28.4,32.67053144847147,-6.0392592629025135,-3.9432466990243737,1.8306858764443144,0.0,0.0,0.0,0.0,7.441320968224199,287.93764154558494,100933.13521261395,1.2211746191065234,340.16687082654624
28.45,32.653330223955194,-13.457115810337633,-4.335251130688667,-3.2699716296835604,0.0,0.0,0.0,0.0,14.511412155883102,287.9377533535443,100933.34120832023,1.221176637226768,340.16693687098524
28.5,32.64623229768866,-12.1340651516575,-4.020915274904444,-0.002561236707162573,0.0,0.0,0.0,0.0,12.782930153629188,287.937799490065,100933.42621064317,1.2211774699861728,340.16696412360864
28.55,32.510248767491255,-11.071110741255117,-5.157964184296776,-4.801730450780844,0.0,0.0,0.0,0.0,13.123669566610504,287.93868338301127,100935.0547138091,1.2211934242458926,340.167486234547
28.6,32.018577049465264,-8.860638431614184,-0.36466071064908284,2.4215327918812366,0.0,0.0,0.0,0.0,9.192807618559495,287.94187924917844,100940.94302315115,1.2212511109320363,340.1693740092828
28.65,31.78239357742805,-8.356638515768333,0.86207155776252,1.4590944951868854,0.0,0.0,0.0,0.0,8.526753860632457,287.9434144417467,100943.77167877556,1.2212788225244824,340.170280832563
28.7,31.601372805940798,-8.450545024927267,-2.6933559671817915,-0.6947670911107114,0.0,0.0,0.0,0.0,8.896548706951881,287.94459107676136,100945.93972076845,1.221300062159552,340.1709758577561
28.75,31.2685905217886,-8.711494837315277,-1.2842911623405822,-1.5012543332180819,0.0,0.0,0.0,0.0,8.932710152201453,287.94675416160834,100949.92547206064,1.221339109102491,340.17225356416935
28.8,31.835820151119556,-11.671137324682487,-3.6133992641372696,-1.5869860675133867,0.0,0.0,0.0,0.0,12.320333821457357,287.9430671690177,100943.1318088321,1.2212725539004894,340.1700757021598
28.85,31.082635708952466,-12.371172969936104,-8.187648778549644,-4.500287918429479,0.0,0.0,0.0,0.0,15.50277731639481,287.94796286789176,100952.15271834012,1.221360928489309,340.17296752934334
28.9,30.76274385535745,-6.027345840580528,-3.6787957460085656,-3.5502742095917137,0.0,0.0,0.0,0.0,7.903599369028403,287.95004216494016,100955.98426882488,1.2213984643494407,340.1741957362794
28.95,30.61868458747994,-9.943272547160813,-2.1306536505149136,-0.4705796053418607,0.0,0.0,0.0,0.0,10.179872253154167,287.95097855018133,100957.70979778976,1.221415368439567,340.17474884235804
29.0,29.653289251920587,-1.1502648087441614,-6.267884873506324,-3.390432340856689,0.0,0.0,0.0,0.0,7.2183461662413775,287.9572536198625,100969.27383262973,1.2215286537238728,340.17845539101114
29.05,29.895586299879817,-15.729535684633458,-0.2179492119429126,-7.061488773996656,0.0,0.0,0.0,0.0,17.243271685455305,287.9556786890508,100966.3713648808,1.2215002203781369,340.17752511706124
29.1,30.043088621159324,-10.606444636913027,-5.000467050424901,-2.436450051955931,0.0,0.0,0.0,0.0,11.97654488631685,287.95471992396244,100964.60447288574,1.2214829113582466,340.1769587962165
29.15,29.543530460632073,-22.49616452033144,-2.1327542547232854,-15.538134255148696,0.0,0.0,0.0,0.0,27.42370644110465,287.95796705200587,100970.5886515343,1.2215415339882487,340.17887679747196
29.2,29.96650198405081,-14.110808914353354,-4.788687926308043,-5.202380474415415,0.0,0.0,0.0,0.0,15.783257676206814,287.9552177371036,100965.52188119429,1.2214918985806769,340.1772528432932
29.25,29.686729011918818,-12.114712377993177,1.4363084620831954,0.24363494725826146,0.0,0.0,0.0,0.0,12.201991476282814,287.9570362614225,100968.87325491129,1.2215247295672933,340.1783270027323
29.3,29.433743161021123,-9.386308024953365,-5.814337204245535,-3.345492679493653,0.0,0.0,0.0,0.0,11.536967397566977,287.9586806694533,100971.90382581422,1.2215544177020379,340.179298312865
29.35,29.200333449531495,-17.758643565734356,-1.796211213475946,0.337772457466725,0.0,0.0,0.0,0.0,17.85244762634071,287.96019783257805,100974.69995533806,1.2215818090474384,340.18019446019804
29.4,29.41878537636096,-12.503629791675152,-1.7607814023663553,0.8447705948429455,0.0,0.0,0.0,0.0,12.655226053773077,287.95877789505363,100972.08301057981,1.2215561730298448,340.1793557414753
29.45,28.46796214326929,-12.78869313240507,-6.792971123348923,-3.6308661292146693,0.0,0.0,0.0,0.0,14.929109737883074,287.9649582460687,100983.47379777418,1.2216677581163315,340.18300629271243
29.5,28.02552248156115,-7.6227260016620235,-6.082748226059968,1.1179278441446792,0.0,0.0,0.0,0.0,9.816085795405618,287.96783410386985,100988.77454468487,1.2217196838517257,340.18470496382133
29.55,27.631416912816718,-12.898411163683479,-3.3219847068808046,-4.27239981368184,0.0,0.0,0.0,0.0,13.9877801351084,287.9703957900667,100993.49640395575,1.221765938408744,340.1862180573371
29.6,28.078872336519623,-11.433467968716132,-1.4812604515169285,-2.8939550525754476,0.0,0.0,0.0,0.0,11.886685751849118,287.9674873298126,100988.13536291958,1.2217134225006319,340.18450013666376
29.65,27.583476451468524,-14.166975374092065,-4.814767733852024,-1.0374473797610337,0.0,0.0,0.0,0.0,14.998715833258746,287.97070740306543,100994.07080060526,1.2217715650758059,340.1864021151785
29.7,27.72689143870835,-4.099675599768648,-1.3654550418338136,-5.008729180282466,0.0,0.0,0.0,0.0,6.6150718436023705,287.9697752056484,100992.35248776308,1.2217547328315772,340.18585150163716
29.75,27.228652998917156,-11.727839513242337,-2.1619694563237863,2.4545151487044334,0.0,0.0,0.0,0.0,12.175425092934734,287.973013755507,100998.3221853316,1.2218132105444772,340.187764385972
29.8,26.895472061569855,-6.930780918027421,-0.8973329381249929,-0.8127334058959781,0.0,0.0,0.0,0.0,7.035727831901709,287.97517943159977,101002.31438806686,1.2218523168295388,340.1890435598669
29.85,26.885766631043865,-5.972227840424419,-4.822883687197842,-1.081043313847672,0.0,0.0,0.0,0.0,7.75218466527948,287.9752425168982,101002.43068128807,1.221853455994697,340.18908082163057
29.9,26.74472772541763,-7.332896234549055,-1.6659482700515904,4.019458486951508,0.0,0.0,0.0,0.0,8.526593537484832,287.9761592697848,101004.12066169118,1.2218700103862443,340.1896223075425
29.95,26.844838896591963,-12.038828726388719,-3.9102320467699507,-4.723040594164738,0.0,0.0,0.0,0.0,13.510382089972028,287.9755085471721,101002.9210902023,1.2218582598553465,340.18923795418937
30.0,26.70659629826682,-12.908692693437947,-2.937477086531749,3.9175231938747426,0.0,0.0,0.0,0.0,13.806161909164468,287.97640712406127,101004.5775705059,1.2218744860784545,340.18976870409625
30.05,26.525412046101334,-14.004388228480547,-4.667757385191769,-5.888439179238768,0.0,0.0,0.0,0.0,15.892909256288194,287.9775848217003,101006.74862887266,1.2218957528272159,340.19046431711854
30.1,25.901794893568194,-8.658873466607767,-4.494200714937128,-1.5386914429767073,0.0,0.0,0.0,0.0,9.876310097073459,287.98163833319177,101014.22147244039,1.2219689529058861,340.19285853315586
30.15,25.69517274978675,-4.316698960050889,-2.7464787908428288,3.7799800242024,0.0,0.0,0.0,0.0,6.36123294995735,287.98298137712635,101016.6975373217,1.2219932069190003,340.1936518014788
30.2,25.613011739614855,-8.80533796865306,-1.3738590299010855,-1.8894260991972809,0.0,0.0,0.0,0.0,9.109961380849635,287.9835154236925,101017.68213079224,1.2220028513613979,340.1939672353396
30.25,25.050870680118102,-10.983169886310302,-2.3767870011050496,-1.5244297673389324,0.0,0.0,0.0,0.0,11.340327301966395,287.9871693405792,101024.41887299623,1.2220688396618002,340.1961254084158
30.3,25.269196015681466,-5.8376285300606945,-4.743293952309535,-1.0578662198849698,0.0,0.0,0.0,0.0,7.595776807685209,287.9857502258981,101021.80240197851,1.2220432106856018,340.1952872149784
30.35,25.409724474973896,-15.996103787369549,-2.6029903089880797,-0.9572385247798593,0.0,0.0,0.0,0.0,16.234752862865115,287.98483679091265,101020.11829920257,1.222026714418506,340.19474769779157
30.4,24.78439943618712,-14.648023069923871,1.1532126645211538,-2.466503726718583,0.0,0.0,0.0,0.0,14.898930160939429,287.9889014036648,101027.6124122134,1.2221001209915932,340.19714844056347
30.45,24.737229854320912,-8.195503677504083,-6.98181893306678,-3.312546297289545,0.0,0.0,0.0,0.0,11.264325950264373,287.98920800594686,101028.17772716632,1.2221056583404983,340.19732953294897
30.5,24.406317747610142,-12.57636341285705,-3.5442480707530395,2.6105117493120695,0.0,0.0,0.0,0.0,13.324465567991178,287.9913589346405,101032.14369319045,1.2221445054359223,340.1985999604701
30.55,24.558922537200644,-4.986269994035652,-3.3323363803399246,-0.3348415168612704,0.0,0.0,0.0,0.0,6.006619102837407,287.9903670035082,101030.31471630684,1.2221265904320806,340.19801408547323
30.6,24.092698408830834,-11.561624210451983,-0.907412605431523,-0.22402023580362518,0.0,0.0,0.0,0.0,11.59934209713012,287.9933974603426,101035.90252256075,1.2221813233360914,340.1998039937529
30.65,24.1869340142417,-11.316421542801733,-5.188441161115866,-1.5396224729303933,0.0,0.0,0.0,0.0,12.543992808348577,287.9927849289074,101034.77306640225,1.2221702602903821,340.19944220909593
30.7,23.400516358971956,-7.924607187152326,-2.0513699494860855,-4.881325316886329,0.0,0.0,0.0,0.0,9.530732111941678,287.99789664366665,101044.19894942004,1.222262586282267,340.2024613729159
30.75,23.55777509978637,-2.938600761653503,-3.932557507923419,2.21662236755383,0.0,0.0,0.0,0.0,5.386445739989901,287.99687446185135,101042.31401299257,1.222244123567485,340.20185763746827
30.8,23.627479086902788,-8.59137208658515,-1.8629785336873586,-0.20992990118006447,0.0,0.0,0.0,0.0,8.793545013846455,287.9964213859351,101041.47853541216,1.2222359401489054,340.2015900350346
30.85,22.819385455285463,-11.393591042215103,-5.491158038723581,-1.6182192378847113,0.0,0.0,0.0,0.0,12.750896711421635,288.0016739945406,101051.16475399393,1.2223308148917669,340.20469239589573
30.9,23.586096071110575,-13.071825894808173,0.19968868420772745,-2.5092098026862226,0.0,0.0,0.0,0.0,13.311973618839346,287.99669037553775,101041.97455488406,1.2222407986111246,340.2017489096982
30.95,22.744763083007538,-10.813773117589715,-3.928374882103708,-4.467075547518579,0.0,0.0,0.0,0.0,12.341984532492646,288.0021590399604,101052.0592533738,1.2223395762626352,340.20497887801247
31.0,22.715467332013304,-12.91027433315781,-1.6402696228951066,0.917558029335886,0.0,0.0,0.0,0.0,13.046362731826237,288.0023494623419,101052.41042368747,1.2223430158734578,340.20509134701575
31.05,22.443415466675862,1.88547312882358,-4.354098276926251,-0.19825295303380816,0.0,0.0,0.0,0.0,4.7489456680440725,288.0041177994666,101055.67157652818,1.2223749578059742,340.2061357766371
31.1,21.452381151477617,-5.530811625906916,-2.197118272590733,-5.187265343345597,0.0,0.0,0.0,0.0,7.894613840289689,288.0105595225154,101067.55207007559,1.222491321721664,340.20994041225964
31.15,21.301501841844782,-15.099795432195263,-0.28214655773541797,-0.8814709561990777,0.0,0.0,0.0,0.0,15.128133388518538,288.011540238028,101069.36090650303,1.2225090382059587,340.21051964255355
31.2,21.72216033650066,-15.208921133123608,-3.8033903497270276,-6.138067564057953,0.0,0.0,0.0,0.0,16.836060513282522,288.00880595781274,101064.31785220883,1.2224596443178024,340.2089047192419
31.25,21.48937929519924,-11.788936259334236,-3.587729508137752,1.5470508159643606,0.0,0.0,0.0,0.0,12.419508338794408,288.0103190345812,101067.10851697049,1.222486977371804,340.2097983751014
31.3,21.43988141698459,-10.000668728663658,-1.6472739511506054,-0.9321570084617685,0.0,0.0,0.0,0.0,10.178202354985624,288.01064077078956,101067.70192378892,1.2224927894525566,340.2099883991609
31.35,21.36496560089438,-9.600827736087803,-2.5004904487118926,-3.057781796781253,0.0,0.0,0.0,0.0,10.381636442240648,288.01112772359414,101068.60005969502,1.2225015861682709,340.21027600335765
31.4,20.512775436132685,-9.317133053616146,-5.340352110719689,1.1224515124049543,0.0,0.0,0.0,0.0,10.797602808167882,288.0166669596651,101078.81708334557,1.2226016548901961,340.21354757134617
31.45,20.67389940086536,-11.033025944591795,-5.092393565386285,-1.4142474092554134,0.0,0.0,0.0,0.0,12.233569775556477,288.01561965389436,101076.8852821333,1.2225827343730777,340.21292901697683
31.5,20.40876287315779,-13.610301452937202,-3.9840825178365877,-1.057828016298889,0.0,0.0,0.0,0.0,14.220837502089056,288.01734304132447,101080.06416135828,1.2226138690301112,340.21394687463516
31.55,20.419001141813812,-12.568352278801694,-2.182228121584493,1.552097946497394,0.0,0.0,0.0,0.0,12.850471065848728,288.01727649257816,101079.94140717486,1.2226126667515291,340.21390757003513
31.6,20.49516865767199,-10.722116162150225,-3.805879566777487,-2.8394565842940125,0.0,0.0,0.0,0.0,11.726508771392622,288.01678140372513,101079.0281822221,1.2226037224382578,340.2136151636425
31.65,19.956699403083388,-13.735940206252621,-3.3612511831597507,-0.4053173724763385,0.0,0.0,0.0,0.0,14.147026013917953,288.02028145387993,101085.48440534736,1.222666955687376,340.2156823367652
31.7,19.598894169930098,-9.998948549761153,-4.093892596303305,-0.8503120772411226,0.0,0.0,0.0,0.0,10.837986866551361,288.02260718789546,101089.77465931073,1.2227089746741335,340.2170559372348
31.75,19.648408269509233,-8.547602491897582,-4.886420499599311,-2.5429698054851126,0.0,0.0,0.0,0.0,10.168840105440104,288.02228534624817,101089.18095305005,1.2227031599021092,340.21686585484963
31.8,19.474741269437832,-9.169576290822468,-4.103759173560266,3.1316515310513764,0.0,0.0,0.0,0.0,10.522794781793001,288.02341418174865,101091.26334575913,1.222723554873001,340.21753255412824
31.85,19.303468520041264,-8.12210151368418,-3.662040316851721,-1.6823654586388943,0.0,0.0,0.0,0.0,9.066941370564804,288.0245274546197,101093.31706369379,1.2227436689246336,340.2181900607139
31.9,18.955680421468863,-6.396381016294199,-2.034894505990761,1.2944992564868418,0.0,0.0,0.0,0.0,6.835950122782141,288.02678807726045,101097.48746711432,1.2227845134909738,340.21952519602496
31.95,19.035322839236358,-7.479313894964106,-0.9959558567606843,0.7626852869906025,0.0,0.0,0.0,0.0,7.583782252610566,288.02627040154493,101096.53244510556,1.2227751601172503,340.21921945455824
32.0,18.809838949261565,-10.338834535970346,-2.522816362719094,-1.5212721592307048,0.0,0.0,0.0,0.0,10.75036608421438,288.0277360468298,101099.23632567274,1.2228016415633298,340.2200850701491
32.05,18.931388734836897,-12.123065528799325,-3.488071691675319,-0.4494983291024877,0.0,0.0,0.0,0.0,12.622892326630023,288.0269459732235,101097.77875926487,1.2227873663688409,340.2196184499938
32.1,18.61765143029217,-4.875286887192025,-1.0801392442507303,-6.136859523456934,0.0,0.0,0.0,0.0,7.9117740001873855,288.02898526570306,101101.54098043508,1.2228242129386837,340.22082286175265
32.15,18.40102036536126,-7.304073849648825,-1.169601823740728,-4.666825883033421,0.0,0.0,0.0,0.0,8.746240738155572,288.03039336762515,101104.13880582924,1.222849655457254,340.2216544881403
32.2,17.79044874214502,-2.0836007681891826,-4.7384158858638346,-1.38936993653875,0.0,0.0,0.0,0.0,5.359508008125651,288.034362083176,101111.46103118891,1.2229213670188819,340.22399840453045
32.25,17.67178345525975,-11.403468639987711,0.4974539790452459,-5.554520128066892,0.0,0.0,0.0,0.0,12.694063625866674,288.0351334075408,101112.88416382097,1.222935304615542,340.2244539454629
32.3,17.75698965918606,-11.1690300334433,-5.2810695198692015,0.6374148196824094,0.0,0.0,0.0,0.0,12.371064013010391,288.03457956721525,101111.86229864639,1.2229252968770172,340.22412684975296
32.35,17.639387124724582,-17.620225600951194,0.3481658552636657,-3.7129735789684615,0.0,0.0,0.0,0.0,18.010545313490795,288.03534398368924,101113.27269032941,1.2229391096836115,340.2245783107464
32.4,17.090649850882425,-8.788119673771062,-5.363265937079881,3.108583429499821,0.0,0.0,0.0,0.0,10.754485568846341,288.0389107759692,101119.85383465397,1.223003562268912,340.2266848345949
32.45,16.834652269199452,-7.91019650148963,-1.831699807377597,0.29011577099764185,0.0,0.0,0.0,0.0,8.124684611546929,288.0405747602502,101122.92419677226,1.223033631656502,340.2276675682061
32.5,16.993949680806946,-6.544899586708378,-5.002446300277988,-1.550873593421,0.0,0.0,0.0,0.0,8.382445257204546,288.03953932707475,101121.01362009377,1.2230149205710434,340.2270560513545
32.55,16.51200950099944,-9.982878451154999,-2.5714728722914275,2.496206038264982,0.0,0.0,0.0,0.0,10.60666674733095,288.0426719382435,101126.79398981149,1.2230715299703148,340.22890613794397
32.6,16.56929884153568,-12.826475055047622,-2.796392914912661,0.635038012609672,0.0,0.0,0.0,0.0,13.143117931061559,288.04229955753,101126.10684992172,1.2230648005755012,340.22868621441165
32.65,16.677398984557932,-17.60822214974598,-2.858017178661173,-1.4873270511007157,0.0,0.0,0.0,0.0,17.900555612194367,288.0415969066004,101124.81028532983,1.2230521028534622,340.22827123690865
32.7,16.09849387430233,-12.457801493611802,-4.021730181913708,0.8450575583618378,0.0,0.0,0.0,0.0,13.118126923737877,288.045359789817,101131.75389166184,1.2231201037192434,340.23049354626306
32.75,15.692191225493481,-15.306674898618802,-1.7352748145142751,-3.390369179412643,0.0,0.0,0.0,0.0,15.773397804740918,288.0480007570343,101136.6274695022,1.2231678316307688,340.23205325810994
32.8,15.789165110706673,-12.345726438038842,-5.266166952184586,-1.5549033213272485,0.0,0.0,0.0,0.0,13.511743040401813,288.0473704267804,101135.46425582515,1.2231564400889652,340.23168099606806
32.85,15.378816134547304,-8.199616120423336,-5.849649100211458,-2.499865895798595,0.0,0.0,0.0,0.0,10.377929880996877,288.0500376951254,101140.38651632014,1.2232046444206752,340.2332562353952
32.9,14.587260721760856,-9.417674093703738,-2.3971475608000543,-2.7114067961860697,0.0,0.0,0.0,0.0,10.0891341837579,288.0551828053085,101149.88201171054,1.223297633770373,340.23629482165677
32.95,14.793995553746381,-7.382408791725693,-2.318024231894751,1.2152651949642115,0.0,0.0,0.0,0.0,7.832628256332063,288.0538390289006,101147.40195189518,1.2232733467144283,340.2355012201758
33.0,14.736974069369893,-8.297917240579876,-3.0477333880808546,-1.5776769167367222,0.0,0.0,0.0,0.0,8.979597640759826,288.05420966854905,101148.08599567253,1.2232800455196138,340.2357201110721
33.05,14.777830026794256,-10.541883901580277,-0.548930290153223,-0.10731212236197168,0.0,0.0,0.0,0.0,10.556711445779454,288.0539441048258,101147.59587715942,1.2232752458153446,340.2355632755141
33.1,14.841604740459314,-8.839220217339356,-0.44865008297437364,-1.6028642285619084,0.0,0.0,0.0,0.0,8.994569177163356,288.053529569187,101146.83082322941,1.2232677536744634,340.23531846057546
33.15,14.733330938147926,-9.171502180221719,-5.202387977433106,-2.45114730007845,0.0,0.0,0.0,0.0,10.825406043019086,288.054233348902,101148.12969969976,1.2232804735105898,340.23573409611646
33.2,14.566182136654188,-10.929376114406631,-1.9809685431615545,1.470278376675433,0.0,0.0,0.0,0.0,11.204339209613263,288.0553198161117,101150.13488019547,1.2233001100877652,340.2363757367822
33.25,14.339712191327799,-10.015620414051515,-3.8410722355717892,-3.971762860745288,0.0,0.0,0.0,0.0,11.438592064552417,288.05679187075634,101152.8517510096,1.2233267160749084,340.237245093921
33.3,14.142972964890912,-10.624753572963463,-5.1135155453589425,-1.4349696693090774,0.0,0.0,0.0,0.0,11.878239249596906,288.0580706757282,101155.212002052,1.2233498296174137,340.2380003210325
33.35,13.425905939615733,-6.915206549481386,-4.694483018021964,-1.736610443720449,0.0,0.0,0.0,0.0,8.536630966706117,288.06273161139245,101163.8149252655,1.2234340757326447,340.24075292749734
33.4,13.178642555955719,-10.106639967776426,-2.0534972985855933,-1.4666985992974737,0.0,0.0,0.0,0.0,10.416920244234156,288.06433882338627,101166.78157458476,1.2234631270161493,340.24170209272444
33.45,13.66599307296792,-10.4655287311361,-2.3811168796959308,1.7632773922778262,0.0,0.0,0.0,0.0,10.87686335204806,288.0611710450257,101160.93444351782,1.2234058681007365,340.2398313070715
33.5,13.27523033499372,-6.473780419789766,-2.7337220924564165,-1.9283675598373482,0.0,0.0,0.0,0.0,7.287089326217341,288.0637110028225,101165.62271257375,1.2234517787346473,340.24133132337744
33.55,13.044927050355343,-13.09788825647524,-1.2608196921140267,1.5080769975266402,0.0,0.0,0.0,0.0,13.244570181987918,288.06520797417267,101168.38591350673,1.2234788376376315,340.2422153827781
33.6,13.018527779162076,-11.01729886291406,-1.5367588634455767,-0.8092074826248453,0.0,0.0,0.0,0.0,11.153354598015882,288.06537956943544,101168.70265840268,1.223481939382599,340.2423167208468
33.65,12.392530982897096,-14.699329654814967,-5.533765363968526,-6.128455822090952,0.0,0.0,0.0,0.0,16.859739682679,288.06944854861115,101176.21375596289,1.2235554917519529,340.24471970661114
33.7,12.545991739569931,-10.390164752387863,-6.245798953355221,0.9781180557118475,0.0,0.0,0.0,0.0,12.162328850939932,288.0684510536928,101174.3723969098,1.22353746035267,340.24413062527253
33.75,11.58843401507492,-8.96309464119893,-2.895902490571634,-2.5668045167611666,0.0,0.0,0.0,0.0,9.762776357637899,288.074675178902,101185.86247229119,1.2236499752134256,340.2478063325983
33.8,11.654857570158693,-6.7129614524461445,-2.594403454896946,1.7937250727999343,0.0,0.0,0.0,0.0,7.417023013689535,288.07424342579395,101185.06539834774,1.2236421700634017,340.247551358601
33.85,11.20582495709263,-8.985550081871343,-1.8750827383040098,-0.360773455558044,0.0,0.0,0.0,0.0,9.186196331210162,288.0771621377789,101190.45382976178,1.2236949347214143,340.24927501511183
33.9,11.422912600065576,-4.355986996770318,-3.349024080652856,-4.841117345828979,0.0,0.0,0.0,0.0,7.323045962228492,288.0757510680996,101187.8487296683,1.2236694250980613,340.24844170361337
33.95,10.694293814974216,-9.734983141632028,-0.8693235593033732,0.5859690202718555,0.0,0.0,0.0,0.0,9.791270597391232,288.08048709020267,101196.59253221427,1.2237550455404207,340.25123856782614
34.0,10.863291299165716,-9.174196053738951,-4.746182555848831,-3.683290618170301,0.0,0.0,0.0,0.0,10.966255143109905,288.0793886065554,101194.56442043935,1.2237351861337025,340.25058985888097
34.05,10.47242643321878,-10.370600620480346,-3.4734128495511,-1.7711580648065965,0.0,0.0,0.0,0.0,11.079302998991565,288.08192922818404,101199.25517714166,1.2237811182234164,340.25209021978145
34.1,10.842286610332982,-10.857377017127119,0.5869250416115863,0.7683324003331995,0.0,0.0,0.0,0.0,10.900341800783712,288.0795251370328,101194.8164925589,1.2237376544449485,340.2506704869505
34.15,10.248287550352781,-8.269134052144018,-7.397162244815314,-5.813191325772261,0.0,0.0,0.0,0.0,12.525565082601373,288.0833861309227,101201.94514010524,1.2238074582727445,340.2529505888728
34.2,10.05767229580457,-9.630282169622328,1.3416160675009747,2.2609933174527055,0.0,0.0,0.0,0.0,9.98270299671829,288.08462513007726,101204.23282075766,1.2238298590790384,340.25368227401174
34.25,10.339523381330032,-11.718362894911643,-2.547532466350744,-3.1748065565729884,0.0,0.0,0.0,0.0,12.405214519532175,288.08279309802134,101200.85018250931,1.2237967364917248,340.25260037551783
34.3,10.206334668890925,-13.079350525419844,-3.6524230679821477,-1.8581236649311128,0.0,0.0,0.0,0.0,13.70628425170387,288.08365882465216,101202.44863658777,1.2238123884827714,340.25311162701064
34.35,10.017518176879,-8.430404020923321,-4.3400430296777035,1.4331205039392572,0.0,0.0,0.0,0.0,9.589656919528728,288.0848861318503,101204.71473821491,1.22383457796823,340.25383640718394
34.4,9.721647119185459,-8.02819235643136,-1.7361671984209688,-3.4856443312793575,0.0,0.0,0.0,0.0,8.922772296596824,288.08680929372525,101208.26574946943,1.2238693489956214,340.25497211777724
34.45,9.380244292460127,-7.076807162382782,-5.031185416004841,-1.358446161777997,0.0,0.0,0.0,0.0,8.788595011617126,288.08902841209897,101212.36335328294,1.2239094718958081,340.25628259882313
34.5,9.303300893140044,-7.344493994039298,-4.110447776307198,0.39912506202600595,0.0,0.0,0.0,0.0,8.42595239515186,288.0895285441946,101213.28686613808,1.2239185147025118,340.2565779467834
34.55,8.947553496159903,-11.88247136719848,-2.4684372546066733,-4.202951978384474,0.0,0.0,0.0,0.0,12.843329537344582,288.09184090227495,101217.55681160967,1.223960324735629,340.25794348317163
34.6,8.613505657494525,-10.575281711812998,-0.03937320751320228,2.2109466452386197,0.0,0.0,0.0,0.0,10.804000120407636,288.0940122132263,101221.56643559464,1.22399958547284,340.25922572081606
34.65,8.499649879852115,-7.874974171954808,-2.8287333351056163,-3.36656727115635,0.0,0.0,0.0,0.0,9.019463713620349,288.09475227578093,101222.93309216686,1.2240129671948239,340.25966275341557
34.7,8.297652111183458,-11.029732006315566,-2.879841418243886,0.5633766905095743,0.0,0.0,0.0,0.0,11.413407379953826,288.09606526127726,101225.3577891846,1.2240367087158721,340.2604381154963
34.75,8.055603993425432,-7.193755076972373,-1.5709302827640703,2.3297991927352295,0.0,0.0,0.0,0.0,7.723075704616699,288.0976385740427,101228.26329584104,1.2240651579618562,340.2613672072552
34.8,7.749181458025019,-9.224138529197763,-3.7231708097205463,-1.8090620099539367,0.0,0.0,0.0,0.0,10.110362893588162,288.0996303205228,101231.9416395066,1.2241011742126038,340.2625433939335
34.85,7.811770588040171,-11.658734589283876,-4.461592062973848,1.6983261842649284,0.0,0.0,0.0,0.0,12.5982620939523,288.0992234911777,101231.19030108184,1.2240938175539742,340.26230314920224
34.9,7.420700719909213,-12.7222609565716,-5.225372459316206,-2.0053781769449217,0.0,0.0,0.0,0.0,13.898992151168851,288.10176544532055,101235.8848934569,1.224139784037776,340.2638042453399
34.95,7.220209053997068,-11.827679901478698,-2.2153541626507347,1.8055335838692887,0.0,0.0,0.0,0.0,12.168063011025911,288.103068641149,101238.2917610139,1.2241633504076417,340.2645738169323
35.0,7.325250888649374,-9.310101041672782,-1.7168816961321234,1.399771962389965,0.0,0.0,0.0,0.0,9.570006567989553,288.1023858692238,101237.03074629114,1.224151003443523,340.26417062227546
35.05,6.931340407565462,-5.661441538352799,-3.402780727260513,-0.06808815842615798,0.0,0.0,0.0,0.0,6.605715174553014,288.1049462873508,101241.75966031576,1.2241973054735176,340.2656826135978
35.1,6.863342662525335,-9.414715021793636,-3.418968612000354,0.4449454652012186,0.0,0.0,0.0,0.0,10.026174832827998,288.1053882726936,101242.5759945757,1.2242052983734186,340.26594361638274
35.15,6.383779256902719,-8.85721958238876,-6.149362792945021,-3.222018312409696,0.0,0.0,0.0,0.0,11.253728426410998,288.10850543483014,101248.33345504884,1.2242616705278844,340.2677843685693
35.2,6.045843752543444,-13.326987339554563,-2.1794784598691224,-2.0811206959858013,0.0,0.0,0.0,0.0,13.663446902481875,288.11070201560847,101252.39074267523,1.2243013956700162,340.269081491417
35.25,6.15450461758422,-9.26568359664349,-2.834841925140439,-3.4853316294790813,0.0,0.0,0.0,0.0,10.297415103854437,288.1099957199857,101251.08613504966,1.2242886222129463,340.2686644109191
35.3,5.649338655047993,-8.168408106138125,-4.714244444195454,-4.258078856392877,0.0,0.0,0.0,0.0,10.347860997100357,288.11327929874216,101257.15139057758,1.2243480070678725,340.2706034199627
35.35,5.644993405157952,-10.868091392229001,-0.46518905645367803,1.1301196762814125,0.0,0.0,0.0,0.0,10.936589132394284,288.11330754286644,101257.20356292793,1.2243485178838858,340.27062009855
35.4,5.583187868695165,-11.120885010588982,-2.7735697103938017,-4.531689292891168,0.0,0.0,0.0,0.0,12.32489270559631,288.11370927885343,101257.94564921169,1.22435578359593,340.27085732970556
35.45,5.582614422882595,-13.184350577283384,-2.6064148950602357,1.4423966494755363,0.0,0.0,0.0,0.0,13.516693635809123,288.11371300625126,101257.95253447756,1.2243558510090125,340.2708595307894
35.5,5.440788616085532,-12.484664246955955,-4.833180301846763,-2.4643882381340703,0.0,0.0,0.0,0.0,13.612482601554847,288.11463487399544,101259.65542432552,1.2243725238393404,340.2714039069586
35.55,4.525039095736017,-10.598058455200443,-4.152380388163468,-3.1734433936912936,0.0,0.0,0.0,0.0,11.816592100974507,288.1205872458777,101270.65130563683,1.2244801821688138,340.2749188472475
35.6,4.482347381639036,-5.608927871768526,-6.054766894113481,0.11356735495153103,0.0,0.0,0.0,0.0,8.254282013407654,288.1208647420193,101271.16395086423,1.2244852013146705,340.27508271084923
35.65,3.9371244918128903,-9.23663580443448,-3.1862073223640954,-4.121191143130075,0.0,0.0,0.0,0.0,10.604318673213351,288.1244086908032,101277.71121201653,1.224549303034537,340.27717543287133
35.7,4.633941041351244,-11.31124543918003,-2.7635591739693117,-2.6978911178752862,0.0,0.0,0.0,0.0,11.952411856077891,288.1198793832312,101269.34361262029,1.2244673789418286,340.2745008485636
35.75,4.2408677855923615,-13.34733759523577,-2.5655754157655632,0.9249504965658345,0.0,0.0,0.0,0.0,13.623110199813853,288.12243435939365,101274.06369508582,1.2245135916941465,340.2760095804721
35.8,4.260947973086547,-8.739428828351144,-2.758073410409724,-6.025729463662507,0.0,0.0,0.0,0.0,10.967862177848271,288.1223038381749,101273.82256487233,1.2245112308786248,340.27593250691024
35.85,3.719527640314836,-11.37060370308999,-2.4639527627833444,-2.5435695713576054,0.0,0.0,0.0,0.0,11.909300481316599,288.12582307033796,101280.32430037284,1.2245748865591028,340.2780106284811
35.9,3.539180106021722,-4.703421636034724,-1.348475000289559,-1.6492525325896976,0.0,0.0,0.0,0.0,5.163389761482182,288.12699532931083,101282.49010857125,1.224596090877893,340.2787028495762
35.95,3.4322057482129575,-7.134864898691957,-4.42449338837336,-2.492482095200372,0.0,0.0,0.0,0.0,8.757562780890618,288.1276906626366,101283.77479004906,1.2246086684954927,340.27911344452775
36.0,3.436224157970183,-12.300136468935749,0.62548900025979,1.8223278523250508,0.0,0.0,0.0,0.0,12.450119374738895,288.12766454297315,101283.72653173543,1.2246081960251407,340.279098020852
36.05,3.2700447352191455,-9.988323649718167,-5.920552899532231,-4.563031692589111,0.0,0.0,0.0,0.0,12.475608770527048,288.12874470922105,101285.722246857,1.224627734927979,340.27973585903504
36.1,3.078214865910609,-12.241756097264066,-3.2448177565431537,1.1240200520612693,0.0,0.0,0.0,0.0,12.714277631683032,288.12999160337154,101288.02604803929,1.2246502900337641,340.28047214856
36.15,2.718364363163149,-8.507759559197499,-3.4206748717368116,-0.9837573946196658,0.0,0.0,0.0,0.0,9.22229732261528,288.13233063163943,101292.34782531273,1.2246926016437027,340.2818533376955
36.2,2.2170894611295546,-9.087154095393696,-3.315343090859984,-1.1120230998349354,0.0,0.0,0.0,0.0,9.73675843071553,288.13558891850266,101298.36834777927,1.2247515439509593,340.2837773369143
36.25,1.5991472467760435,-8.446052668850532,-4.981381576131129,1.0450107613244872,0.0,0.0,0.0,0.0,9.861136627351831,288.13960554289594,101305.79049251175,1.2248242075470195,340.28614911501114
36.3,1.7595210230425182,-11.801012248333201,-3.177757512643071,-4.423131669626287,0.0,0.0,0.0,0.0,12.997158407179652,288.1385631133502,101303.86419018648,1.224805348937183,340.28553357197256
36.35,1.545489588697121,-12.137877509081905,-2.970968349553737,-0.04762509714569507,0.0,0.0,0.0,0.0,12.496279106574267,288.13995431767347,101306.43499896346,1.2248305172867775,340.2863550623848
36.4,1.4786279449586717,-11.659086140223806,-2.3149590380893876,-0.5544168359865889,0.0,0.0,0.0,0.0,11.899609363387352,288.14038891835776,101307.23810911797,1.224838379751412,340.2866116887651
36.45,1.2069574611570264,-6.458499585060144,-3.1761321407814433,-1.4343503112958875,0.0,0.0,0.0,0.0,7.338759641890554,288.1421547765025,101310.50133834274,1.224870326709451,340.2876544043775
36.5,0.5920146014084477,-6.811865798758518,-1.4104922370349937,1.7788055043131028,0.0,0.0,0.0,0.0,7.180191712844901,288.14615190509085,101317.88817290473,1.2249426429696992,340.29001464353735
36.55,0.9246235693039356,-4.266090374410653,-5.533203130068138,-1.8858366535849411,0.0,0.0,0.0,0.0,7.236866990987157,288.1439899467995,101313.89274360724,1.2249035283012486,340.2887380445029
36.6,0.8434367212791058,-17.53562843695279,-2.1269132799925017,-1.1838233777711764,0.0,0.0,0.0,0.0,17.703769727638047,288.1445176613117,101314.86798007893,1.224913075750743,340.28904965125065
36.65,0.15731249961321686,-12.287329914879098,-1.9624094851699032,3.129320883559905,0.0,0.0,0.0,0.0,12.830517394744911,288.1489774687525,101323.11017728303,1.224993765186353,340.29168308286285
36.7,0.29007956646731625,-10.696896554212142,-1.3526998334945368,0.5348880700137204,0.0,0.0,0.0,0.0,10.795346125923649,288.14811448281796,101321.51524537422,1.2249781512245457,340.2911735076449
36.75,0.25998296248222746,-9.312933657961327,-4.116284756101689,-0.17988253566714063,0.0,0.0,0.0,0.0,10.183658047948297,288.14831011074386,101321.87679435324,1.2249816906975828,340.29128902192696
36.8,0.325870147017345,-17.572393128482993,-9.261717338189957,-3.7617540681198975,0.0,0.0,0.0,0.0,20.216804940036923,288.1478818440444,101321.08529630298,1.2249739421287824,340.2910361391644
36.85,-0.17564848229717314,-30.29115584859865,-2.0797325138392835,-4.004455921457512,0.0,0.0,0.0,0.0,30.625399216991582,288.15,101325.0,1.2250122659906946,340.29228686527705
36.9,-0.541064787988947,-17.95853453271739,-4.48330676601461,2.578462484321566,0.0,0.0,0.0,0.0,18.688431472546032,288.15,101325.0,1.2250122659906946,340.29228686527705
36.95,-0.26653673136263506,-15.3659330161378,-1.900542007779567,-9.414914721665939,0.0,0.0,0.0,0.0,18.120832668396076,288.15,101325.0,1.2250122659906946,340.29228686527705
37.0,-0.34486602063526145,-20.82928719888653,-1.0896013258351047,-7.390149212922503,0.0,0.0,0.0,0.0,22.12827922935308,288.15,101325.0,1.2250122659906946,340.29228686527705
37.05,-0.6397169192190044,-23.520221544259282,-8.521950669301273,-0.435877604637511,0.0,0.0,0.0,0.0,25.020280853484987,288.15,101325.0,1.2250122659906946,340.29228686527705
37.1,-0.5730246493046116,-3.639830852765862,-1.5715397568222056,0.33359623064552596,0.0,0.0,0.0,0.0,3.978616881419969,288.15,101325.0,1.2250122659906946,340.29228686527705
37.15,-1.4311886098141744,-11.537281530929159,-2.182445554870873,-2.7847667896863157,0.0,0.0,0.0,0.0,12.067595443866791,288.15,101325.0,1.2250122659906946,340.29228686527705
37.2,-0.9864332775768747,-21.30325272159131,-3.4671703005151007,-0.4533999194067837,0.0,0.0,0.0,0.0,21.588316699077758,288.15,101325.0,1.2250122659906946,340.29228686527705
37.25,-1.5097744483957654,-1.3494979753972354,-1.8927243316954385,-1.552584686443461,0.0,0.0,0.0,0.0,2.7953656987900386,288.15,101325.0,1.2250122659906946,340.29228686527705
37.3,-1.3041977162820109,-8.722738034455116,-2.20015092137358,-2.664328839273793,0.0,0.0,0.0,0.0,9.38218903339391,288.15,101325.0,1.2250122659906946,340.29228686527705
37.35,-1.624618266803788,-13.968681485764208,-0.9470417455213926,-2.2545966527356733,0.0,0.0,0.0,0.0,14.181119722540208,288.15,101325.0,1.2250122659906946,340.29228686527705
37.4,-1.1719810833904445,-3.8874823084008083,-5.577633808061225,1.6102985078602188,0.0,0.0,0.0,0.0,6.986814644698518,288.15,101325.0,1.2250122659906946,340.29228686527705
37.45,-0.8158082491466758,-7.174197341592332,-1.0919852278527724,-3.816993310293346,0.0,0.0,0.0,0.0,8.199449808662976,288.15,101325.0,1.2250122659906946,340.29228686527705
37.5,-1.357736144504119,-9.42768121745661,-10.006680436844903,0.7371601458243022,0.0,0.0,0.0,0.0,13.76801480184091,288.15,101325.0,1.2250122659906946,340.29228686527705
37.55,-1.0663650878255808,-12.932181346989351,-0.43366311174685424,-9.039271381233332,0.0,0.0,0.0,0.0,15.784099758601794,288.15,101325.0,1.2250122659906946,340.29228686527705
37.6,-1.6898037223488305,-9.471449029325797,-4.32694629319595,4.175608039231613,0.0,0.0,0.0,0.0,11.219024620554784,288.15,101325.0,1.2250122659906946,340.29228686527705
37.65,-1.9340027213991768,-27.207700627375033,11.760866198428952,-31.451568036286712,0.0,0.0,0.0,0.0,43.217798175142896,288.15,101325.0,1.2250122659906946,340.29228686527705
37.7,-1.860818155885666,0.21158809342968776,8.141122456122105,-10.816969786400294,0.0,0.0,0.0,0.0,13.539921703124936,288.15,101325.0,1.2250122659906946,340.29228686527705
37.75,-1.925048124310401,-4.234153519430559,-3.3023985737104358,-7.318075506765908,0.0,0.0,0.0,0.0,9.076790263550107,288.15,101325.0,1.2250122659906946,340.29228686527705
37.8,-2.1467811428889525,-9.795519764856797,0.5389378427988141,-9.580721843630409,0.0,0.0,0.0,0.0,13.712508614659743,288.15,101325.0,1.2250122659906946,340.29228686527705
37.85,-2.0994503060231415,-3.476887693901275,8.293688822609587,-10.331359588323432,0.0,0.0,0.0,0.0,13.69711696911156,288.15,101325.0,1.2250122659906946,340.29228686527705
37.9,-1.727601719242081,-1.1635688584475345,4.602565327502711,-10.856347103477418,0.0,0.0,0.0,0.0,11.848956600201621,288.15,101325.0,1.2250122659906946,340.29228686527705
37.95,-1.5254592476094462,-1.68177469670157,3.9751381496431746,-6.985299286487999,0.0,0.0,0.0,0.0,8.211242023045234,288.15,101325.0,1.2250122659906946,340.29228686527705
38.0,-1.8189808335806106,-1.977509446243638,4.779911230150912,-10.790255383827718,0.0,0.0,0.0,0.0,11.96610656087972,288.15,101325.0,1.2250122659906946,340.29228686527705
38.05,-1.7833617451367552,-1.2797195763750293,5.022636677729441,-7.853580794492386,0.0,0.0,0.0,0.0,9.409744560095676,288.15,101325.0,1.2250122659906946,340.29228686527705
38.1,-1.535266731127083,-0.7159385608566564,5.698888392649143,-8.770814020586597,0.0,0.0,0.0,0.0,10.484134466827056,288.15,101325.0,1.2250122659906946,340.29228686527705
38.15,-1.4863667439439454,-1.0708751635181515,5.414246282191323,-8.077725541400591,0.0,0.0,0.0,0.0,9.78317363345137,288.15,101325.0,1.2250122659906946,340.29228686527705
38.2,-1.568185464331465,-1.7042156415334606,4.747961344060609,-9.498032441409777,0.0,0.0,0.0,0.0,10.754538955046549,288.15,101325.0,1.2250122659906946,340.29228686527705
38.25,-1.8328309176388884,-1.2268186587237988,5.320116859907027,-8.126507492803615,0.0,0.0,0.0,0.0,9.790242665789911,288.15,101325.0,1.2250122659906946,340.29228686527705
38.3,-1.6038198457205428,-0.8821491584924501,5.848833131795421,-9.302121639241582,0.0,0.0,0.0,0.0,11.023452414405536,288.15,101325.0,1.2250122659906946,340.29228686527705
38.35,-1.4391583253022122,-0.7721093998922903,5.5017299570355025,-8.6197848882987,0.0,0.0,0.0,0.0,10.25504153897421,288.15,101325.0,1.2250122659906946,340.29228686527705
38.4,-1.879569445814646,-1.3415639420644356,4.711178829719977,-9.110901616335257,0.0,0.0,0.0,0.0,10.344250965574528,288.15,101325.0,1.2250122659906946,340.29228686527705
38.45,-1.5473076372131835,-0.44986613871057674,5.556030233803275,-8.353080380684036,0.0,0.0,0.0,0.0,10.042201120663885,288.15,101325.0,1.2250122659906946,340.29228686527705
38.5,-1.6349199388573392,-1.5571621935968671,4.901271209246196,-8.805626598679146,0.0,0.0,0.0,0.0,10.197366001037658,288.15,101325.0,1.2250122659906946,340.29228686527705
38.55,-1.6222560800951018,-0.8334134057301101,5.493746432865629,-8.379538806953367,0.0,0.0,0.0,0.0,10.0544765348929,288.15,101325.0,1.2250122659906946,340.29228686527705
38.6,-1.3984182070714373,-1.5915747238249511,4.77050845423328,-8.925433937379836,0.0,0.0,0.0,0.0,10.244717272036421,288.15,101325.0,1.2250122659906946,340.29228686527705
38.65,-2.040101099217805,-0.7890235899013696,5.550067130655019,-8.35210044412209,0.0,0.0,0.0,0.0,10.058995238536625,288.15,101325.0,1.2250122659906946,340.29228686527705
38.7,-1.5349981610532593,-1.1565016644777288,5.147300694270502,-8.655386854559387,0.0,0.0,0.0,0.0,10.136464972526506,288.15,101325.0,1.2250122659906946,340.29228686527705
38.75,-1.815261667046062,-1.5353206779846031,4.866907411008019,-9.098737338438225,0.0,0.0,0.0,0.0,10.432210623135528,288.15,101325.0,1.2250122659906946,340.29228686527705
38.8,-1.72043412174706,-0.27310214209492634,5.893689722263659,-7.570511767998364,0.0,0.0,0.0,0.0,9.59806291663765,288.15,101325.0,1.2250122659906946,340.29228686527705
38.85,-1.5008957678893842,-1.2167360376908976,5.06063247829322,-8.672173354187109,0.0,0.0,0.0,0.0,10.114199837399141,288.15,101325.0,1.2250122659906946,340.29228686527705
38.9,-1.9322224106442896,-0.8461246787710726,5.550819151861144,-8.484154667150037,0.0,0.0,0.0,0.0,10.173907835478836,288.15,101325.0,1.2250122659906946,340.29228686527705
38.95,-1.9010580433128148,-0.9445171921713075,5.267503445220434,-8.430053928345227,0.0,0.0,0.0,0.0,9.985214795212224,288.15,101325.0,1.2250122659906946,340.29228686527705
39.0,-1.424323425363314,0.07470001441743723,6.393493396892023,-7.370168471464312,0.0,0.0,0.0,0.0,9.757136936930959,288.15,101325.0,1.2250122659906946,340.29228686527705
39.05,-1.8173268005587775,-0.5644830264864781,5.723730161599544,-8.16199690982205,0.0,0.0,0.0,0.0,9.98488465661674,288.15,101325.0,1.2250122659906946,340.29228686527705
39.1,-1.667503679017811,-1.801558438089467,4.592276070188493,-9.375012870390695,0.0,0.0,0.0,0.0,10.593652752033568,288.15,101325.0,1.2250122659906946,340.29228686527705
39.15,-1.1696587029374048,-0.8471129057252433,5.380602016469568,-8.394231613146534,0.0,0.0,0.0,0.0,10.00657797200578,288.15,101325.0,1.2250122659906946,340.29228686527705
39.2,-1.9902161505699136,-1.058621069924019,5.3176335847751455,-8.614249915713579,0.0,0.0,0.0,0.0,10.178566064136295,288.15,101325.0,1.2250122659906946,340.29228686527705
39.25,-1.2864031367083077,-0.39660773792977855,5.892642535452609,-7.99520781688982,0.0,0.0,0.0,0.0,9.940014174218627,288.15,101325.0,1.2250122659906946,340.29228686527705
39.3,-1.8838810502925074,-1.4668850052273852,4.815990901773474,-9.027877926016146,0.0,0.0,0.0,0.0,10.336735453303206,288.15,101325.0,1.2250122659906946,340.29228686527705
39.35,-1.4195026467692,-1.4996448996250196,4.809133412528511,-9.03084131159977,0.0,0.0,0.0,0.0,10.340831388228247,288.15,101325.0,1.2250122659906946,340.29228686527705
39.4,-1.8955267680560548,-1.1232440868265021,5.187933019472427,-8.629168405228924,0.0,0.0,0.0,0.0,10.13108452530745,288.15,101325.0,1.2250122659906946,340.29228686527705
39.45,-1.5084426468083245,0.24189626165384626,6.578942612518997,-7.369740479612026,0.0,0.0,0.0,0.0,9.882007611667403,288.15,101325.0,1.2250122659906946,340.29228686527705
39.5,-1.2474917408105881,-0.9229493932656369,5.367559915281874,-8.492574534955322,0.0,0.0,0.0,0.0,10.088922502350872,288.15,101325.0,1.2250122659906946,340.29228686527705
39.55,-1.6083622132851991,-1.0676691285349806,5.244574839737049,-8.612104228752882,0.0,0.0,0.0,0.0,10.139715078074572,288.15,101325.0,1.2250122659906946,340.29228686527705
39.6,-1.9146140415234296,-0.6338047157597926,5.715819520140648,-8.127441453175843,0.0,0.0,0.0,0.0,9.956284737759425,288.15,101325.0,1.2250122659906946,340.29228686527705
39.65,-1.8069679554041875,-0.4130229462955475,5.8719608548759386,-7.9712730851730225,0.0,0.0,0.0,0.0,9.90917286324978,288.15,101325.0,1.2250122659906946,340.29228686527705
39.7,-1.7437079831778861,-0.7252784150844209,5.52202246569447,-8.33793469821091,0.0,0.0,0.0,0.0,10.026959455520466,288.15,101325.0,1.2250122659906946,340.29228686527705
39.75,-1.5605552304733739,-0.6316069997306353,5.6492454243990515,-8.223405736497197,0.0,0.0,0.0,0.0,9.99686466719728,288.15,101325.0,1.2250122659906946,340.29228686527705
39.8,-1.9295849261288727,-1.4380208504839096,4.782878886018379,-8.98821619629747,0.0,0.0,0.0,0.0,10.28260009900857,288.15,101325.0,1.2250122659906946,340.29228686527705
39.85,-1.423611810156143,-0.6198670511323816,5.807719278923855,-8.024112922878142,0.0,0.0,0.0,0.0,9.924728035717825,288.15,101325.0,1.2250122659906946,340.29228686527705
39.9,-1.5755419461447762,-1.23158593982724,5.098877471340639,-8.79590447246944,0.0,0.0,0.0,0.0,10.241254360855077,288.15,101325.0,1.2250122659906946,340.29228686527705
39.95,-1.7133984800543716,-0.9114752275805925,5.380448236012425,-8.439132779294676,0.0,0.0,0.0,0.0,10.049824494859012,288.15,101325.0,1.2250122659906946,340.29228686527705
40.0,-1.364832822174204,-1.0283822067582422,5.2840924771777225,-8.51052828624186,0.0,0.0,0.0,0.0,10.070168567678794,288.15,101325.0,1.2250122659906946,340.29228686527705
40.05,-1.4078301066990233,-1.4233473240863503,4.95260113756417,-8.998328351846645,0.0,0.0,0.0,0.0,10.369382274775718,288.15,101325.0,1.2250122659906946,340.29228686527705
40.1,-1.7414982395574157,-0.47466221867365443,5.882710050770582,-7.967479944241495,0.0,0.0,0.0,0.0,9.915256851194723,288.15,101325.0,1.2250122659906946,340.29228686527705
40.15,-1.6671531443031622,-1.2845275837452492,4.936610747845364,-8.898257110959527,0.0,0.0,0.0,0.0,10.256662049706355,288.15,101325.0,1.2250122659906946,340.29228686527705
40.2,-1.6279206945428293,-0.17257480738623177,6.154867678046744,-7.704330188866128,0.0,0.0,0.0,0.0,9.862498763370413,288.15,101325.0,1.2250122659906946,340.29228686527705
40.25,-1.4758204110968118,-1.2639110452604316,5.090068008060219,-8.858882202529598,0.0,0.0,0.0,0.0,10.29495300306442,288.15,101325.0,1.2250122659906946,340.29228686527705
40.3,-1.8519978929749612,-0.8194067318119309,5.484968802027192,-8.36153425299452,0.0,0.0,0.0,0.0,10.033522074294298,288.15,101325.0,1.2250122659906946,340.29228686527705
40.35,-1.6151963473053947,-1.7666668069345164,4.570492397357668,-9.32104876914078,0.0,0.0,0.0,0.0,10.530549013120318,288.15,101325.0,1.2250122659906946,340.29228686527705
40.4,-1.7860878452627817,-0.628128417829311,5.715408325813479,-8.177652819237467,0.0,0.0,0.0,0.0,9.99672162621553,288.15,101325.0,1.2250122659906946,340.29228686527705
40.45,-1.3775598762234382,-0.6680457025258371,5.523398935103765,-8.301819030129092,0.0,0.0,0.0,0.0,9.993719030770386,288.15,101325.0,1.2250122659906946,340.29228686527705
40.5,-1.689530292688087,-2.118907832802636,4.209026169541623,-9.587465578617316,0.0,0.0,0.0,0.0,10.682938168920124,288.15,101325.0,1.2250122659906946,340.29228686527705
40.55,-1.874228357078342,-1.1245920828728593,5.1173033306275695,-8.702488687882541,0.0,0.0,0.0,0.0,10.15799242435413,288.15,101325.0,1.2250122659906946,340.29228686527705
40.6,-1.4084827644247622,-2.14657166911768,4.123029488354896,-9.6882033911424,0.0,0.0,0.0,0.0,10.745623622696161,288.15,101325.0,1.2250122659906946,340.29228686527705
40.65,-1.8027916435236002,-0.9440538629509849,5.42231901510121,-8.50296613386323,0.0,0.0,0.0,0.0,10.128830844243863,288.15,101325.0,1.2250122659906946,340.29228686527705
40.7,-1.6179874257468114,-0.5589241551786885,5.634887359739628,-8.22681041714941,0.0,0.0,0.0,0.0,9.98722991664424,288.15,101325.0,1.2250122659906946,340.29228686527705
40.75,-1.9902380430955962,-0.43455234241435325,5.837247183760022,-7.966049505803931,0.0,0.0,0.0,0.0,9.885354578948151,288.15,101325.0,1.2250122659906946,340.29228686527705
40.8,-1.5826445528577735,-1.1863933733817322,5.111766667935743,-8.827413879224897,0.0,0.0,0.0,0.0,10.269416901604265,288.15,101325.0,1.2250122659906946,340.29228686527705
40.85,-1.5482427309266094,-0.7468212301675662,5.494914560312271,-8.419892077869912,0.0,0.0,0.0,0.0,10.081984456342774,288.15,101325.0,1.2250122659906946,340.29228686527705
40.9,-1.3896261651198207,-1.0887342967372724,5.214435443283019,-8.653559048910259,0.0,0.0,0.0,0.0,10.161681139163676,288.15,101325.0,1.2250122659906946,340.29228686527705
40.95,-1.8501757509454213,-0.8503160292595459,5.468596893228302,-8.43677085040587,0.0,0.0,0.0,0.0,10.089979767695281,288.15,101325.0,1.2250122659906946,340.29228686527705
41.0,-1.397519612743424,-0.6282227035209889,5.627263611876954,-8.325800255147335,0.0,0.0,0.0,0.0,10.06874914829966,288.15,101325.0,1.2250122659906946,340.29228686527705
41.05,-1.4702846585875504,-1.2866280701609685,4.915131547531467,-8.851789645656964,0.0,0.0,0.0,0.0,10.206277962676946,288.15,101325.0,1.2250122659906946,340.29228686527705
41.1,-1.54663532522172,-1.0531650595545814,5.210009279262943,-8.618147243694942,0.0,0.0,0.0,0.0,10.125503209553553,288.15,101325.0,1.2250122659906946,340.29228686527705
41.15,-1.3935937530952807,-1.2237029340721555,5.088941335421366,-8.733570592578692,0.0,0.0,0.0,0.0,10.181847969881122,288.15,101325.0,1.2250122659906946,340.29228686527705
41.2,-1.3465790061168585,-1.50328186632869,4.769585188862214,-9.0344108305106,0.0,0.0,0.0,0.0,10.326150216701949,288.15,101325.0,1.2250122659906946,340.29228686527705
41.25,-1.512220632784488,-1.1257582274568698,5.202190423640748,-8.727701091841306,0.0,0.0,0.0,0.0,10.222665168097517,288.15,101325.0,1.2250122659906946,340.29228686527705
41.3,-1.56877362547211,-0.6757334485956501,5.602044780476059,-8.352077650602748,0.0,0.0,0.0,0.0,10.07951995373331,288.15,101325.0,1.2250122659906946,340.29228686527705
41.35,-1.091346424008147,-0.28836656576409003,6.008596653796363,-7.841323650229315,0.0,0.0,0.0,0.0,9.88295227206471,288.15,101325.0,1.2250122659906946,340.29228686527705
41.4,-1.6054958584120311,-0.48978424406215804,5.757339802559239,-8.17641386452161,0.0,0.0,0.0,0.0,10.012022467603915,288.15,101325.0,1.2250122659906946,340.29228686527705
41.45,-1.7681493487130093,-1.1893226127902017,5.180166216533112,-8.636827927374657,0.0,0.0,0.0,0.0,10.141173845038054,288.15,101325.0,1.2250122659906946,340.29228686527705
41.5,-1.9167203235936259,-0.6098856469083608,5.603625481530997,-8.280046403420537,0.0,0.0,0.0,0.0,10.016573639841404,288.15,101325.0,1.2250122659906946,340.29228686527705
41.55,-1.5602854360697405,-1.0112776379842827,5.512286334676131,-8.191497074989487,0.0,0.0,0.0,0.0,9.925150247029292,288.15,101325.0,1.2250122659906946,340.29228686527705
41.6,-1.5887598795267945,-2.090535508458279,5.032450895216979,-8.373125539974577,0.0,0.0,0.0,0.0,9.990251850332385,288.15,101325.0,1.2250122659906946,340.29228686527705
41.65,-1.4699486059457805,-0.30132474722251223,4.840499799745488,-9.762624384753563,0.0,0.0,0.0,0.0,10.900920593803521,288.15,101325.0,1.2250122659906946,340.29228686527705
41.7,-1.4880940837790093,-0.23717525338342638,5.111957415791827,-7.976597220352852,0.0,0.0,0.0,0.0,9.47704932652708,288.15,101325.0,1.2250122659906946,340.29228686527705
41.75,-1.6526494990739775,1.6029558546120086,3.5221201379155684,-7.5039208833525075,0.0,0.0,0.0,0.0,8.44296312685062,288.15,101325.0,1.2250122659906946,340.29228686527705
41.8,-1.6826964845095176,-3.8401707492968264,2.982207150724923,-11.547805997816841,0.0,0.0,0.0,0.0,12.52965658894147,288.15,101325.0,1.2250122659906946,340.29228686527705
41.85,-1.536959814783182,-2.44819488594139,1.6328248691303713,-13.933103895950088,0.0,0.0,0.0,0.0,14.240476095557328,288.15,101325.0,1.2250122659906946,340.29228686527705
41.9,-1.7400134779139342,-3.23570109017236,0.028629787757949776,-5.358144878953421,0.0,0.0,0.0,0.0,6.259416726304811,288.15,101325.0,1.2250122659906946,340.29228686527705
41.95,-2.2046156577001006,-0.9626781048749106,2.8745938627758463,-1.9739407004743004,0.0,0.0,0.0,0.0,3.617524139311731,288.15,101325.0,1.2250122659906946,340.29228686527705
42.0,-2.090131886905387,-1.5461776150264877,-1.1061528638597087,-3.3244240134597107,0.0,0.0,0.0,0.0,3.829625882080599,288.15,101325.0,1.2250122659906946,340.29228686527705
42.05,-1.6034741634102607,3.4979643946624988,-0.928185663804078,-9.700097084353514,0.0,0.0,0.0,0.0,10.353220126062304,288.15,101325.0,1.2250122659906946,340.29228686527705
42.1,-1.580910537329684,7.362798960265305,-2.865065484680821,-6.210528688396359,0.0,0.0,0.0,0.0,10.049381839207195,288.15,101325.0,1.2250122659906946,340.29228686527705
42.15,-1.5421430084019427,4.657675676898237,-3.631131227279411,-6.297348313474462,0.0,0.0,0.0,0.0,8.633403296621372,288.15,101325.0,1.2250122659906946,340.29228686527705
42.2,-1.8592854556147265,8.143879886574497,0.742279335375679,-11.15056992194091,0.0,0.0,0.0,0.0,13.82783308413765,288.15,101325.0,1.2250122659906946,340.29228686527705
42.25,-1.7111374524091958,4.198842379513806,0.9788247136121191,-9.002806881300156,0.0,0.0,0.0,0.0,9.981929016475945,288.15,101325.0,1.2250122659906946,340.29228686527705
42.3,-1.8259279904117418,5.481432502970019,-2.6824114659806764,-10.078749284771183,0.0,0.0,0.0,0.0,11.782301163300673,288.15,101325.0,1.2250122659906946,340.29228686527705
42.35,-1.6535752132163872,2.2775254456245424,-0.5364958572907776,-8.787836129789955,0.0,0.0,0.0,0.0,9.094009775912886,288.15,101325.0,1.2250122659906946,340.29228686527705
42.4,-1.828969462364032,3.9232717750926787,0.05886701318272947,-12.929345066665928,0.0,0.0,0.0,0.0,13.511605774274146,288.15,101325.0,1.2250122659906946,340.29228686527705
42.45,-2.0117474259661936,-3.0072007120180952,-6.813518962196264,-16.38471380815792,0.0,0.0,0.0,0.0,17.99794830934379,288.15,101325.0,1.2250122659906946,340.29228686527705
42.5,-1.7342442940038603,-17.299713980927503,-1.423173755587318,-1.3521101423019959,0.0,0.0,0.0,0.0,17.410736032615247,288.15,101325.0,1.2250122659906946,340.29228686527705
42.55,-1.463919024409349,-14.344567158307324,-0.9193451369119725,-4.53995053576608,0.0,0.0,0.0,0.0,15.073916322812579,288.15,101325.0,1.2250122659906946,340.29228686527705
42.6,-1.3721666425394863,-14.265367322996353,-3.6727645359980703,-1.7601240662638473,0.0,0.0,0.0,0.0,14.835361165995872,288.15,101325.0,1.2250122659906946,340.29228686527705
42.65,-1.196744025723794,-13.548716451890627,-0.4801649979378201,-6.061893429192798,0.0,0.0,0.0,0.0,14.850751760967093,288.15,101325.0,1.2250122659906946,340.29228686527705
42.7,-1.4603250330872624,-12.540189091384185,-1.3312625707871542,-8.53070595296018,0.0,0.0,0.0,0.0,15.22503026387534,288.15,101325.0,1.2250122659906946,340.29228686527705
42.75,-1.2302745338037429,-10.998569652438738,-3.0220979244480213,-5.337496858783918,0.0,0.0,0.0,0.0,12.593271337584511,288.15,101325.0,1.2250122659906946,340.29228686527705
42.8,-1.0691045950358182,-0.8445415781721763,4.41037303813882,-1.6131845179746367,0.0,0.0,0.0,0.0,4.771478293132691,288.15,101325.0,1.2250122659906946,340.29228686527705
42.85,-1.533223193751823,-3.6158542658795407,-1.2743274425627138,-5.506962539796122,0.0,0.0,0.0,0.0,6.710063257352009,288.15,101325.0,1.2250122659906946,340.29228686527705
42.9,-1.0710188189602494,-1.2627372922592248,-5.112182275272885,-5.391456410841703,0.0,0.0,0.0,0.0,7.53635955318498,288.15,101325.0,1.2250122659906946,340.29228686527705
42.95,-0.9777020221047871,-5.719030387179552,3.3341036068163974,2.572173212084993,0.0,0.0,0.0,0.0,7.102086345816757,288.15,101325.0,1.2250122659906946,340.29228686527705
43.0,-0.5927720297165351,-15.174222308822426,3.8051568765793995,-5.003526788925568,0.0,0.0,0.0,0.0,16.424722885346938,288.15,101325.0,1.2250122659906946,340.29228686527705
43.05,-0.8539176723507651,-16.174920144674022,-8.035481318890577,-7.4636865924602125,0.0,0.0,0.0,0.0,19.54235449640834,288.15,101325.0,1.2250122659906946,340.29228686527705
43.1,-0.9110461175243239,-4.661535678902887,0.4673404321095739,0.4406353821434185,0.0,0.0,0.0,0.0,4.705579826670209,288.15,101325.0,1.2250122659906946,340.29228686527705
43.15,-0.7710482952801982,-6.8579393774776,0.9723768251987206,-0.9566995056475187,0.0,0.0,0.0,0.0,6.992290264244442,288.15,101325.0,1.2250122659906946,340.29228686527705
43.2,-0.6343573148178226,-5.86324381540246,-0.17909215998601125,0.673492611383777,0.0,0.0,0.0,0.0,5.904514741976024,288.15,101325.0,1.2250122659906946,340.29228686527705
43.25,-0.5688360444289363,-12.87386517291424,-1.283947243249873,-6.158992694053185,0.0,0.0,0.0,0.0,14.328925850154423,288.15,101325.0,1.2250122659906946,340.29228686527705
43.3,-0.9781487058024236,-10.000463472557689,7.576225792942175,1.7227363946234482,0.0,0.0,0.0,0.0,12.663975979800462,288.15,101325.0,1.2250122659906946,340.29228686527705
43.35,-0.7731480830480352,-8.835778173980959,7.16340822613464,-4.316238439045062,0.0,0.0,0.0,0.0,12.166154183501945,288.15,101325.0,1.2250122659906946,340.29228686527705
43.4,-0.8163507351797963,-9.479729318874135,-2.7928370207038786,-6.731079836619797,0.0,0.0,0.0,0.0,11.957116807587253,288.15,101325.0,1.2250122659906946,340.29228686527705
43.45,-1.1852874776108564,-12.962208733265848,-4.108734886793015,-2.668820492585555,0.0,0.0,0.0,0.0,13.857242165609579,288.15,101325.0,1.2250122659906946,340.29228686527705
43.5,-0.8904098037668513,-13.70663646648213,-5.530052341604062,-7.148980068714051,0.0,0.0,0.0,0.0,16.41832141688209,288.15,101325.0,1.2250122659906946,340.29228686527705
43.55,-1.1752233312353502,-13.501618334212234,-0.7563665627831809,-1.6539668071373692,0.0,0.0,0.0,0.0,13.623560262249532,288.15,101325.0,1.2250122659906946,340.29228686527705
43.6,-0.9350304470234395,-11.394490291992005,0.4631767868081769,-0.45914362133804554,0.0,0.0,0.0,0.0,11.413139559961289,288.15,101325.0,1.2250122659906946,340.29228686527705
43.65,-0.9424421087073103,-9.902731956980018,-1.5663564776384578,-4.39473471131565,0.0,0.0,0.0,0.0,10.94674682312859,288.15,101325.0,1.2250122659906946,340.29228686527705
43.7,-0.5046125742788532,-11.592315902453905,0.9578707026331514,-1.7983529494731259,0.0,0.0,0.0,0.0,11.770020288688007,288.15,101325.0,1.2250122659906946,340.29228686527705
43.75,-0.7839693936413042,-7.651516039007584,-0.9709763207168074,-5.903804841249542,0.0,0.0,0.0,0.0,9.713053295135602,288.15,101325.0,1.2250122659906946,340.29228686527705
43.8,-0.7955508413935547,-5.851467910581109,7.134548594067113,4.0110887397937605,0.0,0.0,0.0,0.0,10.061326613730705,288.15,101325.0,1.2250122659906946,340.29228686527705
43.85,-0.7268442258400412,-11.715130521433997,7.843910565578495,-2.448035117668972,0.0,0.0,0.0,0.0,14.30958042824348,288.15,101325.0,1.2250122659906946,340.29228686527705
43.9,-0.5750341382434173,-7.762308198212644,3.9849118053745607,-6.853969902432371,0.0,0.0,0.0,0.0,11.09548800567607,288.15,101325.0,1.2250122659906946,340.29228686527705
43.95,-0.33141737725345954,-7.399881073430233,1.620298897528516,-3.710520642427124,0.0,0.0,0.0,0.0,8.435139113027176,288.15,101325.0,1.2250122659906946,340.29228686527705
44.0,-0.5160116763553269,-6.202076245741678,-5.105309803266035,-6.031870991637922,0.0,0.0,0.0,0.0,10.045566465116863,288.15,101325.0,1.2250122659906946,340.29228686527705
44.05,-0.683965980898493,-12.72329434613282,1.0397971924317646,-8.001246097726398,0.0,0.0,0.0,0.0,15.065966160061102,288.15,101325.0,1.2250122659906946,340.29228686527705
44.1,-0.69235490659279,-10.208402153726006,5.35483774556134,-5.156927885316548,0.0,0.0,0.0,0.0,12.628525924582076,288.15,101325.0,1.2250122659906946,340.29228686527705
44.15,-1.0341803668095588,-10.395810278081136,3.207812007783762,-6.471371105336763,0.0,0.0,0.0,0.0,12.658656058133763,288.15,101325.0,1.2250122659906946,340.29228686527705
44.2,-1.1889542457067337,-10.865953259828236,1.7474462236864436,-0.9439647250687851,0.0,0.0,0.0,0.0,11.04597564507645,288.15,101325.0,1.2250122659906946,340.29228686527705
44.25,-0.8924886919119355,-11.173872373450703,-0.8417386528563758,1.1279052060605343,0.0,0.0,0.0,0.0,11.26215423139533,288.15,101325.0,1.2250122659906946,340.29228686527705
44.3,-0.3503544183125936,-9.474345921104163,-2.576584462848048,-0.8565334158870874,0.0,0.0,0.0,0.0,9.855742875068538,288.15,101325.0,1.2250122659906946,340.29228686527705
44.35,-0.883118956354757,-9.649758525056134,-4.08411749622363,-2.6426430636150458,0.0,0.0,0.0,0.0,10.80654513137877,288.15,101325.0,1.2250122659906946,340.29228686527705
44.4,-0.9565537946570232,-13.208066615890905,-4.8282766719145735,-4.24153011832331,0.0,0.0,0.0,0.0,14.688630198048083,288.15,101325.0,1.2250122659906946,340.29228686527705
44.45,-1.18677014255746,-11.9551587258327,-2.1349363113746507,-2.6724962800038785,0.0,0.0,0.0,0.0,12.434870710229129,288.15,101325.0,1.2250122659906946,340.29228686527705
44.5,-0.8023678647086547,-12.40891320581904,-1.728368949780144,-2.45882818151577,0.0,0.0,0.0,0.0,12.767702307084482,288.15,101325.0,1.2250122659906946,340.29228686527705
44.55,-1.058838900276248,-10.072592265963154,-1.8314986953191865,-1.1270308470312327,0.0,0.0,0.0,0.0,10.299597125978112,288.15,101325.0,1.2250122659906946,340.29228686527705
44.6,-0.7170175468812137,-9.343667176420203,-1.729722603244597,-1.631307058718303,0.0,0.0,0.0,0.0,9.641432430282947,288.15,101325.0,1.2250122659906946,340.29228686527705
44.65,-0.7865152236338468,-9.958209093985218,-2.8007426244506166,-2.919429181174693,0.0,0.0,0.0,0.0,10.74863499947034,288.15,101325.0,1.2250122659906946,340.29228686527705
44.7,-0.6351207517908408,-9.052863236499082,-1.3356147520238921,-3.933315686349075,0.0,0.0,0.0,0.0,9.960380104848417,288.15,101325.0,1.2250122659906946,340.29228686527705
44.75,-1.1906491474934888,-8.950987280438643,-0.48953684001977793,-2.9286134993776756,0.0,0.0,0.0,0.0,9.43062016205976,288.15,101325.0,1.2250122659906946,340.29228686527705
44.8,-0.4522113387233131,-9.290879951339692,-0.3371012001823325,-0.8791514032884183,0.0,0.0,0.0,0.0,9.33846854035897,288.15,101325.0,1.2250122659906946,340.29228686527705
44.85,-0.316846781329188,-9.338514352662258,-1.0701924773896663,-0.6328275257359983,0.0,0.0,0.0,0.0,9.420914654685582,288.15,101325.0,1.2250122659906946,340.29228686527705
44.9,-0.7077166142856398,-9.663002949209021,-3.4074086211712644,-3.845099940844656,0.0,0.0,0.0,0.0,10.943895698659508,288.15,101325.0,1.2250122659906946,340.29228686527705
44.95,-1.0387695697998987,-9.352348362536745,-2.128405451780709,-2.7022817193013555,0.0,0.0,0.0,0.0,9.964881140880902,288.15,101325.0,1.2250122659906946,340.29228686527705
45.0,-0.84569116824506,-8.67449404456781,-0.4258383728077455,-3.0777514845250074,0.0,0.0,0.0,0.0,9.214159725633904,288.15,101325.0,1.2250122659906946,340.29228686527705
45.05,-0.9146367452509251,-8.736629151107055,-0.5165202595601844,-1.0304809656565228,0.0,0.0,0.0,0.0,8.812342090675447,288.15,101325.0,1.2250122659906946,340.29228686527705
45.1,-0.5517877072590143,-7.899719916777411,0.6980744321568779,-4.906107651610859,0.0,0.0,0.0,0.0,9.325383368288698,288.15,101325.0,1.2250122659906946,340.29228686527705
45.15,-0.7149283466976012,-8.706490282118775,6.320303064892098,-6.676014370736982,0.0,0.0,0.0,0.0,12.661689134669189,288.15,101325.0,1.2250122659906946,340.29228686527705
45.2,-0.5920649120272705,-11.05148042674175,2.0367462283742315,-8.591556287505727,0.0,0.0,0.0,0.0,14.145613958497236,288.15,101325.0,1.2250122659906946,340.29228686527705
45.25,-0.7483839188284205,-18.639758615627226,11.15008962847927,19.554197951969993,0.0,0.0,0.0,0.0,29.225532630164295,288.15,101325.0,1.2250122659906946,340.29228686527705
45.3,-0.42566816462023016,-11.014635897784377,-0.8821500494935481,1.375326873256583,0.0,0.0,0.0,0.0,11.135165767912188,288.15,101325.0,1.2250122659906946,340.29228686527705
45.35,-0.40660824613580004,-9.331792240978626,-1.4569595989022566,-4.677505662854711,0.0,0.0,0.0,0.0,10.539645958364074,288.15,101325.0,1.2250122659906946,340.29228686527705
45.4,-0.8822764182317941,-8.048642471616294,-1.5225426909035682,-0.5742853269564124,0.0,0.0,0.0,0.0,8.211491065469593,288.15,101325.0,1.2250122659906946,340.29228686527705
45.45,-0.7281876786780438,-9.47512402762687,-3.7067833809980177,-3.4862038265403763,0.0,0.0,0.0,0.0,10.755084169486537,288.15,101325.0,1.2250122659906946,340.29228686527705
45.5,-0.3618128605835274,-10.179515283025726,-4.268005046220357,-2.1758316857722724,0.0,0.0,0.0,0.0,11.250450746380224,288.15,101325.0,1.2250122659906946,340.29228686527705
45.55,-0.9416030645069913,-9.78256615788098,-3.2537726627010244,-4.211261739886053,0.0,0.0,0.0,0.0,11.136442996562542,288.15,101325.0,1.2250122659906946,340.29228686527705
45.6,-0.8394769779037098,-10.259126805801136,-2.0690320089597485,-1.4907575953380328,0.0,0.0,0.0,0.0,10.571326051147295,288.15,101325.0,1.2250122659906946,340.29228686527705
45.65,-0.7288749232607776,-11.207382208620652,-1.7378506660649977,-1.6506710955973363,0.0,0.0,0.0,0.0,11.460813931544731,288.15,101325.0,1.2250122659906946,340.29228686527705
45.7,-0.739011481232338,-10.202768041384399,-1.8702151418005455,-2.368784402593404,0.0,0.0,0.0,0.0,10.639798866937507,288.15,101325.0,1.2250122659906946,340.29228686527705
45.75,-0.5603964118950627,-7.058354642380606,-2.5558844243001144,-1.933573990324945,0.0,0.0,0.0,0.0,7.751878728673257,288.15,101325.0,1.2250122659906946,340.29228686527705
45.8,-0.8283864057835646,-8.077546676381358,-3.077901708840651,-2.100044247185913,0.0,0.0,0.0,0.0,8.895528375455973,288.15,101325.0,1.2250122659906946,340.29228686527705
45.85,-0.7089847568215113,-9.974350939008492,-2.677953443074901,-1.5879045466598978,0.0,0.0,0.0,0.0,10.44894981072641,288.15,101325.0,1.2250122659906946,340.29228686527705
45.9,-1.1179438574598002,-9.56320791791086,-1.2406642600380198,-0.84701195436969,0.0,0.0,0.0,0.0,9.680476369382543,288.15,101325.0,1.2250122659906946,340.29228686527705
45.95,-0.7285042030668181,-10.585942822049125,-2.619645664936615,-2.033151049337584,0.0,0.0,0.0,0.0,11.093170513020032,288.15,101325.0,1.2250122659906946,340.29228686527705
46.0,-0.2434059390202608,-9.84923104949736,-2.6730431715794976,-1.794493015870428,0.0,0.0,0.0,0.0,10.36208073928776,288.15,101325.0,1.2250122659906946,340.29228686527705
46.05,-0.5086422466041209,-9.712364318242292,-2.725477083199597,-1.6657542415299873,0.0,0.0,0.0,0.0,10.224137282650668,288.15,101325.0,1.2250122659906946,340.29228686527705
46.1,-0.3455571352042638,-8.715460623207594,-2.546869483680232,-1.6098115135453575,0.0,0.0,0.0,0.0,9.22156663212531,288.15,101325.0,1.2250122659906946,340.29228686527705
46.15,-0.8524804602368776,-10.051014138950219,-2.828241666868885,-2.547797847393909,0.0,0.0,0.0,0.0,10.747702546068881,288.15,101325.0,1.2250122659906946,340.29228686527705
46.2,-1.0914655157046667,-9.308740614522218,-3.084362193111544,-2.38335933910032,0.0,0.0,0.0,0.0,10.091894951198613,288.15,101325.0,1.2250122659906946,340.29228686527705
46.25,-0.31856480300830264,-9.848866050705514,-3.2981872753922783,-2.1434325842919772,0.0,0.0,0.0,0.0,10.605305513359987,288.15,101325.0,1.2250122659906946,340.29228686527705
46.3,-0.9315485235371213,-9.034260324547711,-2.5949438260957964,-1.244642051496494,0.0,0.0,0.0,0.0,9.481599385580632,288.15,101325.0,1.2250122659906946,340.29228686527705
46.35,-0.33064568490319285,-8.985483735523047,-2.12207693848889,-1.0711418241594912,0.0,0.0,0.0,0.0,9.294593767437032,288.15,101325.0,1.2250122659906946,340.29228686527705
46.4,-0.5368830266159607,-10.37255711372089,-3.225987302991534,-2.3888127939238686,0.0,0.0,0.0,0.0,11.122201298343722,288.15,101325.0,1.2250122659906946,340.29228686527705
46.45,-0.8233386205546858,-9.636357736043953,-3.2543240569099425,-2.4202030523852787,0.0,0.0,0.0,0.0,10.455017852647213,288.15,101325.0,1.2250122659906946,340.29228686527705
46.5,-0.784888679575473,-8.875149828524792,-2.7003355414749404,-1.9178577403360222,0.0,0.0,0.0,0.0,9.473028809598501,288.15,101325.0,1.2250122659906946,340.29228686527705
46.55,-0.7648629607133656,-9.69406353602341,-2.8259208941577345,-2.2954051599550036,0.0,0.0,0.0,0.0,10.355171731499388,288.15,101325.0,1.2250122659906946,340.29228686527705
46.6,-0.6169601762651044,-9.171319494884452,-2.556764931117102,-2.5399170641261817,0.0,0.0,0.0,0.0,9.854000552206053,288.15,101325.0,1.2250122659906946,340.29228686527705
46.65,-1.0776942825755098,-16.198651877509946,-5.552628805528304,-5.248774686344218,0.0,0.0,0.0,0.0,17.910266469507008,288.15,101325.0,1.2250122659906946,340.29228686527705
46.7,-0.8640351510233791,-9.161694010806775,-2.7288453416938783,-1.6613976714302958,0.0,0.0,0.0,0.0,9.702756117164396,288.15,101325.0,1.2250122659906946,340.29228686527705
46.75,-0.6991841278765862,-9.672112309829766,-1.4093110606424268,-1.6562165509785598,0.0,0.0,0.0,0.0,9.913574908343856,288.15,101325.0,1.2250122659906946,340.29228686527705
46.8,-0.7427393173871478,-10.084643204404038,-2.9614632847668223,-1.5907224255771002,0.0,0.0,0.0,0.0,10.630178323169766,288.15,101325.0,1.2250122659906946,340.29228686527705
46.85,-0.7461390920634655,-10.752405692515183,-3.424368059626501,-2.4971660809840777,0.0,0.0,0.0,0.0,11.557524095594196,288.15,101325.0,1.2250122659906946,340.29228686527705
46.9,-0.3884249949820166,-9.48169925352024,-3.0798666479029975,-1.704558784756499,0.0,0.0,0.0,0.0,10.114035789622363,288.15,101325.0,1.2250122659906946,340.29228686527705
46.95,-0.5764989004749446,-10.862423544473714,-3.373265463183416,-2.3238549634433694,0.0,0.0,0.0,0.0,11.609111380108441,288.15,101325.0,1.2250122659906946,340.29228686527705
47.0,-0.6429124452275614,-10.846920613604775,-3.539648100223388,-3.3930383526447856,0.0,0.0,0.0,0.0,11.903676101682944,288.15,101325.0,1.2250122659906946,340.29228686527705
47.05,-1.0242792169823807,-9.874539660560522,-2.1818909279106125,-2.176098146637764,0.0,0.0,0.0,0.0,10.344205366923148,288.15,101325.0,1.2250122659906946,340.29228686527705
47.1,-0.8944555332885166,-9.143812828027265,-2.978728086432401,-1.5382038874305533,0.0,0.0,0.0,0.0,9.739004325196888,288.15,101325.0,1.2250122659906946,340.29228686527705
47.15,-0.4173001397825077,-9.343087715963165,-3.234092464711257,-1.9556743893213921,0.0,0.0,0.0,0.0,10.078556665293474,288.15,101325.0,1.2250122659906946,340.29228686527705
47.2,-0.5934698068824329,-10.451519277135827,-2.9450497961016393,-2.59533626208947,0.0,0.0,0.0,0.0,11.164378344322476,288.15,101325.0,1.2250122659906946,340.29228686527705
47.25,-0.5241714808873594,-11.057462206993037,-4.11731570779926,-3.134536007302508,0.0,0.0,0.0,0.0,12.20840182324639,288.15,101325.0,1.2250122659906946,340.29228686527705
47.3,-0.5610418474007592,-10.650761053178128,-3.5618983113437324,-2.879424213887412,0.0,0.0,0.0,0.0,11.593830876624454,288.15,101325.0,1.2250122659906946,340.29228686527705
47.35,-0.6775624324041662,-9.016769612634498,-3.1700459657380726,-2.091784104093396,0.0,0.0,0.0,0.0,9.784011774847723,288.15,101325.0,1.2250122659906946,340.29228686527705
47.4,-0.53432984441326,-7.116767974411465,-2.212850879703918,-0.9012580539511633,0.0,0.0,0.0,0.0,7.507154021147222,288.15,101325.0,1.2250122659906946,340.29228686527705
47.45,-0.7625043720545375,-6.867696634058256,-1.6116191901139065,-0.6822123694132904,0.0,0.0,0.0,0.0,7.087170605282407,288.15,101325.0,1.2250122659906946,340.29228686527705
47.5,-0.8639563562991966,-8.173745623798974,-1.857451699136363,-0.9798658677960721,0.0,0.0,0.0,0.0,8.439216874572498,288.15,101325.0,1.2250122659906946,340.29228686527705
47.55,-0.15768585541921132,-9.610718797726355,-2.46708450636024,-1.8605599577567873,0.0,0.0,0.0,0.0,10.095251612857473,288.15,101325.0,1.2250122659906946,340.29228686527705
47.6,-0.5524658436743798,-9.198772168073498,-2.567015865177155,-1.4572031659593687,0.0,0.0,0.0,0.0,9.660767097859095,288.15,101325.0,1.2250122659906946,340.29228686527705
47.65,-0.54971391523105,-10.32541175008872,-4.044694831157665,-2.599749613008342,0.0,0.0,0.0,0.0,11.39001238526108,288.15,101325.0,1.2250122659906946,340.29228686527705
47.7,-0.6608856869283106,-8.557535658702356,-2.7214312762689854,-0.9333879036175006,0.0,0.0,0.0,0.0,9.028223397769734,288.15,101325.0,1.2250122659906946,340.29228686527705
47.75,-0.6089044930346471,-10.06904030862578,-2.6028633317499588,-2.0464325082849975,0.0,0.0,0.0,0.0,10.59945075329212,288.15,101325.0,1.2250122659906946,340.29228686527705
47.8,-0.7087617616744363,-11.27672324674827,-3.7628891626373333,-3.288900788888915,0.0,0.0,0.0,0.0,12.334532436748482,288.15,101325.0,1.2250122659906946,340.29228686527705
47.85,-0.4511986447083244,-9.529896167081317,-2.3058655672744153,-1.9349742262746432,0.0,0.0,0.0,0.0,9.994001312089173,288.15,101325.0,1.2250122659906946,340.29228686527705
47.9,-0.9755513599184154,-8.877821482365508,-2.368161021194049,-1.5809406731432403,0.0,0.0,0.0,0.0,9.323265217028418,288.15,101325.0,1.2250122659906946,340.29228686527705
47.95,-0.9911139916543331,-8.597674228600745,-2.1683603416467347,-1.4127232320986254,0.0,0.0,0.0,0.0,8.97872906612528,288.15,101325.0,1.2250122659906946,340.29228686527705
48.0,-0.9066972507977898,-8.619194746664201,-2.47893963478453,-1.8129975116909822,0.0,0.0,0.0,0.0,9.150006544873458,288.15,101325.0,1.2250122659906946,340.29228686527705
48.05,-0.28088040488147586,-9.320328693129968,-3.179441751812229,-2.244110169979328,0.0,0.0,0.0,0.0,10.100168674638718,288.15,101325.0,1.2250122659906946,340.29228686527705
48.1,-0.3326977081687506,-8.920977177629918,-2.203018121080206,-0.8652721196590348,0.0,0.0,0.0,0.0,9.229616378087492,288.15,101325.0,1.2250122659906946,340.29228686527705
48.15,-0.2400815813454085,-9.75512559589564,-2.8226452763043666,-2.3826343199813103,0.0,0.0,0.0,0.0,10.431047313203713,288.15,101325.0,1.2250122659906946,340.29228686527705
48.2,-0.8231771890173478,-10.527077911951654,-3.452467119396082,-2.693182645242505,0.0,0.0,0.0,0.0,11.401409182002325,288.15,101325.0,1.2250122659906946,340.29228686527705
48.25,-0.5829529164516172,-9.72300923070093,-3.0331894840991693,-2.643957381423586,0.0,0.0,0.0,0.0,10.522721016045685,288.15,101325.0,1.2250122659906946,340.29228686527705
48.3,-0.6853890535576679,-9.185996039382522,-2.136030424507416,-2.696159094661107,0.0,0.0,0.0,0.0,9.808895099535754,288.15,101325.0,1.2250122659906946,340.29228686527705
48.35,-0.6835263648894501,-8.67093606210517,-1.8960105068868165,-2.0019462441465143,0.0,0.0,0.0,0.0,9.098778863110887,288.15,101325.0,1.2250122659906946,340.29228686527705
48.4,-0.39089917277461356,-8.23045522199922,-2.5327994622312664,-1.698047828255882,0.0,0.0,0.0,0.0,8.777176807166285,288.15,101325.0,1.2250122659906946,340.29228686527705
48.45,-0.5653917941421902,-9.68746555462061,-1.288882472522623,-1.626479086682505,0.0,0.0,0.0,0.0,9.907251945890565,288.15,101325.0,1.2250122659906946,340.29228686527705
48.5,-1.0468490266411012,-10.353043268820304,-2.6631519086465834,-1.5026056448656406,0.0,0.0,0.0,0.0,10.795170528462041,288.15,101325.0,1.2250122659906946,340.29228686527705
48.55,-0.7059172514399605,-10.020505069140539,-3.080408913724017,-1.8082600705862406,0.0,0.0,0.0,0.0,10.638103468160956,288.15,101325.0,1.2250122659906946,340.29228686527705
48.6,-0.5849029308218011,-9.42576043755996,-3.1821355529340396,-1.3449096414211428,0.0,0.0,0.0,0.0,10.038910720148122,288.15,101325.0,1.2250122659906946,340.29228686527705
48.65,-0.5526969636563576,-10.18657884234668,-3.407566312541232,-2.01885876279398,0.0,0.0,0.0,0.0,10.929487059776452,288.15,101325.0,1.2250122659906946,340.29228686527705
48.7,-0.44247103864033444,-9.409393929013047,-2.755494220365851,-1.9437865882015364,0.0,0.0,0.0,0.0,9.995386376238258,288.15,101325.0,1.2250122659906946,340.29228686527705
48.75,-1.0044652531561047,-10.07372292775527,-3.9720723979370773,-3.144491334200957,0.0,0.0,0.0,0.0,11.275862650391797,288.15,101325.0,1.2250122659906946,340.29228686527705
48.8,-0.9903516281050928,-9.816515549492943,-3.656821190460718,-2.6506453681732336,0.0,0.0,0.0,0.0,10.805657759722797,288.15,101325.0,1.2250122659906946,340.29228686527705
48.85,-0.7959641258428712,-10.96667994332488,-3.1302601607596765,-2.518006708574069,0.0,0.0,0.0,0.0,11.679338827082097,288.15,101325.0,1.2250122659906946,340.29228686527705
48.9,-0.8795987573255547,-10.62991683314549,-2.0595561983907533,-2.472752994692815,0.0,0.0,0.0,0.0,11.106368037602659,288.15,101325.0,1.2250122659906946,340.29228686527705
48.95,-0.5062793671924009,-9.027566497822159,-1.3250033994104355,-1.2412795671587222,0.0,0.0,0.0,0.0,9.20833132792777,288.15,101325.0,1.2250122659906946,340.29228686527705
49.0,-0.6469937532329582,-10.488406983754027,-3.014188536698427,-2.685993691561542,0.0,0.0,0.0,0.0,11.238619830865925,288.15,101325.0,1.2250122659906946,340.29228686527705
49.05,-0.21222050714221108,-7.752166377910729,-1.976194659411683,-1.6669681532238687,0.0,0.0,0.0,0.0,8.171916036435972,288.15,101325.0,1.2250122659906946,340.29228686527705
49.1,-0.5791917746932074,-7.190300305041245,-2.5013344437633798,-1.1082134825828407,0.0,0.0,0.0,0.0,7.693193719074782,288.15,101325.0,1.2250122659906946,340.29228686527705
49.15,-0.35322063330229975,-7.5789979576516355,-2.6071392840992,-1.2751078400661529,0.0,0.0,0.0,0.0,8.115681443512868,288.15,101325.0,1.2250122659906946,340.29228686527705
49.2,-0.4539286599244431,-9.35137340859961,-2.4914433242978884,-1.685964958261303,0.0,0.0,0.0,0.0,9.823337126747582,288.15,101325.0,1.2250122659906946,340.29228686527705
49.25,-0.792827554858715,-11.109855912987156,-4.298181910263381,-3.089963284770022,0.0,0.0,0.0,0.0,12.306548632426468,288.15,101325.0,1.2250122659906946,340.29228686527705
49.3,-0.6608301195816962,-9.883022333659948,-2.82973584603139,-1.3612591145637576,0.0,0.0,0.0,0.0,10.369887259894353,288.15,101325.0,1.2250122659906946,340.29228686527705
49.35,-0.8035067195042553,-10.278607113184835,-3.071561312393607,-1.8829389286640177,0.0,0.0,0.0,0.0,10.891726772742944,288.15,101325.0,1.2250122659906946,340.29228686527705
49.4,-0.8090775492250736,-9.175534205142265,-2.666419711740492,-1.5416356881743762,0.0,0.0,0.0,0.0,9.678680830771661,288.15,101325.0,1.2250122659906946,340.29228686527705
49.45,-0.5770676977990521,-9.187417311085637,-3.0183677639739455,-1.5277624464164496,0.0,0.0,0.0,0.0,9.790466735519482,288.15,101325.0,1.2250122659906946,340.29228686527705
49.5,-0.5355494679107027,-9.534445802919624,-1.8078338453873453,-1.5903896857348012,0.0,0.0,0.0,0.0,9.83378153783331,288.15,101325.0,1.2250122659906946,340.29228686527705
49.55,-0.6531351666195642,-7.942816731884852,-2.5569550846354834,-1.6954245691182406,0.0,0.0,0.0,0.0,8.514741417725084,288.15,101325.0,1.2250122659906946,340.29228686527705
49.6,-0.5255771045977506,-8.642736682383815,-3.5402640475674634,-2.007818175863217,0.0,0.0,0.0,0.0,9.55309901104601,288.15,101325.0,1.2250122659906946,340.29228686527705
49.65,-0.09353709496776097,-8.775004727162834,-1.8137161018141323,-0.8698435794491532,0.0,0.0,0.0,0.0,9.002605284717244,288.15,101325.0,1.2250122659906946,340.29228686527705
49.7,-0.4874785147225034,-9.398891310432395,-3.074447091947189,-1.9403782778461582,0.0,0.0,0.0,0.0,10.077522048978178,288.15,101325.0,1.2250122659906946,340.29228686527705
49.75,-0.45856676377456684,-9.778890113854937,-2.992429503300151,-2.162329323620826,0.0,0.0,0.0,0.0,10.45260705732601,288.15,101325.0,1.2250122659906946,340.29228686527705
49.8,-0.45357331941137735,-9.692393402971597,-2.858266791171449,-1.602326098249665,0.0,0.0,0.0,0.0,10.23130626325949,288.15,101325.0,1.2250122659906946,340.29228686527705
49.85,-0.7045102280475104,-8.856510137137157,-2.6028644182564737,-1.5052997209583279,0.0,0.0,0.0,0.0,9.35299963856281,288.15,101325.0,1.2250122659906946,340.29228686527705
49.9,-0.818296334566599,-9.66275642132582,-3.5939434019969436,-2.23025393237908,0.0,0.0,0.0,0.0,10.547953518930726,288.15,101325.0,1.2250122659906946,340.29228686527705
49.95,-0.9848041806838688,-10.455541107496565,-3.269211618482984,-3.047815526331568,0.0,0.0,0.0,0.0,11.370807532428046,288.15,101325.0,1.2250122659906946,340.29228686527705
50.0,-0.7566104812928038,-9.081922624905378,-2.723935994090738,-2.814112420611944,0.0,0.0,0.0,0.0,9.890418321816005,288.15,101325.0,1.2250122659906946,340.29228686527705
50.05,-0.6270082923550563,-10.217959391805874,-2.943960284779536,-1.8807359607896612,0.0,0.0,0.0,0.0,10.798646398746488,288.15,101325.0,1.2250122659906946,340.29228686527705
50.1,-0.620840138357132,-6.021592187395319,-1.3381732031923343,-0.5199579605247151,0.0,0.0,0.0,0.0,6.190366408683366,288.15,101325.0,1.2250122659906946,340.29228686527705
