time,baro_altitude,accl_x,accl_y,accl_z,gps_altitude,gyro_roll,gyro_pitch,gyro_yaw,At,T,P,rho,a
0.0,-0.2657207192362116,-6.253252111282237,-0.15668151495902416,-0.4547365970591183,0.0,0.0,0.0,0.0,6.271721967457623,288.15,101325.0,1.2250122659906946,340.29228686527705
0.05,-0.2519152135133981,-10.483671573748397,-1.1391160049616091,-1.5776064214258652,0.0,0.0,0.0,0.0,10.662729339146896,288.15,101325.0,1.2250122659906946,340.29228686527705
0.1,-0.140131105847325,-9.000551974001679,-0.5521413980198622,-0.9518542154945534,0.0,0.0,0.0,0.0,9.067569818185444,288.15,101325.0,1.2250122659906946,340.29228686527705
0.15,-0.2674826467453944,-10.367749765545039,-1.3417872411394889,-1.8781450655288876,0.0,0.0,0.0,0.0,10.621584490489846,288.15,101325.0,1.2250122659906946,340.29228686527705
0.2,-0.48069767021684917,-9.505418176418603,-0.9167415458559107,-1.338567166441936,0.0,0.0,0.0,0.0,9.642880888487829,288.15,101325.0,1.2250122659906946,340.29228686527705
0.25,0.19898015283680348,-9.399788256012373,-0.559506986550296,-1.1320005531251012,0.0,0.0,0.0,0.0,9.484223351342074,288.14870662900654,101322.60962121982,1.2249888648798384,340.2915231577167
0.3,-0.04448651195623542,-9.14256532113854,-0.47273866210885923,-0.9434951150013438,0.0,0.0,0.0,0.0,9.203269284660148,288.15,101325.0,1.2250122659906946,340.29228686527705
0.35,-0.09314896297157974,-9.483248366556284,-0.7439804490466949,-1.2119885068875724,0.0,0.0,0.0,0.0,9.589286867707301,288.15,101325.0,1.2250122659906946,340.29228686527705
0.4,-0.13419655241846012,-9.833522944129612,-1.0705782964202857,-1.52294616573006,0.0,0.0,0.0,0.0,10.008180474252129,288.15,101325.0,1.2250122659906946,340.29228686527705
0.45,0.31493521510947065,-9.15330427916948,-0.3516320368974902,-0.780585051386991,0.0,0.0,0.0,0.0,9.19325499150784,288.14795292110176,101321.21665651382,1.22497522811333,340.29107810873205
0.5,-0.10835957601824124,-9.609346285677601,-0.7933004565153403,-1.266510797753786,0.0,0.0,0.0,0.0,9.724860474742055,288.15,101325.0,1.2250122659906946,340.29228686527705
0.55,-0.21788315736726094,-9.47572355567598,-0.7286934266276519,-1.1071585010962082,0.0,0.0,0.0,0.0,9.567974234923117,288.15,101325.0,1.2250122659906946,340.29228686527705
0.6,0.0842294118462738,-9.867975719114469,-1.1770367977935339,-1.5888793698094066,0.0,0.0,0.0,0.0,10.064139211487424,288.149452508823,101323.98813371637,1.2250023601278144,340.2919635838036
0.65,-0.14834931454494776,-9.489105746657756,-0.7155334981074032,-1.1081070587340867,0.0,0.0,0.0,0.0,9.580345364953363,288.15,101325.0,1.2250122659906946,340.29228686527705
0.7,0.31114724057327126,-9.908496921596942,-1.1503587834496747,-1.5860239773180433,0.0,0.0,0.0,0.0,10.100351906373541,288.14797754293625,101321.26216109398,1.2249756735920396,340.29109264742704
0.75,-0.24254184664400075,-8.855672214048349,-0.1679872659200411,-0.49357061326775886,0.0,0.0,0.0,0.0,8.871006821914905,288.15,101325.0,1.2250122659906946,340.29228686527705
0.8,0.05740190340741129,-9.647339123710537,-0.8939765393415932,-1.2769716056039062,0.0,0.0,0.0,0.0,9.77246144542345,288.14962688762785,101324.31041753471,1.2250055151903276,340.29206655067793
0.85,-0.237442416866494,-9.995928882836456,-1.2945671371868603,-1.669389597718667,0.0,0.0,0.0,0.0,10.216719626787237,288.15,101325.0,1.2250122659906946,340.29228686527705
0.9,-0.4818957644052616,-8.994359021704401,-0.23313694676343982,-0.7109265672635547,0.0,0.0,0.0,0.0,9.025423182948414,288.15,101325.0,1.2250122659906946,340.29228686527705
0.95,0.2162856599569425,-9.588693972416586,-0.8875477170948788,-1.3890657202155807,0.0,0.0,0.0,0.0,9.729352322835089,288.14859414321023,101322.40172969425,1.2249868296774915,340.29145673720916
1.0,-0.3219670174455074,-10.295727235405664,-1.5377697165937665,-2.0062201172465324,0.0,0.0,0.0,0.0,10.601493015891277,288.15,101325.0,1.2250122659906946,340.29228686527705
1.05,0.11793407115826221,-9.846441127728344,-1.1369148057821135,-1.6311200296044186,0.0,0.0,0.0,0.0,10.045174498653745,288.14923342853746,101323.5832345897,1.2249983962833528,340.2918342216374
1.1,0.01969658490656431,-9.586057297857385,-0.8182397394992278,-1.2655528233082132,0.0,0.0,0.0,0.0,9.703794862716544,288.14987197219807,101324.76337989933,1.225009949553628,340.2922112677092
1.15,-0.11964966817481293,-9.38621732111722,-0.6659665233837391,-1.0303582849622048,0.0,0.0,0.0,0.0,9.466056475898451,288.15,101325.0,1.2250122659906946,340.29228686527705
1.2,-0.20164717671853755,-9.260343342046882,-0.5027130338426298,-0.9533954296221059,0.0,0.0,0.0,0.0,9.322855895711978,288.15,101325.0,1.2250122659906946,340.29228686527705
1.25,0.0856060912231397,-9.333492468800063,-0.7105965391591151,-1.0630895958882356,0.0,0.0,0.0,0.0,9.420678775730453,288.149443560407,101323.97159543479,1.225002198222916,340.2919582999586
1.3,0.39485001162818645,-8.982772309930573,-0.25214641589212816,-0.6699797931139475,0.0,0.0,0.0,0.0,9.011251251090698,288.1474334749244,101320.25665147204,1.22496582988991,340.2907713861307
1.35,-0.19345191449017934,-9.776840793790344,-0.9664321345046387,-1.4802028540581458,0.0,0.0,0.0,0.0,9.935371531396703,288.15,101325.0,1.2250122659906946,340.29228686527705
1.4,0.12101707928201492,-9.485334251989697,-0.7975237003646036,-1.1696299261247083,0.0,0.0,0.0,0.0,9.590393322940342,288.14921338898466,101323.54619801616,1.2249980337059398,340.29182238871283
1.45,0.06062517549711044,-10.208325609498658,-1.5192100160057036,-1.8511376646958626,0.0,0.0,0.0,0.0,10.485448081790965,288.14960593635925,101324.27169572728,1.2250051361154761,340.2920541794132
1.5,-0.04560906695746007,-9.146035958179882,-0.3274045429442138,-0.7861130146082531,0.0,0.0,0.0,0.0,9.185594218927612,288.15,101325.0,1.2250122659906946,340.29228686527705
1.55,-0.1188688661277259,-9.444048214330701,-0.7196357741418897,-1.142306734309521,0.0,0.0,0.0,0.0,9.540062211394462,288.15,101325.0,1.2250122659906946,340.29228686527705
1.6,0.1503974544107006,-8.638246863723982,0.11008557331965096,-0.26376869558001415,0.0,0.0,0.0,0.0,8.642974119876694,288.1490224165463,101323.19324833713,1.2249945784287335,340.2917096235779
1.65,-0.37273680444088797,-9.857520366285627,-1.1285705334682037,-1.5695087841264668,0.0,0.0,0.0,0.0,10.04528431873378,288.15,101325.0,1.2250122659906946,340.29228686527705
1.7,0.12186697358590909,-9.991982353615526,-1.2434277144698749,-1.6566316620975274,0.0,0.0,0.0,0.0,10.204423173307733,288.14920786467167,101323.5359881284,1.224997933754068,340.2918191267248
1.75,0.08143525066183481,-9.411366490240086,-0.688392377740723,-1.1625663765715935,0.0,0.0,0.0,0.0,9.507852747033914,288.1494706708707,101324.02170045249,1.2250026887362442,340.2919743080974
1.8,0.27609355715336054,-10.013804471470241,-1.1854602472584246,-1.622082301525958,0.0,0.0,0.0,0.0,10.213361199115164,288.1482053918785,101321.68325846567,1.2249797960305047,340.29122718758737
1.85,0.04252208060345228,-9.632272992298173,-0.8621850073327872,-1.2931881420578675,0.0,0.0,0.0,0.0,9.756863305170638,288.1497236064761,101324.48917195463,1.2250072651419912,340.29212366103116
1.9,-0.06582769000213423,-9.297140431248492,-0.6597086427149057,-1.0599023139803512,0.0,0.0,0.0,0.0,9.380587860406672,288.15,101325.0,1.2250122659906946,340.29228686527705
1.95,-0.25431155353393836,-10.320083292622312,-1.53548009383384,-2.0003442942030736,0.0,0.0,0.0,0.0,10.623709125374855,288.15,101325.0,1.2250122659906946,340.29228686527705
2.0,-0.29036095353410046,-9.647873319167928,-1.0026237622892926,-1.386470202576679,0.0,0.0,0.0,0.0,9.79841893440225,288.15,101325.0,1.2250122659906946,340.29228686527705
2.05,-0.14570679834907346,-9.107595169743174,-0.3927163637931542,-0.7860099726007544,0.0,0.0,0.0,0.0,9.1498812885932,288.15,101325.0,1.2250122659906946,340.29228686527705
2.1,-0.23663928461595965,-9.646735530399855,-0.9683653340266936,-1.3690386791484639,0.0,0.0,0.0,0.0,9.791399528087299,288.15,101325.0,1.2250122659906946,340.29228686527705
2.15,0.17982213056817947,-8.80131231743363,-0.03507175215760827,-0.42559079193921034,0.0,0.0,0.0,0.0,8.811665907136504,288.1488311561513,101322.83976746286,1.2249911179489816,340.2915966883733
2.2,0.23197273238824995,-10.013609731752283,-1.2114885450006425,-1.6907364192045273,0.0,0.0,0.0,0.0,10.227349314154491,288.14849217723946,101322.21328076694,1.224984984812287,340.29139652842713
2.25,-0.09217765945129842,-9.816655596898537,-1.1117025655564845,-1.4974503293599257,0.0,0.0,0.0,0.0,9.992245352836587,288.15,101325.0,1.2250122659906946,340.29228686527705
2.3,0.054124434492605136,-9.523812658126113,-0.7070192457920388,-1.1058848874653204,0.0,0.0,0.0,0.0,9.61383717073093,288.1496481911758,101324.34979043159,1.2250059006391207,340.29207912995537
2.35,0.12722420898673448,-8.938774317566395,-0.28536019305772065,-0.5815125564882186,0.0,0.0,0.0,0.0,8.962213654757399,288.14917304264156,101323.4716310011,1.2249973037162118,340.2917985650644
2.4,-0.021985923255653822,-9.033500310753565,-0.29232665762192833,-0.7523919169471649,0.0,0.0,0.0,0.0,9.06949151473381,288.15,101325.0,1.2250122659906946,340.29228686527705
2.45,0.19343150441997958,-9.244160096001512,-0.5170108348922217,-0.9790221504253365,0.0,0.0,0.0,0.0,9.31022451152098,288.14874269522124,101322.6762773566,1.2249895174253942,340.2915444540586
2.5,-0.07474225444198931,-10.160837419062666,-1.4441505446941387,-1.8437983364375108,0.0,0.0,0.0,0.0,10.427261392993568,288.15,101325.0,1.2250122659906946,340.29228686527705
2.55,-0.041837331204685815,-9.48029531409698,-0.723345107564788,-1.2344224132377453,0.0,0.0,0.0,0.0,9.58764966409551,288.15,101325.0,1.2250122659906946,340.29228686527705
2.6,-0.05926109578501043,-10.346888999928353,-1.5540551577401462,-2.0720694725419593,0.0,0.0,0.0,0.0,10.66614603824537,288.15,101325.0,1.2250122659906946,340.29228686527705
2.65,-0.1743739184196543,-9.39261291749024,-0.6580569142982795,-1.0046265846189777,0.0,0.0,0.0,0.0,9.469080784045698,288.15,101325.0,1.2250122659906946,340.29228686527705
2.7,-0.09215121868438034,-9.653799188928067,-0.855997895706422,-1.258535810403587,0.0,0.0,0.0,0.0,9.77304883665636,288.15,101325.0,1.2250122659906946,340.29228686527705
2.75,0.21529510569002316,-9.251770439826991,-0.4929260177472682,-0.9363706215265831,0.0,0.0,0.0,0.0,9.312090112917012,288.148600581813,101322.41362924023,1.2249869461708807,340.29146053906965
2.8,0.12035773263294672,-10.619406756429745,-1.9793799726096721,-2.3586361793437582,0.0,0.0,0.0,0.0,11.056803767860913,288.1492176747379,101323.55411883147,1.2249981112484478,340.29182491935785
2.85,0.20717768744873177,-10.26937249631904,-1.5272005697704296,-2.009818296885131,0.0,0.0,0.0,0.0,10.575051897506476,288.14865334503156,101322.51114397157,1.2249879008140565,340.29149169464677
2.9,-0.48954643995828334,-10.864177021928398,-2.1331360759587352,-2.662907555811718,0.0,0.0,0.0,0.0,11.387347739186364,288.15,101325.0,1.2250122659906946,340.29228686527705
2.95,0.23690313702442678,-9.7509739198311,-0.9180506494829703,-1.387904349969824,0.0,0.0,0.0,0.0,9.891945605638336,288.1484601296093,101322.15405183495,1.224984404976558,340.2913776049668
3.0,-0.24029139240148928,-9.312941334363064,-0.5892748115520982,-1.0508213278757081,0.0,0.0,0.0,0.0,9.390545594582687,288.15,101325.0,1.2250122659906946,340.29228686527705
3.05,-0.0475196530566013,-10.055746282004778,-1.3504466275029219,-1.769582149261308,0.0,0.0,0.0,0.0,10.299182509537891,288.15,101325.0,1.2250122659906946,340.29228686527705
3.1,-0.20897816139144668,-9.00847993093236,-0.2719759096472182,-0.6920664716803239,0.0,0.0,0.0,0.0,9.039117078712035,288.15,101325.0,1.2250122659906946,340.29228686527705
3.15,0.004142026285339148,-8.705548357522689,0.20110553401075537,-0.37363729743053786,0.0,0.0,0.0,0.0,8.71588322954174,288.1499730768291,101324.95024074406,1.2250117788631667,340.2922709677452
3.2,0.062201190367119935,-9.395924468153572,-0.7549547390772563,-1.1627078656432521,0.0,0.0,0.0,0.0,9.497644068406169,288.1495956922626,101324.25276275224,1.2250049507673333,340.2920481304986
3.25,-0.03480844791497538,-9.201456794256266,-0.6014088948092078,-0.9475431114288277,0.0,0.0,0.0,0.0,9.26964604196604,288.15,101325.0,1.2250122659906946,340.29228686527705
3.3,0.41578276755407606,-8.822820236978796,-0.04654017973140323,-0.42168063412631307,0.0,0.0,0.0,0.0,8.833014065400846,288.14729741201086,101320.00519048073,1.2249633681431868,340.29069104364993
3.35,-0.2470307272349772,-9.071778173627688,-0.3597934961713798,-0.7974010616101207,0.0,0.0,0.0,0.0,9.113860819896905,288.15,101325.0,1.2250122659906946,340.29228686527705
3.4,0.5892138721631306,-9.534612522279152,-0.7996334814135838,-1.209590500419032,0.0,0.0,0.0,0.0,9.644239671083668,288.1461701098309,101317.92181690388,1.2249429723382843,340.29002539310164
3.45,0.08959525910660064,-8.942144319215044,-0.1513275161956047,-0.6759301427384119,0.0,0.0,0.0,0.0,8.968931184967929,288.1494176308158,101323.92367290078,1.2250017290754154,340.2919429890986
3.5,-0.14369366604132167,-9.130289315367392,-0.3942978271484484,-0.8253122712302392,0.0,0.0,0.0,0.0,9.175990088478146,288.15,101325.0,1.2250122659906946,340.29228686527705
3.55,-0.161615869186374,-9.012369788828385,-0.31182158466442783,-0.7646414363717058,0.0,0.0,0.0,0.0,9.050122564775894,288.15,101325.0,1.2250122659906946,340.29228686527705
3.6,-0.07701369087100904,-10.288149989406557,-1.5621933309003886,-2.0210035415091725,0.0,0.0,0.0,0.0,10.600515719644418,288.15,101325.0,1.2250122659906946,340.29228686527705
3.65,0.04319755267375561,-9.716064296654613,-0.9725812322943075,-1.4953841566965542,0.0,0.0,0.0,0.0,9.878461086942474,288.1497192159076,101324.48105736206,1.2250071857025988,340.29212106849724
3.7,-0.37587239617404367,-9.449973740427549,-0.7590163929068614,-1.1138937866121177,0.0,0.0,0.0,0.0,9.54562040662233,288.15,101325.0,1.2250122659906946,340.29228686527705
3.75,0.1237982137763157,-9.078173230661486,-0.3174589165895412,-0.7339581411271718,0.0,0.0,0.0,0.0,9.113325623642988,288.1491953116104,101323.5127878988,1.2249977066304694,340.29181171441206
3.8,-0.47050936197204707,-9.82835376127457,-1.0710232539656692,-1.4673312159063545,0.0,0.0,0.0,0.0,9.994833133397897,288.15,101325.0,1.2250122659906946,340.29228686527705
3.85,-0.04369825012400838,-10.002237949182263,-1.2794024534311035,-1.694225690370525,0.0,0.0,0.0,0.0,10.225068964061748,288.15,101325.0,1.2250122659906946,340.29228686527705
3.9,-0.1608745907787047,-9.40481130399648,-0.5859286762371179,-1.0755298340094126,0.0,0.0,0.0,0.0,9.484226510436223,288.15,101325.0,1.2250122659906946,340.29228686527705
3.95,-0.12016550481252085,-10.422797321677647,-1.7825236837709737,-2.1044049204808886,0.0,0.0,0.0,0.0,10.781494087616954,288.15,101325.0,1.2250122659906946,340.29228686527705
4.0,0.11032437393271663,-10.326197127401812,-1.53171291896138,-1.9018550029879981,0.0,0.0,0.0,0.0,10.611010509488015,288.14928289156944,101323.67465090912,1.2249992912227443,340.29186342849135
4.05,0.2090188651862842,-9.042334144341277,-0.32374064894624466,-0.7902078466735407,0.0,0.0,0.0,0.0,9.08256809644963,288.1486413773763,101322.48902585461,1.2249876842836143,340.29148462799685
4.1,-0.14413420529043994,-9.427424310477727,-0.6871074468401734,-0.9955249279805587,0.0,0.0,0.0,0.0,9.504710182615794,288.15,101325.0,1.2250122659906946,340.29228686527705
4.15,-0.09549394559094955,-9.29979274688524,-0.5875663978448317,-1.2667021897839355,0.0,0.0,0.0,0.0,9.404037103526287,288.15,101325.0,1.2250122659906946,340.29228686527705
4.2,0.4499934735160941,-9.507009152337462,-0.8894511562598977,-0.8532836948284463,0.0,0.0,0.0,0.0,9.586576002194965,288.1470750424221,101319.59422523133,1.224959344883038,340.29055973873
4.25,0.2551674518260173,-9.041913161921729,-0.3557645062565193,-1.3518504870213042,0.0,0.0,0.0,0.0,9.149331218777965,288.1483414115631,101321.93464293571,1.2249822570203472,340.2913075044158
4.3,0.17373986028956828,-9.877185707642518,-1.2012237321313166,-0.5512015341948128,0.0,0.0,0.0,0.0,9.965217463216336,288.1488706909081,101322.9128341568,1.224991833251845,340.2916200328113
4.35,0.2581520413348186,-8.493372886987384,0.26134271895906197,-1.7408053394496963,0.0,0.0,0.0,0.0,8.6738737738119,288.1483220117313,101321.8987891499,1.224981906021,340.29129604921496
4.4,0.17790534676057063,-11.289180706928237,-2.6474942011863347,-0.2812323631492074,0.0,0.0,0.0,0.0,11.598875730909375,288.14884361524605,101322.86279390224,1.2249913433715085,340.29160404520553
4.45,0.2899924025068702,-5.270945856568162,3.246544519698829,-4.904890738277255,0.0,0.0,0.0,0.0,7.898156411194803,288.1481150493837,101321.51629246895,1.2249781614753417,340.29117384219035
4.5,-0.09095728318064443,-4.74158489062783,2.6260689379493276,-7.894069865353189,0.0,0.0,0.0,0.0,9.575761295112246,288.15,101325.0,1.2250122659906946,340.29228686527705
4.55,0.23848999113348113,-11.958558047465027,-2.6970177291370865,0.7271299211198881,0.0,0.0,0.0,0.0,12.28046143791259,288.14844981505763,101322.13498896867,1.2249842183560768,340.2913715144379
4.6,0.1786533895224132,-13.673737429873755,-2.452516256737614,-4.288957793521758,0.0,0.0,0.0,0.0,14.538950795889772,288.14883875296806,101322.8538076189,1.2249912553982603,340.2916011741331
4.65,-0.12961425639043184,-80.96574689027429,-14.541271135060116,-13.994517667818835,0.0,0.0,0.0,0.0,83.4430779662291,288.15,101325.0,1.2250122659906946,340.29228686527705
4.7,0.3893282799236849,-148.9975973593733,6.8883161316454355,-10.682387139279813,0.0,0.0,0.0,0.0,149.53877862611043,288.1474693661805,101320.32298300981,1.2249664792605985,340.29079257921006
4.75,0.962377715583249,-227.29197386857948,9.017090978153055,-27.89241155024417,0.0,0.0,0.0,0.0,229.17446615378316,288.1437445448487,101313.4392340662,1.2248990884906255,340.28859313858635
4.8,2.6848406359478063,-171.7313426852089,-5.183269275869371,-22.427188081338702,0.0,0.0,0.0,0.0,173.26713221522007,288.1325485358663,101292.7504503396,1.2246965434566244,340.28198200919866
4.85,3.8556388495305285,-87.91884934749864,-4.948888546039589,-11.790100406085196,0.0,0.0,0.0,0.0,88.84380696489121,288.124938347478,101278.68975462994,1.2245588835017895,340.277488197061
4.9,6.079638242366909,-86.2544699641403,-5.69150967283565,-11.60527835506375,0.0,0.0,0.0,0.0,87.21759774752613,288.1104823514246,101251.98499670974,1.2242974230009984,340.268951775749
4.95,8.623205649720804,-74.59455227645937,-2.178796774098954,-8.774752611896263,0.0,0.0,0.0,0.0,75.14047290314477,288.0939491632768,101221.45000338752,1.2239984454164212,340.25918848760875
5.0,11.740007618765548,-73.66907503364516,-4.405666269404339,-9.372973987897714,0.0,0.0,0.0,0.0,74.39351553037412,288.073689950478,101184.043616376,1.2236321644983166,340.2472245006542
5.05,13.754807638120425,-68.75451390598634,-4.473735329738588,-8.733088270142936,0.0,0.0,0.0,0.0,69.45116500810573,288.0605937503522,101159.8688941481,1.2233954334795278,340.23949037472715
5.1,16.32920194358987,-67.0081840125796,-3.928155388735898,-8.302049864901338,0.0,0.0,0.0,0.0,67.63468903884376,288.04386018736665,101128.98664575661,1.2230930033380996,340.229607902512
5.15,18.530090911068257,-62.856418230924085,-5.234983114712091,-8.29195782137494,0.0,0.0,0.0,0.0,63.616750353532105,288.02955440907806,101102.5909938787,1.2228344965495472,340.2211589986375
5.2,20.528311191557343,-60.441547851939106,-5.039324761411563,-8.644039284661096,0.0,0.0,0.0,0.0,61.26414053868694,288.01656597725486,101078.63081557938,1.2225998305427186,340.2134879296813
5.25,23.52278431026072,-60.60059068026255,-6.006249319125011,-9.403847659344759,0.0,0.0,0.0,0.0,61.61930681596782,287.9971019019833,101042.73341751128,1.2222482315875636,340.20199197146104
5.3,27.051788906831156,-62.419530535914234,-2.539960458957875,-8.941173116075113,0.0,0.0,0.0,0.0,63.10779482875807,287.9741633721056,101000.44137023012,1.221833969408803,340.18844341680403
5.35,30.267078995604738,-64.83855093392378,-4.002585947828224,-8.704159910090844,0.0,0.0,0.0,0.0,65.54251125202035,287.95326398652855,100961.92139824711,1.2214566270199063,340.1760988051133
5.4,33.44384136639274,-56.029927409577446,-0.7196670529440428,-7.511142896604239,0.0,0.0,0.0,0.0,56.53572281135901,287.9326150311184,100923.87468156895,1.2210838937595125,340.16390167470087
5.45,36.55757824306212,-57.179239317507644,-3.308279638948173,-6.407360469374161,0.0,0.0,0.0,0.0,57.632147203473075,287.9123757414201,100886.59406146039,1.220718639804068,340.1519461052729
5.5,40.75255028200955,-52.306451382365395,-1.979915892915005,-7.29911670555075,0.0,0.0,0.0,0.0,52.85037396121263,287.8851084231669,100836.38549779967,1.2202266847490357,340.1358383381823
5.55,44.136700303496305,-49.222920833019586,-7.613884919579911,-7.2542841157689475,0.0,0.0,0.0,0.0,50.33380391878422,287.86311144802727,100795.89620540799,1.2198299274031428,340.12284339282286
5.6,48.18346700946235,-48.1325523552414,-0.9973636040959388,-5.810582676239146,0.0,0.0,0.0,0.0,48.4922695017076,287.8368074644385,100747.49639269544,1.2193556145365212,340.10730338487866
5.65,51.89850122346584,-48.62763648740108,-3.570133980164598,-6.8029614188051415,0.0,0.0,0.0,0.0,49.230815258869086,287.81265974204746,100703.08070975906,1.2189203075571275,340.09303663929467
5.7,55.13991419132603,-49.432813839303485,-3.506967709178922,-7.679463495567969,0.0,0.0,0.0,0.0,50.14854002026598,287.79159055775636,100664.34043464373,1.2185405940012872,340.0805882396782
5.75,59.98518564426992,-48.868759871138096,-1.6987393266037407,-6.547168160780061,0.0,0.0,0.0,0.0,49.334641151712454,287.76009629331224,100606.45388614721,1.2179731660608022,340.0619794940231
5.8,63.47695455547489,-46.717540209589025,-3.361750301376574,-11.460059244735879,0.0,0.0,0.0,0.0,48.21994282676234,287.73739979538936,100564.75437167972,1.2175643716464188,340.0485683777732
5.85,68.15523835706722,-45.22289488753645,2.3373170186148875,-8.549409200721948,0.0,0.0,0.0,0.0,46.08324717873151,287.706990950679,100508.90715891102,1.2170168320458512,340.0305992897542
5.9,72.72856049280324,-47.28242648243536,1.1226861589991461,-5.040660554305155,0.0,0.0,0.0,0.0,47.563605173517296,287.67726435679674,100454.33720751005,1.2164817591085062,340.01303243709043
5.95,77.29140307549399,-42.02887568468845,-4.311916557560672,-3.6562211671733205,0.0,0.0,0.0,0.0,42.40739285716169,287.6476058800093,100399.91621162459,1.2159480916402323,339.9955049335202
6.0,81.79443411233326,-39.31658660803772,-8.217404616608876,-8.63517491951628,0.0,0.0,0.0,0.0,41.08388938539095,287.61833617826983,100346.23199589801,1.2154215953168375,339.9782063014647
6.05,85.44577113240136,-42.05053506219994,0.9235547971159911,-6.619278942451479,0.0,0.0,0.0,0.0,42.57834315938754,287.59460248763935,100302.7185693044,1.2149948074824977,339.9641788508131
6.1,90.546080142438,-41.06866438442307,-5.931758918013193,-9.700906665494044,0.0,0.0,0.0,0.0,42.61371314863838,287.56145047907415,100241.96314538352,1.2143988479740493,339.944583872174
6.15,95.35445145518909,-39.76326088023881,3.378490038999267,-11.888098623276033,0.0,0.0,0.0,0.0,41.639620551228425,287.53019606554125,100184.71260708445,1.2138372055465099,339.92610946036353
6.2,100.42045225948432,-40.879860703415844,-0.4344737968485845,-8.784629718451049,0.0,0.0,0.0,0.0,41.81532611257653,287.49726706031333,100124.4232661077,1.213245685670572,339.90664411501007
6.25,105.48433562387922,-40.39091363540117,-0.20582788428014692,-7.723708979914634,0.0,0.0,0.0,0.0,41.12327746941867,287.46435181844475,100064.18848741462,1.2126546334451573,339.88718579151873
6.3,110.35649971523715,-34.323514703244335,4.9075732227843005,-12.189691829590402,0.0,0.0,0.0,0.0,36.75291176792939,287.43268275185096,100006.26190578174,1.2120861664894382,339.86846311107826
6.35,115.41996386047242,-30.384993212275916,-1.105241483056487,-14.157605014652098,0.0,0.0,0.0,0.0,33.539635522718854,287.3997702349069,99946.08967839011,1.211495595374484,339.84900421260915
6.4,120.51516086103884,-29.102860956578468,2.609854069346252,-11.766400420788257,0.0,0.0,0.0,0.0,31.499778300546,287.3666514544032,99885.56994604043,1.210901545371009,339.82942224001295
6.45,125.15977165652383,-32.14193015032053,-1.6637155064792628,-10.009319607918444,0.0,0.0,0.0,0.0,33.705461012839514,287.3364614842326,99830.42804350011,1.2103602234809574,339.81157098702295
6.5,130.49049720764754,-34.866268258574124,1.8936144339791032,-13.404643068724683,0.0,0.0,0.0,0.0,37.402231132692286,287.3018117681503,99767.17080947061,1.2097391642201805,339.79108154168284
6.55,135.9390829738404,-31.32340556626558,2.267878995737278,-14.07934122308783,0.0,0.0,0.0,0.0,34.41695600549537,287.26639596067,99702.54852807197,1.2091046255609548,339.7701378060092
6.6,141.13408759334735,-29.851562834962838,-0.9030486989811093,-9.405907257487105,0.0,0.0,0.0,0.0,31.31137799552927,287.2326284306432,99640.96538322569,1.208499855950283,339.75016760470123
6.65,145.97164196830147,14.035745108066324,-2.161378969385933,1.6612742211080755,0.0,0.0,0.0,0.0,14.298025451985662,287.201184327206,99583.64725921414,1.2079369065450765,339.731570428146
6.7,149.96751280796525,31.76288288477986,-1.1692734421757882,2.038776028395086,0.0,0.0,0.0,0.0,31.849718008622578,287.1752111667482,99536.322022917,1.2074720557262821,339.7162081967552
6.75,153.9025127495483,28.866876829488607,2.494437121296361,-0.2700963132226314,0.0,0.0,0.0,0.0,28.975709593716317,287.1496336671279,99489.73551221538,1.207014419945984,339.7010793062169
6.8,158.184476589705,29.589865540452607,1.5653660481060923,1.2020215730839552,0.0,0.0,0.0,0.0,29.6556127812053,287.1218009021669,99439.06135287596,1.2065165834497014,339.68461567835806
6.85,162.6518009217986,26.325784643429827,1.5587114847180112,0.8557604496310567,0.0,0.0,0.0,0.0,26.38576973544623,287.0927632940083,99386.21585530874,1.2059973637273946,339.66743851149926
6.9,167.04728240996445,26.41941682534221,1.1164093953004315,1.1063985070321616,0.0,0.0,0.0,0.0,26.46613067649771,287.0641926643352,99334.2424085153,1.2054866608772057,339.6505367374184
6.95,171.30041543911398,26.280259226122013,3.444000290473244,0.6325449206906286,0.0,0.0,0.0,0.0,26.512511689193886,287.03654729964575,99283.97308380961,1.204992654747836,339.6341815296403
7.0,175.93054887638345,24.538741032320733,2.475343299774739,-0.2375482324333183,0.0,0.0,0.0,0.0,24.664419009288927,287.0064514323035,99229.27127543761,1.2044550356942103,339.6163756904249
7.05,180.16631300969985,23.042380603621048,1.3033000098469354,-2.0476005512917816,0.0,0.0,0.0,0.0,23.16986324550598,286.97891896543695,99179.25004375767,1.2039633688178553,339.6000856369741
7.1,185.06603803944478,22.824943255270213,1.489071656575696,-0.07791821559518444,0.0,0.0,0.0,0.0,22.873597011686723,286.94707075274357,99121.41339824922,1.2033948241419903,339.58124112413077
7.15,189.53715676422016,23.080870523731182,2.1229835563159907,1.0505066771268992,0.0,0.0,0.0,0.0,23.20209489663205,286.91800848103253,99068.65988146188,1.202876192497513,339.5640441334632
7.2,193.8342339131907,23.619818298218267,3.913811895772699,2.853049649927715,0.0,0.0,0.0,0.0,24.11127604050211,286.89007747956424,99017.98126030633,1.2023779101300325,339.54751572749353
7.25,197.48189640129152,21.828305967901898,3.0006357386620577,2.365391368221208,0.0,0.0,0.0,0.0,22.160185752590905,286.8663676733916,98974.97814340191,1.2019550568040864,339.5334846180946
7.3,201.92765780750304,20.311798831525085,1.817425918809445,2.3323677150047457,0.0,0.0,0.0,0.0,20.525889698151957,286.8374702242512,98922.58650734386,1.2014398381269284,339.5163827549708
7.35,205.74019920135913,20.714180343128366,2.442099305777642,1.781406255602887,0.0,0.0,0.0,0.0,20.93357409890691,286.81268870519114,98877.67502102083,1.2009981378180494,339.50171606334357
7.4,209.6692240727105,19.1014725849288,0.7245343804040411,0.6848254551329069,0.0,0.0,0.0,0.0,19.12747215094488,286.78715004352733,98831.40864348413,1.2005430723615977,339.4866006015441
7.45,213.33470797333823,19.22169740474292,1.832703054798709,1.6308063330539246,0.0,0.0,0.0,0.0,19.37761545966113,286.76332439817327,98788.26140942819,1.200118649557407,339.47249840877225
7.5,217.35016555603423,17.977022961818072,1.0706240980124384,1.0526621803524878,0.0,0.0,0.0,0.0,18.039614413698636,286.7372239238858,98741.0120649211,1.1996538354042172,339.45704909206404
7.55,220.40119885502492,16.810703729864343,1.7711828869282176,1.7591972029868055,0.0,0.0,0.0,0.0,16.9950470288028,286.7173922074423,98705.1232058755,1.1993007514414258,339.4453098901277
7.6,223.529432287319,15.703523271001922,0.8983664209013097,-0.46477010455918144,0.0,0.0,0.0,0.0,15.736064202944581,286.6970586901324,98668.33722044963,1.1989388159649075,339.4332732302529
7.65,227.94377677791903,15.514339707781435,0.9531159003333257,0.7295336357561963,0.0,0.0,0.0,0.0,15.560700042530593,286.6683654509435,98616.44629378611,1.1984282200695604,339.4162872105148
7.7,231.461088360061,15.805434981000209,-0.6612067970551782,1.0211462873020998,0.0,0.0,0.0,0.0,15.852183102247082,286.64550292565957,98575.11587170433,1.1980215007649526,339.4027522880962
7.75,234.74981820687927,14.9778314903989,0.6253036911981054,0.7355762604577151,0.0,0.0,0.0,0.0,15.008914460944863,286.62412618165524,98536.48410517168,1.1976413087187474,339.39009647987933
7.8,237.72906987090025,14.57600588142314,2.1724198163969626,0.6168349220016488,0.0,0.0,0.0,0.0,14.749909851756955,286.6047610458391,98501.49827414374,1.1972969734406027,339.3786312092901
7.85,241.12687473902304,13.42235150692767,-0.6356516448559799,0.9137479599300574,0.0,0.0,0.0,0.0,13.468426349184524,286.5826753141963,98461.60958369102,1.19690435516671,339.3655547172047
7.9,244.4346286952356,15.002446667004264,2.2344075675650075,1.2793268980195516,0.0,0.0,0.0,0.0,15.221782434599945,286.56117491348095,98422.79061559604,1.1965222369492883,339.3528243030852
7.95,247.60370221295696,14.38348623082101,1.3793541207416729,1.1971369949694746,0.0,0.0,0.0,0.0,14.498980340953262,286.5405759356158,98385.61079137388,1.1961562269162864,339.34062717459267
8.0,251.0051655162331,11.860869322990194,0.7334138110417846,0.5415854690477939,0.0,0.0,0.0,0.0,11.895857755351669,286.51846642414444,98345.71720665663,1.1957634724918977,339.3275351365859
8.05,253.33431744516287,12.026179664791728,0.2708821902622581,-0.3601859526313049,0.0,0.0,0.0,0.0,12.03462124087519,286.5033269366064,98318.40763149303,1.195494590820962,339.31857007245276
8.1,256.9437216077922,11.802485065243275,0.6062284656684381,-0.34782141878132367,0.0,0.0,0.0,0.0,11.82316143877095,286.4798658095493,98276.09908277765,1.1950780058111694,339.304676762469
8.15,259.9006886726324,10.933321738767017,-0.24740225067079258,0.029029582780081623,0.0,0.0,0.0,0.0,10.936159053054633,286.4606455236279,98241.44922842714,1.1947368056123342,339.2932943878796
8.2,262.3827181866843,10.689720104136292,-0.5563712013741923,-0.07689125270779021,0.0,0.0,0.0,0.0,10.70446528712374,286.44451233178654,98212.3723478998,1.1944504653137804,339.2837399150968
8.25,265.50618375980906,11.764093444495455,2.315728604167166,1.32829813136212,0.0,0.0,0.0,0.0,12.063203117943386,286.4242098055612,98175.79097162944,1.194090200105717,339.2717158776441
8.3,268.44670153702026,10.902403309564164,0.8323692893514149,0.6042649691494033,0.0,0.0,0.0,0.0,10.950816075123905,286.40509644000934,98141.3623251936,1.193751112345539,339.2603957233242
8.35,271.6345687477829,9.613450534834497,0.3346943717528024,-0.6335180754705366,0.0,0.0,0.0,0.0,9.640113933981308,286.3843753031394,98104.04866730994,1.193383584548041,339.2481229175375
8.4,274.5691375713579,10.077750182061441,0.9487266700585844,0.42251526014897356,0.0,0.0,0.0,0.0,10.131122848508877,286.36530060578616,98069.70999648799,1.1930453359370115,339.2368248796809
8.45,277.47056331898443,8.821916365149253,0.17578542482839274,-0.5115210380250992,0.0,0.0,0.0,0.0,8.838481919516076,286.3464413384266,98035.76871616526,1.1927109796245443,339.2256540721434
8.5,279.53287124734555,8.81161874899627,-0.3812751679721196,0.4542123761885928,0.0,0.0,0.0,0.0,8.831551653818126,286.33303633689223,98011.64933613146,1.1924733656854047,339.2177137366309
8.55,282.5544712656763,8.877076108931577,0.7753493819674923,-0.0778507086730264,0.0,0.0,0.0,0.0,8.911212467488477,286.3133959367731,97976.31939231642,1.1921252899246992,339.2060795815886
8.6,284.6426637952942,7.289394321728871,-0.062394392695992784,0.03239922221685643,0.0,0.0,0.0,0.0,7.289733352290279,286.2998226853306,97951.90930669091,1.191884784250405,339.19803911955887
8.65,287.7632594111173,7.684612736142133,-0.12106570009392778,-0.9385340744923809,0.0,0.0,0.0,0.0,7.742659492525832,286.27953881382774,97915.44004512602,1.1915254416773218,339.18602309516376
8.7,290.189151302245,7.757824712204354,-0.12389436633044817,0.36160739064810354,0.0,0.0,0.0,0.0,7.767235929484074,286.2637705165354,97887.09712875505,1.1912461528354852,339.1766817714332
8.75,292.2514189014497,7.049423589789298,0.24972934071532332,-0.18689484376989712,0.0,0.0,0.0,0.0,7.056321093496223,286.25036577714053,97863.00784264335,1.1910087668319547,339.1687404447224
8.8,294.75261997927635,7.037714881781291,-0.33551464661718783,-0.049785901561572365,0.0,0.0,0.0,0.0,7.04588386728981,286.2341079701347,97833.79782949449,1.1907209041062115,339.1591086348088
8.85,297.43374547608613,7.265835847457726,1.0524544899040988,0.43453210675874654,0.0,0.0,0.0,0.0,7.35451216378933,286.2166806544054,97802.494428187,1.190412393027365,339.1487836548819
8.9,299.4956002827329,7.94736138456957,1.335018919001357,1.0593779052034022,0.0,0.0,0.0,0.0,8.12804466259089,286.2032785981622,97778.42682065778,1.1901751816331074,339.1408432646287
8.95,301.6500989497918,5.634410796375053,-0.8039843494352049,-1.3035817157332326,0.0,0.0,0.0,0.0,5.83886128847385,286.18927435682633,97753.2829244769,1.1899273504251062,339.13254589581607
9.0,304.24310523906576,6.401091236638009,-0.5981510600006819,0.1322013221536106,0.0,0.0,0.0,0.0,6.430336764114537,286.17241981594606,97723.02840455908,1.1896291301963582,339.122559484671
9.05,306.3615036465009,7.690794632294931,1.4457549493803326,1.297971269938418,0.0,0.0,0.0,0.0,7.932418223176323,286.1586502262977,97698.31711329873,1.1893855368002373,339.11440070637263
9.1,308.6386867863248,5.574454022263637,-0.4141098204360538,-0.25715447270761504,0.0,0.0,0.0,0.0,5.595726316801632,286.1438485358889,97671.75922832699,1.1891237273991861,339.1056301672352
9.15,310.68009551070963,5.898719016062754,-0.12343130495539219,-0.48488375697053643,0.0,0.0,0.0,0.0,5.919901483578692,286.13057937918035,97647.95605651093,1.1888890626340223,339.09776751714423
9.2,313.2786463529548,5.724277013151293,0.15913018286605263,-0.6378939230587493,0.0,0.0,0.0,0.0,5.761907530971541,286.11368879870577,97617.66330854945,1.1885904043167665,339.0877587255781
9.25,315.05393591508295,6.043867935743902,0.20121213272107724,0.6640854898233417,0.0,0.0,0.0,0.0,6.083570948452999,286.1021494165519,97596.9721493524,1.188386398598126,339.0809207048219
9.3,317.36749505672265,5.657515198908638,-0.1171233383314324,0.4168731911499915,0.0,0.0,0.0,0.0,5.674061980606462,286.0871112821313,97570.01273969431,1.1881205783436881,339.0720091823418
9.35,319.08358630344196,4.519354351705503,-0.9257855966138129,-0.6844594370084923,0.0,0.0,0.0,0.0,4.663703190393557,286.0759566890276,97550.01939118568,1.1879234345503866,339.06539887552594
9.4,321.18390584214035,4.554651324934977,-0.5001590339303015,-0.35068278805318787,0.0,0.0,0.0,0.0,4.595431010121988,286.0623046120261,97525.55409965644,1.187682184841973,339.05730836310687
9.45,322.9730711307986,5.223313681499632,0.2563565077632466,0.41140453620569095,0.0,0.0,0.0,0.0,5.24575811173413,286.0506750376498,97504.71716591738,1.187476704914528,339.05041627666577
9.5,324.97417954860816,5.098852706927109,-0.4887224623405191,0.5284176746683724,0.0,0.0,0.0,0.0,5.14940519002302,286.037667832934,97481.41617611065,1.1872469162161106,339.0427075930423
9.55,326.55763024358157,3.973856759731843,-0.7612539615141933,-0.7793778236866014,0.0,0.0,0.0,0.0,4.120494501008584,286.02737540341667,97462.98160589884,1.187065111560549,339.03660768915654
9.6,328.6007434072988,4.754117544843135,0.2769940046821335,0.37905823110930587,0.0,0.0,0.0,0.0,4.777242347985591,286.01409516785253,97439.1998055011,1.186830562007848,339.02873687211957
9.65,329.78031510238594,4.550986730932756,0.3011785553440349,0.47743267146265017,0.0,0.0,0.0,0.0,4.585862045799578,286.0064279518345,97425.47175192558,1.1866951632286808,339.0241926485538
9.7,332.1588910964133,4.132223991166152,0.2172324416234674,0.0248549644683686,0.0,0.0,0.0,0.0,4.138004690200525,285.99096720787327,97397.79424797223,1.1864221710125555,339.01502915332236
9.75,333.5157351880246,3.7243290594121587,-0.3035554986683662,-0.2325297267853758,0.0,0.0,0.0,0.0,3.743907445088959,285.98214772127784,97382.00863765454,1.1862664657985043,339.00980178270646
9.8,335.27663823186856,4.032509116838923,0.25610076891546907,0.26891669617970215,0.0,0.0,0.0,0.0,4.049572023154092,285.97070185149283,97361.52526880262,1.1860644159396734,339.00301761645045
9.85,337.4713514147621,3.8832120727068853,0.3748982200725661,0.21650436890886066,0.0,0.0,0.0,0.0,3.907269995634638,285.95643621580405,97336.00057020376,1.185812626615659,338.99456193580033
9.9,338.64437508079527,4.36858249483549,0.7042584806855823,0.45222248358367934,0.0,0.0,0.0,0.0,4.448033070522209,285.9488115619748,97322.36042861025,1.1856780677891712,338.9900424826824
9.95,340.52891097203144,3.92357298596972,0.5189869627589322,0.346268576657897,0.0,0.0,0.0,0.0,3.972867273258166,285.9365620786818,97300.44992873532,1.1854619150764356,338.98278157239764
10.0,341.8443639405932,3.1672078598255964,-0.055294437092585524,-0.17208836686308074,0.0,0.0,0.0,0.0,3.172361503379465,285.9280116343861,97285.15822161283,1.1853110529683613,338.9777131840835
10.05,343.1171697564004,2.6162327644336245,-0.7477363734807478,-0.5656135339592232,0.0,0.0,0.0,0.0,2.7791549492102785,285.9197383965834,97270.36412602487,1.1851650958106106,338.9728090414259
10.1,344.4083158789377,2.6519576430897263,-0.768375734974617,-0.5907087828547621,0.0,0.0,0.0,0.0,2.8235115507080106,285.91134594678687,97255.35871841873,1.1850170495537369,338.9678341607581
10.15,346.22238039058476,3.7242236462020393,0.6958552207540657,0.8489758181419924,0.0,0.0,0.0,0.0,3.8826300615653517,285.8995545274612,97234.27923868001,1.184809067984048,338.96084431383935
10.2,347.5648007909945,2.8020213587303484,-0.2005941160888314,-0.017366949795499496,0.0,0.0,0.0,0.0,2.8092460385547806,285.8908287948585,97218.68265848377,1.1846551781505743,338.95567168553146
10.25,348.8994678155682,2.3910047435781947,-0.3835060068413094,-0.48613870883262345,0.0,0.0,0.0,0.0,2.469880844357121,285.8821534591988,97203.17816725982,1.1845021922936472,338.9505288543569
10.3,350.41575215051836,2.541680526130093,-0.5013694866655195,-0.17101044555960193,0.0,0.0,0.0,0.0,2.596296560787825,285.8722976110216,97185.56630290425,1.1843284069401818,338.9446861081337
10.35,351.61581903854875,2.091025815650022,-0.9107325825370456,-0.5360594345487666,0.0,0.0,0.0,0.0,2.3429004494382983,285.8644971762494,97171.62918231706,1.184190877932643,338.9400617811641
10.4,353.470311397693,2.2931011111124233,-0.43729357647862555,-0.26278027296916845,0.0,0.0,0.0,0.0,2.3491683314901572,285.852442975915,97150.09499604085,1.1839783750632593,338.932915572877
10.45,354.1636332109529,2.6067533546118593,0.054187756119563,0.06644543594692315,0.0,0.0,0.0,0.0,2.6081630241707727,285.8479363841288,97142.04520253178,1.1838989360842564,338.93024384774196
10.5,356.166504479818,2.403069719453008,-0.2886466770050221,-0.2409221174050244,0.0,0.0,0.0,0.0,2.4323043492443377,285.83491772088115,97118.7939553881,1.1836694752970753,338.92252563748326
10.55,357.19849658921345,2.2243127366773514,-0.42362795033202943,-0.38370427379613653,0.0,0.0,0.0,0.0,2.2965750065210204,285.8282097721701,97106.81536230138,1.1835512574556493,338.9185487121382
10.6,358.5006615251691,2.0689964778480956,-0.5323341678949961,-0.33365920911940333,0.0,0.0,0.0,0.0,2.162279944754256,285.8197457000864,97091.70251213197,1.1834021033830602,338.9135305715806
10.65,359.67999279067413,1.8094026284188938,-0.7421264919975965,-0.36012888162282036,0.0,0.0,0.0,0.0,1.9885629015026816,285.8120800468606,97078.01690594078,1.1832670314757248,338.9089857298444
10.7,360.83425283522126,1.704645590075374,-0.8991614365010336,-0.5095898645497242,0.0,0.0,0.0,0.0,1.9934868213022703,285.80457735657103,97064.62375255405,1.1831348424625134,338.9045374471773
10.75,361.87193210020996,1.9453559922280448,-0.6992917097742831,-0.32369351853566547,0.0,0.0,0.0,0.0,2.0924139948391187,285.7978324413486,97052.58459082937,1.183016014242579,338.9005383932058
10.8,362.848456240618,2.2522308581733173,-0.2624767835821824,-0.31268269734211274,0.0,0.0,0.0,0.0,2.288931709257597,285.79148503443594,97041.25605564345,1.182904197445435,338.89677497844207
10.85,364.1218380658461,2.3443662239768486,-0.2143566507223577,-0.3098138545964532,0.0,0.0,0.0,0.0,2.3744444382491428,285.783208052572,97026.48531984267,1.1827584011355041,338.8918674445982
10.9,365.1143904937615,2.1203544623357033,-0.2969081090857155,0.07261589869275759,0.0,0.0,0.0,0.0,2.142272284265178,285.7767564617905,97014.97335883189,1.1826447680227679,338.8880421603863
10.95,365.7597434751586,1.8043195159802334,-0.5177254012674654,-0.06080005723490646,0.0,0.0,0.0,0.0,1.878112124934097,285.7725616674114,97007.48892857593,1.1825708887811346,338.8855549551834
11.0,366.9486841992648,2.38740876406693,0.09319918686250084,0.3430684943136578,0.0,0.0,0.0,0.0,2.413732107539289,285.7648335527048,96993.70150651925,1.1824347895057232,338.88097270254855
11.05,367.6838134718246,2.4010625270304313,0.01715610115178301,0.3236433822071552,0.0,0.0,0.0,0.0,2.422837309718293,285.76005521243314,96985.17745358589,1.1823506444922776,338.87813943690804
11.1,368.9299326038075,1.8950773299337091,-0.6120229746666758,-0.32333307864216687,0.0,0.0,0.0,0.0,2.0175317810861726,285.75195543807524,96970.72969963729,1.182208020572224,338.8733367084216
11.15,369.5120443563677,2.698489717338608,0.4519437546517214,0.9186437926316167,0.0,0.0,0.0,0.0,2.8861750344862136,285.7481717116836,96963.98117702406,1.1821413997834815,338.87109313981665
11.2,370.51715301340204,1.191873230368289,-1.3509348283131164,-0.9635465242453216,0.0,0.0,0.0,0.0,2.0430390627697674,285.7416385054129,96952.32967307822,1.182026375141732,338.8672192263074
11.25,371.6578935733495,2.7777629071171464,1.1008625107927053,1.2916876156698545,0.0,0.0,0.0,0.0,3.255199215455115,285.7342236917732,96939.10725926349,1.1818958391577232,338.86282250346216
11.3,372.14353698786783,-0.8254965182170827,-2.8457885445189826,-2.6861647492113434,0.0,0.0,0.0,0.0,3.999429709547304,285.73106700957885,96933.4785712999,1.1818402698853927,338.8609506849962
11.35,373.42754406448216,4.688120676609943,2.7891538244064513,2.874110699700403,0.0,0.0,0.0,0.0,6.165903571155742,285.72272096358085,96918.59799049351,1.1816933582610345,338.85600167863964
11.4,374.1600398023414,-4.609270706205504,-6.198488174624774,-5.829954018608927,0.0,0.0,0.0,0.0,9.677551134101114,285.71795974128474,96910.10979893302,1.1816095549048693,338.8531783549183
11.45,374.49913707589315,10.34769015142457,8.81742491765717,9.279433816704392,0.0,0.0,0.0,0.0,16.459938201797954,285.7157556090067,96906.18052924123,1.1815707610111552,338.85187133405583
11.5,375.1310192580569,-77.10057495589609,-50.505953821604976,-35.957355108950225,0.0,0.0,0.0,0.0,98.93574387647264,285.71164837482263,96898.85897582506,1.181498474117045,338.8494357858516
11.55,375.21677331118235,50.0287790341855,-62.12924085468665,-35.581379224664694,0.0,0.0,0.0,0.0,87.34389416759721,285.71109097347727,96897.86538701068,1.181488664172127,338.8491052511594
11.6,376.2902785190031,-89.15252478778935,-22.612184338880056,26.49318278221056,0.0,0.0,0.0,0.0,95.7150578046344,285.70411318962647,96885.42792349018,1.181365864439266,338.84496745195315
11.65,376.7077053826173,-76.81869947071722,-32.057807641533756,-26.863131361517052,0.0,0.0,0.0,0.0,87.46681339628232,285.701399915013,96880.59203017282,1.1813181170446083,338.84335847681336
11.7,377.0476322444616,15.580999788243128,19.891466826585184,8.37465203654183,0.0,0.0,0.0,0.0,26.619030854776163,285.699190390411,96876.6541193423,1.1812792355825685,338.8420482203979
11.75,376.86979361699287,33.72339836880872,-55.593967510511206,-54.264995989222946,0.0,0.0,0.0,0.0,84.6914789740475,285.70034634148954,96878.71428945607,1.1812995769709898,338.84273370437563
11.8,377.83248159127197,-7.343377006238244,-0.8755800639183632,-6.168664740617583,0.0,0.0,0.0,0.0,9.630381663580028,285.6940888696567,96867.56246230254,1.181189466805088,338.83902298001175
11.85,377.24913104595583,-25.950280084593725,-11.866694641127923,-1.6308314130103452,0.0,0.0,0.0,0.0,28.581376616116607,285.69788064820125,96874.3199010062,1.1812561882398231,338.84127153594005
11.9,378.15555800224683,-26.70513127066354,-18.085186283313416,-3.2736621886244732,0.0,0.0,0.0,0.0,32.41843400305988,285.69198887298535,96863.82016145709,1.1811525157845548,338.8377776582573
11.95,377.87888655194917,-17.23945971784806,-13.364217992840238,-3.7386826004379374,0.0,0.0,0.0,0.0,22.13095211486117,285.6937872374123,96867.02493110602,1.1811841593045458,338.8388441089641
12.0,378.3092431561326,31.563210409526874,27.44542391593349,2.1938514413606094,0.0,0.0,0.0,0.0,41.884370944638995,285.6909899194851,96862.04001661707,1.1811349387569434,338.8371852659378
12.05,378.05394964614914,-16.987811623645833,1.8074987947277668,-11.503100015767888,0.0,0.0,0.0,0.0,20.59548750639756,285.6926493273,96864.99711200768,1.1811641368795243,338.8381693156219
12.1,378.2781826919407,1.6863193497817877,20.955930925249497,21.753595352219136,0.0,0.0,0.0,0.0,30.252497824830378,285.6911918125024,96862.39978979886,1.1811384911375302,338.8373049911865
12.15,378.4297952411099,-4.889922558243589,32.527430975722,-23.550576502005946,0.0,0.0,0.0,0.0,40.45460124735891,285.69020633093277,96860.64367274575,1.1811211513106648,338.8367205870874
12.2,378.2486150108264,-1.3386724031892365,5.7790266426843795,-9.750333545078634,0.0,0.0,0.0,0.0,11.413071321086274,285.69138400242963,96862.74227308793,1.181141872796336,338.8374189623342
12.25,378.78420085467786,1.7317031602498738,2.373891660968522,-9.176836120688613,0.0,0.0,0.0,0.0,9.635791541913436,285.6879026944446,96856.53871904865,1.1810806189349825,338.83535449509463
12.3,378.5336311843283,0.7341195591439572,-7.328213945492579,-0.2672852998975714,0.0,0.0,0.0,0.0,7.3697416908308915,285.68953139730183,96859.44096349498,1.1811092757749513,338.8363203415975
12.35,378.7259017749295,-14.36500987844994,0.5500150898580536,-3.3432738507199,0.0,0.0,0.0,0.0,14.759183766317951,285.6882816384629,96857.2139667956,1.1810872863640383,338.83557921512477
12.4,378.8797877944976,-8.67003397750299,-6.774243218374127,-4.027864556368716,0.0,0.0,0.0,0.0,11.716806443617456,285.68728137933573,96855.43159377066,1.181069687107068,338.83498604470236
12.45,378.93574046219516,-4.637480495860137,13.401261092888772,-9.922884580556534,0.0,0.0,0.0,0.0,17.307907517325837,285.6869176869957,96854.78353287026,1.1810632881000223,338.8347703687934
12.5,378.76390375120167,-16.87356376041666,0.5646433253802775,-22.135635396953717,0.0,0.0,0.0,0.0,27.839222878676285,285.68803462561715,96856.77380934908,1.1810829402290328,338.83543273246494
12.55,378.5032998995189,-33.72999310872619,12.72911263363665,-27.268234182652016,0.0,0.0,0.0,0.0,45.20286870315286,285.6897285506531,96859.79228295025,1.1811127447016465,338.83643725646004
12.6,378.5027040291699,6.445325661521269,27.523127608078905,-11.314040371480596,0.0,0.0,0.0,0.0,30.44786175975503,285.68973242381037,96859.79918477326,1.1811128128501913,338.83643955329933
12.65,378.57853191160183,7.653301972744526,16.700528582218798,-9.33931272850158,0.0,0.0,0.0,0.0,20.60833443663689,285.68923954257457,96858.92089183675,1.1811041405853804,338.8361472673399
12.7,378.49131965389734,4.70084049689685,17.748418842851805,-1.0658305208971943,0.0,0.0,0.0,0.0,18.391309564515478,285.68980642224966,96859.93104733208,1.1811141148598585,338.83648343546105
12.75,378.774924174797,-6.623099650799865,1.6729538907469648,-5.037114875647242,0.0,0.0,0.0,0.0,8.487446611051963,285.6879629928638,96856.64616572442,1.1810816798692703,338.8353902530581
12.8,378.2053826144691,-16.077699489716796,-2.178326625819873,-4.767441284703701,0.0,0.0,0.0,0.0,16.910529979083826,285.69166501300595,96863.24303692621,1.181146817303397,338.83758560522284
12.85,378.0789509074885,-8.778066450463342,-1.9867459668323006,-1.610321616968503,0.0,0.0,0.0,0.0,9.143016234019854,285.6924868191013,96864.70751616578,1.1811612774409124,338.8380729463444
12.9,378.12551124839234,-12.18111523837573,6.8368105166859,-23.249393550453497,0.0,0.0,0.0,0.0,27.122976366090892,285.6921841768854,96864.16819799985,1.1811559522662378,338.83789347586986
12.95,377.9639327743587,4.658011291633893,7.2595688554807944,-3.2387041035049884,0.0,0.0,0.0,0.0,9.213447423766828,285.69323443696663,96866.03980567773,1.1811744323127038,338.8385162923244
13.0,377.7984217801033,0.47380084266016737,1.239046687038687,-2.4873633062051517,0.0,0.0,0.0,0.0,2.818989206829791,285.6943102584293,96867.95699517382,1.1811933623585464,338.83915426578875
13.05,377.57602187998947,-1.3874078351847343,5.964766047844233,-8.404541922961148,0.0,0.0,0.0,0.0,10.399022042550866,285.69575585778006,96870.53320325057,1.1812187993442433,338.840011519546
13.1,377.6700973830376,-0.832824523858219,6.823020964152758,-8.094460192225021,0.0,0.0,0.0,0.0,10.619204187147135,285.69514436701024,96869.44345646397,1.1812080394086584,338.8396489001404
13.15,377.1734116818882,3.05031853957993,-4.628108913045263,-0.8697417527617151,0.0,0.0,0.0,0.0,5.610729544400716,285.6983728240677,96875.19704990437,1.1812648489464534,338.84156339919116
13.2,377.1997842223487,-3.495456208469676,5.303590085517797,-1.1632514517992616,0.0,0.0,0.0,0.0,6.457510034111055,285.69820140255473,96874.89154416812,1.1812618324756172,338.84146174523073
13.25,376.90662661280743,-8.96113155698343,0.5166693638910386,-0.2920771978585679,0.0,0.0,0.0,0.0,8.980764728165234,285.70010692701675,96878.28759500687,1.1812953639482164,338.842591730674
13.3,376.3474513790166,-9.090823947140946,-8.653760477200054,-6.540717932646895,0.0,0.0,0.0,0.0,14.153149526134092,285.70374156603634,96884.76556392986,1.1813593246312817,338.8447470791646
13.35,376.6125925709439,-8.874017659474717,3.9329443192704097,-6.237366864896734,0.0,0.0,0.0,0.0,11.537806804001454,285.70201814828886,96881.69389560896,1.1813289963989047,338.8437250905686
13.4,376.36089515492216,-6.747149966395699,2.93012894288113,2.265952034343329,0.0,0.0,0.0,0.0,7.697027147729689,285.703654181493,96884.60981550222,1.1813577868477425,338.8446952601097
13.45,376.33601000167204,-7.301587719978997,-4.60243653285089,-3.9556557868215725,0.0,0.0,0.0,0.0,9.494357164931369,285.7038159349891,96884.89811438984,1.1813606333691025,338.844791179965
13.5,376.03477144839985,-10.841577703936238,-3.394815481545593,1.9689303039683792,0.0,0.0,0.0,0.0,11.530015863220397,285.7057739855854,96888.38807123841,1.18139509135797,338.84595230220356
13.55,375.4727345111837,-10.160923641854046,-0.32990173449027405,1.992386045421998,0.0,0.0,0.0,0.0,10.359672126278925,285.7094272256773,96894.89974318694,1.1814593835328706,338.84811865964804
13.6,375.65218511756444,-11.088626093051971,-8.848108899461813,-3.8395616687680265,0.0,0.0,0.0,0.0,14.696560602281101,285.70826079673583,96892.82061805182,1.1814388556413935,338.84742697323856
13.65,374.4679670069427,-12.872398369573531,-5.26165889884939,-4.494921560390635,0.0,0.0,0.0,0.0,14.614650662499766,285.7159582144549,96906.54170519585,1.1815743269335204,338.8519914765781
13.7,374.9662308821967,-9.576261790198194,-5.182809637325237,-1.56176360481088,0.0,0.0,0.0,0.0,11.000245959453505,285.7127194992657,96900.76831849688,1.1815173254696245,338.8500709534674
13.75,374.4840667124395,-8.714871448330387,-3.5643487559646814,0.16681296033501034,0.0,0.0,0.0,0.0,9.417079854116501,285.7158535663691,96906.3551534511,1.1815724850918465,338.85192942156425
13.8,374.5731550802584,-9.824195216539554,-2.9391171157378073,1.43613572705343,0.0,0.0,0.0,0.0,10.354501769724164,285.7152744919783,96905.3228671265,1.181562293226584,338.851586037444
13.85,374.2913490079369,-12.48425643632363,-4.734222620580716,-1.4137661294604265,0.0,0.0,0.0,0.0,13.426401500696887,285.7171062314484,96908.588245939,1.1815945325647788,338.85267223563716
13.9,374.2205344226993,-10.362188420255237,-2.4408243176188,-1.5850031164810447,0.0,0.0,0.0,0.0,10.763122552754178,285.7175665262524,96909.40881162706,1.1816026340409438,338.8529451840504
13.95,373.7921397959182,-7.8592289954116845,-3.32318008522063,-0.40244793034721393,0.0,0.0,0.0,0.0,8.542421823918993,285.7203510913265,96914.37296450546,1.1816516450323122,338.85459638770044
14.0,373.9438220249372,-8.126641807614781,-5.076512327219286,-1.4465960768568373,0.0,0.0,0.0,0.0,9.690506936546685,285.7193651568379,96912.61527705245,1.1816342914705764,338.8540117448493
14.05,374.087454972131,-9.517580604835155,-6.005299827138376,-3.3190193847701615,0.0,0.0,0.0,0.0,11.733024173666507,285.7184315426811,96910.95088814193,1.1816178589855606,338.85345812616
14.1,373.51877897608944,-9.162626279750766,-2.1861273969079846,-1.7391286015138154,0.0,0.0,0.0,0.0,9.5790104724076,285.7221279366554,96917.54072366229,1.181682920011389,338.8556500250567
14.15,373.0404815963931,-10.233164208926985,-3.5228630886993266,-1.741622833010053,0.0,0.0,0.0,0.0,10.961818469626579,285.7252368696234,96923.08352982705,1.1817376431314628,338.8574935585689
14.2,373.2865502704773,-9.813919962171145,-1.5592286546963066,-0.5293468654926785,0.0,0.0,0.0,0.0,9.951101804601048,285.7236374232419,96920.231901625,1.1817094895977354,338.8565451209084
14.25,372.81536816823115,-8.637123250647923,-1.151995327139391,0.5083684191003296,0.0,0.0,0.0,0.0,8.72842653232371,285.7267001069065,96925.69237244128,1.1817633995554004,338.85836122480805
14.3,372.7387765508717,-10.941818992540474,-4.630068228327247,-2.3447931236041093,0.0,0.0,0.0,0.0,12.1102844498792,285.7271979524193,96926.58000671201,1.181772162907393,338.8586564353031
14.35,371.9717239513475,-8.918370017866735,-3.8688918232157876,-2.707903341037862,0.0,0.0,0.0,0.0,10.091500791246776,285.7321837943162,96935.46988272286,1.1818599291954262,338.86161290624506
14.4,371.7685596768797,-8.089156436727126,-3.7242618245668027,-2.9495233142899613,0.0,0.0,0.0,0.0,9.381058883586094,285.73350436210023,96937.8245974312,1.1818831761213051,338.86239596331313
14.45,371.52261430747615,-8.752785712781797,-3.3288867987463577,-2.6007851270267723,0.0,0.0,0.0,0.0,9.71889028283109,285.7351030070014,96940.67521558754,1.1819113187112502,338.86334390934593
14.5,371.3134996054143,-9.940737505580874,-4.7008453199021005,-3.881659870226784,0.0,0.0,0.0,0.0,11.661196003182383,285.73646225256476,96943.09900302987,1.181935247311752,338.86414989703206
14.55,371.0885290397095,-10.074741360833288,-4.465987560090244,-2.362824610168096,0.0,0.0,0.0,0.0,11.270687579423972,285.73792456124187,96945.70662595064,1.1819609906826296,338.86501699559705
14.6,371.0097089128077,-8.936768710030396,-2.2410814942855657,-0.49451444668490385,0.0,0.0,0.0,0.0,9.226745134584982,285.7384368920667,96946.62023965557,1.1819700101673836,338.8653207895651
14.65,370.8458181323436,-10.153989063009487,-3.328738339496379,-1.357426470530454,0.0,0.0,0.0,0.0,10.771564391834927,285.73950218213974,96948.51994000186,1.181988764560971,338.86595246784015
14.7,370.2874127881686,-10.135639538568126,-1.8960601129799284,-1.4310532455287557,0.0,0.0,0.0,0.0,10.410290399376828,285.7431318168769,96954.9927868172,1.1820526658597954,338.8681047004104
14.75,370.0947412917603,-10.127327935211307,-6.285227966873811,-4.0494930682741535,0.0,0.0,0.0,0.0,12.588298368440606,285.74438418160355,96957.22625115929,1.1820747148989899,338.86884730093
14.8,369.5363247945275,-9.336132550368653,-1.6177301183816473,-3.7246468481545234,0.0,0.0,0.0,0.0,10.181032161693606,285.74801388883554,96963.69969795118,1.18213862102904,338.8709995581008
14.85,369.71890878854475,-9.51028151445252,1.0753092812523097,-1.2656588074645763,0.0,0.0,0.0,0.0,9.65420306143378,285.7468270928744,96961.58305333408,1.1821177255166009,338.8702958416589
14.9,369.7549139596764,-8.790208396541548,-1.636634982769873,-2.2944658601428456,0.0,0.0,0.0,0.0,9.230975642087715,285.74659305926207,96961.16565998209,1.1821136049998209,338.8701570701168
14.95,369.19183425373586,-11.246314915608663,-5.452282692441067,-3.734020996220376,0.0,0.0,0.0,0.0,13.044151890389381,285.7502530773507,96967.69338127674,1.1821780464284062,338.8723272918503
15.0,369.06919350302934,-9.680155387229991,-4.202735574926251,0.6261372091381621,0.0,0.0,0.0,0.0,10.571681154780249,285.7510502422303,96969.11518924574,1.1821920823557976,338.8727999719734
15.05,368.8118288813606,-10.084167634226871,-3.182237847514023,-2.518715382006584,0.0,0.0,0.0,0.0,10.870188672184858,285.75272311227116,96972.0989430048,1.1822215375079876,338.87379190065496
15.1,368.68383055799484,-9.159731547783418,-3.0963512970416254,-1.6062779384541164,0.0,0.0,0.0,0.0,9.801438782021473,285.753555101373,96973.58291776436,1.1822361870113778,338.8742852277062
15.15,368.56012876262474,-10.548498501168307,-3.067319625970408,-2.318530897801366,0.0,0.0,0.0,0.0,11.227415367798276,285.7543591630429,96975.01709732041,1.1822503449059025,338.87476199453397
15.2,368.2585928697604,-11.442621915685939,-3.633017681010762,-1.2301294676018841,0.0,0.0,0.0,0.0,12.068373224380139,285.7563191463465,96978.51312996229,1.1822848567784268,338.8759241600711
15.25,367.8634965686232,-9.966492395689595,-4.061890637118247,-0.9289822526641315,0.0,0.0,0.0,0.0,10.802450381603812,285.7588872723039,96983.09406435576,1.1823300781443074,338.8774469157261
15.3,368.1364207288661,-8.825855897769541,-3.978461296142001,-0.46029923464941025,0.0,0.0,0.0,0.0,9.692046326680043,285.7571132652624,96979.92963314668,1.182298840040815,338.8763950290887
15.35,368.08390095149133,-8.995487651546888,-4.535583817237516,-0.8737163506917308,0.0,0.0,0.0,0.0,10.112057105939694,285.75745464381527,96980.5385695245,1.1823048512523147,338.8765974476698
15.4,367.5806011879664,-10.050121876555549,-4.098862040943364,-1.3012636409676386,0.0,0.0,0.0,0.0,10.931555553882127,285.7607260922782,96986.37419556612,1.1823624581910586,338.87853722934983
15.45,367.2737557265846,-10.820968210065221,-4.54933257666312,-2.1803106047585255,0.0,0.0,0.0,0.0,11.939159695286468,285.76272058777715,96989.93212607551,1.182397580317624,338.879719845567
15.5,367.08571482378596,-10.26250860184804,-5.283728703121147,-2.101060724434295,0.0,0.0,0.0,0.0,11.7324902718456,285.76394285364535,96992.1125477391,1.1824191042384562,338.88044457388577
15.55,367.00798688772323,-8.454939717250735,-3.7523530828867715,-0.267528250268779,0.0,0.0,0.0,0.0,9.254065627911102,285.7644480852298,96993.01385087766,1.1824280013793564,338.8807441446198
15.6,366.61080780536753,-8.244460020517344,-4.07007439310896,-0.35041743680381837,0.0,0.0,0.0,0.0,9.201055318568969,285.7670297492651,96997.61949204706,1.1824734653474107,338.8822749058103
15.65,366.5529248467878,-9.24329676527987,-3.9025777336827954,-0.8630572752819108,0.0,0.0,0.0,0.0,10.070427792248307,285.76740598849585,96998.29071070088,1.1824800911578852,338.88249799096565
15.7,366.8947977989225,-10.605192573695303,-3.8043227814235,-1.810360662450841,0.0,0.0,0.0,0.0,11.411414771121471,285.76518381430697,96994.32635998164,1.1824409576784927,338.88118038547896
15.75,365.90144120232566,-10.648598482651018,-3.288910707747509,-2.0007606368725126,0.0,0.0,0.0,0.0,11.32310144855694,285.77164063218487,97005.84566297142,1.182554667866625,338.8850088464465
15.8,365.88778173473816,-10.405412317875,-3.3598471592156454,-1.7829154777001832,0.0,0.0,0.0,0.0,11.078807067500412,285.7717294187242,97006.00407055218,1.1825562315332407,338.88506149062204
15.85,365.6162831079783,-9.835229980029611,-3.6496238217131354,-2.2939184235236767,0.0,0.0,0.0,0.0,10.738415364189942,285.77349415979813,97009.15265844295,1.1825873116481058,338.88610785630925
15.9,365.253587085285,-10.962502361402324,-4.0861674073725665,-2.086907377744345,0.0,0.0,0.0,0.0,11.883955760104005,285.77585168394563,97013.3589978017,1.1826288326638932,338.8875056950717
15.95,364.59800650461375,-10.517390617802963,-4.205736979393522,-3.7911216450950085,0.0,0.0,0.0,0.0,11.944719849171676,285.78011295772,97020.96241812975,1.1827038855905874,338.89003230298607
16.0,364.56896380669605,-9.770398939620577,-4.277132028328544,-2.8527490328810217,0.0,0.0,0.0,0.0,11.04050410405686,285.78030173525644,97021.29926635786,1.1827072105742718,338.89014423312386
16.05,363.9028373320685,-9.0442683965736,-4.588514055567028,-0.32080004414432817,0.0,0.0,0.0,0.0,10.146731726803424,285.7846315573415,97029.02551386917,1.182783474724349,338.8927114647774
16.1,363.988912353432,-11.186857719921921,-6.1097784896154375,0.07405091179753798,0.0,0.0,0.0,0.0,12.746790277378938,285.7840720697027,97028.02712149854,1.1827736198700725,338.89237973529504
16.15,364.303891606418,-10.385359130152576,-3.5431366712594214,2.4091207922647975,0.0,0.0,0.0,0.0,11.234472160506222,285.78202470455824,97024.37371806035,1.1827375579732018,338.89116581584244
16.2,364.03288063052685,-9.554303247322107,-1.7167926515241372,2.9118863434511724,0.0,0.0,0.0,0.0,10.134651924328455,285.78378627590155,97027.51713247478,1.1827685859023735,338.8922102832943
16.25,363.8761298724869,-10.13014702683288,-3.1910684910316394,1.3072587147267531,0.0,0.0,0.0,0.0,10.701015010125676,285.7848051558288,97029.33529792742,1.1827865325129756,338.89281439412804
16.3,363.66236738899863,-12.116883461351865,-4.262942857051973,-0.6930846747934928,0.0,0.0,0.0,0.0,12.863588651107683,285.7861946119715,97031.81479172436,1.1828110068104623,338.89363822402004
16.35,363.46584064719536,-12.09362903779746,-3.745437181195257,-1.9171453189080634,0.0,0.0,0.0,0.0,12.80467138024045,285.7874720357932,97034.09440836102,1.1828335080788548,338.89439562646095
16.4,363.13267777588686,-11.081482403252513,-3.172794606918046,-1.1923411119012948,0.0,0.0,0.0,0.0,11.58825073936586,285.78963759445674,97037.95903812005,1.1828716542066886,338.8956796125975
16.45,362.96335039095425,-11.555685419950988,-3.76086452332525,-2.3492645853279526,0.0,0.0,0.0,0.0,12.37727803596374,285.7907382224588,97039.92325328907,1.1828910420340994,338.8963321864955
16.5,362.69591667652895,-9.621691218315725,-1.6194415972222553,-0.053130980274216144,0.0,0.0,0.0,0.0,9.757169460888369,285.7924765416025,97043.02557759934,1.1829216634397925,338.89736285160706
16.55,362.17327439037575,-9.556320209512618,-0.6074719409658877,-0.7314229827096879,0.0,0.0,0.0,0.0,9.603502365566225,285.79587371646255,97049.08864213884,1.1829815082117618,338.89937705819824
16.6,362.1581689052683,-8.599713586717323,-1.5725328275899855,1.0360679923238139,0.0,0.0,0.0,0.0,8.803486249897627,285.79597190211575,97049.26388229287,1.1829832378887033,338.89943527291877
16.65,361.7082030218318,-8.755022948147149,-4.123497811744491,0.48586150683070006,0.0,0.0,0.0,0.0,9.689670914425555,285.7988966803581,97054.48409633983,1.1830347628155253,338.90116938266164
16.7,361.8124853355058,-9.500920979974985,-4.071809556337191,0.13970985473158085,0.0,0.0,0.0,0.0,10.337632774204975,285.7982188453192,97053.27425993614,1.1830228214494125,338.9007674930354
16.75,361.7923705478618,-10.993046765155306,-3.4662463860120973,-0.16234555196561762,0.0,0.0,0.0,0.0,11.527718649744903,285.79834959143886,97053.50762168613,1.1830251247862538,338.9008450126844
16.8,361.2890942143742,-11.60627801429237,-4.127264716793022,-1.8527576249510154,0.0,0.0,0.0,0.0,12.456834036156424,285.80162088760653,97059.34653099974,1.1830827558885655,338.90278456528273
16.85,361.35778262111614,-10.557493922205666,-2.943359915655897,-2.376961458310853,0.0,0.0,0.0,0.0,11.214900413503221,285.8011744129627,97058.54960536136,1.183074890125704,338.9025198509703
16.9,360.7021249367749,-11.56226322154529,-5.1590971970913815,-5.674798987067897,0.0,0.0,0.0,0.0,13.874637229021948,285.8054361879109,97066.15678809806,1.1831499735377267,338.90504664409434
16.95,360.59198968637327,-10.513868039793783,-3.057909813496776,-0.3198515444284755,0.0,0.0,0.0,0.0,10.954201869426651,285.80615206703857,97067.4346653299,1.1831625861632569,338.9054710847566
17.0,360.6563861419721,-11.195625790348487,-4.35928139847368,1.4513922621900464,0.0,0.0,0.0,0.0,12.101731721011665,285.80573349007716,97066.68748451106,1.1831552115057113,338.90522291292194
17.05,360.43395299844286,-9.761000666659577,-2.4121844201841354,1.9343688590987929,0.0,0.0,0.0,0.0,10.239020977347343,285.8071793055101,97069.26835713674,1.1831806846135573,338.90608012767393
17.1,360.3475091613479,-9.68488245897667,-3.0010723219693975,1.4739181126716354,0.0,0.0,0.0,0.0,10.2457707337587,285.8077411904512,97070.27137253394,1.183190584299962,338.906413265088
17.15,359.98038830730167,-9.187825965342054,-3.2893501404985406,0.9794579038435098,0.0,0.0,0.0,0.0,9.807920681857746,285.8101274760025,97074.53120139462,1.1832326282730397,338.9078280724438
17.2,359.79764510652257,-11.390720833703746,-4.856398101152549,-1.468514212666241,0.0,0.0,0.0,0.0,12.469549214829435,285.81131530680756,97076.65168969617,1.1832535570940172,338.90853232450013
17.25,359.3752649910394,-11.93666811301639,-3.4886482759878077,-3.0890259037540337,0.0,0.0,0.0,0.0,12.81392966532587,285.8140607775582,97081.55298462414,1.1833019316208646,338.91016007885827
17.3,358.95039239189066,-11.835777220006806,-4.007229611995141,-3.9894961650382026,0.0,0.0,0.0,0.0,13.117148745658765,285.8168224494527,97086.48340446333,1.1833505931343196,338.91179743077925
17.35,358.89114829631376,-10.348577161436554,-2.7395487892065895,-2.8031767823755884,0.0,0.0,0.0,0.0,11.065982871299733,285.81720753607397,97087.17091669227,1.18335737860138,338.91202574196456
17.4,358.88907014581235,-9.35192650796097,-2.7874239331960964,-3.6649061235998404,0.0,0.0,0.0,0.0,10.424001078686487,285.8172210440522,97087.19503315662,1.1833576166209432,338.91203375060803
17.45,358.52852955093095,-10.229717484613268,-1.533667701846385,-3.5501758952639095,0.0,0.0,0.0,0.0,10.936315893480861,285.8195645579189,97091.37909827025,1.1833989114488046,338.91342317602425
17.5,358.7497108676975,-9.920673900232401,-2.7206841240554946,-4.356958666086886,0.0,0.0,0.0,0.0,11.171614993170396,285.81812687935997,97088.81227698682,1.1833735781253005,338.91257080404733
17.55,358.5312999118336,-10.75187412276688,-4.842658290828188,-3.600705257823286,0.0,0.0,0.0,0.0,12.329607245458686,285.8195465505731,97091.34694774059,1.1833985941389276,338.9134124998283
17.6,358.38287314379835,-10.786314353484745,-4.114231707671426,1.593230479915659,0.0,0.0,0.0,0.0,11.653748892040374,285.8205113245653,97093.06947885321,1.1834155946436204,338.9139844945957
17.65,357.77037982692644,-11.531643136174424,-3.182968576462359,1.727339941524507,0.0,0.0,0.0,0.0,12.086926228467327,285.824492531125,97100.1778842936,1.1834857503775698,338.91634486032564
17.7,358.2016010280157,-11.098634516941274,-2.9082915172652526,2.041185718695833,0.0,0.0,0.0,0.0,11.653509635652478,285.8216895933179,97095.17322230476,1.1834363574420859,338.9146830647304
17.75,357.498955924102,-12.024179163775147,-4.74372613727727,0.06943462329118733,0.0,0.0,0.0,0.0,12.926277244240259,285.82625678649333,97103.32807977464,1.1835168406208993,338.9173908414676
17.8,357.3229386739443,-11.735418446236253,-4.725562307799814,-0.8752324342716233,0.0,0.0,0.0,0.0,12.681364952053126,285.8274008986193,97105.37101242189,1.1835370028458627,338.9180691540776
17.85,356.9560056660046,-11.20230790486993,-4.455996292436663,-1.4281803434943987,0.0,0.0,0.0,0.0,12.140317312461994,285.82978596317093,97109.62990816508,1.183579034718066,338.91948318888296
17.9,356.59817327228967,-10.352597362530865,-3.5403919029286035,-2.961375091261514,0.0,0.0,0.0,0.0,11.334919029624675,285.83211187373007,97113.78332112038,1.1836200252222766,338.9208621473395
17.95,356.4471129748963,-11.25411349571105,-2.768616261006043,-1.1260921723499002,0.0,0.0,0.0,0.0,11.644242790137982,285.83309376566314,97115.53674327604,1.1836373298445593,338.92144427817937
18.0,356.2413156850383,-9.676096682593606,-2.5160369235987767,-3.85111063372675,0.0,0.0,0.0,0.0,10.71393214114289,285.8344314480472,97117.92556261043,1.183660905141826,338.92223734365194
18.05,356.0514884138972,-9.807945018692743,-3.8806857384376587,-4.0460785385056575,0.0,0.0,0.0,0.0,11.297179242181178,285.83566532530966,97120.12905001928,1.1836826512974523,338.92296886502425
18.1,355.9381735758781,-11.029704161398318,-4.299261985688232,-3.5578877634533983,0.0,0.0,0.0,0.0,12.361091895414527,285.8364018717568,97121.44441150584,1.183695632518441,338.9234055361224
18.15,355.53143341606204,-11.76890182041572,-5.024014258452037,-2.3996580908859833,0.0,0.0,0.0,0.0,13.01945191937312,285.8390456827956,97126.16598031999,1.183742229112907,338.92497294909543
18.2,355.3302845628291,-11.459123477682745,-5.884452326627837,-0.6358081310786643,0.0,0.0,0.0,0.0,12.897385085383835,285.84035315034157,97128.50104871004,1.183765273462586,338.92574809318893
18.25,354.80282412454665,-11.103230543501324,-5.983648110093615,-0.1081354477795824,0.0,0.0,0.0,0.0,12.613384418253258,285.8437816431904,97134.62437281711,1.1838257028930679,338.92778069811413
18.3,355.2408999325623,-10.034754822290429,-4.236500992481997,1.3254530773472437,0.0,0.0,0.0,0.0,10.972742176093961,285.84093415043833,97129.53869896618,1.183775513803494,338.92609254384155
18.35,355.42405429418045,-9.990928343326313,-3.8962340992413016,1.2935989362226696,0.0,0.0,0.0,0.0,10.80151320535082,285.8397436470878,97127.41250224394,1.1837545308158663,338.92538674383064
18.4,355.16068712582086,-10.245026110960833,-4.097273722360085,0.834396453491441,0.0,0.0,0.0,0.0,11.065461102539324,285.84145553368216,97130.4698827982,1.1837847034330862,338.926401649858
18.45,354.7735015938152,-10.305804739866602,-4.159595236629651,0.4076091968095985,0.0,0.0,0.0,0.0,11.12106061156816,285.84397223964015,97134.9647892424,1.1838290623494874,338.9278936941369
18.5,353.90395780139403,-11.860213244024512,-4.817731458881148,-1.509227848697526,0.0,0.0,0.0,0.0,12.890033487268825,285.84962427429093,97145.06009334323,1.183928688528023,338.93124451296796
18.55,353.48608398787417,-10.403888515533747,-3.758675895582119,-1.1942263603917864,0.0,0.0,0.0,0.0,11.126307443691266,285.8523404540788,97149.91186282002,1.183976567836279,338.9328547932181
18.6,353.5052378477863,-11.726955065596723,-4.483883889914963,-2.4543991136745733,0.0,0.0,0.0,0.0,12.792605866592238,285.85221595398934,97149.68947055035,1.183974373185479,338.9327809838253
18.65,352.9465645006222,-9.36553025988846,-2.7603321668034257,-1.4150172071322398,0.0,0.0,0.0,0.0,9.865843320084524,285.8558473307459,97156.17630285691,1.1840383873007412,338.93493382477834
18.7,353.0935092371503,-10.839323644449701,-3.8490079235048107,-2.7314777003945063,0.0,0.0,0.0,0.0,11.822299670202986,285.8548921899585,97154.47007352028,1.1840215497681863,338.9343675763475
18.75,352.92049182676544,-10.11161908812915,-2.619102684912566,-3.5929150161420798,0.0,0.0,0.0,0.0,11.045975636889356,285.856016803126,97156.47904478906,1.1840413748341294,338.9350342951762
18.8,352.8697943881675,-10.135759312028313,-2.702858310755832,-3.806318554097121,0.0,0.0,0.0,0.0,11.159172048797103,285.85634633647686,97157.0677184944,1.1840471840089672,338.93522965640494
18.85,352.50660646775333,-11.795417280271248,-3.9622439160874734,-4.154304036268125,0.0,0.0,0.0,0.0,13.118288291238589,285.8587070579596,97161.28496233393,1.1840888005977366,338.93662918808616
18.9,352.5783285590698,-9.633500030519242,-3.8511347527686683,-3.689349091028293,0.0,0.0,0.0,0.0,11.011215120842392,285.858240864366,97160.45213228492,1.184080582094816,338.9363528100265
18.95,352.30309382148226,-9.973803570137159,-3.898854042397469,-3.5376188024510866,0.0,0.0,0.0,0.0,11.27796822530793,285.8600298901603,97163.6481631456,1.1841121209762702,338.9374134142744
19.0,351.72947535484747,-9.508221308297061,-3.8399083018999454,0.8781334647277814,0.0,0.0,0.0,0.0,10.291855352482818,285.86375841019344,97170.30930497161,1.1841778534250733,338.9396238156649
19.05,351.7899705161468,-10.512704635095199,-3.222135158880488,2.3311632420908532,0.0,0.0,0.0,0.0,11.239814757731615,285.863365191645,97169.6067877453,1.1841709209937532,338.93939070218204
19.1,352.0378752546349,-9.350346637177573,-2.7699257447254007,2.0847339561971405,0.0,0.0,0.0,0.0,9.972341075935574,285.86175381084485,97166.72796658437,1.1841425127224563,338.9384354185347
19.15,351.7206045848044,-10.066341771642488,-4.4541166189489445,0.27806287638514965,0.0,0.0,0.0,0.0,11.011253810621895,285.86381607019877,97170.4123196517,1.1841788699718636,338.93965799848615
19.2,351.5732188868234,-11.219139058987764,-5.3745690760564715,-0.6405656101044276,0.0,0.0,0.0,0.0,12.45654038162506,285.8647740772356,97172.12389657584,1.184195759748506,338.9402259372863
19.25,351.26362810565956,-12.044164404419575,-4.805200448695008,-0.5691642400549957,0.0,0.0,0.0,0.0,12.979822629180402,285.86678641731316,97175.71922611477,1.184231238140699,338.9414189170831
19.3,350.9207311637974,-10.912931893186055,-3.588985753665763,0.04123422846131483,0.0,0.0,0.0,0.0,11.488019912366534,285.8690152474353,97179.70147139134,1.1842705342914832,338.9427402342272
19.35,350.78208433110166,-10.511929869648759,-3.05059844367176,-1.3425784199577422,0.0,0.0,0.0,0.0,11.02766236618997,285.8699164518478,97181.31168860705,1.1842864235669301,338.9432744936888
19.4,350.7061106701416,-10.532004835079034,-3.1113968966991643,-2.3435026353997834,0.0,0.0,0.0,0.0,11.229244012712657,285.8704102806441,97182.19404101875,1.1842951304085703,338.94356724900746
19.45,350.0345349062574,-10.015620326015323,-2.793705069511409,-3.410676185098595,0.0,0.0,0.0,0.0,10.943041193831984,285.8747755231093,97189.99395378973,1.18437209741997,338.94615507403523
19.5,349.93032673603693,-8.79582668879809,-2.174891431893197,-3.0298106201550126,0.0,0.0,0.0,0.0,9.55387210893569,285.8754528762157,97191.20430888512,1.18438404070646,338.9465566241451
19.55,349.87129465157744,-9.682108611057572,-2.5710193653113924,-3.0974080190788946,0.0,0.0,0.0,0.0,10.48557600562676,285.8758365847647,97191.88995904478,1.184390806407801,338.94678409496584
19.6,349.90976422941617,-10.608093537091726,-3.3525356537556323,-2.0133504527946333,0.0,0.0,0.0,0.0,11.305959660601939,285.87558653250875,97191.44313934202,1.18438639738388,338.9466358585364
19.65,349.2776319770765,-9.984094195406358,-3.929995216489926,-1.9117956831068974,0.0,0.0,0.0,0.0,10.89871377908085,285.87969539214896,97198.78549332757,1.1844588480741076,338.9490716719002
19.7,348.55352179619314,-10.03427450001486,-4.291436119938032,-4.161682092511651,0.0,0.0,0.0,0.0,11.68001226678677,285.8844021083247,97207.19674293739,1.1845418448140133,338.9518618849474
19.75,348.60743885936284,-10.2227165848891,-5.032985109459446,-5.384028777080655,0.0,0.0,0.0,0.0,12.602485443730528,285.88405164741414,97206.57042308437,1.1845356647441896,338.95165412717245
19.8,348.21250224078227,-9.804347025478112,-5.364671257142848,-2.9015409148312163,0.0,0.0,0.0,0.0,11.546595081393288,285.88661873543487,97211.15822352527,1.184580933654326,338.9531759273089
19.85,347.7822688663081,-10.362528037118167,-4.725670503949707,-0.6153457951140707,0.0,0.0,0.0,0.0,11.405814283931024,285.88941525236896,97216.1562499823,1.1846302498987973,338.95483372784275
19.9,348.14948539172957,-9.88379635519909,-2.6575607594319006,1.2207570408456945,0.0,0.0,0.0,0.0,10.307390908173291,285.88702834495376,97211.8902780375,1.1845881569714318,338.9534187480436
19.95,348.02371564659524,-9.837024555619085,-2.7104834128056274,2.248609971449915,0.0,0.0,0.0,0.0,10.448445781198814,285.8878458482971,97213.35133411626,1.1846025734507246,338.95390337191157
20.0,347.91852392063885,-10.911832653680374,-4.065207623637493,-0.07528429457516572,0.0,0.0,0.0,0.0,11.644727244990127,285.88852959451583,97214.57335080959,1.1846146312576464,338.95430870273367
20.05,347.7076033131966,-11.691588511875041,-3.9346736484096327,0.07393629544716979,0.0,0.0,0.0,0.0,12.336140613104329,285.8899005784642,97217.02366182934,1.1846388087268758,338.9551214327163
20.1,347.5157272982529,-11.735514464379701,-3.9776604045122146,-1.2606980752529895,0.0,0.0,0.0,0.0,12.455257591645227,285.89114777256134,97219.25277107557,1.184660803474887,338.9558607774163
20.15,346.9715980429684,-10.63753107232787,-3.5367538667902867,-0.712145415999768,0.0,0.0,0.0,0.0,11.232668708838807,285.8946846127207,97225.57438842893,1.1847231787118102,338.9579574302897
20.2,346.80834396894545,-11.751553963992684,-3.4554456456067664,-1.6230008013096349,0.0,0.0,0.0,0.0,12.356102005868463,285.8957457642018,97227.47111627027,1.1847418935264702,338.9585864825669
20.25,346.611697436392,-10.178312227477335,-2.699243561735927,-1.032838812369602,0.0,0.0,0.0,0.0,10.580676330836537,285.8970239666634,97229.75584606931,1.1847644366235184,338.9593442014588
20.3,346.4399163292757,-9.71513602827831,-1.284927782486039,-0.8104000053004871,0.0,0.0,0.0,0.0,9.833191527817752,285.8981405438597,97231.75171350219,1.1847841294750823,338.96000610744755
20.35,346.3140295967201,-8.961513845935624,-1.9250220983732262,0.5837649527025699,0.0,0.0,0.0,0.0,9.184509894933152,285.8989588076213,97233.21437055638,1.184798561190494,338.9604911726716
20.4,346.1231567838574,-9.605346427754059,-4.973919746540197,0.11619990355008936,0.0,0.0,0.0,0.0,10.817396177443776,285.9001994809049,97235.43212407945,1.184820443197872,338.9612266401443
20.45,345.7470661284296,-9.45015654801977,-4.875040410608274,0.47699831376015134,0.0,0.0,0.0,0.0,10.644200542007589,285.9026440701652,97239.80204582063,1.1848635598212918,338.96267578079636
20.5,345.6889264595896,-10.477828086278954,-3.502304095504653,-0.3486216132540866,0.0,0.0,0.0,0.0,11.053169337897282,285.90302197801265,97240.47760405802,1.1848702253059542,338.9628998021818
20.55,345.04810538815434,-9.970520652483769,-2.731670959078313,-1.744548688386648,0.0,0.0,0.0,0.0,10.484119344819991,285.90718731497697,97247.92392429743,1.1849436948252983,338.9653689778202
20.6,344.82964544515266,-10.769847643956862,-3.6530861727285266,-5.345809545064695,0.0,0.0,0.0,0.0,12.566317541409191,285.9086073046065,97250.46252733834,1.1849687418441561,338.96621073125004
20.65,344.6110824280612,-11.199002367696137,-4.8414630077881675,-3.558148430687562,0.0,0.0,0.0,0.0,12.708966847948313,285.9100279642176,97253.00238184478,1.1849938010860566,338.96705287974544
20.7,344.6301483947742,-11.664888177549903,-5.216136537295877,-1.4748795454366426,0.0,0.0,0.0,0.0,12.862852181534386,285.90990403543395,97252.78081989214,1.1849916150702977,338.9669794164615
20.75,344.03195237405833,-10.657897456114371,-3.1003418542702597,1.406321759487938,0.0,0.0,0.0,0.0,11.188415378846033,285.9137923095686,97259.73253620333,1.1850602029356152,338.96928432447436
20.8,344.62600166174707,-9.872561325400683,-2.7361053661304138,2.348586944586148,0.0,0.0,0.0,0.0,10.510451956726003,285.90993098919864,97252.82900824878,1.1849920905153082,338.96699539428505
20.85,344.0162253436997,-10.004670287269878,-3.5854661433050588,0.7446992442976109,0.0,0.0,0.0,0.0,10.653805516632309,285.9138945352659,97259.91530756395,1.1850620062039627,338.9693449220553
20.9,343.7294950361093,-11.965848949164611,-5.728810161818283,-0.8715361296577575,0.0,0.0,0.0,0.0,13.295126256251764,285.91575828226524,97263.24758670814,1.1850948831975257,338.9704497163343
20.95,343.1370994818288,-11.4439800533933,-4.097949364779073,-0.9010947958882692,0.0,0.0,0.0,0.0,12.188922851914924,285.9196088533681,97270.13249302866,1.1851628105076417,338.9727322512875
21.0,343.4739858032314,-12.076888502390023,-4.258846468241444,-1.6584669247967923,0.0,0.0,0.0,0.0,12.912765841594817,285.917419092279,97266.21710335942,1.1851241809165518,338.97143421033894
21.05,342.78935533950136,-10.703888930084826,-2.8519150819768506,-1.6567989728532875,0.0,0.0,0.0,0.0,11.20051966199994,285.9218691902932,97274.17420927313,1.1852026861379117,338.9740721227851
21.1,342.42323457911624,-11.819894471062153,-4.132168536882909,-3.483356810202878,0.0,0.0,0.0,0.0,12.996864883172304,285.92424897523574,97278.42965788435,1.1852446701140962,338.97548279437257
21.15,342.29876227506014,-8.654089900458638,-0.3517021463582938,-5.068630752194255,0.0,0.0,0.0,0.0,10.035336770983948,285.9250580452121,97279.87644299403,1.1852589439212595,338.9759623876439
21.2,342.0446116583771,-10.314615947208651,-2.094840900847882,-5.367220280463416,0.0,0.0,0.0,0.0,11.81468214034106,285.92671002422054,97282.83057857896,1.1852880889407376,338.9769416308925
21.25,341.8780893077132,-11.16675647040131,-3.05317804218671,-4.104375888895366,0.0,0.0,0.0,0.0,12.282680801188567,285.92779241949984,97284.76620092428,1.1853071853835337,338.9775832405801
21.3,341.86925810089605,-11.89368323461079,-4.636472792012669,-6.636604369937549,0.0,0.0,0.0,0.0,14.387532741905742,285.92784982234417,97284.8688539687,1.1853081981348528,338.9776172671368
21.35,341.46636754470217,-11.084848644883417,-4.967331294991231,-2.3719190816691023,0.0,0.0,0.0,0.0,12.376358503378892,285.9304686109594,97289.55210584392,1.18535440180416,338.9791695970215
21.4,341.2661669173137,-10.395983961349792,-4.639916613238597,-1.7574555940743066,0.0,0.0,0.0,0.0,11.519286387081134,285.9317699150374,97291.8793316952,1.185377361414152,338.97994096370377
21.45,341.53854742095257,-10.81598815409212,-3.8181429676887686,0.43630337220184034,0.0,0.0,0.0,0.0,11.478422195744804,285.9299994417638,97288.71306421456,1.185346124082336,338.9788914898118
21.5,341.0499305664742,-11.645912328745135,-4.973238734736709,1.0166493117074578,0.0,0.0,0.0,0.0,12.704091990555593,285.9331754513179,97294.39301494311,1.1854021604313192,338.9807741135493
21.55,341.11096734515206,-11.326337585632613,-4.924291576648397,0.20288372723015177,0.0,0.0,0.0,0.0,12.352154971596622,285.9327787122565,97293.68347522254,1.1853951604019057,338.98053894153645
21.6,340.4925971151846,-12.122119622532953,-5.163511014694269,0.11342809646772145,0.0,0.0,0.0,0.0,13.176513046892786,285.93679811875126,97300.87209295461,1.1854660799224561,338.98292148717843
21.65,340.39681388031283,-12.266849391279921,-5.41399420641187,-1.0548830218449754,0.0,0.0,0.0,0.0,13.449896112802605,285.93742070977794,97301.98562141124,1.185477065381162,338.98329053308584
21.7,340.00727551869215,-11.935118090282394,-4.257631553414994,-0.47897010044987126,0.0,0.0,0.0,0.0,12.680847078596367,285.9399527091285,97306.51430782047,1.1855217426615796,338.98479139220603
21.75,339.92958602824467,-11.076180590178557,-4.15763354580252,-1.276655959916866,0.0,0.0,0.0,0.0,11.899476610650652,285.9404576908164,97307.41752898206,1.1855306532478231,338.98509072259856
21.8,339.590978424257,-10.833448992026495,-3.5010782554683004,-2.857511087168774,0.0,0.0,0.0,0.0,11.738250961154534,285.9426586402423,97311.35427397139,1.185569490402285,338.9863953431674
21.85,339.4197082798471,-11.336826804914352,-3.617033456862597,-4.309781901925849,0.0,0.0,0.0,0.0,12.65625509678339,285.943771896181,97313.34555681558,1.1855891348830505,338.9870552276565
21.9,338.9200253090533,-10.4539636213773,-4.853039163297339,-4.0285799779737275,0.0,0.0,0.0,0.0,12.209291591100136,285.9470198354911,97319.155340096,1.1856464493453753,338.98898044226866
21.95,338.979135643842,-11.53354429154199,-5.634097250239218,-3.757439141658101,0.0,0.0,0.0,0.0,13.374754003471551,285.946635618315,97318.46805320891,1.185639669181771,338.988752698275
22.0,339.0585705942303,-12.310580213585842,-6.25639226408954,-2.493052032378319,0.0,0.0,0.0,0.0,14.0323960104266,285.9461192911375,97317.54445441534,1.1856305577598834,338.9884466460906
22.05,338.48921588369655,-10.667394870496107,-4.550501300565994,1.1687089903705616,0.0,0.0,0.0,0.0,11.656168157405435,285.94982009675596,97324.1645603424,1.1856958655998115,338.9906402871373
22.1,337.9308439929083,-11.546466316773774,-4.947649002433236,0.9451208259127777,0.0,0.0,0.0,0.0,12.59735561263728,285.9534495140461,97330.65731897356,1.1857599163281805,338.99279159918683
22.15,338.7732373452533,-10.206680681139689,-3.5845829519590757,1.5660820884357434,0.0,0.0,0.0,0.0,10.930607420173184,285.94797395725584,97320.86208812674,1.185663286570145,338.98954599545164
22.2,338.53543035154996,-11.281763586460036,-4.944380885006648,0.3246028613699389,0.0,0.0,0.0,0.0,12.321950291021478,285.9495197027149,97323.62719337428,1.185690564466014,338.99046223003097
22.25,337.77285921342025,-11.248959160684608,-5.1112293267788695,-0.16201570046539016,0.0,0.0,0.0,0.0,12.356779374775284,285.95447641511277,97332.49443255564,1.1857780392111787,338.9934002852288
22.3,337.6541702888139,-10.411429788949894,-5.249855147337903,-0.4681518598815544,0.0,0.0,0.0,0.0,11.66953364458812,285.9552478931227,97333.87461585073,1.1857916544943947,338.99385757091414
22.35,337.55405737306216,-10.30418998758254,-5.126609012679791,-0.8918789874650945,0.0,0.0,0.0,0.0,11.543565281028547,285.9558986270751,97335.03879891819,1.185803138942017,338.994243286317
22.4,337.3671544257744,-11.660237479234622,-5.557448960643372,-2.0818008235596186,0.0,0.0,0.0,0.0,13.083587875322173,285.95711349623247,97337.21226740301,1.1858245797310527,338.9949633854918
22.45,336.7013394053251,-11.075587011120852,-4.482866999371596,-1.6508272872619183,0.0,0.0,0.0,0.0,12.061921692140617,285.9614412938654,97344.95525741082,1.1859009618858871,338.99752862338937
22.5,336.79616192447645,-11.229448820856438,-4.681217989637015,-2.0643900806626516,0.0,0.0,0.0,0.0,12.340017386206295,285.9608249474909,97343.85250353196,1.1858900836371964,338.9971632943971
22.55,336.57256934144635,-10.176915121553282,-3.617167925291982,-2.458695771003414,0.0,0.0,0.0,0.0,11.076944077019213,285.96227829928057,97346.45282596785,1.1859157347940668,338.99802474370244
22.6,336.21624031420896,-10.918319923282606,-3.5113753315584977,-3.73143919219206,0.0,0.0,0.0,0.0,12.060808642510434,285.9645944379576,97350.59695428616,1.185956614718608,338.99939759058867
22.65,336.2780966291031,-10.59281124134792,-4.138665831183595,-3.842908754113057,0.0,0.0,0.0,0.0,12.004338905140601,285.9641923719108,97349.87755132491,1.185949518162206,338.99915927403094
22.7,335.76588604352565,-10.713854864630083,-5.481545990708326,-4.110008088060522,0.0,0.0,0.0,0.0,12.717161593395403,285.9675217407171,97355.8348062885,1.1860082832517949,339.0011326853377
22.75,335.39512599825986,-10.622855437798552,-5.5581252867195605,-2.7150548564838233,0.0,0.0,0.0,0.0,12.292653791145103,285.9699316810113,97360.14710773928,1.1860508213401728,339.0025611181249
22.8,335.7499697134746,-9.690119167722933,-4.359912613608592,-0.36615005013689816,0.0,0.0,0.0,0.0,10.63208885131186,285.9676251968624,97356.01992557533,1.1860101093422084,339.0011940065449
22.85,335.46317122626743,-9.50670987356196,-4.300598640360606,0.6239234955580379,0.0,0.0,0.0,0.0,10.452844675678545,285.9694893870292,97359.35566368917,1.186043014279022,339.00229895970534
22.9,335.39342219750006,-8.85910891954268,-3.9792812125581145,1.237563475883214,0.0,0.0,0.0,0.0,9.79030403888351,285.9699427557162,97360.16692496315,1.1860510168235503,339.0025676823697
22.95,334.61448827192584,-10.334867484449074,-4.724262230240505,0.13053531981613098,0.0,0.0,0.0,0.0,11.364206044019054,285.97500582623246,97369.22719261445,1.1861403893824545,339.0055686731238
23.0,334.82373842710683,-10.20913928899016,-4.629581510545974,-0.41547988329591035,0.0,0.0,0.0,0.0,11.217494083716526,285.97364570022376,97366.79320612473,1.1861163801367063,339.0047624998046
23.05,334.2515683899027,-9.614031836007845,-4.455096472570481,0.0508802867591891,0.0,0.0,0.0,0.0,10.596229590154367,285.9773648054656,97373.44877388417,1.1861820314883198,339.00696688176254
23.1,334.1238901012534,-10.121486124982574,-5.519536197579777,-0.7907562827103988,0.0,0.0,0.0,0.0,11.555736961061989,285.97819471434184,97374.93399717618,1.1861966817998455,339.0074587820341
23.15,333.34239043430415,-9.746184104728453,-4.7461036804910055,-0.11654676842547285,0.0,0.0,0.0,0.0,10.840995706043898,285.983274462177,97384.02522609127,1.1862863571774918,339.0104696143101
23.2,333.7946553154255,-10.705435340083092,-5.3262935571562835,-0.21375531480303778,0.0,0.0,0.0,0.0,11.959157169813894,285.98033474044973,97378.76391989843,1.1862344601392705,339.0087272064608
23.25,333.71843766908444,-9.764169996808631,-3.9102550288455427,1.249541855228949,0.0,0.0,0.0,0.0,10.59200004556074,285.98083015515095,97379.65056199259,1.1862432059323507,339.0090208452432
23.3,333.5080985925858,-10.806413203653815,-5.2920097774313,-0.2670048117446445,0.0,0.0,0.0,0.0,12.0355816387089,285.9821973591482,97382.09747649333,1.1862673420954755,339.0098312036406
23.35,333.1699475033002,-11.982953841109383,-5.735478894813949,-1.136030680595784,0.0,0.0,0.0,0.0,13.33332166484666,285.98439534122855,97386.0313568167,1.1863061453251482,339.0111339702275
23.4,332.7758897832461,-12.48970848971457,-5.896238882968724,-1.7605585378126132,0.0,0.0,0.0,0.0,13.923290469143613,285.9869567164089,97390.61578921587,1.186351365130647,339.0126521173262
23.45,332.94739131359466,-11.227660427040284,-4.81545022833361,-0.6515172593984151,0.0,0.0,0.0,0.0,12.234107826309963,285.9858419564616,97388.62053421821,1.1863316844358813,339.01199139122383
23.5,332.8738049650078,-11.409189815701218,-5.115444319710379,-1.2964724522252855,0.0,0.0,0.0,0.0,12.570529967274117,285.9863202677274,97389.4766364009,1.1863401288224453,339.0122748898506
23.55,332.4961538812882,-12.074210714120142,-4.926240064538642,-2.0041601217484803,0.0,0.0,0.0,0.0,13.193599332102146,285.9887749997716,97393.870317828,1.1863834668198276,339.01372982396776
23.6,332.6257653463057,-10.507930215752406,-3.118485113907461,-2.4550451534275686,0.0,0.0,0.0,0.0,11.232488305364624,285.987932525249,97392.36236950546,1.1863685928975074,339.013230485068
23.65,331.76256041365684,-11.352994127888621,-5.014974527166412,-4.649366821289211,0.0,0.0,0.0,0.0,13.253567708919228,285.9935433573112,97402.40557528473,1.186467655057019,339.01655603967583
23.7,331.82096582439516,-9.7831239769328,-5.281192248705246,-3.9661586004806533,0.0,0.0,0.0,0.0,11.803851928925086,285.9931637221414,97401.72601430395,1.18646095220097,339.01633102996226
23.75,331.369166735115,-10.5863275238169,-5.518127896179548,-2.559236049760925,0.0,0.0,0.0,0.0,12.209412560746486,285.99610041622174,97406.9829052305,1.1865128033616734,339.0180716042539
23.8,331.2198276590551,-10.45380511486416,-4.985271472578445,0.059573288765409405,0.0,0.0,0.0,0.0,11.581818596904323,285.9970711202161,97408.72058482523,1.1865299427867984,339.0186469371283
23.85,331.0580998416266,-10.552560117034126,-4.625655761003238,0.8521392632335777,0.0,0.0,0.0,0.0,11.553326688312158,285.9981223510294,97410.60244564562,1.1865485042630968,339.0192699968664
23.9,330.9458094445976,-11.110373388188469,-4.021128799932982,1.502076514524803,0.0,0.0,0.0,0.0,11.910755958632684,285.9988522386101,97411.90907120009,1.1865613919450535,339.0197025972535
23.95,330.9500863583967,-9.716830905423516,-3.512846459777668,1.9674650127185016,0.0,0.0,0.0,0.0,10.51797564509623,285.9988244386704,97411.85930421912,1.1865609010773883,339.01968612039104
24.0,330.63075141272463,-11.814724224176466,-5.213052973678895,-0.20125445960996569,0.0,0.0,0.0,0.0,12.915267444278399,286.0009001158173,97415.57520289766,1.186597552044419,339.0209163599548
24.05,330.7081716492647,-11.169886862121382,-4.586026943690548,0.0022319494918112137,0.0,0.0,0.0,0.0,12.074685114836164,286.0003968842798,97414.67430205863,1.1865886662272758,339.0206180984949
24.1,330.301111687656,-11.311752567793357,-4.448458684879678,-1.140287911809959,0.0,0.0,0.0,0.0,12.208390039144431,286.00304277403023,97419.4111321661,1.1866353866283252,339.0221862940529
24.15,329.8115026865455,-11.350748142545946,-4.400518672806284,-1.6069129171887306,0.0,0.0,0.0,0.0,12.279503943916263,286.0062252325374,97425.10880683374,1.186691583478777,339.024072499579
24.2,329.4565023119705,-11.099675232395494,-4.429094027942364,-2.071825513466229,0.0,0.0,0.0,0.0,12.128978734059116,286.00853273497216,97429.24018362269,1.1867323313538032,339.02544012242396
24.25,329.11484693559703,-10.869935788385012,-4.488226120299268,-1.9556297320842493,0.0,0.0,0.0,0.0,11.921584013861658,286.0107534949186,97433.21638970343,1.1867715484657062,339.0267563290587
24.3,328.87184545683385,-11.408512887728351,-3.4559213423911554,-3.8873194020243473,0.0,0.0,0.0,0.0,12.538293774178905,286.01233300453055,97436.04453567827,1.1867994421357209,339.02769247442114
24.35,329.1304665181572,-10.32247000664123,-1.3451237849539979,-4.985368950218129,0.0,0.0,0.0,0.0,11.541951680918432,286.01065196763193,97433.03460518387,1.1867697555411723,339.0266961556748
24.4,329.14078785941814,-9.711900065260686,-2.942536370384622,-3.411397413179847,0.0,0.0,0.0,0.0,10.705940195951824,286.01058487891373,97432.91448304233,1.1867685707868345,339.0266563934008
24.45,328.49067545131527,-10.250352557633155,-4.709603201852518,-5.611812570723059,0.0,0.0,0.0,0.0,12.599306735039091,286.01481060956644,97440.48087476085,1.1868431969142474,339.029160898685
24.5,328.5194743689477,-9.812648437352497,-3.9330666032757824,-0.9836717247917361,0.0,0.0,0.0,0.0,10.617188531953007,286.0146234166018,97440.14568589717,1.1868398910227231,339.02904995358404
24.55,328.17509099262804,-10.907133088387532,-5.532187541148422,0.3607471809644031,0.0,0.0,0.0,0.0,12.235227408054568,286.01686190854787,97444.15400439633,1.1868794240146288,339.0303766555265
24.6,328.0632169433227,-9.881917554025215,-3.3126488635365723,2.3606721830661694,0.0,0.0,0.0,0.0,10.686379657935808,286.01758908986835,97445.45614830551,1.1868922666511983,339.0308076378095
24.65,327.7800348989124,-10.350384859833836,-3.896620153323846,1.9164788189552393,0.0,0.0,0.0,0.0,11.224393365766861,286.01942977315707,97448.75227302329,1.1869247751485439,339.0318985625669
24.7,327.76938159551787,-9.60103867265306,-3.653281628742976,1.7245197732005901,0.0,0.0,0.0,0.0,10.416351506206498,286.0194990196291,97448.87627493759,1.186925998130921,339.031939603068
24.75,327.84069049590875,-10.716397778819733,-5.093187873029731,0.30059347761269417,0.0,0.0,0.0,0.0,11.868955324823364,286.01903551177656,97448.0462587544,1.1869178120003263,339.03166489447216
24.8,327.3955155373576,-12.202436779020047,-4.783371629490287,-0.12564046657483877,0.0,0.0,0.0,0.0,13.107093233003068,286.0219291490072,97453.22806773745,1.1869689179735665,339.0333798715276
24.85,326.9607976617695,-11.885984094515292,-3.9249323029624104,0.1877640217270875,0.0,0.0,0.0,0.0,12.518664737333749,286.0247548151985,97458.28837223731,1.1870188251009053,339.0350545556961
24.9,326.87603435709883,-11.777255387144068,-3.875535388661979,-0.5327396352252011,0.0,0.0,0.0,0.0,12.40996899761338,286.02530577667886,97459.27507863138,1.1870285564107481,339.0353810924074
24.95,326.5772347968755,-11.189090991834982,-3.9516332871204343,-1.4351861591410842,0.0,0.0,0.0,0.0,11.95286250949249,286.0272479738203,97462.75338692105,1.187062860787792,339.0365321661357
25.0,326.0678210567739,-10.620615238935095,-4.283656092633747,-1.9379159171904106,0.0,0.0,0.0,0.0,11.614761972402126,286.03055916313093,97468.68367439405,1.1871213469633415,339.0384945856258
25.05,325.7670541547432,-11.05202999893259,-3.1895672439291367,-3.5221336181547294,0.0,0.0,0.0,0.0,12.030217434651268,286.03251414799416,97472.18515841865,1.18715587927313,339.03965322754567
25.1,325.5702310559366,-10.894349428984615,-2.6062405839912213,-4.679088319926374,0.0,0.0,0.0,0.0,12.139736692701852,286.0337934981364,97474.47659911455,1.1871784777748058,339.0404114454442
25.15,325.6391170683989,-8.987536133105161,-2.38471507844991,-2.429155638214817,0.0,0.0,0.0,0.0,9.610591493967895,286.0333457390554,97473.6746140333,1.187170568499698,339.04014607735496
25.2,325.1856698694173,-8.250081812056628,-2.7170011198555475,-2.2192921930140503,0.0,0.0,0.0,0.0,8.964998763463216,286.0362931458488,97478.95383747065,1.1872226326204023,339.04189287833185
25.25,325.20466069017635,-9.263119882230736,-3.6697587440421295,-2.354547590087661,0.0,0.0,0.0,0.0,10.237988745160822,286.0361697055138,97478.73273368481,1.1872204520880747,339.041819720746
25.3,324.73946825038405,-10.218086658872409,-4.7739773157501535,-5.519659311732785,0.0,0.0,0.0,0.0,12.556543843634751,286.03919345637246,97484.14893081463,1.1872738665197309,339.0436117585943
25.35,324.4651650226108,-6.191050455474354,-4.920534050859726,6.729526969269467,0.0,0.0,0.0,0.0,10.383992214848021,286.04097642735303,97487.34273483134,1.1873053634887143,339.04466843892465
25.4,324.13054120556893,-8.385299786705625,-4.454099594144039,1.9412215659523995,0.0,0.0,0.0,0.0,9.691263946235196,286.0431514821638,97491.23898632238,1.1873437876570945,339.0459574838449
25.45,323.7931496558693,-10.378864406344709,-5.03914050492755,-0.4547046734162485,0.0,0.0,0.0,0.0,11.546450525322367,286.0453445272368,97495.16759205774,1.1873825306017012,339.0472571857213
25.5,324.3627225868782,-10.480494962927697,-3.9813804910461017,1.9960333277304132,0.0,0.0,0.0,0.0,11.387550848529541,286.04164230318526,97488.53552802578,1.1873171266430074,339.04506307035507
25.55,323.9503354636905,-12.071539736098678,-4.741676019523921,-0.3515109063465549,0.0,0.0,0.0,0.0,12.974171379769043,286.044322819486,97493.3372959294,1.1873644807078958,339.0466516741713
25.6,324.07322170552976,-9.443742004150314,-3.169174438393576,1.7338307877072352,0.0,0.0,0.0,0.0,10.111087916852554,286.04352405891404,97491.90640868999,1.1873503696334604,339.0461782907393
25.65,323.917379789796,-10.933001822461012,-4.566677675660954,-0.5233442725264856,0.0,0.0,0.0,0.0,11.85997314798403,286.0445370313663,97493.7210346449,1.1873682650424269,339.04677862618774
25.7,323.2846732862226,-10.82557472099192,-4.200843113741414,-1.498128709780885,0.0,0.0,0.0,0.0,11.708310746521791,286.0486496236395,97501.08856100852,1.1874409211816948,339.0492159322183
25.75,322.8507663205757,-11.923108927301959,-5.828403182985589,-3.973288203299324,0.0,0.0,0.0,0.0,13.853441063584953,286.05147001891623,97506.14143445507,1.1874907503658416,339.0508874144143
25.8,322.8935703460328,-10.318829433357212,-5.506046986974839,-2.849632561458489,0.0,0.0,0.0,0.0,12.038072936845762,286.0511917927508,97505.64296950516,1.1874858347486834,339.0507225265163
25.85,322.5114369035534,-11.280689697047206,-6.121386702716864,-2.621559199102968,0.0,0.0,0.0,0.0,13.099538459032335,286.0536756601269,97510.09309424604,1.1875297195297492,339.0521945623346
25.9,322.292391161432,-10.813869488146922,-4.394720630920259,-0.7237193808175717,0.0,0.0,0.0,0.0,11.69517475169491,286.0550994574507,97512.64405970644,1.1875548756326937,339.05303835678234
25.95,322.17971939037915,-11.86593382155127,-6.429331095924686,-1.7959110156351659,0.0,0.0,0.0,0.0,13.614770661841431,286.05583182396254,97513.95623497965,1.1875678154754166,339.0534723831859
26.0,321.85917972421583,-9.419127259275648,-4.636026361122113,0.06730512308360359,0.0,0.0,0.0,0.0,10.498439347209755,286.05791533179257,97517.68931763816,1.1876046285945976,339.0547071408794
26.05,321.98548972049275,-10.375708871180867,-5.169467131627893,0.007575005737365442,0.0,0.0,0.0,0.0,11.59218626425552,286.0570943168168,97516.2182669856,1.1875901221267675,339.0542205799821
26.1,321.4673778662855,-10.04601571480202,-4.750118355803817,0.31762155808991965,0.0,0.0,0.0,0.0,11.11696629437892,286.0604620438691,97522.2524942285,1.1876496271707098,339.05621640307623
26.15,321.2057016778429,-10.353923302855184,-5.44096817544708,-0.45151930972221643,0.0,0.0,0.0,0.0,11.705201071946075,286.062162939094,97525.300239826,1.1876796814960962,339.05722440368925
26.2,321.6861632850555,-10.601771667443563,-5.444636212086604,-0.8157755264513522,0.0,0.0,0.0,0.0,11.946008357611793,286.0590399386471,97519.70435712015,1.187624499430427,339.05537361933096
26.25,320.96979176337567,-11.113553404274787,-5.352156026122766,-0.3530013699815651,0.0,0.0,0.0,0.0,12.340229064520594,286.06369635353803,97528.04795143982,1.1877067769833765,339.0581331476895
26.3,320.82132701482584,-12.581727315607132,-5.31802228503776,-1.024960990492724,0.0,0.0,0.0,0.0,13.697874590624807,286.0646613744036,97529.77719582738,1.187723829178542,339.0587050446155
26.35,320.42905097799695,-12.27406717710625,-5.369945833835274,-1.7170868301003988,0.0,0.0,0.0,0.0,13.506940086805228,286.067211168643,97534.3463536761,1.1877688856744781,339.06021611557816
26.4,320.5247838826522,-11.082443778581485,-4.983212572454062,-2.4764195569435574,0.0,0.0,0.0,0.0,12.401033080743563,286.06658890476274,97533.23125873403,1.187757889752883,339.0598473472744
26.45,320.3137255914398,-9.805994144633454,-5.048579202963255,-2.8564090892438054,0.0,0.0,0.0,0.0,11.393188579949571,286.0679607836556,97535.68967516068,1.1877821321001822,339.06066035464465
26.5,319.75841407313874,-10.116405870792512,-5.438443023461181,-1.2027916787687902,0.0,0.0,0.0,0.0,11.548378158189758,286.0715703085246,97542.15820827862,1.1878459174944496,339.0627994338022
26.55,319.6850282925015,-10.107918537458593,-4.5007313164294915,1.0049953543322683,0.0,0.0,0.0,0.0,11.110203202678951,286.0720473160987,97543.01306679824,1.1878543470869496,339.0630821173555
26.6,320.06990676861415,-9.870692961514685,-3.5935658543138858,1.2498095461092673,0.0,0.0,0.0,0.0,10.57857830671646,286.069545606004,97538.52975019028,1.1878101378231636,339.06159955483724
26.65,319.8256258769111,-9.98327258743161,-2.823920988757633,1.2187619843350468,0.0,0.0,0.0,0.0,10.446321940289302,286.07113343180004,97541.37527469122,1.1878381971272933,339.06254053232936
26.7,319.4539980946393,-8.822145762935515,-2.725398093672825,0.7743798680320282,0.0,0.0,0.0,0.0,9.265943816551546,286.07354901238483,97545.70433802532,1.1878808850938503,339.06397204894404
26.75,319.7140098896651,-9.575078479784002,-3.9142268174792196,-1.3052830368915274,0.0,0.0,0.0,0.0,10.426267945870803,286.07185893571716,97542.67546436055,1.1878510180570858,339.06297047966865
26.8,319.230973103565,-9.6581926514985,-3.459229479822688,-1.5721453434394042,0.0,0.0,0.0,0.0,10.378756903812333,286.0749986748268,97548.30241361972,1.1879065039878884,339.064831142147
26.85,318.4976180383588,-10.833646009075473,-2.4530123103620243,-2.8071944937477196,0.0,0.0,0.0,0.0,11.457115525753943,286.07976548275064,97556.84585080869,1.1879907475081537,339.06765601359416
26.9,318.2921325609981,-9.151516486582803,-3.286285207679041,-1.3658964947871575,0.0,0.0,0.0,0.0,9.819144448722545,286.0811011383535,97559.23982344609,1.1880143532919778,339.0684475359955
26.95,318.3573320541765,-10.013075512483512,-2.098927020006311,-2.8192770836210754,0.0,0.0,0.0,0.0,10.612045002177501,286.08067734164786,97558.48022299485,1.1880068632583878,339.06819639017755
27.0,318.04862112311713,-7.152692055305149,-6.130777800335827,0.8914319322754527,0.0,0.0,0.0,0.0,9.462668279348925,286.0826839626997,97562.07687247757,1.1880423278909709,339.06938553058745
27.05,317.46718687890444,-8.911089648367065,-4.404390550657533,-1.7527038924474256,0.0,0.0,0.0,0.0,10.093470452651871,286.0864632852871,97568.85118775448,1.1881091251070965,339.0716251774222
27.1,317.70512945354665,-11.492335728423164,-3.7546679129652776,-5.821599511520641,0.0,0.0,0.0,0.0,13.418730659193512,286.08491665855195,97566.07886258821,1.1880817890778261,339.07070863991225
27.15,317.2384781890299,-12.002041537671726,-5.054626507551349,-2.4210599590870387,0.0,0.0,0.0,0.0,13.246123264122707,286.0879498917713,97571.51598686918,1.1881354007551759,339.0725061443439
27.2,317.1657380150176,-13.893550805571495,-4.021817237107204,2.083340494503974,0.0,0.0,0.0,0.0,14.613215782014889,286.08842270290234,97572.36353130003,1.1881437577464442,339.0727863329869
27.25,316.8896127010444,-12.523732578537606,-2.439055145121546,2.7193561129413366,0.0,0.0,0.0,0.0,13.045603296461973,286.0902175174432,97575.58090632911,1.1881754817097991,339.07384994088665
27.3,317.09557019558486,-12.143319489828578,-3.4660833625934315,0.7020809764946628,0.0,0.0,0.0,0.0,12.647800591646488,286.08887879372867,97573.18110915579,1.188151819247011,339.07305661293077
27.35,316.9156288589231,-12.58317149526567,-5.1870543956799455,0.9820780977036054,0.0,0.0,0.0,0.0,13.645739832379858,286.090048412417,97575.27776589023,1.1881724926927393,339.07374972931484
27.4,316.7810724542449,-13.744375679184976,-6.050594325352407,-0.22765864302076716,0.0,0.0,0.0,0.0,15.018967439817569,286.09092302904736,97576.84562621046,1.1881879520471028,339.07426802646535
27.45,315.97385010027403,-13.50528186556462,-6.0508754287652184,-0.6464291325359524,0.0,0.0,0.0,0.0,14.812953869710606,286.0961699743482,97586.25186391037,1.1882806980680485,339.0773773456308
27.5,315.93710803300786,-13.211833916419453,-5.487243256843865,-0.3825102613995225,0.0,0.0,0.0,0.0,14.311139301079622,286.09640879778544,97586.68002192477,1.1882849196891399,339.07751887078274
27.55,315.2990367664777,-13.184012067360765,-5.649705150974777,-0.29738058309354265,0.0,0.0,0.0,0.0,14.346629489063494,286.10055626101786,97594.11575594678,1.1883582351705448,339.0799766199934
27.6,315.7096572333221,-11.776818373367119,-4.914357249902776,0.1752802983464454,0.0,0.0,0.0,0.0,12.762252205701694,286.0978872279834,97589.33055669018,1.188311053778684,339.07839497719357
27.65,315.2470728032699,-9.557645463514781,-4.369006506530332,0.6268774783850921,0.0,0.0,0.0,0.0,10.527572371314077,286.10089402677875,97594.7213357931,1.188364206071308,339.08017677614475
27.7,314.742460983158,-10.375298982943972,-5.080545177641414,0.12763777893560133,0.0,0.0,0.0,0.0,11.553140685118711,286.10417400360944,97600.60216074045,1.1884221895071372,339.08212044699513
27.75,314.82764794319087,-10.551259370126008,-4.564232763551456,-0.14932542451391084,0.0,0.0,0.0,0.0,11.497112380852625,286.10362028836926,97599.60935847518,1.1884124007763577,339.08179232345543
27.8,314.6101357259135,-10.441491079901928,-3.8060909682599897,0.40015744878455434,0.0,0.0,0.0,0.0,11.120754939038967,286.10503411778154,97602.14434743876,1.1884373949650913,339.0826301374237
27.85,314.6224717706414,-9.347082693790101,-3.608220472227018,-1.2780334577254981,0.0,0.0,0.0,0.0,10.10052371809573,286.10495393349083,97602.00057598625,1.1884359774273838,339.08258262147876
27.9,313.9344381676507,-8.534723923719794,-1.7161600649389086,0.2105765776355698,0.0,0.0,0.0,0.0,8.708103141192966,286.10942615191027,97610.01958241378,1.1885150415012118,339.08523277734787
27.95,313.87672593807724,-8.129440633502808,-1.9669949496543035,-2.840595433724112,0.0,0.0,0.0,0.0,8.833224584697614,286.1098012814025,97610.69224058502,1.1885216735753066,339.08545507136876
28.0,313.3723579715043,-10.044620847473599,-0.7645283980843995,1.458071610711314,0.0,0.0,0.0,0.0,10.178648459542211,286.1130796731852,97616.57100242992,1.188579634865118,339.08739777270245
28.05,313.3974159530568,-9.759717209505952,6.282895364972156,14.214023595351948,0.0,0.0,0.0,0.0,18.35116674617549,286.1129167963051,97616.27892733969,1.1885767551844595,339.0873012557845
28.1,313.0572547807763,-8.848794364677401,-3.1988083797224522,-6.221450130158214,0.0,0.0,0.0,0.0,11.280069967893585,286.11512784392494,97620.24389627916,1.1886158471983992,339.0886114670295
28.15,312.8477033222603,-10.537604550823211,-3.412891817421135,-3.7611450909662314,0.0,0.0,0.0,0.0,11.697655860139225,286.11648992840526,97622.68652398758,1.1886399297679335,339.08941860153675
28.2,313.1548806467266,-9.932814606707561,-4.446548942293806,-4.770701194325984,0.0,0.0,0.0,0.0,11.88243213290026,286.11449327579624,97619.10594140277,1.1886046277346367,339.08823543842425
28.25,312.4217329974119,-9.706376787019472,-4.151131297278115,1.3360172974993036,0.0,0.0,0.0,0.0,10.640986025648642,286.1192587355168,97627.65198160525,1.188688885290175,339.09105931599277
28.3,312.44907025566647,-10.879279000130456,-3.700707982663419,1.1407634628531729,0.0,0.0,0.0,0.0,11.547956200722664,286.11908104333816,97627.33331007998,1.1886857434528046,339.09095402102116
28.35,312.6713452296239,-10.635800841767757,-3.3708585307116867,1.983207765074224,0.0,0.0,0.0,0.0,11.332081001266722,286.1176362560074,97624.74227298325,1.1886601979000537,339.09009788285135
28.4,312.26189153307683,-10.692534078007178,-3.4506000198295315,0.8196578723536321,0.0,0.0,0.0,0.0,11.265379023091219,286.120297705035,97629.51527688123,1.188707255799676,339.09167497702214
28.45,312.0143304786305,-9.882118867736349,-3.067989761828113,0.512227732874743,0.0,0.0,0.0,0.0,10.36007778663263,286.12190685188887,97632.40118905737,1.188735708311953,339.0926285052044
28.5,311.6127011716981,-10.33824937912474,-3.2749290501093817,-0.6738985306018521,0.0,0.0,0.0,0.0,10.865482029701708,286.12451744238393,97637.08327964607,1.188781869196097,339.09417545067157
28.55,311.4236361067124,-12.448674193176899,-4.23796567481227,-1.9637558129002777,0.0,0.0,0.0,0.0,13.296096386588628,286.1257463653063,97639.28741421533,1.1888035996850541,339.0949036653687
28.6,311.60705184427957,-12.763423501765454,-4.433905438695804,-2.326394166857479,0.0,0.0,0.0,0.0,13.710456110002447,286.12455416301214,97637.1491393407,1.188782518505975,339.09419720999307
28.65,311.18763774672,-10.208881732108699,-2.341982873256297,-0.3323352422705938,0.0,0.0,0.0,0.0,10.479341425493473,286.1272803546463,97642.03875715825,1.1888307249520897,339.0958126490531
28.7,310.64340561412297,-10.5192582568917,-1.5745231615170763,-1.0533799773767138,0.0,0.0,0.0,0.0,10.688476357183754,286.1308178635082,97648.38382546841,1.1888932799118095,339.0979088328444
28.75,311.1885228647771,-8.799610688153553,-1.1876850301383746,0.10858733263227394,0.0,0.0,0.0,0.0,8.880063918840293,286.12727460137893,97642.02843805686,1.1888306232171775,339.0958092398904
28.8,310.42087082215045,-8.41795796280036,-3.2503209591347804,0.25001107525739386,0.0,0.0,0.0,0.0,9.027131778068613,286.132264339656,97650.97839993412,1.188918859161665,339.09876595201223
28.85,310.1788433909978,-10.392243001116414,-4.003743226316981,-3.8904138932939736,0.0,0.0,0.0,0.0,11.796778995881333,286.1338375179585,97653.8003060714,1.1889466794698609,339.0996981469343
28.9,310.331130487339,-8.96216334223867,-3.4523996103867396,-2.7487803319761226,0.0,0.0,0.0,0.0,9.98975616099932,286.13284765183226,97652.0247149576,1.188929174478815,339.0991115969516
28.95,309.8145862368747,-11.507577140878785,-3.4597163926506633,-1.9246094831103793,0.0,0.0,0.0,0.0,12.169555901236908,286.13620518946027,97658.04746772528,1.1889885506472657,339.10110111807126
29.0,309.5600599243814,-11.251645346409813,-6.16288599306643,-2.7061121426272767,0.0,0.0,0.0,0.0,13.111206263856685,286.1378596104915,97661.01527966201,1.1890178089889216,339.1020814469711
29.05,309.423623426093,-11.8663664821821,-5.852231328874764,0.009917310758542519,0.0,0.0,0.0,0.0,13.231000089531053,286.1387464477304,97662.60617813091,1.1890334928817146,339.10260694213105
29.1,309.191904579301,-11.367420047027966,-6.022155748604208,-0.061205704565232444,0.0,0.0,0.0,0.0,12.864227319364787,286.14025262023455,97665.30815101745,1.189060130204402,339.1034994223646
29.15,309.25912555135534,-10.694472777503163,-5.292012579453565,0.700331036727382,0.0,0.0,0.0,0.0,11.952723902561067,286.13981568391614,97664.52431020908,1.1890524027465723,339.10324051665356
29.2,308.9016695112005,-11.898315401113651,-4.793425756053906,0.2242601223679174,0.0,0.0,0.0,0.0,12.829541397324524,286.1421391481772,97668.69254154943,1.1890934949241958,339.1046172783231
29.25,308.49295966450654,-10.104720252884931,-4.74424251915309,0.7329498670081382,0.0,0.0,0.0,0.0,11.187065029629094,286.1447957621807,97673.45861092738,1.1891404804317576,339.10619144000833
29.3,308.13136415324146,-11.014201381893287,-5.529355207627798,-1.3141086499403132,0.0,0.0,0.0,0.0,12.394082565356284,286.1471461330039,97677.6754250793,1.1891820508337132,339.1075841329272
29.35,307.95893973347785,-11.025714201427887,-5.697488819412921,-1.2904570219639937,0.0,0.0,0.0,0.0,12.477701383846306,286.14826689173236,97679.6862368275,1.1892018737954615,339.10824822728875
29.4,307.77106392042253,-10.805740910477624,-5.008806640183758,-0.6300766924115654,0.0,0.0,0.0,0.0,11.92682594915508,286.14948808451726,97681.877280719,1.1892234734313065,339.10897183136416
29.45,307.58697927349476,-9.73777069209341,-4.507154720077424,0.16251849229294096,0.0,0.0,0.0,0.0,10.73149728522757,286.15068463472227,97684.02414990103,1.1892446374968995,339.10968083225794
29.5,307.7074401207421,-10.379761244609384,-4.7557634308679235,-0.27463131169277444,0.0,0.0,0.0,0.0,11.420689631665756,286.14990163921516,97682.6192827366,1.1892307881764188,339.10921687820786
29.55,307.4756178192296,-10.070322691838417,-5.248500897014008,-0.5009634020710492,0.0,0.0,0.0,0.0,11.367019183318341,286.15140848417496,97685.3229105122,1.1892574407746956,339.1101097394995
29.6,307.2693801104396,-9.917173901172234,-4.327898122323543,0.48826800945567406,0.0,0.0,0.0,0.0,10.831410157147644,286.1527490292821,97687.72820888573,1.1892811522977502,339.11090406001045
29.65,306.728620543935,-11.795101864178568,-5.060044757840499,-1.5682370307470292,0.0,0.0,0.0,0.0,12.930114010413988,286.1562639664644,97694.03517902718,1.189343326122331,339.11298677609363
29.7,306.6405775539461,-13.055878959146217,-5.307488335387823,-3.086667130112511,0.0,0.0,0.0,0.0,14.427505737246188,286.15683624589934,97695.0620704981,1.1893534490994162,339.11332586930223
29.75,306.16119441402185,-9.431104361123275,-2.7702034011935392,-2.748894761070516,0.0,0.0,0.0,0.0,10.206673246549222,286.1599522363088,97700.65352030782,1.1894085686082723,339.1151721837368
29.8,305.93195828385853,-8.64315938565159,-2.3383368645768527,-4.304826412545399,0.0,0.0,0.0,0.0,9.934966225416408,286.1614422711549,97703.32738618457,1.1894349268861368,339.1160550689233
29.85,305.5811251857061,-9.916612969653265,-2.8837361870037155,-4.454102187033685,0.0,0.0,0.0,0.0,11.24696285575214,286.1637226862929,97707.41970335612,1.189475267624031,339.1174062709558
29.9,305.68820364379644,-11.194086069563669,-5.354870060984924,-4.716186922896001,0.0,0.0,0.0,0.0,13.27496197337406,286.1630266763153,97706.17066448867,1.1894629550373057,339.1169938685038
29.95,305.2754058315076,-12.210977525918722,-5.904351407380327,-2.9550951872974216,0.0,0.0,0.0,0.0,13.881711898981138,286.1657098620952,97710.98590128121,1.1895104217865813,339.11858371708297
30.0,304.89731210733277,-12.47616334306039,-6.95903149043268,-2.4111036113854443,0.0,0.0,0.0,0.0,14.487794575862589,286.1681674713023,97715.39648766622,1.1895538992575023,339.1200398998742
30.05,304.2082877751939,-11.256755667718275,-5.1216612676591895,1.2654639239387449,0.0,0.0,0.0,0.0,12.4317078973944,286.1726461294612,97723.43459540351,1.1896331341549824,339.12269357866126
30.1,305.0567013417315,-11.425129140830538,-3.907606432718478,2.040257981661518,0.0,0.0,0.0,0.0,12.246044934974375,286.16713144127874,97713.53714070114,1.1895355707415727,339.1194260320495
30.15,304.57791896952904,-11.683319390345748,-2.591624014134841,1.739269278238243,0.0,0.0,0.0,0.0,12.093036203935416,286.170243526698,97719.12243821016,1.1895906276217327,339.12126999950056
30.2,304.4566509705237,-12.672400308382246,-3.551453895255379,1.2625221948220917,0.0,0.0,0.0,0.0,13.221063370184314,286.1710317686916,97720.537146722,1.1896045729677203,339.12173704568704
30.25,304.5839504130905,-13.945937313244386,-5.027709317631685,-0.8747115893960433,0.0,0.0,0.0,0.0,14.850324874970454,286.1702043223149,97719.05207601974,1.1895899340325584,339.12124677024985
30.3,304.3018279488578,-12.234263142364211,-4.511868728927563,-1.3029232190255204,0.0,0.0,0.0,0.0,13.104646617836044,286.1720381183324,97722.34333113368,1.189622377191948,339.1223333232629
30.35,303.6233888888038,-10.472024250814812,-3.857078698835338,-0.6729162889588911,0.0,0.0,0.0,0.0,11.180034182890902,286.1764479722228,97730.25840341722,1.1897003982330079,339.12494621687324
30.4,303.7620119390225,-10.759593430942811,-4.436111504128311,-1.7188020304579588,0.0,0.0,0.0,0.0,11.764447139417713,286.17554692239634,97728.64110253505,1.1896844561518174,339.12441233521275
30.45,303.332434359631,-10.04768429697494,-4.210978363161082,-1.280012702666137,0.0,0.0,0.0,0.0,10.969354175414075,286.17833917666235,97733.65301049163,1.1897338594387579,339.12606677300005
30.5,303.41964328342914,-9.002376697424348,-2.71848266644556,-1.0088439353059968,0.0,0.0,0.0,0.0,9.457838034979112,286.1777723186577,97732.63552179393,1.1897238299068746,339.1257309047766
30.55,302.91655960103685,-8.73099521131653,-2.845929475143424,-1.4325370442463914,0.0,0.0,0.0,0.0,9.294178518871934,286.18104236259325,97738.50524507079,1.1897816883369912,339.1276684292441
30.6,302.770492253465,-8.832574029441824,-3.185226329650553,-2.2483690319854013,0.0,0.0,0.0,0.0,9.654801606488881,286.1819918003525,97740.20953769753,1.1897984875904235,339.1282309758473
30.65,302.3043000804083,-8.989167476596634,-2.8115451045072586,-0.48556562304988393,0.0,0.0,0.0,0.0,9.431102362463747,286.1850220494773,97745.6491613249,1.1898521057186002,339.130026407311
30.7,302.03116752965184,-11.715190158101887,-4.6344733643651175,-1.8260312049094236,0.0,0.0,0.0,0.0,12.73021656401807,286.1867974110572,97748.83624050127,1.1898835203525442,339.13107830982045
30.75,301.8813678956754,-10.01915396858532,-3.2464300476379617,-1.892167985954837,0.0,0.0,0.0,0.0,10.700609982028967,286.1877711086781,97750.58423081515,1.1899007499879155,339.1316552246995
30.8,301.8970785706074,-9.753002858442686,-3.410125222552765,-4.599678092197848,0.0,0.0,0.0,0.0,11.309600229102998,286.187668989291,97750.40090402823,1.1898989429705324,339.13159471910956
30.85,301.56517596014817,-9.250109043200998,-3.2296781290448164,-4.537451037786214,0.0,0.0,0.0,0.0,10.79739783691638,286.189826356259,97754.27391198432,1.1899371183386225,339.1328729536401
30.9,301.4850043405476,-9.886022193244294,-4.058026906106781,-0.3200768781451513,0.0,0.0,0.0,0.0,10.691279922625188,286.1903474717864,97755.20946203677,1.1899463398018608,339.1331817125638
30.95,301.34761943201715,-11.79209473639952,-3.1212680669691215,1.5283966841922025,0.0,0.0,0.0,0.0,12.293567791424593,286.1912404736919,97756.81267038506,1.1899621421528774,339.1337108120668
31.0,301.6207522367926,-9.923325796438371,-0.22618638179077855,3.1209887586439766,0.0,0.0,0.0,0.0,10.40500485214442,286.18946511046084,97753.62537765685,1.1899307259017204,339.1326589167444
31.05,301.22647148584315,-10.726269012876877,-2.490357019621228,2.567647932493927,0.0,0.0,0.0,0.0,11.306968688690164,286.19202793534197,97758.22641973798,1.1899760770216414,339.13417737877126
31.1,301.42409623802587,-12.70956269805158,-4.224788616543075,-1.0413462939023437,0.0,0.0,0.0,0.0,13.433771805937461,286.19074337445284,97755.9202243655,1.1899533455822229,339.1334162831663
31.15,300.57256011066005,-11.826374969698668,-4.995032274948746,-0.8663189993341146,0.0,0.0,0.0,0.0,12.867167557792277,286.1962783592807,97765.85759668326,1.1900512943952668,339.13669572053703
31.2,300.63168467598143,-12.241564165445443,-3.53949702083394,-1.690562844602078,0.0,0.0,0.0,0.0,12.854646440441659,286.1958940496061,97765.16759035071,1.1900444933324763,339.1364680209358
31.25,300.17185329560925,-12.012365298989986,-4.234562038272067,-1.817260818588403,0.0,0.0,0.0,0.0,12.865880172577787,286.1988829535785,97770.53410268422,1.1900973882401682,339.13823891232704
31.3,300.316757334183,-10.372489504172783,-3.5135514307981652,-1.1695606877918954,0.0,0.0,0.0,0.0,11.013693947693781,286.1979410773278,97768.84295854068,1.1900807195756977,339.1376808624275
31.35,300.04299955139936,-8.08155007733928,-3.850230819635716,-0.2753258045263123,0.0,0.0,0.0,0.0,8.956089175284784,286.1997205029159,97772.0379471605,1.1901122107502182,339.13873514906373
31.4,299.46197763770004,-11.722268193994708,-4.860014279566298,-3.420414713035462,0.0,0.0,0.0,0.0,13.142699388583676,286.2034971453549,97778.81925241642,1.1901790495467985,339.14097274998164
31.45,299.13597433998,-12.619027919896329,-2.231752431242237,-3.5393339262925605,0.0,0.0,0.0,0.0,13.294640619410673,286.2056161667901,97782.62431507219,1.1902165531216626,339.14222823020424
31.5,298.7761139457782,-9.33723722749491,-1.8683004310428533,0.23621749554974641,0.0,0.0,0.0,0.0,9.525247726351033,286.20795525935245,97786.8246920158,1.1902579526828614,339.14361409302103
31.55,298.5105436232075,-8.690147126142325,-1.7807181538106316,-0.4825232043905221,0.0,0.0,0.0,0.0,8.88383041599094,286.2096814664491,97789.92458629378,1.19028850550066,339.14463683054447
31.6,298.9733116547056,-10.043782574415197,-2.9189132297789984,-1.2965193161877584,0.0,0.0,0.0,0.0,10.539382580699554,286.2066734742444,97784.52293490474,1.1902352662526552,339.1428546631856
31.65,298.574544068245,-10.562236073795395,-4.5574807316070265,-5.701880392431836,0.0,0.0,0.0,0.0,12.839116071877873,286.2092654635564,97789.17752787218,1.1902811424471005,339.144390358796
31.7,298.11097498355315,-11.193047461448831,-4.993896636512535,-5.877384810954668,0.0,0.0,0.0,0.0,13.592901357195894,286.2122786626069,97794.58873830888,1.1903344754266065,339.1461756030014
31.75,298.10245644000594,-8.892186220146082,-5.010695323198728,-1.3275549850058552,0.0,0.0,0.0,0.0,10.292737518944868,286.21233403313994,97794.68817695773,1.1903354554903194,339.14620840855343
31.8,297.7293306437434,-10.091194104793727,-2.261526602938086,1.6234241600032502,0.0,0.0,0.0,0.0,10.46815203556495,286.21475935081565,97799.0438287353,1.1903783844500655,339.1476453409522
31.85,298.0063951269168,-12.264038482105637,-1.2093953669218624,3.6007070920095456,0.0,0.0,0.0,0.0,12.838783766640352,286.212958431675,97795.80952539027,1.1903465074466348,339.14657834767735
31.9,297.62253755988183,-13.150415412896129,-3.2047341304357815,-0.7045927103147522,0.0,0.0,0.0,0.0,13.553604585716108,286.21545350586075,97800.29049749569,1.1903906714519001,339.14805660714063
31.95,297.7662076588802,-15.551424230189001,-3.3825781102486574,-1.1170654129009163,0.0,0.0,0.0,0.0,15.954198989480558,286.21451965021726,97798.61334108672,1.1903741416140168,339.1475033253714
32.0,297.1422280313157,-15.268201842331855,-3.708371651272434,-3.6209206502533426,0.0,0.0,0.0,0.0,16.123928620456553,286.2185755177964,97805.89763844818,1.1904459343204878,339.1499063000561
32.05,297.1915160192085,-13.038267590283517,-3.622487027947953,-2.5042389333357944,0.0,0.0,0.0,0.0,13.761905633258918,286.2182551458751,97805.32223772108,1.190440263312855,339.14971649033237
32.1,296.58605160745105,-9.08955483510833,-3.483444994194591,-2.7571375193929217,0.0,0.0,0.0,0.0,10.11712426675015,286.22219066455153,97812.3907759513,1.1905099286420975,339.15204814708596
32.15,296.1281239336468,-11.606084043640235,-4.006957001019298,-2.5162868646130354,0.0,0.0,0.0,0.0,12.533498746203398,286.22516719443126,97817.73716056051,1.1905626203210096,339.15381162597316
32.2,295.52036367298706,-13.37772089466624,-5.596194270804578,-0.6464122358447077,0.0,0.0,0.0,0.0,14.51546263233885,286.2291176361256,97824.83323190815,1.1906325553174402,339.15615209580056
32.25,295.422777651675,-6.4713964759082945,-5.709591769506089,-0.3947335072321518,0.0,0.0,0.0,0.0,8.63911020097219,286.22975194526407,97825.97266305922,1.1906437848374642,339.1565278956654
32.3,294.9704972347294,-8.430118717139125,-5.028494037250752,0.6246041070313655,0.0,0.0,0.0,0.0,9.83579097776311,286.23269176797425,97831.25370723888,1.1906958311774718,339.158269604024
32.35,294.9977667469746,-7.820406535775405,-5.440168721527988,-0.7372706494339188,0.0,0.0,0.0,0.0,9.554986243527871,286.23251451614465,97830.93528872843,1.190692693078732,339.15816459080423
32.4,295.0047036065681,-10.542844292035232,-5.425810927907562,-0.11716813207245003,0.0,0.0,0.0,0.0,11.85768604588072,286.23246942655726,97830.85428908205,1.1906918948054577,339.158137877378
32.45,294.59968647795307,-12.16613366906531,-4.322263666487486,-0.5515835239032592,0.0,0.0,0.0,0.0,12.92288729502985,286.2351020378933,97835.58364461071,1.1907385036639893,339.1596975702865
32.5,294.78050441199974,-9.97106755133981,-2.3851459351952693,-2.556922364985186,0.0,0.0,0.0,0.0,10.566407205200907,286.233926721322,97833.47222388207,1.1907176951925327,339.15900125383325
32.55,294.9586294723726,-11.417470515000387,-1.3990889785544567,-1.3778453514588929,0.0,0.0,0.0,0.0,11.585099945332912,286.23276890842953,97831.39228406135,1.1906971968881466,339.158315306039
32.6,294.67134070588367,-12.211748579596305,-2.45573633619421,-2.6529849948094597,0.0,0.0,0.0,0.0,12.735610456780668,286.23463628541174,97834.74692992841,1.1907302576845085,339.1594216353401
32.65,294.46636155099696,-10.936625562684952,-1.9844739537316736,-3.311642992683381,0.0,0.0,0.0,0.0,11.598055650944355,286.2359686499185,97837.14051057809,1.190753846833189,339.16021099377616
32.7,294.04468618373903,-9.651354030253533,-1.824147754961412,-4.07645127060752,0.0,0.0,0.0,0.0,10.634547691879497,286.23870953980565,97842.06464329979,1.1908023746621714,339.16183482632846
32.75,294.03188536614834,-10.903663713381064,-2.8648387546459593,-3.7055303369700723,0.0,0.0,0.0,0.0,11.867103207726386,286.23879274512,97842.21412855088,1.1908038478472631,339.1618841209628
32.8,293.607046775386,-11.816511639465505,-4.2374448087055665,-3.820214436896471,0.0,0.0,0.0,0.0,13.121734800563596,286.24155419595996,97847.17540903277,1.1908527412870498,339.1635201266941
32.85,293.67232552278256,-10.415868108995085,-4.680357632943428,-3.629681373100414,0.0,0.0,0.0,0.0,11.982096765861339,286.2411298841019,97846.41306820614,1.1908452284457027,339.16326874607756
32.9,292.95830243006594,-9.083258307673974,-4.870272259735936,-1.9733942928609405,0.0,0.0,0.0,0.0,10.49377998640041,286.24577103420455,97854.7518620818,1.1909274063532262,339.1660183531301
32.95,292.6599222634073,-10.054083290710997,-4.736392102576419,-1.0658375578694255,0.0,0.0,0.0,0.0,11.164856052169567,286.24771050528784,97858.23669675412,1.1909617486254926,339.16716736848224
33.0,292.9854048093273,-9.808862067259911,-3.0087790750414194,-0.15680723801245255,0.0,0.0,0.0,0.0,10.261145895407129,286.2455948687394,97854.43533358535,1.190924287023617,339.16591398591385
33.05,292.8816927180113,-10.081001886198273,-3.0702277257457355,-1.2305087568892894,0.0,0.0,0.0,0.0,10.609761972742469,286.2462689973329,97855.64659085304,1.1909362237288912,339.16631336552007
33.1,292.57547347725847,-10.370510144042942,-2.4517893482022495,-1.672144554332413,0.0,0.0,0.0,0.0,10.786789098996936,286.2482594223978,97859.22300728982,1.1909714684546708,339.16749256684227
33.15,292.18982062455643,-9.778056670770114,-1.8881810152479852,-1.4187278930800944,0.0,0.0,0.0,0.0,10.059244933777999,286.2507661659404,97863.72730071646,1.1910158568368419,339.1689776484672
33.2,291.5096913444606,-10.190717871158792,-2.5614825077759167,-1.027743123418398,0.0,0.0,0.0,0.0,10.557849179398756,286.255187006261,97871.67138720732,1.191094142340652,339.1715966914183
33.25,291.49747748818766,-10.319465211764802,-3.611669867002815,-1.9234833561504887,0.0,0.0,0.0,0.0,11.101140018323706,286.25526639632676,97871.81405299083,1.1910955482386067,339.1716437243713
33.3,291.32506907703976,-9.549365087818797,-3.619490133898215,-5.80491558929315,0.0,0.0,0.0,0.0,11.746834782555583,286.2563870509992,97873.82791330939,1.191115393755157,339.17230763165946
33.35,290.65602748509593,-10.633629407962898,-3.8019169363257785,-7.072763179338695,0.0,0.0,0.0,0.0,13.324887457972144,286.2607358213468,97881.64314162203,1.1911924079153227,339.1748839529906
33.4,290.8268589815151,-8.10978927528838,-5.039207908839471,-1.4796526095781644,0.0,0.0,0.0,0.0,9.661866811497879,286.2596254166201,97879.64757168533,1.1911727429398054,339.17422612306075
33.45,290.4233486895756,-8.599280932326403,-2.837728674312826,2.1694087061398775,0.0,0.0,0.0,0.0,9.311641676759539,286.2622482335177,97884.36123443356,1.1912191927364109,339.1757799395525
33.5,290.8009858732694,-9.626688933758139,-2.7983509344299007,2.9172042695682836,0.0,0.0,0.0,0.0,10.440976416502124,286.2597935918237,97879.94980655669,1.1911757212624476,339.17432575409686
33.55,290.60874705857987,-10.782769468461746,-3.940618817888219,1.475705903692082,0.0,0.0,0.0,0.0,11.574726864685715,286.2610431441192,97882.19545424645,1.1911978505646337,339.17506601801847
33.6,290.87400688370224,-14.130418679180462,-4.925520920130201,-0.5482454135879282,0.0,0.0,0.0,0.0,14.974313387167125,286.25931895525594,97879.0968187669,1.1911673156334197,339.1740445679013
33.65,290.68989841533875,-12.006946188449437,-3.359004598788463,0.28606753524201056,0.0,0.0,0.0,0.0,12.471227016686125,286.26051566030026,97881.2474753729,1.1911885089013816,339.17475352449935
33.7,290.5638968894311,-11.676167770352665,-3.324350197044506,-0.8128650282533867,0.0,0.0,0.0,0.0,12.167372254853122,286.2613346702187,97882.71937982684,1.191203013474353,339.17523872464625
33.75,290.0369465664081,-11.349116980221805,-2.706336277817961,-1.385524684245372,0.0,0.0,0.0,0.0,11.749314487664618,286.2647598473183,97888.87521796394,1.1912636744373113,339.17726787012396
33.8,289.8933130176976,-11.198596444977676,-3.261808155685497,-1.7748035713224446,0.0,0.0,0.0,0.0,11.798215225140707,286.26569346538497,97890.55320066477,1.1912802095165744,339.17782096259515
33.85,289.318691526339,-10.405721652053318,-1.7101542541150374,-0.7147874185086887,0.0,0.0,0.0,0.0,10.569512369382862,286.2694285050788,97897.26638427393,1.1913463616395186,339.1800336596127
33.9,289.11076282049845,-12.867298899941574,-2.927102444083529,-1.6521181561828089,0.0,0.0,0.0,0.0,13.299052752004043,286.27078004166674,97899.69566403556,1.1913702996985838,339.18083432786204
33.95,288.794625097433,-6.9488246939596765,-3.290762726681236,2.6294314556008316,0.0,0.0,0.0,0.0,8.125834955892312,286.2728349368667,97903.3892686111,1.1914066961646612,339.182051671486
34.0,288.3906749624805,-8.921940453910977,-3.9582779137964774,-0.1347004594769429,0.0,0.0,0.0,0.0,9.761512675798025,286.27546061274387,97908.10899634383,1.1914532035810603,339.1836071458103
34.05,288.3450866062651,-11.090196495846108,-3.940675416239369,-1.423547253681027,0.0,0.0,0.0,0.0,11.855288601973948,286.27575693705927,97908.64165937314,1.191458452327658,339.183782690588
34.1,288.04637550918414,-9.678784989618382,-2.6798926225736888,-0.6356618363084394,0.0,0.0,0.0,0.0,10.063039765097125,286.2776985591903,97912.13191473554,1.1914928444167343,339.1849329200544
34.15,288.0974123465183,-11.451369546182693,-3.837570604353568,-3.5521730168581134,0.0,0.0,0.0,0.0,12.58883417034055,286.2773668197476,97911.53557355983,1.1914869682389084,339.1847363957464
34.2,287.56880113943237,-10.560821123505361,-4.210236303743113,-4.643165120426622,0.0,0.0,0.0,0.0,12.280717196954742,286.28080279259365,97917.7122866775,1.1915478314986567,339.1867718798297
34.25,287.34484914024273,-9.75909690584885,-4.985266535749178,-3.0567631270101567,0.0,0.0,0.0,0.0,11.377023146010476,286.2822584805884,97920.32921482883,1.1915736176107898,339.1876342315475
34.3,287.34230904205896,-9.875911347217595,-4.105943263659915,2.9943114185596613,0.0,0.0,0.0,0.0,11.10667798641035,286.2822749912266,97920.35889675714,1.191573910083307,339.18764401246136
34.35,287.64173130461563,-11.789089254972883,-3.5379836777807,2.282915149473327,0.0,0.0,0.0,0.0,12.518452601885528,286.28032874651996,97916.8600939511,1.1915394343207464,339.1864910537623
34.4,287.24701778559245,-10.603029185897876,-1.8746188179669983,2.0540223415085,0.0,0.0,0.0,0.0,10.961634522692965,286.2828943843936,97921.47241340413,1.1915848821687993,339.1880109412128
34.45,287.0955406605776,-11.766859558996334,-3.1196767525613605,0.8004539518792633,0.0,0.0,0.0,0.0,12.199675956790587,286.2838789857062,97923.24250562066,1.1916023238018216,339.1885942185936
34.5,287.0100477387576,-12.492328159059813,-3.9299357232941325,-1.2657142981959566,0.0,0.0,0.0,0.0,13.156925564413587,286.28443468969806,97924.24154813676,1.1916121678573466,339.1889234169491
34.55,286.39473257227326,-12.118807952901186,-3.171058653634648,-2.2257151567798577,0.0,0.0,0.0,0.0,12.723007786809367,286.2884342382802,97931.43216478228,1.1916830199634627,339.1912927351433
34.6,286.3283402033328,-11.22370789564871,-2.2676238240106765,-2.919902188294428,0.0,0.0,0.0,0.0,11.816918613719679,286.2888657886783,97932.2080562656,1.1916906650825105,339.1915483830577
34.65,286.27284989030585,-9.677727384811087,-2.013245416404404,-2.3462012719303496,0.0,0.0,0.0,0.0,10.159538614021965,286.289226475713,97932.85654517343,1.191697054852405,339.1917620517851
34.7,286.31784264650287,-10.381304580954449,-1.7198288902474472,-5.644697664703174,0.0,0.0,0.0,0.0,11.941185365790997,286.2889340227977,97932.33073595495,1.1916918738855857,339.1915888045305
34.75,285.4512985666504,-10.66934773441277,-1.7399426085535232,-3.908315971707494,0.0,0.0,0.0,0.0,11.49509961216443,286.29456655931676,97942.45803175987,1.191791660447599,339.19492546792713
34.8,285.5038692006685,-9.554393972228821,-3.5873517342856154,-4.483943904157911,0.0,0.0,0.0,0.0,11.147254800069806,286.29422485019563,97941.84361489287,1.1917856065136103,339.1947230434874
34.85,284.81424990686526,-11.506051891218618,-4.012059662085401,-0.685722470096519,0.0,0.0,0.0,0.0,12.204755964850081,286.2987073756054,97949.90375673854,1.1918650236266743,339.1973784288943
34.9,285.1208673868393,-11.224131404781604,-3.7517767770385118,2.0202559309471906,0.0,0.0,0.0,0.0,12.005764815415027,286.2967143619855,97946.32000243613,1.1918297128109756,339.19619779804594
34.95,285.06801284257085,-11.8068817606928,-2.0433135721668485,1.3558166560888083,0.0,0.0,0.0,0.0,12.058848455391974,286.2970579165233,97946.93776036115,1.1918357996119207,339.1964013148035
35.0,285.2410353271499,-11.825844841378684,-2.6780660310313418,1.0499432503963222,0.0,0.0,0.0,0.0,12.17066245970118,286.2959332703735,97944.91550490553,1.1918158741966225,339.19573509017624
35.05,285.1859651402924,-13.209018208230535,-3.505460383358324,0.21480679270151148,0.0,0.0,0.0,0.0,13.667938999090214,286.2962912265881,97945.55915160532,1.191822216098154,339.19594713856617
35.1,284.53209807654025,-12.857750174123458,-4.144450534734394,-0.5064639216058945,0.0,0.0,0.0,0.0,13.518680241758824,286.3005413625025,97953.20164960065,1.19189751762568,339.1984648511088
35.15,284.1351017867871,-11.568969241332661,-3.9787392036070806,-1.4669693802196069,0.0,0.0,0.0,0.0,12.321664421648686,286.30312183838583,97957.84203838493,1.1919432388277862,339.19999347463454
35.2,284.0368014239047,-11.298823074006304,-3.708394107364903,-2.2292497445280395,0.0,0.0,0.0,0.0,12.098972854615152,286.3037607907446,97958.99107385056,1.1919545600747377,339.20037197647133
35.25,283.2992625241518,-10.679797955384636,-3.4328768319829246,-2.352234279609375,0.0,0.0,0.0,0.0,11.461925397487649,286.308554793593,97967.61253311948,1.1920395050101147,339.20321182869304
35.3,283.29048781293903,-10.683479989791676,-4.111842463009911,-2.8150423096373824,0.0,0.0,0.0,0.0,11.7884882974001,286.30861182921586,97967.71510878428,1.19204051565218,339.203245615084
35.35,283.0131727302179,-8.68277156722609,-3.8392230707647426,-2.3314191401889954,0.0,0.0,0.0,0.0,9.775769590316747,286.31041437725355,97970.9569444909,1.1920724562191807,339.2043133950199
35.4,282.856808088254,-9.390725036429231,-3.7365599486738126,-2.3464121567283422,0.0,0.0,0.0,0.0,10.37560826983626,286.3114307474263,97972.78489807747,1.1920904662578955,339.20491546330544
35.45,282.73955678215714,-8.898636110258204,-2.765803544203086,-1.6450744362954104,0.0,0.0,0.0,0.0,9.46264570661241,286.312192880916,97974.15562214876,1.1921039713693478,339.2053669284342
35.5,282.24810076415235,-9.33873934305985,-4.390949902091595,-3.1137115250015746,0.0,0.0,0.0,0.0,10.779039522203252,286.315387345033,97979.90114794658,1.1921605789913607,339.2072592270814
35.55,282.2669674935511,-9.73477938450431,-4.626585426247849,-2.1470114949776624,0.0,0.0,0.0,0.0,10.990035520001987,286.3152647112919,97979.68057529844,1.192158405817564,339.20718658295976
35.6,282.01189005301217,-9.478403365201698,-3.6906481172849905,-0.023174159842731634,0.0,0.0,0.0,0.0,10.171605130006302,286.3169227146554,97982.66274286887,1.1921877872984479,339.20816872731496
35.65,281.9667738017235,-9.403262116215535,-3.982792553952307,0.3262634528013582,0.0,0.0,0.0,0.0,10.217163148090865,286.31721597028877,97983.19021473156,1.1921929841397636,339.20834244160324
35.7,281.85131905396804,-10.219660448355942,-4.429097856625707,0.4838714299581714,0.0,0.0,0.0,0.0,11.148654585374281,286.3179664261492,97984.54005212974,1.192206283196019,339.20878698476633
35.75,281.37371487971313,-10.532596685176241,-4.361644731160349,0.9582426128756192,0.0,0.0,0.0,0.0,11.440182105131678,286.32107085328187,97990.12411393014,1.1922612988980539,339.21062592997936
35.8,281.07815620810896,-10.079311220162518,-5.0892298105491625,0.27338238971564155,0.0,0.0,0.0,0.0,11.294578906204645,286.3229919846473,97993.57986164307,1.1922953455695942,339.21176393054265
35.85,280.9704865472525,-9.636306254396379,-5.115817609431633,-0.01859314399379619,0.0,0.0,0.0,0.0,10.910102371036356,286.3236918374428,97994.83878742633,1.1923077486846412,339.2121784941
35.9,280.69971167985693,-10.683339274099827,-6.258393370252171,-0.2614402312625218,0.0,0.0,0.0,0.0,12.384247115463369,286.3254518740809,97998.00487610385,1.1923389413045333,339.2132210640335
35.95,280.2671769884182,-11.409887548222606,-5.413028653595551,0.37258504979265633,0.0,0.0,0.0,0.0,12.634287977051208,286.32826334957525,98003.06254534231,1.192388769566071,339.21488645443293
36.0,280.2939183985732,-11.860383378427347,-5.20205014904685,0.34588016554418954,0.0,0.0,0.0,0.0,12.955680326613146,286.3280895304093,98002.74984936329,1.1923856888930333,339.21478349209013
36.05,280.2754296666603,-10.174134305234546,-3.6284141708491973,1.761275855239176,0.0,0.0,0.0,0.0,10.944427389974233,286.3282097071667,98002.96604401378,1.192387818837573,339.2148546791828
36.1,280.1714141078541,-10.313328724200067,-3.865712366377401,1.1182124269933338,0.0,0.0,0.0,0.0,11.070631441108302,286.32888580829893,98004.18233837992,1.1923998017239938,339.2152551696063
36.15,280.04890204893456,-11.27408682515251,-4.360306920079148,0.4558335047921872,0.0,0.0,0.0,0.0,12.09649099377413,286.3296821366819,98005.61493518934,1.1924139155776734,339.2157268763764
36.2,279.9320858862056,-12.209026594357955,-4.769722073439991,-0.6478796411060705,0.0,0.0,0.0,0.0,13.123655248022946,286.33044144173965,98006.98094273411,1.192427373361547,339.216176651692
36.25,279.3147720154522,-11.057288561337439,-4.680616752090447,-0.9168698712577478,0.0,0.0,0.0,0.0,12.04211168647151,286.3344539818995,98014.19985226421,1.1924984928184628,339.2185534750509
36.3,279.0451365236089,-11.02396314583497,-3.9338557191931347,-2.0271163668898673,0.0,0.0,0.0,0.0,11.879064989512807,286.3362066125965,98017.35312276894,1.192529557985193,339.21959163851983
36.35,278.351003667846,-8.708554230492263,-3.2797194383570596,-0.9279148794582787,0.0,0.0,0.0,0.0,9.351818133565361,286.340718476159,98025.47108435043,1.192609533068521,339.2222642074279
36.4,278.41936689685707,-10.00878931468457,-3.3605643522019264,-2.0380878160093037,0.0,0.0,0.0,0.0,10.752816294199393,286.3402741151704,98024.67154455342,1.1926016563611614,339.22200099442773
36.45,277.90821517654103,-9.906599204659035,-3.2011120823178123,-1.4965111754123712,0.0,0.0,0.0,0.0,10.517954747166685,286.3435966013525,98030.64982981174,1.1926605514493245,339.2239690325339
36.5,277.9284893227335,-10.36853947132909,-2.8134468358867606,-0.898313280977102,0.0,0.0,0.0,0.0,10.780958242088241,286.3434648194022,98030.4127035368,1.192658215412408,339.22389097316415
36.55,277.9539088624027,-7.778321510077665,-3.8770969359715983,0.11756869838413686,0.0,0.0,0.0,0.0,8.691834591379255,286.3432995923944,98030.11539743144,1.1926552865155662,339.22379310301267
36.6,277.45301770435356,-9.75409920588671,-3.888439255645376,-1.2816110332213773,0.0,0.0,0.0,0.0,10.578513033673422,286.34655538492166,98035.97393860536,1.1927130013415714,339.22572162579075
36.65,277.3524382791076,-11.599346010779291,-3.6590821072567508,-4.615504224384856,0.0,0.0,0.0,0.0,13.009096394090651,286.3472091511858,98037.15037347481,1.192724590791619,339.2261088736936
36.7,277.08170785499095,-10.975352136593113,-4.997838982073638,-5.238470575423887,0.0,0.0,0.0,0.0,13.148320158200276,286.34896889894253,98040.31704919328,1.1927557866328375,339.22715122970044
36.75,276.9562036994311,-10.839701513331637,-4.578737077714012,2.6168693794571056,0.0,0.0,0.0,0.0,12.05454136307547,286.3497846759537,98041.78507248644,1.1927702484911635,339.2276344399517
36.8,276.5966453968279,-12.0512562670896,-4.888346736999594,1.2937342032697525,0.0,0.0,0.0,0.0,13.069141502979871,286.3521218049206,98045.99092789192,1.1928116811785319,339.22901879076244
36.85,276.7514730102557,-10.268410539653878,-4.029148540760822,2.231286314162066,0.0,0.0,0.0,0.0,11.254018464093475,286.3511154254333,98044.17984749179,1.1927938399199949,339.22842268303356
36.9,276.4487035076202,-10.214028811784756,-3.139442048181772,1.7020983217541137,0.0,0.0,0.0,0.0,10.82033361956918,286.35308342720043,98047.721488536,1.1928287291647865,339.22958838652187
36.95,276.47890864425534,-11.145702002453898,-3.8757038122989123,0.5465538842918213,0.0,0.0,0.0,0.0,11.812979061888141,286.35288709381234,98047.36815981856,1.192825248480599,339.22947209284507
37.0,276.2050881910217,-12.666782452249112,-4.540164723323972,-0.6671485135051809,0.0,0.0,0.0,0.0,13.472399954966956,286.35466692675834,98050.57124971793,1.1928568024216941,339.2305263354941
37.05,275.71987011092745,-12.424610101118763,-3.8887962997989804,-1.5364726297271891,0.0,0.0,0.0,0.0,13.109325725149002,286.35782084427893,98056.24742948053,1.1929127185228816,339.2323944771348
37.1,275.18738734485356,-11.573367506305104,-3.3143077665883878,-1.7712945684321975,0.0,0.0,0.0,0.0,12.168194436966576,286.36128198225845,98062.47682736396,1.192974083672282,339.2344445810452
37.15,275.21503778607996,-8.747981205472053,-2.1795867839133196,-0.35917644297211626,0.0,0.0,0.0,0.0,9.02257066678272,286.36110225439046,98062.15334309146,1.1929708970806807,339.2343381248011
37.2,274.80701255400714,-8.52910077259879,-3.4031344427030854,-1.5084040062723807,0.0,0.0,0.0,0.0,9.306028512227753,286.3637544183989,98066.92694396527,1.1930179208530185,339.23590904873555
37.25,274.5287694541189,-10.901887065909627,-3.3559087041006768,-2.1422365531065664,0.0,0.0,0.0,0.0,11.606138129350873,286.3655629985482,98070.1822954206,1.1930499884090413,339.2369802987678
37.3,274.6177140266732,-9.178544789972923,-2.560789331296608,-0.3523633429851452,0.0,0.0,0.0,0.0,9.535590510623937,286.3649848588266,98069.14166407606,1.1930397374629587,339.2366378580248
37.35,274.1777193244987,-8.67275259758395,-1.7961124944422222,0.26527483233011084,0.0,0.0,0.0,0.0,8.860757780701285,286.3678448243907,98074.28958967923,1.1930904479262028,339.238331854727
37.4,273.872743925287,-9.495766300038891,-3.4387639957356586,-1.5768746228335615,0.0,0.0,0.0,0.0,10.2216050119078,286.3698271644856,98077.85792164224,1.1931255980528586,339.2395060169022
37.45,273.68590588399525,-9.896131975833619,-4.4430007187142655,-2.460045516242225,0.0,0.0,0.0,0.0,11.123196816185335,286.371041611754,98080.04405204445,1.1931471325772303,339.2402253455736
37.5,273.76648028218113,-10.302192242982164,-3.474528556389001,-1.9648083848120292,0.0,0.0,0.0,0.0,11.04843815611746,286.3705178781658,98079.10127270264,1.1931378457203214,339.23991513337353
37.55,272.980144175882,-9.361154255532673,-3.1175482438275224,-2.6046042749399745,0.0,0.0,0.0,0.0,10.204620496495945,286.3756290628567,98088.30229343752,1.1932284797369734,339.24294252274467
37.6,273.1578487623312,-8.70435790910664,-4.10172894297841,-4.183302862726823,0.0,0.0,0.0,0.0,10.492380557947397,286.3744739830448,98086.22288790422,1.193207996838455,339.24225836349785
37.65,272.30319187069,-7.681776779826225,-3.3458414619300925,0.3731695466993313,0.0,0.0,0.0,0.0,8.387109460000605,286.3800292528405,98096.22395998506,1.193306510268106,339.24554876348634
37.7,273.3352668259724,-8.551906419306416,-2.3969442476741425,2.487334833008892,0.0,0.0,0.0,0.0,9.22319248972566,286.37332076563115,98084.14687071861,1.1931875472339737,339.24157530598194
37.75,272.4028560847916,-9.044577627482447,-1.437028877139447,2.4639315875011834,0.0,0.0,0.0,0.0,9.48369101780392,286.3793814354488,98095.05766115084,1.1932950219883696,339.2451650612928
37.8,272.27653455805876,-12.021990144190887,-4.839303432813101,-0.239854210645445,0.0,0.0,0.0,0.0,12.961660186265641,286.38020252537257,98096.53591330367,1.1933095830670717,339.24565139272084
37.85,272.1732874363005,-10.95109795569086,-0.8424274534124397,2.4834164316356224,0.0,0.0,0.0,0.0,11.260709907564323,286.38087363166403,98097.7441552895,1.1933214844607396,339.2460488883501
37.9,272.3194465765573,-10.290201416205822,-2.4877254839602836,-0.004325090353685002,0.0,0.0,0.0,0.0,10.586644509760223,286.37992359725234,98096.03374205135,1.1933046365847064,339.24548618371887
37.95,271.8241972505472,-11.989744578264835,-3.8757015424353876,-4.026477429341323,0.0,0.0,0.0,0.0,13.228286283077718,286.3831427178714,98101.82944722798,1.193361725090176,339.24739286254066
38.0,271.8107608758775,-11.691464454530216,-3.3222361492422507,-2.7268986790206275,0.0,0.0,0.0,0.0,12.456467016314054,286.38323005430675,98101.98669162065,1.1933632739604647,339.24744459159047
38.05,270.9964433005469,-10.314212564142535,-1.9403635463280178,-1.0878154537250044,0.0,0.0,0.0,0.0,10.551366450445995,286.3885231185464,98111.51694029322,1.1934571468172335,339.2505796393725
38.1,271.14240127739697,-10.584700573639836,-3.0289929255542534,-2.75331115972618,0.0,0.0,0.0,0.0,11.34863016927338,286.3875743916969,98109.80868695346,1.193440320666066,339.2500177167147
38.15,270.56069072253194,-9.862127212156112,-3.8261232685669997,-0.12036312620671319,0.0,0.0,0.0,0.0,10.579000883692665,286.3913555103035,98116.61701585169,1.1935073817992596,339.25225723482765
38.2,270.3717095533766,-11.108362423119141,-4.871970042916657,-1.3473575213755455,0.0,0.0,0.0,0.0,12.20439183707447,286.392583887903,98118.82893007036,1.1935291686692755,339.25298478721095
38.25,270.0630656076759,-12.021380084143438,-4.419649990097646,-4.355183790846595,0.0,0.0,0.0,0.0,13.52828559036449,286.3945900735501,98122.44151402713,1.1935647516281265,339.25417302202425
38.3,270.2627618967274,-10.685597880453596,-4.020529164282777,-6.195411906549712,0.0,0.0,0.0,0.0,12.98960297759022,286.39329204767125,98120.1041171138,1.1935417289395598,339.25340422049953
38.35,269.71955606270325,-8.389709633582214,-3.0725446107712595,-0.4962843231198346,0.0,0.0,0.0,0.0,8.948410822619635,286.3968228855924,98126.46231590878,1.1936043551282238,339.2554954794882
38.4,269.9471453282863,-11.25716150468005,-3.633626624432434,0.9576684117978799,0.0,0.0,0.0,0.0,11.867773859287603,286.39534355536614,98123.7983536294,1.1935781160608154,339.2546192973575
38.45,269.9667849357476,-12.691855345619437,-4.226465306569646,1.263813962432882,0.0,0.0,0.0,0.0,13.436644924734962,286.39521589791764,98123.5684721865,1.1935758518051818,339.2545436879161
38.5,270.0568086113885,-11.803476358405568,-3.740548252260348,0.8959882899821052,0.0,0.0,0.0,0.0,12.414368706733024,286.39463074402596,98122.51475138846,1.1935654729934244,339.2541971105173
38.55,269.4360429811976,-11.51355279966551,-4.7678437564157425,0.7461521841273686,0.0,0.0,0.0,0.0,12.484028806365199,286.3986657206222,98129.78095572366,1.193637042343593,339.25658695616573
38.6,269.0885605710036,-11.577776621482593,-4.375997920334254,-0.5811497378526365,0.0,0.0,0.0,0.0,12.390803215027054,286.40092435628844,98133.84850737896,1.19367710574076,339.2579246989842
38.65,268.73673543890993,-11.790978959256591,-4.4904457632868695,-2.2052268699839295,0.0,0.0,0.0,0.0,12.808368885957016,286.40321121964706,98137.96703306235,1.1937176708852988,339.2592791551022
38.7,268.3410228217916,-10.541159690201848,-4.168014446075559,-2.460998144944679,0.0,0.0,0.0,0.0,11.599349288061465,286.40578335165833,98142.59948045407,1.1937632974804488,339.2608025627643
38.75,268.2992968643739,-10.424454249635206,-4.222380752155561,-2.5313518841641995,0.0,0.0,0.0,0.0,11.528464250730575,286.40605457038157,98143.08795966292,1.1937681086592027,339.2609631982425
38.8,267.9520979064041,-10.069342900342415,-3.8506057282349677,-3.3510568518624044,0.0,0.0,0.0,0.0,11.289305246267642,286.40831136360833,98147.15263950198,1.1938081427376688,339.26229983258276
38.85,267.84315920045844,-7.767892219692725,-5.192054627723362,-4.466086868264363,0.0,0.0,0.0,0.0,10.355844374502242,286.409019465197,98148.4280198164,1.1938207042218016,339.26271921989706
38.9,267.76322054984405,-9.140158919874901,-4.410315644786109,-1.3191052048432286,0.0,0.0,0.0,0.0,10.23393510379357,286.40953906642596,98149.36389573338,1.1938299218372472,339.2630269637772
38.95,267.15798388990896,-10.057449844062589,-4.4370242965178495,-0.5121341656038904,0.0,0.0,0.0,0.0,11.004624635911172,286.4134731047156,98156.4498942205,1.1938997126076785,339.2653569650047
39.0,267.2754171996732,-10.031918412666036,-3.3862164730912045,0.4547120577043358,0.0,0.0,0.0,0.0,10.597764485798114,286.4127097882021,98155.07497443524,1.1938861709480053,339.26490487904107
39.05,267.0344853718013,-9.839433686505732,-2.96654177983283,0.6377629315362385,0.0,0.0,0.0,0.0,10.29667747185854,286.4142758450833,98157.8958428362,1.1939139537952277,339.26583239970336
39.1,267.2089200474008,-10.103997588581697,-3.0501723330169592,-0.660614300801776,0.0,0.0,0.0,0.0,10.57500495440029,286.41314201969186,98155.85352717804,1.1938938389607048,339.2651608748732
39.15,266.9683249904184,-11.730226809578015,-4.57313120081196,-3.18296541299062,0.0,0.0,0.0,0.0,12.986262695798095,286.41470588756226,98158.67047065803,1.1939215831094585,339.2660870983639
39.2,267.06350308663565,-10.379313370461913,-0.6589622664064825,-2.8809707909815607,0.0,0.0,0.0,0.0,10.79186591879671,286.41408722993685,98157.55609530979,1.1939106076161152,339.26572068968994
39.25,266.35542012727126,-10.391709130161724,-2.0246812153922606,-6.533916783310482,0.0,0.0,0.0,0.0,12.441021710497704,286.4186897691727,98165.84680064899,1.1939922622835117,339.26844659876264
39.3,266.1899740290581,-9.460995454387053,-2.063838950147965,-5.252037846308054,0.0,0.0,0.0,0.0,11.016068615396897,286.4197651688111,98167.78403511575,1.1940113418022837,339.26908351394195
39.35,266.48340796653764,-11.116826107310395,-3.0864489394566212,-3.718458905873264,0.0,0.0,0.0,0.0,12.121754262099156,286.41785784821747,98164.34819208241,1.1939775026733712,339.2679538852191
39.4,265.800400463343,-10.925512480940226,-4.003844096368774,-3.3125992244059437,0.0,0.0,0.0,0.0,12.098384360762498,286.42229739698826,98172.34573572603,1.1940562689940046,339.27058324430027
39.45,265.47963651825006,-10.55712028542436,-4.7263451428019,-3.63954372021721,0.0,0.0,0.0,0.0,12.125898136681595,286.4243823626314,98176.1018408814,1.1940932617540976,339.2718180752281
39.5,265.3043245623437,-10.27374331934874,-5.358177331002029,-4.151646004495634,0.0,0.0,0.0,0.0,12.308372380171615,286.4255218903447,98178.15477085212,1.1941134803356543,339.2724929640964
39.55,264.83763221148763,-7.805859062770476,-5.484090981083558,-0.7136398731504017,0.0,0.0,0.0,0.0,9.566398040286014,286.4285553906253,98183.61997950438,1.1941673048515855,339.2742895576242
39.6,264.9213539708956,-8.789436169839163,-4.496536739191698,0.7631750590339709,0.0,0.0,0.0,0.0,9.902296046943313,286.42801119918914,98182.63953629561,1.1941576489253158,339.2739672604106
39.65,264.5305593732982,-9.783771150780087,-3.4478694182825027,2.1999309437501564,0.0,0.0,0.0,0.0,10.60422923241637,286.43055136407355,98187.21609552744,1.194202721158102,339.2754716696747
39.7,265.07916722719597,-11.600700020375536,-3.619728781992999,0.3724710513806496,0.0,0.0,0.0,0.0,12.158018428265606,286.4269854130232,98180.79144887158,1.1941394479273861,339.2733597380314
39.75,264.3889237566829,-11.98409786717281,-4.126166392608884,-0.7920555554841552,0.0,0.0,0.0,0.0,12.699259930895352,286.43147199558155,98188.87481972433,1.1942190570007487,339.2760169108102
39.8,264.53214392194946,-11.207391778557405,-3.950104803530814,-1.5075963739143243,0.0,0.0,0.0,0.0,11.97838909301217,286.4305410645073,98187.19753867651,1.1942025384018065,339.27546556978376
39.85,263.73635916709065,-8.658597792490303,-1.8981829578365192,-0.5695391748651213,0.0,0.0,0.0,0.0,8.88249903716544,286.4357136654139,98196.51743261048,1.1942943241227282,339.27852901520293
39.9,263.92161455836884,-10.046693060806751,-2.943298570288036,-2.7665028203989204,0.0,0.0,0.0,0.0,10.82832331375441,286.43450950537056,98194.34773598063,1.1942729563055374,339.2778158602818
39.95,263.37889414116614,-10.172349607235791,-2.421274330525032,-3.977259381642149,0.0,0.0,0.0,0.0,11.187397289108405,286.4380371880824,98200.70414471242,1.1943355558537931,339.2799051001616
40.0,263.7478171333124,-11.322944224037013,-2.600553950451939,-3.2606109526407026,0.0,0.0,0.0,0.0,12.066628797404222,286.43563918863344,98196.38323668136,1.1942930025239447,339.27848490692145
40.05,263.18725273517424,-9.04724861277944,-2.3586379592045392,-3.629287668751266,0.0,0.0,0.0,0.0,10.029337439062964,286.4392828572214,98202.94875218636,1.1943576611413917,339.28064283396947
40.1,263.28038939640953,-10.64150692405075,-3.3704103951206537,-2.640098932713331,0.0,0.0,0.0,0.0,11.47046024450072,286.4386774689233,98201.8578802047,1.1943469180550317,339.2802842996277
40.15,262.75804206933475,-10.673083746347604,-4.209115068258936,-3.938734872257816,0.0,0.0,0.0,0.0,12.130333825098699,286.4420727265493,98207.97604963815,1.1944071704985835,339.2822950974872
40.2,262.3747147329949,-11.544148400504271,-4.930588186766339,-2.94807841308723,0.0,0.0,0.0,0.0,12.894542585530361,286.4445643542355,98212.46609685224,1.1944513885509394,339.2837707245023
40.25,262.4039692259698,-11.921614712482059,-5.683929474545471,-0.5526547160715616,0.0,0.0,0.0,0.0,13.218826682412914,286.4443742000312,98212.12342288127,1.194448013906087,339.2836581089141
40.3,262.5652925845805,-11.809936076521792,-3.576663138904757,1.6837176450184232,0.0,0.0,0.0,0.0,12.453995922950888,286.4433255982002,98210.23377101759,1.194429404620692,339.28303709167176
40.35,262.4045814986808,-11.622916717113078,-3.3298066726427655,2.1159224015071434,0.0,0.0,0.0,0.0,12.274238595502482,286.4443702202586,98212.11625100458,1.1944479432775976,339.2836557519612
40.4,262.663807090684,-12.247468935210968,-4.349973753739892,0.2932299791017362,0.0,0.0,0.0,0.0,13.000336564790452,286.44268525391055,98209.0798415065,1.1944180406931248,339.2826578577058
40.45,262.16942565682643,-12.302821402537862,-4.688912816712437,0.08841599705335743,0.0,0.0,0.0,0.0,13.16636378253346,286.4458987332306,98214.87078797814,1.1944750698270852,339.2845609866788
40.5,261.47447886963795,-11.5143744814675,-4.879633896020499,-1.2561314099062708,0.0,0.0,0.0,0.0,12.568592314878197,286.45041588734733,98223.0115280965,1.194555238603694,339.2872361770308
40.55,261.33974701734473,-12.366667379030385,-4.333124589063652,-1.2620398769250158,0.0,0.0,0.0,0.0,13.16446639324478,286.45129164438725,98224.58986611827,1.194570781691343,339.2877548234388
40.6,261.08777084814204,-13.790066919070842,-4.451283888612947,-3.3507802052681788,0.0,0.0,0.0,0.0,14.873049514927805,286.4529294894871,98227.5417367264,1.1945998508651545,339.2887247963601
40.65,260.5994051413958,-10.5446137546046,-5.542368024846147,-4.2192808943545685,0.0,0.0,0.0,0.0,12.637604750192931,286.4561038665809,98233.26308694742,1.194656192605394,339.29060473414654
40.7,260.319734936068,-9.594280005081298,-4.960390601231388,-2.020769952406994,0.0,0.0,0.0,0.0,10.988138829357702,286.45792172291556,98236.53962850201,1.1946884584932373,339.2916813050212
40.75,259.9611218126411,-11.978464980146015,-6.960584436129993,-3.4093192841042894,0.0,0.0,0.0,0.0,14.267333911913779,286.4602527082178,98240.74117372482,1.1947298330959857,339.2930617561336
40.8,260.2313395598137,-11.64087505063193,-5.793344922477803,-0.615014264547595,0.0,0.0,0.0,0.0,13.017336896647537,286.4584962928612,98237.57526356589,1.194698656912736,339.29202157612275
40.85,259.6716689119155,-9.8635312543522,-3.9969476364387324,1.5257363139049056,0.0,0.0,0.0,0.0,10.75140504834526,286.4621341520725,98244.1325373675,1.1947632292120263,339.2941759766787
40.9,259.8200466545459,-10.417352505951191,-3.3023402249759015,1.2137988447103882,0.0,0.0,0.0,0.0,10.995453234412928,286.4611696967454,98242.39406348034,1.1947461097907957,339.2936048115718
40.95,259.5566727294566,-10.701015511310073,-4.053925551580662,0.17145015024528457,0.0,0.0,0.0,0.0,11.44445020545227,286.4628816272585,98245.47991197472,1.1947764972885293,339.2946186421859
41.0,259.44584808658885,-10.170812238326869,-3.7151055432413593,-0.48723661987202216,0.0,0.0,0.0,0.0,10.839041946060851,286.46360198743713,98246.77842410462,1.1947892841660963,339.29504524925113
41.05,259.46939122854644,-9.836418414666335,-3.848315753824216,-1.4332791033920425,0.0,0.0,0.0,0.0,10.65921903132396,286.4634489570144,98246.50257224124,1.194786567764432,339.2949546226047
41.1,259.09845990390045,-9.807008775251598,-3.493116565139402,-2.001930250640246,0.0,0.0,0.0,0.0,10.60127394155729,286.4658600106246,98250.84879814438,1.1948293662744802,339.2963824777236
41.15,259.0239928802471,-10.011206151646249,-2.712104400726822,-2.2824337910711163,0.0,0.0,0.0,0.0,10.620228947712228,286.4663440462784,98251.72135175753,1.194837958512139,339.2966691287698
41.2,259.02549115404486,-10.009642080433464,-1.6908607166477523,-2.4518720823558446,0.0,0.0,0.0,0.0,10.443352969699095,286.4663343074987,98251.70379594881,1.1948377856361645,339.2966633613636
41.25,258.7888662731594,-8.109431599601665,-2.8608624812834886,-0.6794427485435137,0.0,0.0,0.0,0.0,8.626068481874109,286.46787236922444,98254.47644558757,1.1948650884643344,339.29757421623316
41.3,258.0833467957748,-8.38683601669545,-3.0501009539234682,-3.5462199963076917,0.0,0.0,0.0,0.0,9.603010489543232,286.47245824582745,98262.74373897303,1.194946497263673,339.30029000171913
41.35,258.5455579019597,-8.913273250348468,-3.3181099341560314,-3.636776408705259,0.0,0.0,0.0,0.0,10.182457277957889,286.46945387363724,98257.32747502251,1.1948931629609623,339.2985107957278
41.4,257.7674575366999,-9.720628980159672,-3.457259209338085,-0.6118388890461015,0.0,0.0,0.0,0.0,10.335260801577396,286.47451152601144,98266.44551909697,1.1949829486110757,339.30150596034525
41.45,257.3666501543025,-11.252676384023689,-4.90886205286967,0.39666826922245585,0.0,0.0,0.0,0.0,12.28319983446806,286.477116773997,98271.14258334364,1.1950292001232652,339.3030487896715
41.5,257.40350827304746,-11.313237428948616,-4.335494825311722,1.489822131403568,0.0,0.0,0.0,0.0,12.20677789129009,286.4768771962252,98270.71063522692,1.195024946791812,339.3029069118728
41.55,257.7164423717347,-10.963647477973662,-3.830436393648274,1.2089349777345497,0.0,0.0,0.0,0.0,11.676272211945621,286.4748431245837,98267.0433560406,1.1949888354737972,339.3017023335964
41.6,257.3285374193942,-10.328362423590944,-3.6141245085749336,2.0622496402302035,0.0,0.0,0.0,0.0,11.13507251414004,286.47736450677394,98271.58923619022,1.1950335982463538,339.3031954967964
41.65,257.0471220486907,-11.005021985087005,-4.490156504977383,0.4303420435830786,0.0,0.0,0.0,0.0,11.893578460913869,286.4791937066835,98274.88726546783,1.195066073324579,339.304278745354
41.7,256.7339431225149,-10.607710442677561,-4.5586479719694,-0.07123996423966078,0.0,0.0,0.0,0.0,11.545989230054571,286.4812293697036,98278.55765105279,1.195102214682016,339.3054842568902
41.75,256.1211618761893,-11.803550954537165,-5.109962801522642,-2.2533165544780784,0.0,0.0,0.0,0.0,13.058061512490486,286.48521244780477,98285.73962857327,1.1951729330531606,339.30784300749565
41.8,256.1475746854013,-12.219351507234817,-5.387506187305603,-2.2334630617705216,0.0,0.0,0.0,0.0,13.539798056984132,286.48504076454486,98285.43005386999,1.195169884801746,339.3077413382248
41.85,255.82869063297187,-10.152017241325973,-3.8708103376095755,-2.6911751435271554,0.0,0.0,0.0,0.0,11.19325914964285,286.48711351088565,98289.16762790435,1.1952066869933167,339.30896879779
41.9,255.90421258403,-10.62876468749636,-4.457837175988276,-1.1176401013635002,0.0,0.0,0.0,0.0,11.579813058334254,286.4866226182038,98288.28244033315,1.1951979709779725,339.3086780964754
41.95,255.17373997547477,-11.237196636866017,-0.4498590816502814,-0.7759884124538781,0.0,0.0,0.0,0.0,11.272937481650416,286.4913706901594,98296.84453005843,1.195282277122086,339.311489842673
42.0,255.41790504954744,-11.08265980935425,-2.3232912650207806,-6.306557257928386,0.0,0.0,0.0,0.0,12.961315334468454,286.4897836171779,98293.98253039936,1.1952540967558012,339.31055000137457
42.05,255.33683035215313,-12.676538337813865,-5.293132082060693,-4.285221080044683,0.0,0.0,0.0,0.0,14.390100457365271,286.49031060271096,98294.93284620567,1.1952634539536509,339.3108620747521
42.1,254.89530680030734,-11.430115856032534,-4.464873523064044,-3.7747929239626195,0.0,0.0,0.0,0.0,12.838680059806887,286.49318050579797,98300.10828824191,1.195314413169176,339.31256158572296
42.15,254.68053914973925,-12.711520122505947,-6.358911153063827,-5.925038407548616,0.0,0.0,0.0,0.0,15.398849794980123,286.49457649552664,98302.62582720815,1.1953392015553166,339.31338826556384
42.2,253.9722272720384,-9.670577435507251,-5.107823610214188,-2.3803328515942925,0.0,0.0,0.0,0.0,11.192672355321696,286.4991805227317,98310.92913647817,1.1954209573826968,339.31611467283744
42.25,254.5619198002863,-9.496735534234025,-2.8922102697127112,0.20066506708414142,0.0,0.0,0.0,0.0,9.929407460697883,286.49534752129813,98304.01632359023,1.1953528927161496,339.3138448522018
42.3,253.92747778064916,-9.581432043046958,-0.6714406575194302,2.8136674773743637,0.0,0.0,0.0,0.0,10.008566192284054,286.49947139442577,98311.45373925232,1.1954261226687377,339.3162869201505
42.35,254.35474636807,-11.537450654131,-3.412201625861877,0.4392949267901646,0.0,0.0,0.0,0.0,12.039471232772055,286.4966941486075,98306.44491926557,1.195376805163195,339.3146422975302
42.4,254.5364054026638,-13.793191880525196,-4.0962410857170815,-1.0937861337198564,0.0,0.0,0.0,0.0,14.430097067990246,286.49551336488264,98304.31541412321,1.195355837628447,339.3139430615037
42.45,253.81129645646106,-13.389537064528326,-3.3541815098467227,-1.895087946808541,0.0,0.0,0.0,0.0,13.932752589833585,286.500226573033,98312.81575514615,1.1954395331750995,339.31673411858833
42.5,253.6756954853207,-11.950415772056964,-4.104813953005541,-2.3343779340237782,0.0,0.0,0.0,0.0,12.849562445961883,286.5011079793454,98314.40545060068,1.1954551853860713,339.3172560652634
42.55,253.11954185308346,-9.983190190280519,-2.434984913055333,-0.6528646003525617,0.0,0.0,0.0,0.0,10.296575648656876,286.50472297795494,98320.92564305033,1.195519382982327,339.319396768223
42.6,253.09566478974784,-10.742512829532407,-3.072633009825012,-1.6444003450096345,0.0,0.0,0.0,0.0,11.293657866271781,286.5048781788666,98321.20557902234,1.195522139204387,339.31948867364093
42.65,252.3743258551089,-7.9125989665367396,-4.30666216103581,0.19021191021224124,0.0,0.0,0.0,0.0,9.010701523484311,286.5095668819418,98329.66289967365,1.1956054084481658,339.32226517404655
42.7,252.68673954558287,-7.571607588737621,-3.617100963061724,0.36849234204142856,0.0,0.0,0.0,0.0,8.399312320717355,286.5075361929537,98325.9999407083,1.195569343786461,339.3210626675897
42.75,252.40021904964448,-8.412633546852852,-3.6068565018995464,0.17760535796553936,0.0,0.0,0.0,0.0,9.154963718229968,286.50939857617726,98329.35930535645,1.195602419337214,339.3221655091343
42.8,252.21772582454693,-8.286959810424808,-2.5981843468632997,0.2449006604560043,0.0,0.0,0.0,0.0,8.688166730293176,286.5105847821404,98331.49903071304,1.1956234864810091,339.32286793907474
42.85,252.07875727631773,-9.999206590027736,-3.524106630112864,-1.1864525071982108,0.0,0.0,0.0,0.0,10.668229915140396,286.5114880777039,98333.12845635868,1.1956395292965518,339.32340283833486
42.9,251.97861242676404,-9.834214497391331,-3.5733774377198326,-1.0491358350543725,0.0,0.0,0.0,0.0,10.515773252286406,286.512139019226,98334.3026822673,1.1956510903264232,339.32378830205283
42.95,251.49986094755593,-9.135166843314229,-2.533920383668699,-0.9538822301664358,0.0,0.0,0.0,0.0,9.52795450634535,286.51525090384087,98339.91633193745,1.1957063600533795,339.3256310400476
43.0,251.38686926284626,-10.736990344297402,-4.169066377314781,-3.5422070481381804,0.0,0.0,0.0,0.0,12.050365425325161,286.5159853497915,98341.24126539729,1.1957194047254442,339.3260659491409
43.05,250.97660231648982,-10.440058631247686,-4.170897169225142,-5.1504733965163805,0.0,0.0,0.0,0.0,12.36602537715181,286.5186520849428,98346.05215159111,1.1957667701684316,339.32764507681355
43.1,250.8521518967094,-10.988884594076653,-4.912494493802258,-3.0906987993293575,0.0,0.0,0.0,0.0,12.427413481563597,286.51946101267134,98347.51152399949,1.195781138290762,339.3281240881195
43.15,250.3506764541404,-10.3431057442397,-5.871775009852803,-0.7152035486193987,0.0,0.0,0.0,0.0,11.915078443670188,286.52272060304807,98353.39227184905,1.1958390362639613,339.33005426685526
43.2,250.0746444296163,-10.63189721616723,-4.609330222676463,0.9460464829267986,0.0,0.0,0.0,0.0,11.62661461753512,286.5245148112075,98356.62939080993,1.195870906525827,339.33111670929907
43.25,250.30558877995273,-10.515574627951022,-3.2075169249095206,1.5752582786381517,0.0,0.0,0.0,0.0,11.106165549999979,286.5230136729303,98353.92102404023,1.1958442419777897,339.3302278087534
43.3,250.14120055250513,-10.799666937616848,-3.3474508921671404,1.2696859489198797,0.0,0.0,0.0,0.0,11.377624349916358,286.5240821964087,98355.84885722346,1.1958632219918355,339.3308605362483
43.35,249.90622655833806,-10.479203919197294,-3.7639402256645647,0.22095130576049044,0.0,0.0,0.0,0.0,11.136865819520905,286.52560952737076,98358.60452533583,1.195890352131003,339.3317649451116
43.4,250.34451378404341,-10.581968279005803,-3.757566433247549,-0.4338190691912096,0.0,0.0,0.0,0.0,11.23768468782372,286.5227606604037,98353.46454258055,1.1958397477899252,339.3300779869012
43.45,249.60486836831436,-10.572477901379784,-2.815017898206552,-0.6394643445340213,0.0,0.0,0.0,0.0,10.959494942300829,286.5275683556059,98362.13880860346,1.1959251476904387,339.3329248615102
43.5,249.49100260958076,-10.044151684497923,-4.083916969515864,-0.6425141093234277,0.0,0.0,0.0,0.0,10.861684273434843,286.5283084830377,98363.4742357656,1.1959382951132191,339.3333631255234
43.55,249.08108900950944,-12.567868225380511,-3.248596296817236,-2.297446929433419,0.0,0.0,0.0,0.0,13.18267620871372,286.53097292143815,98368.2818583825,1.1959856263892203,339.33494085923184
43.6,249.10152592884106,-10.070170182495293,-3.8619276371654876,-0.36688333271346923,0.0,0.0,0.0,0.0,10.791543724553167,286.5308400814625,98368.04216191258,1.195983266576365,339.3348621988866
43.65,248.62075659873437,-4.029605122273533,-6.2567585214094406,3.520067002147362,0.0,0.0,0.0,0.0,8.232594751127342,286.5339650821082,98373.6810388013,1.196038781055563,339.3367126432783
43.7,248.4295120673609,-9.47362581404773,-0.9730709867490955,0.32313462478945293,0.0,0.0,0.0,0.0,9.528949007922238,286.53520817156215,98375.92419219007,1.1960608646274193,339.33744872605155
43.75,248.46824740910463,-9.95814626447578,-3.783849947098637,-0.6704161764901606,0.0,0.0,0.0,0.0,10.673877238218124,286.5349563918408,98375.46985264815,1.1960563917177132,339.33729963738006
43.8,248.07863127633865,-11.526363235571495,-3.6816603822011893,-2.1488606285294285,0.0,0.0,0.0,0.0,12.289396836665658,286.5374888967038,98380.03986560412,1.196101382681671,339.33879923008857
43.85,247.52433430267055,-11.161014309042477,-4.490489772911506,-3.276792658849894,0.0,0.0,0.0,0.0,12.468765333278444,286.54109182703263,98386.54180318503,1.1961653924143199,339.34093265111653
43.9,247.1124416023946,-10.359970693399744,-4.23146472371122,-4.0879969407530465,0.0,0.0,0.0,0.0,11.914109511991246,286.5437691295844,98391.37355522858,1.1962129591224604,339.3425179668856
43.95,246.99884469296276,-10.706350779352938,-5.170738930504789,-2.3930216740746144,0.0,0.0,0.0,0.0,12.128027079066898,286.5445075094957,98392.70614991106,1.1962260779174576,339.3429551837507
44.0,246.8209705889189,-10.90229451355808,-5.312883792565263,-0.18548052633307988,0.0,0.0,0.0,0.0,12.12935129672276,286.545663691172,98394.79280368878,1.19624662001702,339.34363979242534
44.05,246.56134986001078,-10.91509861589127,-4.857286128524521,-0.03731091970815037,0.0,0.0,0.0,0.0,11.947133481874125,286.5473512259099,98397.83849726123,1.1962766032518144,339.34463902816617
44.1,246.63965882902733,-11.08456936854717,-4.771483100015509,0.7517143598540312,0.0,0.0,0.0,0.0,12.091311076085942,286.5468422176113,98396.91982173017,1.1962675593979768,339.3443376306601
44.15,246.35022221844417,-11.25281867371828,-5.242741508144701,0.21858010557373198,0.0,0.0,0.0,0.0,12.416120323489091,286.54872355558007,98400.31535924177,1.1963009865116656,339.34545162014615
44.2,246.07922498085864,-10.935329307841002,-4.131464476596209,0.5513274259375083,0.0,0.0,0.0,0.0,11.702751288602764,286.5504850376244,98403.49466049629,1.196332284704839,339.34649463648526
44.25,245.91657638041545,-9.909288061450711,-4.567737052784611,-1.0804659186318883,0.0,0.0,0.0,0.0,10.964744332154584,286.55154225352726,98405.40287080976,1.1963510697259763,339.3471206381822
44.3,245.45500672427895,-11.061191408648043,-4.548661084934283,-2.9897561076355514,0.0,0.0,0.0,0.0,12.327972851506807,286.55454245629215,98410.81821723573,1.1964043797181494,339.34889712051535
44.35,244.86251084772144,-10.53916642292628,-3.1598108846768107,-3.565099239058221,0.0,0.0,0.0,0.0,11.565827523415361,286.55839367948977,98417.7700036839,1.1964728139828391,339.3511774960808
44.4,244.97139927869964,-9.833777038221669,-4.356974318639984,-4.798096212563164,0.0,0.0,0.0,0.0,11.777441288996394,286.5576859046884,98416.49237995864,1.196460236962344,339.3507584115838
44.45,245.17038707263416,-8.596267825661004,-4.453972964827768,-2.984907477755048,0.0,0.0,0.0,0.0,10.131306349759107,286.55639248402787,98414.15762551108,1.1964372533901928,339.34999255570386
44.5,244.9373177259448,-10.18087247765396,-4.469860882312355,-2.118256073820239,0.0,0.0,0.0,0.0,11.31887050494679,286.5579074347813,98416.89226856735,1.1964641734981138,339.35088958306204
44.55,244.2166355163793,-9.75092969908671,-4.6887760458347865,0.37086139649580135,0.0,0.0,0.0,0.0,10.826023692008812,286.5625918691435,98425.34854717761,1.1965474170753179,339.3536632990024
44.6,244.77822497155327,-8.531041474682665,-3.459406214554333,2.0908639319680464,0.0,0.0,0.0,0.0,9.440226267524407,286.55894153768486,98418.75896677416,1.1964825493858053,339.3515018911061
44.65,243.78499304180437,-11.139731238876168,-5.183474926164386,-0.26974164068820716,0.0,0.0,0.0,0.0,12.289621024966133,286.5653975452282,98430.41359804373,1.1965972767667994,339.355324566303
44.7,244.22620707563559,-10.928646298441702,-4.2111653508690425,0.41027319440465637,0.0,0.0,0.0,0.0,11.719110359700966,286.56252965400836,98425.23623338816,1.1965463114676824,339.3536264607413
44.75,244.4171267337006,-11.724661049779584,-4.795005974724077,-0.41073458905001603,0.0,0.0,0.0,0.0,12.67392843330355,286.5612886762309,98422.99598159482,1.1965242585645368,339.3528916634083
44.8,244.0827545556252,-10.072221108191068,-3.1981236439637173,-0.0726482737840449,0.0,0.0,0.0,0.0,10.568013562919631,286.5634620953884,98426.91953282003,1.1965628817026321,339.3541785690486
44.85,243.23427710016293,-10.064950320385186,-3.9792729933052438,-1.6356537458198854,0.0,0.0,0.0,0.0,10.945921691812204,286.5689771988489,98436.87620700117,1.1966608931267098,339.35744410120344
44.9,242.95934923133683,-11.213390327806692,-3.2304357355483813,-3.3496153701402926,0.0,0.0,0.0,0.0,12.140665583613478,286.5707642299963,98440.10259283904,1.196692652591367,339.3585022083705
44.95,242.76430488278197,-7.828182470940886,0.1339102406316512,-0.049246256462008864,0.0,0.0,0.0,0.0,7.8294826102794115,286.5720320182619,98442.39156631238,1.196715184361686,339.3592528680762
45.0,242.30543876766072,-8.30679571913963,-0.25671593730809716,-2.596620346518132,0.0,0.0,0.0,0.0,8.706962467814847,286.5750146480102,98447.77683137695,1.196768194436773,339.36101888195094
45.05,241.99752316481218,-7.614217684551162,-1.0998693309653869,-1.5812064083113986,0.0,0.0,0.0,0.0,7.85405864496917,286.5770160994287,98451.39067091423,1.1968037671034948,339.3622039353785
45.1,241.85453851037644,-8.286408651656226,-3.6152538331160198,-1.1774098806718125,0.0,0.0,0.0,0.0,9.11706765617141,286.5779454996825,98453.06884129008,1.1968202860135364,339.3627542290954
45.15,241.82848875085742,-11.237291873843068,-5.354543381868815,-3.322436919003622,0.0,0.0,0.0,0.0,12.883572896018125,286.5781148231194,98453.374582431,1.196823295541528,339.362854484646
45.2,241.3918536415403,-10.841462408887182,-4.298365291644233,-1.8334439559155105,0.0,0.0,0.0,0.0,11.80570913089124,286.58095295132995,98458.49940124688,1.1968737408453696,339.36453492159575
45.25,241.51462728818782,-13.414298147976849,-5.156651640691238,-6.670194636318944,0.0,0.0,0.0,0.0,15.843798390305173,286.5801549226268,98457.05837597806,1.1968595564026798,339.3640624149175
45.3,241.36113929955775,-10.748769474944682,-3.5821731166391366,-5.336596592238574,0.0,0.0,0.0,0.0,12.523868118571317,286.58115259455286,98458.85990589924,1.1968772893943025,339.36465312871485
45.35,240.46539024578453,-11.11708121970143,-5.160131737940573,-0.390411142005841,0.0,0.0,0.0,0.0,12.262498736315619,286.5869749634024,98469.3740865817,1.196980782351723,339.3681004875716
45.4,240.92695951466536,-11.762700079911417,-4.005708895498511,0.9282637460617693,0.0,0.0,0.0,0.0,12.46067777079869,286.58397476315463,98463.95613568684,1.196927452756447,339.3663241072528
45.45,240.6586402019334,-12.099370542579887,-2.6839197301570255,1.3929676176239911,0.0,0.0,0.0,0.0,12.471509588992229,286.5857188386874,98467.10566794434,1.1969584540800031,339.36735675327304
45.5,240.47153512639494,-11.508295619993612,-3.829663982542448,0.36823641440975075,0.0,0.0,0.0,0.0,12.134364109966555,286.5869350216784,98469.30195571111,1.19698007236185,339.36807683864714
45.55,240.45398638382753,-11.027562229808296,-3.450470188596932,-0.2932146176886966,0.0,0.0,0.0,0.0,11.55849679096365,286.5870490885051,98469.50794942463,1.196982099974028,339.3681443759823
45.6,239.87267053833128,-11.891080948420054,-4.88817746132597,-3.9053663456718204,0.0,0.0,0.0,0.0,13.436665185573379,286.5908276415008,98476.3318497934,1.1970492677010722,339.37038159552156
45.65,239.29804765577504,-11.250690204311821,-3.505540040466011,-3.5441996081670135,0.0,0.0,0.0,0.0,12.305616275150124,286.59456269023747,98483.07755971313,1.1971156649282795,339.37259304240484
45.7,239.41987750113086,-11.662910800320624,-3.174116608263415,-5.712662483604092,0.0,0.0,0.0,0.0,13.369106822471977,286.5937707962426,98481.6473229772,1.1971015873490418,339.37212417917596
45.75,239.31095668721574,-11.641535384995654,-2.5070447362765815,-4.368366056197036,0.0,0.0,0.0,0.0,12.684369965856895,286.5944787815331,98482.92601172428,1.197114173268799,339.3725433619148
45.8,239.0213031375657,-11.61665469851148,-4.468541057822738,-4.759149819674714,0.0,0.0,0.0,0.0,13.325315477541471,286.5963615296058,98486.32649915974,1.1971476435473594,339.3736580937046
45.85,238.9963763602241,-11.368293728717305,-4.529870655323363,-1.8302665207472404,0.0,0.0,0.0,0.0,12.373669867639151,286.5965235536585,98486.61914007562,1.19715052393972,339.373754024245
45.9,238.3698604490506,-11.071131189188533,-6.490752957484678,-1.1544883579157794,0.0,0.0,0.0,0.0,12.885366239726453,286.60059590708113,98493.97468195015,1.1972229221894493,339.3761651577475
45.95,238.70210828291988,-11.449887584079232,-1.9315527890856512,3.500804903834762,0.0,0.0,0.0,0.0,12.127920548873572,286.598436296161,98490.07390701585,1.1971845282355746,339.3748865109766
46.0,238.35862605504553,-13.8067394113661,0.6140428558983313,6.220194178012642,0.0,0.0,0.0,0.0,15.155656284517411,286.6006689306422,98494.10658219008,1.1972242204320005,339.37620839292373
46.05,237.92059909275304,-13.395856218953135,-5.1691120379896285,-1.0298479253338841,0.0,0.0,0.0,0.0,14.395460042995124,286.6035161058971,98499.24945986512,1.1972748395106534,339.3778941202224
46.1,237.68587875732302,-13.255519713487175,-3.4334236541210545,0.7143592885793825,0.0,0.0,0.0,0.0,13.711583061649181,286.60504178807736,98502.00540246729,1.1973019648322971,339.37879742755683
46.15,237.21313769834182,-12.874838250322298,-3.6962419203525396,-1.2124287732113694,0.0,0.0,0.0,0.0,13.449670919239786,286.60811460496075,98507.55622832695,1.1973565983100796,339.38061673627675
46.2,236.9390349733706,-10.736885188562308,-3.4297792170552523,-0.666822337464115,0.0,0.0,0.0,0.0,11.29109122538003,286.60989627267304,98510.77480074644,1.197388276535995,339.3816715957111
46.25,236.54933828343732,-10.840437111434433,-4.424482601588978,-2.3927593416128277,0.0,0.0,0.0,0.0,11.95058242620852,286.61242930115765,98515.3508486474,1.1974333151336023,339.38317130237357
46.3,236.44457931487932,-9.877461195394298,-4.165724796217573,-2.049881679333002,0.0,0.0,0.0,0.0,10.914188822061272,286.61311023445325,98516.58101946936,1.1974454227118427,339.383574455099
46.35,236.25677341055564,-9.623726149151535,-3.319345571697336,-1.0521713823093406,0.0,0.0,0.0,0.0,10.234316031663303,286.61433097283134,98518.78643069929,1.1974671287220635,339.38429720311416
46.4,236.5864122977,-11.387060566806031,-4.313046019601996,-1.1409421267037976,0.0,0.0,0.0,0.0,12.229851317812532,286.61218832006494,98514.91549634238,1.1974290303054478,339.3830286272201
46.45,235.6904654359072,-9.120711883718444,-3.545657818915216,1.1004462917013724,0.0,0.0,0.0,0.0,9.847337542481052,286.61801197466656,98525.43684685574,1.1975325826223253,339.38647656065973
46.5,236.24135622166727,-9.418380785966924,-2.810195784628579,0.408199348430346,0.0,0.0,0.0,0.0,9.83716034663836,286.6144311845591,98518.96747705722,1.1974689106051821,339.3843565342085
46.55,235.71763645330196,-8.49114206474651,-1.7922073881164913,1.4281763551855344,0.0,0.0,0.0,0.0,8.794952449401759,286.61783536305353,98525.11775674474,1.1975294421324483,339.38637199709467
46.6,235.60482492783086,-10.286052819156422,-3.9332571230792164,-1.718583795885582,0.0,0.0,0.0,0.0,11.145713277229488,286.6185686379691,98526.44259454685,1.1975424811942144,339.3868061350362
46.65,234.98752273364212,-9.998981836890861,-2.6911505269762057,-4.34410780855051,0.0,0.0,0.0,0.0,11.229122921476423,286.6225811022313,98533.69233338971,1.1976138325776162,339.389181718501
46.7,235.3486828624197,-7.397071013003044,-2.557948038718145,-4.979221342712906,0.0,0.0,0.0,0.0,9.27644344131519,286.62023356139423,98529.45073340254,1.1975720871914037,339.3877918566275
46.75,234.74776646623204,-6.752291094654124,-3.3781972334143893,3.828895426198711,0.0,0.0,0.0,0.0,8.465582777314237,286.62413951796947,98536.50820255849,1.1976415458804686,339.3901043756084
46.8,234.72526255690778,-9.887318020443026,-2.8261145269915127,2.6015824950143496,0.0,0.0,0.0,0.0,10.60727167727003,286.62428579338007,98536.77250791797,1.1976441471208858,339.3901909775615
46.85,234.61040835315532,-11.354085173254287,-3.5350293791325216,0.9904096583421095,0.0,0.0,0.0,0.0,11.932836801204491,286.6250323457045,98538.12146388784,1.1976574232547157,339.39063297146
46.9,233.97051296430791,-11.785944326493324,-4.5258198225583115,0.49513227229916423,0.0,0.0,0.0,0.0,12.634741180591474,286.629191665732,98545.63727190004,1.1977313915837906,339.3930954729452
46.95,233.61976527733574,-13.59492383445171,-4.5032668658758075,-0.057048583240217166,0.0,0.0,0.0,0.0,14.321474123521217,286.6314715256973,98549.75713015601,1.1977719375380964,339.39444524333624
47.0,233.57002620866606,-12.966208689723638,-4.075113414688573,-0.9593905647227264,0.0,0.0,0.0,0.0,13.625327422991292,286.63179482964364,98550.3413731335,1.197777687391618,339.39463665206745
47.05,232.93111197978592,-12.57363706192025,-3.5917911273803416,-2.0708535515803317,0.0,0.0,0.0,0.0,13.239552367799885,286.6359477721314,98557.84641024946,1.197851547974967,339.3970953487764
47.1,232.66676979696618,-10.701763732340392,-2.7897356566512816,-1.3453698952045918,0.0,0.0,0.0,0.0,11.140933182267567,286.6376659963197,98560.95165392387,1.1978821078185449,339.3981125963151
47.15,232.66544894835118,-10.623916951089734,-2.4194395789468595,-1.8558040413690282,0.0,0.0,0.0,0.0,11.052841621039722,286.6376745818357,98560.9671702117,1.1978822605195727,339.39811767922686
47.2,232.31586491262385,-9.674188489024909,-1.9995228560587954,-0.046823315586135505,0.0,0.0,0.0,0.0,9.878775581820149,286.6399468780679,98565.07387729225,1.1979226758498354,339.3994629516805
47.25,232.31122897802504,-9.64718100409642,-2.791163737173778,-0.999234762316785,0.0,0.0,0.0,0.0,10.092431146346009,286.6399770116428,98565.12833844878,1.1979232118161816,339.3994807916902
47.3,232.42706075631276,-9.574800676820301,-1.9279813251025704,0.31813839445740305,0.0,0.0,0.0,0.0,9.772161072598562,286.63922410508394,98563.76759907302,1.197909820410693,339.3990350474057
47.35,231.96544903963175,-11.584605026587845,-2.9909753304278386,-3.311524555465164,0.0,0.0,0.0,0.0,12.414314396321732,286.6422245812424,98569.190495357,1.197963188395512,339.40081141986667
47.4,232.1160269423255,-10.13082657120145,-1.9058929072181674,-5.026312011265338,0.0,0.0,0.0,0.0,11.468648012042921,286.6412458248749,98567.4215181512,1.1979457795403925,339.4002319675732
47.45,231.55327423540214,-9.917485198297316,-2.362940079403433,-1.032934994459536,0.0,0.0,0.0,0.0,10.24729004079013,286.64490371746984,98574.0328236166,1.198010842403125,339.40239754153123
47.5,231.48906126727923,-12.960832994899953,-3.7260835540323756,-0.5991008611816611,0.0,0.0,0.0,0.0,13.499104133800376,286.64532110176265,98574.78723027816,1.198018266581059,339.40264464374076
47.55,231.09164269673917,-11.472233505018249,-2.276512127922798,2.7182861967846796,0.0,0.0,0.0,0.0,12.007652930938377,286.64790432247116,98579.45641010963,1.1980642161228718,339.4041739726715
47.6,231.29615741291403,-11.455762249979392,-4.460551102217404,-0.3415287346404797,0.0,0.0,0.0,0.0,12.298278202257865,286.64657497681605,98577.05359114887,1.1980405699595595,339.403386968859
47.65,230.34789861977168,-11.21702435258383,-4.969311077713646,-0.3104561762287897,0.0,0.0,0.0,0.0,12.272410967324426,286.6527386589715,98588.19497023248,1.198150211448186,339.4070359979016
47.7,230.1397876107543,-13.26308688699633,-5.787732616284144,-2.8398919666188,0.0,0.0,0.0,0.0,14.746942360763443,286.6540913805301,98590.64026579839,1.1981742751057427,339.40783683217103
47.75,229.99066912184418,-12.170467790636215,-4.305614624896655,-1.4291194819411306,0.0,0.0,0.0,0.0,12.988494371354257,286.655060650708,98592.39243194688,1.1981915177474909,339.40841065551103
47.8,229.7909909983471,-11.244547112619616,-4.3600496413544345,-0.9977877295778441,0.0,0.0,0.0,0.0,12.101464911170597,286.6563585585107,98594.73872139493,1.1982146069211057,339.4091790360253
47.85,229.64065337630723,-9.76886075849176,-3.297178518029313,-0.8983197707774401,0.0,0.0,0.0,0.0,10.349348052371406,286.657335753054,98596.505272119,1.198231990980238,339.4097575484238
47.9,229.18650250987773,-8.811271850145276,-3.753484227904215,-1.9126315527220572,0.0,0.0,0.0,0.0,9.766540581124733,286.6602877336858,98601.84195319784,1.1982845071873107,339.41150515493183
47.95,229.38589433677998,-9.801103327882885,-3.1821429839406834,-2.7996802622882853,0.0,0.0,0.0,0.0,10.678289656360072,286.6589916868109,98599.49889112539,1.1982614500895077,339.4107378813739
48.0,229.08721954577354,-9.327950137028983,-3.0661465879647984,-6.50616146200502,0.0,0.0,0.0,0.0,11.778881340240527,286.66093307295245,98603.00864846197,1.1982959881105166,339.41188720200626
48.05,228.7174737067267,-9.541014936544773,-4.246765351365837,-2.7399558785604365,0.0,0.0,0.0,0.0,10.796913456418448,286.66333642090626,98607.35370892678,1.1983387456683696,339.41331000340807
48.1,228.50753051487024,-9.075906479283365,-4.005676276536627,-1.0882670696578012,0.0,0.0,0.0,0.0,9.980072448034015,286.6647010516533,98609.82092094638,1.1983630241032068,339.4141178731785
48.15,228.40893495181047,-10.445111485141329,-4.943900657730104,-2.0606745703290903,0.0,0.0,0.0,0.0,11.738351133585008,286.6653419228132,98610.97961429357,1.198374426107696,339.4144972721715
48.2,228.4288699455808,-9.783923594321147,-3.918934392781152,-1.9910368875292448,0.0,0.0,0.0,0.0,10.726016761218451,286.6652123453537,98610.7453377034,1.1983721207347022,339.4144205616893
48.25,227.74466562146955,-9.70200030796417,-4.748609467468639,-3.004552500355166,0.0,0.0,0.0,0.0,11.211843629736373,286.66965967346044,98618.78638329588,1.1984512471627005,339.41705339150764
48.3,228.10211656909348,-7.68720776666185,-2.651859449149735,-2.0915737577949907,0.0,0.0,0.0,0.0,8.396439874742608,286.66733624230085,98614.58540914042,1.1984099084034758,339.41567791675953
48.35,226.86680020405387,-8.699332035295582,-3.270361337624171,-5.0270259276048135,0.0,0.0,0.0,0.0,10.566202289174571,286.6753657986736,98629.10418990448,1.1985527758400771,339.4204314025792
48.4,227.1757390930367,-10.73235235182697,-4.627005816987809,-4.067525232013955,0.0,0.0,0.0,0.0,12.374866922406683,286.6733576958952,98625.47304195458,1.1985170450607665,339.4192426148662
48.45,226.85209491280912,-9.717676793824419,-4.277235095903368,-3.8056791253899522,0.0,0.0,0.0,0.0,11.278793195208872,286.6754613830667,98629.2770328967,1.1985544766223741,339.4204879880014
48.5,226.54977778411288,-11.34268427810185,-4.613694929430308,-4.085966549286428,0.0,0.0,0.0,0.0,12.908826057253908,286.67742644440324,98632.83046108288,1.1985894423791799,339.42165129115193
48.55,226.60255562221516,-10.892077897952866,-4.732087441712773,-4.301422514054451,0.0,0.0,0.0,0.0,12.630607591699759,286.67708338845557,98632.21010418702,1.1985833380804989,339.42144820461573
48.6,226.06567001502154,-10.261118706810716,-4.197281232212199,-1.9863515791239035,0.0,0.0,0.0,0.0,11.262917892510343,286.6805731449023,98638.52086795197,1.198645435521119,339.4235141084688
48.65,225.987039370592,-9.880972527413386,-3.5322300664981974,1.0108044851077214,0.0,0.0,0.0,0.0,10.541916004089856,286.68108424409115,98639.44515080056,1.1986545303313425,339.42381667345165
48.7,226.11986594089126,-12.65156589586662,-5.654763437878668,0.02537921275618682,0.0,0.0,0.0,0.0,13.857817766887571,286.68022087138417,98637.88381297063,1.1986391669823369,339.4233055663432
48.75,225.48795919920428,-11.624318519690865,-4.623794646792342,0.33304401687097424,0.0,0.0,0.0,0.0,12.514598527324281,286.6843282652051,98645.31187240408,1.1987122576496103,339.42573709124946
48.8,225.86053959423307,-10.820599738172474,-3.699957879984345,1.8518360375266294,0.0,0.0,0.0,0.0,11.584660707905034,286.68190649263744,98640.93213760664,1.1986691620335075,339.4243034347956
48.85,225.53698797927558,-11.252555716254747,-4.833126317228804,-0.10799944153423995,0.0,0.0,0.0,0.0,12.247072467536016,286.6840095781347,98644.73552322114,1.1987065865226647,339.42554843318
48.9,224.98781271767254,-9.714004195577834,-5.51197108885203,0.025770814798351027,0.0,0.0,0.0,0.0,11.168901778193762,286.6875792173351,98651.19141200297,1.1987701104389363,339.42766160121727
48.95,224.41206733777742,-10.567486796309973,-6.160063371658632,-1.1147344965410384,0.0,0.0,0.0,0.0,12.282540084641065,286.69132156230444,98657.96001601328,1.1988367105254327,339.4298769941198
49.0,224.94094720982662,-9.792752694600628,-4.732862900353461,1.3712944217376088,0.0,0.0,0.0,0.0,10.96259298534059,286.6878838431361,98651.7423603583,1.1987755315609379,339.4278419341011
49.05,224.80697151475815,-12.88354873132865,-4.380056954430508,0.8394941147479925,0.0,0.0,0.0,0.0,13.633615705500565,286.68875468515404,98653.31738506794,1.1987910291725,339.4283574560659
49.1,224.4767102198336,-11.568662179662105,-2.4231235733025507,1.9682092306397396,0.0,0.0,0.0,0.0,11.98245884842566,286.69090138357103,98657.20003968447,1.1988292327359358,339.4296282574868
49.15,224.21934509535632,-12.25895015505527,-3.264685760093539,0.35296935484115,0.0,0.0,0.0,0.0,12.691123645357182,286.69257425688016,98660.22579000492,1.198859004550763,339.4306185608665
49.2,223.99636261236228,-12.053911975042768,-4.2677665829854305,-0.6276321414442744,0.0,0.0,0.0,0.0,12.802521142880433,286.69402364301965,98662.84737658061,1.198884799463369,339.4314765625314
49.25,223.5242787047662,-13.257810443863068,-4.761290885434911,-2.5118910536772203,0.0,0.0,0.0,0.0,14.309053963371369,286.697092188419,98668.39781408952,1.198939412163817,339.4332930603006
49.3,223.61155910911896,-11.71079155222851,-3.7028062365110963,-2.2711916660981935,0.0,0.0,0.0,0.0,12.490465339171555,286.6965248657907,98667.37161214516,1.1989293150471791,339.43295722103255
49.35,223.0749133140726,-9.22503603419382,-3.3524269914374303,-1.4010559968640979,0.0,0.0,0.0,0.0,9.914787666482905,286.7000130634585,98673.68137779942,1.1989913984563711,339.4350221320895
49.4,222.2700883769156,-8.655215873751859,-3.1429152960371782,-1.777297896312106,0.0,0.0,0.0,0.0,9.378137671816619,286.70524442555,98683.14494848819,1.1990845115495175,339.4381189219852
49.45,222.6708219136599,-7.285873690063778,-2.8692224081071607,-1.1054165622419116,0.0,0.0,0.0,0.0,7.908118513959344,286.7026396575612,98678.43281307835,1.199038148553142,339.4365769907305
49.5,222.72815394251845,-8.972510873060516,-3.8468887956241344,-1.5476763613391302,0.0,0.0,0.0,0.0,9.884321266153565,286.7022669993736,98677.75867356072,1.199031515617628,339.43635638958636
49.55,222.4764120433897,-8.756839921488574,-3.9446435271101636,-0.4523133253974734,0.0,0.0,0.0,0.0,9.614938653516218,286.7039033217179,98680.71881220522,1.1990606406947935,339.4373250364473
49.6,221.97764570296027,-9.217522339423065,-3.7856439756498355,0.39998961954040274,0.0,0.0,0.0,0.0,9.972653111578545,286.7071453029307,98686.58383103018,1.1991183466650592,339.43924417027677
49.65,221.52459204381813,-9.217552064997466,-3.3263958544181045,0.13254925495260658,0.0,0.0,0.0,0.0,9.80029309542411,286.7100901517152,98691.91155674473,1.1991707656382515,339.44098740321533
49.7,221.34546527852126,-8.474522845886938,-2.847244300025955,-0.61476748968705,0.0,0.0,0.0,0.0,8.961153755843387,286.7112544756896,98694.01807847906,1.1991914913514268,339.44167663406535
49.75,221.10169592070935,-11.317893681975887,-4.047986185188224,-3.2144347891870533,0.0,0.0,0.0,0.0,12.442407346085421,286.71283897651534,98696.88485233075,1.1992196969221536,339.4426145897009
49.8,221.04117500565133,-12.294636025656402,-3.490384475881772,-3.0777369173326083,0.0,0.0,0.0,0.0,13.145848140198362,286.71323236246326,98697.59660021121,1.19922669963216,339.44284745668614
49.85,220.8974810732276,-11.580400108095892,-4.713865229697081,-4.27857454942173,0.0,0.0,0.0,0.0,13.214854983778439,286.714166373024,98699.28650954783,1.199243326190458,339.4434003487579
49.9,220.72310406745322,-11.454313546847667,-5.679657418154645,-4.773358015232881,0.0,0.0,0.0,0.0,13.64715186252007,286.7152998235615,98701.3372979628,1.199263503267099,339.44407129907967
49.95,219.94924812623003,-12.456236143093806,-5.625209886109068,-5.306482301894131,0.0,0.0,0.0,0.0,14.661499225372939,286.7203298871795,98710.4387697514,1.1993530488870294,339.4470488482126
50.0,219.6842307536109,-10.825312700406384,-5.373885634782927,-0.033388294183455736,0.0,0.0,0.0,0.0,12.085824616280616,286.7220525001015,98713.55584736058,1.1993837161644272,339.4480685439465
50.05,219.9608716805935,-11.756296151965845,-4.205812967324622,0.6095437194167262,0.0,0.0,0.0,0.0,12.500836191020314,286.7202543340761,98710.30205781752,1.1993517038464265,339.44700412470155
50.1,219.6043906315934,-13.077323949170509,-0.44793127068325306,4.237645349503621,0.0,0.0,0.0,0.0,13.754078747883266,286.72257146089464,98714.49492540851,1.1993929552203735,339.44837574068566
50.15,219.47025401729508,-11.435260273751203,-2.4628962664663456,0.7498135431958501,0.0,0.0,0.0,0.0,11.721486932013626,286.72344334888754,98716.07265408666,1.1994084775597604,339.4488918506252
50.2,219.20138987009696,-10.98290777295367,-2.668716559271304,-2.648208903470046,0.0,0.0,0.0,0.0,11.608588269869555,286.7251909658443,98719.23512336974,1.199439591082608,339.4499263417859
50.25,218.6405402533466,-9.994076194106706,-1.1601746710337724,-1.8922748692108258,0.0,0.0,0.0,0.0,10.237590948146226,286.72883648835324,98725.83228665084,1.1995044957636296,339.452084276374
50.3,218.25770714728623,-9.049887429580368,-3.1034509779516686,-2.4776761606615363,0.0,0.0,0.0,0.0,9.882851289872596,286.7313249035426,98730.33568187682,1.199548800912942,339.45355726370974
50.35,218.5257849942285,-10.048903492422623,-2.6766792683689697,-2.085145051600247,0.0,0.0,0.0,0.0,10.606267165782352,286.7295823975375,98727.18217409472,1.1995177762205924,339.4525258089832
50.4,218.23729123767282,-11.02602307486654,-5.530756537093245,-3.4614636658918094,0.0,0.0,0.0,0.0,12.81187665529052,286.73145760695513,98730.57584579413,1.1995511636746026,339.4536358157135
50.45,217.80587125247322,-9.148738507237683,-5.596908271651621,-0.778388407208507,0.0,0.0,0.0,0.0,10.753171020102513,286.7342618368589,98735.65099424183,1.1996010933430346,339.4552957377134
50.5,217.49277968568714,-5.256310916586351,-4.114755695695036,1.0553418476013259,0.0,0.0,0.0,0.0,6.758236848644635,286.736296932043,98739.33428037223,1.1996373294660199,339.4565003768231
50.55,217.49280092253636,-6.731787802794176,-5.03455705180554,0.7686101767401943,0.0,0.0,0.0,0.0,8.441237665977775,286.73629679400347,98739.33403053296,1.1996373270081129,339.4565002951132
50.6,216.9467626559812,-9.916405753233539,-4.769543631475329,-0.19807063280027803,0.0,0.0,0.0,0.0,11.005584104939091,286.7398460427361,98745.75802509634,1.1997005255710724,339.4586012007861
50.65,216.44660988128646,-10.197634142362675,-4.741865397118111,-1.7985729764676786,0.0,0.0,0.0,0.0,11.389112972376155,286.7430970357716,98751.64248604602,1.1997584155743029,339.4605255486498
50.7,217.11526453100797,-11.821427183361891,-4.950338546690794,-2.7698030186981817,0.0,0.0,0.0,0.0,13.11197167251248,286.7387507805484,98743.77560937779,1.1996810228633326,339.457952883975
50.75,216.64127848438633,-11.371121573505407,-4.665417327462822,-2.724915765275292,0.0,0.0,0.0,0.0,12.589427731500598,286.74183168985144,98749.35211252156,1.1997358834727585,339.45977655857934
50.8,216.3835587219345,-8.959725454125582,-2.9155500096765383,-3.4649096666178645,0.0,0.0,0.0,0.0,10.039059272165527,286.7435068683074,98752.38432370793,1.1997657135597726,339.46076813847975
50.85,216.41337733212333,-8.415207735248607,-4.858456876014205,-2.997434079520995,0.0,0.0,0.0,0.0,10.16882173629529,286.7433130473412,98752.03348791442,1.1997622621394817,339.46065341116486
50.9,215.85842324318938,-11.103495703784418,-5.102651754975334,1.028293012422214,0.0,0.0,0.0,0.0,12.263036259259296,286.74692024891925,98758.5630574989,1.1998264977597817,339.4627885946163
50.95,216.31984801699747,-11.343683865076605,-4.60135780247084,1.4918322659448826,0.0,0.0,0.0,0.0,12.331959323922245,286.7439209878895,98753.13392593364,1.199773087920192,339.46101326574035
51.0,216.12958249363922,-11.663242626704426,-4.928568120766577,-0.10459138669662288,0.0,0.0,0.0,0.0,12.662264870416463,286.74515771379134,98755.37256396527,1.1997951109019895,339.4617453122536
51.05,215.45278154844758,-10.175883240506447,-4.0586338944213995,0.7376011388105739,0.0,0.0,0.0,0.0,10.980216949283873,286.74955691993506,98763.33604405192,1.1998734522197858,339.46434929078237
51.1,215.4219184587252,-10.202628591426695,-4.4159092858324405,-0.35413484617805,0.0,0.0,0.0,0.0,11.122917624642206,286.74975753001826,98763.69920251376,1.1998770247890609,339.46446803544615
51.15,215.3534223664792,-9.816819346713173,-3.6266699991318814,-0.6053866158659017,0.0,0.0,0.0,0.0,10.482803552641576,286.7502027546179,98764.50518321579,1.199884953610643,339.4647315716292
51.2,214.42776395463773,-10.563482911903831,-3.3782390644250935,-4.095861459201716,0.0,0.0,0.0,0.0,11.822679539743348,286.7562195342948,98775.39775489386,1.1999921078936862,339.46829298808905
51.25,214.32948855725695,-11.48678194831508,-3.0650255442373524,-3.280746015869118,0.0,0.0,0.0,0.0,12.333038374042538,286.7568583243778,98776.5542556809,1.2000034846904815,339.46867109472373
51.3,214.0415872287839,-11.30976866604676,-4.343833160806054,-4.48707225720497,0.0,0.0,0.0,0.0,12.91950352179951,286.75872968301286,98779.94232964462,1.2000368139028261,339.4697787693514
51.35,214.0839310390501,-11.594705095544182,-4.8477860279965945,-4.446614690055039,0.0,0.0,0.0,0.0,13.330813847162164,286.75845444824614,98779.44401426308,1.2000319118808744,339.46961585555295
51.4,213.9630147514763,-12.079019782885613,-5.976904347230851,-4.276001594904612,0.0,0.0,0.0,0.0,14.138963686597256,286.75924040411536,98780.86700085692,1.2000459100546548,339.47008106930696
51.45,213.55362761292335,-11.937555369990452,-6.497002658846928,-0.463361660000419,0.0,0.0,0.0,0.0,13.598932891540066,286.761901420516,98785.68493996908,1.2000933046990625,339.4716561421038
51.5,213.67856444976428,-12.026407018634693,-4.088626427565146,1.010903781031485,0.0,0.0,0.0,0.0,12.742576595671444,286.7610893310765,98784.21458031466,1.2000788406415694,339.47117546189355
51.55,213.57661679874272,-13.87186260188856,-3.960639564032229,-0.6575932597687222,0.0,0.0,0.0,0.0,14.441179546600239,286.76175199080814,98785.4143829549,1.2000906432089469,339.4715676938881
51.6,213.45780190785598,-10.698700505652484,-3.9977757569403796,1.0915417073843316,0.0,0.0,0.0,0.0,11.473267486265124,286.7625242875989,98786.8127078436,1.2001043986232693,339.4720248200982
51.65,213.1766239433154,-9.995112796450062,-3.7329361984559872,-1.092691339967179,0.0,0.0,0.0,0.0,10.72525369583126,286.7643519443684,98790.12193725776,1.2001369515840972,339.4731066165379
51.7,212.74409183367032,-9.663417235624223,-4.846847221237633,-1.5130572179173736,0.0,0.0,0.0,0.0,10.916176198672781,286.7671634030811,98795.21265358491,1.2001870286648912,339.47477072206146
51.75,212.52248977233276,-9.871774370525907,-4.427832997974602,-1.4578145674329996,0.0,0.0,0.0,0.0,10.917090161464492,286.7686038164798,98797.82089653492,1.2002126856090725,339.475623301186
51.8,212.0904759961771,-10.299726316295875,-3.921902706616932,-1.2651294094324048,0.0,0.0,0.0,0.0,11.093522229363305,286.7714119060248,98802.90583303386,1.200262705092688,339.4772854001784
51.85,212.33458459534276,-10.027544783871134,-3.424140440026033,-1.079228443887557,0.0,0.0,0.0,0.0,10.650874432630347,286.76982520013024,98800.0325728647,1.200234441478397,339.47634623516313
51.9,211.93000516132787,-8.19952729941662,-2.4747408855717365,-0.49770480877290346,0.0,0.0,0.0,0.0,8.5792948697008,286.77245496645133,98804.79467864257,1.2002812851570812,339.4779027821513
51.95,211.4112874386524,-7.853517191905259,-1.9890924423222447,-0.01010756073273611,0.0,0.0,0.0,0.0,8.101501292380252,286.7758266316487,98810.90052205425,1.2003413462282504,339.4798984453434
52.0,211.47367552794915,-9.786888406674617,-3.594674731147536,-1.6736061812149172,0.0,0.0,0.0,0.0,10.559632037019728,286.7754211090683,98810.16613363521,1.2003341223405708,339.4796584202083
52.05,211.1424765184435,-11.159404333789814,-4.089584775221303,-1.8880637602476484,0.0,0.0,0.0,0.0,12.0341926809192,286.7775739026301,98814.06482444753,1.200372472099361,339.4809326372395
52.1,210.93566215501073,-10.218326619286554,-3.1004580065926475,-0.12798582042923118,0.0,0.0,0.0,0.0,10.679111345018159,286.7789181959924,98816.49939145635,1.2003964197507073,339.48172830864326
52.15,210.89169283160115,-10.90959282449205,-3.664680176953119,-1.4548196762905083,0.0,0.0,0.0,0.0,11.600241233960766,286.77920399659456,98817.01699360552,1.200401511136786,339.4818974704122
52.2,210.17856368690252,-11.148947303049166,-4.274932630321162,-2.5017947663305997,0.0,0.0,0.0,0.0,12.199715243102647,286.7838393360351,98825.41217979863,1.2004840895562203,339.48464105754834
52.25,210.29688901885427,-8.809550945337374,-3.2469261827536298,-2.902154385926842,0.0,0.0,0.0,0.0,9.827167321995697,286.78307022137744,98824.01917588309,1.2004703875032128,339.48418583177767
52.3,209.55700754628035,-9.35383398463189,-3.623092149818388,-1.3514682048021174,0.0,0.0,0.0,0.0,10.121633921789565,286.78787945094916,98832.72981010716,1.2005560676149662,339.4870323222272
52.35,209.4218666649195,-9.799016434828541,-4.792437224320315,-0.1660540880233121,0.0,0.0,0.0,0.0,10.909434064113505,286.788757866678,98834.32089261149,1.200571717769878,339.4875522370178
52.4,209.54582478677807,-8.861805783356797,-4.474760376469863,1.1723103266057788,0.0,0.0,0.0,0.0,9.996469060154553,286.78795213888594,98832.86146964977,1.2005573626421735,339.48707534463534
52.45,209.55874378283687,-7.852577327129738,-2.447850120383659,2.4885548499510217,0.0,0.0,0.0,0.0,8.593476952411581,286.7878681654115,98832.70936864376,1.200555866548985,339.48702564256257
52.5,209.75880906429128,-7.260081120541537,-2.103138636471413,1.7693939577309616,0.0,0.0,0.0,0.0,7.762906992790609,286.7865677410821,98830.35393654738,1.200532698034107,339.48625594876245
52.55,208.76894956882606,-7.887495343674917,-2.2062357646235897,1.6170776338290433,0.0,0.0,0.0,0.0,8.348353078268065,286.7930018278026,98842.0083106823,1.2006473318306963,339.4900641322792
52.6,209.14464077546606,-9.305284022011307,-2.696251871005207,-0.19556130328347132,0.0,0.0,0.0,0.0,9.690011821744076,286.7905598349594,98837.58487927975,1.200603822741266,339.488618779592
52.65,208.76188091265377,-10.286029170345342,-3.0054273716225297,-1.5283105383037756,0.0,0.0,0.0,0.0,10.824542617625172,286.7930477740677,98842.09153938809,1.2006481504688002,339.4900913266315
52.7,208.3655480325598,-9.66564788583575,-1.834449792521895,-0.32538011064454864,0.0,0.0,0.0,0.0,9.843567814093007,286.7956239377883,98846.75818516054,1.2006940514178366,339.4916160848144
52.75,208.1892562594222,-9.611632159247293,-2.3223467768588475,-1.2172217679464508,0.0,0.0,0.0,0.0,9.962850804314304,286.79676983431375,98848.8340007683,1.2007144689281384,339.4922943062415
52.8,207.9041729587836,-9.921207952768055,-1.6481273070241278,-0.07201519272102316,0.0,0.0,0.0,0.0,10.057428948305295,286.7986228757679,98852.19089895213,1.2007474868631844,339.49339106245475
52.85,207.43479857682948,-11.709965147541066,-2.4166819253805536,-2.9308702958033876,0.0,0.0,0.0,0.0,12.31071224486667,286.8016738092506,98857.71805308349,1.2008018506376763,339.4951968050852
52.9,207.71473278008907,-9.437904630615275,-2.7900648605924863,-0.09187104491454878,0.0,0.0,0.0,0.0,9.842100692016716,286.7998542369294,98854.42163622823,1.200769427934493,339.49411986394523
52.95,207.11653749005237,-10.21454274671406,-3.608522234008976,-1.6914456715781556,0.0,0.0,0.0,0.0,10.9644564250895,286.8037425063146,98861.46590334878,1.2008387132731841,339.49642119028687
53.0,206.59676481214024,-11.909839028544825,-3.071961096916781,-2.357334936293786,0.0,0.0,0.0,0.0,12.523507442753045,286.80712102872104,98867.58700637777,1.2008989178787914,339.4984208031197
53.05,206.37475385167613,-11.382947623684087,-4.615693907585988,-4.728897753064469,0.0,0.0,0.0,0.0,13.16201355458198,286.8085640999641,98870.20161202383,1.2009246338286552,339.49927489591573
53.1,206.1160293307966,-9.919328297305354,-3.71042985698383,-0.5047747905824114,0.0,0.0,0.0,0.0,10.602601623305823,286.8102458093498,98873.2486610302,1.200954602911276,339.5002702258179
53.15,205.9919559129078,-9.099358313503135,-2.511239829048744,2.2427769816515815,0.0,0.0,0.0,0.0,9.702303632949524,286.81105228656605,98874.70992478196,1.2009689750280543,339.50074754321577
53.2,206.11224995356946,-9.24182850403447,-1.228602699952035,2.9566037075672558,0.0,0.0,0.0,0.0,9.780713888868945,286.8102703753018,98873.29317205449,1.200955040695701,339.500284765304
53.25,206.038883445928,-9.44916669115579,-1.7309560193825817,1.507735291537709,0.0,0.0,0.0,0.0,9.724002550782942,286.81074725760146,98874.15723783866,1.2009635391344058,339.500567010443
53.3,206.1162427809931,-9.350173240636696,-2.4738568960498153,0.677451115522491,0.0,0.0,0.0,0.0,9.695599392816023,286.8102444219235,98873.24614715444,1.200954578186262,339.5002694046625
53.35,205.6441498276288,-10.95941051748577,-3.4921243906280957,-1.651867913192171,0.0,0.0,0.0,0.0,11.62033903348053,286.8133130261204,98878.80627353849,1.2010092640503625,339.5020855691567
53.4,205.09842860066703,-12.185769110722147,-2.7673715153602947,-1.4328821220101213,0.0,0.0,0.0,0.0,12.577935645384493,286.81686021409564,98885.2338804567,1.201072481171742,339.5041849730849
53.45,205.0886825952486,-9.948266605908957,-2.1096940868545566,-0.13264098251241507,0.0,0.0,0.0,0.0,10.170369277100722,286.81692356313084,98885.34867381057,1.2010736101859774,339.5042224661063
53.5,204.60673711699812,-10.180832153028339,-4.229708044345088,-1.4269898631904763,0.0,0.0,0.0,0.0,11.116477568824648,286.8200562087395,98891.02540466844,1.2011294415910543,339.5060765120503
53.55,204.47870373784374,-10.197083393177735,-4.499083567369458,-0.256008918029321,0.0,0.0,0.0,0.0,11.14844398289311,286.82088842570397,98892.53352632788,1.2011442740661902,339.5065690552064
53.6,204.11307557780165,-8.724715652342883,-2.6934504657315705,1.229337075827777,0.0,0.0,0.0,0.0,9.21339287513516,286.8232650087443,98896.84041003665,1.201186632312149,339.5079756192247
53.65,203.9416685256778,-7.460028478732409,-4.8762531783596295,0.8175481376394187,0.0,0.0,0.0,0.0,8.94976284156841,286.8243791545831,98898.85953613243,1.20120649031741,339.5086350166256
53.7,203.37623399191074,-8.162505703771487,-3.776542783982586,1.0495556998320164,0.0,0.0,0.0,0.0,9.05485184475168,286.8280544790526,98905.52043005146,1.2012719993326255,339.5108102159589
53.75,202.67105348507934,-10.281653925454593,-4.539995770518422,-0.11055437349239688,0.0,0.0,0.0,0.0,11.239937335618883,286.832638152347,98913.82805911606,1.2013537025950096,339.5135229917708
53.8,202.54123968450529,-11.865676933938495,-5.356862245446081,-0.5063710816362633,0.0,0.0,0.0,0.0,13.028686575768225,286.8334819420507,98915.35743821423,1.201368743478344,339.51402237323265
53.85,201.97478302605649,-13.238158213238519,-4.6542111819038885,-1.9036660231971263,0.0,0.0,0.0,0.0,14.161018993432952,286.8371639103306,98922.03127456864,1.2014343776969647,339.5162014700397
53.9,202.29569526716767,-12.130540327727786,-4.826636704534347,-3.6267497226881393,0.0,0.0,0.0,0.0,13.549898304828965,286.8350779807634,98918.25033015103,1.2013971938900938,339.51496695746624
53.95,202.08705566545322,-11.626639617673128,-5.1179876347020015,-5.6059494671723025,0.0,0.0,0.0,0.0,13.885215722368102,286.8364341381745,98920.7084802789,1.2014213686691424,339.5157695705874
54.0,201.83546293815184,-10.031902173963585,-4.839288880047143,-3.6892121615684847,0.0,0.0,0.0,0.0,11.733203503970604,286.838069490902,98923.67276134224,1.201450520861779,339.5167374170363
54.05,201.8251000083852,-7.758661186587396,-4.0443089536619645,0.7823004306316194,0.0,0.0,0.0,0.0,8.784375463554282,286.8381368499455,98923.79485956363,1.201451721631959,339.51677728190043
54.1,201.8851361452618,-10.013089026517589,-3.6147197403831988,1.0549129261789243,0.0,0.0,0.0,0.0,10.697709658441022,286.8377466150558,98923.08750284737,1.2014447651560998,339.5165463305028
54.15,201.6473842137624,-9.773151159979223,-3.728065030618205,1.6822012133624566,0.0,0.0,0.0,0.0,10.594468056045082,286.83929200261053,98925.88876348002,1.2014723140041974,339.51746093108244
54.2,201.37532720320038,-11.298241831106623,-3.815959675338042,-0.397207598207343,0.0,0.0,0.0,0.0,11.93187288710566,286.8410603731792,98929.09429507861,1.2015038384514247,339.518507495791
54.25,201.20789663094774,-10.996505248752948,-3.231057306940134,-0.5320299043896088,0.0,0.0,0.0,0.0,11.473705365998692,286.8421486718988,98931.06709983405,1.2015232396857616,339.5191515758367
54.3,201.23116911797874,-9.968449615786602,-2.9793585761952013,-1.5965366088865673,0.0,0.0,0.0,0.0,10.525943872714645,286.84199740073313,98930.79288233828,1.2015205429418538,339.51906205017804
54.35,200.4873717990254,-10.157602313137645,-2.7821868094500317,-2.4133932021422773,0.0,0.0,0.0,0.0,10.804717254175767,286.8468320833063,98939.5572797386,1.201606734168541,339.52192331176246
54.4,200.34458130404653,-8.713842254719264,-2.4248598877355847,-1.6003909535642924,0.0,0.0,0.0,0.0,9.185436490419514,286.8477602215237,98941.23989691722,1.201623281271011,339.52247259971426
54.45,200.28600743122635,-9.31821005830001,-0.5864065701592658,-0.8146270417930135,0.0,0.0,0.0,0.0,9.372114413159384,286.848140951697,98941.93012746522,1.2016300690832915,339.52269792203657
54.5,199.60411201737304,-7.376854176262781,-4.129876671013837,-0.21893531471282002,0.0,0.0,0.0,0.0,8.457055724521293,286.852573271887,98949.96582372491,1.2017090924477394,339.52532103036623
54.55,199.218805338914,-6.63943734729868,-3.639003704578173,1.0310241514152272,0.0,0.0,0.0,0.0,7.641170528881009,286.85507776529704,98954.50664729642,1.2017537465518404,339.52680321521
54.6,199.27351936365946,-8.292897442591627,-3.821999177593997,0.08666622383361622,0.0,0.0,0.0,0.0,9.131666701168276,286.8547221241362,98953.86183445611,1.2017474055365165,339.5265927435237
54.65,198.7211974232617,-10.673291982949962,-5.351978227840789,-1.7199151699273934,0.0,0.0,0.0,0.0,12.063206078664665,286.8583122167488,98960.37118605718,1.2018114173907566,339.528717387123
54.7,198.5676627994363,-10.987852273476015,-4.865260174588589,-2.234591995717471,0.0,0.0,0.0,0.0,12.222808823568108,286.8593101918036,98962.18071921504,1.201829211889123,339.52930799384626
54.75,198.305661850928,-10.347495151300105,-4.187055181460119,-1.8615795307743264,0.0,0.0,0.0,0.0,11.316694099787675,286.86101319796893,98965.26868003608,1.2018595779837469,339.53031583920125
54.8,198.26752793296166,-9.929309285534293,-3.6553523680279114,-1.7007138932801071,0.0,0.0,0.0,0.0,10.716585816809417,286.86126106843574,98965.71813546539,1.2018639977806538,339.530462529612
54.85,198.221921242438,-10.098657005002428,-4.095111345758028,-3.087405685045759,0.0,0.0,0.0,0.0,11.326291718956103,286.8615575119241,98966.2556689402,1.2018692837030849,339.5306379655847
54.9,198.224052671187,-9.329738630094338,-4.39323313203039,-3.4211189555919774,0.0,0.0,0.0,0.0,10.865016114417635,286.86154365763724,98966.23054725985,1.2018690366650966,339.5306297665863
54.95,198.00250061881115,-10.33289704714138,-6.0806048373404,-3.868316758455311,0.0,0.0,0.0,0.0,12.597872483814747,286.8629837459777,98968.84185610188,1.2018947153167834,339.53148201307647
55.0,197.67907794802431,-10.54507386076412,-4.9673830770597975,-3.015098684018061,0.0,0.0,0.0,0.0,12.040112019312701,286.8650859933378,98972.65395652609,1.2019322018802336,339.53272612245
55.05,197.82972140339194,-10.893118300117758,-4.032197659663163,-2.5932990966566627,0.0,0.0,0.0,0.0,11.90142195166921,286.86410681087796,98970.878345797,1.2019147413187166,339.5321466431235
55.1,197.2341721291656,-10.58317456568268,-4.885913346963047,-2.114554081900339,0.0,0.0,0.0,0.0,11.846816960138526,286.8679778811604,98977.89814206731,1.2019837705066976,339.53443753337
55.15,196.75503400442864,-10.841591620741497,-4.526123494208931,-2.713960814765246,0.0,0.0,0.0,0.0,12.057839195305416,286.8710922789712,98983.54608163748,1.2020393088614383,339.5362806154155
55.2,196.93071482993975,-11.092028731758125,-5.115379157947436,-3.3591811572693095,0.0,0.0,0.0,0.0,12.668239947327487,286.86995035360536,98981.47517733472,1.202018944935627,339.53560483195776
55.25,196.1903310334739,-9.001241580096998,-3.2658783751010834,-1.9362444115788715,0.0,0.0,0.0,0.0,9.769204367070556,286.8747628482824,98990.20296953019,1.2021047678176706,339.53845282359293
55.3,196.26193167515285,-9.836868260956166,-4.991871348216679,-2.9691950701372676,0.0,0.0,0.0,0.0,11.423610467145702,286.8742974441115,98989.35889963606,1.2020964678993769,339.5381774025788
55.35,196.17202011849176,-10.553797495382591,-5.766749850119165,-2.788814946284986,0.0,0.0,0.0,0.0,12.345668641755124,286.8748818692298,98990.4188301526,1.2021068904187922,339.5385232588305
55.4,195.7693367873982,-11.830836105870704,-6.6878216380531725,-1.9318972764954858,0.0,0.0,0.0,0.0,13.726903085303574,286.8774993108819,98995.16601176385,1.2021535701922552,339.54007222721754
55.45,195.50882869411018,-12.36075997666446,-6.219397571037993,0.4097937636059538,0.0,0.0,0.0,0.0,13.843309729830999,286.87919261348827,98998.23720612164,1.2021837694960766,339.54107429820994
55.5,195.65940026150133,-11.19047271262319,-4.876247786715448,1.8849097895580105,0.0,0.0,0.0,0.0,12.351411130886348,286.8782138983002,98996.4620712552,1.2021663144723482,339.54049510965535
55.55,195.24390558212576,-11.972362652781282,-5.211243631779222,0.7559358049992124,0.0,0.0,0.0,0.0,13.07921888419761,286.8809146137162,99001.36052935066,1.2022144812045146,339.54209334898985
55.6,195.31522992788126,-12.082534493516372,-5.5579364345287345,0.16675219511130168,0.0,0.0,0.0,0.0,13.300605380652767,286.88045100546873,99000.51963984265,1.2022062127369675,339.5418189937253
55.65,195.288795900389,-10.732960734634451,-3.981453784753421,1.3450822235071087,0.0,0.0,0.0,0.0,11.526390005518946,286.8806228266474,99000.83128726155,1.202209277167972,339.5419206745241
55.7,195.00329255418916,-11.113278347451338,-3.8011773693275828,1.152949759116774,0.0,0.0,0.0,0.0,11.801830288902918,286.88247859839777,99004.19731686755,1.2022423752410178,339.54301888617607
55.75,194.5415434442235,-12.114755876002697,-4.624315459186078,-0.3916691772980414,0.0,0.0,0.0,0.0,12.973242005977323,286.8854799676125,99009.64144630925,1.20229590675727,339.5447950338577
55.8,194.35063394751535,-12.169512175700778,-5.403558417878733,-1.1970031467960986,0.0,0.0,0.0,0.0,13.368929901207402,286.8867208793411,99011.8923845235,1.2023180398174744,339.54552937681393
55.85,194.14307478634757,-11.334231609296259,-4.664207481478945,-1.6057138662266306,0.0,0.0,0.0,0.0,12.361146978482504,286.8880700138887,99014.33967934868,1.2023421035073847,339.54632776173776
55.9,193.4721295485311,-11.321989165082053,-3.4918829615820606,-2.7698680736638877,0.0,0.0,0.0,0.0,12.167697169847917,286.89243115793454,99022.25101580065,1.2024198930938945,339.5489085675864
55.95,193.58747899079236,-10.956478308190022,-2.2436237034397744,-4.597859779429108,0.0,0.0,0.0,0.0,12.092087445588836,286.8916813865598,99020.89085607254,1.2024065191718594,339.5484648747757
56.0,193.18384214825218,-10.33357211171386,-3.4650735140700406,-4.477019417569801,0.0,0.0,0.0,0.0,11.78274797792082,286.89430502603636,99025.6504647713,1.202453318401726,339.55001746548805
56.05,193.03526255712828,-11.182023376719082,-4.9493423602872735,-4.243522818147437,0.0,0.0,0.0,0.0,12.943767709015948,286.89527079337864,99027.4025336305,1.202470545649919,339.55058897568574
56.1,193.00898261004377,-10.326241766291727,-4.927557396032151,-1.1413728845972264,0.0,0.0,0.0,0.0,11.498470462143764,286.8954416130347,99027.71243261949,1.2024735927311991,339.5506900611899
56.15,192.37190733511875,-9.98116619742971,-4.707680381423834,0.7561393318255563,0.0,0.0,0.0,0.0,11.061540576406612,286.8995826023217,99035.22520641606,1.2025474615116352,339.5531405544573
56.2,192.2890407368336,-11.057607526145032,-3.596579796029714,3.1114299223661384,0.0,0.0,0.0,0.0,12.03690436089212,286.9001212352106,99036.20245297019,1.2025570701361417,339.5534592973455
56.25,192.13606928895013,-9.223013601081922,-3.421463529388067,2.3647758428956718,0.0,0.0,0.0,0.0,10.117438280306814,286.9011155496218,99038.00646717056,1.2025748077773475,339.5540476948059
56.3,192.31612232689614,-9.935158321863444,-4.005128619846326,1.1553460638788968,0.0,0.0,0.0,0.0,10.774193736392764,286.89994520487517,99035.8830786711,1.2025539299400831,339.5533551291802
56.35,192.14595138794937,-9.645322389189882,-3.429530778791605,1.6913091367290516,0.0,0.0,0.0,0.0,10.375666337641634,286.9010513159783,99037.88992535729,1.2025736619030423,339.5540096838089
56.4,191.70667325526264,-11.256338831732933,-4.646274273244592,-0.6494768884439108,0.0,0.0,0.0,0.0,12.194869771572638,286.9039066238408,99043.07053829274,1.2026245990062703,339.5556993409519
56.45,191.35575497165976,-11.629038404709554,-4.769281599122806,-1.476205413261919,0.0,0.0,0.0,0.0,12.65542427625739,286.9061875926842,99047.20923977216,1.2026652914069738,339.5570491211632
56.5,191.25951053773338,-10.232528728024814,-3.454666429021259,-0.7544061125776382,0.0,0.0,0.0,0.0,10.826287123864494,286.90681318150473,99048.34436320921,1.2026764520727058,339.55741931704466
56.55,191.27358760839172,-9.86412099526332,-3.341229298347724,-1.287307571371169,0.0,0.0,0.0,0.0,10.493896179048152,286.90672168054544,99048.17833515465,1.2026748196670713,339.5573651708365
56.6,190.7590551117403,-10.991823886327941,-4.472869118102906,-2.5552148750062065,0.0,0.0,0.0,0.0,12.139022759397937,286.91006614177365,99054.24699053189,1.2027344869991807,339.55934426900194
56.65,190.87460027905541,-10.454824035433257,-1.971525964232896,-1.4625899892173455,0.0,0.0,0.0,0.0,10.739154050300058,286.90931509818614,99052.88416642798,1.202721087702986,339.55889983699154
56.7,190.21334428874317,-10.152779212590263,-3.053750346114061,-2.3892897012312493,0.0,0.0,0.0,0.0,10.867981514173017,286.91361326212314,99060.68370778744,1.2027977723745644,339.56144327889973
56.75,190.11731941841202,-9.846658018277656,-2.1814355131759218,-2.027831725310575,0.0,0.0,0.0,0.0,10.287246304683913,286.9142374237803,99061.81636639715,1.2028089085176312,339.5618126254697
56.8,189.92781878469316,-10.642538458391146,-3.870739227724018,-3.8177558534258442,0.0,0.0,0.0,0.0,11.950795235621076,286.91546917789947,99064.05164646637,1.2028308854115715,339.5625415126387
56.85,189.63682388675392,-10.685232973793767,-4.401884133689121,-5.312424238968308,0.0,0.0,0.0,0.0,12.718987338835259,286.91736064473605,99067.48419521391,1.2028646334640973,339.56366077997814
56.9,189.4499002253234,-9.14673375056934,-4.1515112760921955,-2.8087951066897907,0.0,0.0,0.0,0.0,10.430106141870725,286.91857564853535,99069.68918013787,1.2028863122659632,339.56437975128796
56.95,189.08254741042063,-9.88682729102756,-5.19988628832845,-1.4652621938235195,0.0,0.0,0.0,0.0,11.266550696233613,286.92096344183227,99074.02265540037,1.2029289175285942,339.56579270940875
57.0,189.37315995354834,-9.114382471386651,-2.7095929300096913,2.6137139161444227,0.0,0.0,0.0,0.0,9.861306308827738,286.9190744603019,99070.59443360778,1.2028952124411019,339.5646749197589
57.05,188.9916987970869,-10.229645394020672,-2.949504081273317,2.0490737526416387,0.0,0.0,0.0,0.0,10.841767496890034,286.9215539578189,99075.09437419155,1.2029394542504661,339.56614214174635
57.1,188.9878571368256,-10.764017322246152,-3.8690526235382796,0.3078668155763482,0.0,0.0,0.0,0.0,11.44239568855477,286.9215789286106,99075.13969352149,1.2029398998119945,339.5661569179719
57.15,188.45690230629037,-10.233884580224023,-3.0608982531742126,0.817367762175592,0.0,0.0,0.0,0.0,10.713056602869038,286.9250301350091,99081.40342740245,1.203001481965573,339.56819912994814
57.2,187.9269325225349,-12.15975898903017,-4.170116331876919,-1.1880157892383763,0.0,0.0,0.0,0.0,12.90972464493981,286.92847493860353,99087.65586034156,1.2030629522747849,339.5702375408902
57.25,187.61269828613868,-13.593292896019578,-4.3884334541348675,-2.593956706184347,0.0,0.0,0.0,0.0,14.51773299561282,286.9305174611401,99091.36325745864,1.2030994009132936,339.57144616723645
57.3,187.6339850093199,-10.829629427296663,-4.0739862752825555,-1.2015869813006086,0.0,0.0,0.0,0.0,11.63280056467021,286.9303790974394,99091.11210897927,1.2030969317983125,339.57136429311583
57.35,186.90232464849166,-10.893198846381003,-2.047270612977564,-0.9814216414522399,0.0,0.0,0.0,0.0,11.12727668874414,286.93513488978476,99099.74479885609,1.2031818016428273,339.5741784325743
57.4,187.06246306750631,-9.395939606400248,-5.550379017833357,-0.2281109855178789,0.0,0.0,0.0,0.0,10.91523810782154,286.93409399006117,99097.8553109604,1.2031632257982017,339.5735625041883
57.45,186.573333178991,-8.437716469509951,-4.432049440986701,0.7249453476339832,0.0,0.0,0.0,0.0,9.55843435005159,286.9372733343365,99103.62669091222,1.2032199649061925,339.57544380427424
57.5,186.0620696384511,-9.693089122065546,-2.853398335280154,0.5048316607094652,0.0,0.0,0.0,0.0,10.116951803470236,286.94059654735,99109.65952291581,1.2032792737077018,339.57741022406594
57.55,186.41363672403594,-9.055802484174762,-5.8731838146713,-0.5926211568697689,0.0,0.0,0.0,0.0,10.809858768220442,286.93831136129376,99105.51105285225,1.2032384901515893,339.5760580293657
57.6,186.28605522378248,-11.11390681978053,-3.314556876349861,-1.0446599373582084,0.0,0.0,0.0,0.0,11.644592155590662,286.9391406410454,99107.01649048169,1.2032532901272086,339.576548733002
57.65,186.03991218183467,-10.94825660117728,-3.26451911317919,-2.514366267634221,0.0,0.0,0.0,0.0,11.698010316859486,286.94074057081804,99109.9209842562,1.2032818441199133,339.5774954457298
57.7,186.0104761002672,-11.0275904888358,-3.0343960586282295,-4.820601668835184,0.0,0.0,0.0,0.0,12.411829513800813,286.94093190534824,99110.26833533603,1.2032852589074845,339.5776086622943
57.75,185.42037653685622,-10.332211088334306,-4.240831624654287,-1.9555826820593751,0.0,0.0,0.0,0.0,11.338586440510865,286.9447675525104,99117.23182473662,1.2033537160725234,339.5798782854004
57.8,185.15401141455376,-10.463949639702502,-3.531355338396345,-0.3289363187472329,0.0,0.0,0.0,0.0,11.048661081327523,286.9464989258054,99120.37520493641,1.20338461793757,339.5809027659144
57.85,185.44311408530945,-10.787325633937982,-2.9363483177795136,1.6627233020157652,0.0,0.0,0.0,0.0,11.302795430998842,286.94461975844547,99116.96350220637,1.2033510782453305,339.57979083320976
57.9,185.09565531320024,-9.354826705589142,-1.754597537661732,2.0284900278402556,0.0,0.0,0.0,0.0,9.731709356727613,286.9468782404642,99121.06387724914,1.203391388095568,339.5811272118863
57.95,185.13485222246516,-11.809652081474061,-3.1394273548956275,1.0697295474608985,0.0,0.0,0.0,0.0,12.266548320813092,286.94662346055395,99120.6013060619,1.203386840679786,339.58097645494337
58.0,184.73900138217738,-14.414805904157175,-4.2086869007103385,-1.3839362503584927,0.0,0.0,0.0,0.0,15.080283625575207,286.9491964910158,99125.27290758898,1.2034327657812234,339.58249895105683
58.05,184.22846683586792,-14.103947084118866,-4.599744883857312,-2.3092265299943397,0.0,0.0,0.0,0.0,15.013710517890848,286.9525149655668,99131.29820279595,1.2034919980276626,339.5844625262062
58.1,183.7754444160454,-11.522012484050078,-3.974641808816532,-1.32614852898795,0.0,0.0,0.0,0.0,12.260229162292813,286.9554596112957,99136.64499199047,1.2035445595816026,339.58620489353126
58.15,183.51537175028898,-10.766771279154176,-3.816876933264473,-2.0312229380001074,0.0,0.0,0.0,0.0,11.602490246717014,286.9571500836231,99139.71460059221,1.2035747350923929,339.5872051537066
58.2,183.40287741073698,-10.267235677584356,-3.6096959365415846,-1.355278507437982,0.0,0.0,0.0,0.0,10.967352143797939,286.9578812968302,99141.0423825512,1.203587787678232,339.5876378149787
58.25,183.31540700530547,-9.17463518023522,-3.413367930800777,0.5771029518144506,0.0,0.0,0.0,0.0,9.806021575461779,286.95844985446547,99142.07481446017,1.203597936841281,339.58797423203026
58.3,182.6567126265008,-7.027472934030134,-4.312554573681184,0.8673724663523417,0.0,0.0,0.0,0.0,8.29070791819919,286.96273136792774,99149.84980476747,1.2036743670414687,339.5905076041277
58.35,182.12060905474257,-6.9759514787907895,-4.560133321060657,0.4560556403205194,0.0,0.0,0.0,0.0,8.346658114919963,286.96621604114415,99156.17814194741,1.2037365754190348,339.59256947179307
58.4,182.38911814548558,-9.458033173411685,-3.028579825549768,0.701058878104686,0.0,0.0,0.0,0.0,9.955810907186434,286.96447073205434,99153.00853430381,1.203705417858073,339.59153678071937
58.45,181.68634379249184,-10.463018143240099,-3.173944094604118,-0.2468626617204711,0.0,0.0,0.0,0.0,10.936617893809565,286.9690387653488,99161.30458707869,1.2037869684876281,339.5942396576107
58.5,181.90135362741515,-11.142914183743352,-3.9653468461012533,-2.0711304867180385,0.0,0.0,0.0,0.0,12.007418274099008,286.96764120142177,99158.76639702359,1.2037620180854165,339.59341273001064
58.55,181.8321175082903,-10.96664994242537,-4.187869633324258,-3.0215142469559,0.0,0.0,0.0,0.0,12.12168352045108,286.9680912361961,99159.58372333013,1.203770052414332,339.59367901227216
58.6,181.4126561527985,-11.108955648115446,-4.485714383417338,-5.765278327468394,0.0,0.0,0.0,0.0,13.295448970026174,286.9708177350068,99164.5355444379,1.2038187286150124,339.59529225707354
58.65,180.7380491680318,-9.006323658694114,-4.909773978616977,-3.789539645282305,0.0,0.0,0.0,0.0,10.93528038458201,286.9752026804078,99172.49982821457,1.2038970162315312,339.5978867737187
58.7,181.21503124559564,-8.218192493417241,-4.379699085102185,1.0274064397240446,0.0,0.0,0.0,0.0,9.368885522157417,286.9721022969036,99166.86861345884,1.2038416624286,339.5960523181279
58.75,180.93636767721307,-10.50987345518389,-3.018189889358367,5.184458458912982,0.0,0.0,0.0,0.0,12.10146766984891,286.97391361009807,99170.1584632714,1.2038740011184044,339.5971240492035
58.8,180.44585965473019,-10.810345234162435,-3.6287282513507746,1.9407017532206554,0.0,0.0,0.0,0.0,11.567089352939375,286.9771019122442,99175.9495236568,1.203930925806392,339.59901051898487
58.85,180.54675729563596,-10.77355471323145,-3.8668856396730624,0.7628864806045725,0.0,0.0,0.0,0.0,11.471890929205635,286.9764460775783,99174.75827850499,1.203919216213525,339.5986224724659
58.9,180.22599879361476,-11.187086659702164,-3.906758517749566,0.18617736357001957,0.0,0.0,0.0,0.0,11.851089910147538,286.97853100784147,99178.54534484397,1.2039564418798845,339.5998560896651
58.95,179.7664214662748,-10.722387406621925,-3.059645047570007,-0.5435916747912013,0.0,0.0,0.0,0.0,11.1636244752189,286.9815182604692,99183.97159317773,1.2040097797163263,339.6016235876012
59.0,179.62970666393758,-11.597015465034186,-4.933810116161848,-1.5630107912582365,0.0,0.0,0.0,0.0,12.699458755875101,286.9824069066844,99185.58583684271,1.2040256469744879,339.6021493801081
59.05,179.23244098225118,-11.30348867827264,-3.8471526600625277,-1.785488263685262,0.0,0.0,0.0,0.0,12.073003281264432,286.98498913361533,99190.27662455243,1.2040717549389133,339.6036772226208
59.1,178.765904141283,-12.049084279229819,-4.685223416822789,-2.3829781473209515,0.0,0.0,0.0,0.0,13.145734490097423,286.98802162308164,99195.7855735816,1.2041259044670594,339.6054714660349
59.15,178.56841148402478,-12.46158815689298,-2.32367892265985,-1.5789168064254233,0.0,0.0,0.0,0.0,12.774335262910617,286.9893053253538,99198.11767623009,1.2041488274071197,339.60623099569295
59.2,178.28973666715973,-10.217161737526133,-1.4381443136723335,0.3077192428045752,0.0,0.0,0.0,0.0,10.322467930204887,286.99111671166344,99201.40849829135,1.2041811737149188,339.60730273790665
59.25,178.29677353202857,-8.087496774176081,-2.9875919092118104,2.0715746461953124,0.0,0.0,0.0,0.0,8.867058757167205,286.99107097204177,99201.3254000997,1.2041803569246559,339.6072756752046
59.3,177.97052218849146,-9.279322284984802,-3.544781911256835,0.02257308620098264,0.0,0.0,0.0,0.0,9.933368532940367,286.99319160577477,99205.17815473638,1.2042182263539905,339.60853038552006
59.35,178.27911470533726,-11.015753342865196,-3.507991776963372,-1.406307706464199,0.0,0.0,0.0,0.0,11.646052094308567,286.9911857544153,99201.53393292546,1.2041824066390685,339.60734358833713
59.4,177.6487920755136,-10.81791298627933,-3.372823071123548,-5.495416515121626,0.0,0.0,0.0,0.0,12.593759546794825,286.99528285150916,99208.97763608866,1.2042555718764376,339.6097677033686
59.45,177.1041802910137,-9.707535545107024,-3.50728520494694,0.2617069125028612,0.0,0.0,0.0,0.0,10.325007814835192,286.9988228281084,99215.4095137272,1.2043187908929107,339.6118621749422
59.5,176.94888815402075,-9.19310000892072,-3.689757548002296,4.029274150149124,0.0,0.0,0.0,0.0,10.694037998535352,286.9998322269988,99217.24357928376,1.2043368178063842,339.6124593960946
59.55,177.19826644962137,-10.347183951371335,-4.237786993176807,0.44422423858273025,0.0,0.0,0.0,0.0,11.19019166490009,286.99821126807745,99214.29832991415,1.2043078691071831,339.6115003386992
59.6,177.0196096755332,-8.841356874105164,-2.7679725538762923,3.082494021305672,0.0,0.0,0.0,0.0,9.76386362182944,286.999372537109,99216.4083249181,1.2043286081523157,339.61218741601135
59.65,177.114140647203,-9.82683203825376,-3.481059947786596,0.8372456022614477,0.0,0.0,0.0,0.0,10.458746887970888,286.99875808579316,99215.29187866153,1.2043176346631834,339.61182386945495
59.7,176.6165309713429,-11.334734271200405,-4.224554208272016,0.4723898031823286,0.0,0.0,0.0,0.0,12.105627261051135,287.00199254868625,99221.1689498736,1.2043753998106976,339.6137375689337
59.75,176.1253292182296,-11.638111899452749,-4.1249219786564275,-1.3772219688832044,0.0,0.0,0.0,0.0,12.424064160561997,287.0051853600815,99226.9706161134,1.2044324231717416,339.6156266143476
59.8,175.66824275608468,-11.104904433922297,-3.3583809186235807,-2.1086770678152496,0.0,0.0,0.0,0.0,11.791698090497906,287.00815642208545,99232.36958766765,1.2044854879613274,339.6173844510076
59.85,175.55659652636214,-10.119114692925908,-2.818546298807626,-2.199023570282406,0.0,0.0,0.0,0.0,10.732026372953467,287.0088821225786,99233.68835641263,1.2044984496401545,339.6178138122331
59.9,175.4895292008236,-10.161684004669066,-2.353931953278983,-2.0045573323595756,0.0,0.0,0.0,0.0,10.621632056804241,287.00931806019463,99234.48056457516,1.204506235938568,339.61807173478036
59.95,175.3102700264313,-8.666426178400739,-1.8708528332935925,-2.5536069203331127,0.0,0.0,0.0,0.0,9.22648044126716,287.01048324482815,99236.59802290307,1.2045270475348269,339.6187611154588
60.0,175.01602224335758,-9.06449301753959,-1.5825988069737416,-3.0143852891786254,0.0,0.0,0.0,0.0,9.682777045893145,287.01239585541816,99240.07383739865,1.204561209652277,339.6198927071512
60.05,174.75848585551145,-9.964224768986965,-2.2005959664881876,-3.126918348580135,0.0,0.0,0.0,0.0,10.672676150493114,287.01406984193915,99243.1160778686,1.204591110191277,339.6208831143634
60.1,174.8587610107304,-10.880990386369103,-4.288747559440102,-4.94841500619869,0.0,0.0,0.0,0.0,12.699453472115746,287.01341805343026,99241.93153284231,1.20457946795851,339.6204974867271
60.15,174.6476620717071,-11.044789226011398,-5.089129250973962,-2.5762757033433976,0.0,0.0,0.0,0.0,12.430760317847568,287.0147901965339,99244.42524659673,1.2046039772501838,339.62130930829574
60.2,173.73040364990243,-10.545994364518345,-3.170340775405153,2.8922143612735485,0.0,0.0,0.0,0.0,11.385691093658135,287.0207523762756,99255.26141820023,1.2047104784460863,339.62483677942913
60.25,174.36408044241614,-11.609608186001452,-3.389489003082707,3.1833845904996902,0.0,0.0,0.0,0.0,12.506221467154713,287.0166334771243,99247.77527891619,1.2046369026247052,339.62239987293526
60.3,173.8638192643744,-10.506381166518475,-2.9453609022578555,1.4955839612852273,0.0,0.0,0.0,0.0,11.013444849182154,287.01988517478156,99253.68523304879,1.204694987355705,339.6243237095798
60.35,173.86883631576012,-11.269441280873489,-4.169405822174373,0.9725445344965236,0.0,0.0,0.0,0.0,12.05529321769554,287.01985256394755,99253.62596150718,1.2046944048211934,339.6243044157376
60.4,173.21925138915086,-11.803830630008187,-4.449438667899524,-0.23824160810043393,0.0,0.0,0.0,0.0,12.616841168261937,287.0240748659705,99261.30040871199,1.204769830524716,339.6268024852979
60.45,172.44566117306718,-12.731002436281388,-4.785094687136656,-1.4010979292519328,0.0,0.0,0.0,0.0,13.672550223159545,287.02910320237504,99270.44052913776,1.204859659653196,339.6297774105481
60.5,172.58899392549273,-12.462759386827766,-4.346965142475714,-1.9611349172704156,0.0,0.0,0.0,0.0,13.344007181038226,287.0281715394843,99268.74697306522,1.2048430154982728,339.62922621083794
60.55,172.13856277422613,-10.801290993113605,-3.8991432074841064,-0.9812867839080944,0.0,0.0,0.0,0.0,11.525368914818268,287.0310993419675,99274.06914603512,1.204895321273587,339.63095838359095
60.6,171.8799760772462,-11.363902691321076,-4.337800296478478,-3.1882335464366327,0.0,0.0,0.0,0.0,12.57456277317693,287.0327801554979,99277.12464108267,1.204925350127458,339.6319527975687
60.65,171.7244474260923,-10.742832989584937,-2.6119781171001515,-0.7416245849580241,0.0,0.0,0.0,0.0,11.08065419329286,287.0337910917304,99278.96242513065,1.2049434114527096,339.63255089292267
60.7,171.60699216484898,-10.64447941614796,-3.0308618312267512,-1.57944278777355,0.0,0.0,0.0,0.0,11.179700577414167,287.0345545509285,99280.35033818355,1.204957051505585,339.6330025739278
60.75,171.49685962670333,-9.984258005892366,-3.2583580000612478,-4.8398130170586535,0.0,0.0,0.0,0.0,11.563999949190563,287.0352704124264,99281.65173636701,1.2049698412795942,339.63342609443174
60.8,171.2152981312001,-10.407034018422939,-4.348663502472838,-3.1008417903805308,0.0,0.0,0.0,0.0,11.697540387932925,287.0371005621472,99284.97891415942,1.2050025396987778,339.63450885166264
60.85,170.88216366583592,-12.394610127930054,-5.7254225032742685,-4.3774447056518335,0.0,0.0,0.0,0.0,14.337672238387405,287.03926593617206,99288.91564004397,1.2050412282887182,339.6357899305806
60.9,170.69648655359447,-10.97646848851897,-6.400232042024487,-2.1372703982015593,0.0,0.0,0.0,0.0,12.88463252973229,287.04047283740164,99291.10988364356,1.2050627923230626,339.63650395557687
60.95,170.77915782609068,-11.227097199527034,-5.200887380071263,0.9813581946837663,0.0,0.0,0.0,0.0,12.412091079833619,287.0399354741304,99290.13290910552,1.2050531910700726,339.6361860417538
61.0,170.52499342779623,-9.539683971142932,-1.6134831920084314,2.6810313176722427,0.0,0.0,0.0,0.0,10.039762308267784,287.0415875427193,99293.13654253367,1.2050827093300815,339.63716343444014
61.05,169.85050888058723,-11.560787492079351,-3.5565041605368846,0.9748533033686605,0.0,0.0,0.0,0.0,12.134696874830592,287.04597169227617,99301.10774151326,1.2051610456036883,339.6397571603993
61.1,170.37630664244344,-11.11089031280587,-3.350701197155874,1.179433590411855,0.0,0.0,0.0,0.0,11.664910871927693,287.0425540068241,99294.89370943612,1.205099977839759,339.6377352102125
61.15,169.48530061185926,-13.95581293675803,-5.791867992223464,-2.104498072891145,0.0,0.0,0.0,0.0,15.255797642336763,287.0483455460229,99305.4240652025,1.2052034634048385,339.641161558166
61.2,169.32956021199118,-12.225130515546317,-3.4538900726877326,-1.1559053959698575,0.0,0.0,0.0,0.0,12.756147147190834,287.04935785862205,99307.26477613286,1.2052215525138381,339.6417604515741
61.25,169.32144988264767,-11.385731645977371,-3.2774993332944606,-2.0208801089165433,0.0,0.0,0.0,0.0,12.019186470330292,287.04941057576275,99307.36063366084,1.2052224945270715,339.6417916394886
61.3,168.86532469957962,-9.818772502440632,-2.767756853405905,-0.6611847617408754,0.0,0.0,0.0,0.0,10.222814521618691,287.0523753894527,99312.75178471438,1.20527547428828,339.6435456441935
61.35,168.44894653795956,-10.680017350243753,-2.693084118113934,-2.2453741887782073,0.0,0.0,0.0,0.0,11.2408708700161,287.05508184750323,99317.673354547,1.2053238389169434,339.64514679597016
61.4,168.2729624139405,-12.125444830572832,-3.228288492687335,-2.9751314231533046,0.0,0.0,0.0,0.0,12.895722776033807,287.05622574430936,99319.75353779779,1.205344280893622,339.64582352778257
61.45,167.92709134360265,-9.650033955070985,-3.1506857403561104,-0.19520908576021578,0.0,0.0,0.0,0.0,10.153230153782077,287.05847390626656,99323.841936699,1.2053844573834438,339.6471535413058
61.5,167.5850177809593,-10.40580862681243,-3.0909927064532616,-1.7642256438545463,0.0,0.0,0.0,0.0,10.997617069694018,287.06069738442375,99327.88558086981,1.20542419376129,339.64846894676026
61.55,167.28534468891638,-10.51528201086557,-3.4281605888703672,-2.8328902888492715,0.0,0.0,0.0,0.0,11.417035875382613,287.062645259522,99331.42811953726,1.2054590055860492,339.6496213017823
61.6,167.22144523304956,-9.257586209778362,-3.491672705404455,-3.5982792354110655,0.0,0.0,0.0,0.0,10.528166705041073,287.06306060598513,99332.18351021073,1.2054664286297971,339.6498670185626
61.65,167.27353163424016,-9.128937292301364,-4.706670196886013,-1.1372796668371619,0.0,0.0,0.0,0.0,10.333617250006254,287.06272204437744,99331.56776781463,1.2054603778771298,339.6496667273118
61.7,166.7145935565892,-10.491904262090365,-5.191307356988019,0.7755794215695684,0.0,0.0,0.0,0.0,11.731634607280865,287.0663551418821,99338.1754479122,1.2055253095901348,339.65181604235266
61.75,167.02962608525323,-10.654023678374855,-4.546277701874697,1.1212316172707095,0.0,0.0,0.0,0.0,11.637612376321126,287.0643074304458,99334.45113798087,1.2054887120018332,339.6506046322798
61.8,167.02867414238736,-9.000175185879664,-1.7122972122375233,3.407948951888292,0.0,0.0,0.0,0.0,9.774928704509152,287.06431361807444,99334.46239166515,1.2054888225885394,339.650608292839
61.85,166.9260986233341,-9.014479365853873,-3.348196141226708,2.008358895168175,0.0,0.0,0.0,0.0,9.823683682271728,287.06498035894833,99335.67502564391,1.2055007387785786,339.6510027319963
61.9,167.05317846545205,-11.124034450027239,-4.772216840517128,-0.4087864004365109,0.0,0.0,0.0,0.0,12.11137078697081,287.06415433997455,99334.17270663027,1.2054859759365784,339.6505140649806
61.95,165.9826392316485,-11.976001862082043,-4.331462422081138,-0.10484491787172112,0.0,0.0,0.0,0.0,12.735665658743445,287.0711128449943,99346.82903773995,1.2056103446086286,339.65463064562783
62.0,166.13107567286175,-12.40184139203961,-4.480617703347884,-1.255621590425132,0.0,0.0,0.0,0.0,13.24606320742896,287.07014800812635,99345.07408644193,1.2055930995885602,339.6540598609499
62.05,165.4694217175419,-10.058570191757406,-3.201375088999171,0.09813813876307365,0.0,0.0,0.0,0.0,10.556195709499466,287.07444875883596,99352.89695778089,1.2056699705476248,339.6566041205638
62.1,165.57548440230389,-10.862607406235595,-4.266581461457694,-1.896677910550998,0.0,0.0,0.0,0.0,11.823592691125274,287.073759351385,99351.64292318866,1.2056576479321435,339.6561962787387
62.15,165.15325969462626,-10.490755342076088,-4.713729512141882,-2.7106241175666455,0.0,0.0,0.0,0.0,11.816203987223194,287.07650381198494,99356.63518277704,1.2057067035766054,339.65781985245445
62.2,165.12147948749734,-9.801410976580492,-3.8325426825754167,-2.054338008566965,0.0,0.0,0.0,0.0,10.722702327260503,287.07671038333126,99357.0109507305,1.2057103959816287,339.65794205604755
62.25,164.92775128218466,-10.949166679946622,-3.3569281591592035,-0.15218269680622773,0.0,0.0,0.0,0.0,11.453225625308205,287.07796961666577,99359.30161050856,1.2057329046122864,339.65868699306
62.3,164.54848611756518,-9.92675603684373,-2.8331998391716886,-0.011377523301402015,0.0,0.0,0.0,0.0,10.32316018434919,287.0804348402358,99363.78619983977,1.205776971090898,339.6601453648125
62.35,164.03575441589376,-7.409207845598606,-3.759413016013005,1.0849175582586155,0.0,0.0,0.0,0.0,8.378937476343033,287.0837675962967,99369.8492136809,1.2058365468852559,339.6621169396489
62.4,163.90406100602613,-9.80214981987672,-3.855717114691843,0.875918566787854,0.0,0.0,0.0,0.0,10.56957562513654,287.0846236034608,99371.40652670749,1.2058518490907606,339.66262333015504
62.45,163.5021051094801,-8.515092305031615,-5.953466509276025,-1.5544645519227085,0.0,0.0,0.0,0.0,10.505566166726291,287.08723631678833,99376.15989477068,1.2058985555487924,339.66416893547625
62.5,163.58977862926014,-11.030930432121304,-3.2805849476671938,-1.736740037236104,0.0,0.0,0.0,0.0,11.638725435119573,287.0866664389098,99375.1230874421,1.2058883679460137,339.6638318128745
62.55,163.19261299137352,-11.11246277643677,-3.574716680351388,-2.578371860240644,0.0,0.0,0.0,0.0,11.954640511205515,287.08924801555605,99379.81994899544,1.205934518846807,339.6653589932472
62.6,162.62058220062949,-10.967959898701467,-5.2880993738156885,-5.314083751380333,0.0,0.0,0.0,0.0,13.285316158961287,287.09296621569587,99386.58507324968,1.2060009915646417,339.66755855262613
62.65,162.61006166216646,-9.65480353674723,-4.590382827933176,-5.081279904782236,0.0,0.0,0.0,0.0,11.836648652000884,287.0930345991959,99386.70949792876,1.2060022141278544,339.6675990058205
62.7,162.4417912388148,-8.59839901370003,-5.085676784137585,-1.7796431133007278,0.0,0.0,0.0,0.0,10.14710321038632,287.0941283569477,99388.6996217079,1.2060217685057648,339.6682460325171
62.75,162.09186797915183,-10.174195796359308,-4.606247363332596,0.6858867854426598,0.0,0.0,0.0,0.0,11.189379587685314,287.0964028581355,99392.8382455506,1.2060624331823866,339.66959153948255
62.8,162.40096338965833,-11.688395972472208,-3.0023525545361474,1.2858752394465722,0.0,0.0,0.0,0.0,12.13615245464789,287.0943937379672,99389.18249499235,1.2060265130671008,339.6684030219427
62.85,162.08195813540527,-12.372942467059973,-4.539985835299676,0.10373607805965457,0.0,0.0,0.0,0.0,13.179982467810383,287.09646727211987,99392.95545361127,1.2060635848232824,339.6696296442277
62.9,162.21504463738944,-13.361970542866029,-4.228126729065833,-1.2986188983804519,0.0,0.0,0.0,0.0,14.075003497999255,287.09560220985696,99391.38139062724,1.2060481186699954,339.6691179075237
62.95,161.64871598912495,-11.225470061313349,-3.1089475327382567,-1.045731363683459,0.0,0.0,0.0,0.0,11.694882938437344,287.09928334607065,99398.07970755472,1.206113933500362,339.6712955171299
63.0,161.25170526332616,-9.239433901799723,-3.01454401994389,-0.6943640549369192,0.0,0.0,0.0,0.0,9.743549451544542,287.1018639157884,99402.77561530775,1.2061600730015547,339.6728220682925
63.05,161.29263147615913,-10.867677300410906,-3.56505189616666,-1.988714830768215,0.0,0.0,0.0,0.0,11.60909090352666,287.10159789540495,99402.29152506868,1.2061553166065602,339.6726647026905
63.1,160.49103865674908,-10.137150280780693,-1.8386717273098054,-0.2847714452307877,0.0,0.0,0.0,0.0,10.306484575836677,287.1068082487311,99411.77340608138,1.2062484793671446,339.67574689829945
63.15,160.71336643992746,-9.720189739724951,-1.375327459844889,0.003928715189697965,0.0,0.0,0.0,0.0,9.81700716271821,287.1053631181405,99409.1434618431,1.2062226394247835,339.674892031023
63.2,160.49273399538595,-8.618128795935327,-3.2889442669549784,0.4544985823790933,0.0,0.0,0.0,0.0,9.235576175629234,287.10679722902995,99411.75335148713,1.206248282325604,339.6757403796012
63.25,160.18157356467665,-7.782195547986257,-6.292480921920484,-0.3599804763609141,0.0,0.0,0.0,0.0,10.01436316713107,287.1088197718296,99415.43420265788,1.2062844475073493,339.6769368115904
63.3,159.7658295954575,-9.587367439378589,-4.377181896727067,0.6313504970935424,0.0,0.0,0.0,0.0,10.5582166687785,287.1115221076295,99420.35238991972,1.2063327693938852,339.67853536747515
63.35,159.41410986878475,-10.070775798073612,-4.605406612981323,-0.2617980666131259,0.0,0.0,0.0,0.0,11.076950549390371,287.1138082858529,99424.51333407171,1.2063736509044436,339.67988774114326
63.4,159.23428101267586,-10.679424745852588,-3.7752785989309317,-1.1366921823225524,0.0,0.0,0.0,0.0,11.38397604175394,287.11497717341757,99426.64081493695,1.2063945533979552,339.68057918680205
63.45,158.647904634556,-11.00439432246597,-3.584986886637756,-1.8850793558115022,0.0,0.0,0.0,0.0,11.72613958467972,287.1187886198754,99433.5782475606,1.206462713062795,339.68283380628657
63.5,158.42355591273835,-12.695677106444997,-5.1588749031723875,-5.180498910508425,0.0,0.0,0.0,0.0,14.65031659792622,287.1202468865672,99436.2326261957,1.206488791859903,339.6836964240479
63.55,158.3186957031025,-11.87681466992739,-5.929809412252659,-3.376562506331479,0.0,0.0,0.0,0.0,13.697537761532406,287.1209284779298,99437.47329791506,1.2065009811930487,339.68409960936594
63.6,158.00951634888654,-11.809671350862464,-5.637799105051755,-0.3638340267987008,0.0,0.0,0.0,0.0,13.091428163625258,287.1229381437322,99441.1314799221,1.2065369218770468,339.68528839474584
63.65,158.0303136556912,-10.881138317329047,-4.211888368315604,1.5344212780488884,0.0,0.0,0.0,0.0,11.768331375625342,287.122802961238,99440.88540466045,1.2065345042596805,339.68520842985305
63.7,158.01023650332624,-10.71349811758205,-2.39352720147294,2.215747940648539,0.0,0.0,0.0,0.0,11.19899787106477,287.1229334627284,99441.12295899376,1.2065368381614408,339.6852856257784
63.75,157.68036133281788,-10.806883463969415,-3.007224497464289,1.117079644657706,0.0,0.0,0.0,0.0,11.272976373366241,287.12507765133665,99445.02613190636,1.2065751855404168,339.68655398137656
63.8,157.9535757831498,-10.280618713310766,-3.7360166917643105,0.18943438188273998,0.0,0.0,0.0,0.0,10.940056089191515,287.1233017574095,99441.79337525161,1.2065434247991311,339.68550348410537
63.85,157.45892924298653,-11.23646473729715,-4.394418482150276,-2.2888992001824655,0.0,0.0,0.0,0.0,12.280395479681513,287.12651695992054,99447.64624632118,1.2066009271346747,339.68740537541754
63.9,157.4216947776147,-9.841109386921739,-3.2462085120868895,-3.2840955898658146,0.0,0.0,0.0,0.0,10.870629582166831,287.1267589839455,99448.0868318533,1.206605255701677,339.68754853965163
63.95,156.07496759575952,-10.26970253736228,-3.112089557085536,-3.4325363785603837,0.0,0.0,0.0,0.0,11.266507782244084,287.13551271062755,99464.0233590935,1.2067618229066694,339.69272658245114
64.0,156.7598213740893,-10.941445937675729,-3.663586621685812,-4.42815502241388,0.0,0.0,0.0,0.0,12.359031638611711,287.1310611610684,99455.91886767985,1.2066822015410135,339.69009339219554
64.05,156.80530577475582,-11.949705832198035,-4.663654383491842,-6.6571464465350525,0.0,0.0,0.0,0.0,14.452084295884267,287.13076551246405,99455.38062874853,1.2066769136492945,339.6899185087687
64.1,156.31637015623062,-11.057589325112088,-3.9224802040815545,-4.09667392612466,0.0,0.0,0.0,0.0,12.427343637770468,287.1339435939845,99461.16656420675,1.2067337568927785,339.69179841749866
64.15,155.9715990827605,-11.156875316855295,-5.285022651296288,-2.2280300269920064,0.0,0.0,0.0,0.0,12.544777760556293,287.13618460596206,99465.24665823039,1.2067738409191453,339.6931240216646
64.2,156.3242152953862,-12.852847820340768,-6.697522502638991,-0.6007239522807564,0.0,0.0,0.0,0.0,14.505632493381249,287.13389260057994,99461.07372474264,1.206732844807332,339.6917682538025
64.25,155.6326081567159,-11.70888612149534,-4.1023959519255815,2.0113146786758858,0.0,0.0,0.0,0.0,12.568733169622892,287.13838804698133,99469.25848090168,1.2068132539229275,339.69442739680085
64.3,155.3306011139699,-11.324084844931969,-3.4016699984936167,1.8469603815266813,0.0,0.0,0.0,0.0,11.96735221361846,287.14035109275915,99472.8327243983,1.2068483678005704,339.69558856960026
64.35,154.99015607270434,-10.741188026362888,-3.650805512745842,1.1491183551594129,0.0,0.0,0.0,0.0,11.402717838469089,287.1425639855274,99476.8620050471,1.2068879517402251,339.6968975261091
64.4,155.37875258411069,-10.868765624893282,-4.5495123661042,-0.005031299862622796,0.0,0.0,0.0,0.0,11.782535987306604,287.14003810820327,99472.2628463517,1.2068427692534869,339.6954034345234
64.45,154.46401155141342,-11.730878448368717,-4.767831015719665,-0.7937893924292476,0.0,0.0,0.0,0.0,12.68762481177597,287.1459839249158,99483.08936094787,1.206949129127424,339.6989204573749
64.5,154.4721829392455,-11.864368490094083,-4.9645725263756,-1.8368191128426186,0.0,0.0,0.0,0.0,12.991694442669314,287.14593081089487,99482.99264339621,1.2069481789822079,339.6988890399471
64.55,154.37037071943664,-9.906747715750035,-3.3417504682170116,-0.7941137948021345,0.0,0.0,0.0,0.0,10.48530224716685,287.1465925903236,99484.19771079023,1.2069600174519213,339.69928048830684
64.6,153.55437543388953,-10.72047152081091,-4.633854907299531,-2.9398451633692186,0.0,0.0,0.0,0.0,12.043413574024896,287.1518965596797,99493.85640194431,1.20705490254753,339.70241781659206
64.65,153.81735817903305,-9.453955855399137,-2.2772650010825117,-1.284444018335638,0.0,0.0,0.0,0.0,9.80882325445969,287.15018717183625,99490.74347124192,1.207024321915652,339.7014067070459
64.7,153.75585873172656,-10.357352791545031,-3.100178721245073,-2.8898853666811517,0.0,0.0,0.0,0.0,11.190947340808295,287.15058691824373,99491.47143405785,1.2070314732517364,339.70164315886757
64.75,153.1943654104369,-9.270935872459166,-2.6465875185861925,-3.234234018250125,0.0,0.0,0.0,0.0,10.16931399503392,287.15423662483215,99498.1179738797,1.2070967668407422,339.7038019693352
64.8,153.28715782730427,-10.873876473917361,-4.212217694832576,-4.009543680535962,0.0,0.0,0.0,0.0,12.331277630675583,287.1536334741225,99497.01954154803,1.2070859762322932,339.70344520514595
64.85,152.6847818794284,-9.921244985968853,-4.601479747849024,-3.6522760430792225,0.0,0.0,0.0,0.0,11.530127416309295,287.1575489177837,99504.15035547408,1.2071560264074364,339.70576118692736
64.9,152.15434926506006,-8.712422218392575,-5.117455658757019,-1.9803079842996,0.0,0.0,0.0,0.0,10.296420399515824,287.1609967297771,99510.42986029162,1.2072177128821087,339.7078005518795
64.95,152.1496076860538,-9.225980442879463,-4.635144391322627,0.4550598606570676,0.0,0.0,0.0,0.0,10.33490968212036,287.1610275500406,99510.48599472779,1.2072182643132487,339.7078187818685
65.0,152.15250109716447,-10.54427619269255,-5.12627077373757,0.040766920853600175,0.0,0.0,0.0,0.0,11.724422135665995,287.16100874286843,99510.45174031271,1.2072179278183617,339.7078076575464
65.05,152.69430581907875,-10.3468809319945,-4.078619173555809,0.7462729660289786,0.0,0.0,0.0,0.0,11.14674852697387,287.157487012176,99504.03760963635,1.2071549188462563,339.70572456993295
65.1,152.00934982294044,-8.987990449207304,-3.044062130617032,1.6346897361506096,0.0,0.0,0.0,0.0,9.629252157025205,287.1619392261509,99512.14648610598,1.2072345759610332,339.70835803202317
65.15,151.77297480360767,-9.59719040487242,-3.364487882532392,0.5240877581925181,0.0,0.0,0.0,0.0,10.183344752946834,287.1634756637765,99514.94494455539,1.207262066181452,339.7092668223843
65.2,151.6569149796661,-9.202935577712012,-2.8533937462664305,-0.14175615976121125,0.0,0.0,0.0,0.0,9.636180463626662,287.16423005263215,99516.31900730291,1.207275564018856,339.7097130363677
65.25,151.72206369191892,-10.079600495302794,-2.7103659803640956,-1.6408508047476222,0.0,0.0,0.0,0.0,10.565832728936432,287.1638065860025,99515.54769269096,1.2072679871645677,339.70946255987167
65.3,151.6018430126352,-10.521445149949033,-3.2901380288625908,-2.128852399450889,0.0,0.0,0.0,0.0,11.22754776569673,287.16458802041785,99516.97102416388,1.2072819689669154,339.7099247707746
65.35,151.0505844950202,-10.940212851524572,-2.7949168998191976,-2.0789876199941904,0.0,0.0,0.0,0.0,11.48137653931999,287.16817120078235,99523.49776299128,1.2073460825486781,339.71204417927015
65.4,150.64147652878356,-9.70036207021562,-4.419907238710842,-1.2418855135579676,0.0,0.0,0.0,0.0,10.731956201963904,287.1708304025629,99528.34170513177,1.2073936651336796,339.7136170568939
65.45,150.52095799009055,-9.412782379920117,-3.4203660910360814,0.08819558835561528,0.0,0.0,0.0,0.0,10.015345964581027,287.1716137730644,99529.76871161629,1.2074076826938378,339.71408040730574
65.5,149.93635867755876,-10.516042796480649,-2.607998813860686,-1.6398168875560892,0.0,0.0,0.0,0.0,10.958002251105146,287.17541366859587,99536.690927499,1.2074756794438846,339.7163279723226
65.55,149.6985948814047,-11.696528230536353,-4.408164501351658,-4.773892258225436,0.0,0.0,0.0,0.0,13.380236702385183,287.1769591332708,99539.50639012904,1.207503335404095,339.7172420806568
65.6,149.54250672533612,-9.960240198208375,-3.5027949274156103,-4.062570524892599,0.0,0.0,0.0,0.0,11.312843867890189,287.1779737062853,99541.35473169346,1.2075214913662349,339.71784217692317
65.65,149.14312752945867,-10.80501162079705,-4.227150162489303,-0.7106779880219263,0.0,0.0,0.0,0.0,11.624204825468773,287.1805696710585,99546.08416751945,1.207567947562249,339.7193776246923
65.7,149.01376284198597,-11.846447576452173,-4.845409500611902,1.3346741113947627,0.0,0.0,0.0,0.0,12.868475760317422,287.18141054152704,99547.61613907674,1.2075829956880113,339.7198749769043
65.75,149.4567319139817,-10.516253804582353,-2.0844905101084974,2.9704405954732667,0.0,0.0,0.0,0.0,11.124756720951735,287.1785312425591,99542.37045895861,1.207531468664613,339.71817194616955
65.8,148.86522191100013,-9.78821676620236,-2.57999238290182,2.1449174615266533,0.0,0.0,0.0,0.0,10.347280757511045,287.1823760575785,99549.37522443266,1.2076002746344021,339.72044605272004
65.85,148.77719109905144,-10.544836560494284,-4.56770381945032,0.2129843726452128,0.0,0.0,0.0,0.0,11.493600767938176,287.18294825785614,99550.41773490816,1.2076105148619902,339.7207844927723
65.9,148.20979979684788,-13.113791559874795,-5.999466004324277,-1.482627511915229,0.0,0.0,0.0,0.0,14.497010234940653,287.18663630132045,99557.13731451945,1.2076765185288596,339.72296585661036
65.95,148.27893886590195,-13.123769281666657,-4.89932238151901,-1.4832964822561197,0.0,0.0,0.0,0.0,14.086761459283105,287.1861868973716,99556.31848521087,1.207668475550683,339.7227000487997
66.0,148.23868253698174,-11.278816060039917,-3.6006972768346874,-0.8799008636430756,0.0,0.0,0.0,0.0,11.872276029702938,287.1864485635096,99556.79524916752,1.2076731585820693,339.72285481583015
66.05,147.491952424467,-11.101220692758226,-3.624765171364751,-1.9770279355039728,0.0,0.0,0.0,0.0,11.844182659627698,287.19130230924094,99565.63926219768,1.2077600284495598,339.7257256361588
66.1,147.5864529406897,-11.546176174935802,-4.833979463677126,-2.8169325167729813,0.0,0.0,0.0,0.0,12.830302043286444,287.1906880558855,99564.51999562883,1.2077490345918456,339.72536232818817
66.15,147.311257839358,-9.9753077297573,-2.4486816371295386,-3.314733567061389,0.0,0.0,0.0,0.0,10.793065583233277,287.19247682404415,99567.77944192334,1.207781050035272,339.726420316817
66.2,146.81651091703768,-8.988786936535897,-0.03796178775061476,-1.1923260803330349,0.0,0.0,0.0,0.0,9.067600188010605,287.1956926790392,99573.63950561799,1.2078386091683495,339.72832236498255
66.25,146.76205366708734,-11.194881420459229,-3.195643651016127,-1.6380775769270268,0.0,0.0,0.0,0.0,11.756734517307688,287.1960466511639,99574.28454529388,1.2078449448834085,339.72853172452744
66.3,146.61665697384,-10.581941935835083,-4.251864473256827,-1.5393792970133138,0.0,0.0,0.0,0.0,11.507629436699892,287.19699172967,99576.0067684818,1.2078618608827139,339.7290906978713
66.35,145.9313671268415,-11.283560958245381,-4.352989261838924,-2.484297408335743,0.0,0.0,0.0,0.0,12.346618849919523,287.2014461136755,99584.12434843901,1.2079415925267094,339.7317252623057
66.4,145.8931799043367,-11.50151192336244,-4.660394826530057,-3.3835355433070475,0.0,0.0,0.0,0.0,12.862828974810268,287.20169433062176,99584.57670977848,1.2079460356265233,339.7318720706772
66.45,145.19890853370137,-10.821596034678644,-4.518274634891288,-2.893582800568615,0.0,0.0,0.0,0.0,12.078682371758148,287.2062070945309,99592.8012567735,1.2080268165800407,339.73454114216753
66.5,145.25646971383563,-10.833512386314425,-4.647336643384201,-4.860286003799154,0.0,0.0,0.0,0.0,12.750886578591135,287.20583294686,99592.11934885096,1.2080201189740394,339.73431985355063
66.55,144.9840135604482,-9.674673490026537,-5.387345916421464,-5.308371670137689,0.0,0.0,0.0,0.0,12.28013081974804,287.20760391185706,99595.34707857978,1.2080518212152338,339.73536728468235
66.6,144.95738413988087,-8.96820619500751,-5.703952505345325,-2.7017746685614292,0.0,0.0,0.0,0.0,10.966466290427674,287.20777700309077,99595.66255616916,1.2080549197747852,339.7354696587215
66.65,144.46337240702687,-9.693036347151962,-5.1986226532691155,1.7863175407458811,0.0,0.0,0.0,0.0,11.143229400612206,287.2109880793543,99601.51523846835,1.2081124033438553,339.7373688298803
66.7,144.36329573223796,-10.98268865464822,-4.358143358176059,1.304729072652858,0.0,0.0,0.0,0.0,11.88760621691257,287.2116385777404,99602.70090614007,1.2081240485943299,339.73775356182676
66.75,144.58154778663385,-10.390014572690736,-3.872596514018605,0.9958026026417164,0.0,0.0,0.0,0.0,11.132880552873228,287.21021993938683,99600.11515943133,1.2080986521792372,339.73691451922235
66.8,144.74323616095052,-12.40662458849653,-4.732003109170252,-1.3391332419714663,0.0,0.0,0.0,0.0,13.345765805859049,287.2091689649538,99598.19958739694,1.208079837934394,339.73629292724377
66.85,144.25646327693704,-10.444966191453007,-2.610404300034008,-0.3810950783175887,0.0,0.0,0.0,0.0,10.772964439231675,287.21233298869987,99603.96662615918,1.2081364800643732,339.7381642650246
66.9,143.83840033466453,-9.879315503534968,-2.8504087406283025,-1.3289347928417183,0.0,0.0,0.0,0.0,10.36782390333969,287.21505039782465,99608.91984014276,1.2081851285526606,339.7397714477565
66.95,143.3864787080483,-9.716781973617008,-3.3149966476156925,-1.8847969950866137,0.0,0.0,0.0,0.0,10.438271619822855,287.21798788839766,99614.27443649863,1.208237718740484,339.7415087867692
67.0,143.1630301257145,-10.147126809954466,-1.644270243695889,-3.0432683872791544,0.0,0.0,0.0,0.0,10.720507898817718,287.21944030418285,99616.92205460205,1.2082637221327133,339.74236779513086
67.05,143.23901601449052,-9.026702204484959,-0.07238240006552654,-2.399452137959017,0.0,0.0,0.0,0.0,9.340447658578734,287.2189463959058,99616.02169962414,1.2082548793753156,339.74207568112996
67.1,142.795434852997,-9.146494423478686,-0.9252114287405857,-1.3234533647659044,0.0,0.0,0.0,0.0,9.287944080113158,287.2218296734555,99621.27777523744,1.2083065012459413,339.7437809450992
67.15,142.70893237128732,-9.916436240344177,-1.8099344916894982,-1.5986042797430646,0.0,0.0,0.0,0.0,10.206228795016871,287.2223919395866,99622.30278538342,1.2083165681908763,339.74411348654985
67.2,142.22308956513945,-11.508465021065875,-4.157689838172346,-3.9522181194656953,0.0,0.0,0.0,0.0,12.858894975672339,287.2255499178266,99628.05993271523,1.208373110567609,339.74598120577815
67.25,142.05067568590937,-9.516991866338667,-3.4545815396597552,-4.206225734524917,0.0,0.0,0.0,0.0,10.963557941101694,287.22667060804156,99630.10307003836,1.2083931765782796,339.7466440117601
67.3,141.84557219262487,-7.987684064962094,-5.114158491423637,-1.7679506105726026,0.0,0.0,0.0,0.0,9.64797197127323,287.22800378074794,99632.53362970409,1.208417047429887,339.7474324838514
67.35,141.8170836646174,-9.431433910345566,-6.0540975168887305,2.582464565655394,0.0,0.0,0.0,0.0,11.50100715511821,287.22818895617996,99632.87123412469,1.2084203630792987,339.7475420011454
67.4,141.02797632258066,-10.315824700645658,-4.642643382109813,1.2592869910814712,0.0,0.0,0.0,0.0,11.382274840900923,287.2333181539032,99642.2229498807,1.208512206438277,339.7505755204972
67.45,141.4192969689387,-11.08437172947793,-4.632565172728488,0.8787335759082571,0.0,0.0,0.0,0.0,12.045585474116855,287.23077456970185,99637.58531776167,1.2084666603796115,339.74907119273496
67.5,141.01167336385151,-11.861737646053522,-3.5323171093328787,0.8468759885333026,0.0,0.0,0.0,0.0,12.405453763754206,287.23342412313497,99642.41616383419,1.2085141039784972,339.7506381927255
67.55,140.59620661366904,-11.739698645740473,-3.3824903689994263,-0.37124369537290036,0.0,0.0,0.0,0.0,12.222912389055594,287.23612465701115,99647.34015608266,1.208562461912904,339.75223533615355
67.6,140.53847588368612,-11.322175952072989,-3.4681653491859223,-1.3460617363104836,0.0,0.0,0.0,0.0,11.917706212898226,287.236499906756,99648.02437965616,1.2085691815541755,339.7524572648858
67.65,140.56546380365324,-10.85162130904221,-3.0019365887794427,-2.318919249098754,0.0,0.0,0.0,0.0,11.495507592174974,287.2363244852762,99647.70451884052,1.208566040257568,339.7523535178203
67.7,139.95227109350986,-9.057505399830777,-1.0325347240769625,-2.043144658408621,0.0,0.0,0.0,0.0,9.342321559418304,287.2403102378922,99654.9722837277,1.2086374152201806,339.7547107477713
67.75,139.92175318490416,-9.182557863082877,-0.8079411725627581,-3.2593806966382144,0.0,0.0,0.0,0.0,9.77730537381364,287.2405086042981,99655.33400338954,1.2086409675556926,339.7548280640163
67.8,140.01866665369877,-11.990321119311853,-2.304729780575999,-5.125948821028799,0.0,0.0,0.0,0.0,13.242164899346944,287.23987866675094,99654.18532064269,1.2086296866937165,339.75445551134015
67.85,139.3444103345037,-8.860905216223237,-1.197300190307959,0.34112395706770093,0.0,0.0,0.0,0.0,8.947934652794977,287.2442613328257,99662.17727617973,1.2087081727323068,339.7570474645414
67.9,139.14210720263486,-9.894187463747249,-2.4940371132132784,-1.0339441445373743,0.0,0.0,0.0,0.0,10.25593521741833,287.2455763031829,99664.57527503298,1.2087317223583103,339.75782514750136
67.95,139.03387713813495,-10.279158115273525,-4.896746761240578,-2.3123397092493576,0.0,0.0,0.0,0.0,11.618353383052396,287.2462797986021,99665.8581985797,1.2087443213066067,339.75824119903876
68.0,138.32677655536912,-10.682803127861764,-5.923717326517437,-4.631047544469346,0.0,0.0,0.0,0.0,13.063663766044789,287.25087595239006,99674.2402651339,1.2088266366161986,339.76095938024866
68.05,138.0311356146687,-11.499792217489581,-5.3718369343717915,-4.265185250883188,0.0,0.0,0.0,0.0,13.390058189539968,287.25279761850464,99677.74500230541,1.2088610541730704,339.7620958537731
68.1,137.73893617457583,-11.347952778609619,-5.615137120146849,-5.900759039677131,0.0,0.0,0.0,0.0,13.968706253190959,287.25469691486524,99681.20903954077,1.208895071818269,339.76321909408745
68.15,137.94176130069107,-10.123568213220926,-5.196249347464908,-3.0265463153283374,0.0,0.0,0.0,0.0,11.774872536362937,287.2533785515455,99678.80452838726,1.2088714589876242,339.7624394168808
68.2,137.20586346085165,-9.646662798565053,-5.204486273783738,-1.6254713194323243,0.0,0.0,0.0,0.0,11.080926745246508,287.25816188750446,99687.52889118157,1.2089571336406073,339.7652682628574
68.25,137.18084155308455,-10.627912660541021,-4.063551201810119,4.430062087277734,0.0,0.0,0.0,0.0,12.210259046676942,287.25832452990494,99687.82554676036,1.2089600468212676,339.765364448516
68.3,137.71758308817778,-10.69175770632668,-2.7991561078702403,4.447013672330509,0.0,0.0,0.0,0.0,11.91322325690733,287.2548357099268,99681.46218514271,1.2088975577576906,339.76330117708164
68.35,137.43639789394874,-11.359085563864562,-4.327746289165017,-0.00268964827310042,0.0,0.0,0.0,0.0,12.155583903078687,287.2566634136893,99684.79574689936,1.2089302938753863,339.7643820739003
68.4,137.28091528714725,-11.313642857191264,-4.390348224600817,-0.20379118827254242,0.0,0.0,0.0,0.0,12.137347448340925,287.2576740506335,99686.63909349327,1.2089483957487979,339.76497975913895
68.45,137.07080064414038,-11.26817713146871,-4.51139139486718,-1.2670700329707276,0.0,0.0,0.0,0.0,12.203685289792116,287.25903979581307,99689.13018196802,1.208972858420037,339.76578745180245
68.5,136.50539314831946,-9.179640893599908,-2.9501870737230216,-0.05262434950065087,0.0,0.0,0.0,0.0,9.64220825472954,287.2627149445359,99695.83382086139,1.209038688067261,339.76796090090755
68.55,136.52475784214238,-11.431490384566919,-5.262339693409667,-1.850131685760676,0.0,0.0,0.0,0.0,12.719834067940372,287.26258907402604,99695.6042212739,1.2090364334162105,339.7678864624773
68.6,135.94020536288565,-11.407842371219544,-3.4174484987591334,-3.4548943293250236,0.0,0.0,0.0,0.0,12.399762765273584,287.2663886651412,99702.53521960735,1.2091044948745133,339.770133491542
68.65,135.44937598154667,-11.649116973808223,-4.3073499998526295,-4.904506935985851,0.0,0.0,0.0,0.0,13.353253482797014,287.26957905611994,99708.35525099748,1.2091616460936325,339.77202023604434
68.7,135.85132887063244,-10.763926921213626,-4.4212418671504885,-4.017690001178355,0.0,0.0,0.0,0.0,12.310618804862747,287.26696636234084,99703.58905620189,1.2091148433272934,339.770475132896
68.75,135.35802515093266,-9.969515343906226,-4.840284201568017,-4.7909522035623935,0.0,0.0,0.0,0.0,12.073641139322882,287.2701728365189,99709.43847793018,1.209172283034894,339.7723713868034
68.8,134.81536858639652,-9.496377497542039,-4.538621432389217,-1.8281410890102705,0.0,0.0,0.0,0.0,10.68280721176289,287.2737001041884,99715.87342927702,1.2092354717412193,339.774457340263
68.85,134.2237335251892,-10.801335661470219,-5.581776797902746,-0.29893584283052166,0.0,0.0,0.0,0.0,12.162008342847102,287.27754573208625,99722.88956252452,1.2093043665424816,339.7767315508134
68.9,134.40669466129657,-10.86823066991268,-4.136051714757766,1.2576973939467406,0.0,0.0,0.0,0.0,11.696459482096355,287.2763564847015,99720.71980442003,1.2092830607381297,339.7760282605396
68.95,134.28885890100776,-11.5628964154055,-3.580146658047823,2.517991598036503,0.0,0.0,0.0,0.0,12.363587881125396,287.2771224171434,99722.11722848291,1.20929678266665,339.7764812134257
69.0,134.10989020401064,-11.695330750133024,-5.155552029853769,-0.06796633561278953,0.0,0.0,0.0,0.0,12.78143565920171,287.2782857136739,99724.23966344731,1.209317623729755,339.7771691561311
69.05,134.06078334234655,-9.99718928177374,-3.9152675001183264,0.8639389859858938,0.0,0.0,0.0,0.0,10.77123501296861,287.2786049082747,99724.82204051373,1.2093233423152845,339.7773579191061
69.1,133.47475529028014,-11.357434074610017,-5.4565728916201,-1.6651043340685148,0.0,0.0,0.0,0.0,12.709762740665532,287.28241409061314,99731.77218399865,1.2093915879703299,339.77961055748284
69.15,133.18263688873046,-11.49144680556928,-5.923232504511837,-2.84633507073096,0.0,0.0,0.0,0.0,13.237811613805622,287.2843128602232,99735.23678034314,1.2094256075986443,339.78073342839485
69.2,133.30628582382548,-11.383186149423198,-5.46342501685292,-1.9683674605431243,0.0,0.0,0.0,0.0,12.778904893883492,287.28350914214514,99733.77026155806,1.2094112075577912,339.780258135981
69.25,133.44033872029672,-9.436414257226025,-4.3534643317146,0.17517943349610943,0.0,0.0,0.0,0.0,10.393712212458542,287.28263779831804,99732.18036794891,1.2093955960293863,339.7797428511742
69.3,132.57087970313427,-10.051762619974372,-4.577359389107603,-0.042519473711974065,0.0,0.0,0.0,0.0,11.04499699642378,287.2882892819296,99742.49268732124,1.2094968542057158,339.78308494351074
69.35,132.45586444012116,-11.55082407706265,-5.973642379034397,-2.1457213457930444,0.0,0.0,0.0,0.0,13.179911237396018,287.28903688113917,99743.85690382923,1.2095102494985008,339.78352704541663
69.4,132.03277780118174,-9.986323188638437,-4.3237223476470685,0.2725353471486539,0.0,0.0,0.0,0.0,10.885563893658697,287.2917869442923,99748.87533977887,1.2095595254083449,339.785153323836
69.45,132.27267266637037,-11.1785628814145,-5.229168760523018,-1.3055001455048068,0.0,0.0,0.0,0.0,12.41002839036563,287.29022762766857,99746.02980526419,1.2095315852267758,339.7842312067044
69.5,131.8386144060075,-10.592225344943413,-4.468111586226076,-1.9776218592313115,0.0,0.0,0.0,0.0,11.66491522142955,287.29304900636095,99751.17847448004,1.2095821396783246,339.7858996547477
69.55,131.3506123362313,-11.002570675317857,-4.2703986836723145,-3.4670852165943127,0.0,0.0,0.0,0.0,12.300957128695373,287.2962210198145,99756.96726599819,1.2096389788566662,339.78777544407455
69.6,131.09468170437376,-11.317540723538375,-3.5368064263517067,-3.8428717373060617,0.0,0.0,0.0,0.0,12.464485184548055,287.2978845689216,99760.00328208643,1.2096687887413566,339.7887591897538
69.65,131.0981151314057,-10.008282326725865,-4.117517658908866,-3.6363379307419263,0.0,0.0,0.0,0.0,11.416769260584717,287.2978622516458,99759.96255204029,1.2096683888243354,339.7887459923723
69.7,130.5423030119775,-9.961669457241243,-4.493189535715248,-3.6591270849934188,0.0,0.0,0.0,0.0,11.524444524719032,287.3014750304221,99766.55621343567,1.2097331297514358,339.7908824122209
69.75,130.3454035910657,-11.024915317299396,-5.255759185941892,-2.630557429145236,0.0,0.0,0.0,0.0,12.493662183774083,287.30275487665807,99768.89213795723,1.2097560652075368,339.7916392471754
69.8,130.0463435675128,-11.233205761935661,-6.330560784388133,-1.2278711196463874,0.0,0.0,0.0,0.0,12.952551062291903,287.30469876681116,99772.44013377966,1.209790901284277,339.7927887601772
69.85,129.515350225914,-10.398084183768692,-4.8482529698382635,0.8180440914295908,0.0,0.0,0.0,0.0,11.501952342442088,287.3081502235315,99778.73999767569,1.2098527560587637,339.79482975809185
69.9,130.18800787988238,-10.735119493340093,-3.8120336136193878,0.6039071321673575,0.0,0.0,0.0,0.0,11.40785232337521,287.30377794878075,99770.75944041522,1.2097743993880778,339.7922442379704
69.95,130.26950525442876,-10.47119538693389,-3.3991489891313296,1.5160805228678984,0.0,0.0,0.0,0.0,11.112994503439543,287.30324821584617,99769.79257287641,1.2097649061703506,339.791930982038
70.0,130.08933223150842,-10.806618435780099,-3.443903818753281,1.432483963494188,0.0,0.0,0.0,0.0,11.432212639512692,287.30441934049514,99771.93011749993,1.2097858936924748,339.7926235225903
70.05,129.27163020987845,-11.30774883558011,-4.306236579701051,-0.1452890934124706,0.0,0.0,0.0,0.0,12.100825018550733,287.3097344036358,99781.63167272345,1.2098811475198272,339.7957665492452
70.1,129.12195536033,-11.040597560194572,-3.5036551806603597,-0.7580400331084168,0.0,0.0,0.0,0.0,11.607972208914765,287.31070729015784,99783.4075597918,1.2098985837128127,339.79634185596484
70.15,129.02410801522393,-11.57026764289999,-3.8936385061807974,-2.423608430305497,0.0,0.0,0.0,0.0,12.44609946805023,287.31134329790103,99784.56852909313,1.209909982426431,339.79671795225966
70.2,128.2095724193665,-11.174206858838453,-4.449938079251445,-3.565393877273102,0.0,0.0,0.0,0.0,12.544994273947712,287.3166377792741,99794.2335062913,1.210004874832346,339.7998487703561
70.25,127.9940358843469,-9.85323247501013,-2.638310260927992,-2.0953593655935205,0.0,0.0,0.0,0.0,10.413328099627547,287.3180387667517,99796.79110968023,1.2100299855290566,339.80067722003514
70.3,127.6930658885736,-10.184208474715565,-3.7090540946004404,-2.284028965105871,0.0,0.0,0.0,0.0,11.076640864747002,287.31999507172424,99800.36257389424,1.2100650501646124,339.80183404371707
70.35,127.76046534884826,-9.871147280019153,-4.600993614528869,-3.755976424917414,0.0,0.0,0.0,0.0,11.520245213071654,287.31955697523244,99799.56276836384,1.210057197694683,339.80157498404367
70.4,127.46497483444767,-10.482999459518657,-5.015906774460563,-3.2476292156025472,0.0,0.0,0.0,0.0,12.06646982179888,287.32147766357605,99803.06928817432,1.2100916245263074,339.802710743545
70.45,127.12468345494769,-9.573072870747755,-4.736945374769311,-2.30092618644576,0.0,0.0,0.0,0.0,10.92596160471319,287.3236895575428,99807.10757342272,1.210131271918595,339.80401869679196
70.5,127.33840041754125,-10.937624202790579,-6.013015021100209,-2.4008522885420227,0.0,0.0,0.0,0.0,12.710313314660832,287.32230039728597,99804.5713489745,1.210106371611787,339.80319724902137
70.55,126.76842491840159,-10.889239781338556,-5.467580715465648,-0.5294626144223082,0.0,0.0,0.0,0.0,12.196323731177724,287.32600523803035,99811.33548491774,1.210172780711212,339.80538801644576
70.6,126.75706002758322,-9.991331806737678,-4.552575446259693,-0.0032988421046368788,0.0,0.0,0.0,0.0,10.979647778894089,287.3260791098207,99811.47036057115,1.210174104887996,339.8054316985878
70.65,126.51503930812713,-9.412247936687942,-4.301698695720323,0.5423001056516493,0.0,0.0,0.0,0.0,10.362871816974199,287.32765224449713,99814.34263636901,1.2102023041213763,339.80636192910816
70.7,126.15316413705497,-9.451878938790436,-4.782080545547065,-0.06185839661224321,0.0,0.0,0.0,0.0,10.592928597837398,287.33000443310914,99818.63745672675,1.2102444692276697,339.8077528272914
70.75,125.83340896549929,-9.58106521856843,-4.562388659372256,-0.21476520417360395,0.0,0.0,0.0,0.0,10.614062610261634,287.33208284172423,99822.43251146543,1.2102817275154176,339.80898182891474
70.8,125.41227796646928,-11.185422020142976,-5.229030390086528,-2.1377748274056514,0.0,0.0,0.0,0.0,12.531021738143986,287.3348201932179,99827.43093631501,1.2103307995851256,339.81060046892077
70.85,125.20083298401657,-10.441585469397545,-4.864306998374662,-2.476145441958343,0.0,0.0,0.0,0.0,11.782168134044841,287.3361945856039,99829.94066378944,1.2103554386752584,339.81141316635706
70.9,124.91196283731001,-10.220699282423835,-5.06255174567292,-2.24352550903878,0.0,0.0,0.0,0.0,11.624350765056203,287.3380722415575,99833.36946496592,1.2103891005226153,339.81252344743666
70.95,124.79738132945839,-12.156826745733326,-6.566517909353891,-3.0570353570579223,0.0,0.0,0.0,0.0,14.151079787561965,287.3388170213585,99834.72953918486,1.210402452828414,339.81296384389657
71.0,124.51760867645685,-11.73171686910325,-5.873746762637079,-1.6782303268417065,0.0,0.0,0.0,0.0,13.22688696399582,287.340635543603,99838.05048340217,1.2104350555087149,339.8140391536344
71.05,124.09102378900543,-11.302842656763719,-5.884072760450959,-0.7668877049966674,0.0,0.0,0.0,0.0,12.765762066007401,287.3434083453714,99843.11428349253,1.2104847679174957,339.81567873150647
71.1,124.14000311475249,-10.580151076335138,-5.402322310599632,0.024833651990693095,0.0,0.0,0.0,0.0,11.879616991130199,287.3430899797541,99842.53286106129,1.2104790599934832,339.8154904800012
71.15,123.85939501874311,-9.877807990588341,-4.139739944178841,1.7117452668689905,0.0,0.0,0.0,0.0,10.846133383054493,287.3449139323781,99845.86393306064,1.2105117616145744,339.81656899275055
71.2,123.69449714626445,-11.537607268468431,-5.072882456791802,1.0309672748524108,0.0,0.0,0.0,0.0,12.645687463465885,287.34598576854927,99847.82146198885,1.2105309788655791,339.8172027735013
71.25,123.75634539123948,-11.810534585043882,-5.321310299095185,-0.4520931085667868,0.0,0.0,0.0,0.0,12.961846267510957,287.3455837549569,99847.08724797236,1.210523771023898,339.8169650614939
71.3,123.56054496562037,-10.060791530619285,-3.7412356928407315,0.9543473236827208,0.0,0.0,0.0,0.0,10.776230767118278,287.34685645772345,99849.41165255218,1.2105465898675254,339.8177176144077
71.35,123.26140210328485,-9.673062987111232,-3.752954054622859,-0.14177421411803637,0.0,0.0,0.0,0.0,10.37655586485806,287.3488008863286,99852.96295027387,1.2105814530124563,339.8188673575805
71.4,123.33312032336256,-9.149920290589364,-2.694628546879758,-0.36167409570033415,0.0,0.0,0.0,0.0,9.545306306310914,287.3483347178981,99852.11153253395,1.21057309465277,339.81859171193344
71.45,122.97761603039574,-10.261410973175714,-4.1120910548507315,-2.8246824174580705,0.0,0.0,0.0,0.0,11.409850076284576,287.3506454958024,99856.33203321148,1.2106145271339583,339.819958073975
71.5,122.5557725791618,-9.889718749804361,-3.71182094015817,-2.7096483785018597,0.0,0.0,0.0,0.0,10.905335665496334,287.35338747823545,99861.34029113411,1.210663692563288,339.8215793999529
71.55,122.18333633188192,-9.328586106236443,-3.3226980132478037,-2.8818639401247235,0.0,0.0,0.0,0.0,10.313485375861049,287.3558083138428,99865.76214027235,1.2107071009024097,339.8230108263477
71.6,121.76638539584748,-8.763821825490451,-3.287586588766786,-2.8989018248056215,0.0,0.0,0.0,0.0,9.798797393427593,287.35851849492695,99870.71269008217,1.21075569894809,339.82461333393184
71.65,121.65563703554113,-9.357910481657953,-4.073939061192455,-3.8934160975715066,0.0,0.0,0.0,0.0,10.923651265298723,287.35923835926894,99872.02766302747,1.2107686075615411,339.8250389824732
71.7,121.48004324176149,-8.79472760407325,-3.9828448079070133,-3.379951506937385,0.0,0.0,0.0,0.0,10.229093732240807,287.3603797189285,99874.11260830374,1.210789074648392,339.8257138558614
71.75,121.58996606155482,-9.371268765078957,-4.66452817030872,-2.2859025289604644,0.0,0.0,0.0,0.0,10.714655929653363,287.3596652205999,99872.80741531606,1.2107762620922549,339.82529138103075
71.8,121.20753715125001,-9.936177907280998,-4.7401297615124705,-0.35952231545675195,0.0,0.0,0.0,0.0,11.01479540692548,287.36215100851683,99877.34832938811,1.210820838287268,339.8267611972204
71.85,120.9753299918998,-10.305318604874026,-4.413715017458956,0.37151051108896255,0.0,0.0,0.0,0.0,11.216884231512557,287.3636603550526,99880.10561034837,1.2108479051371255,339.8276536523845
71.9,120.96779053835931,-11.114187054755966,-4.601851167233172,0.12730917169698308,0.0,0.0,0.0,0.0,12.029895913043827,287.36370936150064,99880.19513657856,1.2108487839690238,339.8276826291617
71.95,120.97487952517567,-10.507376499374184,-4.754802966045079,0.33777505148457193,0.0,0.0,0.0,0.0,11.53807627513865,287.36366328308634,99880.11095935329,1.2108479576454967,339.82765538368693
72.0,120.32289648988137,-10.370198330853407,-3.0714727195288796,2.049591128521123,0.0,0.0,0.0,0.0,11.007987185773674,287.3679011728157,99887.85308497363,1.210923957464557,339.83016117513677
72.05,120.00603405358677,-10.70511766765529,-4.822139302406653,-1.3885790246244996,0.0,0.0,0.0,0.0,11.822889809085913,287.36996077865166,99891.61591783255,1.210960894540626,339.83137897804073
72.1,119.48130663401123,-11.298288458956339,-5.400645535900375,-2.5330681342419425,0.0,0.0,0.0,0.0,12.776334704403238,287.3733715068789,99897.84745976572,1.211022064610162,339.8333956624473
72.15,119.27047922818913,-10.574901877234435,-4.8067306875502895,-2.503344554660061,0.0,0.0,0.0,0.0,11.882758247777332,287.37474188501676,99900.35128610344,1.2110466424688617,339.834205931851
72.2,118.8710619522326,-9.345002868063714,-4.509561751834867,-1.5783486121917933,0.0,0.0,0.0,0.0,10.495542393765973,287.3773380973105,99905.09498090888,1.211093206822888,339.8357410002164
72.25,118.5194134823956,-11.509113012437398,-6.379753821405399,-1.853535932987901,0.0,0.0,0.0,0.0,13.288962962160364,287.3796238123644,99909.27149860807,1.211134203388825,339.8370924744309
72.3,118.48508935121845,-11.393297991315409,-6.009459850359662,-0.1567470025154867,0.0,0.0,0.0,0.0,12.881980299425788,287.3798469192171,99909.67917279642,1.2111382050883253,339.83722439048046
72.35,118.36389908229768,-11.040360435198282,-4.739972713380814,0.4624625848835623,0.0,0.0,0.0,0.0,12.023758626365694,287.380634655965,99911.118583282,1.2111523342097055,339.8376901539802
72.4,118.49169704671502,-11.059215902317135,-4.212489224184424,0.8905323646566473,0.0,0.0,0.0,0.0,11.867787061218914,287.3798039691963,99909.60069184433,1.2111374347253805,339.83719899549095
72.45,118.78269323317961,-10.632567098035272,-4.251979691179279,0.8020762607368075,0.0,0.0,0.0,0.0,11.479291821208344,287.3779124939843,99906.14452007646,1.2111035090969116,339.8360806241113
72.5,118.75792711000294,-11.051675034651783,-4.8449632935232785,-0.1329092184183172,0.0,0.0,0.0,0.0,12.067760987336218,287.378073473785,99906.43866440862,1.2111063964132964,339.8361758066818
72.55,118.0116699957633,-11.121230164046539,-4.841127485623807,-0.9367005679045162,0.0,0.0,0.0,0.0,12.165347658315135,287.3829241450275,99915.30220130393,1.2111934000008453,339.8390438518832
72.6,117.75872394644652,-10.801524404027925,-4.3375959309533805,-1.895070669005343,0.0,0.0,0.0,0.0,11.793174328888659,287.38456829434807,99918.30666775662,1.211222891208404,339.8400159787685
72.65,117.43192869814462,-10.320298981144267,-4.12536257954777,-2.601039620393073,0.0,0.0,0.0,0.0,11.414578160396248,287.38669246346205,99922.18841550399,1.2112609933738874,339.84127192012966
72.7,117.47570570245219,-8.350615976923923,-2.1815049923391197,-1.4687874043970008,0.0,0.0,0.0,0.0,8.754946468424171,287.38640791293403,99921.66841527907,1.2112558892114076,339.8411036763664
72.75,117.13841499434542,-9.214826134027364,-3.3963582095138825,-3.241079304998841,0.0,0.0,0.0,0.0,10.341801817332307,287.38860030253676,99925.67494164019,1.2112952159129489,339.84239994971267
72.8,116.78900444208345,-8.872665833786233,-2.8315898156081936,-2.9370099148475575,0.0,0.0,0.0,0.0,9.765660608571569,287.39087147112645,99929.82557141902,1.2113359567682958,339.8437427967471
72.85,116.69296124651748,-8.858189560004217,-3.567475129956403,-3.470006425344538,0.0,0.0,0.0,0.0,10.160479598707806,287.3914957518976,99930.9664880043,1.21134715547449,339.84411190693754
72.9,116.23682726967903,-9.667550695598598,-4.28453505069087,-3.448724499320963,0.0,0.0,0.0,0.0,11.122611101930344,287.3944606227471,99936.38513996238,1.2114003421080353,339.8458649012275
72.95,116.03336998619972,-11.139848444004599,-5.541100915298652,-4.33511054736412,0.0,0.0,0.0,0.0,13.175477454983666,287.39578309508966,99938.80219122724,1.2114240664331983,339.8466468165071
73.0,115.53161647713603,-11.44206366989796,-5.3044298771605085,-1.6972931958077804,0.0,0.0,0.0,0.0,12.72550987348826,287.3990444928986,99944.76317279262,1.2114825753854923,339.8485751189214
73.05,115.7869147761174,-12.250643567991487,-5.925351390490113,-1.361425483838095,0.0,0.0,0.0,0.0,13.676312963616988,287.3973850539552,99941.73011676545,1.211452805047525,339.847593976525
73.1,115.56684892171533,-11.131378172460941,-5.9108747869232605,-0.6649633332207553,0.0,0.0,0.0,0.0,12.620942793609084,287.39881548200884,99944.34459142877,1.2114784668963825,339.8484397165226
73.15,114.79321615257061,-11.19896744864038,-5.8692371271516866,0.3691174689882989,0.0,0.0,0.0,0.0,12.64915270191466,287.40384409500825,99953.53611281542,1.2115686834073338,339.85141286518285
73.2,114.58902470175768,-10.741141450461319,-5.299878497302777,0.5657631532983738,0.0,0.0,0.0,0.0,11.990868179186224,287.40517133943854,99955.96222309223,1.2115924958726474,339.8521975891581
73.25,114.86451352982148,-11.386194467219342,-4.044930672462343,1.191276724285785,0.0,0.0,0.0,0.0,12.14191207447114,287.4033806620561,99952.68900092308,1.2115603689108387,339.8511388632683
73.3,114.8925261995613,-10.857129416728453,-3.9933011006412817,1.4972614763730372,0.0,0.0,0.0,0.0,11.664711945890646,287.4031985797028,99952.35617308036,1.2115571021652474,339.85103120812386
73.35,114.13920690202146,-11.342776452078198,-5.195394084728482,0.27034262311705226,0.0,0.0,0.0,0.0,12.478933547035387,287.40809515513683,99961.30692254881,1.2116449541349117,339.85392626832316
73.4,114.54157309873246,-11.165962656673425,-4.552402798858925,0.5021229564322139,0.0,0.0,0.0,0.0,12.06877047410631,287.40547977485824,99956.52602836183,1.2115980296504603,339.8523799491807
73.45,114.35937368533077,-12.268666414312388,-4.853963137481994,-0.15264367102750384,0.0,0.0,0.0,0.0,13.19486391805598,287.4066640710453,99958.69088936105,1.2116192778176937,339.85308015410277
73.5,114.1400692187687,-11.870779211671204,-4.034439146395764,-0.0323055227616984,0.0,0.0,0.0,0.0,12.537668920697207,287.408089550078,99961.29667634814,1.2116448535688913,339.85392295439203
73.55,113.41257687530701,-10.820214178309046,-3.994595595918934,-0.9966441486029126,0.0,0.0,0.0,0.0,11.577008611828854,287.41281825031047,99969.94117179097,1.2117296982237744,339.8567187363702
73.6,113.1151605583473,-10.422409020651745,-3.4075247886966284,-1.1571919997731483,0.0,0.0,0.0,0.0,11.02619282906316,287.4147514563707,99973.47542316164,1.211764386062364,339.857861712469
73.65,113.18907558106669,-10.501819682263648,-3.0213613178311887,-2.182211601243541,0.0,0.0,0.0,0.0,11.143558153671952,287.41427100872306,99972.59706825884,1.211755765239198,339.85757765610515
73.7,112.29653645777637,-10.65355411804927,-2.6383271377294752,-1.195081832681604,0.0,0.0,0.0,0.0,11.040253892854548,287.4200725130244,99983.20380247897,1.2118598665920342,339.8610076793293
73.75,112.35487028751095,-10.871771529500434,-3.0171969175287914,-2.9323364799605245,0.0,0.0,0.0,0.0,11.657507909519458,287.41969334313114,99982.51054853467,1.2118530626134278,339.8607835037813
73.8,111.89132357436472,-9.451458271196602,-2.9348902875134018,-0.525449763573494,0.0,0.0,0.0,0.0,9.910587364326627,287.4227063967666,99988.01956200678,1.2119071308785543,339.8625648989141
73.85,111.8876785132473,-10.495501563365261,-3.3857030065858202,-0.9193056030055495,0.0,0.0,0.0,0.0,11.066330046909151,287.42273008966384,99988.06288265107,1.2119075560471837,339.8625789067299
73.9,111.29813309341019,-10.382079070088455,-3.311357574848861,-2.6616937922971737,0.0,0.0,0.0,0.0,11.217721187925424,287.42656213489283,99995.06968327344,1.211976323534006,339.8648444972639
73.95,111.14583828241899,-9.113235808016523,-2.776898979782593,-2.1047154117424602,0.0,0.0,0.0,0.0,9.756641932594349,287.42755205116424,99996.87978549121,1.2119940884374187,339.86542975536855
74.0,110.9487745378856,-10.588774179029546,-4.6202061659250955,-4.392024399371444,0.0,0.0,0.0,0.0,12.359543759977923,287.4288329655037,99999.2220289053,1.2120170758484292,339.86618705579843
74.05,110.68657968940943,-11.863018520542914,-5.919517489731127,-1.5606786468689269,0.0,0.0,0.0,0.0,13.349442444116141,287.4305372320188,100002.33847090325,1.2120476612951225,339.8671946473084
74.1,110.52109360034343,-10.849516184910625,-4.692524665558284,1.4043999658807087,0.0,0.0,0.0,0.0,11.903954319791227,287.43161289159775,100004.3054752716,1.2120669658149443,339.8678305941096
74.15,110.47285321859734,-10.090103427124761,-1.6984144819735054,2.8085172403466174,0.0,0.0,0.0,0.0,10.610493297296614,287.4319264540791,100004.87887704872,1.212072593265193,339.86801597693886
74.2,110.70742013026423,-10.344050732603206,-2.326988766497344,1.9198364859746435,0.0,0.0,0.0,0.0,10.774972594440936,287.43040176915326,100002.09075902085,1.2120452302029014,339.8671145594549
74.25,110.8291266919178,-11.232021690617358,-4.079307653219964,0.49460752464381147,0.0,0.0,0.0,0.0,11.960087741799894,287.42961067650253,100000.64415072236,1.212031032886989,339.86664685221183
74.3,109.99571036182323,-12.39380704429042,-4.562611692177121,-0.8513800767854608,0.0,0.0,0.0,0.0,13.23437669631031,287.4350278826481,100010.55050462177,1.212128255130344,339.86984958245387
74.35,109.57398215031199,-12.589932648175514,-4.654525624568493,-1.7459217437974544,0.0,0.0,0.0,0.0,13.535850753123173,287.43776911602293,100015.5636548385,1.212177454139225,339.87147022757904
74.4,109.57591818826259,-11.169624008826743,-3.5965397294584656,-1.3727565406411617,0.0,0.0,0.0,0.0,11.814400494481516,287.43775653177624,100015.54064038301,1.2121772282766483,339.8714627876617
74.45,108.94914616216226,-9.929225733266307,-3.131269961971884,-0.7381154124347268,0.0,0.0,0.0,0.0,10.437393812584581,287.4418305499459,100022.99155351972,1.21225035060412,339.8738713745244
74.5,108.77437441832764,-9.810073532211739,-2.609359904827703,-1.1482197827021745,0.0,0.0,0.0,0.0,10.215904780767701,287.44296656628086,100025.06927756559,1.2122707409426483,339.8745429919565
74.55,108.86680346563249,-11.440961391419673,-5.3574023786527585,-1.31892849232214,0.0,0.0,0.0,0.0,12.70184751028798,287.44236577747336,100023.9704568361,1.212259957361527,339.8741878033594
74.6,108.1483587570657,-8.875799112640221,-1.4703002969873245,1.4140851167733541,0.0,0.0,0.0,0.0,9.10720756152762,287.447035668079,100032.51177304883,1.21234377933708,339.87694865043574
74.65,107.96780879587457,-9.678202700979082,-3.227520109090715,-1.590509016204039,0.0,0.0,0.0,0.0,10.325415851502063,287.4482092428268,100034.65835580624,1.212364845057404,339.8776424662482
74.7,107.77331780846734,-10.274411355819163,-3.554640755670112,-1.4015239268819335,0.0,0.0,0.0,0.0,10.961900789921396,287.44947343424496,100036.97072702838,1.2123875376643993,339.8783898529297
74.75,107.1548336897085,-10.658475606604874,-4.046148339903849,-2.63897363262741,0.0,0.0,0.0,0.0,11.702076759225283,287.45349358101686,100044.32438821913,1.2124597026385684,339.8807665423321
74.8,107.09152326232756,-10.243279875811806,-3.9666799674697955,-1.914509014925405,0.0,0.0,0.0,0.0,11.150097638441018,287.45390509879485,100045.0771621265,1.212467089909945,339.88100982851734
74.85,106.9156753865326,-10.305506847293803,-3.9693852460675436,-3.0054369170861834,0.0,0.0,0.0,0.0,11.44517984454166,287.4550481099875,100047.16805333323,1.2124876086059924,339.88168556714066
74.9,106.4939908509914,-9.860784244771295,-4.551321278247254,-3.0472394965179923,0.0,0.0,0.0,0.0,11.279860808046138,287.45778905946855,100052.18217041832,1.2125368136765537,339.8833059879944
74.95,106.25130581386085,-9.958647298645214,-4.5591938904247,-2.7526692553742333,0.0,0.0,0.0,0.0,11.293276450117657,287.4593665122099,100055.06795348405,1.212565132539155,339.88423855816234
75.0,106.44380949841987,-10.945280441774758,-5.239589807469654,-1.2258176394258273,0.0,0.0,0.0,0.0,12.196519757076787,287.45811523826023,100052.77887451596,1.212542669285845,339.88349882099254
75.05,106.37001696127206,-9.713139451997453,-4.0416385943849455,-0.02126925017127479,0.0,0.0,0.0,0.0,10.520473987543248,287.45859488975174,100053.65634333073,1.2125512800987472,339.8837823850154
75.1,106.19349000779258,-10.458470210396758,-4.3455235443233775,-0.5096952027007884,0.0,0.0,0.0,0.0,11.336796867531914,287.4597423149493,100055.75545481709,1.2125718791272386,339.8844607276253
75.15,105.67897528687662,-10.32700542014311,-4.663554993541063,-1.263339202643366,0.0,0.0,0.0,0.0,11.401395180695323,287.46308666063527,100061.87383873416,1.212631919663805,339.8864378528651
75.2,105.24662203776411,-9.761622281546892,-3.955917519489865,-1.2253226515664526,0.0,0.0,0.0,0.0,10.60377143232734,287.46589695675453,100067.0154286277,1.2126823742471573,339.88809924740076
75.25,104.83047144104162,-8.753012099881028,-2.988592285917303,-2.816235588159105,0.0,0.0,0.0,0.0,9.66840667122158,287.4686019356332,100071.96453694275,1.2127309395368409,339.88969837268223
75.3,105.00884688991914,-9.299360221195034,-3.0867528537575826,-3.928244647373312,0.0,0.0,0.0,0.0,10.556384310612332,287.4674424952155,100069.84316664038,1.2127101227189914,339.8890129373885
75.35,104.65320568717756,-9.081532904853411,-4.061762249530556,-4.522946609676325,0.0,0.0,0.0,0.0,10.928366689841138,287.4697541630333,100074.07274602176,1.212751627121598,339.8903795424316
75.4,104.60534399819946,-8.00604737328727,-3.5714422154039847,-2.908285371513335,0.0,0.0,0.0,0.0,9.236347646307397,287.4700652640117,100074.64196787115,1.2127572128082362,339.89056345778175
75.45,104.28882645240957,-11.415930116194412,-4.4922706771609064,-3.3040051901756877,0.0,0.0,0.0,0.0,12.70513307885526,287.4721226280593,100078.40639544169,1.2127941524060113,339.8917797189838
75.5,104.27043389869245,-12.258693154858015,-5.616724740266726,-3.7873129534049843,0.0,0.0,0.0,0.0,14.005959234551423,287.47224217965845,100078.62514651232,1.2127962989597212,339.89185039470914
75.55,103.80586164924904,-12.644239408284603,-5.260476259107549,-1.6707916882553886,0.0,0.0,0.0,0.0,13.796410603928647,287.4752618992799,100084.15064558822,1.212850519109336,339.8936355677517
75.6,103.36617153595712,-12.47957163333365,-4.650798094275878,-2.994001242705913,0.0,0.0,0.0,0.0,13.650409316447275,287.47811988501627,100089.38043067239,1.2129018369771003,339.8953251196484
75.65,103.08715491091372,-12.249434573623402,-6.120812712478103,-3.6457721504573155,0.0,0.0,0.0,0.0,14.170555748020755,287.47993349307905,100092.69923953271,1.2129344029062294,339.8963972637305
75.7,102.61561118972898,-10.549667727362683,-5.82382199933985,-2.9687867690656553,0.0,0.0,0.0,0.0,12.410724665301855,287.4829985272667,100098.30829596515,1.212989441503513,339.8982092011558
75.75,102.74041268431733,-9.11352995578596,-5.3556061012854865,-1.3364195157698766,0.0,0.0,0.0,0.0,10.654809340821869,287.4821873175519,100096.82374580999,1.2129748744834028,339.8977296442337
75.8,102.31360963602603,-10.0427432704466,-5.77010623847288,-1.0203720279557758,0.0,0.0,0.0,0.0,11.627208498809965,287.4849615373658,100101.90076624419,1.213024692137598,339.8993696566988
75.85,102.87213070902031,-10.765413978037286,-4.866274381196214,3.175424175684223,0.0,0.0,0.0,0.0,12.233482054064861,287.4813311503913,100095.25694085074,1.2129595003005507,339.89722350941287
75.9,102.49575365889376,-10.544030203801634,-4.309868709156747,1.9538441607382793,0.0,0.0,0.0,0.0,11.557207631313918,287.4837776012172,100099.73405301357,1.2130034315826494,339.8986697599759
75.95,102.54840967133484,-10.594304033380027,-3.90586265254717,0.281971806621534,0.0,0.0,0.0,0.0,11.294890398405135,287.4834353371363,100099.10768499906,1.2129972854223032,339.89846742657573
76.0,102.0161425703767,-9.795735873029386,-3.4038850463022023,0.8743398229896404,0.0,0.0,0.0,0.0,10.407081475065914,287.48689507329254,100105.43939841916,1.2130594142571771,339.9005126843796
76.05,101.9827394147303,-10.986622444016756,-4.284854864780333,-0.9993968559593566,0.0,0.0,0.0,0.0,11.834891128156011,287.48711219380425,100105.83676463764,1.2130633133190363,339.90064103694203
76.1,101.60756814941173,-9.820027465573572,-3.3375012268308604,-0.5455853784664786,0.0,0.0,0.0,0.0,10.38602509475657,287.4895508070288,100110.29991533929,1.213107106725432,339.9020826397224
76.15,100.97318553823237,-10.520629090191512,-3.295715370408053,-1.467301211616176,0.0,0.0,0.0,0.0,11.121975953118136,287.4936742940015,100117.8470890844,1.213181160392216,339.9045202531593
76.2,100.95532214133472,-10.637919697792626,-3.2724454694094773,-1.6755431699836851,0.0,0.0,0.0,0.0,11.255295631897988,287.4937904060813,100118.05961444115,1.213183245698112,339.9045888929596
76.25,100.75566924698096,-8.962187726664718,-2.260796922407903,-0.6800886495540529,0.0,0.0,0.0,0.0,9.26793030528397,287.4950881498946,100120.4349603457,1.2132065526141222,339.90535605488503
76.3,100.65245418334278,-8.400147231952204,-2.871687057496895,-0.7941488295093923,0.0,0.0,0.0,0.0,8.912896972257705,287.49575904780824,100121.66296684164,1.2132186017839774,339.90575265585414
76.35,100.56052726994605,-9.474321855505634,-2.4593909270109475,-2.129243642339191,0.0,0.0,0.0,0.0,10.01723798469505,287.49635657274536,100122.7566822615,1.2132293332693886,339.906105882035
76.4,99.96166478375454,-8.546715933193292,-3.2229627955708993,-0.45957923842881665,0.0,0.0,0.0,0.0,9.145767081045149,287.50024917890556,100129.8819830015,1.2132992458466787,339.90840698271467
76.45,99.59159243890535,-8.396245033983007,-3.212010530548616,0.8955603831922758,0.0,0.0,0.0,0.0,9.034155783413468,287.5026546491471,100134.28533057588,1.213342450479993,339.90982896034757
76.5,99.05072195148549,-10.49115023475315,-2.257745454359757,-0.852380839179988,0.0,0.0,0.0,0.0,10.765138219263346,287.5061703073153,100140.72122118206,1.2134055973076452,339.9119072074422
76.55,98.46405760712412,-9.952223592896496,-3.461385869424337,-2.0211937686031485,0.0,0.0,0.0,0.0,10.729080614400115,287.5099836255537,100147.7023977301,1.2134740934273684,339.9141613990233
76.6,98.61207703749211,-9.292154247855096,-3.7625528257694314,-1.8653281708666885,0.0,0.0,0.0,0.0,10.197077204653592,287.5090214992563,100145.94096192344,1.2134568111084312,339.9135926524653
76.65,98.8719935032508,-9.977752551740611,-3.7528251358178712,-2.3479870070401208,0.0,0.0,0.0,0.0,10.915689876000597,287.5073320422288,100142.84800863042,1.2134264644721493,339.91259395293156
76.7,98.51527967509169,-8.739208765878468,-3.402847125777222,-1.7953633542145726,0.0,0.0,0.0,0.0,9.548636970200196,287.5096506821119,100147.09285069605,1.2134681128661222,339.91396458459946
76.75,98.2455866444658,-10.345541487279828,-4.172923900108796,-3.0713021076851956,0.0,0.0,0.0,0.0,11.570497792999179,287.5114036868109,100150.3022547921,1.2134996018067403,339.9150008452388
76.8,97.92554870217019,-11.27812034956114,-4.211249371991763,-2.7651699191869725,0.0,0.0,0.0,0.0,12.352197560525926,287.51348393343585,100154.11088203719,1.2135369697523426,339.91623054560057
76.85,97.75240238089435,-10.885171018776195,-5.04164062172152,-2.0199503668401353,0.0,0.0,0.0,0.0,12.164920375863352,287.5146093845242,100156.17146722386,1.21355718685445,339.9168958339063
76.9,97.38659089288319,-12.181461561292696,-5.955293846677778,-2.438430987660726,0.0,0.0,0.0,0.0,13.776773071046565,287.5169871591962,100160.52504096602,1.2135999009869336,339.9183014044201
76.95,96.93688071735644,-10.676771164607397,-4.7638713908711035,-0.10624051081229108,0.0,0.0,0.0,0.0,11.691843318155176,287.51991027533717,100165.87731471744,1.2136524131611075,339.92002933388574
77.0,96.69300151655028,-11.965527225843333,-6.268294249964827,-1.2265444140272646,0.0,0.0,0.0,0.0,13.563545472925641,287.5214954901424,100168.77996595923,1.2136808914003843,339.9209663916357
77.05,96.48856214627253,-11.461020115821006,-6.021119813473113,-0.18868619575641188,0.0,0.0,0.0,0.0,12.947759203195018,287.5228243460492,100171.21325665624,1.2137047645693484,339.9217519076218
77.1,96.25212864784447,-10.680738749565153,-5.341526240160853,0.48694068423877834,0.0,0.0,0.0,0.0,11.951869897248566,287.52436116378897,100174.0274094941,1.2137323742632804,339.92266035216284
77.15,96.15342974949215,-10.781217949759982,-6.231669275121696,-0.06322640433325116,0.0,0.0,0.0,0.0,12.452805306955035,287.5250027066283,100175.2021933752,1.2137439000411585,339.9230395805979
77.2,95.954687993408,-12.172614649698644,-4.645263693705013,3.0718718192920185,0.0,0.0,0.0,0.0,13.386090492308517,287.5262945280428,100177.56779173798,1.213767108794742,339.9238032000474
77.25,96.34397011148164,-12.685118331688718,-4.629900246223141,1.1960027612711475,0.0,0.0,0.0,0.0,13.556497555928319,287.5237641942754,100172.93425765644,1.213721649352421,339.92230747150654
77.3,95.86001409879297,-12.737727804822821,-4.819650784649409,0.6851603250268191,0.0,0.0,0.0,0.0,13.636282044117412,287.5269099083578,100178.69469921716,1.2137781647844925,339.92416696209136
77.35,95.89596869109403,-13.10837493921009,-5.046191108949057,0.4615317387623729,0.0,0.0,0.0,0.0,14.053702352079066,287.52667620350786,100178.26672893467,1.213773966008636,339.92402881512174
77.4,95.9123127745715,-13.454566660858944,-3.927496747985836,0.7603018249177818,0.0,0.0,0.0,0.0,14.036689552808014,287.52656996696527,100178.07218453918,1.2137720573508923,339.92396601684965
77.45,95.3959094014717,-11.91995812985643,-3.4961135926807727,0.7449200714370702,0.0,0.0,0.0,0.0,12.444401069689432,287.5299265888904,100184.21910608231,1.213832363910011,339.9259501689705
77.5,95.23667606542924,-10.831845281407,-4.10178513242141,-0.5893852170048255,0.0,0.0,0.0,0.0,11.597451806621843,287.5309616055747,100186.11457518238,1.2138509599414689,339.9265619813084
77.55,94.89359410525682,-12.185247496389179,-4.970899551391302,-2.60994968200822,0.0,0.0,0.0,0.0,13.416480024242418,287.5331916383158,100190.19862557389,1.2138910274362895,339.9278801800317
77.6,94.3100083881207,-10.074371746768245,-2.995160633923908,-1.4177130245965268,0.0,0.0,0.0,0.0,10.605369561462739,287.5369849454772,100197.14594429337,1.2139591849550586,339.9301224370075
77.65,94.07981395669127,-11.152603694034298,-3.9659954651804967,-2.6419132603454996,0.0,0.0,0.0,0.0,12.12804167461545,287.5384812092815,100199.88641007431,1.2139860703819993,339.93100688753583
77.7,93.44991716717244,-9.624328188915197,-3.4153143091932288,-1.6877692693670965,0.0,0.0,0.0,0.0,10.3508758095703,287.54257553841336,100207.38564456072,1.2140596411458668,339.9334270583318
77.75,93.47240547481182,-8.091519080677655,-3.49396333199576,-0.29139173184183764,0.0,0.0,0.0,0.0,8.818467550526409,287.5424293644137,100207.11790225336,1.2140570144949896,339.93334065471856
77.8,92.44336051655945,-9.23094168536932,-4.718682953020048,-0.6969540848939343,0.0,0.0,0.0,0.0,10.39047632239549,287.54911815664235,100219.3701453531,1.2141772121554437,339.93729438472894
77.85,92.57385235556617,-8.682428975528,-3.4454436735254506,-0.774762343138486,0.0,0.0,0.0,0.0,9.373148441738783,287.5482699596888,100217.8163873491,1.2141619695440449,339.9367930199674
77.9,92.56835782961858,-10.607625437884925,-5.3863444206677435,-3.097118647798527,0.0,0.0,0.0,0.0,12.293354609994102,287.54830567410744,100217.8818099257,1.21416261135076,339.93681413058744
77.95,91.81728241460914,-11.28550116290958,-4.5965112945506315,-3.006817228135108,0.0,0.0,0.0,0.0,12.551151438110173,287.553187664305,100226.82508868168,1.2142503457014562,339.93969983903656
78.0,92.10916048727155,-11.256280705670582,-4.955992912690448,-3.113773432408152,0.0,0.0,0.0,0.0,12.687052694139037,287.5512904568327,100223.34953273517,1.2142162503690779,339.938578416583
78.05,91.92362450868295,-11.348141169009823,-4.927624113824449,-3.449459639208112,0.0,0.0,0.0,0.0,12.843697255909046,287.5524964406935,100225.55880241156,1.214237923412362,339.9392912633394
78.1,91.62036028507205,-10.313605233294513,-4.321985787970923,-3.179577738039588,0.0,0.0,0.0,0.0,11.62582163341153,287.554467658147,100229.17000607909,1.2142733493007667,339.9404564299159
78.15,90.94198925203455,-11.107866832238738,-4.517306528737386,-5.584948490213094,0.0,0.0,0.0,0.0,13.228091830481688,287.55887706986175,100237.24828055447,1.2143525962503592,339.9430627738495
78.2,91.47545449815567,-9.697831157618383,-3.1361269661289004,-6.0945650508426805,0.0,0.0,0.0,0.0,11.87547660804853,287.55540954576196,100230.89554951376,1.2142902767867647,339.94101316868984
78.25,91.18851656010855,-7.708311551804169,-5.188942489357159,-3.33347795374444,0.0,0.0,0.0,0.0,9.87194339558498,287.5572746423593,100234.31248799934,1.2143237966013947,339.9421156028257
78.3,91.01857899870733,-9.251875507604186,-6.70713381690788,-1.412601727789859,0.0,0.0,0.0,0.0,11.514264548266656,287.55837923650836,100236.33619723271,1.2143436488780401,339.94276851225356
78.35,91.05940758192044,-12.992447108674298,-4.17029370417788,-0.8545132968076038,0.0,0.0,0.0,0.0,13.67205999201385,287.5581138507175,100235.84998516006,1.2143388792192717,339.94261164671286
78.4,90.61814466202684,-12.496219138563998,-3.910022764711507,2.044314867776124,0.0,0.0,0.0,0.0,13.252282598035173,287.5609820596968,100241.10491870143,1.2143904290013918,339.94430699797044
78.45,90.59489687543575,-11.087390725329438,-2.814668475131014,0.5222826258640512,0.0,0.0,0.0,0.0,11.450998684057955,287.56113317030963,100241.38177927045,1.2143931449305223,339.9443963167393
78.5,90.53879241343603,-10.218833117423095,-3.064364003833743,-0.1317582148893852,0.0,0.0,0.0,0.0,10.669219149353237,287.5614978493126,100242.04993632284,1.2143996993690305,339.9446118718508
78.55,90.22622447662283,-10.579307150605628,-2.8401131037626257,-1.264358559996811,0.0,0.0,0.0,0.0,11.026630709208355,287.5635295409019,100245.7724241149,1.214436215807164,339.9458127652145
78.6,89.67030464946131,-11.664822695525084,-2.4922657472921244,-1.6532429728160336,0.0,0.0,0.0,0.0,12.042121465934823,287.5671430197785,100252.39335664093,1.2145011644418835,339.94794861178144
78.65,89.5055810640841,-9.494298698160936,-0.3054922188851545,-0.07541477902738865,0.0,0.0,0.0,0.0,9.49951160084536,287.56821372308343,100254.35526102943,1.214520409763172,339.948581477987
78.7,89.48169050933488,-6.303812681495969,-3.3468134144752937,0.9889664088577579,0.0,0.0,0.0,0.0,7.205363898690349,287.5683690116893,100254.63980686008,1.2145232010124762,339.94867326513804
78.75,88.92622998373758,-7.765107899675714,-3.368375340343505,0.4344093371324821,0.0,0.0,0.0,0.0,8.47535041158938,287.5719795051057,100261.25574285442,1.2145880995414198,339.95080732911464
78.8,88.60083212255958,-8.030763957050574,-4.448195538484729,0.20002528441195877,0.0,0.0,0.0,0.0,9.182571720213359,287.57409459120333,100265.13163058224,1.214626119393491,339.9520574924748
78.85,88.48832929779518,-9.47372015172437,-4.040982202676245,0.985748482310107,0.0,0.0,0.0,0.0,10.346623156658952,287.5748258595643,100266.47170546935,1.2146392645618773,339.952489721995
78.9,88.07768748456034,-11.551103754179291,-5.285718438823611,-2.1701269045301004,0.0,0.0,0.0,0.0,12.88705816453469,287.57749503135034,100271.36317934452,1.214687246109932,339.9540673800635
78.95,87.93641839966146,-9.666387863877716,-2.067471784243581,-1.3920509487524932,0.0,0.0,0.0,0.0,9.982549762334694,287.5784132804022,100273.0459899096,1.2147037530676374,339.95461012463886
79.0,87.77435859548291,-10.758253685413626,-2.4039916214317225,-1.5876870253418685,0.0,0.0,0.0,0.0,11.137322306823517,287.5794666691293,100274.97648963363,1.2147226895829628,339.955232744435
79.05,87.35314314503209,-10.408908643555817,-2.111836471079661,-1.2977110503273033,0.0,0.0,0.0,0.0,10.699966654182376,287.5822045695573,100279.99426148368,1.214771909215588,339.9568510125483
79.1,87.37165761475448,-11.232024198674331,-2.564555997224904,-2.1332504976782016,0.0,0.0,0.0,0.0,11.71691396009855,287.58208422550405,100279.77370171004,1.2147697457410518,339.9567798819481
79.15,87.2807065096269,-9.65463021631459,-1.7587145107165902,-0.6416957013485816,0.0,0.0,0.0,0.0,9.834466671716829,287.5826754076874,100280.85719075103,1.214780373694612,339.95712930616315
79.2,87.06898712354023,-11.03232273043089,-3.1290616900053956,-1.4154639772192588,0.0,0.0,0.0,0.0,11.55451038162357,287.584051583697,100283.3794138037,1.2148051141181584,339.95794270753595
79.25,86.25329931527979,-11.41297068583606,-4.075155732011545,-1.2001816210976561,0.0,0.0,0.0,0.0,12.177981361437551,287.58935355445067,100293.09722140484,1.2149004347458292,339.961076467479
79.3,86.25075669900203,-11.10414115828782,-4.5975231458093715,-1.5699492174326277,0.0,0.0,0.0,0.0,12.120392340380397,287.5893700814565,100293.12751440161,1.2149007318828875,339.96108623581455
79.35,86.09743090017137,-7.898557258525926,-3.4094874612995576,0.14966263878631336,0.0,0.0,0.0,0.0,8.604313477577394,287.5903666991489,100294.95426773267,1.2149186500558404,339.9616752891228
79.4,86.00044642877658,-9.04596982184277,-4.5289646273645126,-0.6420652828607593,0.0,0.0,0.0,0.0,10.136732138172743,287.59099709821294,100296.1097734623,1.2149299840945378,339.9620478874941
79.45,85.90962538507218,-9.971320819190916,-3.6391338004825675,0.00635496796653795,0.0,0.0,0.0,0.0,10.614639611530047,287.591587434997,100297.19185580792,1.214940597920878,339.96239680662075
79.5,85.28241143979993,-10.000553349202262,-3.460639695299817,-1.2116851208083106,0.0,0.0,0.0,0.0,10.651538631714839,287.5956643256413,100304.66502004393,1.2150138993882904,339.964806446999
79.55,85.38635272946053,-9.986806538370173,-2.813482326602135,-1.1679328483204237,0.0,0.0,0.0,0.0,10.441075364880845,287.5949887072585,100303.42654331162,1.2150017517059766,339.9644071249018
79.6,84.8343094014632,-10.284980351841012,-2.859820146459729,-0.5046376012675057,0.0,0.0,0.0,0.0,10.687097417749388,287.59857698889044,100310.00436771443,1.215066270412262,339.9665279619825
79.65,84.38897916810886,-11.59341217559539,-3.839006542455509,-1.6858152635327754,0.0,0.0,0.0,0.0,12.328306867085184,287.6014716354073,100315.31091602905,1.2151183191980552,339.96823881963024
79.7,84.77155870669154,-11.543292348420735,-3.280482736386037,-1.4243574946994333,0.0,0.0,0.0,0.0,12.084616646693512,287.5989848684065,100310.75209028472,1.2150736044112842,339.96676903642583
79.75,83.86683561664688,-11.574992226038809,-3.961721069804583,-1.6991702648156801,0.0,0.0,0.0,0.0,12.351633837538506,287.6048655684918,100321.53306018365,1.215179347853303,339.9702447656409
79.8,83.9481069279671,-10.793169174032327,-3.625564728476758,-0.7269357775543117,0.0,0.0,0.0,0.0,11.409016436325478,287.60433730496817,100320.56456687312,1.2151698486278868,339.96993254219933
79.85,83.62253070782319,-11.083563060994193,-3.123804870726372,-0.65835480490963,0.0,0.0,0.0,0.0,11.534164817903218,287.6064535503991,100324.44443654601,1.2152079032581666,339.97118332043806
79.9,83.60080055116762,-11.302751695588977,-3.0018420833588646,-1.3904918468696321,0.0,0.0,0.0,0.0,11.776957135091166,287.60659479641737,100324.70339767034,1.2152104431968755,339.9712668018229
79.95,83.09757074281048,-11.104019330173978,-2.508938719548274,-0.986727293035019,0.0,0.0,0.0,0.0,11.426620214838072,287.6098657901717,100330.70060464717,1.2152692645656182,339.97320006891175
80.0,83.0673885504386,-11.036317891395115,-2.367299241120698,-0.8202890493496564,0.0,0.0,0.0,0.0,11.317123858181526,287.61006197442214,100331.06030809706,1.2152727925615359,339.97331602003857
80.05,82.95046644277356,-12.646431866022693,-3.4014585819755503,-1.6820166914193018,0.0,0.0,0.0,0.0,13.203459379157513,287.61082196812197,100332.45376495768,1.215286459658544,339.97376520009476
80.1,82.38285986640359,-11.952925479819486,-3.0134955759681232,-1.3189716101118762,0.0,0.0,0.0,0.0,12.397308950767439,287.6145114108684,100339.21862176774,1.2153528092110277,339.9759457677641
80.15,82.58141938901959,-11.040233051780218,-2.074627973815627,-1.1124578202484505,0.0,0.0,0.0,0.0,11.288418377664367,287.61322077397136,100336.85210482718,1.2153295985667265,339.97518296551567
80.2,81.87972010361192,-11.374793530386242,-2.469881992621635,-1.3011253594989347,0.0,0.0,0.0,0.0,11.712351263410971,287.6177818193265,100345.21545807009,1.2154116253252536,339.9778786623223
80.25,81.65097503312523,-11.796991198580214,-2.924549444107803,-1.8102888378315978,0.0,0.0,0.0,0.0,12.288170590726187,287.61926866228464,100347.94192718706,1.21543836592392,339.9787574206841
80.3,81.67154530713388,-11.988054676427113,-3.840719552240684,-2.1912470549724747,0.0,0.0,0.0,0.0,12.777564136403129,287.6191349555036,100347.69674254481,1.2154359612135002,339.9786783969963
80.35,81.59961053806173,-10.654971128408391,-3.057761932065782,-1.427382448341023,0.0,0.0,0.0,0.0,11.176570960461847,287.61960253150255,100348.55416156525,1.215444370562622,339.9789547447532
80.4,81.31138345035046,-9.18464741517524,-1.9776846447412681,-0.022425634902935254,0.0,0.0,0.0,0.0,9.39518427728969,287.6214760075727,100351.98971395349,1.2154780654553092,339.9800620082937
80.45,81.04167714785879,-9.79743572370072,-2.919024420749262,-0.9078084033682184,0.0,0.0,0.0,0.0,10.263262952209868,287.6232290985389,100355.20459219688,1.2155095958417654,339.981098118454
80.5,80.73857945575844,-8.63510541075156,-2.1143204769863564,0.24111855766194856,0.0,0.0,0.0,0.0,8.89345459835736,287.62519923353756,100358.81759274173,1.2155450306413103,339.9822625020043
80.55,80.83564736109825,-9.649100802897921,-3.044440502383937,-1.0511252651045129,0.0,0.0,0.0,0.0,10.172444573453427,287.62456829215284,100357.66050748898,1.215533682459092,339.9818896052663
80.6,80.13550975799365,-9.473312865343093,-3.6920584841624815,-1.3359992597440167,0.0,0.0,0.0,0.0,10.25474751113784,287.629119186573,100366.00664813704,1.2156155371705346,339.9845792495714
80.65,80.40634108479634,-8.826462745616698,-3.6784600486309973,-0.8718388963641934,0.0,0.0,0.0,0.0,9.601958966291585,287.6273587829488,100362.77807849385,1.2155838731517121,339.98353882813745
80.7,79.98019360820193,-8.9920080441531,-3.459815594010486,-0.9484875985900407,0.0,0.0,0.0,0.0,9.681227263903645,287.6301287415467,100367.85820382135,1.2156336961134158,339.9851759082525
80.75,79.3732975900641,-9.472996981754825,-3.6801237326540734,-1.5782230760136786,0.0,0.0,0.0,0.0,10.284540368030155,287.63407356566455,100375.0934009492,1.2157046539576561,339.9875073349514
80.8,79.05767909069407,-8.83086937338028,-3.4771923595106524,-1.3475844997519537,0.0,0.0,0.0,0.0,9.585984799628925,287.63612508591046,100378.85625866703,1.2157415570971293,339.98871979563506
80.85,78.48746571898916,-9.221806941898489,-4.210293425684218,-1.8746248354495891,0.0,0.0,0.0,0.0,10.309341020535276,287.63983147282653,100385.65472957942,1.2158082304682731,339.9909102814144
80.9,78.90720873792456,-9.247484143059785,-3.7979286371093965,-0.81203417820584,0.0,0.0,0.0,0.0,10.02993641132845,287.6371031432035,100380.65023215018,1.2157591508808907,339.98929783179824
80.95,78.886601604699,-9.008071706090329,-3.3250764041797773,-0.5514807600878426,0.0,0.0,0.0,0.0,9.617984195476998,287.63723708956945,100380.89592144397,1.21576156039028,339.9893769946133
81.0,77.98042360845035,-8.227348883972638,-1.8300538458657403,0.5407611803686205,0.0,0.0,0.0,0.0,8.445755702811173,287.6431272465451,100391.70034299945,1.2158675197594042,339.99285808170896
81.05,78.07802230374587,-8.964205761924623,-2.797976591782975,-0.6299615116837575,0.0,0.0,0.0,0.0,9.411828167603304,287.64249285502564,100390.53662190579,1.215856107207073,339.992483157568
81.1,77.93736868812007,-8.720851924187713,-2.896912317670079,-1.1444789995887266,0.0,0.0,0.0,0.0,9.260409895915881,287.6434071035272,100392.21371315976,1.215872554345905,339.9930234765038
81.15,78.04236950970603,-9.241739120702269,-3.706499164360259,-2.204113798551799,0.0,0.0,0.0,0.0,10.198332984732774,287.6427245981869,100390.96172784347,1.2158602762018451,339.9926201173687
81.2,77.07310447460355,-9.193174506801459,-3.4816521540852885,-1.907852619559349,0.0,0.0,0.0,0.0,10.013803515773137,287.64902482091503,100402.51931384194,1.2159736196399036,339.9963435167813
81.25,77.04262502096896,-9.068981469093561,-3.4355905619960367,-1.350095382279684,0.0,0.0,0.0,0.0,9.791448561765087,287.6492229373637,100402.88277051169,1.215977183962351,339.99646060192794
81.3,77.15493899654085,-9.777155832674042,-3.47939665228781,-1.9750708571372164,0.0,0.0,0.0,0.0,10.564084538238815,287.64849289652244,100401.5434714751,1.2159640498024056,339.9960291537615
81.35,76.92112611428826,-10.154747086023862,-3.421750947745882,-2.3452618707569832,0.0,0.0,0.0,0.0,10.969390191434368,287.6500126802571,100404.33161245091,1.2159913923437324,339.9969273329024
81.4,77.00513337487226,-10.502393117943436,-3.4503760196238185,-4.168384739864894,0.0,0.0,0.0,0.0,11.81443131175425,287.6494666330633,100403.32984654959,1.2159815683142325,339.99660462397145
81.45,76.5998644222201,-10.492858709605681,-4.3324502129992615,-4.968696733048925,0.0,0.0,0.0,0.0,12.391858455166288,287.65210088125554,100408.1626536966,1.2160289620891487,339.99816143789684
81.5,76.53662581561169,-10.209280561898728,-4.951062091212219,-2.1317328023067565,0.0,0.0,0.0,0.0,11.544986364783309,287.6525119321985,100408.91678715075,1.2160363575926116,339.9984043641861
81.55,75.85605587335571,-10.739855502797498,-4.33369965719676,-0.0765025839541657,0.0,0.0,0.0,0.0,11.581506878861173,287.65693563682316,100417.03301465524,1.2161159497176648,340.0010187107829
81.6,75.54620015687097,-11.920092531738389,-5.754242377926099,-1.0010826508729356,0.0,0.0,0.0,0.0,13.274113069542715,287.65894969898034,100420.72841626304,1.2161521884228383,340.00220898624946
81.65,75.34867546954575,-12.735194998021106,-4.903564345664625,1.481655228038858,0.0,0.0,0.0,0.0,13.726814530125699,287.6602336094479,100423.08419289246,1.2161752900541118,340.0029677526784
81.7,74.9224956238592,-9.36420056934718,-4.480304510168317,1.2369922579213102,0.0,0.0,0.0,0.0,10.454258971967064,287.6630037784449,100428.16717590598,1.2162251353452265,340.00460486358656
81.75,74.33328537793992,-9.806018914703895,-5.417583770220889,-0.31062698825828144,0.0,0.0,0.0,0.0,11.20735071231046,287.66683364504337,100435.19494112852,1.2162940509768352,340.006868220237
81.8,74.29041110767484,-10.797320906986533,-6.239457930264535,-0.7618639303210244,0.0,0.0,0.0,0.0,12.49373485713194,287.6671123278001,100435.70633661983,1.2162990657846005,340.0070329142811
81.85,74.10304870557901,-11.306477383576327,-5.328269811022054,1.388096482472309,0.0,0.0,0.0,0.0,12.575917535075682,287.66833018341373,100437.94118161646,1.216320980895472,340.00775263338994
81.9,74.10097274720827,-11.50310749249306,-4.174635431569402,1.8021803769213083,0.0,0.0,0.0,0.0,12.369192256623908,287.6683436771431,100437.9659437213,1.2163212237145993,340.0077606078037
81.95,73.86914088730195,-10.265419269773973,-3.7708095326437086,1.0181738484487266,0.0,0.0,0.0,0.0,10.983374495180813,287.6698505842325,100440.73127343976,1.2163483406813755,340.00865114623997
82.0,73.72579365022271,-10.381947312003744,-4.340204671046629,0.35588176314790165,0.0,0.0,0.0,0.0,11.258279549075782,287.67078234127354,100442.4411744251,1.216365107988133,340.0092017864922
82.05,73.65736179204748,-11.11895990129662,-5.351352551816915,-0.5428954088477829,0.0,0.0,0.0,0.0,12.35163871093336,287.67122714835165,100443.25746426512,1.2163731125156003,340.0094646537182
82.1,73.1479956496809,-11.449277696447615,-4.458672636612554,-0.876051309187737,0.0,0.0,0.0,0.0,12.31800257132543,287.674538028277,100449.33361022225,1.2164326947342399,340.0114212749679
82.15,72.90211901394741,-10.040023561489562,-3.896841027897892,-0.8468588377370088,0.0,0.0,0.0,0.0,10.8029909285821,287.6761362264093,100452.26673917213,1.2164614565251017,340.01236575352243
82.2,72.58731211565983,-9.763440536977777,-3.6826767075597293,-1.0465520328821256,0.0,0.0,0.0,0.0,10.487237482246389,287.6781824712482,100456.02225712533,1.216498282297032,340.0135750079995
82.25,72.58345581951582,-10.010734182893103,-4.219811767647136,-2.612749098803999,0.0,0.0,0.0,0.0,11.173543219955736,287.67820753717314,100456.06826187103,1.2164987334076895,340.0135898210008
82.3,72.5487651610013,-9.012391006760172,-3.0409200043969773,-2.6018922397675643,0.0,0.0,0.0,0.0,9.861046058062806,287.6784330264535,100456.48211439188,1.2165027915368831,340.0137230764971
82.35,72.29933801954881,-8.991202685662063,-2.597117010506896,-2.8826802150694086,0.0,0.0,0.0,0.0,9.79268031354407,287.6800543028729,100459.45777025505,1.2165319699435855,340.0146811869975
82.4,72.4393768253473,-9.224393306124492,-3.194829701980141,-3.5882307592256497,0.0,0.0,0.0,0.0,10.400565786157113,287.6791440506352,100457.7871040927,1.2165155879025333,340.014143264113
82.45,72.12426922176866,-8.829864160015157,-4.1205647209736895,-3.0251753940905513,0.0,0.0,0.0,0.0,10.20280553911835,287.6811922500585,100461.54637666773,1.2165524501059082,340.0153536673469
82.5,71.4628635145934,-9.016339876494852,-4.576517113771934,-1.9649275300629714,0.0,0.0,0.0,0.0,10.30047736075945,287.68549138715514,100469.43739881272,1.2166298260472337,340.01789426992815
82.55,70.86642830873032,-10.254840250647986,-4.6718087492522145,-0.6009146088674371,0.0,0.0,0.0,0.0,11.284885640672211,287.6893682159932,100476.55370882651,1.2166996045057918,340.0201852904636
82.6,71.18429941599543,-9.99540919922678,-4.000234625119079,-0.35938816926461725,0.0,0.0,0.0,0.0,10.772151223047153,287.68730205379603,100472.7610091038,1.2166624155824466,340.0189642892864
82.65,70.64180455085656,-9.746961136980511,-4.87104470178746,0.05934232142571505,0.0,0.0,0.0,0.0,10.896506293474634,287.6908282704194,100479.23389166019,1.216725884599233,340.02104810883907
82.7,70.41818969982509,-9.271841190026972,-4.832805668003239,0.01861393807703582,0.0,0.0,0.0,0.0,10.455782904998351,287.6922817669511,100481.90209384351,1.2167520470858921,340.0219070496556
82.75,69.8372813564996,-10.724393772680758,-6.539007076197692,-1.4961131539552,0.0,0.0,0.0,0.0,12.649489709214166,287.69605767118276,100488.8338376769,1.2168200142019083,340.0241384024349
82.8,69.9635848174775,-11.215989265387929,-6.159979985939477,-0.4812136325354365,0.0,0.0,0.0,0.0,12.805285439560109,287.69523669868636,100487.32667672385,1.2168052362672719,340.02365325385983
82.85,70.17970127158993,-12.012467011742459,-5.664829985000309,-0.28966041222306094,0.0,0.0,0.0,0.0,13.284335347376947,287.69383194173463,100484.74783275444,1.2167799502253545,340.0228231198972
82.9,69.40588359787169,-10.617962002242365,-3.9101969837215886,0.7923919167897332,0.0,0.0,0.0,0.0,11.342779310308465,287.69886175661384,100493.98178283719,1.2168704902427365,340.02579545400727
82.95,69.11961496478806,-11.333029438302775,-4.734367900608411,-0.5895328145323682,0.0,0.0,0.0,0.0,12.296314269209251,287.70072250272887,100497.39799454248,1.2169039862179623,340.02689504239464
83.0,69.07338552570553,-11.159671536750464,-4.06584392945849,-0.46502876735289866,0.0,0.0,0.0,0.0,11.886362245083173,287.7010229940829,100497.94968640555,1.2169093955395038,340.02707261427304
83.05,68.73559261236235,-11.233233986097332,-4.609706756570399,-1.976221378604745,0.0,0.0,0.0,0.0,12.302048329657845,287.70321864801963,100501.98090646957,1.2169489213552604,340.02837010767155
83.1,68.36688249268708,-11.356249031268806,-3.6628002497364593,-3.080145933667764,0.0,0.0,0.0,0.0,12.323465287911239,287.7056152637975,100506.38124188258,1.216992065975487,340.0297863512288
83.15,68.4994741157404,-8.910586108758952,-2.2619256554518374,-2.9776698910177237,0.0,0.0,0.0,0.0,9.663403668080557,287.70475341824766,100504.79882196407,1.21697655062997,340.0292770574193
83.2,67.94747554272014,-9.512333439520132,-3.209291842386295,-4.415852672571329,0.0,0.0,0.0,0.0,10.967396975585205,287.7083414089723,100511.38680338954,1.2170411443086828,340.03139731798836
83.25,68.07054773454169,-8.456634559408828,-3.169988477698361,-2.2338293278921597,0.0,0.0,0.0,0.0,9.303412733308098,287.70754143972545,100509.91793359004,1.2170267424398762,340.0309245912531
83.3,67.80216654588223,-8.814860979706344,-4.382423499650085,-1.5881734042885824,0.0,0.0,0.0,0.0,9.97144445824798,287.7092859174517,100513.12109241003,1.2170581484891978,340.0319554566105
83.35,67.36741965633605,-10.448884591755249,-4.586064435320568,0.7260354444773598,0.0,0.0,0.0,0.0,11.434085170374141,287.7121117722338,100518.31001945323,1.217109024019712,340.0336253341831
83.4,67.50686038403335,-11.020890063263312,-4.915176583845587,1.2342198368625004,0.0,0.0,0.0,0.0,12.130221648536555,287.71120540750377,100516.64569924196,1.2170927060236139,340.03308973850403
83.45,67.16786324227341,-11.588759706787961,-5.243355084344487,0.2392508732103763,0.0,0.0,0.0,0.0,12.72200318591869,287.7134088889252,100520.6919002099,1.2171323773214353,340.0343918344031
83.5,66.66813018415202,-9.375446313754619,-3.917375780684551,1.6464607593717577,0.0,0.0,0.0,0.0,10.293476556603217,287.716657153803,100526.65685291191,1.2171908606184956,340.0363113115992
83.55,66.57847549497677,-10.336787444402761,-4.650464127212479,0.7690539148532032,0.0,0.0,0.0,0.0,11.360784972580184,287.7172399092826,100527.72702652718,1.2172013530511927,340.0366556745661
83.6,66.41540771098744,-11.240240461148945,-5.295129340892564,-0.03479033288214016,0.0,0.0,0.0,0.0,12.42507990833432,287.7182998498786,100529.67352772818,1.2172204373140187,340.0372820157677
83.65,66.2975575492896,-11.841683787656104,-5.333939860735505,-0.8172537686694198,0.0,0.0,0.0,0.0,13.013235304380878,287.7190658759296,100531.08029596672,1.2172342297789784,340.0377346759618
83.7,65.49234478308617,-11.599556607342132,-3.987423569174189,-0.24587102697287794,0.0,0.0,0.0,0.0,12.268240002903637,287.7242997589099,100540.69248483081,1.2173284701749003,340.04082746651636
83.75,65.44704853785743,-11.324173765201301,-4.430353455090771,-2.954246780979173,0.0,0.0,0.0,0.0,12.513693189639657,287.7245941845039,100541.23322869936,1.2173337717172878,340.0410014467764
83.8,65.48478802311642,-12.00429301835877,-2.08425799783998,0.46756000517064555,0.0,0.0,0.0,0.0,12.19285834538449,287.7243488778497,100540.78269681602,1.2173293546285118,340.04085649160083
83.85,64.40501116439911,-11.044768022457566,-0.4270077481683649,-1.6684500596098029,0.0,0.0,0.0,0.0,11.178236081256694,287.7313674274314,100553.67365885034,1.2174557382555309,340.04500382752553
83.9,64.97551397498403,-11.056371407492772,-3.415731164291957,-5.2517706789037835,0.0,0.0,0.0,0.0,12.70793702183531,287.72765915916256,100546.86251999205,1.2173889618986482,340.0428125784938
83.95,64.93377165448796,-12.696317844036964,-3.751111047770076,-4.737039993341922,0.0,0.0,0.0,0.0,14.060827457444848,287.7279304842458,100547.3608619969,1.2173938476692971,340.04297290740163
84.0,64.66395524886688,-11.141275524032032,-4.631666726092356,-2.630437920810308,0.0,0.0,0.0,0.0,12.349071245208004,287.72968429088235,100550.58212187866,1.2174254289557294,340.044009248769
84.05,64.23193609779338,-10.743814184054694,-4.916049427839693,0.4240813519637728,0.0,0.0,0.0,0.0,11.822729388408636,287.73249241536433,100555.74004735566,1.2174759969435769,340.0456685902093
84.1,64.3098703992123,-9.695430430397419,-2.7319160724812064,2.43937688644597,0.0,0.0,0.0,0.0,10.364135094250955,287.7319858424051,100554.80956508388,1.217466874588429,340.04536925311504
84.15,64.39504049216738,-11.601596044954452,-1.39964027585502,1.7539854424918486,0.0,0.0,0.0,0.0,11.816619170666863,287.7314322368009,100553.7927003816,1.217456905330204,340.04504212383864
84.2,63.832975568972955,-11.279330618136992,-2.685798493955352,0.8703122384938111,0.0,0.0,0.0,0.0,11.627306486708243,287.73508565880167,100560.50347248364,1.2175226968356512,340.04720094966615
84.25,63.41397003805624,-12.98699082997143,-4.148437316971629,-0.47190406186693923,0.0,0.0,0.0,0.0,13.641633202597529,287.73780919475263,100565.5064234329,1.2175717445491216,340.0488102921333
84.3,63.41091273238651,-14.752210322480183,-4.979633601150701,-2.102644751870526,0.0,0.0,0.0,0.0,15.71131996851215,287.7378290672395,100565.54292858498,1.2175721024350417,340.0488220347948
84.35,62.92777357679633,-12.92326629139184,-3.9141859466717768,-1.565173989743704,0.0,0.0,0.0,0.0,13.593433447128715,287.7409694717508,100571.31189069727,1.2176286593553107,340.0506776961524
84.4,63.073933455394375,-10.433465633215398,-4.416031759153911,-1.5225563838876863,0.0,0.0,0.0,0.0,11.431391846991334,287.7400194325399,100569.56662859018,1.2176115494710318,340.05011632016067
84.45,62.31233992314949,-10.139299889230132,-3.8196977331036917,-1.592621628592061,0.0,0.0,0.0,0.0,10.951344057597629,287.7449697904995,100578.66091403132,1.2177007057583473,340.0530414651633
84.5,62.34108116848462,-11.55790747638373,-5.013036862880817,-0.6802482291979824,0.0,0.0,0.0,0.0,12.616596271363203,287.74478297240483,100578.31769906693,1.2176973410609349,340.05293107561994
84.55,62.021539784583744,-8.562907777001191,-6.084752276874827,1.8352046871837011,0.0,0.0,0.0,0.0,10.663750564985188,287.7468599914002,100582.13357122197,1.2177347497241,340.054158370022
84.6,61.917153445765464,-5.702894922501874,-3.24405981390976,2.137248058141403,0.0,0.0,0.0,0.0,6.900345196825379,287.7475385026025,100583.38014853818,1.2177469704080628,340.05455929606484
84.65,61.3950853649797,-7.293394080170724,-2.3847361342191515,1.5764968262014252,0.0,0.0,0.0,0.0,7.833639376531385,287.7509319451276,100589.61485158735,1.2178080912029556,340.056564443018
84.7,61.31594234792748,-7.696150957279595,-2.9628819451961275,2.0013556009791937,0.0,0.0,0.0,0.0,8.486155385094927,287.75144637473846,100590.56002998077,1.2178173570271638,340.05686841264674
84.75,61.46051746553638,-11.754292660691231,-3.119963299648172,-0.7192408233184152,0.0,0.0,0.0,0.0,12.182564356746036,287.750506636474,100588.83342348172,1.2178004306519616,340.0563131335747
84.8,61.21603681429243,-13.825904883851788,-3.5309523702436185,-3.2896415737662226,0.0,0.0,0.0,0.0,14.643941142400733,287.75209576070705,100591.75317838472,1.2178290537408054,340.05725212580796
84.85,60.42353135226615,-12.251192877891272,-7.152530786211063,-5.387176953625185,0.0,0.0,0.0,0.0,15.174719078410027,287.75724704621024,100601.21829163568,1.217921841530683,340.060295933619
84.9,60.491987262885424,-11.110097036770421,-4.828598491319388,-1.5566928940968643,0.0,0.0,0.0,0.0,12.21363632680122,287.75680208279124,100600.4006751918,1.2179138263912548,340.0600330133068
84.95,60.2295914763618,-10.037233423456646,-4.179071920051306,2.076528423929988,0.0,0.0,0.0,0.0,11.068995763180402,287.7585076554036,100603.5346793693,1.2179445491410443,340.0610408022022
85.0,60.32050809095184,-10.20361140795168,-3.1922850551039232,1.673659890038231,0.0,0.0,0.0,0.0,10.821529793196722,287.7579166974088,100602.4487800785,1.2179339040538952,340.0606916172284
85.05,59.56100150009839,-9.650778219608712,-2.2127132063480976,1.732069505182892,0.0,0.0,0.0,0.0,10.051551360282934,287.7628534902493,100611.52054520993,1.2180228340329653,340.0636086559785
85.1,59.781120242061654,-12.474358464509617,-3.7119479674849254,0.23071606519485988,0.0,0.0,0.0,0.0,13.016966110316844,287.76142271842656,100608.89131549075,1.2179970600059549,340.0627632479835
85.15,59.43517812273962,-15.350485279649828,-5.416959909264754,-2.5523590518180734,0.0,0.0,0.0,0.0,16.477117154063247,287.76367134220214,100613.02347976767,1.2180375670645662,340.0640919037039
85.2,59.18325048979185,-14.758914809447864,-3.4531448516293137,-2.4650555350279784,0.0,0.0,0.0,0.0,15.356636171689605,287.76530887181633,100616.03275855577,1.2180670664264002,340.06505947585504
85.25,58.64837207320945,-8.435579219989998,-3.327133355773955,-0.787480880735064,0.0,0.0,0.0,0.0,9.1021392694989,287.7687855815241,100622.42212969597,1.2181296996051623,340.0671137608679
85.3,58.36995874824584,-10.217840028562927,-1.49763131015294,-1.1248798168519631,0.0,0.0,0.0,0.0,10.388094579508513,287.7705952681364,100625.74803619891,1.2181623022163752,340.06818304629144
85.35,57.803101223727076,-7.618487832043764,-7.547892503295477,-2.643123943860659,0.0,0.0,0.0,0.0,11.04527692142268,287.77427984204576,100632.5199524705,1.2182286841322645,340.0703601317276
85.4,57.71075405802344,-3.455388282791774,-10.029988673519233,-2.4296519556885334,0.0,0.0,0.0,0.0,10.88317920469749,287.7748800986228,100633.62320516053,1.218239498719911,340.0707148009566
85.45,57.963417843769946,-8.872171103369134,-2.589038901382241,1.9401090120481337,0.0,0.0,0.0,0.0,9.44365212716771,287.77323778401546,100630.60470587849,1.2182099099553025,340.0697444176154
85.5,57.61679154725011,-9.336475576006329,-4.165814710460071,0.12090686212273907,0.0,0.0,0.0,0.0,10.22440251812088,287.77549085494286,100634.74576609998,1.2182505025526993,340.0710756737125
85.55,57.369345855643765,-8.192863314510106,-3.799086044318836,1.4854454301476478,0.0,0.0,0.0,0.0,9.152191660380053,287.7770992519383,100637.70202412152,1.2182794809737165,340.0720260126911
85.6,56.9251126787932,-9.50165455653667,-4.802215915013855,0.7961776482405127,0.0,0.0,0.0,0.0,10.675983132888708,287.77998676758784,100643.00949803356,1.2183315065449036,340.0737321262707
85.65,57.00424773590303,-12.126053741999542,-4.506178499972182,-1.4153485099068597,0.0,0.0,0.0,0.0,13.013455937296909,287.7794723897166,100642.0640156982,1.2183222386603045,340.07342820228604
85.7,56.611569352265136,-11.91555121696459,-4.667647483698006,-1.6735049974493978,0.0,0.0,0.0,0.0,12.906119200312181,287.78202479921026,100646.75569197774,1.2183682276320082,340.0749363097178
85.75,56.41741530277498,-13.669699223041615,-4.777167212305198,-4.275404651537179,0.0,0.0,0.0,0.0,15.098380322310538,287.7832868005319,100649.0754877168,1.2183909666931065,340.0756819687785
85.8,55.96636682880356,-12.237163584414706,-4.848755702640138,-4.847174307433439,0.0,0.0,0.0,0.0,14.026892144101396,287.78621861561277,100654.4648822664,1.2184437941368935,340.0774142383706
85.85,55.702391351993086,-9.635663591648404,-4.43468693441378,0.05485448111652391,0.0,0.0,0.0,0.0,10.607330958906555,287.78793445621204,100657.61912614538,1.218474712135968,340.0784280425883
85.9,55.80793844770799,-9.890114027810423,-3.430435347975596,2.433846708600702,0.0,0.0,0.0,0.0,10.747364884505384,287.7872484000899,100656.35793393297,1.2184623499118066,340.0780226867713
85.95,55.68759876106382,-10.031670524042811,-3.3775551692664867,1.6457984280839095,0.0,0.0,0.0,0.0,10.712186746424448,287.7880306080531,100657.79588523346,1.2184764447287308,340.078484853803
86.0,55.18870643450951,-10.061676928837574,-3.0226256415081685,1.5926882124094597,0.0,0.0,0.0,0.0,10.625924154206684,287.79127340817564,100663.7573784089,1.2185348789519757,340.08040085330344
86.05,54.78242743289602,-11.368282304540061,-3.8801884166698604,0.04114254170717327,0.0,0.0,0.0,0.0,12.012301919836837,287.7939142216862,100668.6124037067,1.2185824671524141,340.08196116270125
86.1,54.96210767896519,-11.638034945757589,-3.296168480625211,-0.4964141385880193,0.0,0.0,0.0,0.0,12.105990709080032,287.7927463000867,100666.46520526121,1.2185614207021356,340.0812711038581
86.15,54.32730418168018,-12.561109960906297,-4.560981906333853,-2.202789577010572,0.0,0.0,0.0,0.0,13.543866557245408,287.79687252281906,100674.05134190102,1.2186357782573618,340.08370904932406
86.2,54.30043306826125,-11.813214123738689,-4.350631331708745,-1.9510170411546661,0.0,0.0,0.0,0.0,12.739171417820742,287.7970471850563,100674.37247185939,1.2186389258753563,340.0838122467145
86.25,53.67571751155155,-11.158017957690666,-3.387258325756059,-1.6354365728716231,0.0,0.0,0.0,0.0,11.774953778823813,287.8011078361749,100681.83852509373,1.2187121053155634,340.0862114319303
86.3,53.66371908736565,-11.810552633202368,-3.5492838921157306,-1.724891811408189,0.0,0.0,0.0,0.0,12.452382158026575,287.8011858259321,100681.98192413995,1.2187135108488685,340.08625751104285
86.35,53.407229759292974,-9.427278224397494,-2.348867386531778,0.6196089635882135,0.0,0.0,0.0,0.0,9.735228193908485,287.8028530065646,100685.04739332436,1.2187435571154521,340.08724253895224
86.4,53.34633268068681,-7.163279462831368,-3.154782093936493,1.3351689605489228,0.0,0.0,0.0,0.0,7.940270705464472,287.8032488375755,100685.77522464114,1.218750690945244,340.08747640916806
86.45,53.1346845530684,-9.165756516608337,-3.365321816218998,-0.0018393549088816519,0.0,0.0,0.0,0.0,9.764040497237515,287.80462455040504,100688.30483947201,1.2187754848579084,340.0882892251235
86.5,52.181731217013194,-9.35860938824268,-4.338839515752594,-0.7912145463166048,0.0,0.0,0.0,0.0,10.345777809496163,287.8108187470894,100699.69515908034,1.218887125125087,340.09194893424456
86.55,51.93896459086156,-10.668659717199336,-4.5265669193816045,-1.256641458715574,0.0,0.0,0.0,0.0,11.657154712570067,287.8123967301594,100702.5970308326,1.2189155669401255,340.0928812456226
86.6,51.96594814898658,-10.166934953260355,-4.000119441576335,-1.407965882900074,0.0,0.0,0.0,0.0,11.015892601968972,287.8122213370316,100702.27448387319,1.2189124056017235,340.09277761915627
86.65,51.71610510155006,-11.059368154703893,-4.714218054124412,-2.2940262015719943,0.0,0.0,0.0,0.0,12.239118924849533,287.8138453168399,100705.26100544365,1.2189416769412709,340.0937371041673
86.7,51.93353819357272,-11.378456904154655,-5.248663195850571,-2.6899066645827627,0.0,0.0,0.0,0.0,12.81613610755394,287.81243200174174,100702.66189517196,1.2189162026864746,340.0929020849155
86.75,51.3617068232928,-10.107086957846686,-4.16720091677304,-2.1476932047197637,0.0,0.0,0.0,0.0,11.141425238982134,287.81614890564856,100709.4974604858,1.2189831987802997,340.09509811332623
86.8,51.141595353633186,-10.048593833409528,-4.0187345679761695,-3.385038739390087,0.0,0.0,0.0,0.0,11.33944235065615,287.81757963020135,100712.12873199244,1.2190089879181714,340.09594341301545
86.85,51.03045684415981,-10.418544215370481,-4.9791407100901734,-4.9145203679454035,0.0,0.0,0.0,0.0,12.54951856548518,287.81830203051294,100713.45733267402,1.2190220095078885,340.0963702202689
86.9,51.08932764791481,-8.597695734079945,-4.7773062390037415,-3.7247322648633805,0.0,0.0,0.0,0.0,10.51744537813032,287.8179193702885,100712.75356233526,1.2190151118724104,340.09614413770976
86.95,50.259559497962336,-10.109023690081635,-6.015781344142859,-0.5226840577541004,0.0,0.0,0.0,0.0,11.7751935768122,287.8233128632632,100722.67338352824,1.2191123349453559,340.09933069672394
87.0,50.034847305881044,-11.57628921478215,-5.493492762462427,0.017456595605325226,0.0,0.0,0.0,0.0,12.813634903813933,287.8247734925117,100725.35993847421,1.2191386652604324,340.10019365392264
87.05,49.5458079070088,-9.996293986557411,-4.344478553918209,3.2931099203464695,0.0,0.0,0.0,0.0,11.386174086084555,287.82795224860445,100731.20686769125,1.2191959692243775,340.102071693406
87.1,49.60081308125922,-10.606315192026493,-4.256595369694666,2.1640616239376502,0.0,0.0,0.0,0.0,11.631667498949483,287.8275947149718,100730.54921501671,1.2191895238033612,340.101860459636
87.15,49.73405250802085,-11.18606505349502,-4.1797461295417735,1.1385524966532603,0.0,0.0,0.0,0.0,11.995608816399331,287.82672865869785,100728.95619265336,1.2191739111220137,340.1013487860213
87.2,49.7558052375868,-12.55958145930735,-5.223127872673999,-0.06698363179652755,0.0,0.0,0.0,0.0,13.602523222336714,287.82658726595565,100728.69611703308,1.2191713622030624,340.10126524988056
87.25,49.19668558509008,-12.19047150038074,-4.446572674659569,-0.5970389337900753,0.0,0.0,0.0,0.0,12.989844473321666,287.8302215436969,100735.38112385717,1.2192368794444506,340.1034124082931
87.3,49.39799457738273,-11.50568281145801,-4.293169763005537,-2.153225807216474,0.0,0.0,0.0,0.0,12.467895770687544,287.828913035247,100732.97417013765,1.2192132898902612,340.102639333297
87.35,48.55843593561165,-9.122425585254476,-2.9437698418969958,-2.651900287016802,0.0,0.0,0.0,0.0,9.9457028194516,287.8343701664185,100743.01267241084,1.219311672374661,340.1058634289897
87.4,48.18001343290222,-8.514466183974255,-1.7998484249157687,-4.848648324402433,0.0,0.0,0.0,0.0,9.962177438915822,287.8368299126861,100747.53768985836,1.219356019262675,340.10731664727706
87.45,48.175513802160516,-9.439455876315977,-3.254747293381447,-3.8407447152194667,0.0,0.0,0.0,0.0,10.698038472176867,287.83685916028594,100747.59149554424,1.219356546576533,340.107333926724
87.5,48.42197193328856,-9.823580560398554,-3.9631921399326893,-2.4462230747338363,0.0,0.0,0.0,0.0,10.871689578718888,287.8352571824336,100744.64443269797,1.2193276642883402,340.10638747883667
87.55,47.895633794846084,-10.353799407699283,-4.786145440800985,-2.9707217606526486,0.0,0.0,0.0,0.0,11.787007174621946,287.8386783803335,100750.93829051316,1.2193893461900451,340.1084087180213
87.6,47.10056271240949,-8.79776516026477,-4.284344601324363,-2.269899200462055,0.0,0.0,0.0,0.0,10.04533338711683,287.8438463423693,100760.44621278426,1.2194825256030661,340.1114619203651
87.65,47.29643343854704,-8.682959649214087,-5.094616524745128,-2.011528464519906,0.0,0.0,0.0,0.0,10.266214130226388,287.8425731826494,100758.10380931383,1.2194595697671258,340.1107097474458
87.7,46.92884405715928,-10.166834179052067,-4.204534565124739,-0.27877857937958617,0.0,0.0,0.0,0.0,11.005468896416495,287.84496251362845,100762.49981970635,1.2195026511145444,340.1121213443471
87.75,46.8872953301018,-12.176621575252607,-4.558476317667099,-0.000706054072505069,0.0,0.0,0.0,0.0,13.001916005887418,287.8452325803543,100762.99671171726,1.2195075206841206,340.1122808971575
87.8,46.574208950673444,-12.567212527133009,-4.142787214098245,-1.0954833819384613,0.0,0.0,0.0,0.0,13.277710662743335,287.8472676418206,100766.74105679833,1.2195442153289937,340.1134831893885
87.85,46.51105370653457,-10.908318529307833,-3.732629400378176,-1.1661372164540431,0.0,0.0,0.0,0.0,11.58808920335908,287.8476781509075,100767.4963732816,1.21955161741181,340.11372571318725
87.9,45.93021647369986,-9.783760031619797,-2.8189375712959697,-1.6056931337354707,0.0,0.0,0.0,0.0,10.307600100261471,287.8514535929209,100774.44321544052,1.2196196957977854,340.11595619051326
87.95,45.60784303307678,-9.865500595740265,-2.7903154892642226,-3.562923438219192,0.0,0.0,0.0,0.0,10.853957156760433,287.85354902028496,100778.29898514513,1.2196574815852472,340.11719413281935
88.0,45.69144979124338,-9.317566654008177,-3.401075044681192,-4.494875348634307,0.0,0.0,0.0,0.0,10.889823883387585,287.8530055763569,100777.2989892919,1.21964768184828,340.11687307596276
88.05,45.43969287053978,-9.509877442039324,-3.9451619593571823,-4.489682305696995,0.0,0.0,0.0,0.0,11.232066553143998,287.85464199634146,100780.31020413159,1.2196771910280055,340.1178398424136
88.1,45.24744424437811,-9.406770532974665,-4.592091281830101,-3.630357570046135,0.0,0.0,0.0,0.0,11.07944629875933,287.85589161241154,100782.60970106475,1.219699725430806,340.1185780904651
88.15,44.918607046215115,-10.107281073724915,-4.754221152060824,-0.8170661308369921,0.0,0.0,0.0,0.0,11.199435098617311,287.85802905419956,100786.54304028941,1.2197382707872693,340.11984084438706
88.2,44.873615166133135,-10.939594982113803,-5.775335427944645,0.100751432704553,0.0,0.0,0.0,0.0,12.370908961315415,287.8583215014201,100787.08121391023,1.2197435446793279,340.12001361545265
88.25,44.61245800682282,-10.937323307131336,-3.6895595227699705,1.5516487802422856,0.0,0.0,0.0,0.0,11.646695004764583,287.8600190229556,100790.20511007398,1.2197741575402827,340.12101647024866
88.3,44.513063661132975,-11.620866864121785,-4.041180232815344,1.632025452447695,0.0,0.0,0.0,0.0,12.411252613059581,287.86066508620263,100791.39406080134,1.2197858087070401,340.1213981480616
88.35,44.3202812371618,-12.073209312632558,-4.767520006536158,0.19708654520047897,0.0,0.0,0.0,0.0,12.981928717477198,287.86191817195845,100793.70014792864,1.2198084072188433,340.1221384381866
88.4,44.14631431490032,-12.052844695569203,-5.1057110254423606,0.08521396679400367,0.0,0.0,0.0,0.0,13.089943153084015,287.86304895695315,100795.78119837692,1.2198288003981956,340.1228064748537
88.45,43.669429310513856,-13.167964176195238,-5.862744158628487,-1.387580153990749,0.0,0.0,0.0,0.0,14.48076062570066,287.86614870948165,100801.48603453841,1.2198847043250947,340.12463771664557
88.5,43.2880599135641,-12.331471067821697,-4.572230284406329,-1.1994446301825636,0.0,0.0,0.0,0.0,13.206405108546374,287.8686276105618,100806.04843350063,1.2199294126286209,340.1261021707339
88.55,42.778367871533355,-13.20580779089948,-5.154351597085389,-4.6554601346664075,0.0,0.0,0.0,0.0,14.920925201274425,287.871940608835,100812.1462431993,1.2199891662772044,340.12805937245537
88.6,42.41426673400844,-12.779418774530967,-3.7410089405436846,-4.085719756319717,0.0,0.0,0.0,0.0,13.928452822738196,287.8743072662289,100816.50242787752,1.2200318529751324,340.1294575026977
88.65,42.60374180272804,-11.35950056958091,-5.3560207721799316,-4.464417175738597,0.0,0.0,0.0,0.0,13.328774603141945,287.87307567828225,100814.23548819624,1.2200096390457953,340.1287299285835
88.7,42.44576764189047,-10.770661248625107,-4.725930599663982,-3.551839957476239,0.0,0.0,0.0,0.0,12.286461282606954,287.8741025103277,100816.12553818655,1.220028159808481,340.1293365410067
88.75,41.64016604835773,-11.251509476640802,-5.53268363712818,-1.080303417967486,0.0,0.0,0.0,0.0,12.584677556709822,287.87933892068565,100825.76444224552,1.2201226112322674,340.132429991696
88.8,41.84747337819795,-10.34929598090585,-3.337473807115549,1.725302938957638,0.0,0.0,0.0,0.0,11.010146635933248,287.8779914230417,100823.28396936502,1.2200983052934016,340.131633949531
88.85,41.99370998716545,-12.877478185659086,-2.201223766990234,1.0280770657370746,0.0,0.0,0.0,0.0,13.104646998205746,287.8770408850834,100821.53424936584,1.2200811598702797,340.13107241251635
88.9,41.86684856341017,-12.007341415705442,-4.441982250420367,-0.43406534568099253,0.0,0.0,0.0,0.0,12.809990902053206,287.8778654843378,100823.05214399697,1.2200960336508904,340.1315595504052
88.95,41.81759412009693,-11.77999250671028,-2.153542982392255,0.2581916883498806,0.0,0.0,0.0,0.0,11.978006252423409,287.87818563821935,100823.64147750354,1.2201018084916964,340.13174868340536
89.0,41.49874427465738,-11.1416979756272,-2.5166312525129166,-1.7049673184056329,0.0,0.0,0.0,0.0,11.548929829124916,287.8802581622147,100827.45660987117,1.220139192570954,340.13297303797117
89.05,41.260770691281174,-11.457298458201135,-3.33399755321124,-2.163210060934204,0.0,0.0,0.0,0.0,12.127023765658398,287.8818049905066,100830.30411010848,1.2201670947497323,340.13388683213395
89.1,41.26999724660554,-11.829101876989581,-3.501185381518053,-1.792121401988157,0.0,0.0,0.0,0.0,12.465859353105913,287.88174501789706,100830.193707488,1.220166012935705,340.1338514031532
89.15,40.645023324142166,-11.51527972669187,-4.39098200498504,-1.3137126491793305,0.0,0.0,0.0,0.0,12.393878774486906,287.88580734839303,100837.67220815593,1.2202392928148487,340.1362512275025
89.2,40.15245781982458,-9.558311521146695,-5.132537861298301,-1.0485146775442158,0.0,0.0,0.0,0.0,10.899708576928644,287.8890090241711,100843.56661288807,1.2202970498220602,340.1381426075936
89.25,39.69031046756794,-8.155073506364216,-5.660651102176942,0.2147617749383457,0.0,0.0,0.0,0.0,9.929467126425026,287.89201298196076,100849.09726509966,1.2203512419740081,340.1399171768297
89.3,38.8145796401434,-6.562122353412161,-3.9746885753007524,1.8466598785202417,0.0,0.0,0.0,0.0,7.891118536602671,287.89770523233904,100859.57806510307,1.2204539366484037,340.1432798126697
89.35,39.06678406342742,-10.000712788493267,-6.31715062274754,0.1298893124976615,0.0,0.0,0.0,0.0,11.829518988611225,287.8960659035877,100856.55957674627,1.2204243606144198,340.14231140020615
89.4,38.87980214564411,-12.34925743438856,-4.243990869841408,-2.52982310693325,0.0,0.0,0.0,0.0,13.300963222130635,287.89728128605327,100858.79744777885,1.2204462879471176,340.1430293720955
89.45,38.74628814171639,-11.124257269080822,-4.382905329321815,-2.7073207912752846,0.0,0.0,0.0,0.0,12.259222845734003,287.8981491270788,100860.3954189952,1.2204619452925236,340.14354203732745
89.5,39.06031506220693,-12.32348293437328,-3.697609471003383,-4.819704601610837,0.0,0.0,0.0,0.0,13.739363154114242,287.89610795209563,100856.636999553,1.220425119227886,340.1423362398581
89.55,39.098717314992115,-12.343367575992737,-4.8951348623915045,-4.2536275570734485,0.0,0.0,0.0,0.0,13.943257002270457,287.8958583374525,100856.17739141035,1.2204206158384248,340.14218878297356
89.6,38.43312191800288,-9.61480762837012,-4.0606339756142145,1.972510080398105,0.0,0.0,0.0,0.0,10.621867539738428,287.90018470753296,100864.14365016365,1.2204986712695232,340.14474452564497
89.65,38.54210746533651,-10.020231523241236,-1.5900768061652775,2.2645172449562385,0.0,0.0,0.0,0.0,10.395259611071113,287.8994763014753,100862.83920861875,1.2204858900995255,340.14432604597994
89.7,38.74406370911221,-10.952861755651375,-2.4233364134043165,2.1541462119364643,0.0,0.0,0.0,0.0,11.422700465010104,287.89816358589076,100860.42204243813,1.2204622061556722,340.1435505786666
89.75,38.19204031669288,-11.297709821037772,-2.242798089348489,1.1114082140569712,0.0,0.0,0.0,0.0,11.571673115337811,287.9017517379415,100867.02919006543,1.2205269442346245,340.14567022222485
89.8,37.85694490030822,-12.938982767575418,-3.8431989470731374,-0.17489300057684298,0.0,0.0,0.0,0.0,13.49881627284587,287.903929858148,100871.04010568945,1.2205662435490485,340.14695690553214
89.85,37.67035855908627,-12.900043043175586,-3.430309624971441,-1.753076886661965,0.0,0.0,0.0,0.0,13.462964503017266,287.90514266936594,100873.27350188562,1.2205881264383172,340.1476733487061
89.9,37.04437054859985,-12.093601149109343,-2.6219591987190713,-1.3249557506211533,0.0,0.0,0.0,0.0,12.44529495570878,287.9092115914341,100880.76672894672,1.2206615446496705,340.1500769693425
89.95,37.048577973541434,-10.526468296551077,-2.2496822078741427,-1.0268345787962025,0.0,0.0,0.0,0.0,10.813047400568074,287.909184243172,100880.71636355367,1.2206610511758855,340.1500608140524
90.0,36.965327116896965,-8.950896945273037,-3.0752607007496593,-2.5286483817034164,0.0,0.0,0.0,0.0,9.796420118633376,287.9097253737402,100881.71292988588,1.2206708153987216,340.1503804730269
90.05,36.259127636657624,-9.273134067853453,-2.3702600439620447,-0.8984299950985274,0.0,0.0,0.0,0.0,9.613340968283609,287.9143156703617,100890.1669127831,1.220753645647524,340.15309206069
90.1,36.2240779017549,-8.412198185700651,-3.7843492913745216,-0.40229021699473855,0.0,0.0,0.0,0.0,9.232996008518679,287.9145434936386,100890.58651152214,1.2207577567484773,340.1532266402724
90.15,35.50093611574706,-8.729081075281867,-6.180416972202927,-0.5877648444445394,0.0,0.0,0.0,0.0,10.711670172363549,287.91924391524765,100899.24393603094,1.2208425788373598,340.1560032576532
90.2,35.13755146486702,-10.397705444534177,-5.575393855744153,-0.6198959227984397,0.0,0.0,0.0,0.0,11.814464275330787,287.9216059154783,100903.59458960817,1.2208852043315896,340.1573985219979
90.25,35.30313736077496,-10.497159100411963,-4.256660014816268,-0.12644799304407606,0.0,0.0,0.0,0.0,11.32808424915891,287.92052960715495,100901.61207957602,1.2208657807484982,340.15676273334236
90.3,35.3261604352155,-10.917141847028816,-4.1059919616684075,-0.8065468627364416,0.0,0.0,0.0,0.0,11.691606987032335,287.92037995717106,100901.33643374132,1.220863080110879,340.1566743331495
90.35,34.87737200175614,-14.182728323617093,-4.532183769034569,-3.705893877722966,0.0,0.0,0.0,0.0,15.343536810356843,287.92329708198855,100906.70970362985,1.220915724421913,340.1583975125981
90.4,35.4128708940856,-12.850431060655477,-5.8632914203688475,-5.700952589446234,0.0,0.0,0.0,0.0,15.23196064700614,287.9198163391884,100900.29829042681,1.2208529088983704,340.15634139646676
90.45,35.17714355441121,-8.148654386125024,-4.219835474941926,-2.1243544280222992,0.0,0.0,0.0,0.0,9.419153968162474,287.9213485668963,100903.12056258206,1.2208805600725012,340.1572465031116
90.5,34.97389297738828,-10.024274484945174,-4.126971922641463,3.504230804451333,0.0,0.0,0.0,0.0,11.392875393449165,287.92266969564696,100905.55405435254,1.2209044020578121,340.1580269089495
90.55,34.56173568886732,-11.216557294720914,-4.732688909799325,3.0675036250997523,0.0,0.0,0.0,0.0,12.554643776415745,287.92534871802235,100910.4889039219,1.220952750605797,340.1596094325598
90.6,34.9045669970918,-11.415226829113497,-4.476771205550524,1.0904150539880857,0.0,0.0,0.0,0.0,12.31007266334861,287.9231203145189,100906.38409584184,1.220912534313013,340.158293094253
90.65,34.44956562448564,-10.954263601812304,-3.2686939034405893,1.6217669690974577,0.0,0.0,0.0,0.0,11.546011388979101,287.92607782344083,100911.83197452225,1.2209659090877611,340.1600401206852
90.7,34.30381514003369,-12.12072533968232,-4.772973567606839,-0.8318613072250539,0.0,0.0,0.0,0.0,13.05317021537484,287.92702520158974,100913.57714260426,1.2209830069945067,340.16059974336076
90.75,33.47218312575876,-11.673015262616763,-4.888325727603315,-2.255041283943939,0.0,0.0,0.0,0.0,12.854579920507861,287.93243080968256,100923.53529676441,1.2210805687792683,340.16379285498203
90.8,33.36008467252715,-11.481821445752324,-3.6597913096800534,-2.4693568973473186,0.0,0.0,0.0,0.0,12.301382834016037,287.93315944962853,100924.87765043492,1.22109371991378,340.1642232628561
90.85,33.0005360070396,-11.553886236362276,-4.077471595281116,-4.49785622960427,0.0,0.0,0.0,0.0,13.051772769831533,287.93549651595424,100929.18326208537,1.2211359020731989,340.16560376508755
90.9,32.87653369426382,-11.255454534512813,-4.527574466516087,-5.745497313380185,0.0,0.0,0.0,0.0,13.423670388771933,287.93630253098723,100930.66822992382,1.2211504502520172,340.1660798758863
90.95,32.789343495622276,-13.967122733805976,-4.830761371411633,-5.3086413591658745,0.0,0.0,0.0,0.0,15.703453313490284,287.93686926727844,100931.7123713715,1.2211606796454686,340.16641464501043
91.0,32.33684634804659,-14.238012317468892,-6.252722902195801,-3.4962342923747367,0.0,0.0,0.0,0.0,15.938669727151536,287.9398104987377,100937.13136666203,1.2212137689059208,340.16815201474657
91.05,32.20168925010108,-11.669902224554344,-5.0431843183565555,1.5719394883647215,0.0,0.0,0.0,0.0,12.809813416075047,287.9406890198743,100938.7500207395,1.2212296265646398,340.1686709507754
91.1,31.761200971504323,-12.27634382689063,-4.372698592469286,0.7035508936123804,0.0,0.0,0.0,0.0,13.050827352950513,287.9435521936852,100944.02549554169,1.2212813090931143,340.1703622011716
91.15,32.00586036146397,-10.284131626868433,-2.8414329126122464,2.064481014830411,0.0,0.0,0.0,0.0,10.867344946040264,287.94196190765047,100941.09532316015,1.2212526029787838,340.16942283489783
91.2,31.704293920236818,-9.608262335266614,-3.6235415951838714,1.4145029372405507,0.0,0.0,0.0,0.0,10.36578879559066,287.9439220895184,100944.70705485367,1.221287986124494,340.1705806946197
91.25,31.318625766236348,-9.338651718849091,-4.2716732022667685,0.0680475882304,0.0,0.0,0.0,0.0,10.26948091907235,287.94642893251944,100949.32618911093,1.2213332381660604,340.17206145583384
91.3,31.052826186826536,-9.777294996728905,-3.7845972773429057,0.22896390644099662,0.0,0.0,0.0,0.0,10.486710565052519,287.9481566297856,100952.50976118499,1.221364426278055,340.17308198152887
91.35,30.613658233881175,-11.395385721843992,-4.387271130042118,-1.318542536685355,0.0,0.0,0.0,0.0,12.281755499078933,287.95101122147975,100957.77000343271,1.2214159582412587,340.1747681406957
91.4,30.782195595637766,-10.778259835501828,-4.64072058163284,-2.3577291443382657,0.0,0.0,0.0,0.0,11.969380072353145,287.94991572862835,100955.75127945779,1.221396181872236,340.17412105253374
91.45,30.719191038822323,-11.575938251345937,-3.540790450174145,-1.8969406811895724,0.0,0.0,0.0,0.0,12.253078280945177,287.95032525824763,100956.50593802896,1.221403574871156,340.1743629545471
91.5,29.859316289429888,-10.82108599563761,-3.2460681411657273,-1.7387679603028627,0.0,0.0,0.0,0.0,11.430493188040982,287.95591444411866,100966.80583775052,1.2215044765997773,340.1776643721013
91.55,30.06111099298095,-10.685610969209016,-2.6974621910859833,-1.423180961477696,0.0,0.0,0.0,0.0,11.112336752759566,287.9546027785456,100964.38858929128,1.221480796491904,340.1768896010047
91.6,29.737832952114836,-14.33073523402373,-4.240254614671161,-3.5929744083697743,0.0,0.0,0.0,0.0,15.370725312883884,287.9567040858112,100968.26107896765,1.2215187325374066,340.17813079468374
91.65,29.435902452969646,-13.072309029750963,-3.5069936046230463,-0.6501424535978578,0.0,0.0,0.0,0.0,13.55016430609407,287.95866663405565,100971.87795888854,1.221554164304699,340.17929002252316
91.7,29.656568592019465,-12.947129960150823,-4.394608047030296,-3.368559459928077,0.0,0.0,0.0,0.0,14.081475310745299,287.95723230415183,100969.23454907985,1.2215282688928122,340.1784428003478
91.75,29.393502237982545,-10.385415357561637,-3.672393254673094,-3.8797081110167064,0.0,0.0,0.0,0.0,11.678846663636541,287.9589422354531,100972.38588711426,1.2215591400642347,340.1794528130139
91.8,29.732270830015338,-10.89507494862248,-3.9948941819401917,-4.667450589832592,0.0,0.0,0.0,0.0,12.507874826265624,287.95674023960487,100968.32770768323,1.2215193852494386,340.1781521498552
91.85,29.129901723570256,-10.318129099960666,-3.4844756764557054,1.2449777784852587,0.0,0.0,0.0,0.0,10.961538602412922,287.96065563879677,100975.54370387508,1.2215900745187471,340.18046487351864
91.9,28.940677216296205,-10.845049806027466,-3.0876494621242214,2.224719152677104,0.0,0.0,0.0,0.0,11.493392006038109,287.96188559809406,100977.81057850162,1.2216122810547645,340.18119137498775
91.95,28.838219443128597,-9.25004590277067,-0.09557455617789623,3.374475664682893,0.0,0.0,0.0,0.0,9.84680505091322,287.96255157361963,100979.03802088586,1.221624305166493,340.181584746868
92.0,28.798999372350778,-11.792658783863953,-3.7545020805035265,-0.6649402837036698,0.0,0.0,0.0,0.0,12.393757809721832,287.9628065040797,100979.50787986591,1.2216289079306732,340.18173532656704
92.05,28.461254438243802,-10.535435789812492,-2.301932354372227,-0.19017615150795525,0.0,0.0,0.0,0.0,10.785660240058094,287.9650018461514,100983.55415924636,1.2216685453354033,340.18303204585743
92.1,28.179768287686876,-13.40922028269219,-4.737454347959293,-3.144157968566758,0.0,0.0,0.0,0.0,14.564902732942086,287.96683150613,100986.92654286872,1.2217015810177627,340.1841127644977
92.15,27.94155051764149,-13.550417523695081,-3.954556948721857,-2.7233302330502855,0.0,0.0,0.0,0.0,14.375982167677893,287.9683799216353,100989.78061493937,1.2217295391850094,340.18502735880014
92.2,27.993244896325905,-10.64328586702847,-3.5299590128776757,-1.6045277526353279,0.0,0.0,0.0,0.0,11.327605836577352,287.96804390817385,100989.16126230157,1.2217234720893817,340.1848288877354
92.25,27.754129140142364,-9.675121246711255,-4.013142098656201,-2.1031116757051525,0.0,0.0,0.0,0.0,10.683461955895082,287.96959816058904,100992.02614454443,1.2217515360334137,340.18574692775695
92.3,27.16220669803659,-9.83480343465048,-4.294921904685984,-2.477164645468403,0.0,0.0,0.0,0.0,11.013902916147526,287.97344565646273,100999.11834044103,1.2218210094375825,340.18801949210774
92.35,26.89408427089923,-8.47047639855398,-3.694068696446729,-0.4057069228828512,0.0,0.0,0.0,0.0,9.249849299302271,287.97518845223914,101002.33101696166,1.2218524797200252,340.1890488879696
92.4,26.38626704650384,-6.3447810425920235,-3.5593766338596593,0.8491575791296,0.0,0.0,0.0,0.0,7.3243755429589,287.9784892641977,101008.41597335703,1.2219120853536016,340.19099852965417
92.45,26.602209921271488,-5.903531104533348,-4.289017837478439,1.0338991305334726,0.0,0.0,0.0,0.0,7.369959357046607,287.9770856355117,101005.8283860623,1.2218867385372771,340.19016947046407
92.5,26.44413532766113,-9.273009416495942,-3.959903650439175,0.5411344855914958,0.0,0.0,0.0,0.0,10.09764165984713,287.97811312037015,101007.72254753251,1.2219052928849226,340.1907763589177
92.55,26.41756644884104,-11.791273234956277,-4.055068717389239,-0.5806154316764525,0.0,0.0,0.0,0.0,12.4825807060738,287.9782858180825,101008.04091743456,1.2219084114857524,340.19087836347524
92.6,26.187752408842446,-12.757367672794341,-4.089230940475383,-2.971485794930914,0.0,0.0,0.0,0.0,13.722316402593094,287.97977960934253,101010.79476997352,1.2219353868433764,340.1917606756614
92.65,25.706658180919234,-13.446762671058826,-3.2095166163856486,-5.819104962887283,0.0,0.0,0.0,0.0,14.999280176453004,287.982906721824,101016.5598998997,1.2219918587101908,340.19360770640503
92.7,25.554901547590447,-9.586919935649936,-4.274010843923009,-5.033529644223441,0.0,0.0,0.0,0.0,11.64098892817143,287.9838931399406,101018.3785109971,1.222009672641796,340.19419033273914
92.75,25.01093078643725,-9.208654566670138,-5.680764689063126,-5.605369344607918,0.0,0.0,0.0,0.0,12.185670759963584,287.9874289498881,101024.8975296316,1.2220735282074322,340.1962787452143
92.8,25.0420676513154,-9.234892733159988,-4.565263213574741,-0.3893173381415514,0.0,0.0,0.0,0.0,10.309046512261332,287.98722656026644,101024.52437207142,1.2220698730485027,340.19615920491265
92.85,25.048929232870005,-12.233713415420404,-4.730279808270186,0.040863432612638306,0.0,0.0,0.0,0.0,13.116438572085437,287.98718195998634,101024.44214008158,1.2220690675680492,340.19613286200024
92.9,25.202356196972275,-11.366990068698211,-5.00133340415216,0.9416329512000771,0.0,0.0,0.0,0.0,12.454255162640509,287.98618468471966,101022.60342296679,1.2220510568963183,340.1955438262651
92.95,24.87351602985718,-12.703244240691436,-5.062062366978897,-0.7868610209596392,0.0,0.0,0.0,0.0,13.697300460753198,287.9883221458059,101026.54438041817,1.222089659436035,340.1968063059014
93.0,24.782456513716248,-11.25839006234437,-3.6691295443512812,-0.05930766673446197,0.0,0.0,0.0,0.0,11.841341807770746,287.98891403266083,101027.63569757431,1.2221003490754834,340.1971558997891
93.05,24.71879780039666,-9.70331393679357,-2.6889572598626224,0.012068534463395453,0.0,0.0,0.0,0.0,10.069008796841144,287.9893278142974,101028.39863114973,1.222107822128169,340.1974002968449
93.1,24.469014995547212,-8.924273377686461,-4.047323043932889,-0.9920486892393263,0.0,0.0,0.0,0.0,9.849245643370612,287.99095140252894,101031.39225994505,1.2221371450827434,340.1983592555001
93.15,24.102895239400887,-8.82741574350683,-2.9668911605265214,-0.991581894018437,0.0,0.0,0.0,0.0,9.365305468572172,287.99333118094387,101035.78030846216,1.2221801262476817,340.19976484660583
93.2,24.23508654890927,-10.0137433927353,-4.044807633476573,-1.8690528759715352,0.0,0.0,0.0,0.0,10.960332302469562,287.9924719374321,101034.19594054144,1.222164607321925,340.1992573441274
93.25,23.737431800532224,-10.135143851669609,-1.6277601769714496,-0.07314562984157263,0.0,0.0,0.0,0.0,10.265285888417102,287.99570669329654,101040.16064473895,1.2222230315165987,340.20116791221494
93.3,23.65309016769324,-9.340018366089915,-3.37946870501301,0.13382416009461695,0.0,0.0,0.0,0.0,9.933512002956672,287.99625491391,101041.1715603489,1.222232933355908,340.20149171079925
93.35,23.45290895305261,-7.632765469375799,-3.659167879027887,1.1546927846949062,0.0,0.0,0.0,0.0,8.542946429916991,287.9975560918051,101043.57095757687,1.222256435188577,340.20226023148894
93.4,23.18382276946504,-9.935353118774898,-4.802866406625242,-0.4239322700787886,0.0,0.0,0.0,0.0,11.04348160157174,287.99930515199844,101046.79633112492,1.2222880272014038,340.2032932842268
93.45,23.123643603828736,-12.398442754025169,-3.5983845265550074,0.2268669726418121,0.0,0.0,0.0,0.0,12.91205725471605,287.99969631657507,101047.51767384067,1.222295092610515,340.2035243185203
93.5,22.662549299275955,-11.788995819797531,-0.16002117014971884,2.123365202089105,0.0,0.0,0.0,0.0,11.979762476591207,288.0026934295547,101053.04475852796,1.2223492289924875,340.2052945039732
93.55,22.69619358066839,-11.480674259814267,-2.627572211242284,-2.9360583221186576,0.0,0.0,0.0,0.0,12.137975764357776,288.0024747417256,101052.64146009597,1.22234527880647,340.20516534064745
93.6,22.467445502743306,-11.158035230623968,-0.07575752923526691,-3.1478352059415005,0.0,0.0,0.0,0.0,11.593806790474225,288.00396160423213,101055.38351912504,1.2223721363851978,340.2060435234694
93.65,22.295482482524953,-10.517876666822131,-2.3385138486873736,-4.882438399265453,0.0,0.0,0.0,0.0,11.829310263984365,288.00507936386356,101057.44492148136,1.2223923270613064,340.2067037022578
93.7,22.348850981921917,-10.784020619083199,-1.8112980411678363,-4.365868373568915,0.0,0.0,0.0,0.0,11.774409028145714,288.0047324686175,101056.80516430059,1.222386060883964,340.20649881676763
93.75,21.97090468267706,-11.340448539149458,-4.053044888033787,-5.697485731266607,0.0,0.0,0.0,0.0,13.322698284938395,288.00718911956255,101061.33588243574,1.2224304373758428,340.207949777013
93.8,21.682319037689105,-10.154411555434457,-3.4941715307256764,-4.074167167835572,0.0,0.0,0.0,0.0,11.48564960438651,288.009064926255,101064.79547993052,1.2224643224335374,340.20905767177055
93.85,20.808411566029232,-10.725354773455782,-4.687488824510935,-3.2854856087796285,0.0,0.0,0.0,0.0,12.157310647585826,288.0147453248208,101075.27256688703,1.2225669390065446,340.212412624357
93.9,20.35360983297736,-11.318057036223195,-4.619168422337093,-2.1306716458510504,0.0,0.0,0.0,0.0,12.408662041152992,288.0177015360856,101080.7254340691,1.22262034566014,340.21415860646766
93.95,20.22369889282091,-12.173773881684316,-3.9197775108804382,-3.196832365516735,0.0,0.0,0.0,0.0,13.182760083927741,288.01854595719664,101082.28305125188,1.2226356012256399,340.2146573324239
94.0,20.661390366611954,-11.291988968222684,-2.5527487645311715,-2.70758304362783,0.0,0.0,0.0,0.0,11.889345947167119,288.015700962617,101077.03525855119,1.2225842032799832,340.2129770391584
94.05,20.205251685456474,-11.37737288202021,-3.9451532304891943,-4.464889763504257,0.0,0.0,0.0,0.0,12.84305603463651,288.0186658640445,101082.50423271555,1.2226377675105877,340.2147281508894
94.1,19.993814134817374,-10.362234359405074,-4.896548159241952,-3.4792340530388746,0.0,0.0,0.0,0.0,11.97736007602828,288.02004020812365,101085.03939060103,1.2226625971686913,340.2155398544262
94.15,19.818019424514947,-11.487887354623775,-6.135786780742435,-3.15578867629166,0.0,0.0,0.0,0.0,13.400687947290955,288.02118287374066,101087.1472263785,1.2226832414896258,340.21621472450454
94.2,19.27372409364972,-10.908043085395084,-5.704481488040581,-1.8259723826059608,0.0,0.0,0.0,0.0,12.444303441425435,288.0247207933913,101093.6737301913,1.2227471620976507,340.21830424778756
94.25,19.371849168762115,-11.078727715035964,-6.415268337644531,-0.9193951086259827,0.0,0.0,0.0,0.0,12.83507549621956,288.024082980403,101092.49711271458,1.2227356383587484,340.2179275513484
94.3,19.42839822928641,-10.031489571516307,-5.206866025651202,0.0789804612414716,0.0,0.0,0.0,0.0,11.302587081981677,288.0237154115096,101091.81903813886,1.2227289973151132,340.2177104626145
94.35,19.347019589240492,-10.892620116472935,-3.7832347800821897,1.578504296156567,0.0,0.0,0.0,0.0,11.638458412349943,288.0242443726699,101092.79484307897,1.2227385543190226,340.21802287069517
94.4,19.598746789320103,-9.858917394694759,-4.00378010981956,2.2832809950460016,0.0,0.0,0.0,0.0,10.883100636562167,288.0226081458694,101089.77642650432,1.2227089919820564,340.2170565030221
94.45,19.586820560725524,-12.843115325139909,-5.554158086170318,0.23366380589464758,0.0,0.0,0.0,0.0,13.994601890557655,288.02268566635524,101089.91943016654,1.2227103925620573,340.21710228725743
94.5,18.987522428121274,-13.897352355483452,-4.598502815601842,0.682813753379782,0.0,0.0,0.0,0.0,14.654312172850833,288.0265811042172,101097.10563683073,1.2227807738919045,340.21940295690337
94.55,18.721555236573654,-13.22951796527378,-4.636315207046715,-0.5558540310677558,0.0,0.0,0.0,0.0,14.029416880129002,288.02830989096225,101100.29499204585,1.2228120099640498,340.22042398404153
94.6,18.375584224961234,-13.038762570785858,-4.250254288893544,-1.4549770397211472,0.0,0.0,0.0,0.0,13.79097346396185,288.03055870253775,101104.44383788739,1.222852642864577,340.22175213496985
94.65,17.896568989086813,-11.937284211558612,-3.7203673749068082,-2.264584273859569,0.0,0.0,0.0,0.0,12.707014979341512,288.0336723015709,101110.18836282825,1.2229089029780162,340.22359102189296
94.7,17.71933555689815,-10.737043135341585,-3.229009877564101,-3.6959252965337237,0.0,0.0,0.0,0.0,11.805526836069209,288.0348243188801,101112.3138775945,1.2229297194628663,340.22427139907046
94.75,17.504152385083216,-9.918363988714173,-2.2016982917136483,-2.843511589275182,0.0,0.0,0.0,0.0,10.550212212969898,288.03622300949695,101114.89456241524,1.222954993598555,340.22509745876556
94.8,17.454847573896974,-9.723516128595506,-3.519237189696063,-2.0213301072970697,0.0,0.0,0.0,0.0,10.536487635975396,288.03654349076965,101115.4858809315,1.2229607847047355,340.22528673312274
94.85,17.064212849394497,-9.335953436856714,-5.086441755607957,-2.7649660923122386,0.0,0.0,0.0,0.0,10.985306267919219,288.03908261647894,101120.17090902856,1.2230066675237947,340.2267863221301
94.9,16.98168919291165,-6.880719190956913,-3.340555198575132,-2.3106358933626954,0.0,0.0,0.0,0.0,7.990159188102958,288.03961902024605,101121.16066853983,1.2230163606810565,340.2271031174123
94.95,16.907209516923274,-7.123309641357802,-4.610292811114715,-4.018862375199813,0.0,0.0,0.0,0.0,9.388695055313796,288.04010313813995,101122.05395813257,1.223025109049792,340.22738903287063
95.0,16.500086163365083,-8.387370421490614,-4.32444341994212,-3.498331767167126,0.0,0.0,0.0,0.0,10.064150169425483,288.0427494399381,101126.93700120007,1.2230729305284243,340.22895190948685
95.05,16.203246985023732,-9.113525058682205,-3.152148024893724,-2.8192187017481967,0.0,0.0,0.0,0.0,10.046908492384942,288.0446788945973,101130.49741471735,1.2231077987211083,340.2300914195742
95.1,15.833927456326279,-8.373232347698876,-2.3244721437573586,-3.171796436222459,0.0,0.0,0.0,0.0,9.250647724807612,288.04707947153383,101134.92732963982,1.2231511818745995,340.23150916284237
95.15,15.730311943219812,-7.114841031658125,-1.8502871331927735,-1.458350650993319,0.0,0.0,0.0,0.0,7.494752297593125,288.04775297236904,101136.17020551345,1.2231633535727067,340.2319069208618
95.2,15.864176559693348,-8.400718850690323,-3.3555942563645127,-1.5909646033806877,0.0,0.0,0.0,0.0,9.184947380954368,288.046882852362,101134.56449170205,1.2231476285346368,340.23139304285064
95.25,15.376672983852103,-11.61935748869035,-4.390530241910927,-3.0790507658900546,0.0,0.0,0.0,0.0,12.797139441064438,288.05005162560497,101140.41222457233,1.2232048961837318,340.23326446245943
95.3,14.897231481801727,-13.326238519502102,-4.160227479245861,-2.834348045168259,0.0,0.0,0.0,0.0,14.245337995248939,288.05316799536826,101146.16351779376,1.2232612187716625,340.2351049234906
95.35,14.995342456860325,-13.163409086875351,-3.8214987672527108,-2.590950772631431,0.0,0.0,0.0,0.0,13.94963144755968,288.0525302740304,101144.98657479741,1.2232496929830008,340.23472829977925
95.4,14.695456819894304,-13.09431667425954,-3.5760149838368007,-1.4831141270932187,0.0,0.0,0.0,0.0,13.654619725367683,288.0544795306707,101148.58404918425,1.223284922926365,340.23587948508697
95.45,14.490432734310652,-13.456664172502919,-4.251909017930284,-0.8112446836073539,0.0,0.0,0.0,0.0,14.135722793156413,288.05581218722693,101151.04360938992,1.223309009177944,340.23666651858804
95.5,14.446050543056712,-13.411078625820641,-3.4994524429626934,-0.16418467448279095,0.0,0.0,0.0,0.0,13.861102189791252,288.0561006714701,101151.57604429121,1.2233142232503074,340.23683688989894
95.55,14.69218904175618,-12.034161482539506,-1.8683076588179508,-0.14474277628522894,0.0,0.0,0.0,0.0,12.179185792454355,288.05450077122856,101148.62325052575,1.2232853068224456,340.2358920292414
95.6,14.214893003543656,-10.733989945373281,-0.6685241602072756,-0.35719402587701565,0.0,0.0,0.0,0.0,10.760718018435282,288.05760319547693,101154.34918294539,1.2233413801865471,340.23772424022343
95.65,13.849794964609403,-11.54848638597917,-1.8511236239032534,-1.300535305850973,0.0,0.0,0.0,0.0,11.767989996591766,288.05997633273,101158.72929736649,1.223384273709982,340.23912574663456
95.7,13.425238446611784,-11.321369533239597,-1.7109375546344896,-0.221242136725378,0.0,0.0,0.0,0.0,11.452059356599896,288.062735950097,101163.82293370659,1.2234341541565215,340.24075548979357
95.75,13.780305389421526,-11.755194926395182,-0.3747526976435991,-1.0130392412614035,0.0,0.0,0.0,0.0,11.804714983695018,288.06042801496875,101159.5629875251,1.223392437819314,340.23939249648254
95.8,13.293314609646439,-11.249720397221118,-1.5916800558741344,-1.3010499209749016,0.0,0.0,0.0,0.0,11.436012649205543,288.0635934550373,101165.40573829702,1.223449653987841,340.2412619036319
95.85,13.221291683536077,-10.877821146419215,-1.3657202763705052,-3.057550991707152,0.0,0.0,0.0,0.0,11.381599309133316,288.064061604057,101166.26986821512,1.2234581160792646,340.2415383765221
95.9,12.859291380797348,-11.609400900836125,-1.3827127360788642,-3.588779455445412,0.0,0.0,0.0,0.0,12.229857798301515,288.0664146060248,101170.61323258615,1.2235006487652058,340.24292797606125
95.95,13.062497834591785,-9.16148918089319,-2.0532727195517597,-1.9228804776802961,0.0,0.0,0.0,0.0,9.583646602620657,288.06509376407513,101168.17509539615,1.223476773186566,340.2421479343335
96.0,12.380882436382057,-7.780459894606458,-3.9397261338525063,-2.256826435412942,0.0,0.0,0.0,0.0,9.008344117590015,288.0695242641635,101176.35352672309,1.22355686044628,340.2447644212022
96.05,12.048726403302828,-9.439943644478385,-4.627674326741735,-3.663493033361493,0.0,0.0,0.0,0.0,11.133242424864402,288.0716832783785,101180.33912849733,1.2235958889911096,340.24603944657747
96.1,12.17390704678812,-8.715952566869918,-4.195100648939971,-3.5839137672035055,0.0,0.0,0.0,0.0,10.315577370821941,288.0708696041959,101178.83704783846,1.2235811800741727,340.2455589244894
96.15,12.062718381082071,-10.190673940854861,-4.910267363014634,-2.871519035885952,0.0,0.0,0.0,0.0,11.670740444314594,288.07159233052295,101180.17123359906,1.2235942449056203,340.24598573659506
96.2,11.32337328626188,-11.64837422022186,-2.9576901149473507,-0.9023025770432845,0.0,0.0,0.0,0.0,12.051833998646243,288.07639807363927,101189.04321687443,1.2236811217538688,340.2488237949595
96.25,11.575205425519538,-11.219701950028524,-0.4830764135652822,-0.13478022552129398,0.0,0.0,0.0,0.0,11.23090559029006,288.0747611647341,101186.02121423685,1.223651529653384,340.2478571119467
96.3,11.424340896362414,-12.092255532859335,-2.2435953911400097,-5.84714976823679,0.0,0.0,0.0,0.0,13.617838468835773,288.0757417841736,101187.8315899742,1.2236692572625838,340.24843622095585
96.35,11.19912842911263,-10.401240307666423,-1.2361949614430587,-5.037652474743564,0.0,0.0,0.0,0.0,11.622904988719982,288.0772056652107,101190.53419045324,1.223695721626225,340.24930072033686
96.4,11.08268679265901,-9.057643558567351,-3.9567064888609305,-5.0421010681361,0.0,0.0,0.0,0.0,11.095909888528746,288.0779625358477,101191.93153931534,1.2237094046719326,340.2497476917229
96.45,10.722109891550042,-9.583977739355674,-2.8532918047656115,-4.724546576833094,0.0,0.0,0.0,0.0,11.05962222629114,288.0803062857049,101196.25871366591,1.2237517767719805,340.2511317939093
96.5,10.277025564873945,-11.388218545301555,-3.2420961137192843,-6.627913388308239,0.0,0.0,0.0,0.0,13.56952264190084,288.0831993338283,101201.60024269616,1.2238040810534796,340.2528402765884
96.55,10.231584932724644,-12.137244116324586,-3.706508206595051,-5.162583393419849,0.0,0.0,0.0,0.0,13.700480470364045,288.0834946979373,101202.14559591988,1.22380942112568,340.2530147026769
96.6,9.920531483467748,-12.684072502835416,-4.613127221254213,-3.7338914783297508,0.0,0.0,0.0,0.0,14.003877448357139,288.08551654535745,101205.87875051764,1.2238459758466296,340.2542086941509
96.65,9.578560532421918,-10.19542307177975,-4.333241200487192,-1.9576198578312651,0.0,0.0,0.0,0.0,11.249706948269978,288.08773935653926,101209.98309483119,1.223886164928501,340.25552135889353
96.7,9.265932417021842,-10.733900569270334,-4.581144789122713,-1.6311333570679714,0.0,0.0,0.0,0.0,11.784061483140183,288.08977143928934,101213.73538359084,1.2239229064674728,340.25672138593706
96.75,8.700237723952952,-9.725924144503244,-4.427927148962068,-1.7445118489923634,0.0,0.0,0.0,0.0,10.827901961710833,288.09344845479427,101220.5253658344,1.2239893917358726,340.2588928015375
96.8,9.058079173860657,-9.894150686025412,-3.7091606003262236,-0.4580476515457961,0.0,0.0,0.0,0.0,10.576478516400256,288.0911224853699,101216.23018440897,1.2239473348335037,340.2575192309431
96.85,8.546573907115818,-10.39996661902299,-2.685308310718513,-0.7446907842565285,0.0,0.0,0.0,0.0,10.766835689494059,288.09444726960373,101222.36984243407,1.2240074520963025,340.25948263676014
96.9,9.02187128019928,-9.759374298098223,-1.7743041347378932,0.5228377971404411,0.0,0.0,0.0,0.0,9.933121423552961,288.0913578366787,101216.66478210808,1.2239515902764087,340.25765821480945
96.95,8.539754993441854,-8.686364702437682,-2.085296841838264,-0.011832997461813322,0.0,0.0,0.0,0.0,8.933170472019711,288.0944915925426,101222.45169269574,1.2240082535391352,340.2595088109884
97.0,8.225792908679134,-10.057319236271116,-3.8299880740400423,-2.7908533179570947,0.0,0.0,0.0,0.0,11.117883841357136,288.09653234609357,101226.22036844013,1.2240451546702054,340.2607139443586
97.05,7.687955352965864,-9.66151683246989,-3.936540214084905,-1.619247974112388,0.0,0.0,0.0,0.0,10.557614331034909,288.10002829020567,101232.67662014578,1.2241083706954823,340.2627784066088
97.1,7.774078447509182,-9.97775197461963,-4.362490360380095,-3.0842258041655595,0.0,0.0,0.0,0.0,11.318096369200779,288.09946849009117,101231.64276814177,1.2240982478433435,340.26244782830935
97.15,7.642177086680775,-9.950733015989421,-4.858679917377161,-2.802478206435702,0.0,0.0,0.0,0.0,11.422685419487534,288.10032584893656,101233.2261620812,1.2241137514689946,340.26295412358974
97.2,7.78693229113762,-10.168299950985004,-4.113298005546546,-3.344512836200491,0.0,0.0,0.0,0.0,11.467314876951129,288.0993849401076,101231.48846680237,1.2240967370164735,340.26239848957897
97.25,7.396870257619995,-8.88701772131405,-4.242045567126946,-0.768133110685037,0.0,0.0,0.0,0.0,9.877452254921915,288.10192034332545,101236.17097158304,1.2241425851210128,340.26389571679834
97.3,7.107675484708909,-9.628391647021257,-4.5439675176631535,-1.425920105406154,0.0,0.0,0.0,0.0,10.741825480662403,288.1038001093494,101239.6427272312,1.2241765780806966,340.2650057674815
97.35,6.537781557163268,-8.413665918777259,-3.234505285147542,1.0081719371237914,0.0,0.0,0.0,0.0,9.070182428553755,288.1075044198784,101246.48453162253,1.2242435675092536,340.2671932485066
97.4,6.14104665717549,-11.850720642594327,-5.435762246995293,-1.5819243072444862,0.0,0.0,0.0,0.0,13.133528675436832,288.11008319672834,101251.24771371481,1.2242902042367816,340.2687160675651
97.45,6.380879124254985,-11.013075171539787,-3.7160499403858993,-0.4890944027143253,0.0,0.0,0.0,0.0,11.633402994317468,288.10852428569234,101248.36827377276,1.2242620114413496,340.26779550038407
97.5,5.794699552052654,-12.375882348310038,-4.042543422985321,-1.7104239952859026,0.0,0.0,0.0,0.0,13.131266940763316,288.1123344529116,101255.40609046063,1.2243309189216085,340.2700454735791
97.55,6.068009565708812,-10.967614957517915,-3.549433055629919,-1.9151659244024128,0.0,0.0,0.0,0.0,11.685671285414509,288.1105579378229,101252.1246136604,1.224298789994438,340.26899641088795
97.6,5.778655780565839,-10.676657259122628,-2.8565242676627305,-6.2641088625838295,0.0,0.0,0.0,0.0,12.70392856414201,288.1124387374263,101255.59872151204,1.224332804965362,340.27010705527675
97.65,5.2632893552202145,-9.65456832708426,-0.9282714081210255,-7.363576168090679,0.0,0.0,0.0,0.0,12.177628314772402,288.11578861919105,101261.78667483579,1.2243933906324516,340.2720852088727
97.7,4.830468930596482,-8.128360257699063,-4.784765329884863,-1.5859116275180898,0.0,0.0,0.0,0.0,9.564483019552434,288.1186019519511,101266.98374311949,1.2244442740933767,340.27374651364244
97.75,4.507769855841907,-9.183395836197857,-3.409993178473759,1.3054949598015666,0.0,0.0,0.0,0.0,9.882668144362686,288.120699495937,101270.8586756803,1.2244822124633281,340.2749851317787
97.8,4.5612355870692145,-8.601847452811315,-3.2134445941776244,2.038250212785129,0.0,0.0,0.0,0.0,9.405980527898436,288.120351968684,101270.21665716579,1.224475926660526,340.27477991419676
97.85,4.663447671099439,-11.697722142645535,-2.934701602992284,2.3335648343055797,0.0,0.0,0.0,0.0,12.283920451592511,288.11968759013786,101268.98929978363,1.2244639099665446,340.2743875930845
97.9,4.613980205219185,-13.345423107755858,4.940949661808587,0.9278460335571868,0.0,0.0,0.0,0.0,14.260932639471314,288.120009128666,101269.58330103368,1.2244697256609764,340.27457746434277
97.95,4.07852073211169,-10.886268092615742,-5.724111175224233,-0.2432929376343884,0.0,0.0,0.0,0.0,12.301848364539913,288.1234896152412,101276.01323477532,1.2245326788670974,340.27663271473256
98.0,3.600591875665547,-12.233110420828172,-2.570776447433689,-2.7981609998892467,0.0,0.0,0.0,0.0,12.80966771981833,288.12659615280813,101281.75260542703,1.224588870372028,340.27846713527
98.05,3.343898273589896,-10.019269480237167,-5.082643002482689,-4.87963000342861,0.0,0.0,0.0,0.0,12.248665632576428,288.12826466122164,101284.83530625912,1.2246190514100106,340.27945239083294
98.1,3.5038804389191496,-11.657802327117832,-3.8646651493692197,-3.3535152792606047,0.0,0.0,0.0,0.0,12.731302232809385,288.127224777147,101282.91402953125,1.2246002412607933,340.27883833878366
98.15,3.0115865063291167,-10.292170100202581,-4.151568892998953,-2.596806978296346,0.0,0.0,0.0,0.0,11.397705739636779,288.13042468770885,101288.82623832599,1.2246581241837278,340.28072788397753
98.2,3.2857228110673984,-9.28969440764777,-3.979836363485341,-2.509928105189111,0.0,0.0,0.0,0.0,10.413321216635003,288.12864280172806,101285.5339612162,1.2246258915343222,340.2796756827102
98.25,2.8211803275520686,-9.619124901296995,-5.061635248983914,-3.812376613366466,0.0,0.0,0.0,0.0,11.518764287138268,288.1316623278709,101291.1129981341,1.224680512317682,340.28145870690855
98.3,2.557364159572919,-8.596366585284427,-4.095467108191405,-1.5522648889944906,0.0,0.0,0.0,0.0,9.647792264993965,288.1333771329628,101294.28147390661,1.2247115325832731,340.2824712917546
98.35,2.3854276459738246,-9.461533044900145,-5.145355052443601,0.08938036982214592,0.0,0.0,0.0,0.0,10.770481652458903,288.1344947203011,101296.3465030433,1.224731749697755,340.2831312205285
98.4,2.285270817142989,-9.054318513282396,-3.278646631139356,1.5761927237691764,0.0,0.0,0.0,0.0,9.757796420007576,288.13514573968854,101297.54944398352,1.2247435267325832,340.2835156430717
98.45,2.3441346844854976,-9.100569470996424,-3.066634341255568,1.5068524539186772,0.0,0.0,0.0,0.0,9.720864940800322,288.13476312455083,101296.84245378514,1.2247366051589357,340.2832897114744
98.5,2.1404253458309133,-11.312716825103571,-4.372739198450364,-0.07959229136739832,0.0,0.0,0.0,0.0,12.128674494580636,288.1360872352521,101299.28914160338,1.2247605586766752,340.28407158906333
98.55,1.6982969147704166,-9.899958986763666,-3.680577041711882,0.5087705464247186,0.0,0.0,0.0,0.0,10.574246203322891,288.138961070054,101304.59956964542,1.2248125483521584,340.285768561106
98.6,1.9628879243500863,-11.18126160645081,-3.8790100825668965,-0.3714722125061304,0.0,0.0,0.0,0.0,11.84083282278788,288.1372412284917,101301.42152590705,1.2247814350161976,340.28475301208243
98.65,1.1846594539276043,-9.334465286734506,-3.541793771216528,-3.1801194507328434,0.0,0.0,0.0,0.0,10.478058266110619,288.14229971354945,101310.76917949581,1.2248729488610428,340.287739987623
98.7,0.7269334348338289,-12.394850737217855,-0.9611658430633755,-1.5061519517548492,0.0,0.0,0.0,0.0,12.522965235021482,288.14527493267354,101316.26745961253,1.2249267764589924,340.2894968070474
98.75,0.832048085332838,-10.519360676990814,-6.556481661881294,-9.20182150903803,0.0,0.0,0.0,0.0,15.43754902565175,288.1445916874453,101315.0047837948,1.2249144150415119,340.2890933624433
98.8,0.6384089122942246,-16.473735333423548,-2.075193425920706,0.22840567436951706,0.0,0.0,0.0,0.0,16.60549766621754,288.14585034207005,101317.33085859985,1.2249371869617804,340.2898365760689
98.85,-0.02119260802151035,-16.70436895879183,2.0235677875502396,-5.759235272359912,0.0,0.0,0.0,0.0,17.784812617080156,288.15,101325.0,1.2250122659906946,340.29228686527705
98.9,0.018629674266635185,-7.6130622075042576,-8.987649999420743,0.5673579634735143,0.0,0.0,0.0,0.0,11.792305277007294,288.1498789071172,101324.77619695762,1.2250100750286617,340.2922153626251
98.95,-0.29274585383757257,-14.64069408324935,-3.0079466338612733,-8.791016905678706,0.0,0.0,0.0,0.0,17.340116620927862,288.15,101325.0,1.2250122659906946,340.29228686527705
99.0,-0.5599325689914153,-21.838713630336773,-17.34821432562368,14.134756552055856,0.0,0.0,0.0,0.0,31.26789561357652,288.15,101325.0,1.2250122659906946,340.29228686527705
99.05,-0.428233743360159,-2.078252356991362,1.9803348727940118,13.524315110394843,0.0,0.0,0.0,0.0,13.825626867270739,288.15,101325.0,1.2250122659906946,340.29228686527705
99.1,-0.137207942969333,1.7575422404761478,1.9068363828748252,-6.647544337620879,0.0,0.0,0.0,0.0,7.135462524514334,288.15,101325.0,1.2250122659906946,340.29228686527705
99.15,-0.7416596102555011,14.419798042862297,1.5595143334832366,17.57583858065283,0.0,0.0,0.0,0.0,22.787557182954902,288.15,101325.0,1.2250122659906946,340.29228686527705
99.2,-0.14225533026184553,-0.49823415016392414,6.758682915594055,6.1741133352019055,0.0,0.0,0.0,0.0,9.167753677856453,288.15,101325.0,1.2250122659906946,340.29228686527705
99.25,-0.518529515002244,-5.287396571606378,-1.180087654809718,-8.650374483040968,0.0,0.0,0.0,0.0,10.206769717952664,288.15,101325.0,1.2250122659906946,340.29228686527705
99.3,-0.13961891547346703,2.645592392922732,2.434503877810917,-21.58672753591419,0.0,0.0,0.0,0.0,21.884075807544694,288.15,101325.0,1.2250122659906946,340.29228686527705
99.35,-0.25539500673252574,4.594382961405429,-2.879174685230102,-7.957128063136631,0.0,0.0,0.0,0.0,9.62880515314745,288.15,101325.0,1.2250122659906946,340.29228686527705
99.4,-0.24445689665202142,3.443173727241599,-8.53021686956264,-6.376896186779624,0.0,0.0,0.0,0.0,11.193071523701722,288.15,101325.0,1.2250122659906946,340.29228686527705
99.45,-0.6387267393675145,3.1570793170173506,-2.947869348332114,-8.993141325976463,0.0,0.0,0.0,0.0,9.976656474879771,288.15,101325.0,1.2250122659906946,340.29228686527705
99.5,0.013689579091029358,3.4163047616694033,-3.8833233082094254,-9.850680063655656,0.0,0.0,0.0,0.0,11.125971232085343,288.14991101773586,101324.8355435456,1.2250106560133514,340.2922343232321
99.55,-0.3400549284660559,2.5931280033695288,-4.265042893514153,-9.745802249248255,0.0,0.0,0.0,0.0,10.949683338198742,288.15,101325.0,1.2250122659906946,340.29228686527705
99.6,-0.14199805709541813,2.4244714084688397,-4.841438408596865,-9.863940259654989,0.0,0.0,0.0,0.0,11.252328866539688,288.15,101325.0,1.2250122659906946,340.29228686527705
