time,baro_altitude,accl_x,accl_y,accl_z,gps_altitude,gyro_roll,gyro_pitch,gyro_yaw,At,T,P,rho,a
0.0,-0.19947829671076955,0.4373142585144067,-5.241572881685697,-4.03230798208481,0.0,0.0,0.0,0.0,6.627581587359583,288.15,101325.0,1.2250122659906946,340.29228686527705
0.05,0.22241513046618755,-0.6888440521213557,-9.382601730341323,-7.500196620980379,0.0,0.0,0.0,0.0,12.031652866988493,288.1485543016519,101322.32809628193,1.2249861088259186,340.29143321160007
0.1,0.25324471304075624,0.20584497163428048,-7.663063775787729,-6.018957293575427,0.0,0.0,0.0,0.0,9.746423215006727,288.1483539093652,101321.9577407455,1.2249824831419553,340.29131488411014
0.15,0.47039145579443753,-0.07606978912177706,-8.399215700729844,-6.590518679795298,0.0,0.0,0.0,0.0,10.67649509291015,288.1469424555373,101319.34918965946,1.224956946036761,340.2904814487275
0.2,-0.23776158108816625,0.36860826158149784,-7.656369434994672,-5.824032283421271,0.0,0.0,0.0,0.0,9.626796820020664,288.15,101325.0,1.2250122659906946,340.29228686527705
0.25,0.19855860625615696,0.8144674732766314,-7.367647128736708,-5.572428094225576,0.0,0.0,0.0,0.0,9.273485663110844,288.1487093690593,101322.61468527463,1.2249889144555688,340.2915247756604
0.3,0.0009704685146049163,0.07558573460303011,-7.973707757916534,-6.198192817888226,0.0,0.0,0.0,0.0,10.099669441108208,288.14999369195465,101324.98834150362,1.2250121518576713,340.29228314051704
0.35,0.06612996389809948,0.4825924093187146,-7.688679380819684,-5.9529603713557835,0.0,0.0,0.0,0.0,9.735831923236256,288.14957015523464,101324.20556563935,1.2250044887217364,340.2920330514427
0.4,0.03285553522286061,-0.8479965833725114,-8.903017594836601,-7.16523874285971,0.0,0.0,0.0,0.0,11.459645140298164,288.14978643902106,101324.60529832068,1.2250084019836496,340.2921607622623
0.45,0.2877483740427209,0.6873619059873657,-7.415165019862782,-5.574763657549271,0.0,0.0,0.0,0.0,9.302425946984545,288.1481296355687,101321.54324983332,1.2249784253812013,340.2911824550351
0.5,0.32088150447020924,0.42792858644539966,-7.6822648400748195,-5.875056381361355,0.0,0.0,0.0,0.0,9.680733620564183,288.1479142702209,101321.14522433492,1.2249745288096936,340.29105528616776
0.55,0.34844889483802427,0.7882732160200487,-7.364693514611551,-5.615075589150903,0.0,0.0,0.0,0.0,9.294576864986075,288.14773508218354,101320.81406056703,1.2249712867958256,340.2909494792318
0.6,0.19800561234779962,0.8219502032384074,-7.385351860708838,-5.632130423706108,0.0,0.0,0.0,0.0,9.324157728862971,288.1487129635197,101322.62132841133,1.224988979490084,340.2915268981137
0.65,0.4560994193756839,0.19692883700817335,-7.90941653652463,-6.16332996733892,0.0,0.0,0.0,0.0,10.029171810343696,288.147035353774,101319.5208760666,1.2249586268103883,340.2905363033494
0.7,0.5846866355940655,0.07133151190008225,-7.994049852910369,-6.289920065246157,0.0,0.0,0.0,0.0,10.17216868040402,288.1461995368686,101317.97620073882,1.2249435047460158,340.29004276922564
0.75,0.16498641934615438,0.40655606156745494,-7.727318032311318,-5.972672140718502,0.0,0.0,0.0,0.0,9.774944721285939,288.1489275882742,101323.01798986609,1.2249928626971818,340.2916536295002
0.8,0.0388262412969197,0.17469089929705234,-7.9164194791207105,-6.103431144539754,0.0,0.0,0.0,0.0,9.99760401375434,288.14974762943154,101324.53357088393,1.2250076997939787,340.2921378460567
0.85,-0.045416377566439285,-0.0034869421271095657,-8.135889396139698,-6.436990851686055,0.0,0.0,0.0,0.0,10.374370325454636,288.15,101325.0,1.2250122659906946,340.29228686527705
0.9,0.24938391663736553,-0.3511498379154673,-8.480837736872473,-6.7267656146923365,0.0,0.0,0.0,0.0,10.830387369011111,288.1483790045418,101322.00412040275,1.2249829371868233,340.2913297022938
0.95,0.28628661270449807,0.29326370823733133,-7.890688268561059,-6.119425829852435,0.0,0.0,0.0,0.0,9.989811681970856,288.1481391370174,101321.56080987799,1.2249785972896428,340.29118806544665
1.0,0.06435139492137229,-0.6150100059952259,-8.682613538581405,-6.979454173896425,0.0,0.0,0.0,0.0,11.157006575840652,288.149581715933,101324.22693192869,1.2250046978913136,340.29203987778203
1.05,0.5347575271779725,0.07446287220980376,-8.1282214010396,-6.2762755107973245,0.0,0.0,0.0,0.0,10.269623272111305,288.1465240760733,101318.57598019572,1.22494937647287,340.29023440359197
1.1,-0.12257556306384661,-0.19433855205303346,-8.228342260264952,-6.450309857532669,0.0,0.0,0.0,0.0,10.457049348791433,288.15,101325.0,1.2250122659906946,340.29228686527705
1.15,0.30817345257753104,0.042986993687783415,-8.092181502812174,-6.279973798929429,0.0,0.0,0.0,0.0,10.243208494964943,288.1479968725582,101321.29788493978,1.2249760233197258,340.2911040611773
1.2,-0.04390190068361392,0.7753103493505968,-7.383616878366012,-5.61080543879684,0.0,0.0,0.0,0.0,9.305914356812757,288.15,101325.0,1.2250122659906946,340.29228686527705
1.25,-0.004604601551304412,0.6159414386190096,-7.524321273118886,-5.745251473381036,0.0,0.0,0.0,0.0,9.486975754649341,288.15,101325.0,1.2250122659906946,340.29228686527705
1.3,0.43349057889497045,-0.3540015889387721,-8.473398814646844,-6.672611505859732,0.0,0.0,0.0,0.0,10.791086548868071,288.14718231123715,101319.79247049546,1.2249612856613188,340.2906230788866
1.35,0.407059662172575,0.7983228004311296,-7.324466775691656,-5.606958792511907,0.0,0.0,0.0,0.0,9.258678077502516,288.14735411219584,101320.10997933168,1.2249643940026835,340.29072452399896
1.4,0.32067484258818263,-0.452357821833006,-8.524919813644921,-6.695453265005958,0.0,0.0,0.0,0.0,10.849330848118155,288.14791561352314,101321.1477069428,1.2249745531138219,340.2910560793606
1.45,0.325942793964267,1.174928661991453,-6.951280085676001,-5.206645222444137,0.0,0.0,0.0,0.0,8.76412612087966,288.1478813718392,101321.0844236031,1.2249739335852614,340.2910358603368
1.5,0.7662541800234333,-0.215337916496777,-8.356520832933912,-6.607016762326984,0.0,0.0,0.0,0.0,10.655068340804267,288.1450193478298,101315.7951228768,1.2249221523526568,340.28934588863103
1.55,0.2629407651522332,1.3018330324874192,-6.85922728959601,-5.096484627459921,0.0,0.0,0.0,0.0,8.643953020045245,288.1482908850265,101321.8412623733,1.2249813428485947,340.2912776695365
1.6,0.11466908163035394,-0.08090855594045757,-8.174850208921942,-6.3690812874675276,0.0,0.0,0.0,0.0,10.363393198132767,288.1492546509694,101323.62245734119,1.224998780262792,340.2918467530262
1.65,0.02072054096421133,0.5834648191667331,-7.486457689901607,-5.722515263120583,0.0,0.0,0.0,0.0,9.441115446521147,288.1498653164837,101324.7510788662,1.2250098291303178,340.29220733765754
1.7,0.019424277704609666,-0.04314252307721761,-8.257338897474481,-6.498461576435872,0.0,0.0,0.0,0.0,10.507878463584166,288.14987374219487,101324.76665119219,1.2250099815785727,340.29221231285305
1.75,0.2826903523809914,0.7157589045782531,-7.344240894950389,-5.6686549984320305,0.0,0.0,0.0,0.0,9.30504350466956,288.1481625127095,101321.60401153198,1.224979020222996,340.2912018683154
1.8,0.015127385664725318,0.766574527096727,-7.357301966775023,-5.597933351319434,0.0,0.0,0.0,0.0,9.276550357849604,288.1499016719932,101324.81827081599,1.2250104869186922,340.29222880477874
1.85,0.08329076441742186,0.7284405957434198,-7.4645376409094215,-5.590888423729044,0.0,0.0,0.0,0.0,9.354570073534543,288.1494586100313,101323.99940984735,1.2250024705178073,340.2919671864343
1.9,0.13818791755374576,-0.2630109445197702,-8.419204201274681,-6.59795252646367,0.0,0.0,0.0,0.0,10.699773440646618,288.14910177853585,101323.33992272585,1.2249960143296577,340.2917564851376
1.95,0.4250251830798307,-0.022737733613755973,-8.14175092777733,-6.410383485599295,0.0,0.0,0.0,0.0,10.36251135617892,288.14723733630996,101319.8941633608,1.224962281212207,340.29065557012126
2.0,0.0032808982315638002,0.7592478824496077,-7.421000859241892,-5.662236459266081,0.0,0.0,0.0,0.0,9.365288720616956,288.14997867416145,101324.9605857012,1.2250118801370602,340.29227427284513
2.05,-0.1120360439796741,0.1617329280623304,-7.964324025632857,-6.182617764731014,0.0,0.0,0.0,0.0,10.083718418820505,288.15,101325.0,1.2250122659906946,340.29228686527705
2.1,0.18852759163931337,0.9325730144022883,-7.244941562314229,-5.471067235854999,0.0,0.0,0.0,0.0,9.126414814580015,288.1487745706543,101322.73518828777,1.2249900941474128,340.2915632758309
2.15,0.3746442571978159,0.10131543727176041,-8.044900310887042,-6.236041784637542,0.0,0.0,0.0,0.0,10.179337059439842,288.1475648123282,101320.49937961965,1.224968206142949,340.2908489382727
2.2,0.24700855484019432,-0.35986674832558974,-8.48690370558482,-6.702193047815915,0.0,0.0,0.0,0.0,10.820186238443947,288.1483944443935,101322.03265557715,1.2249832165387924,340.2913388192071
2.25,0.15554880031398804,0.5779180266945347,-7.540868586037365,-5.752759930228487,0.0,0.0,0.0,0.0,9.502259473004626,288.1489889327979,101323.13136475458,1.2249939726057841,340.2916898521377
2.3,0.43413107862492806,-0.13641395972989515,-8.259851818531658,-6.409573305921921,0.0,0.0,0.0,0.0,10.455926108982254,288.14717814798894,101319.78477632199,1.2249612103370373,340.2906206205694
2.35,-0.16278402119789936,-0.336681928938523,-8.442286052111037,-6.676196514295813,0.0,0.0,0.0,0.0,10.768340095132483,288.15,101325.0,1.2250122659906946,340.29228686527705
2.4,0.08732505214179313,-0.05510738270635138,-8.129802617008432,-6.431477835060613,0.0,0.0,0.0,0.0,10.366322132657361,288.149432387161,101323.95094527052,1.2250019960638918,340.2919517023998
2.45,0.32660150730001714,0.009144344139597416,-8.049434232952438,-6.2853130152798,0.0,0.0,0.0,0.0,10.212670306521307,288.14787709020254,101321.07651055213,1.224973856118405,340.2910333321166
2.5,-0.13656911737911487,0.5688806739020731,-7.566795292376033,-5.796620964293521,0.0,0.0,0.0,0.0,9.548865420642942,288.15,101325.0,1.2250122659906946,340.29228686527705
2.55,0.03870446510793918,-0.015435415114342807,-8.11605371956063,-6.36125510294873,0.0,0.0,0.0,0.0,10.311941268045748,288.1497484209768,101324.53503380828,1.2250077141155615,340.2921383134467
2.6,-0.1052247762129698,0.2743405804283869,-7.832313354385193,-6.060002897395822,0.0,0.0,0.0,0.0,9.9067668970152,288.15,101325.0,1.2250122659906946,340.29228686527705
2.65,0.08135886803141379,0.28340933245210254,-7.8921874219298145,-6.121891827192561,0.0,0.0,0.0,0.0,9.992222110043151,288.1494711673578,101324.02261805018,1.2250026977192543,340.29197460126215
2.7,-0.16395273311907343,0.5575161614125808,-7.563678103806315,-5.778214395539451,0.0,0.0,0.0,0.0,9.534558842917413,288.15,101325.0,1.2250122659906946,340.29228686527705
2.75,0.17773368829530917,0.33187703834774207,-7.795219244578382,-6.032356109437514,0.0,0.0,0.0,0.0,9.862297180205823,288.14884473102603,101322.86485604582,1.2249913635593284,340.29160470405003
2.8,0.5871398042380946,-0.13606664940153457,-8.274106486555002,-6.373664420396845,0.0,0.0,0.0,0.0,10.445235776552082,288.1461835912724,101317.94673182772,1.2249432162508085,340.29003335364473
2.85,-0.25542721877464847,1.4072430102741569,-6.780416219338588,-4.967696796907157,0.0,0.0,0.0,0.0,8.522463755478043,288.15,101325.0,1.2250122659906946,340.29228686527705
2.9,0.4459575324344632,0.05574784222203767,-8.005092819036287,-6.355462460844826,0.0,0.0,0.0,0.0,10.221375736881338,288.14710127603917,101319.64270798214,1.2249598195187548,340.2905752291736
2.95,0.035975856833024955,-0.041768822774482656,-8.223245006655064,-6.455433719121435,0.0,0.0,0.0,0.0,10.45447882852146,288.1497661569306,101324.56781318931,1.2250080350156887,340.29214878613595
3.0,-0.08323579623058112,-0.6415156874865398,-8.707321711022999,-6.932063413377025,0.0,0.0,0.0,0.0,11.148205995747663,288.15,101325.0,1.2250122659906946,340.29228686527705
3.05,-0.3003610328895758,-0.11976140093722051,-8.294663160740997,-6.4455904787221785,0.0,0.0,0.0,0.0,10.505304201340495,288.15,101325.0,1.2250122659906946,340.29228686527705
3.1,0.19481505251722542,0.22491193183043776,-7.914353336969789,-6.154686177700874,0.0,0.0,0.0,0.0,10.028346626711041,288.1487337021586,101322.65965673426,1.2249893547140032,340.29153914384426
3.15,0.012638969333521155,0.27189366855501224,-7.906222870550743,-6.044336647742009,0.0,0.0,0.0,0.0,9.9557165365963,288.1499178466993,101324.8481647847,1.2250107795713592,340.2922383555832
3.2,0.3601633371049332,-0.023534764369938024,-8.110278833239107,-6.374695113672714,0.0,0.0,0.0,0.0,10.315712017611922,288.1476589383088,101320.67333663645,1.2249699091416828,340.29090451779365
3.25,0.1000319174104467,0.7987951351478231,-7.311621064335835,-5.402605095037552,0.0,0.0,0.0,0.0,9.126117360044251,288.1493497925368,101323.79829568404,1.2250005016691723,340.2919029320662
3.3,-0.04751993371180541,-0.5315375966046776,-8.723457461733792,-7.012706844247958,0.0,0.0,0.0,0.0,11.205324608713726,288.15,101325.0,1.2250122659906946,340.29228686527705
3.35,-0.1542396848618057,0.18886135676088817,-8.033171273952059,-6.175276993476604,0.0,0.0,0.0,0.0,10.134177582561279,288.15,101325.0,1.2250122659906946,340.29228686527705
3.4,0.20821833243762186,0.02546852971438749,-8.058081729246448,-6.294461433367845,0.0,0.0,0.0,0.0,10.225144230639312,288.1486465808391,101322.49864267514,1.224987778429713,340.29148770053274
3.45,0.25111868297433837,-0.06943936916615559,-8.181705196403568,-6.435853139895395,0.0,0.0,0.0,0.0,10.409866828406056,288.14836772856063,101321.98328069304,1.2249827331714516,340.2913230440598
3.5,0.15171935596801278,0.5088674536874025,-7.718552897987229,-5.872953815699779,0.0,0.0,0.0,0.0,9.712187778548763,288.14901382418617,101323.17736821169,1.224994422966758,340.2917045499724
3.55,-0.19828514136189132,0.7673452673900318,-7.223639038562872,-5.564860265555618,0.0,0.0,0.0,0.0,9.150816875776455,288.15,101325.0,1.2250122659906946,340.29228686527705
3.6,0.08270763181735188,-0.4117935784288879,-8.505662354778975,-6.767541640185256,0.0,0.0,0.0,0.0,10.877292213431652,288.1494624003932,101324.00641511893,1.2250025390973471,340.2919694245605
3.65,-0.023575236665803974,-0.04461101122092315,-8.187634389447886,-6.351880258178171,0.0,0.0,0.0,0.0,10.362708615599756,288.15,101325.0,1.2250122659906946,340.29228686527705
3.7,0.06591791051215223,0.5015948284141499,-7.629565776732708,-5.75728158757193,0.0,0.0,0.0,0.0,9.571215314262737,288.14957153358165,101324.20811307707,1.2250045136603895,340.2920338653264
3.75,0.24240968164754328,-0.19768012093365236,-8.284071276236778,-6.564289051132086,0.0,0.0,0.0,0.0,10.571414526296667,288.1484243370693,101322.08790176875,1.2249837573846616,340.29135647021366
3.8,-0.32133278354941197,0.02432714660575125,-8.195361840615654,-6.417184737847148,0.0,0.0,0.0,0.0,10.408881182352863,288.15,101325.0,1.2250122659906946,340.29228686527705
3.85,0.17865931629814447,0.36722062921357035,-7.5857773652556375,-5.838987547466446,0.0,0.0,0.0,0.0,9.579804006617932,288.148838714444,101322.85373642019,1.2249912547012443,340.2916011513855
3.9,0.12686026450312446,-0.6689230226493266,-8.707499460927066,-7.013103663913977,0.0,0.0,0.0,0.0,11.200519089447555,288.1491754082807,101323.47600310991,1.2249973465179085,340.2917999619235
3.95,-0.12076341860964496,0.11125374339984379,-7.9495140432110345,-6.199889429957206,0.0,0.0,0.0,0.0,10.081953176955595,288.15,101325.0,1.2250122659906946,340.29228686527705
4.0,0.057142023098343056,0.25214893702481356,-7.9845403988717045,-6.040739883740574,0.0,0.0,0.0,0.0,10.015338377242735,288.14962857684986,101324.31353952894,1.225005545753711,340.29206754812645
4.05,0.03976596027052668,0.17883583778667067,-8.065979050369213,-6.241766385341949,0.0,0.0,0.0,0.0,10.200570959855952,288.1497415212582,101324.52228183197,1.2250075892776038,340.2921342393151
4.1,-0.19970602160207793,0.09765357762974416,-7.955533143081745,-6.278793225781103,0.0,0.0,0.0,0.0,10.135249783996972,288.15,101325.0,1.2250122659906946,340.29228686527705
4.15,-0.09117782425049621,0.97181125452018,-7.1680084969582625,-5.398786486276891,0.0,0.0,0.0,0.0,9.026165212939762,288.15,101325.0,1.2250122659906946,340.29228686527705
4.2,0.18633533440091798,-0.4847035538400697,-8.624356454422736,-6.89013137445521,0.0,0.0,0.0,0.0,11.049360712063859,288.1487888203264,101322.76152398443,1.2249903519667114,340.29157168996204
4.25,0.3040174918462458,-0.017104727933506203,-8.163688738936965,-6.331538283655532,0.0,0.0,0.0,0.0,10.33123823340453,288.14802388630295,101321.34781013658,1.2249765120751144,340.29112001224564
4.3,-0.3205296846192658,-0.23799938911684537,-8.213350076487934,-6.541846286540524,0.0,0.0,0.0,0.0,10.502928926013372,288.15,101325.0,1.2250122659906946,340.29228686527705
4.35,-0.1861683963145983,0.3217854744599987,-7.819121936757414,-5.934305625932197,0.0,0.0,0.0,0.0,9.821313405824345,288.15,101325.0,1.2250122659906946,340.29228686527705
4.4,-0.1044217621005697,-0.6353771669523042,-8.698016345964426,-7.046789975241832,0.0,0.0,0.0,0.0,11.21233434455633,288.15,101325.0,1.2250122659906946,340.29228686527705
4.45,0.2685744752224633,0.3603854987919063,-7.933147279760419,-5.857277947126674,0.0,0.0,0.0,0.0,9.867745863164803,288.148254265911,101321.77358483935,1.2249806803027976,340.29125604670133
4.5,0.04271767235072817,-1.711950509130842,-9.672757187351285,-8.242116740898798,0.0,0.0,0.0,0.0,12.822850483483519,288.1497223351297,101324.48682226845,1.2250072421392784,340.29212291032917
4.55,-0.028458667826778195,3.585704732008294,-4.512895307306857,-1.9485053387526232,0.0,0.0,0.0,0.0,6.084420723043928,288.15,101325.0,1.2250122659906946,340.29228686527705
4.6,0.1206421281408712,-10.59189064311325,-21.326827686186235,-22.937341893131705,0.0,0.0,0.0,0.0,33.06271887903904,288.14921582616705,101323.5507023519,1.224998077802094,340.2918238278166
4.65,0.5841887644535336,-3.2874045034393453,-91.81347528411797,-85.15265736421358,0.0,0.0,0.0,0.0,125.26570292104591,288.146202773031,101317.98218146192,1.2249435632961907,340.2900446801199
4.7,1.7915546147843184,6.011503605268716,-109.65596279478875,-81.19647874726043,0.0,0.0,0.0,0.0,136.57758422597234,288.1383548950039,101303.47942770379,1.2248015820823166,340.2854106212243
4.75,2.5617099872727103,1.8715728968582566,-111.15977052005155,-84.45968291494938,0.0,0.0,0.0,0.0,139.61889343950756,288.1333488850827,101294.22927914758,1.2247110215834534,340.2824546115303
4.8,3.2234747616550767,2.1921244002772533,-111.73401391007822,-84.88101333838556,0.0,0.0,0.0,0.0,140.33560381882793,288.12904741404924,101286.28152999892,1.2246332105355078,340.27991460602544
4.85,4.43950783044834,-0.35244983828651855,-113.98835866705195,-87.0392933002764,0.0,0.0,0.0,0.0,143.420042918375,288.12114319910205,101271.67837344257,1.224490237857144,340.2752471418148
4.9,6.428272417018016,2.7564962197164014,-114.13103408161932,-85.42080413547531,0.0,0.0,0.0,0.0,142.58402782605174,288.1082162292894,101247.7992755047,1.2242564403219405,340.2676135868128
4.95,8.581612954098416,1.6830305393481075,-112.00597514970595,-84.76854562670965,0.0,0.0,0.0,0.0,140.47731983740465,288.09421951579833,101221.94925500076,1.2240033338816967,340.25934814022946
5.0,10.744875547980113,1.9051301750816765,-113.95103113200197,-86.1436467118792,0.0,0.0,0.0,0.0,142.86075348342365,288.0801583089381,101195.98550547622,1.2237491015017714,340.25104440635147
5.05,13.772116464197973,-0.3531809217859124,-110.63425381379498,-83.67266041488467,0.0,0.0,0.0,0.0,138.7125695623988,288.0604812429827,101159.66123322328,1.2233933999128566,340.2394239313214
5.1,17.167572300732502,-1.3223504418124747,-109.51327701752489,-82.24669198612838,0.0,0.0,0.0,0.0,136.96504954355757,288.03841078004524,101118.93126343784,1.2229945270950087,340.2263895411065
5.15,22.126682026850606,-1.3041579882865852,-107.67176702162713,-79.65243869314457,0.0,0.0,0.0,0.0,133.93812463739783,288.00617656682545,101059.46844579112,1.2224121466596995,340.20735173848044
5.2,26.270416709978146,-3.687591854761852,-108.1523841284983,-79.16610113886966,0.0,0.0,0.0,0.0,134.08134879950788,287.9792422913851,101009.80419992606,1.2219256837323602,340.19144330749845
5.25,30.42856186921128,-1.680469822518575,-105.90736841345596,-78.05544905431277,0.0,0.0,0.0,0.0,131.5744952114896,287.9522143478501,100959.98710718035,1.2214376779450984,340.1754788046465
5.3,33.23523771435818,0.06801299971810143,-102.5706385353335,-76.59639765206768,0.0,0.0,0.0,0.0,128.01464232105582,287.93397095485665,100926.37268159105,1.221108366801319,340.16470261864066
5.35,35.64899646692403,2.5002173970368347,-103.04046561023416,-76.55457239271561,0.0,0.0,0.0,0.0,128.3907753479113,287.91828152296495,100897.47131446276,1.2208252114912133,340.15543475833795
5.4,39.270243550591395,0.8880626418489104,-94.29227075579766,-75.69010648247466,0.0,0.0,0.0,0.0,120.91655469318027,287.89474341692113,100854.12454154559,1.220400501302807,340.14153015613675
5.45,43.15455542557495,0.815886382472359,-96.80845978372326,-76.35518537050656,0.0,0.0,0.0,0.0,123.29905875249125,287.86949538973374,100807.64561411113,1.2199450637851794,340.1266148249388
5.5,47.86962345591115,1.4527027393779954,-92.52564722593574,-72.55456523605,0.0,0.0,0.0,0.0,117.58941566492939,287.8388474475366,100751.24932577406,1.2193923944201295,340.1085086023893
5.55,52.281864423430534,0.39965950745896106,-89.59430454248368,-67.56398041563021,0.0,0.0,0.0,0.0,112.21493030687529,287.81016788124765,100698.49825265468,1.2188753939646855,340.0915643858827
5.6,55.45054726226794,-0.6916860765198856,-87.93746188177457,-69.49769792189498,0.0,0.0,0.0,0.0,112.08659887908087,287.78957144279525,100660.62848664413,1.2185042098117005,340.0793952531028
5.65,58.266667667657266,1.7700791308026935,-88.13552500768327,-64.77060567597958,0.0,0.0,0.0,0.0,109.39028891150487,287.7712666601602,100626.98196700844,1.2181743979241135,340.0685797493185
5.7,62.50789281509964,3.879087603516675,-87.61843472103683,-66.17608998074742,0.0,0.0,0.0,0.0,109.86952402163362,287.7436986967018,100576.32572848545,1.217677812795094,340.0522903837637
5.75,67.22753162675237,3.04817389423978,-89.18663500984074,-68.46084111630903,0.0,0.0,0.0,0.0,112.4741481177812,287.7130210444261,100519.97970093922,1.2171253945293172,340.0341626471133
5.8,72.82872593240056,2.4716379517681295,-78.82235061553827,-61.832455789746305,0.0,0.0,0.0,0.0,100.21139925035673,287.67661328143936,100453.14227855056,1.216470041892501,340.0126476756593
5.85,78.99579185746698,-0.6231971074470681,-74.16329287185822,-58.04877610878982,0.0,0.0,0.0,0.0,94.18196638401724,287.63652735292646,100379.59410223806,1.2157487932538247,339.9889575373303
5.9,85.20133303611672,-1.643230290165902,-59.01437337526342,-46.66680610938637,0.0,0.0,0.0,0.0,75.25415113541962,287.59619133526525,100305.63109050845,1.2150233751355957,339.9651179340361
5.95,91.56874846176258,0.387911678106218,-36.14054619865946,-29.32671597070507,0.0,0.0,0.0,0.0,46.54402028868862,287.5548031349985,100229.78459880929,1.2142793784279364,339.9406547264711
6.0,98.45545118991637,-0.7513442300633504,-14.997535038781406,-14.581454452157681,0.0,0.0,0.0,0.0,20.931062785531804,287.5100395672655,100147.80481513315,1.2134750982934464,339.91419446809954
6.05,105.66174575540438,-2.098923794053402,-2.090462086733969,-3.102841288703093,0.0,0.0,0.0,0.0,4.289887748204647,287.4631986525898,100062.07873002526,1.2126339302779257,339.8865040605706
6.1,112.76677152418927,-4.436325884686289,6.032327244766593,1.3501507837755669,0.0,0.0,0.0,0.0,7.6087361947974435,287.41701598509275,99977.61552113073,1.2118050198448282,339.8592005727213
6.15,120.82293569684148,-3.9785843622206762,12.445933936955587,-0.5142853041202265,0.0,0.0,0.0,0.0,13.076501614132265,287.3646509179705,99881.91520858883,1.2108656689818453,339.8282393568916
6.2,128.77679552655908,-2.46918249028096,8.134120068118088,2.2204535864430914,0.0,0.0,0.0,0.0,8.785851443225038,287.31295082907735,99787.50296720106,1.2099387934285715,339.7976685465651
6.25,136.3004157352104,-3.558825261740113,6.759870178639612,4.4082397223619365,0.0,0.0,0.0,0.0,8.820071401381645,287.2640472977211,99698.26418399044,1.2090625539937394,339.768748838876
6.3,141.91644765088736,-3.897416630189783,5.936791598284986,6.419672459813414,0.0,0.0,0.0,0.0,9.57327244791633,287.2275430902692,99631.69372131975,1.2084087985898202,339.7471600200456
6.35,147.2859781137679,-4.210481450690631,7.991341418924363,2.603628728701203,0.0,0.0,0.0,0.0,9.400456067518435,287.19264114226047,99568.0788625886,1.207783991041783,339.72651750465434
6.4,155.01780413920426,3.788649180598935,9.373566922868337,4.158861924477163,0.0,0.0,0.0,0.0,10.932234537276003,287.14238427309516,99476.53477602522,1.2068847370304228,339.6967912239219
6.45,161.57746473904714,0.37452986591330767,7.736142065535785,3.503499786794652,0.0,0.0,0.0,0.0,8.50074569874217,287.0997464791962,99398.92246575955,1.2061222140264358,339.67156948675375
6.5,168.5986539521236,-3.3189892816364037,10.105226429740945,3.41504773255587,0.0,0.0,0.0,0.0,11.171116419749069,287.0541087493112,99315.90379737821,1.2053064494010202,339.64457110792404
6.55,175.08209883732886,-3.3823962776282204,7.872484809198404,3.248957287133392,0.0,0.0,0.0,0.0,9.163642567428635,287.01196635755736,99239.29329622952,1.204553538106447,339.6196385960499
6.6,181.87120531111637,-1.3371990095200972,7.208095705518623,4.075996635824497,0.0,0.0,0.0,0.0,8.387996987733732,286.9678371654777,99159.1222945796,1.2037655165648709,339.59352868052497
6.65,188.41664144092994,-0.10244459708873213,7.261543232383007,3.809768212072368,0.0,0.0,0.0,0.0,8.200904757461656,286.9252918306339,99081.87840244036,1.2030061516716999,339.56835398484475
6.7,194.93020688686605,-0.9168919022112575,7.433982227103317,3.973999189637879,0.0,0.0,0.0,0.0,8.479236526508213,286.8829536552353,99005.05899774283,1.2022508480900518,339.54330001552
6.75,201.42326372403937,-2.070597068698637,8.45310919962023,4.256790602311578,0.0,0.0,0.0,0.0,9.688276089869431,286.8407487857937,98928.52947341625,1.20149828378914,339.51832309103276
6.8,207.76917992366933,-2.9818826855259326,8.085229621871308,3.0785819333629636,0.0,0.0,0.0,0.0,9.150968752490277,286.79950033049613,98853.78049418361,1.2007631218033534,339.4939103987235
6.85,214.6272314696193,0.16144153210918366,7.662169162131729,4.419714500339079,0.0,0.0,0.0,0.0,8.84696421954558,286.75492299544743,98773.05046318902,1.199969016901306,339.4675255516799
6.9,220.6098601409756,-1.953640889304959,6.433788370802372,2.7183866755271433,0.0,0.0,0.0,0.0,7.252583790782401,286.71603590908364,98702.66913958911,1.1992766068046263,339.4445070269711
6.95,227.41774506719068,-1.8833022104520836,4.623626108735028,2.5105899344472,0.0,0.0,0.0,0.0,5.588184627248594,286.67178465706326,98622.62867315303,1.1984890560748795,339.4183113801228
7.0,233.84852668821918,-2.4051017637168868,9.21329583358112,3.807975518453562,0.0,0.0,0.0,0.0,10.25524315460433,286.62998457652657,98547.07009850845,1.1977454929118643,339.3935649091903
7.05,240.35639078075636,-3.1477148754963657,8.751251474155726,2.6513502483491664,0.0,0.0,0.0,0.0,9.670686089453792,286.5876834599251,98470.65356953621,1.1969933763873548,339.36851997797334
7.1,247.83112388569097,-2.778223174604787,6.613929041184079,1.5665117079436086,0.0,0.0,0.0,0.0,7.342788319218637,286.53909769474296,98382.94309951834,1.1961299642961527,339.3397518573183
7.15,254.41039638379385,-0.7906221687861298,6.569695635468401,3.4327871474655036,0.0,0.0,0.0,0.0,7.454529613347376,286.4963324235053,98305.79255580963,1.1953703818709445,339.31442809145926
7.2,259.46665455117926,1.1549600786028673,6.119479444400856,3.3817909924450893,0.0,0.0,0.0,0.0,7.086499260579492,286.4634667454173,98246.53463749381,1.1947868835213202,339.29496515713413
7.25,265.091009059751,-1.884408441338044,6.160147797450032,3.3389950630690612,0.0,0.0,0.0,0.0,7.255846200920614,286.4269084411116,98180.65277508058,1.1941380821877525,339.27331415133364
7.3,272.135438978546,-4.777099180124027,6.553853533397713,1.4318259747301099,0.0,0.0,0.0,0.0,8.235520526104175,286.38111964663943,98098.18707715128,1.1933258473111141,339.2461946026735
7.35,281.8313650788009,-1.7065147499905275,8.239027610533856,1.5400744228581942,0.0,0.0,0.0,0.0,8.553689133176192,286.31809612698777,97984.77334524789,1.1922085816754786,339.20886381483695
7.4,287.6063123078266,-2.562332388369851,4.908914060239299,1.8303748372265196,0.0,0.0,0.0,0.0,5.832088525053116,286.2805589699991,97917.27396599788,1.1915435124577467,339.18662743875024
7.45,291.9123841525248,0.15911905816255117,6.489405899923557,3.8275536099167162,0.0,0.0,0.0,0.0,7.5357729826089965,286.25256950300854,97866.96776765215,1.1910477903696386,339.1700460037325
7.5,297.249733842538,0.32476430333262274,5.5136041876885065,4.243498822959016,0.0,0.0,0.0,0.0,6.965097648394451,286.2178767300235,97804.64259131486,1.190433564877346,339.14949229137073
7.55,302.97925489893026,-2.961703130467304,5.446889341136938,2.092031065681729,0.0,0.0,0.0,0.0,6.543461080146228,286.18063484315695,97737.77373280893,1.1897744777859287,339.1274269716613
7.6,312.2086370770903,-1.3788361593769458,5.612035283115507,3.4676988967729607,0.0,0.0,0.0,0.0,6.739515176332725,286.1206438589989,97630.1360782415,1.188713376359219,339.09188009684914
7.65,315.00011016327517,-1.9241019805898996,3.2573383141560446,2.6968299776619618,0.0,0.0,0.0,0.0,4.645999704368817,286.1024992839387,97597.59944111246,1.1883925835396092,339.08112803167984
7.7,320.2840242960546,-1.324402892879996,4.07777539561196,1.4324726335272924,0.0,0.0,0.0,0.0,4.520428413937311,286.0681538420756,97536.03564120668,1.1877855436483677,339.0607747654024
7.75,325.7524591009481,0.9707636333104518,4.945696896638858,0.8358454858778434,0.0,0.0,0.0,0.0,5.1089076622545955,286.03260901584383,97472.35507447891,1.1871575550120352,339.0397094518534
7.8,334.02988573637435,-2.7454396567656163,6.607004974145246,1.2922929732463477,0.0,0.0,0.0,0.0,7.270486556347052,285.9788057427135,97376.02751879778,1.1862074683207293,339.0078209478718
7.85,342.3014957566964,-0.453821905616576,5.615321809401751,2.556764655423001,0.0,0.0,0.0,0.0,6.186666214398568,285.92504027758145,97279.84467059413,1.185258630459033,338.97595185551387
7.9,350.07830759231365,-1.7701115811616301,5.351876219776551,3.102495752288829,0.0,0.0,0.0,0.0,6.43438839164551,285.8744910006499,97189.48554725916,1.1843670806648983,338.94598640259954
7.95,356.3158712616046,-2.1988859209512093,3.5120558666803983,1.5783045659269876,0.0,0.0,0.0,0.0,4.434036649247233,285.83394683679956,97117.06014337194,1.1836523643178851,338.9219500346719
8.0,359.36063942722484,-2.2042603650990094,4.230630042900221,2.8449398970951716,0.0,0.0,0.0,0.0,5.554338604651344,285.81415584372303,97081.72270311978,1.183303606690667,338.9102164422267
8.05,360.3592928234358,-2.0653701814916534,4.188914536071292,3.9323616294893693,0.0,0.0,0.0,0.0,6.105426026264221,285.80766459664767,97070.13464517884,1.1831892348124136,338.90636785320925
8.1,363.0001979665594,-1.5912623122357885,3.224698525520796,2.2969319732203957,0.0,0.0,0.0,0.0,4.266930139624988,285.79049871321735,97039.49581486236,1.1828868230004153,338.89619017905864
8.15,368.97130378417324,-2.928624072497755,6.0804485864775755,1.4115491467024472,0.0,0.0,0.0,0.0,6.895010149692811,285.7516865254029,96970.25006380644,1.1822032856809486,338.8731772565714
8.2,377.5575064074165,0.8341675998678936,4.789084758294166,0.297842800581082,0.0,0.0,0.0,0.0,4.870305815927049,285.69587620835176,96870.74768296171,1.1812209170700751,338.840082888448
8.25,385.0759981812226,-0.5607085977702804,4.573561957668733,0.24740473819636055,0.0,0.0,0.0,0.0,4.614441701520367,285.64700601182204,96783.68652294934,1.1803612208470835,338.8111012141883
8.3,391.09397927575964,-0.3990101310271732,1.4651029872964103,1.3071617352576879,0.0,0.0,0.0,0.0,2.0035986749269616,285.60788913470753,96714.04634507794,1.1796734443531522,338.7879018007652
8.35,396.2101289587895,-1.5461978770785025,6.1387597836177115,4.141666126052413,0.0,0.0,0.0,0.0,7.564951940080931,285.57463416176785,96654.87409073171,1.179088976543113,338.7681777124139
8.4,400.7790521499677,-0.6490853227467612,4.896325924448484,2.805826181324234,0.0,0.0,0.0,0.0,5.680491164893763,285.5449361610252,96602.05571949923,1.1785672110481944,338.75056235382283
8.45,405.66138112510606,-1.7516855821826185,1.9594810953925152,0.8677540060414981,0.0,0.0,0.0,0.0,2.767844930090589,285.5132010226868,96545.64010034013,1.1780098502401872,338.73173765531203
8.5,411.0679374328848,0.1884127415341541,5.0527693163929275,2.4442180309114816,0.0,0.0,0.0,0.0,5.6160643611418015,285.4780584066862,96483.19813314667,1.1773928795843243,338.7108904831597
8.55,415.73415863066646,-0.12115121232219031,3.5697884897523227,1.6478739325539418,0.0,0.0,0.0,0.0,3.9336441088901393,285.44772796890067,96429.33281666189,1.1768605912480647,338.69289694184926
8.6,420.66108379679366,-3.5732193281743987,5.943830169182849,2.6778496561469742,0.0,0.0,0.0,0.0,7.434237837751344,285.4157029553208,96372.4844517493,1.176298763548645,338.67389705534555
8.65,425.08206619111235,0.2938933414054832,4.987198883128177,1.663198715045501,0.0,0.0,0.0,0.0,5.265430273180572,285.38696656975776,96321.49691228002,1.1757948042628483,338.65684734755996
8.7,431.34566586787963,0.7087512801434221,4.330992870358499,0.8694534868252217,0.0,0.0,0.0,0.0,4.473899527923446,285.34625317185873,96249.29572083871,1.1750810830508824,338.63269003770864
8.75,436.44824626865153,-1.7019751424217313,3.889420532852997,0.4925940509039927,0.0,0.0,0.0,0.0,4.273986472344756,285.31308639925373,96190.51012174293,1.1744999020460076,338.6130092469397
8.8,441.63480680364745,-1.078281143492845,3.466947838381882,0.820439259125157,0.0,0.0,0.0,0.0,3.72230279751485,285.27937375577625,96130.78680580077,1.1739093811414694,338.5930033701727
8.85,445.9831086483842,-1.2062599192203898,4.635760066303139,2.285564541829646,0.0,0.0,0.0,0.0,5.307460754439681,285.2511097937855,96080.73919249001,1.173414476062748,338.5762299583782
8.9,450.4432265219062,1.2905720247818118,4.002226223694172,2.1436105836786354,0.0,0.0,0.0,0.0,4.720006062626806,285.22211902760756,96029.42653245365,1.1729070104096746,338.55902435709
8.95,454.3726044546067,-1.1690429160035831,3.1930131471951726,1.1644061787795268,0.0,0.0,0.0,0.0,3.5941391245748013,285.19657807104505,95984.23830532764,1.1724600706988033,338.5438654434767
9.0,458.84686106643113,-0.7737631436841372,4.14001415694069,1.0531324302501472,0.0,0.0,0.0,0.0,4.341372425608965,285.1674954030682,95932.80488749593,1.1719513134435982,338.5266036482672
9.05,464.06984844181176,-0.22419509788054487,3.6148248407708015,0.94201540824018,0.0,0.0,0.0,0.0,3.7422740547331954,285.1335459851282,95872.79273563423,1.1713576334316569,338.5064521173023
9.1,469.1748859715294,-2.71523376334353,2.8070238725450514,0.8283126511715251,0.0,0.0,0.0,0.0,3.9922398799081806,285.10036324118505,95814.16520848907,1.1707775827659015,338.4867545056011
9.15,474.3782738536081,-1.0401219873912202,3.7905018191317326,2.1544629193921154,0.0,0.0,0.0,0.0,4.482350751618087,285.06654121995155,95754.43807940399,1.170186583383051,338.4666762327747
9.2,478.91337173676374,-0.5665299042033232,3.085699443284167,1.3087712369505073,0.0,0.0,0.0,0.0,3.3993204228654004,285.037063083711,95702.4065143199,1.169671674368031,338.44917571394814
9.25,483.2408803408436,-0.5168059793163315,2.6146343060180373,0.801450419361355,0.0,0.0,0.0,0.0,2.7831140381159427,285.0089342777845,95652.77798703936,1.169180496397816,338.4324754189722
9.3,487.89761108640187,-0.8297646021782684,3.125037058287768,1.4899985219307008,0.0,0.0,0.0,0.0,3.560120995985333,284.97866552793835,95599.39717001615,1.1686521275528663,338.41450370176597
9.35,492.7137162337962,-2.6752324999416706,4.3604170734966745,0.879925584015844,0.0,0.0,0.0,0.0,5.190797146584625,284.94736084448033,95544.21479717003,1.1681058677120484,338.3959159070501
9.4,497.0460947929592,-2.7106365673972324,4.280440750118412,1.7555027339233882,0.0,0.0,0.0,0.0,5.362043776825943,284.91920038384575,95494.5969465941,1.1676146407842631,338.37919418642764
9.45,501.4807551377363,-0.6601203519647598,3.588268066785953,2.1073706371280587,0.0,0.0,0.0,0.0,4.213364166604093,284.8903750916047,95443.82929522028,1.167111980326864,338.3620768319984
9.5,505.4720744529935,-2.8353544196323037,2.83884303310235,1.2253868818568485,0.0,0.0,0.0,0.0,4.1952160208681795,284.8644315160555,95398.1556664671,1.1666597133137568,338.34666999005213
9.55,509.4862288761761,-1.7648240157882726,3.4949132207121174,0.6390950778426638,0.0,0.0,0.0,0.0,3.967047358620024,284.83833951230486,95352.23858201862,1.1662049940370243,338.33117429496497
9.6,513.6322853914919,0.16677161506806568,3.7631059462982424,1.4832535339164123,0.0,0.0,0.0,0.0,4.048310781120087,284.8113901449553,95304.83148603654,1.1657354753847382,338.31516867789594
9.65,518.0668041265777,-1.3003601812766379,3.1259979894869057,0.9795060656691745,0.0,0.0,0.0,0.0,3.5245187138116734,284.7825657731772,95254.14716270853,1.1652334500050507,338.2980486305925
9.7,522.5048301752021,-1.1110605733793542,2.781133840212746,0.13273753377745345,0.0,0.0,0.0,0.0,2.997795904955485,284.75371860386116,95203.44460681749,1.1647311931792128,338.2809141753843
9.75,526.6622398215725,0.1779661066653696,3.0707008922801755,1.1178960530066893,0.0,0.0,0.0,0.0,3.2727003361597022,284.72669544115973,95155.96780033415,1.1642608443152767,338.2648623444931
9.8,531.19912095582,-1.5889892827037269,2.4652396329999435,0.3706760549234581,0.0,0.0,0.0,0.0,2.95629736771432,284.6972057137871,95104.17938158232,1.1637477297398147,338.2473444983709
9.85,535.0704470093434,-1.0932548935308528,2.976989962601223,1.2185968453924976,0.0,0.0,0.0,0.0,3.3974481263527974,284.67204209443923,95060.00631107941,1.1633100252769142,338.2323957820899
9.9,538.7750171907472,-2.4876788941847745,2.1209924329552496,1.0769766364545306,0.0,0.0,0.0,0.0,3.4419520416029514,284.6479623882601,95017.75153539947,1.1628912927002457,338.21809035734634
9.95,542.6869293103326,-2.811289608219659,1.6372265671159227,1.5352495042965557,0.0,0.0,0.0,0.0,3.5973394521224784,284.62253495948283,94973.14830340089,1.1624492491630314,338.2029836121606
10.0,546.840013119895,-0.8998252936122522,2.7676308877696605,0.9738394804955082,0.0,0.0,0.0,0.0,3.068848256876318,284.59553991472063,94925.813811467,1.161980094074874,338.18694478872004
10.05,550.9648222228886,-0.6753644641048633,2.8399197123178617,0.16680230328917955,0.0,0.0,0.0,0.0,2.923881690522,284.5687286555512,94878.82048866761,1.1615142764471247,338.1710144066259
10.1,554.8449761792677,0.33223720852451627,3.503575176938478,1.1520149106173667,0.0,0.0,0.0,0.0,3.7030472502349188,284.54350765483474,94834.63168152283,1.1610762183140866,338.15602821959044
10.15,558.8389290291823,-0.721730021619613,3.2254950798815565,0.3811192790452912,0.0,0.0,0.0,0.0,3.327155637974752,284.5175469613103,94789.1642918402,1.1606254446339996,338.14060181726444
10.2,563.0207286317676,-0.2594818617079852,2.411498673896062,0.7361275134568539,0.0,0.0,0.0,0.0,2.534667711323533,284.49036526389347,94741.57736169056,1.160153613302161,338.1244491139333
10.25,566.4995680155267,-0.09072515388619973,2.5928547384635294,2.0556669975995367,0.0,0.0,0.0,0.0,3.3101198699352787,284.46775280789905,94702.00453305531,1.1597612086123121,338.1110110908995
10.3,570.3911885196248,-1.1600452527853835,1.9464658031811801,1.9866126537237543,0.0,0.0,0.0,0.0,3.013480371165374,284.4424572746224,94657.75205877457,1.1593223635427317,338.09597794849986
10.35,574.7889125877931,-1.004877471666042,1.9849662070029632,1.6698999506332695,0.0,0.0,0.0,0.0,2.781804346306667,284.41387206817933,94607.76472288194,1.1588265997682994,338.0789889479073
10.4,578.798558843143,-0.23712327858276555,3.2699544214827445,0.9788319451155969,0.0,0.0,0.0,0.0,3.4215407851725477,284.38780936751954,94562.20715789057,1.1583747261102562,338.06349840011575
10.45,582.3961605384723,-0.33181476587761144,3.087379574564565,0.4593933403845904,0.0,0.0,0.0,0.0,3.1389577756769205,284.36442495649993,94521.34636056496,1.1579694032354257,338.0495991082797
10.5,586.6571336551298,-0.6896731988471819,2.6285037772021425,-0.26630489789070594,0.0,0.0,0.0,0.0,2.7304943740309398,284.3367286312416,94472.96962677504,1.1574894821547854,338.0331361494566
10.55,590.3349284572694,0.6062694839484766,3.240855894234619,1.447357103501938,0.0,0.0,0.0,0.0,3.6007710562350317,284.31282296502775,94431.23009965578,1.1570753678652308,338.0189257496623
10.6,593.8288472853945,-0.3605794289180202,1.5345659227189559,0.8668901359689742,0.0,0.0,0.0,0.0,1.7990021132754215,284.29011249264494,94391.59122519227,1.1566820627360948,338.0054252632925
10.65,597.0940440852231,-0.3613278551535358,1.7661865027887431,1.4177514145165468,0.0,0.0,0.0,0.0,2.2934671689184163,284.268888713446,94354.55940620907,1.1563145969587845,337.9928080703383
10.7,600.7448027020839,-1.2586622373071723,1.054410815750373,1.433460282915026,0.0,0.0,0.0,0.0,2.1796378549404234,284.2451587824364,94313.16871717018,1.155903845750882,337.97870045299857
10.75,603.6349564518392,-0.5633373026012851,2.995190721693178,1.8125630428573654,0.0,0.0,0.0,0.0,3.5459697066037297,284.226372783063,94280.41185808688,1.155578750275314,337.9675316214999
10.8,607.3131221255046,-1.7780756620236722,2.157213108503012,0.0396564165196468,0.0,0.0,0.0,0.0,2.7958351322546413,284.2024647061842,94238.73703426305,1.1551651173862838,337.95331702984396
10.85,611.2400014026741,-2.098382640906662,2.0754916232489755,0.4622961033365353,0.0,0.0,0.0,0.0,2.9874057094735607,284.1769399908826,94194.26066870935,1.154723640113225,337.93814060288605
10.9,614.5069328669441,-1.7129229212330486,2.7401120982194866,0.558191451508889,0.0,0.0,0.0,0.0,3.279313486300442,284.1557049363648,94157.27191500914,1.154356455487043,337.9255141932567
10.95,618.1338368210752,-0.15836490631591182,3.491751721172813,0.9758297477401373,0.0,0.0,0.0,0.0,3.629001683995246,284.132130060663,94116.22126921,1.1539489166259116,337.9114959682174
11.0,621.5980733461319,-0.2706990085767761,2.568250349828815,0.7073018882964702,0.0,0.0,0.0,0.0,2.677585437260226,284.1096125232501,94077.02528666395,1.1535597587579502,337.8981059205845
11.05,625.1894720345609,0.5268438706856814,2.596265462477103,1.2490155747206737,0.0,0.0,0.0,0.0,2.9288562138871432,284.08626843177535,94036.40448797397,1.1531564220302892,337.8842238025883
11.1,628.9369781657524,0.06576443514293233,2.1194111142457,0.6363569594779596,0.0,0.0,0.0,0.0,2.213860567423771,284.06190964192257,93994.03316660167,1.152735668486264,337.8697376620159
11.15,631.9466243506741,0.05187224905878768,1.8389040577445814,1.301649325375541,0.0,0.0,0.0,0.0,2.2535638065212407,284.0423469417206,93960.01568137258,1.15239784366547,337.8581032999938
11.2,635.3890139117022,-0.7440403229883856,2.021905390805917,1.4236747491838069,0.0,0.0,0.0,0.0,2.5823530361022025,284.01997140957394,93921.11919899864,1.1520115374117097,337.8447955946125
11.25,638.3423135102362,0.0065320634501909725,2.4413013754765753,1.8951581577787582,0.0,0.0,0.0,0.0,3.090569448621421,284.0007749621834,93887.75946739434,1.1516801959809833,337.83337821188223
11.3,641.5449582922859,-1.4686818711078635,1.98263981887323,0.5898603041192932,0.0,0.0,0.0,0.0,2.5368922460913224,283.97995777110015,93851.59403968978,1.1513209620130676,337.82099643076066
11.35,645.0236662271217,-2.3492815868849695,1.3958171091405038,-0.15636412359419555,0.0,0.0,0.0,0.0,2.7371297221347577,283.9573461695237,93812.3239882784,1.150930859751899,337.8075468445702
11.4,648.1259185279937,-1.0894604171432969,1.9631055734714435,0.16336103399834528,0.0,0.0,0.0,0.0,2.2510873640411426,283.937181529568,93777.31485183424,1.1505830585263666,337.7955522816834
11.45,651.3423674002165,-1.121077928173934,1.6097776784663582,0.02633968567461975,0.0,0.0,0.0,0.0,1.9618597488527911,283.9162746118986,93741.02817015776,1.1502225393461105,337.78311573890676
11.5,654.4469029000811,-0.15673185110372861,1.4586918406921392,-0.046390927351970035,0.0,0.0,0.0,0.0,1.4678211326291766,283.8960951311494,93706.01483393376,1.1498746460673892,337.7711114798822
11.55,657.5321638170135,-0.3155186002051443,1.1820584447901983,-0.2427523455134819,0.0,0.0,0.0,0.0,1.2472942135789507,283.8760409351894,93671.22937084617,1.1495289924490595,337.75918132691015
11.6,660.8574778845293,0.041918927371271064,1.6594037246722906,0.14503356757385888,0.0,0.0,0.0,0.0,1.66625707910017,283.85442639375054,93633.74908383752,1.1491565337689655,337.74632245941115
11.65,663.4438216031039,0.023937797998896004,1.9447627821534945,1.017121317910496,0.0,0.0,0.0,0.0,2.194814587242034,283.8376151595798,93604.6062772597,1.1488669088258021,337.73632082466395
11.7,666.8064957647001,-0.711035782996329,1.3361814045541258,0.5939541855478816,0.0,0.0,0.0,0.0,1.6259563970498367,283.8157577775294,93566.72679658208,1.1484904320531575,337.7233166040742
11.75,669.4628471118344,-0.7017123053532801,1.1571679726887076,0.5046109220778701,0.0,0.0,0.0,0.0,1.4443233914816263,283.79849149377304,93536.81259942074,1.1481931001874828,337.71304353933766
11.8,672.6162333450267,-1.3813191954166077,0.8208733700324171,0.22099411821913045,0.0,0.0,0.0,0.0,1.6219476593103161,283.7779944832573,93501.31115452384,1.147840210450856,337.70084785648174
11.85,675.7731690125829,-0.4072902770940992,1.4392237866537427,0.7178452738782706,0.0,0.0,0.0,0.0,1.6590817686644306,283.75747440141816,93465.78067935666,1.147487006623942,337.68863800503846
11.9,678.928758905777,-0.49572983412566995,1.7636231013085755,0.685483104773046,0.0,0.0,0.0,0.0,1.9560167685479684,283.7369630671124,93430.27627707088,1.1471340364652736,337.6764329173424
11.95,681.8620315297326,-0.6598399534975684,1.6674849537115644,0.36950969827273095,0.0,0.0,0.0,0.0,1.8309648418808417,283.71789679505673,93397.28302162721,1.1468060082181901,337.66508730549776
12.0,684.5869907668322,-1.2956770497438304,0.9694297039561375,-0.10136799265159513,0.0,0.0,0.0,0.0,1.6213723933999784,283.70018456001554,93366.64131497219,1.1465013399855692,337.65454708789787
12.05,687.3944579241272,-0.03647537580048302,1.7130995037331138,0.45707631210705496,0.0,0.0,0.0,0.0,1.773403258658282,283.68193602349317,93335.080334868,1.1461875115955307,337.643687383255
12.1,690.7518531900378,0.3973050714579954,2.250783789336906,0.7025733670096166,0.0,0.0,0.0,0.0,2.391126998337661,283.6601129542647,93297.34851715686,1.1458122966333286,337.63070001546123
12.15,692.7487386399473,-0.9347217995493904,1.31499650253085,-0.5428791199003064,0.0,0.0,0.0,0.0,1.7022451007551616,283.6471331988403,93274.91253846572,1.14558917376627,337.6229752528965
12.2,695.9482204367828,-0.9068150809501698,0.97831503839293,-0.2893627634439805,0.0,0.0,0.0,0.0,1.3649705909844212,283.6263365671609,93238.97391309704,1.145231747567848,337.6105979915988
12.25,698.8469945477786,-0.0007503326135656074,1.0965706156822583,0.38890513172164853,0.0,0.0,0.0,0.0,1.163492535281697,283.6074945354394,93206.42271081952,1.14490798823079,337.5993836323713
12.3,701.2013909148263,-0.44827200985920634,0.2368441200870811,-0.15822957645403324,0.0,0.0,0.0,0.0,0.5311115992970393,283.5921909590536,93179.99126184465,1.1446450810887399,337.59027500909275
12.35,703.644113763973,1.2624219013294373,1.78701749650552,1.5100691521740877,0.0,0.0,0.0,0.0,2.658467497285016,283.57631326053416,93152.57463791926,1.1443723596604283,337.58082441100066
12.4,706.1214730903062,-1.2740974558661509,0.14484640686737627,-0.7680560903455241,0.0,0.0,0.0,0.0,1.4947290612495094,283.560210424913,93124.77593324285,1.144095821966702,337.57123953835253
12.45,708.5305281909293,0.16564028056499003,1.9477406990762067,0.8971487600110151,0.0,0.0,0.0,0.0,2.150815294480868,283.5445515667589,93097.75011982069,1.1438269578315785,337.5619186729057
12.5,711.6359728829602,-1.6040943094990987,0.5185908396078697,-0.3419426961281714,0.0,0.0,0.0,0.0,1.720168544104905,283.52436617626074,93062.92127970756,1.1434804440104125,337.54990302954303
12.55,714.45020755694,-0.9567681505534522,1.214722523970682,0.45840805887667896,0.0,0.0,0.0,0.0,1.612790765288003,283.50607365087984,93031.36759356424,1.143166493552212,337.5390137718588
12.6,717.1223798455571,-0.07564729006696935,1.6249758288398002,1.2371666048224155,0.0,0.0,0.0,0.0,2.0437343674988426,283.48870453100386,93001.41475409296,1.1428684523316273,337.52867387804923
12.65,719.4525403081891,-0.996270450643131,0.25055345906315485,-0.2793436853540378,0.0,0.0,0.0,0.0,1.0645960460288941,283.47355848799674,92975.3019582277,1.1426086059855916,337.51965713062
12.7,722.1266410422915,0.1808249286068894,1.6863207176311688,0.2728628571069181,0.0,0.0,0.0,0.0,1.7177978217201049,283.4561768332251,92945.34213386549,1.142310461061178,337.509309181196
12.75,724.5056891571202,0.37943507945350663,1.9432236682109014,0.2402369613484713,0.0,0.0,0.0,0.0,1.994443030475643,283.4407130204787,92918.69456226574,1.1420452626260194,337.50010272819145
12.8,727.3450251108958,-0.38758046471820723,1.282548430843746,-0.6532761593217096,0.0,0.0,0.0,0.0,1.4906102221671031,283.4222573367792,92886.899432706,1.1417288164118162,337.48911472213655
12.85,730.0576381257187,-0.5499882397976145,0.5555543566085939,-0.8250559890184351,0.0,0.0,0.0,0.0,1.1365936354201773,283.4046253521828,92856.53158686715,1.141426556229163,337.4786167896889
12.9,732.5539085856932,0.2137655008253671,1.6834575326208818,0.7173863139228571,0.0,0.0,0.0,0.0,1.8423810889403234,283.38839959419295,92828.59281094428,1.1411484566888133,337.4689558239666
12.95,734.0176247279306,0.1805737681606993,1.3147170488027815,0.9736799019438752,0.0,0.0,0.0,0.0,1.6459466442172066,283.3788854392684,92812.21376284034,1.1409854140189657,337.46329087988045
13.0,737.0047271651571,0.17274522951595417,1.106047919731584,1.0623021879539494,0.0,0.0,0.0,0.0,1.5432656458286216,283.35946927342644,92778.79521580186,1.1406527373439117,337.4517297583639
13.05,738.7095863027281,-1.388245803975869,-0.2085840623459122,-0.6615316436612834,0.0,0.0,0.0,0.0,1.5518884750156918,283.3483876890322,92759.72627887811,1.1404628986915626,337.4451311851919
13.1,741.0424201534433,0.45797983189285296,1.7371897188602556,0.9300399568349074,0.0,0.0,0.0,0.0,2.02300468784525,283.3332242690026,92733.63855501174,1.14020317326873,337.4361018577948
13.15,743.5973451906644,-1.0116183058783312,0.7161729440498323,-0.25700427820121274,0.0,0.0,0.0,0.0,1.2658303526108368,283.31661725626066,92705.07403602127,1.1399187733046736,337.42621264029486
13.2,745.9066302378947,-0.5636788164746068,1.5054270507855134,0.36578332275664904,0.0,0.0,0.0,0.0,1.6485878358722283,283.30160690345366,92679.2619465247,1.139661763307234,337.4172739595454
13.25,747.9347917521071,-0.6734065222663529,1.1507431059337803,-0.025810562448809714,0.0,0.0,0.0,0.0,1.3335487337247602,283.2884238536113,92656.59692238837,1.1394360772908156,337.4094232442994
13.3,750.6996743536971,0.2713118662990668,1.9496127677448243,0.8192418676031036,0.0,0.0,0.0,0.0,2.1320781670900666,283.27045211670094,92625.70615417628,1.1391284668624306,337.39872049570465
13.35,752.0183439305717,0.2602999183195847,1.6754108310407028,0.621358802833127,0.0,0.0,0.0,0.0,1.8057807901580682,283.26188076445123,92610.97619974082,1.138981779028171,337.3936158595921
13.4,754.5847635200871,-0.11992566094683414,1.1515565467897815,-0.10125603410917018,0.0,0.0,0.0,0.0,1.162203695163399,283.2451990371194,92582.31392277766,1.1386963338309533,337.3836808991318
13.45,756.4536779463682,-0.550207250098821,0.5595098520334091,-0.8325294507408052,0.0,0.0,0.0,0.0,1.1440649365025313,283.2330510933486,92561.44604048181,1.1384885017756792,337.37644589224664
13.5,758.2246847026505,0.284603786565552,1.4563336334758656,-0.00029883975988748146,0.0,0.0,0.0,0.0,1.4838824268201538,283.22153954943275,92541.67488819455,1.1382915842934158,337.3695897657798
13.55,760.0743112471312,-0.004796804384766689,1.0792962011787168,0.014515384618385616,0.0,0.0,0.0,0.0,1.0794044633971709,283.2095169768936,92521.02969173813,1.1380859529292284,337.36242912853265
13.6,762.2282103758154,0.10917658665007046,1.391590114863717,0.3912555508294352,0.0,0.0,0.0,0.0,1.4496632301723797,283.1955166325572,92496.99296016648,1.1378465300203218,337.35409033999537
13.65,764.0648381432393,-0.182167763025733,0.761322198820685,-0.006799961519225295,0.0,0.0,0.0,0.0,0.7828427835648899,283.1835785520689,92476.50085608721,1.137642404769471,337.34697970001145
13.7,766.320948688661,-1.064400575808164,-0.08442165647419098,-0.7767287797567166,0.0,0.0,0.0,0.0,1.3203723714032172,283.1689138335237,92451.33342055611,1.1373916959901085,337.3382447963441
13.75,768.0243872439728,0.7116353100280437,1.7178276060551707,1.0064370275891206,0.0,0.0,0.0,0.0,2.1143017734245917,283.15784148291414,92432.33484390976,1.13720243052368,337.33164950348004
13.8,770.1393161160712,-0.9758492719792886,-0.2749398459207608,-0.42609625614918856,0.0,0.0,0.0,0.0,1.0997416696669242,283.1440944452455,92408.75128445029,1.1369674787645059,337.3234608424247
13.85,771.7731650947908,-0.18632335456777865,0.5362528497040829,0.490003718769935,0.0,0.0,0.0,0.0,0.7499247666809687,283.1334744268838,92390.5355802169,1.1367859965788336,337.31713470846955
13.9,774.3510840683031,-0.36863875770708765,0.5312630738966504,-0.1007025854334348,0.0,0.0,0.0,0.0,0.654427993046539,283.116717953556,92361.80039772442,1.1364996954959605,337.3071529689158
13.95,776.0202812435045,-0.14457938217816274,0.8002448470715287,0.10417091816654915,0.0,0.0,0.0,0.0,0.8198454691020836,283.1058681719172,92343.19828704704,1.1363143455649036,337.3006896557556
14.0,778.2023177940595,-0.4455415013639938,0.8926626609024022,0.057218220104724146,0.0,0.0,0.0,0.0,0.9993136546245085,283.0916849343386,92318.88549212873,1.136072084126029,337.29224038593395
14.05,779.9972971878542,-1.3839463043097713,0.21929505385750614,-0.7820754881922285,0.0,0.0,0.0,0.0,1.6046930432609698,283.08001756827895,92298.8892704512,1.1358728254789858,337.2852897180134
14.1,781.854861714839,-0.5648850089963574,1.0746695346238875,0.38362958720135026,0.0,0.0,0.0,0.0,1.2732561966131624,283.0679433988535,92278.19953793517,1.1356666474790802,337.2780965519363
14.15,783.4514474376383,-0.3705504349321539,1.122069247984782,0.3843499371872431,0.0,0.0,0.0,0.0,1.2426068953282774,283.0575655916553,92260.41961366471,1.135489459368729,337.2719138682
14.2,784.9526380170497,-1.0507406567779394,-0.05455154622700997,-0.6181494926385414,0.0,0.0,0.0,0.0,1.2203034844870269,283.04780785288915,92243.70456079234,1.135322877445678,337.2661004931278
14.25,786.574406372056,-1.0149665017545764,0.05253207833020379,-0.606010677851697,0.0,0.0,0.0,0.0,1.183285916677743,283.03726635858163,92225.64968652779,1.1351429364339287,337.25982006684876
14.3,788.5593852287014,-0.9886108628698029,-0.3575682294969236,-1.1315110547808271,0.0,0.0,0.0,0.0,1.5445140802274873,283.0243639960134,92203.55514554562,1.134922725611268,337.252132919983
14.35,790.3787477871033,-0.18574930586348032,0.5654695340633777,-0.34478448358466657,0.0,0.0,0.0,0.0,0.6878480491382988,283.0125381393838,92183.30782279586,1.134720916739661,337.2450869947169
14.4,791.8576033076237,-0.9019301029634599,-0.004697640268697789,-1.0452687473858193,0.0,0.0,0.0,0.0,1.3806109997813616,283.0029255785004,92166.85258761914,1.1345568981055034,337.23935965754646
14.45,793.0319783858661,-0.4588805917547009,0.6055119817853147,-0.3817776348699956,0.0,0.0,0.0,0.0,0.8502766138508406,282.99529214049187,92153.7870027542,1.134426662064598,337.23481144819476
14.5,794.8093724608964,-0.714865100095909,0.36967392716953723,-0.540887445073172,0.0,0.0,0.0,0.0,0.9696649689464222,282.9837390790041,92134.01534426071,1.1342295740780035,337.2279277042152
14.55,796.176132233145,-0.282113024543552,0.6463375782093477,-0.20809600700812503,0.0,0.0,0.0,0.0,0.735284959560143,282.9748551404845,92118.81390119465,1.1340780374734056,337.22263422745885
14.6,797.9683743761594,0.5146354331115679,1.38631154027263,0.5094135440679108,0.0,0.0,0.0,0.0,1.5640369159923408,282.96320556655496,92098.88321485039,1.1338793498815156,337.215692726527
14.65,799.2830538132891,0.9632342602633429,1.786297981040761,1.1750708084112926,0.0,0.0,0.0,0.0,2.345095333242497,282.9546601502136,92084.2655001173,1.133733621724802,337.210600774303
14.7,800.5622154169864,-0.2118883531128239,0.5458856276098457,-0.023016480869135554,0.0,0.0,0.0,0.0,0.5860183879431252,282.94634559978954,92070.04450588618,1.1335918443637654,337.20564631421496
14.75,802.1159921274544,0.6993166289957066,1.4802290916660605,0.8241273686993483,0.0,0.0,0.0,0.0,1.832841463750687,282.9362460511715,92052.7728885032,1.1334196479634278,337.1996281145403
14.8,803.4665083574671,-0.591283892394647,0.16649256949560487,-0.39621162118560793,0.0,0.0,0.0,0.0,0.7309720007395228,282.92746769567646,92037.76282439145,1.1332699940439468,337.19439711071936
14.85,804.6595551333652,0.2755852874817555,1.2617340123926566,0.7646752784639254,0.0,0.0,0.0,0.0,1.5008824904697757,282.9197128916331,92024.50457431407,1.1331378022659115,337.1897759715745
14.9,806.5609538402667,-0.6541799665673256,0.12235429273490672,-0.21885611728648174,0.0,0.0,0.0,0.0,0.7005854706475154,282.90735380003827,92003.37765242062,1.1329271481727727,337.18241097604925
14.95,807.0601275863121,-0.8040823729161657,-0.027538896211346642,-0.38808085276665316,0.0,0.0,0.0,0.0,0.8932600973530183,282.90410917068897,91997.83185762388,1.1328718501697097,337.18047741888137
15.0,808.5715678132602,-0.39901636086984427,0.4136312773612524,0.14115993642054508,0.0,0.0,0.0,0.0,0.5918031915287103,282.8942848092138,91981.0414846068,1.1327044268195,337.1746227643456
15.05,809.6453880999888,-0.230824880400963,0.43083724409836693,-0.051738766602838514,0.0,0.0,0.0,0.0,0.49150560147772243,282.88730497735,91969.11407658957,1.1325854904552946,337.1704631951732
15.1,811.6742728902824,-0.551871199734036,0.22133552705712706,-0.7307492259289651,0.0,0.0,0.0,0.0,0.9420964217262063,282.8741172262131,91946.5817533616,1.1323607972003034,337.162603931246
15.15,812.7347798982671,0.35112904263454914,1.2553189855204083,0.20363543769224157,0.0,0.0,0.0,0.0,1.3193122266823547,282.8672239306612,91934.80578790385,1.1322433626196318,337.15849578649926
15.2,814.3776498181261,0.4364218163113908,1.3646598728517807,0.3431103038515908,0.0,0.0,0.0,0.0,1.4732566819578665,282.85654527618215,91916.56562349777,1.132061458842901,337.1521316114423
15.25,815.2941036204397,0.24967755785560086,1.3892977400791295,0.17347042077692476,0.0,0.0,0.0,0.0,1.4221740682385673,282.8505883264671,91906.39185631026,1.1319599958815065,337.1485813862448
15.3,816.665019663452,-0.7363345324025762,0.31313342268380706,-0.7022748488080462,0.0,0.0,0.0,0.0,1.0646271869901502,282.8416773721875,91891.17470011943,1.1318082312222313,337.14327056247316
15.35,817.4360705874718,1.151332057468432,2.1410042602661896,1.2433334293139748,0.0,0.0,0.0,0.0,2.7304473562920264,282.8366655411814,91882.61693800741,1.1317228803326844,337.1402835334789
15.4,818.6870544307035,-0.0009516199613417986,0.915948670045077,0.09261228091079848,0.0,0.0,0.0,0.0,0.920619305855247,282.8285341462004,91868.73385554354,1.1315844141128726,337.13543720192564
15.45,819.6090732188338,-0.4339744652897426,0.46563190194173076,-0.42678608352013114,0.0,0.0,0.0,0.0,0.7663506153947056,282.82254102407757,91858.50262618657,1.1314823679691621,337.1318652416975
15.5,820.6830719757594,-1.0954950633193616,-0.3138611789489956,-0.9747174938189886,0.0,0.0,0.0,0.0,1.4995640920497915,282.8155600321575,91846.58610653407,1.1313635100365669,337.12770445355443
15.55,821.7538032219776,-0.6024869055053489,0.19055929418580017,-0.31086501556734736,0.0,0.0,0.0,0.0,0.7042303414435427,282.80860027905715,91834.70708753847,1.1312450232233648,337.1235562729853
15.6,822.6673190290745,0.23124455417661394,0.900148023912932,0.42700121343972575,0.0,0.0,0.0,0.0,1.0227759016860416,282.802662426311,91824.5732480762,1.1311439413306608,337.12001712930305
15.65,823.901818643935,-0.4068776586912456,0.2308837342354875,-0.4940694931669738,0.0,0.0,0.0,0.0,0.6804126629883245,282.7946381788144,91810.88010059283,1.13100735307724,337.11523437086043
15.7,825.4369292052704,-0.5016779080275968,0.2203100483908364,-0.5057757878469024,0.0,0.0,0.0,0.0,0.7456717698807387,282.7846599601657,91793.85486402831,1.1308375220469182,337.1092868762173
15.75,826.2462210692622,-0.383382460255059,0.2910777336246607,-0.4278540513978353,0.0,0.0,0.0,0.0,0.6440244150192074,282.77939956304976,91784.88039281628,1.1307479970201257,337.10615138618107
15.8,827.4145343425809,-0.3660156751688993,0.46024904320192284,-0.2553975069667626,0.0,0.0,0.0,0.0,0.6411119580872503,282.7718055267732,91771.92588268222,1.130618766093937,337.1016248656247
15.85,827.9203817821337,-1.1610132955005792,-0.343128919486479,-0.9939849902753648,0.0,0.0,0.0,0.0,1.566427619971568,282.7685175184161,91766.31739622772,1.1305628161708643,337.0996649881543
15.9,829.283209343553,-0.8184160792901003,0.10888346022099948,-0.7499961301909284,0.0,0.0,0.0,0.0,1.115416819871229,282.7596591392669,91751.20868816637,1.1304120893720375,337.09438473266977
15.95,829.7174198896491,0.14036842509999659,0.9433032144213909,0.09095631990939518,0.0,0.0,0.0,0.0,0.9580173804447611,282.75683677071726,91746.39532520348,1.1303640695298722,337.0927023728757
16.0,830.4331084609626,-0.4402451671958488,0.4322397828393866,-0.38484119869073985,0.0,0.0,0.0,0.0,0.727151830994096,282.7521847950037,91738.4621344421,1.1302849241161192,337.0899294009955
16.05,831.4206039510241,-0.11577689692826354,0.9310784774664311,0.14420441042213977,0.0,0.0,0.0,0.0,0.9492662076829356,282.74576607431834,91727.51695837642,1.1301757275175484,337.0861032618911
16.1,832.4550321966155,-0.041044843941306974,0.8746238632293404,0.08774025868274005,0.0,0.0,0.0,0.0,0.8799715531414048,282.73904229072195,91716.0527242924,1.1300613497812566,337.0820952310764
16.15,832.6172465171127,-0.679168171956392,0.16895003603683553,-0.45455649657067954,0.0,0.0,0.0,0.0,0.8345268893511134,282.73798789763873,91714.25506061941,1.1300434143894746,337.0814667056379
16.2,833.1730202655743,-1.9640490102199015,-1.0936917574396103,-1.7170939551646782,0.0,0.0,0.0,0.0,2.8287915839984032,282.73437536827373,91708.09617660221,1.1299819663493864,337.0793132620988
16.25,833.7602606918294,-0.8526854710252634,-0.002284851512161734,-0.540987860303734,0.0,0.0,0.0,0.0,1.0098245382441546,282.7305583055031,91701.5889541035,1.1299170420349303,337.07703788041175
16.3,834.3340542812805,-0.5858226079427612,0.2615280842497694,-0.2573422943598978,0.0,0.0,0.0,0.0,0.6912381089715967,282.72682864717166,91695.23109740096,1.1298536071367142,337.0748145863747
16.35,835.5639538109912,-0.663967039281684,0.11060035267176116,-0.3475124119973747,0.0,0.0,0.0,0.0,0.7575285761975163,282.71883430022854,91681.60453353747,1.1297176465992949,337.07004901093313
16.4,835.8658905029115,-0.18401082861329907,0.5363332280087192,0.08389943466864189,0.0,0.0,0.0,0.0,0.5731949333786224,282.7168717117311,91678.25950316593,1.1296842706036863,337.0688790659757
16.45,836.2332501017436,-0.870881212947041,-0.2540226185021068,-0.7828512587542422,0.0,0.0,0.0,0.0,1.1982560957941661,282.71448387433867,91674.18981302578,1.1296436637959049,337.0674556147189
16.5,837.3242412718922,0.2808199759555273,0.9464573813993051,0.4572036096227863,0.0,0.0,0.0,0.0,1.0879690135077367,282.70739243173267,91662.10443607793,1.1295230755473902,337.0632281880366
16.55,838.2238067462795,-0.73451279269545,-0.05374941812098816,-0.6746206510482389,0.0,0.0,0.0,0.0,0.9987547573865987,282.7015452561492,91652.14053406897,1.1294236531634416,337.0597424672497
16.6,838.2522832355158,-0.8627308932966791,-0.14064760435561136,-0.720921672859038,0.0,0.0,0.0,0.0,1.1330553390092348,282.7013601589691,91651.82513282998,1.1294205059749594,337.05963212328606
16.65,838.5700376518689,-0.6850756135738431,-0.014178465749836111,-0.6071926479775299,0.0,0.0,0.0,0.0,0.9155394786477322,282.6992947552628,91648.30579313773,1.1293853885814233,337.05840084961164
16.7,839.5856304735624,0.2596109097828631,0.9699054526138948,0.35960332351442237,0.0,0.0,0.0,0.0,1.066503146629708,282.6926934019218,91637.05816673263,1.1292731534998552,337.05446547617544
16.75,839.5462890435064,-0.3141965753256615,0.4587564214463693,-0.07229369372437783,0.0,0.0,0.0,0.0,0.5607167915418326,282.69294912121717,91637.49384977597,1.1292775010367464,337.054617923184
16.8,840.3516567662298,-0.33688049112787655,0.6621619555642666,-0.012998467062817473,0.0,0.0,0.0,0.0,0.7430450059351965,282.68771423101947,91628.57521339678,1.1291885041323675,337.0514971306607
16.85,840.589047497934,0.3271971991516181,0.7498747316823473,0.20111186776912615,0.0,0.0,0.0,0.0,0.8425058478763946,282.6861711912634,91625.9464842639,1.129162272368898,337.0505772382433
16.9,840.9014872138171,-1.4525548210619839,0.27791118854668495,-0.6613722950617034,0.0,0.0,0.0,0.0,1.6200504466173353,282.6841403331102,91622.48679869929,1.1291277483755515,337.0493665261322
16.95,841.5421833255962,-0.4666187121458071,-1.0474662470536344,-1.334911462992828,0.0,0.0,0.0,0.0,1.7598031637859075,282.6799758083836,91615.39261827683,1.1290569552017211,337.04688379825603
17.0,841.7382942970765,0.4526053529603511,3.6244799355664328,2.3377927270187255,0.0,0.0,0.0,0.0,4.336701654870169,282.678701087069,91613.22124619503,1.1290352867649183,337.04612385526764
17.05,841.7473866413042,-0.7507852062128062,-3.6198960736208425,-3.093306477130101,0.0,0.0,0.0,0.0,4.820360045799342,282.6786419868315,91613.1205753145,1.1290342821532366,337.04608862179066
17.1,841.9328945126354,-0.4089313007048717,6.301144022436477,4.087874024242922,0.0,0.0,0.0,0.0,7.522124356740132,282.67743618566783,91611.06664263661,1.129013785567057,337.04536976486463
17.15,842.5296360412243,-0.03916433146080556,-8.483812124976106,-6.2337544372610365,0.0,0.0,0.0,0.0,10.52788185727889,282.673557365732,91604.45980701456,1.128947854100528,337.04305733625
17.2,842.9580991643348,-1.0548008255762806,16.447934544926795,11.328266317990423,0.0,0.0,0.0,0.0,19.999419325249143,282.6707723554318,91599.7163070481,1.128900516825383,337.04139699223504
17.25,842.7690835712272,-0.8442639183041349,-46.61343373998555,-33.69758266478004,0.0,0.0,0.0,0.0,57.524360613964745,282.672000956787,91601.80886742512,1.1289213993761855,337.042129450465
17.3,841.1805868155664,-12.689191330961526,-58.31285547012706,-15.526211140860042,0.0,0.0,0.0,0.0,61.66415427218834,282.6823261856988,91619.39638200041,1.129096909084185,337.0482850041619
17.35,840.7501812035667,0.9767564976865563,23.14122214458951,5.400446487599668,0.0,0.0,0.0,0.0,23.78308301853316,282.6851238221768,91624.16221659823,1.1291444673005726,337.0499528414419
17.4,840.8980581254883,-1.1995649221859748,-9.368709552144365,-4.972810922339637,0.0,0.0,0.0,0.0,10.674292629693102,282.6841626221843,91622.52476886574,1.1291281272788958,337.0493798139632
17.45,841.5202170779836,1.6074407019312005,8.760858424881185,-0.3030907498416089,0.0,0.0,0.0,0.0,8.912259531324043,282.6801185889931,91615.63583468342,1.1290593822874178,337.04696891881207
17.5,842.8672730957315,-8.457874134914354,12.701315570752344,10.75059681375439,0.0,0.0,0.0,0.0,18.666397187507695,282.6713627248777,91600.7218226041,1.128910551304491,337.04174895440866
17.55,842.7018441459364,-27.516311391709632,41.34324963525809,10.682918779169013,0.0,0.0,0.0,0.0,50.798980665473195,282.6724380130514,91602.5532733185,1.128928828097601,337.04239001096727
17.6,842.8595006230858,-30.261464459438105,102.92795649828426,102.79488481802673,0.0,0.0,0.0,0.0,148.58233005608008,282.6714132459499,91600.80787036524,1.128911410011726,337.0417790736779
17.65,842.204562477664,-4.087164963500841,10.648846384426042,28.01862509115511,0.0,0.0,0.0,0.0,30.251383418889773,282.67567034389515,91608.05881755224,1.128983769748736,337.0443170283415
17.7,843.64196921647,0.30888524242276094,-0.22118980668295626,-6.107246310510798,0.0,0.0,0.0,0.0,6.1190516030521245,282.66632720009295,91592.14561815046,1.1288249649398099,337.038746899969
17.75,845.4924728829386,-1.4058559724018478,-0.0908065549064796,8.739993668203264,0.0,0.0,0.0,0.0,8.85280555337036,282.6542989262609,91571.66241344342,1.1286205463124062,337.031575834515
17.8,846.6552212424073,0.0178654720229513,0.9711602192480915,3.5810773260904445,0.0,0.0,0.0,0.0,3.710469803404913,282.64674106192433,91558.79386232223,1.1284921160820103,337.02706987800775
17.85,845.8513396393931,-0.29605064865124975,1.7876599589541704,4.8181412539568145,0.0,0.0,0.0,0.0,5.1476071390982625,282.6519662923439,91567.69055071441,1.1285809068436223,337.0301851376286
17.9,845.5940990162985,0.6637047720692126,-0.7471028383725918,-0.44682309253161634,0.0,0.0,0.0,0.0,1.094676916533525,282.653638356394,91570.53762234675,1.1286093208515253,337.0311820088522
17.95,845.9994319591133,3.075376848213825,1.0697290227669445,1.764738675298446,0.0,0.0,0.0,0.0,3.703588196975149,282.65100369226576,91566.0515363383,1.1285645492697711,337.0296112418178
18.0,846.8020758069499,2.935268527268968,1.2586650533081272,-0.5278055383625195,0.0,0.0,0.0,0.0,3.237069311880892,282.6457865072548,91557.16867459643,1.1284758962002863,337.0265007735601
18.05,845.504388679531,3.039347702924415,3.6552024776822436,-0.8916562000715931,0.0,0.0,0.0,0.0,4.836650741086485,282.65422147358305,91571.53052964239,1.128619230108067,337.0315296579666
18.1,844.6141315179601,-2.0168751113896333,4.51121182092433,-1.2032200659052767,0.0,0.0,0.0,0.0,5.085917403496389,282.66000814513325,91581.38430182861,1.1287175700605445,337.03497959897976
18.15,845.3402319311335,-2.191959756145501,4.029775508352847,-1.3666998178930978,0.0,0.0,0.0,0.0,4.78661118250803,282.6552884924476,91573.34742682346,1.1286373627653676,337.0321658038887
18.2,846.3203131119114,-2.720614013852724,3.662812296785199,-2.6125133173938155,0.0,0.0,0.0,0.0,5.257676327752853,282.6489179647726,91562.50025998762,1.1285291068848446,337.02836774150506
18.25,847.2279698571415,-7.70630107068837,2.821688858502675,-0.9297752880784963,0.0,0.0,0.0,0.0,8.259145615171843,282.64301819592856,91552.45558729704,1.128428857805404,337.0248503039469
18.3,846.3633023018657,-7.280632377688166,1.5583600649976677,0.09587336587399534,0.0,0.0,0.0,0.0,7.4461591181967615,282.64863853503783,91562.02449575566,1.128524358651272,337.02820114654446
18.35,845.1007732653237,-6.480881859357403,2.2715837030545596,2.8663755321651547,0.0,0.0,0.0,0.0,7.441641679517096,282.6568449737754,91575.99782269407,1.1286638136275862,337.0330937602584
18.4,843.7710240299886,-3.450139965051879,-0.5391230595905232,-1.1377056172635243,0.0,0.0,0.0,0.0,3.672668447244238,282.66548834380507,91590.71699150401,1.128810707790001,337.03824679214813
18.45,842.9143791995085,-5.483442250049426,2.350679686049654,0.3877627962529207,0.0,0.0,0.0,0.0,5.978644819872769,282.67105653520315,91600.20032010827,1.128905347005823,337.0415664125155
18.5,842.2481050409053,-5.252156958943655,2.5960657188384286,-0.3780714831170351,0.0,0.0,0.0,0.0,5.870915429833295,282.6753873172341,91607.57673497056,1.1289789589119277,337.0441482968913
18.55,841.5918505110052,-2.4577959614510916,1.916078017982798,0.08706345525857334,0.0,0.0,0.0,0.0,3.1176426999198843,282.6796529716784,91614.84269130563,1.1290514674099885,337.0466913347888
18.6,840.6443509040514,-3.1494103286288455,2.422184868660614,1.655441361769516,0.0,0.0,0.0,0.0,4.304213175285327,282.68581171912365,91625.33409475845,1.1291561613890662,337.0503629364078
18.65,840.1629924332058,-2.587940778498154,0.8239186954931458,0.7339848450107181,0.0,0.0,0.0,0.0,2.8133633328281946,282.68894054918417,91630.66441782343,1.1292093519432858,337.05222820580883
18.7,840.3058201550817,-2.804101930216196,1.9664111536415643,1.6893590846921889,0.0,0.0,0.0,0.0,3.8188603767668927,282.6880121689919,91629.08278883588,1.1291935691485153,337.0516747478831
18.75,839.929139423245,-3.055719050076465,1.5644267933163802,0.15447189564448205,0.0,0.0,0.0,0.0,3.4363806062760838,282.69046059374887,91633.2540797708,1.1292351936080263,337.05313438508455
18.8,840.6057588882396,-3.0471174975488307,3.0695847572856803,1.2587061930946195,0.0,0.0,0.0,0.0,4.504621727355538,282.68606256722643,91625.7614341904,1.1291604257716665,337.0505124812767
18.85,840.1146372580209,-3.1423397070027774,2.6599430666458828,0.9723127250580563,0.0,0.0,0.0,0.0,4.230246799811286,282.68925485782285,91631.19989273818,1.1292146953406155,337.0524155820772
18.9,840.8785793457793,-4.173376374111769,1.8029592458498434,-0.15842711972762735,0.0,0.0,0.0,0.0,4.548937409379791,282.6842892342524,91622.74045690452,1.129130279623891,337.04945529487065
18.95,840.695575493743,-3.673502212560887,2.925978711320315,0.9424897716496343,0.0,0.0,0.0,0.0,4.79001637726361,282.6854787592907,91624.76687404202,1.1291505011375877,337.0501644399482
19.0,841.2285541851718,-2.4105071849195916,3.7969692172033476,1.963831932069514,0.0,0.0,0.0,0.0,4.9075611032726485,282.68201439779637,91618.86525695847,1.1290916089634866,337.0480991283624
19.05,840.9315709741563,-5.093353997614828,1.21733406875787,-1.434572638951864,0.0,0.0,0.0,0.0,5.429747308706626,282.683944788668,91622.15368289573,1.1291244242199716,337.0492499505406
19.1,840.9330543874768,-3.0505341707225893,3.7064928786632385,-0.06418217485424549,0.0,0.0,0.0,0.0,4.800829880124526,282.68393514648136,91622.13725716787,1.12912426030792,337.0492442022626
19.15,840.9943241340959,-3.4275631579023305,5.25957052532232,-3.0347948186149414,0.0,0.0,0.0,0.0,6.972894012054162,282.68353689312835,91621.45882380524,1.1291174902283576,337.0490067797879
19.2,842.1911330351546,-3.923857563794286,5.4789375660422746,-4.790988217266049,0.0,0.0,0.0,0.0,8.268553871839803,282.67575763527145,91608.20750237648,1.1289852535151772,337.0443690686532
19.25,842.5629771488256,-5.08309388858593,5.220962922104576,-3.944826526514011,0.0,0.0,0.0,0.0,8.286009512332157,282.6733406485326,91604.09068166385,1.1289441704683922,337.04292813590644
19.3,841.9131539645193,-7.385370199720213,3.750422264597156,-3.138679395743165,0.0,0.0,0.0,0.0,8.857802690225387,282.6775644992306,91611.28520709796,1.129015966667686,337.04544626104325
19.35,841.1102233729086,-8.429970942549946,2.1855962613933215,-1.1307167491181942,0.0,0.0,0.0,0.0,8.781785779486386,282.6827835480761,91620.17549503344,1.1291046838776306,337.048557665606
19.4,839.9685488550156,-8.540257195615384,2.3129738874535075,-1.1648998140253377,0.0,0.0,0.0,0.0,8.924283318452995,282.6902044324424,91632.81766000098,1.1292308386812457,337.0529816738989
19.45,837.6360856225322,-7.573815259379018,2.234961634462662,-0.8115820712742261,0.0,0.0,0.0,0.0,7.938286751506035,282.7053654434535,91658.65023959252,1.1294886089168874,337.06201982834057
19.5,836.3840646220934,-7.5919460459402375,0.8602782575859387,-1.0423607526331904,0.0,0.0,0.0,0.0,7.711305945400736,282.71350357995635,91672.51909907519,1.129626993542879,337.0668712342954
19.55,835.6985308434384,-9.851784864022946,0.13144152964034134,-1.6334958090607063,0.0,0.0,0.0,0.0,9.987154271409084,282.7179595495176,91680.11359865332,1.1297027703994154,337.0695275520536
19.6,835.2205622787591,-9.670314215928231,1.524163063127614,-0.9900359446550955,0.0,0.0,0.0,0.0,9.839625056347183,282.72106634518804,91685.40894486429,1.1297556059179499,337.07137958026146
19.65,834.9550122150574,-5.982439160678931,2.8193660110677015,-0.6837154401780371,0.0,0.0,0.0,0.0,6.648749492854011,282.7227924206021,91688.3510435279,1.1297849611241384,337.072408526814
19.7,836.7099842114944,-5.230196412322574,3.276495605663933,-2.0457276449164223,0.0,0.0,0.0,0.0,6.501951980950204,282.7113851026253,91668.90866618612,1.1295909687286847,337.065608348274
19.75,836.4137590316915,-3.5837241350207227,4.432693313157079,-4.034773301029501,0.0,0.0,0.0,0.0,6.983641190320277,282.71331056629396,91672.19014914299,1.1296237112993928,337.0667561734271
19.8,833.6036752384289,-2.811520613523129,6.851629624898025,-2.900297194892029,0.0,0.0,0.0,0.0,7.953690998256363,282.7315761109502,91703.32404397886,1.1299343535804265,337.0776446038917
19.85,830.3133578308116,2.5884518912205685,6.361421542765452,2.0889346647886127,0.0,0.0,0.0,0.0,7.1785385192028635,282.7529631740997,91739.78949516357,1.1302981666103777,337.0903933825102
19.9,828.5014659116623,4.837184510153664,4.51797622273708,4.84801090288106,0.0,0.0,0.0,0.0,8.204491017055341,282.76474047157416,91759.8750799383,1.1304985472086952,337.09741359629487
19.95,826.8667915595726,4.090891440569458,3.1234696447884156,7.280461724654011,0.0,0.0,0.0,0.0,8.916085369969894,282.77536585486274,91777.9991887088,1.1306793522954042,337.1037470513991
20.0,827.3943352302798,6.038754101421176,-1.2699688037258148,8.873682732529504,0.0,0.0,0.0,0.0,10.808404928455454,282.7719368210032,91772.14984222798,1.1306210002873684,337.1017031257133
20.05,830.6052327347556,3.2273476528726204,-4.162877531510403,10.898123168996221,0.0,0.0,0.0,0.0,12.104313727819054,282.7510659872241,91736.55427192945,1.1302658901468887,337.08926249331313
20.1,832.380479656435,-1.659296168478204,-4.6548717463695075,10.370726720992073,0.0,0.0,0.0,0.0,11.487953145420404,282.7395268822331,91716.87892721417,1.1300695928319382,337.0823840964743
20.15,831.4196175760069,-4.908078348396275,-4.905758879893917,6.0773930002203675,0.0,0.0,0.0,0.0,9.22444626743426,282.74577248575594,91727.52789060584,1.1301758365862191,337.0861070837105
20.2,830.2558079300239,-5.423238715400688,-4.431767681736393,6.387919075870028,0.0,0.0,0.0,0.0,9.479324504887902,282.75333724845484,91740.42740529629,1.130304530746304,337.09061636307314
20.25,829.3059531896304,-4.911539985676132,-4.311241184516001,6.4664011603550104,0.0,0.0,0.0,0.0,9.193713588567086,282.7595113042674,91750.95656027399,1.13040957406529,337.0942966112686
20.3,827.9857822777656,-6.230046853865409,-4.741280336487714,5.303749077744348,0.0,0.0,0.0,0.0,9.456372312372084,282.7680924151945,91765.59230103903,1.1305555826174412,337.0994115967784
20.35,826.7100053015796,-8.864577017883157,-5.631239818608431,6.597557080773867,0.0,0.0,0.0,0.0,12.402392794728472,282.7763849655397,91779.73767576946,1.1306966949871724,337.1043545048053
20.4,827.9298308739712,-5.782768352969908,-4.80541465869951,8.510925375071658,0.0,0.0,0.0,0.0,11.356419797021994,282.76845609931917,91766.21263387518,1.1305617710617555,337.09962837807075
20.45,827.7090869422049,0.5955739361910138,-5.027677601156777,8.234843686167608,0.0,0.0,0.0,0.0,9.66669027693854,282.76989093487566,91768.66005348117,1.1305861864576463,337.1004836395203
20.5,825.8254130575572,4.447646099375399,-5.088733428416232,7.006943018415804,0.0,0.0,0.0,0.0,9.735194615111503,282.78213481512586,91789.54676571985,1.13079454672925,337.1077817525941
20.55,823.8015917735206,9.544012441153724,-3.382112526113452,6.330373984813681,0.0,0.0,0.0,0.0,11.941544849967965,282.7952896534721,91811.99176167727,1.1310184419686329,337.1156226772067
20.6,822.212173950624,9.908316348034667,-2.1852157127502316,5.1831361974812475,0.0,0.0,0.0,0.0,11.393629860831092,282.80562086932093,91829.62216317852,1.1311943029517364,337.1217804573801
20.65,821.2317003219517,9.481224468754808,-2.5439555246647565,2.0788453146874497,0.0,0.0,0.0,0.0,10.03428746751782,282.8119939479073,91840.49930091885,1.1313027977948262,337.1255789877794
20.7,820.0242648193527,9.58461485177591,0.06666585498605215,1.9263526279833925,0.0,0.0,0.0,0.0,9.77650861199656,282.8198422786742,91853.89573232432,1.1314364181657968,337.1302567503113
20.75,818.577090019227,6.948934223043951,-1.9750013924647616,0.08562695797738873,0.0,0.0,0.0,0.0,7.224655653549284,282.829248914875,91869.95414293068,1.1315965850984941,337.13586320861924
20.8,817.6096543108558,6.980794415921293,-1.7030721233257315,2.172507016966553,0.0,0.0,0.0,0.0,7.5067790745016625,282.8355372469794,91880.69045099783,1.1317036662948767,337.139611071502
20.85,815.9273563953537,7.9982396320876,-0.5597949568504419,2.8516249326203296,0.0,0.0,0.0,0.0,8.509816235522003,282.8464721834302,91899.36250243618,1.131889890899979,337.1461282238832
20.9,816.4007032355809,7.390542256918326,-2.712057261711551,2.918312420479908,0.0,0.0,0.0,0.0,8.395946452046074,282.8433954289687,91894.10845140989,1.131837490659469,337.14429451058436
20.95,817.0875229600066,7.137531134229925,-4.126760669077306,4.9202955837308195,0.0,0.0,0.0,0.0,9.60124017735344,282.8389311007599,91886.48532848313,1.1317614619346088,337.1416338001914
21.0,818.30846624238,6.129521205288773,-6.352145712649007,7.68695317807551,0.0,0.0,0.0,0.0,11.705128556437776,282.8309949694245,91872.93514625335,1.13162631710353,337.13690386601496
21.05,816.9239599207364,5.858322369522896,-6.225358368669191,7.270242001927391,0.0,0.0,0.0,0.0,11.221918132396132,282.8399942605152,91888.30069458978,1.131779567480253,337.14226743835195
21.1,815.5673746546618,3.4197816103240246,-5.579238056375331,8.93353812356203,0.0,0.0,0.0,0.0,11.07388400504328,282.84881206474466,91903.35838737879,1.1319297426878843,337.14752276186005
21.15,812.1408563587884,4.060804070574863,6.250246084878275,5.563456744549734,0.0,0.0,0.0,0.0,9.300954616038588,282.8710844336679,91941.40061798447,1.1323091292236258,337.1607965071831
21.2,811.2715406615281,9.999908009455558,9.550442572319897,4.764048990193141,0.0,0.0,0.0,0.0,14.625500890763162,282.87673498570007,91951.0540483241,1.132405395943068,337.16416400427744
21.25,815.3169032241976,14.324295499727256,4.966320681188234,-1.5659418501666629,0.0,0.0,0.0,0.0,15.241455197913613,282.8504401290427,91906.13876422177,1.1319574717673344,337.1484930630098
21.3,816.2203625256783,19.355007886433878,1.9483970860174487,5.228971902610944,0.0,0.0,0.0,0.0,20.143354453690517,282.84456764358305,91896.11016692738,1.1318574544411621,337.14499313934164
21.35,813.204219806959,5.00181638432819,-6.17608766435113,9.071802406411056,0.0,0.0,0.0,0.0,12.060672654593091,282.86417257125476,91929.59347478043,1.132191382459865,337.1566772751359
21.4,814.286628213472,4.399863946819194,-4.837556293290748,19.657288050288162,0.0,0.0,0.0,0.0,20.7164120236415,282.85713691661243,91917.57612532059,1.1320715364590594,337.15248421549416
21.45,811.3903319310591,0.16481015191929754,15.937111088384496,19.335284266528333,0.0,0.0,0.0,0.0,25.05737196709068,282.8759628424481,91949.73486665825,1.1323922408063116,337.1637038405745
21.5,807.9706795956176,12.499233166910583,9.601224288060749,15.935314130046887,0.0,0.0,0.0,0.0,22.413133962338183,282.89819058262844,91987.71636858392,1.1327709853841634,337.1769503531356
21.55,805.0990621027671,18.59336492836786,5.532271257878908,18.72541707381752,0.0,0.0,0.0,0.0,26.962204828586064,282.91685609633197,92019.62075218739,1.133089107058447,337.1880735723506
21.6,806.3021088523286,15.082396130812056,4.974240705469779,11.156662955038007,0.0,0.0,0.0,0.0,19.40857727745659,282.90903629245986,92006.25351358182,1.1329558235926733,337.1834136117179
21.65,806.4312117094848,-0.41854003853278543,-1.632777675833922,13.520368360421362,0.0,0.0,0.0,0.0,13.625032084514139,282.9081971238883,92004.81912518281,1.1329415212233893,337.18291353236896
21.7,807.0322040737348,-9.65037799919632,6.622487881719795,5.728335176529394,0.0,0.0,0.0,0.0,13.03076993755787,282.9042906735207,91998.14207927318,1.1328749434559227,337.1805855813287
21.75,806.1793392209682,-6.283047460925509,14.418470354003661,-2.0569849016258828,0.0,0.0,0.0,0.0,15.861909079018258,282.90983429506366,92007.61755390915,1.1329694244779325,337.1838891586566
21.8,806.8223505758671,-0.8983050872477707,16.60131016278921,-1.4222408629537533,0.0,0.0,0.0,0.0,16.686318354363223,282.90565472125684,92000.47351429159,1.132898190628115,337.1813984531642
21.85,806.3240821081444,4.758308720727936,10.830199552987718,-0.8614643371069889,0.0,0.0,0.0,0.0,11.860727003156176,282.90889346629706,92006.00937995837,1.1329533893252586,337.1833284984606
21.9,804.5006043901549,3.096677337365032,8.291097572461322,4.519326668336261,0.0,0.0,0.0,0.0,9.937606503729132,282.92074607146395,92026.2708941313,1.1331554136195645,337.19039165394264
21.95,801.7703326742591,8.616140256837932,7.640821543845709,5.542421284332339,0.0,0.0,0.0,0.0,12.780393596576753,282.9384928376173,92056.61497545952,1.1334579537404887,337.2009669568776
22.0,800.1529722178761,0.4385023921820592,5.048865966648645,0.23081846106244372,0.0,0.0,0.0,0.0,5.073126162347983,282.9490056805838,92074.59404651375,1.133637201833072,337.20723140652876
22.05,799.7090365759062,4.924148432370691,10.588916713028546,-1.672046714378241,0.0,0.0,0.0,0.0,11.79695448641458,282.9518912622566,92079.52946750844,1.1336864059243994,337.20895086216655
22.1,799.9025318577127,9.651006973084213,8.03470547786634,-2.53683512391116,0.0,0.0,0.0,0.0,12.81147767263733,282.95063354292483,92077.37827198065,1.133664959462821,337.20820141552787
22.15,801.2387827411376,13.093995425750176,3.689519818881927,3.7930975282405734,0.0,0.0,0.0,0.0,14.122778110635096,282.94194791218257,92062.52353264437,1.1335168617236502,337.2030257982108
22.2,799.6858602086693,7.634250929297618,-2.525582790112594,9.80648301022052,0.0,0.0,0.0,0.0,12.681776875144042,282.95204190864365,92079.78713490565,1.1336889747472287,337.20904062884586
22.25,799.7859240657472,-2.420164596341405,-1.8305275870509967,5.241673386833777,0.0,0.0,0.0,0.0,6.056663092378557,282.9513914935726,92078.67466130554,1.1336778838985788,337.2086530614569
22.3,799.9389324976732,-8.340320443595013,4.165170105086753,1.278696915397814,0.0,0.0,0.0,0.0,9.409816837091208,282.9503969387651,92076.97359020675,1.133660924955069,337.20806042824887
22.35,799.9378609371921,-3.510951623511457,9.459841114255214,-2.7222287956694364,0.0,0.0,0.0,0.0,10.451119788116626,282.95040390390824,92076.98550319094,1.133661043722579,337.20806457862716
22.4,797.775051910829,0.7011273298319813,10.136978212534965,-1.4058159185570742,0.0,0.0,0.0,0.0,10.257983486578361,282.9644621625796,92101.03289551639,1.1339007802884484,337.21644148717877
22.45,795.3621945125487,6.894786852653354,4.416166728704805,2.0781228826179157,0.0,0.0,0.0,0.0,8.447438016020067,282.98014573566843,92127.86647490364,1.1341682792344525,337.22578662788095
22.5,794.8495407747458,3.0658956214653386,5.00483592212642,2.3045904239286017,0.0,0.0,0.0,0.0,6.305492493944526,282.9834779849641,92133.56855328614,1.1342251202800682,337.2277721330459
22.55,792.2079553625106,-0.7143013655705803,4.964211010515562,0.3265981345856087,0.0,0.0,0.0,0.0,5.02596097669836,283.00064829014366,92162.95456649174,1.1345180435084632,337.23800279381334
22.6,790.0721992044977,2.029439605717333,5.606096207048815,1.4288118350874348,0.0,0.0,0.0,0.0,6.130941449404583,283.0145307051707,92186.71908855543,1.1347549180573728,337.246274189185
22.65,789.1097123753771,0.9938623350433313,3.2267814095174754,1.634255951593801,0.0,0.0,0.0,0.0,3.7510895911914885,283.02078686956,92197.43028473266,1.1348616788618886,337.2500016594071
22.7,789.2155639949278,1.8551847840710887,6.928438649217299,-0.27915132484852406,0.0,0.0,0.0,0.0,7.1779452603918354,283.0200988340329,92196.25224790523,1.1348499372300294,337.24959172463474
22.75,788.9718163025674,0.5859006294420377,5.886142656060932,-3.070260696003594,0.0,0.0,0.0,0.0,6.6645671769819455,283.0216831940333,92198.9649668467,1.1348769751765257,337.2505356929566
22.8,788.3259228464128,5.332538618929378,6.733378928926072,-0.4479031784231364,0.0,0.0,0.0,0.0,8.600870722207166,283.0258815014983,92206.1535624679,1.1349486239106437,337.2530370493454
22.85,788.250091065065,11.161513209985413,3.387418402786542,1.0313767659632709,0.0,0.0,0.0,0.0,11.709727520552502,283.02637440807706,92206.99757665291,1.134957036130492,337.25333072243177
22.9,791.7309929473453,10.013762293307547,2.5841236664097567,2.1791833611058977,0.0,0.0,0.0,0.0,10.568915294933904,283.00374854584226,92168.26128883132,1.1345709396451353,337.239850000141
22.95,794.3970487450413,11.271399039139867,2.0079945655612232,3.2046704575044047,0.0,0.0,0.0,0.0,11.888918841343312,282.9864191831572,92138.60171027156,1.1342752926409987,337.22952462252675
23.0,792.0528244150825,7.958160981292392,-3.0549545227974617,6.158214459397115,0.0,0.0,0.0,0.0,10.516115189006491,283.00165664130196,92164.68053878845,1.1345352476503208,337.23860359460633
23.05,790.7890779867606,2.8960576823748454,-6.22190499119907,9.117310793851175,0.0,0.0,0.0,0.0,11.411599709542278,283.00987099308605,92178.74183750467,1.1346754055407198,337.2434978705913
23.1,790.3787252598162,0.03235443471279696,-4.641300567093088,8.029760693840707,0.0,0.0,0.0,0.0,9.274684607246405,283.01253828581116,92183.30807347521,1.1347209192382814,337.2450870819602
23.15,791.082600538065,-3.1320927492037494,-5.193090363615134,7.352486685096874,0.0,0.0,0.0,0.0,9.530857934562547,283.0079630965026,92175.47575192225,1.1346428507551285,337.24236111377155
23.2,790.1024577188354,-4.737822081627111,-3.5082243799652244,5.494208914968937,0.0,0.0,0.0,0.0,8.058593424330326,283.0143340248276,92186.38236793906,1.1347515618520403,337.246157004876
23.25,787.4797015255907,-7.075023211415012,-2.803487417009208,6.048262246940178,0.0,0.0,0.0,0.0,9.720955269270197,283.03138194008363,92215.57243245347,1.1350425001813413,337.25631418886945
23.3,784.1123782118572,-8.962385449038006,-0.9451279485166753,5.934638554808814,0.0,0.0,0.0,0.0,10.790623455223464,283.0532695416229,92253.06015737428,1.1354161158643152,337.26935441971597
23.35,781.6076591232752,-7.177272345352556,0.8449139202352649,5.5782051760331735,0.0,0.0,0.0,0.0,9.129265624237975,283.0695502156987,92280.95268754668,1.1356940837630092,337.2790538192119
23.4,780.6416073309726,-9.589866821801458,0.34529178991102333,4.008962742709023,0.0,0.0,0.0,0.0,10.39983434255072,283.07582955234864,92291.71245661326,1.135801307854913,337.2827947319613
23.45,778.7126943369972,-9.238404089117642,7.09420766895256,2.734589725102229,0.0,0.0,0.0,0.0,11.964692788729913,283.0883674868095,92313.19949756836,1.1360154250784893,337.29026407817366
23.5,777.9089934499954,-8.708481720610198,9.122298079539545,-0.3774279086510276,0.0,0.0,0.0,0.0,12.617306683932254,283.093591542575,92322.15348346348,1.1361046482739534,337.29337620714495
23.55,777.2261003235607,-7.293018955328725,9.000669856976454,1.2094890333741108,0.0,0.0,0.0,0.0,11.64744809299105,283.09803034789684,92329.76210959101,1.136180464157332,337.2960205159695
23.6,777.4971989135186,-9.210490227959204,9.102044860675727,4.048736468718198,0.0,0.0,0.0,0.0,13.567336432705357,283.0962682070621,92326.74153545444,1.1361503658964864,337.294970766497
23.65,779.7750213873209,-9.500785194638556,-2.8959633522761883,7.0045676408999356,0.0,0.0,0.0,0.0,12.153826183072244,283.0814623609824,92301.36525132204,1.135897498615476,337.28615044055397
23.7,782.0971193295927,-3.384639061937245,-1.2418673434057015,11.790808165304126,0.0,0.0,0.0,0.0,12.329686665492007,283.06636872435763,92275.50152614641,1.1356397605154518,337.27715843095217
23.75,783.7829001138535,2.756569689304807,3.4814330461229908,16.186399136381034,0.0,0.0,0.0,0.0,16.784474061133636,283.05541114925995,92256.72883264552,1.1354526776039815,337.2706303231177
23.8,783.4455872825641,0.5387407110118674,-2.9070872237608834,11.517565200586189,0.0,0.0,0.0,0.0,11.890992634343414,283.0576036826633,92260.48486854773,1.1354901096864933,337.271936561511
23.85,781.0278352071601,8.827588475131675,4.877820176518242,8.031144095716815,0.0,0.0,0.0,0.0,12.892584048471162,283.07331907115343,92287.41057494616,1.135758438692779,337.28129911859094
23.9,779.1235048637578,8.98015604821385,12.38816537909598,8.096716908133441,0.0,0.0,0.0,0.0,17.310882958432767,283.0856972183856,92308.6229524292,1.1359698208437017,337.28867330693544
23.95,776.9161876792773,5.204537483469951,4.800006030143187,5.1773047217737265,0.0,0.0,0.0,0.0,8.771074762442469,283.10004478008466,92333.2152470356,1.1362148724299324,337.29722055743747
24.0,776.9358040435792,8.317040472702134,5.554388640354071,1.1062884510342679,0.0,0.0,0.0,0.0,10.062219910613734,283.0999172737167,92332.9966726595,1.1362126944854476,337.29714459922207
24.05,775.7132580421746,3.84510631414022,8.94874008577969,4.370429081662922,0.0,0.0,0.0,0.0,10.675459804979187,283.10786382272585,92346.61963209308,1.1363484361042013,337.3018784923067
24.1,774.6160331441635,7.491582161473324,8.359788031117997,3.574195288817336,0.0,0.0,0.0,0.0,11.780693153203384,283.1149957845629,92358.84751100403,1.1364702736450192,337.30612706552233
24.15,772.4960650579437,5.707804771936267,10.394565742278136,-3.721995309627567,0.0,0.0,0.0,0.0,12.4289694411874,283.12877557712335,92382.47693092354,1.1367057064712702,337.3143356591572
24.2,769.4817358554981,-2.2255095099234,12.235980643563117,-3.2358013492406754,0.0,0.0,0.0,0.0,12.85077916937952,283.1483687169392,92416.08343606936,1.1370405267173485,337.32600690767435
24.25,769.4341916224158,-9.453338027851338,11.204195464208436,2.564662355578113,0.0,0.0,0.0,0.0,14.882106331669874,283.1486777544543,92416.61358205216,1.1370458083546273,337.32619099201673
24.3,771.1052741734799,-11.45820037981102,6.293454683860437,0.44673126461156576,0.0,0.0,0.0,0.0,13.080424176015384,283.13781571787234,92397.9815128227,1.1368601808700272,337.3197207436016
24.35,771.0425215095768,-10.02477635590044,3.3636355093586,3.1160406833322467,0.0,0.0,0.0,0.0,11.023606232346124,283.1382236101877,92398.68113123253,1.1368671511534445,337.3199637172786
24.4,768.723857105458,-6.205710160115982,3.858858178753498,7.691902342802988,0.0,0.0,0.0,0.0,10.609759030549071,283.1532949288145,92424.53452026656,1.1371247208805864,337.32894129179414
24.45,766.6029687360407,1.1963812134642455,1.5120504406840674,9.385209693296465,0.0,0.0,0.0,0.0,9.581220461415601,283.16708070321573,92448.18781163906,1.1373603596727848,337.3371528933647
24.5,766.265152038329,5.153246788191573,5.408750950295243,9.586694522630953,0.0,0.0,0.0,0.0,12.153816321327584,283.16927651175087,92451.95577821712,1.1373978958458608,337.33846082499593
24.55,767.3585797804228,-0.03463845139761279,3.1654792827219946,5.564695224737531,0.0,0.0,0.0,0.0,6.402131821188475,283.16216923142724,92439.760267592,1.1372764041186851,337.33422736068997
24.6,769.7909925998048,5.326834869687703,3.4266089711090117,10.019918005536406,0.0,0.0,0.0,0.0,11.853926590268655,283.14635854810126,92412.6351027512,1.1370061721791973,337.32480950817336
24.65,768.1028263707055,10.095849259780652,3.547563051932102,7.765460963061551,0.0,0.0,0.0,0.0,13.221715465569519,283.1573316285904,92431.46008265123,1.13719371589801,337.331345803472
24.7,764.6343600250503,10.941424289694332,0.5879291092679494,3.774989258093877,0.0,0.0,0.0,0.0,11.589260978309268,283.17987665983713,92470.1471842341,1.137579113041537,337.34477472355894
24.75,762.7516942170653,18.257710807386577,4.5960527341615975,12.115092162766745,0.0,0.0,0.0,0.0,22.38846048243798,283.19211398758904,92491.15183461073,1.137788346475723,337.352063648931
24.8,764.2749125754689,-11.952873322384274,5.206959807419998,0.7984082921202728,0.0,0.0,0.0,0.0,13.062199925662576,283.18221306825944,92474.15719294839,1.1376190586034638,337.34616637178704
24.85,764.3678157210435,3.5969148199618006,11.068963809225204,-5.527373092626221,0.0,0.0,0.0,0.0,12.884549248502509,283.1816091978132,92473.12074861149,1.137608734130939,337.34580668555105
24.9,761.7559576340577,5.53896322127564,10.49010725313692,-2.0480266262488818,0.0,0.0,0.0,0.0,12.038142581427767,283.1985862753786,92502.2626963065,1.137899021346025,337.3559186771241
24.95,758.436435354792,-3.9775105260821713,10.452545945536617,-2.628388019115083,0.0,0.0,0.0,0.0,11.488460745795154,283.2201631701938,92539.31117670664,1.13826804157326,337.3687700028054
25.0,755.6696603496242,-4.849775947629566,11.579526180225864,-2.0863070544878184,0.0,0.0,0.0,0.0,12.726288949507161,283.2381472077274,92570.19974257903,1.1385756846781412,337.3794810274766
25.05,754.7923044655722,-8.26484738540927,7.822792291147012,-3.182704488437518,0.0,0.0,0.0,0.0,11.816657285174005,283.24385002097375,92579.99637878254,1.1386732528712626,337.38287746702366
25.1,756.2579438130747,-4.234607077883981,11.401765594752614,6.646034609463921,0.0,0.0,0.0,0.0,13.860084119944647,283.234323365215,92563.63138565344,1.1385102669693021,337.3772036323423
25.15,758.0077887372245,-5.089995472581056,11.015783495525579,3.424434598158641,0.0,0.0,0.0,0.0,12.608818035337624,283.222949373208,92544.09608601608,1.138315699462576,337.3704294460484
25.2,757.0229254850636,-8.793916546591472,7.928239251101105,-0.004373445044782542,0.0,0.0,0.0,0.0,11.840184330412136,283.22935098434704,92555.09070599558,1.1384252045439038,337.3742421704413
25.25,754.3567921708764,-10.105358764721933,4.5278424720545525,6.554096417051052,0.0,0.0,0.0,0.0,12.867626551135409,283.2466808508893,92584.85966076034,1.1387216873009467,337.38456341917436
25.3,754.7445904503815,-6.4545153893361915,0.359952475832207,7.783561140615701,0.0,0.0,0.0,0.0,10.11801159940718,283.2441601620725,92580.52918191723,1.1386785591913382,337.3830621775967
25.35,756.2266020651966,-2.831411575753192,1.5101458839386364,12.168786007735841,0.0,0.0,0.0,0.0,12.584783867995254,283.2345270865762,92563.98131591741,1.1385137521304582,337.37732496461933
25.4,757.5807209850918,-6.000828508607727,-2.63223185515478,9.047223222246625,0.0,0.0,0.0,0.0,11.17098184414286,283.22572531359685,92548.86356995092,1.138363183328196,337.3720827688254
25.45,756.2764897177628,4.835276015321202,3.1183149471666884,8.861295370090735,0.0,0.0,0.0,0.0,10.565336619817428,283.2342028168345,92563.42432133979,1.1385082046929282,337.37713183617126
25.5,752.8063047003326,4.603509818238353,5.35135509151902,3.5680888063512466,0.0,0.0,0.0,0.0,7.909523480725784,283.2567590194478,92602.17533517617,1.138894133749143,337.3905655870441
25.55,750.6941454578545,7.3305859627856265,5.237000444492778,4.844539923814702,0.0,0.0,0.0,0.0,10.229038629648526,283.2704880545239,92625.7679176774,1.1391290819231639,337.39874189817533
25.6,751.7102103940497,5.840801990923105,9.418762593038554,-0.4865288820709577,0.0,0.0,0.0,0.0,11.093456045537968,283.26388363243865,92614.41797853963,1.1390160542823087,337.3948086668912
25.65,752.1590663243563,6.80144816310409,12.020069126859884,-0.7134970504988427,0.0,0.0,0.0,0.0,13.82934694665488,283.26096606889166,92609.40439830223,1.138966126025942,337.3930711115827
25.7,750.2896852981678,5.004731889170738,10.760788518290715,-1.0964042661220035,0.0,0.0,0.0,0.0,11.91822189475554,283.2731170455619,92630.28624761826,1.139174076688727,337.4003075681763
25.75,747.8233309132895,0.7987732751452364,10.794352144502758,-2.227529720189969,0.0,0.0,0.0,0.0,11.050699779604328,283.2891483490636,92657.84239824249,1.1394484793365132,337.4098546975743
25.8,746.4542649329403,-3.1063712107599075,10.530112422946893,-2.214311846784992,0.0,0.0,0.0,0.0,11.199820833109378,283.2980472779359,92673.14160022492,1.1396008212536266,337.41515416410107
25.85,747.3305691571761,-0.9003414057325996,9.922868820422957,-4.111519902645673,0.0,0.0,0.0,0.0,10.778614761835128,283.29235130047834,92663.34873554984,1.1395033092822808,337.41176212029603
25.9,748.933325191642,-7.109979370478606,8.279149693232771,1.0539871587789316,0.0,0.0,0.0,0.0,10.963895987396931,283.2819333862543,92645.43980297138,1.1393249768897389,337.40555800095234
25.95,748.1295968585172,-6.9092469960603715,2.9306432526886983,5.205332496025137,0.0,0.0,0.0,0.0,9.133556280073734,283.28715762041963,92654.42018093607,1.139414401927357,337.4086691727378
26.0,746.3288158488498,-5.7504110076254165,0.4245681720790997,9.65946843359011,0.0,0.0,0.0,0.0,11.249569561049254,283.29886269698244,92674.54358592513,1.1396147812972794,337.4156397561268
26.05,744.0615855594406,-5.2980042809660395,5.3694357499445555,9.392101568561255,0.0,0.0,0.0,0.0,12.0462135755634,283.31359969386364,92699.88451063131,1.1398671024905318,337.42441569775735
26.1,742.9528204411662,-5.171531619917722,0.6909308580561956,5.724701164282224,0.0,0.0,0.0,0.0,7.745600568500634,283.3208066671324,92712.27926597938,1.139990513075616,337.42870739657064
26.15,743.0554638736378,-2.2829420776473768,-0.2992500353611319,10.166709243268636,0.0,0.0,0.0,0.0,10.424171523469886,283.3201394848213,92711.13177071155,1.1399790879668479,337.4283100967747
26.2,744.4543008874998,4.781752652138848,-0.5185225115370773,7.192563623911713,0.0,0.0,0.0,0.0,8.652571612256418,283.3110470442312,92695.49471379504,1.1398233939451052,337.4228956008546
26.25,742.9168430369813,5.482573612248816,-1.0425433339693266,9.258368282471977,0.0,0.0,0.0,0.0,10.81031420777463,283.3210405202596,92712.68147564297,1.1399945176950474,337.4288466534489
26.3,741.1386651952703,10.041873304753608,0.7944576335743279,6.261211770288256,0.0,0.0,0.0,0.0,11.860571454726111,283.3325986762307,92732.56238906377,1.1401924588252066,337.4357293322935
26.35,739.3040377772186,8.393279467655756,2.2726898355377596,4.963641399111932,0.0,0.0,0.0,0.0,10.012491960032037,283.34452375444806,92753.0780548884,1.140396711301379,337.44283035975155
26.4,739.4681346723582,11.069218886358383,5.0978121182995,3.765731375550252,0.0,0.0,0.0,0.0,12.755235314975492,283.34345712462965,92751.24289665403,1.1403784409496096,337.44219521967744
26.45,741.2385264802629,7.86231634059999,5.637347177513956,4.351256776729926,0.0,0.0,0.0,0.0,10.607975159121004,283.3319495778783,92731.44579870712,1.1401813418861797,337.4353428093476
26.5,741.2514279937354,5.416398637399817,7.40266179496307,1.54844514091229,0.0,0.0,0.0,0.0,9.30238991895348,283.3318657180407,92731.30154233961,1.1401799056465536,337.4352928727359
26.55,738.6468124924185,6.784116489884769,8.096350235783063,-1.687290967208373,0.0,0.0,0.0,0.0,10.696825440139419,283.34879571879924,92760.42835088733,1.1404698882219684,337.44537415041543
26.6,736.2087308346065,-0.6833517103258892,9.461554673805933,-1.0914561525639748,0.0,0.0,0.0,0.0,9.548783322413069,283.364643249575,92787.69956253553,1.140741381021596,337.45481057870063
26.65,734.8590206006744,-5.00179385275451,9.645639199464052,-1.2938120306341723,0.0,0.0,0.0,0.0,10.942131733912914,283.37341636609557,92802.79956524266,1.1408916993854938,337.4600344263641
26.7,735.0583139568705,-5.814315856851288,9.105044351765903,-1.1790554356554632,0.0,0.0,0.0,0.0,10.867302942828326,283.3721209592803,92800.56982797732,1.1408695029632845,337.45926309690475
26.75,735.4860800701988,-8.828742975835421,6.4212542235244925,0.40962494745326283,0.0,0.0,0.0,0.0,10.924605298777184,283.36934047954367,92795.78403446822,1.1408218613604142,337.45760749835557
26.8,734.4446083689587,-11.554801370037156,0.9558884731924111,1.7085303926916593,0.0,0.0,0.0,0.0,11.71948094315383,283.37611004560176,92807.43623800647,1.1409378558647896,337.46163832949367
26.85,731.0967833292941,-9.03255599572387,-1.0896808081286404,4.073860220561145,0.0,0.0,0.0,0.0,9.968490817378608,283.39787090835955,92844.90043142781,1.141310782906023,337.47459516523975
26.9,731.3541609175354,-6.3221363263961345,-2.06632207433892,6.8131013981814945,0.0,0.0,0.0,0.0,9.521420340807381,283.396197954036,92842.01978558715,1.1412821093230554,337.4735990737475
26.95,732.8707539601718,-2.63506750889746,2.797167474672306,9.695639467647137,0.0,0.0,0.0,0.0,10.429436770238773,283.38634009925886,92825.04709877484,1.1411131619164023,337.46772956193774
27.0,734.1556354703278,-2.2348837076271626,2.6735279771966267,6.8348462913262376,0.0,0.0,0.0,0.0,7.671869449979349,283.37798836944285,92810.66953728726,1.1409700419850992,337.46275673921116
27.05,734.0172602080578,-1.5162797009758773,0.9364646776426508,8.859601199649122,0.0,0.0,0.0,0.0,9.037068310070916,283.3788878086476,92812.21784154252,1.1409854546204492,337.46329229067453
27.1,731.1539496932354,3.122580392537534,2.698217204782827,9.014277162191025,0.0,0.0,0.0,0.0,9.914034352817454,283.39749932699397,92844.26060237824,1.1413044141435198,337.4743739227307
27.15,728.6715035824437,6.683526984253431,2.0693904962109237,6.118369920058855,0.0,0.0,0.0,0.0,9.294426311168047,283.4136352267141,92872.0484316301,1.1415810023398363,337.4839812325314
27.2,727.0039597803332,9.054969349521844,4.5078643664904705,3.25183941081036,0.0,0.0,0.0,0.0,10.624865675440516,283.4244742614278,92890.71824614522,1.1417668248644557,337.4904346369538
27.25,726.4001080403533,11.931935422558132,5.639711500986441,2.4042225881420713,0.0,0.0,0.0,0.0,13.414831903374294,283.42839929773766,92897.47971755534,1.1418341207105025,337.49277151634203
27.3,726.9842361104456,5.077238533483187,7.794544511434241,3.3257899735044307,0.0,0.0,0.0,0.0,9.878975362580816,283.4246024652821,92890.93909046776,1.1417690229074817,337.49051096693506
27.35,727.4113004953749,5.603190479932556,9.99675702318102,0.07506275229496062,0.0,0.0,0.0,0.0,11.460215048231337,283.42182654678004,92886.15738045094,1.1417214307696049,337.48885823735645
27.4,727.4255749198936,5.471637432892175,13.497850835895333,-1.5778890296715526,0.0,0.0,0.0,0.0,14.649932667936227,283.42173376302065,92885.99755750387,1.1417198400511797,337.4888029955144
27.45,726.3836724491902,-2.194990308860783,11.685501268090952,-3.7113894956677527,0.0,0.0,0.0,0.0,12.455654713065105,283.42850612908023,92897.66375634575,1.141835952406189,337.49283512112294
27.5,724.6654772869542,-1.7032772487014405,6.436085815249856,1.609446232778012,0.0,0.0,0.0,0.0,6.849428529695575,283.4396743976348,92916.90500698131,1.1420274523322986,337.49948437023943
27.55,722.973151750184,-11.316735392414321,7.839084377357889,2.4036257706408746,0.0,0.0,0.0,0.0,13.974876051777647,283.45067451362377,92935.85971039797,1.1422160929995484,337.5060333783531
27.6,724.2486612410922,-7.02309560358092,4.680204101400575,-3.4426855261013154,0.0,0.0,0.0,0.0,9.114837679269549,283.4423837019329,92921.57321803241,1.142073911900025,337.5010973882837
27.65,723.4934570576389,-6.869728218342887,5.315792399566046,0.0904955983085367,0.0,0.0,0.0,0.0,8.686714228204696,283.4472925291253,92930.03175553257,1.1421580929086552,337.5040199000296
27.7,721.6934639442782,-7.197553017798347,4.16310176927577,3.577063451293089,0.0,0.0,0.0,0.0,9.051605864151508,283.45899248436217,92950.19478976901,1.142358753463852,337.51098546520024
27.75,720.5288522687335,-9.471791597329998,1.951986198534759,5.243836128738651,0.0,0.0,0.0,0.0,11.001041020175595,283.4665624602532,92963.24234096578,1.1424885970105272,337.51549217169566
27.8,719.499978904066,0.4866217265912641,-3.2777444916141083,10.323044219150024,0.0,0.0,0.0,0.0,10.841847241481686,283.47325013712356,92974.77040227376,1.1426033163705591,337.51947356057224
27.85,721.1043107312574,12.2464591182435,-7.2733662287401195,17.91115207699318,0.0,0.0,0.0,0.0,22.884208222207814,283.4628219802468,92956.79509356162,1.1424244372458268,337.51326532330813
27.9,721.1512864380609,4.172718581662449,0.8885227728585982,12.936472662889587,0.0,0.0,0.0,0.0,13.621797900326117,283.4625166381526,92956.26880917275,1.1424191998908115,337.51308354103014
27.95,719.2866752667496,10.436808692918182,1.489301924773839,7.072776579245876,0.0,0.0,0.0,0.0,12.69524180374823,283.4746366107661,92977.16051804257,1.1426271008247897,337.5202989669933
28.0,718.2351510149987,8.777058669048376,3.2429428052574667,5.247579854306626,0.0,0.0,0.0,0.0,10.728025505441957,283.4814715184025,92988.9438136286,1.1427443567310307,337.5243679485978
28.05,718.1706212561216,9.435703609766886,11.183661851707164,1.647906790462894,0.0,0.0,0.0,0.0,14.72489021401354,283.4818909618352,92989.66696825768,1.1427515527710375,337.5246176515614
28.1,716.2782814423826,3.6970394435140626,7.730122066425901,0.6407441463725044,0.0,0.0,0.0,0.0,8.592638760581876,283.4941911706245,93010.87555460563,1.1429625925760445,337.5319401267662
28.15,713.8152553292084,6.656515817954916,9.67559109984635,1.4924040398703031,0.0,0.0,0.0,0.0,11.838645859401788,283.51020084036014,93038.48603091591,1.143237321806372,337.54147065466714
28.2,712.772624648067,-1.7364008099456132,11.839147107302617,-3.2067755572647587,0.0,0.0,0.0,0.0,12.388054789828885,283.5169779397875,93050.17590037781,1.143353633446402,337.54550496882996
28.25,712.1741869752111,-5.446524448541904,8.473356693412764,-3.450538983105817,0.0,0.0,0.0,0.0,10.647470192318009,283.5208677846611,93056.88606008353,1.1434203968094063,337.54782051825157
28.3,712.0827927431334,-5.537993423125138,10.955485763498013,-4.347423458405399,0.0,0.0,0.0,0.0,13.022754324469092,283.52146184716963,93057.91087947672,1.1434305932653968,337.5481741507752
28.35,713.1728889993632,-7.668980204871529,7.423103288176042,-4.777537094034668,0.0,0.0,0.0,0.0,11.693612807619319,283.5143762215041,93045.68803642083,1.1433089805120715,337.54395620738916
28.4,715.5369876985205,-7.507738043111158,8.117229932521518,-4.808960400217671,0.0,0.0,0.0,0.0,12.057431419347305,283.4990095799596,93019.18474546877,1.1430452721591082,337.5348085455756
28.45,716.1529937316483,-8.316733496462096,5.78277621774018,-2.5119573540956814,0.0,0.0,0.0,0.0,10.436401994194716,283.4950055407443,93012.27986729784,1.1429765661156768,337.53242492634524
28.5,715.402577217361,-6.304183003877166,6.935121798008526,1.3055922073231563,0.0,0.0,0.0,0.0,9.462727340011954,283.49988324808714,93020.69142223426,1.143060264010695,337.5353286411791
28.55,711.0487377201846,-6.110866865212089,2.845722186077017,2.5397196518114167,0.0,0.0,0.0,0.0,7.203541109376352,283.5281832048188,93069.50655464527,1.143545963121758,337.552175203361
28.6,707.514474691437,-4.269268175545984,1.4798873491904723,-0.8586626488647842,0.0,0.0,0.0,0.0,4.599349830745562,283.5511559145056,93109.14786925004,1.143940349237241,337.5658499128168
28.65,703.4048110224654,-4.323832021145587,11.951620839524244,0.12333186726377643,0.0,0.0,0.0,0.0,12.710309783334036,283.57786872835396,93155.26023451933,1.1443990747745465,337.58175025593965
28.7,701.0917493622424,-7.424096107968975,7.6491569073290915,-1.8420679350430829,0.0,0.0,0.0,0.0,10.81757915111391,283.5929036291454,93181.22200951124,1.1446573233489394,337.59069919274236
28.75,701.0496954392056,-12.24525599830515,4.305845145811766,4.716816046286617,0.0,0.0,0.0,0.0,13.810682477641935,283.59317697964514,93181.69407643643,1.1446620189955288,337.59086189174315
28.8,701.3047742747194,-13.33092978703386,4.332433150136433,2.6103448488619296,0.0,0.0,0.0,0.0,14.258245551862535,283.5915189672143,93178.83077566072,1.1446335376920789,337.5898750367884
28.85,700.9458311500656,-12.843289937032983,2.521238702344439,-0.392838369543069,0.0,0.0,0.0,0.0,13.09431414719677,283.5938520975246,93182.85999012564,1.1446736163119073,337.59126372350363
28.9,701.372370016373,-14.95410235250522,-0.9839676445506992,3.7015363756738826,0.0,0.0,0.0,0.0,15.436798276688135,283.59107959489353,93178.07201457761,1.1446259902542577,337.5896135203212
28.95,702.3849481856581,-10.298374898266466,0.1799827759436497,4.548922496362492,0.0,0.0,0.0,0.0,11.259734242991438,283.5844978367932,93166.70644016053,1.1445129348669911,337.5856960027662
29.0,703.4083455046996,-12.312470768890684,2.8733049659857293,2.069966556902279,0.0,0.0,0.0,0.0,12.811618922253334,283.5778457542194,93155.22056801748,1.1443986801909891,337.5817365813029
29.05,702.5901609410156,-8.214817748475667,5.955720185406595,4.460485013618665,0.0,0.0,0.0,0.0,11.083761100107088,283.5831639538834,93164.40318853938,1.1444900236942983,337.58490205894446
29.1,700.6651515419998,-3.709475955719481,7.997953391769318,0.7383086022441481,0.0,0.0,0.0,0.0,8.84717864152878,283.59567651497696,93186.01077792545,1.1447049569868333,337.59234961869885
29.15,697.8224624304877,-1.3012387847139097,6.4753987715071775,2.2246659534497395,0.0,0.0,0.0,0.0,6.969444040188488,283.6141539942018,93217.92643708427,1.1450224085447747,337.60334723703477
29.2,695.3092839906337,-7.649525315003345,7.042706006147792,-1.49720138029433,0.0,0.0,0.0,0.0,10.505072936779756,283.63048965406085,93246.14995966901,1.1453031187535458,337.6130697666745
29.25,694.2586224172387,-6.797846406632282,8.671180679433247,0.2545397486321513,0.0,0.0,0.0,0.0,11.021110680288697,283.63731895428793,93257.95116100808,1.1454204883131376,337.6171342929143
29.3,694.3581306116496,-9.592866512644717,3.3183607033519773,5.4666670167804945,0.0,0.0,0.0,0.0,11.529052604586674,283.63667215102424,93256.83341697208,1.1454093718435754,337.61674934358945
29.35,693.5557016517588,-10.949069504798432,2.8486611709120093,3.478075646160253,0.0,0.0,0.0,0.0,11.83613128044725,283.64188793926354,93265.84715634104,1.1454990168330006,337.61985354263726
29.4,693.2041872802755,-7.702831745492629,2.3427097588204213,2.0534808205796375,0.0,0.0,0.0,0.0,8.308952364403703,283.6441727826782,93269.79596351006,1.1455382886692491,337.62121336813965
29.45,692.1415825808731,-14.09339556596922,0.8393280781766398,-1.1391258293284467,0.0,0.0,0.0,0.0,14.164246462722248,283.6510797132243,93281.73376963749,1.1456570110963207,337.6253239974061
29.5,690.7180014707687,-11.811120528163348,3.05101157911543,7.409036980159234,0.0,0.0,0.0,0.0,14.272528464153265,283.66033299044,93297.7288953419,1.1458160793565046,337.63083096611325
29.55,690.4114886134753,-11.396582210773111,1.786026885115351,4.400385510319349,0.0,0.0,0.0,0.0,12.346471996513557,283.6623253240124,93301.17311448017,1.1458503307338528,337.63201666601594
29.6,690.5901805886648,-7.182527550833259,3.42199434869442,1.9395786956352894,0.0,0.0,0.0,0.0,8.189060560133724,283.66116382617366,93299.16517862321,1.145830362646676,337.6313254229003
29.65,688.257969977914,-3.824851007478854,1.3749334845308339,6.289144725694875,0.0,0.0,0.0,0.0,7.488208644063798,283.67632319514354,93325.37464372581,1.1460909984479473,337.64034711869425
29.7,686.0630786710296,-3.0280142675596142,2.1268914143276514,6.975535970300051,0.0,0.0,0.0,0.0,7.896242116718252,283.6905899886383,93350.04635500797,1.146336329579609,337.6488374017214
29.75,685.1392049071619,-3.76107926131064,6.238456230691312,1.6699397510599239,0.0,0.0,0.0,0.0,7.473469885152567,283.69659516810344,93360.43275225072,1.1464396063860438,337.6524110682548
29.8,684.2573673324347,-5.497438531602439,4.4157072869436504,5.380660721226914,0.0,0.0,0.0,0.0,8.869713132321055,283.70232711233916,93370.34744200869,1.1465381907449559,337.65582209794
29.85,684.8641634439916,-5.6403093100975905,0.06030875086371945,7.662244445010561,0.0,0.0,0.0,0.0,9.514552863592671,283.69838293761404,93363.52501116693,1.1464703537406693,337.65347495789075
29.9,685.9061750408047,-14.52687941505604,0.5707580220925547,5.7891169496680055,0.0,0.0,0.0,0.0,15.648318290356166,283.69160986223477,93351.81023504895,1.1463538688180905,337.64944432848733
29.95,685.830654800495,-16.829471696382214,2.0899050145264573,5.231471776315518,0.0,0.0,0.0,0.0,17.74731296550153,283.69210074379674,93352.65922849746,1.1463623108087977,337.64973645171057
30.0,685.7338279704813,-10.50618603220362,3.8362926321486177,0.7932210864460435,0.0,0.0,0.0,0.0,11.212773331996454,283.69273011819183,93353.74775833753,1.1463731346151138,337.65011099153776
30.05,685.2367648378854,-10.291285885538935,3.171813233375551,-3.406129713366388,0.0,0.0,0.0,0.0,11.294807833229681,283.6959610285537,93359.33591731614,1.1464287001464413,337.65203369525983
30.1,685.561361747326,-6.7241660747777106,6.777377770515028,-3.149241858922627,0.0,0.0,0.0,0.0,10.05310813288374,283.69385114864235,93355.68665373659,1.1463924139795838,337.65077811417063
30.15,685.5259181753453,-8.41349984622225,10.592718595229911,-2.780413595959303,0.0,0.0,0.0,0.0,13.810263091799037,283.6940815318602,93356.08512060155,1.1463963761168012,337.6509152145284
30.2,684.0345797275177,-3.1527579341875915,5.842681463897388,-0.6129288799596873,0.0,0.0,0.0,0.0,6.6672701379231345,283.7037752317711,93372.8524259319,1.1465630981414785,337.6566838556463
30.25,681.321540968516,-6.938253769524162,10.842277811545435,5.62912185347763,0.0,0.0,0.0,0.0,14.049247892835622,283.72140998370463,93403.36171438504,1.146866445951873,337.6671778988171
30.3,678.938016802512,-5.237934557687028,-6.400934594564203,1.292690869375531,0.0,0.0,0.0,0.0,8.371318402633342,283.73690289078365,93430.17213001975,1.147133001040609,337.6763971093023
30.35,679.2061333100888,-5.306457664880855,-6.291706236946603,5.7744326296452515,0.0,0.0,0.0,0.0,10.054259421534603,283.7351601334844,93427.15598425188,1.1471030145781163,337.6753600765732
30.4,678.4533967776953,-12.3588056659775,2.9487687192439025,10.498108686791415,0.0,0.0,0.0,0.0,16.481674685804055,283.74005292094495,93435.62400721814,1.147187203030219,337.6782715357033
30.45,676.7879348790074,-8.585877495288683,-8.595650744596863,7.576323523078328,0.0,0.0,0.0,0.0,14.31793219056241,283.75087842328645,93454.36208039024,1.1473734903947361,337.6847131748284
30.5,677.1553495896079,-5.098174231907398,-4.33419439106615,13.257820996828052,0.0,0.0,0.0,0.0,14.850806008509053,283.7484902276675,93450.22804443561,1.1473323918673544,337.6832921063652
30.55,679.0124997278452,-5.325792849003885,3.971475560282962,12.797220432029404,0.0,0.0,0.0,0.0,14.418929862593014,283.736418751769,93429.33423502174,1.1471246707233307,337.67610902131264
30.6,681.5242824413292,-7.538324070542123,4.432913598673081,11.215607012142225,0.0,0.0,0.0,0.0,14.222056581824914,283.72009216413136,93401.08152023649,1.1468437750851226,337.6663937053841
30.65,680.0376166281011,-3.781752949032871,5.364445018021583,8.631793268520395,0.0,0.0,0.0,0.0,10.843743852995118,283.72975549191733,93417.80280982744,1.1470100243288988,337.67214400885484
30.7,676.213669090883,1.033191571461336,1.8129910502336597,7.501547886857528,0.0,0.0,0.0,0.0,7.786375412885173,283.7546111509092,93460.8238368898,1.14743772926808,337.6869342796903
30.75,672.4057578090894,5.192454539643816,3.183364555709745,9.174641464833746,0.0,0.0,0.0,0.0,11.012240464549595,283.7793625742409,93503.68038979614,1.1478637618019067,337.7016618817713
30.8,671.9816702226365,9.348583359526328,7.442549590673826,3.556248556272438,0.0,0.0,0.0,0.0,12.467335683041565,283.78211914355285,93508.45431442892,1.1479112165900172,337.7033020570269
30.85,672.325711367206,9.775416202681475,9.47717386066198,4.538238665964499,0.0,0.0,0.0,0.0,14.351696642213332,283.77988287611316,93504.58145194672,1.1478727187681768,337.7019714651124
30.9,673.29370999934,12.990766782058767,8.476358070611047,3.939714954206862,0.0,0.0,0.0,0.0,16.00406266069512,283.7735908850043,93493.6854126017,1.1477644060959578,337.6982276662948
30.95,674.7265594363408,9.019977665469264,10.80452117343268,1.8792570708317349,0.0,0.0,0.0,0.0,14.199622601005652,283.7642773636638,93477.55878140185,1.1476040940327537,337.6926859500152
31.0,675.6083424148574,7.788297799213759,11.514687345303795,-2.6913180605910356,0.0,0.0,0.0,0.0,14.159406773329197,283.7585457743034,93467.63548853254,1.1475054456723375,337.6892755038562
31.05,675.5554284084079,0.1289441984017181,7.4773977556401015,6.643581592715564,0.0,0.0,0.0,0.0,10.003263476557146,283.75888971534533,93468.2309411339,1.1475113651772089,337.68948015877817
31.1,672.6271850134048,4.206156735953816,5.658358486716569,6.8437806407836215,0.0,0.0,0.0,0.0,9.825787943507216,283.7779232974128,93501.1878774937,1.1478389850141044,337.7008055002702
31.15,669.8878682413235,7.384872969716621,5.813870343404702,4.483477358361653,0.0,0.0,0.0,0.0,10.413405128569304,283.79572885643137,93532.02699129461,1.1481455320044835,337.71139980097513
31.2,668.9088645741821,12.102264096608378,5.757081914800485,3.168433185181557,0.0,0.0,0.0,0.0,13.771265638522072,283.8020923802678,93543.05057125687,1.1482551039394218,337.7151860145739
31.25,668.4927803750404,10.957728004196898,9.945255298537528,1.0808323977964776,0.0,0.0,0.0,0.0,14.8373887405829,283.8047969275622,93547.73599733917,1.148301675289359,337.7167951720486
31.3,667.7223138179062,13.068438462493258,4.142972721298142,0.43838869343441067,0.0,0.0,0.0,0.0,13.716431440572466,283.8098049601836,93556.41254135595,1.1483879156589711,337.71977484202637
31.35,668.4655904791224,8.289666077701947,6.257489446151916,0.60026309076889,0.0,0.0,0.0,0.0,10.403607721682148,283.8049736618857,93548.04218296231,1.1483047186423363,337.7169003255567
31.4,668.8776197464788,10.3040759760924,3.3618402340560305,5.158050544186817,0.0,0.0,0.0,0.0,12.003392724425389,283.8022954716479,93543.40240529714,1.1482586010511322,337.7153068505944
31.45,665.9833928893497,9.542319616424844,4.107598221005033,8.659297342034012,0.0,0.0,0.0,0.0,13.524483622858487,283.82110794621923,93575.9976474959,1.1485825759124015,337.72649977510963
31.5,663.3050499958463,7.577953899910958,2.0554409587267344,10.007793944806798,0.0,0.0,0.0,0.0,12.720305125495173,283.838517175027,93606.16976309613,1.1488824473837036,337.7368574750587
31.55,659.9223311959073,5.134750935157807,1.2500967736639204,7.81348247837863,0.0,0.0,0.0,0.0,9.432863698239192,283.8605048472266,93644.28808364656,1.1492612674756226,337.74993868682634
31.6,657.1578038654571,1.3218593948556356,1.2827603835936614,9.895640861015192,0.0,0.0,0.0,0.0,10.065609495290335,283.8784742748745,93675.4496182261,1.1495709291928378,337.7606289324495
31.65,657.5521812151111,3.693192528733941,0.2165632948375006,11.119274533100146,0.0,0.0,0.0,0.0,11.718568037837068,283.87591082210173,93671.00371436703,1.1495267500827184,337.7591039218307
31.7,658.9952038027382,2.6127135185716086,-6.524305190612653,8.860579635142534,0.0,0.0,0.0,0.0,11.309407660045006,283.8665311752822,93654.73765507256,1.1493651102532627,337.75352386527464
31.75,657.4709483184093,-7.466093551478245,-0.29251220957443697,5.877780496630686,0.0,0.0,0.0,0.0,9.506651349384137,283.87643883593034,93671.91945696455,1.1495358498832045,337.7594180404083
31.8,655.8790536947192,-8.697439315119036,2.500918735595672,0.5756684235571805,0.0,0.0,0.0,0.0,9.068155231143352,283.8867861509843,93689.86642946409,1.1497141868320728,337.7655736609284
31.85,656.8858492485772,-9.723612329723673,6.701725972970436,-4.025176277688571,0.0,0.0,0.0,0.0,12.476530440070572,283.8802419798842,93678.5155228403,1.149601394967309,337.76168054481263
31.9,657.0604939086681,1.8121284105224973,14.733222225724031,-6.627658451853845,0.0,0.0,0.0,0.0,16.25661413342954,283.8791067895936,93676.5466413626,1.149581830290718,337.7610052174969
31.95,653.9445070401238,12.0006181721266,7.415038736060649,-3.663403373859232,0.0,0.0,0.0,0.0,14.574572386525043,283.8993607042392,93711.68019842316,1.1499309389304646,337.7730541150561
32.0,652.2850307271116,18.14563221448846,6.945128204606133,1.3943438227284364,0.0,0.0,0.0,0.0,19.479295904572066,283.91014730027376,93730.39557651742,1.1501168962761859,337.7794708024172
32.05,654.4053111819953,13.853301011279093,3.6402776348500274,15.617053199436684,0.0,0.0,0.0,0.0,21.190986782165933,283.89636547731703,93706.48384049092,1.1498793062902624,337.77127230474974
32.1,653.724127394245,7.103494417656886,-0.819136791428364,14.134140917397414,0.0,0.0,0.0,0.0,15.83996709269315,283.9007931719374,93714.16543981567,1.1499556328748919,337.773906262764
32.15,653.4803997848924,4.099788963823306,8.458175284459054,14.274657459209287,0.0,0.0,0.0,0.0,17.091367536516227,283.90237740139816,93716.91404047393,1.149982943473977,337.77484868814594
32.2,655.3916452861372,7.250194373863039,2.225310126588206,14.185743370442864,0.0,0.0,0.0,0.0,16.085789958542758,283.88995430564006,93695.36201404962,1.1497687945079857,337.7674583745562
32.25,652.5930200576719,-3.913339350391027,3.839200412486072,11.069160054264318,0.0,0.0,0.0,0.0,12.352327270011628,283.9081453696251,93726.92188046951,1.1500823819158388,337.77827991108495
32.3,651.6705930391549,-3.0145494885107462,9.024057977384961,1.528340605726075,0.0,0.0,0.0,0.0,9.636231421307642,283.9141411452455,93737.32589999442,1.1501857546773764,337.78184661411245
32.35,649.5556138838193,2.8759033774476936,13.31543665138912,-2.2201013785126515,0.0,0.0,0.0,0.0,13.802192709292445,283.9278885097552,93761.18420027582,1.1504227988917268,337.7900243574628
32.4,649.6271624703128,9.939179185056386,9.927259422349392,-0.9524690013705248,0.0,0.0,0.0,0.0,14.07994885324001,283.9274234439429,93760.37700669405,1.1504147792050445,337.7897477121195
32.45,649.4194832884243,8.581308572803469,4.9190382496751885,7.5520631167587675,0.0,0.0,0.0,0.0,12.444655537335937,283.9287733586252,93762.72000775985,1.150438057518437,337.79055071098526
32.5,647.4490443296562,3.4703729500495966,0.33534753438161513,9.601776884265178,0.0,0.0,0.0,0.0,10.215187992223191,283.9415812118572,93784.95252254662,1.1506589377182486,337.79816938759313
32.55,647.7019318638125,-2.3943536097238303,-0.6074821372008754,6.115153398178158,0.0,0.0,0.0,0.0,6.595230461376278,283.9399374428852,93782.09894708071,1.1506305879820928,337.79719161084256
32.6,646.5954309623968,-8.532784595667332,7.17288278207767,6.857190553557543,0.0,0.0,0.0,0.0,13.087387923083918,283.9471296987444,93794.58518977111,1.1507546352454208,337.8014698192333
32.65,642.511046587633,-4.366189910763547,6.627698270096888,1.2345646463645792,0.0,0.0,0.0,0.0,8.03207000482142,283.9736781971804,93840.6868347803,1.151212614740839,337.81726133680746
32.7,641.1020184762581,-4.9062577860789105,6.271267204986425,0.02964530766352369,0.0,0.0,0.0,0.0,7.96247679205815,283.9828368799043,93856.59520463007,1.1513706405371251,337.82270891242223
32.75,641.5295947428159,-4.019091635700084,10.2760606233557,-3.1061864675688384,0.0,0.0,0.0,0.0,11.46293652963078,283.98005763417166,93851.76750353744,1.151322685105627,337.82105582903586
32.8,640.3202280352925,5.633028653422336,12.943861047283885,-3.02543259964425,0.0,0.0,0.0,0.0,14.437028539026317,283.9879185177706,93865.42280612681,1.15145832732048,337.82573142781246
32.85,639.4561422449182,6.3717044018469515,7.2868986105957285,-2.726252798575032,0.0,0.0,0.0,0.0,10.056339426817095,283.99353507540803,93875.18042928378,1.151555250417,337.8290720775141
32.9,640.3715228264059,10.772785362037274,2.6404350834119796,0.8069254026304595,0.0,0.0,0.0,0.0,11.120968055508824,283.9875851016283,93864.84358941857,1.1514525738635033,337.82553311552897
32.95,640.7131132768217,8.540968206300084,0.4034083525874328,4.08355517195246,0.0,0.0,0.0,0.0,9.475563257260534,283.98536476370066,93860.98645098646,1.1514142600864894,337.82421247978715
33.0,637.8034995355872,6.981060897312881,1.0471239347867425,8.253430437862692,0.0,0.0,0.0,0.0,10.860515355149246,284.00427725301864,93893.84505925316,1.151740642043729,337.83546128207234
33.05,636.0958416899946,3.6359831572047807,-1.9464158530740958,8.63150011933023,0.0,0.0,0.0,0.0,9.566174914905789,284.015377029015,93913.13417614292,1.1519322291930754,337.8420630511397
33.1,635.8321980799448,-4.261994239140537,1.894168494745802,10.839986258612914,0.0,0.0,0.0,0.0,11.800752995799527,284.01709071248035,93916.11248978558,1.151961810316598,337.84308228025697
33.15,632.896390993366,-9.316243143387581,3.2236440787169762,6.071765897869132,0.0,0.0,0.0,0.0,11.578022653782021,284.0361734585431,93949.28271079474,1.152291250597003,337.8544317125124
33.2,632.371018469343,-4.662109335398036,10.847555191124044,-0.7094284602857193,0.0,0.0,0.0,0.0,11.82827146374106,284.03958837994924,93955.21963367045,1.1523502126425125,337.8564626912592
33.25,630.4736294928642,4.833657845802647,11.563092661064395,-1.1789146922331744,0.0,0.0,0.0,0.0,12.588057829157522,284.0519214082964,93976.66342943606,1.1525631739759077,337.8637974929425
33.3,629.1452940259412,6.034652077787379,12.485632753578969,-0.5095432464274986,0.0,0.0,0.0,0.0,13.876875919210612,284.06055558883133,93991.67828900418,1.152712283141914,337.86893239018536
33.35,629.6926393377987,9.168654980666656,9.606871444613466,4.697749927841658,0.0,0.0,0.0,0.0,14.086343297405802,284.0569978443043,93985.49112790238,1.152650840396862,337.8668165471279
33.4,629.68466505073,5.9204495065753076,1.584743156180308,9.55948781566542,0.0,0.0,0.0,0.0,11.355480638388837,284.05704967717026,93985.58126643453,1.152651735539713,337.86684737299163
33.45,629.6414494068321,1.1212672963541728,0.4460273978763816,9.845082056670034,0.0,0.0,0.0,0.0,9.91876108655189,284.05733057885556,93986.06976206815,1.1526565866628418,337.86701442982667
33.5,630.549439033075,-2.0762493258279178,1.6112233966058525,11.582507702126284,0.0,0.0,0.0,0.0,11.876924550008123,284.051428646285,93975.8065737675,1.1525546645998324,337.8635044364552
33.55,632.5663877792438,-1.1646433288399254,0.9344694830931665,8.927317420078479,0.0,0.0,0.0,0.0,9.051332698397536,284.0383184794349,93953.01184564998,1.1523282862660151,337.85570743637066
33.6,630.4475892953229,-3.817554774116461,0.859265472229656,8.65629921700115,0.0,0.0,0.0,0.0,9.499661980270675,284.05209066958037,93976.95775652821,1.152566096915079,337.86389815632015
33.65,627.5327556336423,-8.283947865614845,4.978999692886543,4.502592573125173,0.0,0.0,0.0,0.0,10.662437341506445,284.07103708838133,94009.90825088386,1.1528933146686902,337.8751658152872
33.7,625.4463459675287,-8.815833536650427,5.32755535671643,1.976399199379292,0.0,0.0,0.0,0.0,10.48846608518688,284.08459875121105,94033.49963937994,1.1531275776021295,337.8832308655598
33.75,625.5190302059963,-7.061257129211257,5.968615132316983,0.8600771753179981,0.0,0.0,0.0,0.0,9.28576607448535,284.084126303661,94032.67770576589,1.1531194159738376,337.88294990669806
33.8,625.3482170156398,-2.9846291451818265,9.211137335441615,-2.9139909803076742,0.0,0.0,0.0,0.0,10.11159757802642,284.08523658939833,94034.60931812962,1.1531385964576977,337.88361017986875
33.85,622.3567111964619,5.400671546668672,10.76787545274211,-2.596362867092442,0.0,0.0,0.0,0.0,12.322966163159712,284.10468137722296,94068.443469852,1.153474549952048,337.8951735450872
33.9,622.0745811775275,9.852142829008026,7.699197288840468,-2.9673860253058035,0.0,0.0,0.0,0.0,12.8509819484288,284.10651522234605,94071.63488980295,1.1535062377136784,337.8962640699128
33.95,622.7872750723047,8.766030753488677,5.817787186770297,1.4143372997167365,0.0,0.0,0.0,0.0,10.61556842185231,284.10188271203,94063.5731534254,1.1534261919526032,337.89350926805844
34.0,623.7058377292368,10.828209862444135,2.0784417359664733,5.647959424454551,0.0,0.0,0.0,0.0,12.388280531826227,284.09591205475994,94053.18352900565,1.153323030440697,337.8899586809978
34.05,622.3742509558599,5.502066127820154,-2.473259368418311,5.71237739223782,0.0,0.0,0.0,0.0,8.307887761021123,284.1045673687869,94068.24506515327,1.1534725799755332,337.8951057480626
34.1,619.6288481503492,6.421998924919738,1.433347585380402,10.635604594974392,0.0,0.0,0.0,0.0,12.506503931667975,284.1224124870227,94099.30439438076,1.153780960977586,337.9057174807195
34.15,617.0129419634131,5.911119334237057,3.142922659163846,8.122824046809583,0.0,0.0,0.0,0.0,10.52613723644646,284.1394158772378,94128.90642583424,1.154074854778095,337.91582836349284
34.2,617.5404773185885,3.1546486160340756,0.40210463609570424,10.130145214299265,0.0,0.0,0.0,0.0,10.617595683195216,284.1359868974292,94122.93614070608,1.1540155822285763,337.91378938195146
34.25,618.3444591947562,-2.1972562673223175,1.0180587060269615,9.15505898735216,0.0,0.0,0.0,0.0,9.469925221199059,284.13076101523404,94113.83781227547,1.1539252533206197,337.91068188086643
34.3,617.1169098119832,-7.155070627767588,1.7084690863387804,9.20750577236734,0.0,0.0,0.0,0.0,11.785247763856965,284.13874008622207,94127.72976441652,1.1540631730270965,337.9154265174203
34.35,614.3423613206913,-9.456762591984443,-0.09986719668718735,7.863884939559558,0.0,0.0,0.0,0.0,12.299634893799169,284.1567746514155,94159.13494068477,1.154374950261583,337.92615025943815
34.4,613.9204834277748,-8.822200519837168,4.849661464005205,4.016536163825485,0.0,0.0,0.0,0.0,10.838957564405826,284.15951685771944,94163.91092900866,1.1544223625092729,337.92778080473306
34.45,613.3357564307507,-8.184492058968843,4.405181495576047,0.3511068286722425,0.0,0.0,0.0,0.0,9.301333790238363,284.1633175832001,94170.53082114783,1.15448807882411,337.93004074388034
34.5,613.2384647588007,-4.844536651550021,9.053481227424589,2.810985921999269,0.0,0.0,0.0,0.0,10.645971048111065,284.16394997906775,94171.63232964523,1.154499013521089,337.9304167696184
34.55,613.8598876650001,-4.849709279661556,8.5242085496928,3.652569494714438,0.0,0.0,0.0,0.0,10.465327295866562,284.1599107301775,94164.59693663575,1.1544291726147102,337.92801500487707
34.6,614.4406203185539,-7.1821213854226045,4.403785995579097,-0.7388139832437819,0.0,0.0,0.0,0.0,8.457070698039589,284.1561359679294,94158.02259999812,1.154363907754291,337.92577049025397
34.65,614.0111974658925,-6.977551236230893,6.7125131946428045,0.04387735516627156,0.0,0.0,0.0,0.0,9.682250764402738,284.1589272164717,94162.88395846088,1.1544121675937373,337.92743019838366
34.7,613.583732826567,-2.8764695175672483,12.47008481080126,-1.5233834872754906,0.0,0.0,0.0,0.0,12.887893129731234,284.1617057366273,94167.72335046525,1.1544602088961988,337.9290823299741
34.75,612.0402838452127,-6.9404118356881925,9.056372861806166,-3.4967718978527564,0.0,0.0,0.0,0.0,11.93375965765327,284.1717381550061,94185.19864686296,1.1546336846292344,337.9350476235815
34.8,609.8091488117692,-3.165107812944021,8.18023093898311,-4.795142301213379,0.0,0.0,0.0,0.0,9.996373110860844,284.1862405327235,94210.46472983896,1.1548844879894098,337.94367057674805
34.85,608.8413309969,-1.4734627866078436,11.019067773449319,-0.8836026990522414,0.0,0.0,0.0,0.0,11.152206100550684,284.1925313485201,94221.42631325718,1.1549932939876857,337.9474109577255
34.9,607.343920229387,-3.66914063905089,11.696180190714358,-0.8908223555203805,0.0,0.0,0.0,0.0,12.290516203638015,284.20226451850897,94238.38814462592,1.1551616544238419,337.95319800536464
34.95,605.8964935217593,-4.6811511007160425,8.928817101777328,-1.4289682266655208,0.0,0.0,0.0,0.0,10.182283666130399,284.2116727921085,94254.7861345493,1.1553244127785325,337.95879178527764
35.0,604.5872663383115,-4.477503425909515,9.450465810032004,-1.825335331893993,0.0,0.0,0.0,0.0,10.61561067623883,284.22018276880095,94269.62044322335,1.155471646163637,337.9638513943437
35.05,603.5107169893017,1.7295590937390333,10.275134319387124,0.6948923140645212,0.0,0.0,0.0,0.0,10.442826976845323,284.22718033956954,94281.81979246174,1.1555927237631447,337.9680117452875
35.1,601.2208281085501,-0.8086852556258727,7.085663966869052,-1.9870042596645783,0.0,0.0,0.0,0.0,7.403295997187897,284.2420646172944,94307.77283500839,1.1558502957919288,337.97686090582016
35.15,598.2417550375063,-0.9103454785070555,11.313095558004965,1.8433052883481746,0.0,0.0,0.0,0.0,11.498375293094336,284.2614285922562,94341.54558138,1.15618545459781,337.98837303725406
35.2,597.1227376608941,-1.709144660717398,11.408754572513141,-1.477860658762494,0.0,0.0,0.0,0.0,11.630345157982896,284.2687022052042,94354.23403378058,1.1563113681750414,337.9926971921219
35.25,596.5624396277665,2.5075928958526994,12.353486576403562,-3.3125312053943445,0.0,0.0,0.0,0.0,13.033400005809122,284.2723441424195,94360.58772944774,1.1563744177231847,337.99486229899134
35.3,596.283491376079,1.8162939066072497,9.397134998412199,-4.378040412663023,0.0,0.0,0.0,0.0,10.524842402072947,284.2741573060555,94363.75108996102,1.1564058083575117,337.9959402072524
35.35,596.2503860294624,0.6512668151710704,12.749060192554555,-3.9992519289865096,0.0,0.0,0.0,0.0,13.377469874734333,284.27437249080845,94364.12652065718,1.1564095338151712,337.99606813228047
35.4,597.4309619204665,3.1295830412148087,13.688233306009495,-2.901012893106242,0.0,0.0,0.0,0.0,14.337987894316818,284.26669874751695,94350.7389646066,1.1562766852547635,337.99150614425895
35.45,598.177449647953,1.5790650725469102,12.910653187592763,-1.985467347898601,0.0,0.0,0.0,0.0,13.157526090538761,284.2618465772883,94342.27469785124,1.1561926900562634,337.98862153039244
35.5,596.0393538703526,3.927629055209428,10.39955622933125,-0.2601809032438177,0.0,0.0,0.0,0.0,11.119565363122808,284.2757441998427,94366.51975618157,1.1564332822002164,337.99688359745386
35.55,592.6867155431398,1.3377422056417099,8.851789581575822,-0.7063144262564776,0.0,0.0,0.0,0.0,8.980123221536966,284.2975363489696,94404.54734667076,1.156810619515454,338.00983851444386
35.6,591.4936908711474,-2.397041818423876,9.93545319187089,-2.9030775685024937,0.0,0.0,0.0,0.0,10.62482465624128,284.3052910093375,94418.08232533348,1.156944916405137,338.0144483567566
35.65,590.3629621454384,5.574175628521582,10.48858879792918,0.07472999434486899,0.0,0.0,0.0,0.0,11.878026497769072,284.3126407460546,94430.91200090043,1.1570722117484828,338.01881742976525
35.7,590.9439612672187,8.036822649084902,7.8955757617682245,-1.3721212743618316,0.0,0.0,0.0,0.0,11.349596983779746,284.30886425176305,94424.31958892498,1.1570068026063605,338.0165724884743
35.75,591.1960198005855,5.598077887290529,14.154634367260943,-5.178636722703414,0.0,0.0,0.0,0.0,16.078259495627883,284.30722587129617,94421.45967694325,1.1569784266232805,338.0155985467206
35.8,590.8037055550255,2.3145895551477316,11.16245015545752,-6.474297371764171,0.0,0.0,0.0,0.0,13.110077983746132,284.30977591389234,94425.91099169328,1.1570225923984245,338.0171144284205
35.85,590.1044656673115,8.45893893171625,9.46592943499364,0.7350924675705174,0.0,0.0,0.0,0.0,12.716046117196289,284.31432097316247,94433.84519789497,1.157101314307407,338.0198162378721
35.9,590.8822389487277,15.263049490422752,6.985276610036189,3.913620940366807,0.0,0.0,0.0,0.0,17.235753477312514,284.30926544683325,94425.01991472051,1.1570137511984053,338.0168109800441
35.95,593.5859766007919,3.8336231126149993,-5.489788329317269,-0.2900256995320456,0.0,0.0,0.0,0.0,6.702130778839896,284.2916911520948,94394.34618270342,1.156709399011578,338.00636373194567
36.0,593.544104380532,3.0423493956612067,0.009483603568817875,2.4343426342714882,0.0,0.0,0.0,0.0,3.8964090962126408,284.2919633215265,94394.82115886627,1.1567141119833453,338.0065255287564
36.05,590.3811326310525,9.630664430023405,12.489588228556038,5.035565895566138,0.0,0.0,0.0,0.0,16.55585803790285,284.31252263789816,94430.70582054237,1.1570701660641978,338.01874722046426
36.1,587.9407508410884,9.946264627031434,6.701723813125332,4.331341771964941,0.0,0.0,0.0,0.0,12.751541226217178,284.3283851195329,94458.40007692951,1.1573449358674255,338.0281765296892
36.15,586.1686593281729,7.266932798705622,5.9467082306117875,9.659684554471642,0.0,0.0,0.0,0.0,13.471494229402598,284.33990371436687,94478.51447664578,1.1575444921748097,338.0350234897156
36.2,584.2464858844498,9.413038353958804,3.3919771250446993,9.083439559451604,0.0,0.0,0.0,0.0,13.513684697377554,284.35239784175104,94500.33632582474,1.1577609790612802,338.04245017551347
36.25,581.0504259110827,3.0511077719893445,8.436275480670998,13.56253678052709,0.0,0.0,0.0,0.0,16.261070276744228,284.37317223157794,94536.6292550735,1.1581210073786663,338.0547984050873
36.3,581.3840205475111,4.021980642637549,-1.0101061782388165,11.89047551978893,0.0,0.0,0.0,0.0,12.592857136796527,284.37100386644113,94532.8405863951,1.158083424758126,338.053509557003
36.35,583.9770678983202,4.1574288974249844,-1.1077602506200916,15.643059156168903,0.0,0.0,0.0,0.0,16.223952896054584,284.3541490586609,94503.39527217948,1.1577913250314749,338.0434911105434
36.4,586.8678575682497,-4.152318580836038,1.5253981552323987,16.988732131282948,0.0,0.0,0.0,0.0,17.55521599289591,284.33535892580636,94470.57770430003,1.1574657518901448,338.0323219627286
36.45,587.7182172012898,-1.8483701658548743,1.9626393944441185,11.744095920598838,0.0,0.0,0.0,0.0,12.04957321463597,284.3298315881916,94460.92578914187,1.1573699940713604,338.0290363568588
36.5,586.5369901216347,-2.2309668887883465,2.0762760516065137,6.953539104471327,0.0,0.0,0.0,0.0,7.592090725139986,284.33750956420937,94474.33339531545,1.157503012052314,338.0336003544157
36.55,582.9954528057496,4.710571787612553,2.894548639711462,7.5036542109115905,0.0,0.0,0.0,0.0,9.320553895066432,284.36052955676263,94514.54111542481,1.1579018946693442,338.047283694125
36.6,579.3999646997452,5.683709089189102,0.8940478261676007,5.793450250232121,0.0,0.0,0.0,0.0,8.165043559462523,284.3839002294516,94555.37552220277,1.158306961318838,338.06117491544296
36.65,576.2275407008821,10.87645678715094,5.801276751702506,2.9921158444416522,0.0,0.0,0.0,0.0,12.684828789509321,284.40452098544426,94591.41699918373,1.1586644557051882,338.07343114835345
36.7,574.7126489487191,12.801688141796646,-0.25414605625286457,7.850030834104313,0.0,0.0,0.0,0.0,15.019014401554923,284.4143677818333,94608.63140186777,1.158835195730783,338.07928357189434
36.75,575.3534889947011,15.458163190866571,4.31892929201709,2.589732297430701,0.0,0.0,0.0,0.0,16.257757312657276,284.4102023215344,94601.3489359567,1.1587629657487022,338.0768078513447
36.8,575.9208788426041,13.964868979507193,6.348333126474367,-0.7063052094233935,0.0,0.0,0.0,0.0,15.356359143636642,284.40651428752307,94594.90153233062,1.158699017316426,338.0746158715956
36.85,578.0800885411185,6.663280431259244,6.655454615070599,-5.242285039735561,0.0,0.0,0.0,0.0,10.778494082046072,284.3924794244827,94570.36910443893,1.1584556853838635,338.0662741332191
36.9,577.2789163632372,3.3817482406012638,12.16541126580783,-5.21232762167352,0.0,0.0,0.0,0.0,13.660227365044644,284.39768704363894,94579.47123127156,1.1585459688444513,338.06936934929075
36.95,574.7886845946686,1.7802683877365022,10.349681532687658,-1.155611503573237,0.0,0.0,0.0,0.0,10.565069867616621,284.4138735501346,94607.76731384298,1.1588266254661919,338.07898982869756
37.0,572.9141510687119,-1.871675942220342,10.897316350635961,-0.6436219913445965,0.0,0.0,0.0,0.0,11.075600378591972,284.42605801805337,94629.0718432044,1.1590379253522876,338.0862315086421
37.05,572.1354378051165,-3.8529130076518516,10.06171557636375,0.9565388608118243,0.0,0.0,0.0,0.0,10.816562558244504,284.4311196542667,94637.92325081973,1.159125711601297,338.08923978065343
37.1,570.9013086021016,-8.114262860595852,7.46829895618345,0.24291398697874167,0.0,0.0,0.0,0.0,11.030673518640913,284.4391414940863,94651.95261239642,1.1592648484207597,338.09400732966037
37.15,569.4104598294011,-9.448570143892718,3.8997356083663766,5.096670491432086,0.0,0.0,0.0,0.0,11.421885381908545,284.4488320111089,94668.90256234854,1.1594329450718825,338.0997665191509
37.2,570.5720837009233,-6.38743861097815,-4.585654139502093,6.584325677888741,0.0,0.0,0.0,0.0,10.255775959363202,284.44128145594397,94655.69546712966,1.1593019676865337,338.0952791428774
37.25,571.9417636513531,3.020744316699818,-3.3416692472726064,9.747673588566888,0.0,0.0,0.0,0.0,10.738193049777331,284.4323785362662,94640.12479280558,1.159147545751758,338.089987965289
37.3,570.7869831135711,9.292919370121236,2.0036768143217665,8.213487201255669,0.0,0.0,0.0,0.0,12.563217868086815,284.43988460976175,94653.2523294673,1.1592777382242083,338.0944489756153
37.35,569.7473346522452,10.60489373221669,4.4025505766120006,2.5514836599402297,0.0,0.0,0.0,0.0,11.762495122982092,284.4466423247604,94665.07230678454,1.1593949600249578,338.09846517109696
37.4,570.0306864635077,6.240020541955245,9.177567933632552,-1.9572518935905285,0.0,0.0,0.0,0.0,11.269269919361573,284.4448005379872,94661.85070325156,1.159363010817776,338.0973705786558
37.45,567.8767995355256,3.7568132091562707,7.013319370066613,-2.6785888576050327,0.0,0.0,0.0,0.0,8.394946833847634,284.4588008030191,94686.34181519337,1.1596058882787121,338.1056909883495
37.5,563.746657671986,-1.162599034662581,7.068934907554424,-1.346171213104669,0.0,0.0,0.0,0.0,7.289283516068746,284.4856467251321,94733.31859847455,1.160071721872736,338.1216450472061
37.55,562.2003865043165,-5.569946405631732,5.089965962055668,0.9417846222314158,0.0,0.0,0.0,0.0,7.603881556887028,284.49569748772194,94750.91094716353,1.160246160713252,338.1276178447877
37.6,562.2088821109226,-6.275135316529809,8.992829816605477,2.231084205502673,0.0,0.0,0.0,0.0,11.19044449891208,284.495642266279,94750.81428310394,1.1602452022471277,338.12758502900874
37.65,561.0960145177439,-7.833406539509098,4.149120851576336,5.8346709569290685,0.0,0.0,0.0,0.0,10.612296972373182,284.50287590563465,94763.47730770751,1.1603707600505355,338.13188364926106
37.7,560.8585517678272,-6.020719313200208,0.6767491768415019,8.600771819076618,0.0,0.0,0.0,0.0,10.520471775567868,284.5044194135091,94766.17951062659,1.1603975528145078,338.13280087815633
37.75,562.020425470317,-2.4778764690851873,-1.2914713372446096,11.613883160524987,0.0,0.0,0.0,0.0,11.945294139421444,284.4968672344429,94752.9585847611,1.160266463885445,338.1283129752751
37.8,564.0402263930874,-1.35255432851661,-2.4140710522832407,13.141020494775367,0.0,0.0,0.0,0.0,13.429205557335369,284.4837385284449,94729.97888585142,1.1600386058941328,338.1205110643632
37.85,561.7959511846151,7.276455856467911,-1.9504222486454847,10.889373303217578,0.0,0.0,0.0,0.0,13.241201143248492,284.4983263173,94755.51275448843,1.16029178941583,338.12918004386034
37.9,562.4242959918953,10.843003491780284,6.593875571552459,11.628431551847509,0.0,0.0,0.0,0.0,17.212505341520693,284.49424207605267,94748.36330408494,1.160220899663729,338.1267529538343
37.95,564.6290138418822,6.700919669489407,9.972941406095918,2.6700946758921966,0.0,0.0,0.0,0.0,12.308179812003084,284.47991141002774,94723.28097706061,1.1599721899880018,338.11823671365
38.0,564.4512790014768,-0.35269822777246573,11.007884770961711,7.975459301556045,0.0,0.0,0.0,0.0,13.59800993680404,284.48106668649035,94725.30280677244,1.1599922383773036,338.1189232641378
38.05,561.2717164982366,-0.4417352855123159,6.683311719697106,2.2728321136522562,0.0,0.0,0.0,0.0,7.073015723293446,284.50173384276144,94761.47795046982,1.1603509360177002,338.1312049772847
38.1,556.2139429203932,-0.7459277781216304,12.121443079146543,3.2478868133494583,0.0,0.0,0.0,0.0,12.57117971089,284.53460937101744,94819.04529643968,1.1609216961044126,338.150740747275
38.15,552.6642938114386,2.5059615285976817,11.16428442420099,0.3832185724588417,0.0,0.0,0.0,0.0,11.448491008056294,284.5576820902256,94859.46414779725,1.161322395472576,338.16445067688437
38.2,551.3058741568824,-2.8660574331862354,8.98299788454031,-5.132518265747311,0.0,0.0,0.0,0.0,10.735514889943918,284.56651181798026,94874.93577919148,1.1614757676049305,338.1696971999291
38.25,550.5139760103702,-7.854054216755249,8.683523471198075,-2.2251907568340337,0.0,0.0,0.0,0.0,11.91810477462245,284.5716591559326,94883.95599383379,1.1615651838755106,338.17275565159684
38.3,551.4434614629535,-8.376929867268593,9.867361891121714,-1.662686567804526,0.0,0.0,0.0,0.0,13.04999277065912,284.56561750049076,94873.3686446182,1.161460232629086,338.1691658104302
38.35,551.8742266253581,-11.980069977309519,2.6388007256947326,3.3338497550822632,0.0,0.0,0.0,0.0,12.71219493717045,284.56281752693513,94868.4623175066,1.1614115959840814,338.1675021044296
38.4,551.2697989884978,-9.403347504846073,3.3883477793258745,3.328930116167032,0.0,0.0,0.0,0.0,10.534971318844741,284.5667463065747,94875.34668280193,1.161479840876691,338.1698365292552
38.45,549.8735246289039,-6.064016849040907,5.705254315787995,2.6550082143852785,0.0,0.0,0.0,0.0,8.739067214052245,284.5758220899121,94891.25164310989,1.1616375035601632,338.17522916865596
38.5,547.6947165174392,-5.430884957962853,3.4178824378801633,3.4309991283740917,0.0,0.0,0.0,0.0,7.276550474276984,284.5899843426366,94916.07475792216,1.1618835600750805,338.18364390930464
38.55,546.0960838224324,-1.2843661382673242,0.8416652968942143,8.646260552019793,0.0,0.0,0.0,0.0,8.781561272492345,284.60037545515416,94934.29129058415,1.162064121750018,338.1898178304054
38.6,547.7558692374097,-3.719309443674777,1.4279603572489017,10.212531660561794,0.0,0.0,0.0,0.0,10.96212280708713,284.5895868499568,94915.37797456315,1.161876653450341,338.1834077351994
38.65,550.0970734450632,-3.0629402751751305,-2.2402456131914743,12.845341114079366,0.0,0.0,0.0,0.0,13.394143939564458,284.5743690226071,94888.70505354083,1.1616122600663026,338.17436579243423
38.7,549.5239782912266,3.06969937800515,-1.4022265982052498,10.7478500758368,0.0,0.0,0.0,0.0,11.26523745673852,284.578094141107,94895.23366309308,1.1616769757390777,338.17657916018766
38.75,547.4691973523817,8.525954464094513,0.3080968307488287,11.78489114650594,0.0,0.0,0.0,0.0,14.548899701211935,284.5914502172095,94918.64439326843,1.1619090306158486,338.184514871379
38.8,545.188186219174,10.529045017109667,4.783432060315613,4.803461425518197,0.0,0.0,0.0,0.0,12.522589704786245,284.60627678957536,94944.63810836992,1.1621666761334484,338.1933240816954
38.85,545.1407787375935,6.958099881141675,-5.684914025085678,-3.1049225420088846,0.0,0.0,0.0,0.0,9.50652120496423,284.60658493820563,94945.17841087298,1.162172031382449,338.19350716581874
38.9,547.3991917444134,10.92568705537282,10.164406410818962,2.0519541993165187,0.0,0.0,0.0,0.0,15.063077751652598,284.5919052536613,94919.4420703458,1.1619169372622062,338.184785234772
38.95,548.059232818913,5.255583243687871,8.594833014772751,2.0814707055060633,0.0,0.0,0.0,0.0,10.287119620235798,284.58761498667707,94911.92146517865,1.161842391850527,338.18223613119585
39.0,545.5735153651952,2.124140844818164,5.172534010965293,3.0825258683936068,0.0,0.0,0.0,0.0,6.3850644595441075,284.6037721501262,94940.24660903875,1.1621231492415967,338.19183596587783
39.05,541.4051127744694,4.745400919030738,6.349596574442873,5.092724582273545,0.0,0.0,0.0,0.0,9.421892071734195,284.63086676696594,94987.76157984149,1.1625940794393754,338.2079337148089
39.1,538.519731890394,7.009131955234297,5.472919782270685,1.7079592259795795,0.0,0.0,0.0,0.0,9.055269539150402,284.64962174271244,95020.6628624122,1.162920144243159,338.21907617658684
39.15,537.9940026486584,4.705159480845462,8.890056701546518,-2.2755687669617966,0.0,0.0,0.0,0.0,10.312606222971676,284.6530389827837,95026.65861629583,1.1629795622361052,338.2211063431898
39.2,536.544381823965,4.1363391501223825,10.009862903160768,-3.404730971783611,0.0,0.0,0.0,0.0,11.35336293329566,284.6624615181442,95043.19261004358,1.1631434106171823,338.2267041649677
39.25,533.652878432581,3.2157355264556036,13.993795080877167,-4.961579560671339,0.0,0.0,0.0,0.0,15.191593974253072,284.6812562901882,95076.17929434468,1.1634702854805017,338.237869649952
39.3,532.9676472755281,1.758858336618769,12.146304329992194,-3.0490168864971077,0.0,0.0,0.0,0.0,12.646058496591932,284.685710292709,95083.99786801386,1.163547758888351,338.24051560292264
39.35,532.689484297347,-0.36180560191788647,7.818061724898398,-5.0510827086020305,0.0,0.0,0.0,0.0,9.314849915969603,284.68751835206723,95087.17189113869,1.1635792095971396,338.2415896961006
39.4,534.1045004147467,2.5455723942204678,10.06017627335586,-7.652477047369276,0.0,0.0,0.0,0.0,12.893699640744046,284.6783207473041,95071.02651536473,1.163419226483616,338.2361257446033
39.45,535.3116464320248,0.016285285776925895,9.718394979050837,-1.8348629776006988,0.0,0.0,0.0,0.0,9.890105577087793,284.67047429819183,95057.25469828198,1.1632827586699437,338.2314643941547
39.5,536.4715848851857,-3.261959139040287,1.651884877648195,0.9465795141502218,0.0,0.0,0.0,0.0,3.7769185654949076,284.66293469824626,95044.02297419865,1.1631516392073107,338.2269852734761
39.55,535.3461103796847,-0.9518647736808753,3.621479352779608,2.854581814989213,0.0,0.0,0.0,0.0,4.708481346299533,284.67025028253204,95056.86153743522,1.1632788627017199,338.2313313119309
39.6,533.7456099838071,0.9247713184457035,5.440922659591985,-4.385710384514799,0.0,0.0,0.0,0.0,7.04934727162184,284.68065353510525,95075.12125567767,1.1634598013957245,338.23751157456314
39.65,533.7104431636254,10.08193459304116,9.44530775315092,-2.438121187420479,0.0,0.0,0.0,0.0,14.028673444579198,284.68088211943643,95075.52249722918,1.1634637772931449,338.2376473684411
39.7,534.068926727082,6.076231536641144,9.277633056676496,1.4985668621345205,0.0,0.0,0.0,0.0,11.19110215579755,284.6785519762739,95071.43238498998,1.1634232482734976,338.23626311013015
39.75,533.1665058479642,5.466336861742539,8.793455472660074,-1.1315003824995622,0.0,0.0,0.0,0.0,10.415660850435623,284.6844177119882,95081.72881307683,1.1635252751912042,338.23974773216213
39.8,532.5215460121344,7.440369331641122,8.260950720353788,-4.243814600965807,0.0,0.0,0.0,0.0,11.900099367766225,284.6886099509211,95089.0882193201,1.1635981979819972,338.2422381681162
39.85,531.8714688010591,2.682169346262479,8.096057191138055,-1.4977442430968984,0.0,0.0,0.0,0.0,8.659296291381777,284.6928354527931,95096.50648484807,1.1636717029102068,338.24474834565274
39.9,530.565833689552,3.6533155263261876,9.197060741765934,-1.1880101392295341,0.0,0.0,0.0,0.0,9.967146467948604,284.7013220810179,95111.40697377695,1.1638193432059378,338.2497898073237
39.95,529.1539216686142,2.458911607636068,8.28518539548521,-2.2805550321064274,0.0,0.0,0.0,0.0,8.938203096047591,284.710499509154,95127.52246964631,1.1639790173466804,338.2552415525053
40.0,526.2500581836209,-1.6896042840021543,6.628941173546224,-0.12534518484730112,0.0,0.0,0.0,0.0,6.842027121710292,284.7293746218064,95160.673977845,1.1643074700267149,338.2664538189759
40.05,521.3413539661533,1.1138045672871446,8.988991080766384,-2.2629968834588023,0.0,0.0,0.0,0.0,9.336148893347383,284.76128119922,95216.7347124779,1.164862849180604,338.2854062408406
40.1,519.1285397205355,0.26843671742306596,9.513645777227554,-3.2794623503880906,0.0,0.0,0.0,0.0,10.066597615551817,284.7756644918165,95242.01529683651,1.1651132770163464,338.2939495310643
40.15,518.3542114039271,-1.6668269306149046,11.333147502140152,-2.8996617302846337,0.0,0.0,0.0,0.0,11.816369259293056,284.78069762587444,95250.86299507237,1.1652009187557897,338.2969390268114
40.2,519.1700122554439,-0.6560272358251727,9.593246441019184,-6.579613053410181,0.0,0.0,0.0,0.0,11.651268469350336,284.7753949203396,95241.54143849137,1.165108583122503,338.29378941481747
40.25,521.101089072312,-2.8088721182021326,8.676005598903314,-5.606615145793821,0.0,0.0,0.0,0.0,10.704997390081871,284.76284292102997,95219.47938704064,1.1648900383616483,338.28633387217155
40.3,521.6828885580181,-7.387642070882664,9.149191005784834,-5.238200871392508,0.0,0.0,0.0,0.0,12.873371733810332,284.7590612243729,95212.83329017238,1.1648242008165328,338.28408761607267
40.35,523.1896793507079,-6.811742455387437,6.3944680317085005,-4.681263535443945,0.0,0.0,0.0,0.0,10.450037558561538,284.7492670842204,95195.6224436282,1.1646537027153032,338.27827001321805
40.4,523.6740815708032,-7.45787483827974,10.989706359556662,0.4089892030752501,0.0,0.0,0.0,0.0,13.287618866484632,284.74611846978974,95190.09004591279,1.1645988951414374,338.2763997524131
40.45,523.8141356760672,-5.026414657624238,8.01838474410559,3.4427594047052548,0.0,0.0,0.0,0.0,10.070349077046512,284.74520811810555,95188.49052494297,1.1645830491207712,338.27585900625996
40.5,523.1723649449369,-4.167336245503955,7.1180767471404565,-1.0168266521023983,0.0,0.0,0.0,0.0,8.310694579979367,284.7493796278579,95195.82019770423,1.1646556617861479,338.2783368633694
40.55,520.6661638325199,-3.3621607215508598,8.16816495196516,4.874793509739779,0.0,0.0,0.0,0.0,10.088937266266079,284.7656699350886,95224.44793393654,1.1649392571950627,338.28801305516885
40.6,521.0576216376126,-7.515561041871438,8.924676261862063,0.8529423276233502,0.0,0.0,0.0,0.0,11.69876124926872,284.7631254593555,95219.9759456707,1.164894957334176,338.2865016939801
40.65,519.6801187253134,-8.03617487442492,9.514564784276088,-1.409718228852524,0.0,0.0,0.0,0.0,12.533728700242564,284.77207922828546,95235.71320222641,1.1650508500577328,338.29182000082574
40.7,518.5174075616885,-9.16026256016826,7.318623885481019,0.9467720122320411,0.0,0.0,0.0,0.0,11.763037149966822,284.779636850849,95248.99821344702,1.165182447108008,338.2963089678199
40.75,516.8159195575295,-12.232496589073957,2.609015574590356,0.2478542549160384,0.0,0.0,0.0,0.0,12.510090599265899,284.79069652287603,95268.44193492986,1.1653750440666537,338.30287792398127
40.8,516.4459834604615,-12.562750483783566,2.4660716516465926,1.6158805037510615,0.0,0.0,0.0,0.0,12.904079932767852,284.79310110750697,95272.66979789696,1.1654169215591723,338.30430612404837
40.85,515.513277195484,-8.42652183063896,1.8519163495231807,2.0489723681101775,0.0,0.0,0.0,0.0,8.867589982241244,284.79916369822934,95283.33002759173,1.1655225108501412,338.30790696554436
40.9,512.319812284095,-7.96911075015214,9.28964609465852,2.7471012143126883,0.0,0.0,0.0,0.0,12.543955348847227,284.81992122015333,95319.83658223132,1.1658840902747414,338.32023548812896
40.95,508.242133075665,-4.235252145781401,-9.898586988939437,-1.5724882315443183,0.0,0.0,0.0,0.0,10.880813588803571,284.84642613500813,95366.46762311766,1.166345909425383,338.33597690886455
41.0,504.7360385691977,-5.074023517595805,-13.128705847427465,-0.4996103072227981,0.0,0.0,0.0,0.0,14.08397111415934,284.86921574930017,95406.57697125517,1.166743105413876,338.3495112057519
41.05,502.69424147829227,-10.36412261307843,8.562508499450912,-1.8665723058193262,0.0,0.0,0.0,0.0,13.572607763983473,284.88248743039105,95429.94120568206,1.1669744627721892,338.35739274272
41.1,499.21767939546385,-10.621913720054566,5.84601714734537,-0.48069264141864476,0.0,0.0,0.0,0.0,12.133920758718245,284.90508508392946,95469.73408130606,1.167368475040889,338.37081219082523
41.15,499.0732805785822,-16.911304679542248,2.817403072243541,1.5619423404279131,0.0,0.0,0.0,0.0,17.215389914568192,284.9060236762392,95471.38716680415,1.1673848425201097,338.3713695553604
41.2,500.6122862226717,-10.53800129241359,-2.7830219908420673,3.571360210905865,0.0,0.0,0.0,0.0,11.469494164803546,284.8960201395526,95453.76973945404,1.167210406616038,338.36542910510525
41.25,503.37185466477007,-14.147140563137725,-1.5682031119835664,4.076720258255802,0.0,0.0,0.0,0.0,14.806096554382083,284.87808294467897,95422.18678088409,1.1668976780899296,338.3547771097345
41.3,503.91641955974876,-15.051776085251099,-0.16770328392761158,0.34294089544357576,0.0,0.0,0.0,0.0,15.05661635858949,284.8745432728616,95415.95529508402,1.166835972761526,338.3526750375485
41.35,501.88324750075986,-16.003896172825584,3.476875720183364,5.24390924218809,0.0,0.0,0.0,0.0,17.196276969870183,284.887758891245,95439.22267552257,1.1670663667661505,338.36052320804896
41.4,501.3345511421227,-11.653876668812204,5.605258591139999,12.56745977206827,0.0,0.0,0.0,0.0,18.032548638725157,284.8913254175762,95445.50267889236,1.1671285496368904,338.36264117890045
41.45,500.9461894652742,-7.680904226697209,15.112043018012962,10.522094694543892,0.0,0.0,0.0,0.0,19.95205780562291,284.8938497684757,95449.94780334456,1.1671725635693992,338.3641402490183
41.5,500.96982358636586,3.4544073712868144,6.44207081025621,19.29991087830843,0.0,0.0,0.0,0.0,20.637823686663378,284.8936961466886,95449.67728625657,1.1671698850231758,338.3640490218631
41.55,502.29940048983343,-3.0077302649743074,-0.28084542295280307,14.129615644693377,0.0,0.0,0.0,0.0,14.448922235419491,284.88505389681603,95434.45989605696,1.167019206511239,338.35891684646566
41.6,501.3316903248184,-4.795737498351625,-2.2392651626764755,12.679727885283247,0.0,0.0,0.0,0.0,13.740047520540166,284.8913440128887,95445.53542272812,1.1671288738553305,338.3626522216357
41.65,500.22586529675607,-6.0106586424617285,-0.8007196149516321,11.003823800440498,0.0,0.0,0.0,0.0,12.563968618597745,284.89853187557105,95458.19296017158,1.167254202945346,338.3669206716811
41.7,498.7856423099686,-6.294049983957479,-0.3835101563459713,9.801929181251127,0.0,0.0,0.0,0.0,11.655040150717545,284.9078933249852,95474.68013439361,1.1674174465887022,338.37247980666484
41.75,495.1913153791559,-8.275433138107024,4.394112607733868,10.851538372735268,0.0,0.0,0.0,0.0,14.336907068390714,284.93125645003545,95515.83680316381,1.1678249256767315,338.3863531964251
41.8,492.0800387925719,-6.6548100812112425,3.6760596160989385,11.850921346546816,0.0,0.0,0.0,0.0,14.079923589286388,284.9514797478483,95551.47392570648,1.1681777305074732,338.39836164832093
41.85,490.67060942946773,-9.823465285574576,1.4065781303289124,13.110880222780319,0.0,0.0,0.0,0.0,16.443056664431356,284.96064103870845,95567.62132652533,1.168337580318069,338.40380141810726
41.9,490.1847207735146,-15.302480856224692,3.624081418273981,7.49900000261265,0.0,0.0,0.0,0.0,17.422252653448304,284.9637993149721,95573.18851627992,1.1683926910446503,338.40567671170623
41.95,491.6101070714988,-9.199845804029028,0.7867725362489688,14.669552011347086,0.0,0.0,0.0,0.0,17.33354926307141,284.95453430403523,95556.85754407906,1.1682310257472672,338.40017538524216
42.0,493.2881680125736,4.58013440644329,-0.3256324970364599,19.499700847780524,0.0,0.0,0.0,0.0,20.033022758863535,284.94362690791826,95537.63451753942,1.1680407243821573,338.3936987378534
42.05,492.76397087323124,6.335052413221675,-6.123270671137386,12.39367278941137,0.0,0.0,0.0,0.0,15.206263775210296,284.947034189324,95543.63912135694,1.1681001686814152,338.3957219435016
42.1,491.6018365047755,2.810777708580701,-2.22847027938435,14.73925570457763,0.0,0.0,0.0,0.0,15.169449885809232,284.9545880627189,95556.95229530887,1.1682319637338818,338.4002073060312
42.15,490.2806599201841,5.989068675321824,-4.931494016108385,13.539386320673096,0.0,0.0,0.0,0.0,15.604600564226681,284.9631757105188,95572.08924891194,1.1683818092251683,338.405306434143
42.2,489.11369486968874,2.2990406149216462,1.0343058562863978,15.741237332493121,0.0,0.0,0.0,0.0,15.94182954090536,284.970760983347,95585.46098854454,1.168514176548788,338.40981031343887
42.25,486.618917930264,-1.2601019723905473,-4.185786790735353,11.371545267349962,0.0,0.0,0.0,0.0,12.182803856489953,284.9869770334533,95614.0526222378,1.168797194322631,338.41943865628326
42.3,482.599835626178,-6.678535656034554,6.990959541161297,11.72574309324529,0.0,0.0,0.0,0.0,15.197677615473644,285.0131010684298,95660.12827024385,1.1692532458658766,338.4349493275922
42.35,477.8215441615135,-9.16566343439783,10.911318990270866,-0.19767029889863652,0.0,0.0,0.0,0.0,14.251503143429106,285.0441599629501,95714.93105238506,1.1697956231816418,338.45338905720945
42.4,476.16039422409045,-8.595349982643587,11.406294251141514,-3.1952604099658215,0.0,0.0,0.0,0.0,14.635343486069946,285.0549574375434,95733.98892892647,1.1699842231147752,338.45979930477057
42.45,476.12306814466126,-10.072628864119656,13.255133731147673,-5.6135195819150026,0.0,0.0,0.0,0.0,17.568950582247318,285.05520005705966,95734.41719516933,1.1699884612270595,338.45994334179426
42.5,477.6626963809301,-4.932599670838603,13.72421212620137,-1.7124676850659775,0.0,0.0,0.0,0.0,14.683905596609,285.0451924735239,95716.75333262769,1.169813657080548,338.4540020436086
42.55,479.71346139956694,-4.509739244876726,11.910094178493685,-3.7512242850432918,0.0,0.0,0.0,0.0,13.276286191328847,285.0318625009028,95693.22939356859,1.1695808512365484,338.44608814881843
42.6,480.9508811221205,-1.7794183030825566,14.737590190221747,0.980183739914436,0.0,0.0,0.0,0.0,14.876950436035543,285.0238192727062,95679.03744986076,1.1694403946870693,338.4413128610667
42.65,480.9187161416737,1.759936301048211,13.7632110045625,-3.164166852638451,0.0,0.0,0.0,0.0,14.231489901313687,285.0240283450791,95679.4063278453,1.169444045493612,338.44143698878975
42.7,481.29349452470444,0.32084822433242866,14.51018908063835,-1.9264857392336843,0.0,0.0,0.0,0.0,14.641034049629296,285.0215922855894,95675.10832442352,1.1694015077413742,338.4399906804895
42.75,479.3804397743185,-3.3486316417907087,12.52748172662787,5.090779790260517,0.0,0.0,0.0,0.0,13.93079937248118,285.0340271414669,95697.04910345958,1.1696186539276787,338.44737329065106
42.8,475.92560993853044,-3.5969274536302676,10.907051961172481,1.947016967208988,0.0,0.0,0.0,0.0,11.648714292186725,285.05648353539954,95736.6827866479,1.1700108814050065,338.4607053091555
42.85,471.7916868191592,-4.003038769274389,15.355364224954128,-1.7819894101768896,0.0,0.0,0.0,0.0,15.968312876672272,285.0833540356754,95784.12446965277,1.1704803387006453,338.4766572251577
42.9,469.56206075161805,9.459763672759024,7.749715457674077,4.456412892052152,0.0,0.0,0.0,0.0,13.015561235836604,285.09784660511446,95809.71998115264,1.1707335996977968,338.4852605582662
42.95,471.311116514215,9.799197890781565,11.099813354694103,5.281641819471329,0.0,0.0,0.0,0.0,15.720237788307523,285.08647774265756,95789.64082019991,1.1705349226576043,338.4785115933385
43.0,472.3914685789953,10.538335481113032,2.405079084164288,8.440574494867482,0.0,0.0,0.0,0.0,13.71437996837545,285.0794554542365,95777.24008045404,1.1704122172444988,338.474342843581
43.05,471.87011363095195,11.354693885378156,4.15852743480772,10.000050949203889,0.0,0.0,0.0,0.0,15.691508615916003,285.0828442613988,95783.22425162393,1.1704714310406157,338.47635460003454
43.1,470.3370347719344,8.545184915783047,2.88633818166459,8.724669193883857,0.0,0.0,0.0,0.0,12.548744394821616,285.0928092739824,95800.822858592,1.1706455664202657,338.4822702342551
43.15,468.990637646196,2.9511699161017892,0.3140378821025383,10.72569088822949,0.0,0.0,0.0,0.0,11.128722689282396,285.1015608552997,95816.28065722338,1.1707985138258075,338.48746544136503
43.2,468.6833103530754,-2.4372922556301244,0.5100559899476785,14.1230704047174,0.0,0.0,0.0,0.0,14.340908908044865,285.103558482705,95819.80932234047,1.1708334275941612,338.48865128308904
43.25,468.2805387874034,5.584940701827424,2.973558030733074,11.962696052013477,0.0,0.0,0.0,0.0,13.532911986631872,285.10617649788185,95824.43401714973,1.1708791854688563,338.4902053962622
43.3,468.92749547019724,2.0418225466331847,1.6630207873034433,12.661812594147966,0.0,0.0,0.0,0.0,12.932755917447256,285.1019712794437,95817.00563336234,1.1708056869971328,338.4877090797686
43.35,469.9040582906719,-3.3007703404240214,1.4228696399900729,11.103691263230061,0.0,0.0,0.0,0.0,11.67097264677456,285.09562362111063,95805.79358122316,1.170694749817255,338.4839409257339
43.4,469.41806958214164,-0.7977051183084478,3.878366615525948,12.999869633423456,0.0,0.0,0.0,0.0,13.589505934588166,285.09878254771604,95811.3731516688,1.170749956951874,338.48581616140234
43.45,466.2994151607139,-3.381986096862732,5.150503409433038,12.011646821167572,0.0,0.0,0.0,0.0,13.499821283499244,285.1190538014553,95847.18426226039,1.1711042759059977,338.4978495517968
43.5,463.31441887163476,-8.440515206202665,3.712513337547842,7.46648743163496,0.0,0.0,0.0,0.0,11.86480032678055,285.13845627733434,95881.47074437745,1.1714434864220862,338.5093668189587
43.55,460.16481266102295,-8.5597876202572,8.73729439186908,-1.8328633779943804,0.0,0.0,0.0,0.0,12.368090618866288,285.1589287177033,95917.65874833091,1.1718014844566176,338.52151878984506
43.6,458.2278181289635,-6.508344084324206,9.153317250617306,1.5298869706335134,0.0,0.0,0.0,0.0,11.335003906189025,285.1715191821617,95939.91970981924,1.172021693299303,338.52899198404754
43.65,456.8121220060508,-7.453612030430033,6.6983277195858,7.681476298055185,0.0,0.0,0.0,0.0,12.626519894916667,285.18072120696064,95956.19228136959,1.1721826579204961,338.53445383216354
43.7,456.5153205805953,-6.246697469191465,4.560629287616812,5.849535268514385,0.0,0.0,0.0,0.0,9.697300223684165,285.1826504162261,95959.60411779636,1.1722164063811218,338.53559890027634
43.75,456.23371351561,-8.812851414644891,5.02669564054483,5.052042002671629,0.0,0.0,0.0,0.0,11.333893749106668,285.1844808621485,95962.8413805391,1.1722484278207184,338.5366853445452
43.8,455.74023289550246,-8.544607394807079,5.780019084295347,5.884067234652441,0.0,0.0,0.0,0.0,11.87607609305871,285.1876884861792,95968.51448565886,1.1723045429410366,338.53858919175053
43.85,456.45658632307635,-4.457011246985792,2.709332481792182,10.638345368493697,0.0,0.0,0.0,0.0,11.848199185192799,285.1830321889,95960.27930031806,1.1722230849775062,338.53582549820817
43.9,456.3136559688413,-6.303762509077272,-1.119358568782067,4.860706433873857,0.0,0.0,0.0,0.0,8.038460823606515,285.1839612362025,95961.9223792466,1.172239337524661,338.5363769257193
43.95,454.9536501784781,-10.096968625439676,1.1966021012382175,7.487539879117357,0.0,0.0,0.0,0.0,12.62710914869962,285.19280127383985,95977.55768473675,1.1723939918038757,338.54162380410185
44.0,454.51118241129416,-8.167894273437797,2.3761901408861483,3.6783683180258544,0.0,0.0,0.0,0.0,9.267748913881885,285.1956773143266,95982.64495977877,1.1724443107883575,338.5433308194217
44.05,453.96658034177784,-8.429345155895824,2.862028935319945,5.596143929196823,0.0,0.0,0.0,0.0,10.5148417135076,285.19921722777843,95988.90682415957,1.1725062471117869,338.5454318512174
44.1,454.48887844471363,-7.638830511277213,3.8600159603976634,6.83108742602077,0.0,0.0,0.0,0.0,10.950580359802098,285.19582229010933,95982.90140551017,1.17244684731731,338.5434168666203
44.15,454.3349603834583,-7.5636811185169615,3.422327009600205,3.7666613376923137,0.0,0.0,0.0,0.0,9.116431969587396,285.1968227575075,95984.6711340925,1.1724643518347306,338.5440106715219
44.2,453.53661588199543,-7.948513884907622,2.67109864564694,3.8595984693496534,0.0,0.0,0.0,0.0,9.230933934220976,285.202011996767,95993.8508127068,1.1725551477353686,338.5470906109529
44.25,452.87734865531945,-7.653267597258823,1.1429296823665291,8.385386639981334,0.0,0.0,0.0,0.0,11.410236731815152,285.20629723374043,96001.43186209234,1.172630130401163,338.54963398196617
44.3,452.8963382762795,-3.1208274102464473,-2.906355304720656,6.834793873756135,0.0,0.0,0.0,0.0,8.056107756141166,285.20617380120416,96001.21348975581,1.1726279705391662,338.54956072263616
44.35,452.6340269920063,0.8474340708869633,-1.6004657249326906,7.080177831967267,0.0,0.0,0.0,0.0,7.3081155692466355,285.2078788245519,96004.2299904064,1.172657805852359,338.5505726818708
44.4,452.85581701586153,-4.06592994569554,-0.25222844037860853,3.8118751588123083,0.0,0.0,0.0,0.0,5.579049895440076,285.20643718939687,96001.67946701634,1.172632579393682,338.54971704803256
44.45,452.41805053551127,-3.100193427609036,-2.702824597836431,10.556484692170738,0.0,0.0,0.0,0.0,11.32942316057155,285.20928267151913,96006.71371212379,1.1726823714732661,338.5514058857287
44.5,452.28876708148607,-4.8652729278081255,3.352396087001957,10.708382878834913,0.0,0.0,0.0,0.0,12.230245462211025,285.2101230139703,96008.20049223081,1.1726970766363012,338.55190464037304
44.55,451.1087078116922,4.327584865592954,-6.2661566627449705,7.814435628149014,0.0,0.0,0.0,0.0,10.911375453051601,285.217793399224,96021.77222167142,1.172831307324133,338.55645708411197
44.6,450.9399539346136,-12.953627939812085,7.511429698263488,4.882169310475518,0.0,0.0,0.0,0.0,15.749718413075962,285.21889029942497,96023.71316805916,1.1728505038875183,338.5571080994016
44.65,451.8031573245082,-10.253385625508516,2.296073480141711,6.3226319211835245,0.0,0.0,0.0,0.0,12.262933768978922,285.2132794773907,96013.7852475451,1.1727523128891877,338.5537780376686
44.7,452.6556465459971,2.145693944661486,-5.122470703435275,6.247701875779678,0.0,0.0,0.0,0.0,8.359275527241016,285.207738297451,96003.98136915427,1.1726553468200434,338.5504892768531
44.75,452.2566390288938,-4.160535039102486,1.0768368623374922,6.032259639164492,0.0,0.0,0.0,0.0,7.406604201250483,285.21033184631216,96008.56997279392,1.172700731017941,338.5520285850869
44.8,451.7624402950691,1.1687436970935159,-1.2576872020976715,6.438520998255194,0.0,0.0,0.0,0.0,6.663504451322078,285.21354413808206,96014.25352572031,1.1727569443860255,338.5539351163578
44.85,450.20356396867095,-0.9181251786197764,2.2438758352032466,7.9238383953914155,0.0,0.0,0.0,0.0,8.286443599259206,285.2236768342036,96032.18323233095,1.1729342745932423,338.5599489150502
44.9,449.8103777083952,-0.39767594041051496,-1.7956592728518401,7.177464247676237,0.0,0.0,0.0,0.0,7.409354317646768,285.2262325448954,96036.70596550628,1.172979004793782,338.5614657234593
44.95,448.68754203714605,3.876697525538856,0.2990534603524504,12.245257771839452,0.0,0.0,0.0,0.0,12.847745116379853,285.2335309767585,96049.62264142689,1.173106749566999,338.5657972885477
45.0,448.0572973295745,4.8355338872905165,1.9130123512298491,8.438808601709729,0.0,0.0,0.0,0.0,9.912390975308783,285.2376275673577,96056.87335400136,1.173178457035535,338.568228560351
45.05,447.0794828598442,2.5532358426438235,-0.04876384780449833,9.620348215783036,0.0,0.0,0.0,0.0,9.953516512968351,285.243983361411,96068.12359452157,1.1732897166502154,338.5720006046723
45.1,446.469932402326,2.55422882428213,-1.9853909597978996,8.185405863048903,0.0,0.0,0.0,0.0,8.801518692411909,285.24794543938486,96075.13731474974,1.173359077807027,338.5743520022236
45.15,447.04197173779056,0.6524436531230509,-1.5353668937918354,9.0345424435512,0.0,0.0,0.0,0.0,9.187273337796183,285.2442271837043,96068.55519983741,1.1732939849754604,338.57214530778407
45.2,446.6307930157054,0.7599852476592004,-1.3816810138099005,8.054820147776168,0.0,0.0,0.0,0.0,8.207724874385304,285.2468998453979,96073.28635086083,1.173340773064886,338.57373146904064
45.25,445.3199414173739,-2.0542456181273003,4.174643380134562,9.155847517985189,0.0,0.0,0.0,0.0,10.270205264915209,285.25542038078703,96088.37067900493,1.1734899445970153,338.57878815487965
45.3,444.304212765636,-1.4632135641278214,-0.6271075305008809,7.504704401910461,0.0,0.0,0.0,0.0,7.67169120527624,285.2620226170233,96100.06026529451,1.1736055418750915,338.58270633495613
45.35,443.1889859366215,-2.5172248741752328,-1.0972356359212914,5.7500686886490895,0.0,0.0,0.0,0.0,6.372098322537465,285.26927159141195,96112.89625973825,1.1737324727996634,338.5870082776962
45.4,442.99918383350564,-2.933856319490035,-1.4495500197696176,6.735463805572674,0.0,0.0,0.0,0.0,7.488336319864729,285.27050530508217,96115.08097485006,1.1737540764071877,338.5877404262496
45.45,444.07437291574246,-1.732795559728809,-0.8097852502441074,7.602594801143752,0.0,0.0,0.0,0.0,7.839501279654644,285.26351657604766,96102.70555350604,1.1736317005234884,338.5835929374255
45.5,444.33035079856,-2.9311258123754467,-2.6896779399226793,7.915512311668814,0.0,0.0,0.0,0.0,8.858961626774375,285.2618527198093,96099.75943942727,1.1736025670684127,338.5826055078875
45.55,443.750438131729,-7.477818180646022,0.39068115382630275,3.359191067821618,0.0,0.0,0.0,0.0,8.206982462323639,285.26562215214375,96106.4339055521,1.173668569109122,338.58484250521616
45.6,442.2154906622369,-6.559302139188114,2.0869818288272786,6.314786387741393,0.0,0.0,0.0,0.0,9.341116894130861,285.27559931069544,96124.10209265604,1.1738432809565607,338.5907634519719
45.65,439.93522333534065,-4.7498694872621225,-0.7901609010341509,10.188913749183277,0.0,0.0,0.0,0.0,11.269408936756305,285.29042104832024,96150.35422434947,1.1741028638469755,338.599559224002
45.7,435.97739602403243,-5.786345860196732,-1.0869750580902844,5.974243020142939,0.0,0.0,0.0,0.0,8.387782356168575,285.3161469258438,96195.93345602612,1.1745535224092236,338.61482537698913
45.75,433.47524670491737,-10.686554589023837,0.3671532254506812,2.280652902614656,0.0,0.0,0.0,0.0,10.93337222165924,285.332410896418,96224.75779728878,1.1748384982610822,338.6244763258313
45.8,432.11908036959727,-7.559281465934719,4.968229323976219,3.5860401722480626,0.0,0.0,0.0,0.0,9.73065891981721,285.3412259775976,96240.38352872734,1.174992977435417,338.6297070305811
45.85,432.9523906122953,-6.185232584448699,6.454082405198725,1.4973385212672197,0.0,0.0,0.0,0.0,9.06390117245838,285.33580946102006,96230.78189525212,1.1748980542899408,338.6264929802453
45.9,435.0544987826425,-8.858758916920317,5.968799503257935,0.48933949833835083,0.0,0.0,0.0,0.0,10.693158102396197,285.3221457579128,96206.56426381192,1.1746586272571407,338.6183850822817
45.95,435.1763014270866,-7.091611657695532,5.9117470014385,-2.1131007622937985,0.0,0.0,0.0,0.0,9.471267251228154,285.3213540407239,96205.16117067215,1.1746447552590404,338.61791527966403
46.0,432.9870315761675,-5.156840286521041,11.484140487455562,-3.7281332968097343,0.0,0.0,0.0,0.0,13.129259779404318,285.3355842947549,96230.38276917968,1.174894108432511,338.62635937052085
46.05,431.05552150624806,0.21826109392331905,10.742257499846879,-4.7214244990356695,0.0,0.0,0.0,0.0,11.736080410351292,285.3481391102094,96252.63927801234,1.1751141369382405,338.6338090979987
46.1,429.4086562188045,2.234312097761136,12.680881989199253,-3.364550471359824,0.0,0.0,0.0,0.0,13.308535548606669,285.35884373457776,96271.61915841592,1.1753017649510857,338.6401608368605
46.15,427.89179381952397,1.3283401698380781,17.514514273263853,0.2999715242703578,0.0,0.0,0.0,0.0,17.567375465633496,285.36870334017306,96289.10345566343,1.175474601959313,338.6460110665935
46.2,427.283245642546,-1.9483838920843795,12.389449637495941,0.30437696920328,0.0,0.0,0.0,0.0,12.545409815959124,285.37265890332344,96296.11868222308,1.1755439476930671,338.64835808472276
46.25,425.6346532825003,2.041793529416557,13.97370913282997,-0.25601325158551524,0.0,0.0,0.0,0.0,14.124411864948234,285.3833747536637,96315.1254177228,1.1757318250377886,338.6547162114457
46.3,424.63768887982764,3.1067837987970357,18.325306663987924,1.791620155553525,0.0,0.0,0.0,0.0,18.672944938692815,285.3898550222811,96326.6209632708,1.1758454525203055,338.65856114647994
46.35,424.2838144940582,-11.702723577810488,10.98173787722629,1.9443155579022742,0.0,0.0,0.0,0.0,16.165786987692524,285.3921552057886,96330.70159588779,1.1758857868286432,338.659925902889
46.4,422.4987964779767,-5.457708691618387,10.9526478807878,0.3130842666112118,0.0,0.0,0.0,0.0,12.241123376597912,285.4037578228931,96351.28731261299,1.1760892578341358,338.66680994199305
46.45,420.5204969425207,-2.804940238649015,12.282765034701894,-2.861344238798003,0.0,0.0,0.0,0.0,12.919802533049424,285.4166167698736,96374.10620952325,1.1763147921204886,338.6744392204837
46.5,420.2423911857788,-7.828011377484885,10.077523074863917,-5.169364215879782,0.0,0.0,0.0,0.0,13.767954090817776,285.4184244572924,96377.3143994129,1.1763464999734108,338.6755117168233
46.55,419.7965678208735,-3.9862636712731856,8.760687578740203,-2.8884624368511544,0.0,0.0,0.0,0.0,10.049037772757417,285.4213223091643,96382.4575370728,1.1763973312875795,338.6772309978689
46.6,419.62048448095305,-2.0884040776054,11.566621874312691,-2.892772056914606,0.0,0.0,0.0,0.0,12.10439190327022,285.4224668508738,96384.4889428319,1.1764174081939263,338.67791004634574
46.65,418.8523300226671,-4.207608526371931,9.715818967954103,-2.6994688882196987,0.0,0.0,0.0,0.0,10.926492575740882,285.42745985485266,96393.35125084927,1.1765049957250053,338.68087234426105
46.7,418.759641501397,-5.206636637977049,12.189323263935,-3.4634667479429453,0.0,0.0,0.0,0.0,13.699790824196493,285.4280623302409,96394.42065620674,1.176515564716367,338.6812297849615
46.75,419.3509041142435,-11.03268100114597,8.709701796233968,-1.6568519874899292,0.0,0.0,0.0,0.0,14.153590143875785,285.4242191232574,96387.59905499275,1.176448146077501,338.67894965448244
46.8,419.8127782213591,-10.704753368673929,10.2969857176811,-6.198203541853659,0.0,0.0,0.0,0.0,16.0946384457841,285.42121694156117,96382.27052566085,1.17639548300158,338.677168483949
46.85,419.2125718786067,-9.32910707275561,7.027471790273124,-0.24039961965227807,0.0,0.0,0.0,0.0,11.6822682093484,285.425118282789,96389.19500679815,1.1764639191269588,338.67948311686143
46.9,416.50370561728187,-11.468000046715465,6.129668063423842,4.02000330591643,0.0,0.0,0.0,0.0,13.61059448440086,285.44272591348766,96420.45175995656,1.176772824651807,338.68992937914953
46.95,413.43889907490717,-10.08861261261369,2.2473180096649403,6.9245277122781745,0.0,0.0,0.0,0.0,12.441046046135384,285.4626471560131,96455.82549107772,1.1771223946348393,338.701747873534
47.0,411.09560424170536,-10.549334359512283,0.1705960081229938,3.594188989811557,0.0,0.0,0.0,0.0,11.146109317661322,285.4778785724289,96482.87868485674,1.1773897230147332,338.7107837992496
47.05,409.7663446357629,-5.049828076552073,0.4176860203976851,9.701675435577062,0.0,0.0,0.0,0.0,10.945215003445508,285.4865187598675,96498.22763566437,1.1775413886049748,338.71590941972
47.1,410.5853518181904,1.4482239329527635,1.038337200166899,13.583903844648898,0.0,0.0,0.0,0.0,13.70028979116481,285.48119521318176,96488.77033200832,1.1774479399238604,338.7127513400128
47.15,411.4834078673815,2.9598796507913923,1.9888300871705782,10.959137663803439,0.0,0.0,0.0,0.0,11.524713922566539,285.475357848862,96478.40109179281,1.1773454782921815,338.7092884151868
47.2,410.595127236819,4.880027187220188,-0.7082414838756281,13.141720523164741,0.0,0.0,0.0,0.0,14.036420115416178,285.48113167296066,96488.65745706396,1.1774468245833163,338.71271364596385
47.25,408.2603240773746,7.716335483818208,5.310106474085995,10.843123840549534,0.0,0.0,0.0,0.0,14.328726345577811,285.49630789349703,96515.62003288917,1.1777132402894224,338.72171653609644
47.3,405.9001595591595,7.461696461048154,4.104839304998564,9.439113686430758,0.0,0.0,0.0,0.0,12.713122629080713,285.5116489628654,96542.88168491055,1.1779825967543,338.73081697522997
47.35,403.26832184481503,6.5292585970520705,3.701937215814144,12.418604456909803,0.0,0.0,0.0,0.0,14.5105924632383,285.5287559080087,96573.28871676055,1.1782830138090878,338.7409646569949
47.4,402.9188644578811,6.348640929826239,1.533715907638073,7.902662390843315,0.0,0.0,0.0,0.0,10.252297254998824,285.53102738102376,96577.32676841095,1.1783229078186561,338.7423120509335
47.45,405.63308593426024,9.175260645801437,3.873619348824473,7.470558077993942,0.0,0.0,0.0,0.0,12.449882440194385,285.51338494142726,96545.96697617862,1.1780130798041146,338.7318467555293
47.5,407.20406925334305,4.198254792089497,6.562779151352944,3.887454258757902,0.0,0.0,0.0,0.0,8.706762550033751,285.5031735498533,96527.81978940421,1.1778337807490564,338.7257893259377
47.55,408.4765554215757,7.3423289645954295,7.671050701307847,5.235819943870674,0.0,0.0,0.0,0.0,11.839283085179039,285.4949023897597,96513.12271210524,1.1776885649973048,338.7208827683536
47.6,409.1021402363571,4.619765589271632,6.703631241287512,2.9177107047251405,0.0,0.0,0.0,0.0,8.648349072247944,285.49083608846365,96505.89793972162,1.177617178462344,338.71847056053923
47.65,407.15331890178186,7.395241091754887,9.692999199316322,0.45230749314790103,0.0,0.0,0.0,0.0,12.200344517737383,285.5035034271384,96528.40598804127,1.1778395726484803,338.7259850118737
47.7,404.0101143006777,-4.547835981367095,14.604347235259002,-2.457186840601181,0.0,0.0,0.0,0.0,15.4921766531065,285.5239342570456,96564.71760617322,1.178198334304069,338.7381045289693
47.75,401.9100153844238,-2.512072231396433,11.306856409780949,-5.759438743289952,0.0,0.0,0.0,0.0,12.935480022205088,285.5375849000012,96588.98499307643,1.1784380836945485,338.74620181451996
47.8,400.00514653919805,0.9168573536983671,7.810715349420417,-3.5944533891250767,0.0,0.0,0.0,0.0,8.646848954578497,285.5499665474952,96611.000698103,1.1786555777032945,338.75354619020874
47.85,398.56198138342063,-5.176150226759973,13.110550216375726,-2.7606283999021883,0.0,0.0,0.0,0.0,14.363151719189052,285.55934712100776,96627.68292353053,1.17882037577917,338.75911032401683
47.9,400.16191808259373,-5.458554577473028,8.586266042152479,2.2176297581079636,0.0,0.0,0.0,0.0,10.413340691916236,285.5489475324631,96609.18864246912,1.1786376766911608,338.7529417508739
47.95,401.6119283280441,-6.177525573382859,6.870492132791004,2.485143429059142,0.0,0.0,0.0,0.0,9.567728163965473,285.53952246586766,96592.42989477939,1.178472116635264,338.74735112375157
48.0,400.0004927235241,-5.656083743498631,6.907635184621477,-0.12677860999650514,0.0,0.0,0.0,0.0,8.92876139076651,285.54999679729707,96611.0544900008,1.178656109104002,338.753564133176
48.05,397.420835597084,-6.204641736124769,6.295772453540058,-0.4897349879085592,0.0,0.0,0.0,0.0,8.852918740099053,285.5667645686189,96640.8756162119,1.178950698105375,338.7635099552354
48.1,394.95868174909384,-8.358203922419701,6.8934569957808085,-1.2681838227415416,0.0,0.0,0.0,0.0,10.908144313754509,285.58276856863085,96669.34534296162,1.179231921124485,338.7730024731541
48.15,393.22908572397876,-1.869459933476841,11.43003439847369,5.445288026207575,0.0,0.0,0.0,0.0,12.798114254902034,285.5940109427941,96689.34861134697,1.1794295033224609,338.7796705494305
48.2,393.03480785526494,-0.5346880399249883,-6.065553736519981,8.7523780765789,0.0,0.0,0.0,0.0,10.662127152966677,285.59527374894077,96691.59569934355,1.179451698438618,338.78041953673596
48.25,394.7151186221405,-2.2168731733682505,-4.169760570026344,8.946448025297572,0.0,0.0,0.0,0.0,10.116341341982142,285.58435172895605,96672.16201684272,1.17925974327922,338.77394148504925
48.3,396.5488267254576,-0.956343122197997,-3.730304689030494,9.462159609591696,0.0,0.0,0.0,0.0,10.215783362903052,285.5724326262845,96650.95782219843,1.1790502916050014,338.76687190385803
48.35,394.3496170534348,7.330353235446359,-3.223423048411806,11.001100265403993,0.0,0.0,0.0,0.0,13.606937265781863,285.5867274891527,96676.38896656458,1.1793014953737295,338.7753506028232
48.4,392.51649947997623,9.153563722688954,-0.8453655279810054,2.6299066180899713,0.0,0.0,0.0,0.0,9.561316882161123,285.59864275338015,96697.59084810711,1.1795109137182944,338.78241773046733
48.45,392.5618802887458,9.108761179810589,2.7101957579212486,2.80074798131108,0.0,0.0,0.0,0.0,9.907516365461973,285.5983477781231,96697.06592714478,1.179505728997191,338.78224277785625
48.5,392.710140020562,10.272817973145278,4.669717587710535,0.416443020978317,0.0,0.0,0.0,0.0,11.292053677169237,285.59738408986635,96695.3510191618,1.1794887905629505,338.78167120461904
48.55,393.55394857165544,5.5251651237966675,8.295664467107198,-3.9877654642616065,0.0,0.0,0.0,0.0,10.735351507705818,285.5918993342842,96685.59122479305,1.1793923903461037,338.77841812233083
48.6,394.01636793275725,6.474172849351635,8.61462496634846,-3.261939612456123,0.0,0.0,0.0,0.0,11.259081997633132,285.58889360843705,96680.2430538539,1.1793395641816795,338.77663537266346
48.65,391.33714631288916,1.7384342847390688,8.677350588665655,-1.0804210794502997,0.0,0.0,0.0,0.0,8.915485220104006,285.6063085489662,96711.23326517922,1.1796456599886374,338.7869643545528
48.7,389.1933468298317,3.2450604553260405,5.311288336874248,2.578943041988984,0.0,0.0,0.0,0.0,6.7372953304690935,285.62024324560605,96736.03611031166,1.1798906286388209,338.7952289408924
48.75,386.90763303589705,8.432874917610702,7.928764202317581,2.374048232139848,0.0,0.0,0.0,0.0,11.815870097481048,285.63510038526664,96762.4865166944,1.1801518564834068,338.8040404006822
48.8,384.0506284018921,9.122169580177323,6.9804792861552585,2.0043878867083897,0.0,0.0,0.0,0.0,11.660130347227618,285.6536709153877,96795.55616671625,1.1804784377764541,338.8150538727092
48.85,383.1619188853521,11.937772506336096,8.267988061548888,4.690173822098319,0.0,0.0,0.0,0.0,15.260005553093526,285.65944752724516,96805.8447897176,1.18058003935408,338.81847968753715
48.9,383.9869830207533,9.460713628258208,7.326420610230884,-0.7713423334154356,0.0,0.0,0.0,0.0,11.990684313634699,285.6540846103651,96796.29296221568,1.1804857138023948,338.81529921532086
48.95,386.74526032651715,8.736891221216629,15.794122697732618,4.015416472913805,0.0,0.0,0.0,0.0,18.490839609205214,285.6361558078776,96764.36572542622,1.180170415289873,338.80466634111133
49.0,388.5760561525807,9.461606641681067,11.78299842399276,8.372651199998376,0.0,0.0,0.0,0.0,17.27606263645028,285.6242556350082,96743.17885501744,1.1799611727053627,338.7976086279842
49.05,387.26224261657467,7.547169681784718,7.0518226114350355,2.8632047930646976,0.0,0.0,0.0,0.0,10.718484689349774,285.6327954229922,96758.38257126916,1.1801113262455327,338.80267339063
49.1,384.45116405508446,5.0984665108681515,7.129685968606518,5.737638779937745,0.0,0.0,0.0,0.0,10.476033674174316,285.6510674336419,96790.9194400855,1.1804326487869148,338.8135098687148
49.15,380.9193109755752,-0.8239893375492177,2.0799410943189747,6.126349287739906,0.0,0.0,0.0,0.0,6.522060179086273,285.67402447865874,96831.81148135674,1.1808364548965025,338.82712438238855
49.2,379.0128071979548,-2.6773370631879634,-1.2770808062320809,7.4973431851421575,0.0,0.0,0.0,0.0,8.062829774425595,285.6864167532133,96853.89092812834,1.1810544744334788,338.83447330608766
49.25,379.3015089481292,-1.9856288565895852,-3.384723913934017,8.372849750986934,0.0,0.0,0.0,0.0,9.246820582355863,285.68454019183713,96850.54717696026,1.1810214577699496,338.8333604692631
49.3,381.8120599817113,-2.4499516151387724,-2.3409352134034567,11.311082330920142,0.0,0.0,0.0,0.0,11.807744242094982,285.66822161011885,96821.47385024384,1.1807343745614165,338.82368308378096
49.35,383.22656181974907,-6.619670300421321,-2.3639154862723326,7.789827924296268,0.0,0.0,0.0,0.0,10.492356761122076,285.6590273481716,96805.09638620897,1.1805726488350312,338.81823050185733
49.4,382.45379118329794,-9.95248889681937,1.8037126016105611,4.973404341652915,0.0,0.0,0.0,0.0,11.271209568457754,285.66405035730855,96814.0434442547,1.1806610007326779,338.82120936725846
49.45,380.4657488204692,-7.063310080041499,2.6387157949798605,7.4476454827117955,0.0,0.0,0.0,0.0,10.598141043109846,285.67697263266695,96837.06386905389,1.1808883195140543,338.8288727246984
49.5,378.2874635027224,-7.892610814275152,-0.670025502419151,6.76035057720513,0.0,0.0,0.0,0.0,10.41367272225428,285.69113148723227,96862.29229010646,1.1811374296917496,338.8372692175021
49.55,375.02882194001324,-5.881532209266402,3.5095875477070972,4.65338828403228,0.0,0.0,0.0,0.0,8.280316926641621,285.7123126573899,96900.04309520235,1.1815101651917272,338.8498296998617
49.6,372.56701387084917,-8.036869418384585,6.683658179084522,4.718393763777757,0.0,0.0,0.0,0.0,11.468469663083459,285.72831440983947,96928.57061977759,1.181791815588988,338.8593184669446
49.65,372.0368278580048,-5.5466492577065,6.560013733596099,-0.09814759759129016,0.0,0.0,0.0,0.0,8.591200796390364,285.7317606189229,96934.71532517987,1.1818524798017755,338.8613619755527
49.7,374.40738444253185,-9.417419825827665,10.777959408151744,4.6903546198427035,0.0,0.0,0.0,0.0,15.061594591527767,285.71635200112354,96907.24369474748,1.1815812577316473,338.8522249870753
49.75,375.3271155900011,-4.422254519796869,8.210542949348314,-2.308869335332857,0.0,0.0,0.0,0.0,9.607300774338103,285.71037374866495,96896.5869190062,1.181476041517264,338.84867994191154
49.8,373.79006839675856,1.7409041318603864,13.556621233339305,-3.628824486009459,0.0,0.0,0.0,0.0,14.141467166132957,285.72036455542104,96914.39696797272,1.181651882016949,338.85460437167893
49.85,371.19789163764835,-0.9741699994979076,13.050139303630326,-2.4558708030521643,0.0,0.0,0.0,0.0,13.314895584771323,285.73721370435527,96944.43900228583,1.1819484762722958,338.86459548228
49.9,368.4406160601642,3.349255264079874,12.855663016515198,-3.289060319337179,0.0,0.0,0.0,0.0,13.685886898641305,285.7551359956089,96976.40272549108,1.1822640234743516,338.87522261527965
49.95,368.2785857775663,3.847298803562181,8.633583799670191,3.4840060791437213,0.0,0.0,0.0,0.0,10.073667438888826,285.7561891924458,96978.2813273395,1.182282568494028,338.8758471044642
50.0,368.8288592215341,4.0982142629592095,8.738019213324474,3.599104971801628,0.0,0.0,0.0,0.0,10.300577484568386,285.75261241506,96971.90149965641,1.182219588383345,338.8737262628075
50.05,368.794859986261,0.5480758289582046,10.136807177060142,1.833291563698475,0.0,0.0,0.0,0.0,10.315823031475203,285.7528334100893,96972.29567430586,1.1822234796026778,338.87385730166994
50.1,368.0951110920041,3.3795646079004174,14.073136114704315,-1.4935810325008962,0.0,0.0,0.0,0.0,14.550099702153743,285.75738177790197,96980.40859418293,1.1823035681808323,338.87655424222766
50.15,367.885294660186,7.009356191570519,11.068439758409776,-1.7912392676721947,0.0,0.0,0.0,0.0,13.223084777006651,285.7587455847088,96982.84132234985,1.1823275831751117,338.8773629030522
50.2,368.65748420743347,7.782574741159204,11.379637358251664,1.6598152949492524,0.0,0.0,0.0,0.0,13.885949835009257,285.75372635265165,96973.88837185397,1.1822392023880461,338.8743867708802
50.25,367.94543260947063,8.236929467782668,7.2422175895095595,0.6853067288941121,0.0,0.0,0.0,0.0,10.989375231727037,285.7583546880384,96982.14404453516,1.1823206999176838,338.87713112348257
50.3,368.0375337197579,6.414556621090293,8.488806019194842,0.635400789452811,0.0,0.0,0.0,0.0,10.658803799673262,285.75775603082155,96981.07617327504,1.182310158286564,338.8767761533774
50.35,367.14438394576706,5.731923417808926,6.6472083553474555,1.3319308477505687,0.0,0.0,0.0,0.0,8.87774547789116,285.7635615043525,96991.43224774215,1.182412388701743,338.88021845742804
50.4,365.53334993391604,4.662996410769254,6.630688717068394,-1.2058567201436254,0.0,0.0,0.0,0.0,8.19534372793604,285.77403322542955,97010.11445655693,1.1825968056423672,338.88642748316636
50.45,363.1117523031274,8.41902515013769,5.41590398144759,5.107931284125158,0.0,0.0,0.0,0.0,11.238459076681968,285.78977361002967,97038.20177402374,1.1828740501406083,338.89576025772675
50.5,361.738996615469,9.053462623143167,3.792968114114817,1.9901447932426728,0.0,0.0,0.0,0.0,10.01561125850105,285.79869652199943,97054.12684167437,1.1830312366320037,338.90105070845664
50.55,361.4364972571748,11.128540212074263,1.4096085550667454,6.9733512214782465,0.0,0.0,0.0,0.0,13.208294015063542,285.8006627678283,97057.63636152484,1.1830658762715278,338.90221649689335
50.6,361.07081614425437,12.854091642058574,1.4844215710824586,6.8379230196368965,0.0,0.0,0.0,0.0,14.635175795514558,285.80303969506235,97061.87903705891,1.1831077519812285,338.9036257732494
50.65,358.8733120807405,12.517920120874821,1.344494453972162,4.254144633990704,0.0,0.0,0.0,0.0,13.289233840078085,285.81732347147516,97087.37790207949,1.183359421461473,338.912094478025
50.7,354.73864689280236,8.956637711123701,-1.0327718751192194,7.736047285331152,0.0,0.0,0.0,0.0,11.880000186668347,285.84419879519675,97135.36943199582,1.1838330556312529,338.9280280086404
50.75,351.406933905446,8.52378434136865,-7.173847644872941,7.204590443919004,0.0,0.0,0.0,0.0,13.267445609258003,285.86585492961456,97174.05497849545,1.1842148155242234,338.94086670179536
50.8,350.6373247603166,6.278618022975033,-7.520447318533663,13.239412311181676,0.0,0.0,0.0,0.0,16.46997906782932,285.8708573890579,97182.99292102209,1.1843030135515624,338.9438323069778
50.85,349.96709163962237,0.7389327593956689,-3.1362285416933773,6.395546691968457,0.0,0.0,0.0,0.0,7.161352426587379,285.87521390434244,97190.7772911811,1.1843798270745396,338.94641495631447
50.9,348.9043665831117,7.296444419617369,-0.4485909572566003,10.472468921217077,0.0,0.0,0.0,0.0,12.7715285037209,285.88212161720975,97203.12126319726,1.1845016308015466,338.9505099779437
50.95,348.7815361094453,3.129415193724336,-3.635554846248841,5.816943584290247,0.0,0.0,0.0,0.0,7.539716914951888,285.88292001528856,97204.54806958875,1.1845157095756802,338.9509832800961
51.0,348.99692542637445,4.398954437084704,1.9154666155144362,9.637568405534106,0.0,0.0,0.0,0.0,10.765804069647874,285.8815199847285,97202.04610514424,1.1844910218327749,338.95015332090185
51.05,350.3838292477458,3.5476312390024893,1.5888975925111086,9.312392635642146,0.0,0.0,0.0,0.0,10.091131728790186,285.87250510988963,97185.93706546052,1.1843320655073806,338.9448091186991
51.1,351.7491098532924,2.1627346162384433,-1.5283040112035762,10.686476728166895,0.0,0.0,0.0,0.0,11.009719298537526,285.8636307859536,97170.08129333635,1.1841756034101154,338.9395481556426
51.15,353.3490165846791,-0.8023094213100097,-1.3120313429619685,12.207805070005493,0.0,0.0,0.0,0.0,12.304293205206434,285.8532313921996,97151.50334158512,1.1839922731211185,338.93338298194124
51.2,353.60102434683364,-2.4286590014536964,-1.8285692225360817,10.926377809581178,0.0,0.0,0.0,0.0,11.341418869994012,285.85159334174557,97148.5773156872,1.1839633980074595,338.9324118703422
51.25,353.017333241015,-7.568149099175616,5.668355223739438,7.564328143359487,0.0,0.0,0.0,0.0,12.108930257882703,285.8553873339334,97155.35457797656,1.1840302783044039,338.93466111905377
51.3,352.25810720730374,-10.81570597757909,3.3688934467956533,11.847146195937565,0.0,0.0,0.0,0.0,16.391577466406968,285.8603223031525,97164.17055663512,1.1841172760098335,338.9375867677822
51.35,350.438899666152,-1.6558499472701371,6.002502377646604,9.830305855243903,0.0,0.0,0.0,0.0,11.636442198935645,285.87214715217,97185.29746114938,1.1843257540934333,338.9445969123015
51.4,347.4760514188543,-8.551475683835744,10.79967501242536,1.6369820064452552,0.0,0.0,0.0,0.0,13.872289891530679,285.8914056657774,97219.7137086266,1.1846653515600087,338.9560136579759
51.45,343.7142408217321,-7.832719756006047,5.9672685937639125,1.8805020785899338,0.0,0.0,0.0,0.0,10.024773379674457,285.91585743465873,97263.42486843145,1.1850966322917091,338.97050849191334
51.5,341.5384821874005,-7.425603641016999,2.455459871764254,8.556049526205085,0.0,0.0,0.0,0.0,11.59201691295366,285.9299998657819,97288.71382250727,1.1853461315634204,338.9788917411551
51.55,341.09773149906545,-5.323499513580489,-4.015004631413445,9.470196569428149,0.0,0.0,0.0,0.0,11.582078065915969,285.93286474525604,97293.83733879497,1.1853966783579646,338.9805899386808
51.6,341.568694570439,-3.45947288842536,-3.8091417575848348,10.71343533333018,0.0,0.0,0.0,0.0,11.885083518283501,285.9298034852921,97288.3626259825,1.1853426667645177,338.9787753335514
51.65,340.5391960936789,-7.543542837277805,-2.7526772959972434,7.886522210681616,0.0,0.0,0.0,0.0,11.255198950410358,285.93649522539107,97300.33036003781,1.185460735475098,338.9827419445242
51.7,340.2406259880979,-6.019025391889484,0.1313137430271615,9.022916548876516,0.0,0.0,0.0,0.0,10.847070250316804,285.9384359310773,97303.80140663349,1.1854949788671905,338.9838923129269
51.75,340.49898167776337,-6.759660300632823,-0.7510680214994072,5.8389729626933455,0.0,0.0,0.0,0.0,8.963856079385387,285.9367566190945,97300.79786955862,1.1854653476744441,338.98289688790425
51.8,337.99922744133585,0.9603564103052886,1.5750214714675295,12.487438435808928,0.0,0.0,0.0,0.0,12.622959072995378,285.95300502163127,97329.86213612909,1.1857520719341976,338.99252813010935
51.85,336.0479727951759,-1.070702873587525,-2.5451822376342688,8.730830730776512,0.0,0.0,0.0,0.0,9.1570608011386,285.96568817683135,97352.55396545157,1.1859759196207842,339.0000458814471
51.9,335.25005720035966,12.188943370307822,-7.45083248646203,17.297016534314814,0.0,0.0,0.0,0.0,22.433725196994125,285.97087462819763,97361.83444164641,1.1860674657095223,339.0031200252201
51.95,335.51518601169687,-0.05746713083067345,-3.2744288535306554,8.958963798610244,0.0,0.0,0.0,0.0,9.53877450895915,285.96915129092395,97358.75067558659,1.1860370464717507,339.0020985617694
52.0,335.88927345798277,1.5980983261971318,-2.253327088175505,10.749408257502141,0.0,0.0,0.0,0.0,11.098701685916007,285.96671972252307,97354.39972444525,1.1859941270102132,339.0006573074606
52.05,336.95509640192216,-1.7730703199058753,-3.54849857845987,12.011066043102312,0.0,0.0,0.0,0.0,12.649163134865022,285.9597918733875,97342.00417191365,1.185871850494353,338.9965509561391
52.1,337.6762796383234,-1.6807963547313582,-3.58190285602049,14.057935245112565,0.0,0.0,0.0,0.0,14.604131189900482,285.95510418235085,97333.61751437708,1.1857891182330524,338.99377238787343
52.15,337.44918785301195,0.5393617060127822,-2.7985890671822404,12.331975805831242,0.0,0.0,0.0,0.0,12.657039112386123,285.9565802789554,97336.25830720169,1.1858151691344927,338.99464732751136
52.2,337.062094095143,-3.2802578161019205,-4.945151877467322,13.802769137251008,0.0,0.0,0.0,0.0,15.024348714255979,285.95909638838157,97340.7598561506,1.1858595757188763,338.99613871783095
52.25,336.3191382333917,7.489458496810095,-1.8279083184559468,11.799396254549192,0.0,0.0,0.0,0.0,14.09464399578758,285.9639256014829,97349.40023054105,1.185944809621919,338.99900115113604
52.3,335.52653914940794,3.4357662117199492,0.5846970512617411,12.224299926022233,0.0,0.0,0.0,0.0,12.711407034026477,285.96907749552884,97358.6186267444,1.1860357438963698,339.0020548213951
52.35,333.0259889624606,-8.991110274953714,5.312388618585317,7.197149521345812,0.0,0.0,0.0,0.0,12.683079201986454,285.985331071744,97387.70613739351,1.186322665029354,339.01168858580934
52.4,329.67200136598126,-6.8612899067357445,6.572471796502921,8.221442000420483,0.0,0.0,0.0,0.0,12.564505293340366,286.0071319911211,97426.73226008238,1.186707595678937,339.0246099227486
52.45,327.0877758822567,-2.497163496805542,2.5915467922368394,11.25590407211547,0.0,0.0,0.0,0.0,11.817246582296434,286.0239294567653,97456.8102687154,1.1870042473926379,339.03456539236566
52.5,325.0362960920838,0.3326815461100512,0.17611828535105367,9.465469367215904,0.0,0.0,0.0,0.0,9.472951229857557,286.0372640754014,97480.69296064906,1.187239783873797,339.0424683044612
52.55,322.9143957708668,0.2652178502888026,-1.4322848443356442,10.458196767885099,0.0,0.0,0.0,0.0,10.559150534925985,286.05105642748936,97505.40045230501,1.1874834431611263,339.0506423036463
52.6,321.1446843721018,4.975563919061435,-0.5694907235935583,11.213874840461282,0.0,0.0,0.0,0.0,12.281349475300166,286.06255955158133,97526.0109201814,1.1876866896073899,339.0574594475013
52.65,321.4690632415855,5.750685995343835,-2.2540839971422195,8.876734103700521,0.0,0.0,0.0,0.0,10.814235637853296,286.06045108892965,97522.23286489282,1.1876494336019923,339.05620991084675
52.7,321.38828449341264,5.41074155923454,-0.961242139523464,8.447029255873499,0.0,0.0,0.0,0.0,10.077321763306275,286.0609761507928,97523.17368752575,1.187658711229613,339.0565210782991
52.75,320.4648507324776,6.246730321548588,5.752822787798627,10.200537301773883,0.0,0.0,0.0,0.0,13.272813227905006,286.0669784702389,97533.92935764982,1.1877647736905426,339.0600782130431
52.8,319.2187517002737,4.142283430355887,3.6791985331869204,4.953504608436491,0.0,0.0,0.0,0.0,7.431838384263161,286.0750781139482,97548.44478551552,1.1879079078734307,339.06487821898094
52.85,317.3017514403559,7.029671633413593,3.476110740080147,4.093263993561666,0.0,0.0,0.0,0.0,8.846153925402197,286.08753861563764,97570.77875273587,1.1881281314386536,339.0722624212519
52.9,316.68692375352117,5.545096134252063,2.184880993068358,5.078792041147522,0.0,0.0,0.0,0.0,7.830448562451066,286.0915349956021,97577.94266536392,1.1881987690011027,339.0746306769096
52.95,315.93199220442125,8.593541834631928,-3.2013994239212753,4.666917569892281,0.0,0.0,0.0,0.0,10.289705493318156,286.0964420506712,97586.73963717242,1.1882855074928447,339.07753857621304
53.0,316.4424543490666,8.231798974171564,0.680095289530972,3.8216532539890693,0.0,0.0,0.0,0.0,9.10110309510553,286.093124046731,97580.79131751879,1.188226856987472,339.0755723443666
53.05,317.807091989647,4.15894064889046,-8.300987154503655,5.436620135066175,0.0,0.0,0.0,0.0,10.759182754895235,286.08425390206725,97564.890892508,1.1880700752606026,339.0703158868729
53.1,318.74774718327893,7.049116374157371,9.379336408492879,-2.2904323713909442,0.0,0.0,0.0,0.0,11.954416487976701,286.07813964330865,97553.9318291185,1.1879620136283058,339.0666925229555
53.15,318.7221704697349,2.095557294050782,11.060995479805435,-0.8081160907384,0.0,0.0,0.0,0.0,11.286719319316664,286.0783058919467,97554.22979635009,1.1879649517589659,339.0667910438836
53.2,317.1118253227607,2.6848771735486126,12.289038954509856,-0.08319698603122398,0.0,0.0,0.0,0.0,12.57918779575962,286.08877313540205,97572.99170799201,1.1881499517103071,339.07299399970503
53.25,313.67647744022776,1.1876968073149228,10.381513854002726,-0.7194190161984166,0.0,0.0,0.0,0.0,10.473968556751759,286.1111028966385,97613.02624273988,1.1885446856050899,339.08622638065395
53.3,311.495617751727,-1.6446048126471056,13.54992485372081,0.7565696448920683,0.0,0.0,0.0,0.0,13.670317705116991,286.1252784846138,97638.44824210212,1.1887953263262754,339.09462641659735
53.35,310.40773587773754,-1.5899651985885215,10.84288802354124,1.178629342827488,0.0,0.0,0.0,0.0,11.02204051668976,286.1323497167947,97651.131544435,1.1889203689703132,339.09881654274216
53.4,310.0301916361722,-1.3247494171332166,7.815123682347723,0.15258164335846514,0.0,0.0,0.0,0.0,7.92807671169225,286.13480375436484,97655.53353614137,1.1889637667783701,339.1002706940332
53.45,310.7511934520023,-3.4726832184056486,8.755394154528615,0.04929181211294764,0.0,0.0,0.0,0.0,9.419070294848183,286.13011724256194,97647.12712711681,1.1888808903958556,339.0974936744127
53.5,310.1183815919137,-8.038289728269243,7.439797013757903,2.4638867989390927,0.0,0.0,0.0,0.0,11.226549760256095,286.13423051965253,97654.50526755418,1.1889536294452958,339.0999310217163
53.55,307.86476466818914,-11.76445719426787,4.007373607958572,1.8370915744963368,0.0,0.0,0.0,0.0,12.56329581609099,286.14887902965677,97680.78451958993,1.189212700841447,339.10861094293693
53.6,305.73324093249255,-11.598046499255972,2.968900941479227,3.5489648319526017,0.0,0.0,0.0,0.0,12.486961470976688,286.1627339339388,97705.64532156281,1.1894577763821985,339.116820411539
53.65,303.60160478463314,-12.694649801743118,4.5691015999080795,4.469511348770099,0.0,0.0,0.0,0.0,14.212929139201528,286.1765895688999,97730.51255829252,1.189702903487485,339.1250301143426
53.7,304.46409988217533,-5.973890895116603,0.8862254035658934,9.622362145303404,0.0,0.0,0.0,0.0,11.360573099454557,286.1709833507658,97720.45024748408,1.1896037163683841,339.12170835729796
53.75,303.3116273589966,-5.454633727717704,-0.21462698439826322,9.660690165263551,0.0,0.0,0.0,0.0,11.096306967419716,286.1784744221665,97733.89577232825,1.1897362523740302,339.1261469070707
53.8,302.00329934235833,2.346953066472878,-10.627738584505856,8.528290379113116,0.0,0.0,0.0,0.0,13.82710211531304,286.1869785542747,97749.16142844131,1.1898867256777383,339.13118563707224
53.85,302.18544685998296,2.4968376976377464,-5.041240453260409,9.461821293830807,0.0,0.0,0.0,0.0,11.007922873654422,286.1857945954101,97747.0360037145,1.1898657756715345,339.13048414151365
53.9,301.6131371808153,2.252828084369116,2.7040993484564924,9.63032013512545,0.0,0.0,0.0,0.0,10.253314272421758,286.18951460832466,97753.71423956078,1.1899316017912442,339.13268824406686
53.95,298.917355613018,10.29617453279434,-2.351229342757107,10.166134207021683,0.0,0.0,0.0,0.0,14.659119146360098,286.20703718851536,97785.1760679376,1.190241703630717,339.14307015616384
54.0,298.0603167907033,10.871332048199537,-2.0869395820995393,6.100132634442458,0.0,0.0,0.0,0.0,12.639335246734063,286.2126079408604,97795.1800826483,1.190340303692158,339.1463706914664
54.05,295.7430839945578,11.338832382156706,0.2834046741238042,5.239159556466776,0.0,0.0,0.0,0.0,12.493927759438897,286.2276699540354,97822.23275141971,1.1906069265167036,339.1552944071907
54.1,294.0464501003386,12.608822787978712,8.00165850496031,-0.09515109000441263,0.0,0.0,0.0,0.0,14.93378735145857,286.2386980743478,97842.04404466787,1.1908021716615258,339.16182803366615
54.15,294.79297797327035,6.1143120445904895,5.475281018309494,3.0222273168294573,0.0,0.0,0.0,0.0,8.74627760608333,286.2338456431737,97833.32657079748,1.1907162597492487,339.1589532190212
54.2,296.40861917998825,9.789689683344681,9.86703924737266,4.917840710209958,0.0,0.0,0.0,0.0,14.743868042558443,286.22334397533007,97814.46230207899,1.1905303447822007,339.15273144022575
54.25,298.36364165109796,5.056272154042502,6.344573693429572,-0.1459664471966735,0.0,0.0,0.0,0.0,8.114235000960436,286.21063632926786,97791.6393474007,1.1903054062506808,339.14520256321316
54.3,298.1779072525189,10.547244207014186,4.30940106354004,3.7491935234264466,0.0,0.0,0.0,0.0,11.994655058188924,286.2118436028586,97793.80742750358,1.1903267748490776,339.1459178416877
54.35,294.6797466189977,7.8628099003715795,3.25786819949227,1.0842716569597617,0.0,0.0,0.0,0.0,8.579809424499508,286.2345816469765,97834.64877349141,1.1907292903336082,339.1593892647975
54.4,292.38865550572973,4.510440431534758,4.428409664677607,-2.1999509946900067,0.0,0.0,0.0,0.0,6.6928819968434405,286.24947373921276,97861.40495634178,1.1909929709186253,339.1682119709591
54.45,289.8264980889144,4.176689277715285,7.381918441119859,-4.221778565253387,0.0,0.0,0.0,0.0,9.474221205352988,286.26612776242206,97891.33376645656,1.1912879013040962,339.17807824782034
54.5,288.55817371777584,5.391500775205511,8.795374415357015,-2.6866353234171454,0.0,0.0,0.0,0.0,10.6604362516921,286.27437187083444,97906.15192916202,1.1914339190165315,339.1829621660443
54.55,289.33526053481836,7.822864736944043,11.012870712601337,1.37480407774345,0.0,0.0,0.0,0.0,13.578314338575865,286.26932080652364,97897.07280676752,1.191344454126985,339.179969857475
54.6,292.1289345638792,8.434675315862853,7.100070876662646,-0.8815016583284315,0.0,0.0,0.0,0.0,11.060370667897843,286.25116192533477,97864.43844442637,1.1910228648968741,339.16921210943406
54.65,293.0892520915366,9.07691515309169,9.377854021508362,4.732649662900639,0.0,0.0,0.0,0.0,13.882813388391405,286.244919861405,97853.22250958243,1.1909123348503048,339.1655140852366
54.7,292.83718476879045,9.894214280431688,5.32837261429312,0.6915439113988611,0.0,0.0,0.0,0.0,11.25900812350893,286.24655829900286,97856.1664045257,1.1909413463831213,339.166484758769
54.75,292.6912028973749,8.876377459094046,3.6692570106818017,5.535793669167623,0.0,0.0,0.0,0.0,11.085961183151722,286.24750718116707,97857.87135998943,1.1909581483236782,339.16704691183605
54.8,291.133388141366,13.087695558810577,-1.9630085395704173,5.229888556785017,0.0,0.0,0.0,0.0,14.230000417530821,286.2576329770811,97876.0669306449,1.191137457982503,339.1730457517218
54.85,289.1665360196324,8.105967383233443,-0.10437356106780271,5.9272925357518345,0.0,0.0,0.0,0.0,10.042429878404619,286.27041751587234,97899.04404789896,1.1913638787013534,339.1806195629456
54.9,285.7861889665286,9.166829537989024,-4.783269074843039,5.35787263807684,0.0,0.0,0.0,0.0,11.645480927241705,286.2923897717175,97938.54406900117,1.1917530955100346,339.19363596264617
54.95,282.76550105876737,-2.3103256072432745,19.36038612827753,11.237328770560827,0.0,0.0,0.0,0.0,22.50421545722399,286.312024243118,97973.85231975914,1.192100983074026,339.2052670324885
55.0,277.9436011988033,11.70051686537814,12.110213199337847,1.634233845718307,0.0,0.0,0.0,0.0,16.91833558341086,286.34336659220776,98030.23595544012,1.1926564741872119,339.2238327895175
55.05,274.3935589392624,15.620487912171846,-3.8023372085229505,-1.5722241515700153,0.0,0.0,0.0,0.0,16.153306152128888,286.3664418668948,98071.764244934,1.1930655716777925,339.23750086487934
55.1,273.94886638837846,4.483697520504014,2.5630585371095465,5.515891734381095,0.0,0.0,0.0,0.0,7.556313528794161,286.3693323684755,98076.9672490785,1.1931168244375008,339.2392129440806
55.15,275.8435460669419,6.091062176486995,9.496670246580063,-9.29839080264973,0.0,0.0,0.0,0.0,14.620118184505575,286.35701695056486,98054.80061773348,1.192898466024991,339.23191831241866
55.2,276.4290400997529,9.563375709254894,8.779915155922174,-3.6026133622254846,0.0,0.0,0.0,0.0,13.47308012813863,286.3532112393516,98047.95150449341,1.192830995078688,339.22966409316007
55.25,275.5063493950886,-1.7003473281894659,10.595295556089004,-5.163321129790311,0.0,0.0,0.0,0.0,11.908457248808494,286.3592087289319,98058.74532253497,1.192937325096139,339.23321655152796
55.3,275.9974243802408,-3.8353811562608433,10.121220911730699,-6.44998124432443,0.0,0.0,0.0,0.0,12.599663464156194,286.35601674152844,98053.0005106332,1.1928807331696143,339.23132586469376
55.35,277.7507737646762,-8.1726564283794,11.848519807407802,-1.0179495505757414,0.0,0.0,0.0,0.0,14.429690087121882,286.3446199705296,98032.49127929316,1.1926786923545976,339.2245752116977
55.4,275.31628092984505,-12.478842666308003,8.044870234125598,12.030665428698502,0.0,0.0,0.0,0.0,19.109640552131545,286.360444173956,98060.9689004803,1.1929592293097278,339.2339483309235
55.45,276.71871991025415,4.8911147030899516,5.1585341013449915,12.620993504982197,0.0,0.0,0.0,0.0,14.485266796518616,286.3513283205833,98044.56297131807,1.1927976141426668,339.22854878708665
55.5,276.1084824905474,11.295353447404382,9.114085881093596,9.281738896631108,0.0,0.0,0.0,0.0,17.227949613780932,286.3552948638114,98051.70134163207,1.1928679350170615,339.2308982786207
55.55,274.3975920646911,13.160740241768439,7.065286600408098,2.958061897486036,0.0,0.0,0.0,0.0,15.227392706782343,286.3664156515795,98071.71705747047,1.19306510685017,339.23748533719004
55.6,274.04258740657957,5.60524978335855,12.708867366500181,-6.20609820897476,0.0,0.0,0.0,0.0,15.213473957402828,286.3687231818572,98075.87067322721,1.193106022540523,339.23885211616454
55.65,270.6650466441441,0.28389293901470275,14.55133568081267,-3.811174548426699,0.0,0.0,0.0,0.0,15.044833556244143,286.39067719681304,98115.3956080378,1.1934953511600803,339.25185547773094
55.7,269.40467337287936,-5.453715632163794,6.57943033767513,-1.6170060325504931,0.0,0.0,0.0,0.0,8.697506899918638,286.3988696230763,98130.14815576172,1.1936406590975972,339.25670772355505
55.75,265.83497682363446,-8.497942365870706,4.467533116976586,1.8199576842227847,0.0,0.0,0.0,0.0,9.771700086336272,286.4220726506463,98171.94085787563,1.19405228145666,339.2704501369302
55.8,262.2991454856574,-1.3717883249950225,-4.829076438269293,7.478710984723529,0.0,0.0,0.0,0.0,9.007380332164544,286.4450555543432,98213.35128550218,1.194460105856662,339.2840616292252
55.85,263.1974426289397,6.575105521370219,-1.1583965759808699,9.088424638286984,0.0,0.0,0.0,0.0,11.27711654857833,286.4392166229119,98202.82940161074,1.1943564857584357,339.2806036074706
55.9,261.0500942157257,10.773426667609066,0.8361482065517487,6.392648091345203,0.0,0.0,0.0,0.0,12.555150959086447,286.45317438759776,98227.98312013064,1.1946041974678459,339.2888698309214
55.95,260.69572554435996,14.136479751262776,9.116740450976906,0.6657642018822354,0.0,0.0,0.0,0.0,16.834436675483055,286.4554777839616,98232.13464327616,1.1946450801590394,339.29023395470824
56.0,263.11543194344864,6.696274541826087,14.929628618705465,-5.773061028488281,0.0,0.0,0.0,0.0,17.351142241092592,286.43974969236757,98203.7899667246,1.194365945544758,339.2809193115224
56.05,259.1345351459347,-2.4068146606819076,18.157085708396142,-3.5902546659928944,0.0,0.0,0.0,0.0,18.664470171949713,286.4656255215514,98250.42609540654,1.1948252038174316,339.2962436107212
56.1,259.1751069485648,-9.065511967378502,13.383362572944904,-3.549222710963,0.0,0.0,0.0,0.0,16.54976987276865,286.4653618048343,98249.95070709007,1.1948205225485582,339.2960874347194
56.15,260.5822890171549,-12.759777645227137,3.179613955160222,-0.5082182290693673,0.0,0.0,0.0,0.0,13.159793168125638,286.4562151213885,98233.463612353,1.1946581672940748,339.2906706215666
56.2,259.2643183567905,-3.6417003565406594,9.952537102340559,16.806298239650296,0.0,0.0,0.0,0.0,19.868735158040796,286.46478193068083,98248.90540486878,1.1948102291783018,339.29574402648007
56.25,257.7511164582446,-1.7274787946915517,10.589809070241166,13.974918121838941,0.0,0.0,0.0,0.0,17.61892663139198,286.4746177430214,98266.63701674381,1.1949848342770821,339.30156886225564
56.3,256.76308783941903,-7.991975352851956,1.9258350527856978,5.421839326102422,0.0,0.0,0.0,0.0,9.847682588771939,286.48103992904373,98278.21607693382,1.195098851298998,339.3053720710664
56.35,257.88400122274595,-3.220625274050585,5.212224806528942,13.579361039983562,0.0,0.0,0.0,0.0,14.897609232486685,286.47375399205214,98265.07977701937,1.1949695002093121,339.3010573469909
56.4,257.8475278912052,5.777097429719477,-1.8473066979845512,11.311243457436705,0.0,0.0,0.0,0.0,12.83478185643584,286.47399106870716,98265.50719589298,1.1949737089878578,339.30119774439544
56.45,255.26033913181794,6.748281528238616,0.014944553015094342,10.892897553176605,0.0,0.0,0.0,0.0,12.813849695857689,286.49080779564315,98295.82944367752,1.1952722822030428,339.3111565051098
56.5,253.51760952126634,10.421233383805106,6.546581856016333,13.080971153259167,0.0,0.0,0.0,0.0,17.960279662345314,286.50213553811176,98316.25877141109,1.1954734332030337,339.3178645587364
56.55,252.47435376373144,9.59504565072267,7.905634694335484,4.533066035673356,0.0,0.0,0.0,0.0,13.233013588880965,286.50891670053574,98328.49008973392,1.1955938612557948,339.32188015871344
56.6,253.51224292282058,7.885086240800728,8.554517152892048,1.4434143360206286,0.0,0.0,0.0,0.0,11.723386613492668,286.50217042100167,98316.32168722477,1.1954740526716745,339.3178852154539
56.65,252.37707292142326,4.290348753049903,10.505574896248438,2.5201212454519846,0.0,0.0,0.0,0.0,11.624336859161502,286.50954902601075,98329.63069064461,1.195605091326498,339.3222546003768
56.7,248.60955443760457,5.156459797369638,8.87196293142855,0.16169158242810372,0.0,0.0,0.0,0.0,10.262891798433797,286.53403789615555,98373.81243051816,1.1960400745936512,339.33675575941965
56.75,245.74938842319315,2.6335842125928255,11.572588567815792,-1.1398115256781163,0.0,0.0,0.0,0.0,11.923076040973136,286.5526289752492,98407.36436855866,1.1963703792531142,339.3477641097454
56.8,243.09462567853896,1.5686297010224135,12.912545881703249,-5.784236628862971,0.0,0.0,0.0,0.0,14.23558336228977,286.5698849330895,98438.51506023554,1.1966770254753636,339.3579815741199
56.85,241.94188088512286,3.1797810635637305,13.90101289478571,-8.600423372847427,0.0,0.0,0.0,0.0,16.65282106147236,286.57737777424666,98452.04372583216,1.1968101953936627,339.36241808152016
56.9,242.4983976544805,-6.568608329405032,10.279009667058464,-3.8749279888499744,0.0,0.0,0.0,0.0,12.799207867652726,286.57376041524583,98445.5122316289,1.1967459028245244,339.3602762523552
56.95,243.01457093501338,-4.906432007900804,7.719870598083424,-5.870210462677908,0.0,0.0,0.0,0.0,10.868709581888718,286.5704052889224,98439.45453772256,1.1966862733691292,339.3582896784153
57.0,243.6273354079645,-6.081816515127327,7.86488447220869,-3.872937858382761,0.0,0.0,0.0,0.0,10.66979604021367,286.5664223198482,98432.26366307671,1.1966154884408196,339.35593134300365
57.05,244.88154629039278,-5.32035292436475,8.616114519367654,-3.6996514399865448,0.0,0.0,0.0,0.0,10.781048438257255,286.5582699491124,98417.54665361413,1.1964706153108147,339.35110423343224
57.1,244.78490089852284,-8.648017693215007,9.030793698422487,5.335412838150694,0.0,0.0,0.0,0.0,13.594486934015949,286.55889814415957,98418.68063490652,1.1964817782835944,339.3514761971626
57.15,243.04052790838483,-8.61861785766058,5.983199452387156,5.1436453704023135,0.0,0.0,0.0,0.0,11.684876428952638,286.5702365685955,98439.14992047296,1.1966832748233693,339.3581897786194
57.2,240.24865257700475,-5.975337262269233,3.975053326494271,2.398264617290468,0.0,0.0,0.0,0.0,7.566860479808237,286.58838375824945,98471.91826048863,1.1970058247937319,339.3689346138325
57.25,237.93282410327916,-7.593045208101726,6.103627663348702,4.69224908086522,0.0,0.0,0.0,0.0,10.813223738643005,286.6034366433287,98499.1059229801,1.1972734267471676,339.3778470729262
57.3,236.21093107420964,-8.474307876841973,5.582904861501008,2.0567334526551213,0.0,0.0,0.0,0.0,10.354364933657116,286.61462894801764,98519.32476491062,1.1974724270794748,339.38447362149594
57.35,234.9705827960125,-7.146079318945394,7.559221252095669,6.563958525010377,0.0,0.0,0.0,0.0,12.300155571733645,286.6226912118259,98533.89128599977,1.197615790640131,339.3892469087618
57.4,234.01400520201048,-9.483755188741357,8.482111781854831,2.702212741548127,0.0,0.0,0.0,0.0,13.007297431074766,286.6289089661869,98545.12642478004,1.1977263640135958,339.3929281028724
57.45,233.81424427954073,-7.620771742085754,9.18895719322626,0.8558380333973427,0.0,0.0,0.0,0.0,11.96852350890981,286.630207412183,98547.472775919,1.1977494559009514,339.3936968370715
57.5,232.81529991393074,-9.597409182258767,8.659668205365545,-0.7675580246334459,0.0,0.0,0.0,0.0,12.949488860951346,286.63670055055945,98559.20685186921,1.1978649366031946,339.3975410197507
57.55,232.65525785071864,-9.475223103803367,7.912905360020873,4.716311971136441,0.0,0.0,0.0,0.0,13.215049099892935,286.6377408239703,98561.08688725569,1.1978834386952728,339.3981568967766
57.6,232.79659771089874,-8.65775801900062,5.60312812858374,2.8589030920875116,0.0,0.0,0.0,0.0,10.701642193179671,286.6368221148791,98559.42654763529,1.197867098710268,339.3976129899951
57.65,231.49134101307322,-6.340632236208708,6.634600296465799,4.624918201397722,0.0,0.0,0.0,0.0,10.276741050466,286.645306283415,98574.76044658318,1.1980180030007015,339.4026358709018
57.7,230.11685033391382,-5.016841036958899,5.565658732084268,2.086641101951165,0.0,0.0,0.0,0.0,7.778131022327451,286.65424047282954,98590.90978083719,1.198176927341612,339.40792509724344
57.75,228.99593967293046,-6.487774557671816,5.9041890857466734,2.734550122504416,0.0,0.0,0.0,0.0,9.188494536316208,286.66152639212595,98604.08130755859,1.1983065436432994,339.412238452304
57.8,228.99974352761262,-8.46545354661436,4.693060350070772,3.841764083824531,0.0,0.0,0.0,0.0,10.41383073009429,286.66150166707047,98604.03660705201,1.1983061037671112,339.41222381485557
57.85,227.93522071860752,-10.563604449178426,4.460993643978588,2.35078805958918,0.0,0.0,0.0,0.0,11.705400794138859,286.668421065329,98616.54684948028,1.1984292095660425,339.41632013432087
57.9,227.57315488676207,-10.06868402378745,5.662361846007613,1.880068372541273,0.0,0.0,0.0,0.0,11.70364886398363,286.670774493236,98620.8021299544,1.1984710825539648,339.41771336451603
57.95,227.03745435392182,-8.562461558304344,6.504546151339608,0.804119783454821,0.0,0.0,0.0,0.0,10.782925261657432,286.6742565466995,98627.09837379317,1.1985330384838901,339.41977473096955
58.0,226.54580981952228,-9.352943021713791,4.404395600884466,-0.49181881187244764,0.0,0.0,0.0,0.0,10.349788863557881,286.6774522361731,98632.87710113157,1.1985899013159733,339.42166655968043
58.05,226.24513201851505,-9.762826950497777,5.3610806801472695,-0.08211706525189866,0.0,0.0,0.0,0.0,11.138254770690946,286.6794066418796,98636.41136487624,1.1986246782536825,339.42282355076264
58.1,224.23929851899362,-7.011412389241327,6.257812498112461,3.2153153119060556,0.0,0.0,0.0,0.0,9.932692158147097,286.6924445596265,98659.99120200612,1.1988566963326601,339.43054178311223
58.15,221.84970950628963,-6.331723829592908,4.975416108133144,3.9820936752481386,0.0,0.0,0.0,0.0,8.983460476996417,286.7079768882091,98688.08828477473,1.1991331488931336,339.43973643647644
58.2,219.66067087417213,-6.574892099084133,4.644567904824858,4.257956465930262,0.0,0.0,0.0,0.0,9.106668457942535,286.72220563931785,98713.83295747722,1.199386442495332,339.44815919411417
58.25,218.39695177910622,-8.552015930076543,4.339593550698357,2.3439366886798734,0.0,0.0,0.0,0.0,9.872339532962048,286.7304198134358,98728.69768096002,1.1995326860326834,339.4530215072852
58.3,217.6328878023664,-8.379998520040807,5.471810388047352,2.763526731409343,0.0,0.0,0.0,0.0,10.382782098929123,286.7353862292846,98737.68600030367,1.1996211137390687,339.45596130273304
58.35,216.6577011090558,-10.325596476203051,3.936833993622537,2.4404080293543453,0.0,0.0,0.0,0.0,11.316898684377094,286.7417249427911,98749.15889409218,1.1997339826353441,339.4597133722343
58.4,215.58391272396088,-11.198137803208015,3.896381033203722,2.281001002176342,0.0,0.0,0.0,0.0,12.074064807987225,286.7487045672942,98761.79306749598,1.1998582731689402,339.4638447676844
58.45,214.6593874470531,-10.23683852891177,2.9818031485588503,4.621391120708198,0.0,0.0,0.0,0.0,11.62072583681108,286.75471398159414,98772.67206264695,1.1999652944551553,339.4674018337891
58.5,214.77309562479584,-9.911460564612122,2.561973902229131,5.140507112773578,0.0,0.0,0.0,0.0,11.45537315743316,286.7539748784388,98771.33399312443,1.1999521314191022,339.46696434910746
58.55,213.95437292272493,-9.784009707467007,2.0712921802623976,4.141426296083559,0.0,0.0,0.0,0.0,10.824440355866772,286.75929657600227,98780.96870165798,1.200046910502166,339.4701143178852
58.6,213.39894437316644,-7.441976055568316,3.551636445309346,5.414020016417046,0.0,0.0,0.0,0.0,9.864519338998033,286.7629068615744,98787.50540435956,1.2001112127109448,339.4722512672588
58.65,213.6704302519677,-5.5009587649526654,3.9734684432084757,6.562920501824936,0.0,0.0,0.0,0.0,9.440387932503475,286.76114220336217,98784.31030971819,1.2000797823413945,339.4712067573112
58.7,214.52303848517423,-4.179471781881001,3.0292646564840155,6.609085801131718,0.0,0.0,0.0,0.0,8.38596707966849,286.75560024984634,98774.27657865032,1.1999810785693499,339.4679264266445
58.75,213.0067461850475,-4.124979085254164,1.8654317578137676,6.917485759010776,0.0,0.0,0.0,0.0,8.267218233660058,286.76545614979716,98792.12129985396,1.2001566192563602,339.473760197926
58.8,211.90968867666865,-4.746461777588013,1.439529898507077,7.279093108258075,0.0,0.0,0.0,0.0,8.808310973931947,286.77258702360166,98805.03381890447,1.2002836375104662,339.477980946003
58.85,211.18721697292875,-4.652547843591668,2.25754016682649,9.04893337153626,0.0,0.0,0.0,0.0,10.422374211485934,286.77728308967596,98813.53815738688,1.2003672915169186,339.4807605082328
58.9,211.4874951687718,-6.968511835071142,-0.7177826640014537,7.6414424420473805,0.0,0.0,0.0,0.0,10.366629719604662,286.77533128140294,98810.0034592051,1.2003325221753232,339.4796052520054
58.95,212.41756281234842,-7.133508864452149,0.6532667700581951,8.041181482027872,0.0,0.0,0.0,0.0,10.769136725800616,286.7692858417197,98799.05590000142,1.2002248341314121,339.476026990437
59.0,212.09122128812467,-5.668830834302985,1.3508194679197625,9.964092992321124,0.0,0.0,0.0,0.0,11.543115065807767,286.77140706162714,98802.8970605334,1.2002626187998116,339.47728253280235
59.05,213.01620096965945,-4.572844694026793,1.0818206767094338,10.343520511244368,0.0,0.0,0.0,0.0,11.360882938344977,286.7653946936972,98792.01002166682,1.200155524618029,339.47372382197136
59.1,213.8265239879525,-2.948088217094044,2.5001910328838153,11.138832736655615,0.0,0.0,0.0,0.0,11.79049507323048,286.7601275940783,98782.4732934589,1.2000617113963437,339.47060620358906
59.15,214.400787022707,-0.09594832117568963,3.6325034365361684,11.007401000536403,0.0,0.0,0.0,0.0,11.591685126994836,286.7563948843524,98775.71521721454,1.1999952308550117,339.46839677969245
59.2,213.43164705750118,0.591181434416042,1.6442036711300805,9.669174705123474,0.0,0.0,0.0,0.0,9.825774304285412,286.7626942941262,98787.12052476514,1.20010742663369,339.4721254477023
59.25,210.3109601802841,1.9134172917488774,0.4086155038671685,9.02074129826625,0.0,0.0,0.0,0.0,9.230487849112338,286.7829787588281,98823.85352193995,1.2004687580731086,339.48413169662325
59.3,206.6368849948274,3.1931635494016284,0.1655590465313283,9.053754393584356,0.0,0.0,0.0,0.0,9.601779619969601,286.8068602475336,98867.11452011018,1.2008942707270196,339.49826645754223
59.35,202.83820759851764,4.890124385272661,-0.0490709111045059,9.070206748815044,0.0,0.0,0.0,0.0,10.304580288590357,286.83155165060964,98911.85878970679,1.2013343354863968,339.51287996456114
59.4,200.0051825874098,5.680836797533514,0.8387945079639105,7.662393976177436,0.0,0.0,0.0,0.0,9.575372806996159,286.8499663131818,98945.23940255278,1.2016626127772292,339.5237781986387
59.45,197.5983563545778,6.475698103323686,2.112206391813023,8.080908416374724,0.0,0.0,0.0,0.0,10.568687837231339,286.8656106836952,98973.60541987384,1.2019415581205943,339.5330366333394
59.5,196.60407054713025,5.9322764654486075,2.59221390319296,5.826442128237756,0.0,0.0,0.0,0.0,8.709701766198773,286.8720735414436,98985.32564862305,1.2020568079008274,339.53686131862025
59.55,195.48328486951303,4.103420565860974,1.5471175939057276,5.704657459723494,0.0,0.0,0.0,0.0,7.1954673178663215,286.87935864834816,98998.53835274234,1.2021867306856862,339.5411725549814
59.6,195.82483881248433,8.97428142716003,7.409646198562366,3.6910450761925686,0.0,0.0,0.0,0.0,12.209193162376643,286.87713854771886,98994.51169462928,1.2021471362156384,339.5398587326262
59.65,196.90462444674344,7.415954441608156,5.40916433400134,5.2187272461901175,0.0,0.0,0.0,0.0,10.558908709822573,286.87011994109616,98981.78272539505,1.2020219691683207,339.5357051927357
59.7,198.27412438553108,9.075720546582799,7.038555091360495,6.370387362385404,0.0,0.0,0.0,0.0,13.13361322563679,286.861218191494,98965.64038798782,1.2018632332377965,339.5304371549268
59.75,199.7346125268685,8.533596509729993,7.6735465710377095,2.408624935136379,0.0,0.0,0.0,0.0,11.726340454162212,286.85172501857534,98948.42791876664,1.2016939687221961,339.5248190239042
59.8,200.64035406898893,10.488481548402785,3.2664647371341613,4.454740814114132,0.0,0.0,0.0,0.0,11.85422932083992,286.8458376985516,98937.75459025094,1.2015890061980823,339.5213348169993
59.85,200.44149226753856,7.85396893714219,6.745622164706534,3.367502339970038,0.0,0.0,0.0,0.0,10.887071160981643,286.847130300261,98940.09791325267,1.2016120508431192,339.5220998017152
59.9,198.83809163681465,6.471169236798023,7.939784939803882,0.37659888795076185,0.0,0.0,0.0,0.0,10.24978257837811,286.85755240436066,98958.99350855373,1.2017978696118228,339.52826772559075
59.95,197.2771499067803,8.576715760359697,5.108913834735207,1.5259547850344912,0.0,0.0,0.0,0.0,10.098989643064344,286.86769852560593,98977.39154539391,1.201978788917954,339.53427221193044
60.0,196.10144217817117,9.274110718035551,5.517109945265648,0.07024225635282377,0.0,0.0,0.0,0.0,10.791318998765098,286.8753406258419,98991.25085102273,1.2021150718399052,339.53879474561825
60.05,194.47726658339667,9.371543811128696,6.732685341780298,-1.378592426191353,0.0,0.0,0.0,0.0,11.621333933455317,286.8858977672079,99010.39930467392,1.2023033586494491,339.54504227820473
60.1,193.2449177314611,10.708953932360693,4.7680399025600595,0.7260202895587791,0.0,0.0,0.0,0.0,11.744913975788817,286.8939080347455,99024.93026124295,1.202446236970917,339.54978253847133
60.15,193.06897013764203,10.16257985099215,7.951313451687507,0.784650103315446,0.0,0.0,0.0,0.0,12.927377561571074,286.8950516941053,99027.00504748334,1.2024666373653992,339.5504593198338
60.2,192.32735641223454,8.074278431130015,5.423439008016528,2.946980478922267,0.0,0.0,0.0,0.0,10.16328474462049,286.89987218332044,99035.75059488796,1.2025526273141816,339.5533119177473
60.25,190.40812967438302,10.247583836975455,2.729003063993565,1.4414352094797018,0.0,0.0,0.0,0.0,10.702250589584166,286.91234715711647,99058.38615455724,1.202775183074012,339.5606940622404
60.3,187.18008800032922,8.605674138774916,2.5048994223151104,4.495931188514142,0.0,0.0,0.0,0.0,10.027240186140359,286.9333294279978,99096.46746217109,1.203149581601464,339.57311009152284
60.35,184.67470987786407,10.609123040961668,-1.7952637661134863,2.643043302867271,0.0,0.0,0.0,0.0,11.079807831772863,286.94961438579384,99126.03165538213,1.2034402247623808,339.58274622427297
60.4,184.08616017838358,4.7920066907921175,-1.1952223205273396,10.266654641965241,0.0,0.0,0.0,0.0,11.392808348140926,286.9534399588405,99132.9777494793,1.2035085088514579,339.5850098521123
60.45,182.7414665832319,24.667589882599234,-4.7912688909911765,-19.387199320036945,0.0,0.0,0.0,0.0,31.738143387361728,286.96218046720895,99148.84937202772,1.2036645325883657,339.590181637157
60.5,180.74460207146194,14.995560842700732,0.9099157548426469,-4.322636372481118,0.0,0.0,0.0,0.0,15.632657383719092,286.9751600865355,99172.42246337232,1.2038962557534458,339.5978615715594
60.55,179.04336414152732,8.362982648288575,0.15330621976856956,5.684948583958548,0.0,0.0,0.0,0.0,10.113437693230123,286.98621813308006,99192.50924726854,1.2040937002947039,339.6044043900798
60.6,178.91437844068415,9.770387116357966,3.8239334779088066,-0.7641819130916342,0.0,0.0,0.0,0.0,10.519833917094978,286.98705654013554,99194.03233607851,1.2041086712995233,339.60490045313577
60.65,178.09594623835142,10.378612999275532,-1.05936026641717,-2.363026416512411,0.0,0.0,0.0,0.0,10.696810076276478,286.9923763494507,99203.69698760439,1.2042036677247074,339.60804802529896
60.7,176.1835599669554,6.056196195670617,-1.742317590278144,-2.8571595637843634,0.0,0.0,0.0,0.0,6.91928780430272,287.0048068602148,99226.28282862826,1.2044256630859016,339.61540267325114
60.75,174.65962355021847,-5.208020121857772,17.195977965312597,6.1325674448046925,0.0,0.0,0.0,0.0,18.98508665343064,287.01471244692357,99244.28394418239,1.2046025884723934,339.62126330818154
60.8,177.44994320955007,-5.387845031510535,13.84505690615997,2.124384053222195,0.0,0.0,0.0,0.0,15.007580831831804,286.99657536913793,99211.3260066126,1.2042786541339814,339.610532439139
60.85,179.02038079199508,-14.439718492502529,7.727046440533845,4.135790920641817,0.0,0.0,0.0,0.0,16.89134344497647,286.986367524852,99192.78063784455,1.204096367896535,339.60449278125327
60.9,177.50005415236538,-12.634076537747172,-1.7763651933308535,5.507358310870238,0.0,0.0,0.0,0.0,13.89627140012897,286.9962496480096,99210.73420085078,1.204272837253782,339.6103397219313
60.95,174.83080999939247,-10.700838578093238,-2.1756858822133665,8.133790680738542,0.0,0.0,0.0,0.0,13.616170760185854,287.01359973500394,99242.26171548812,1.204582713142341,339.6206049778282
61.0,174.45116098526313,-6.8783766433802604,-3.6189406501906443,11.685504069522771,0.0,0.0,0.0,0.0,14.034236781408337,287.0160674535958,99246.74656137831,1.2046267920252791,339.6220649892709
61.05,179.1391077180679,0.657875626590795,-2.8604269315244277,16.30031992558764,0.0,0.0,0.0,0.0,16.562465765916677,286.98559579983254,99191.37870031917,1.2040825877011432,339.6040361716549
61.1,177.93863326538792,0.8373073243185242,2.3847462292730888,5.741289818150387,0.0,0.0,0.0,0.0,6.272998239230341,286.99339888377494,99205.55474266296,1.204221927890522,339.60865302495256
61.15,170.7007934382541,-1.9645370049923523,4.204434854550738,3.0633867535572286,0.0,0.0,0.0,0.0,5.560666910723506,287.0404448426513,99291.0589864888,1.205062292129857,339.63648739338396
61.2,163.9392550590672,-3.0775615695160883,-3.084372700864687,5.318513272880304,0.0,0.0,0.0,0.0,6.8754144315674255,287.084394842116,99370.9903448185,1.2058477596792379,339.66248800125277
61.25,159.12963544325567,4.026737307690771,0.39686874670422284,9.285516697488077,0.0,0.0,0.0,0.0,10.128817230387227,287.1156573696188,99427.8788503807,1.2064067170535364,339.6809815505259
61.3,156.23097900533773,5.205188230938253,3.849364189431702,1.5027178085083674,0.0,0.0,0.0,0.0,6.646032650716176,287.1344986364653,99462.17708857504,1.2067436846062354,339.6921267368973
61.35,159.519671718429,14.036159506130856,14.168239252858108,4.38801723545895,0.0,0.0,0.0,0.0,20.420760819970976,287.1131221338302,99423.26449263217,1.206361381001178,339.6794818529997
61.4,165.16731800834827,14.581522440794728,11.190617348630022,1.6675003936582455,0.0,0.0,0.0,0.0,18.456198712023824,287.0764124329457,99356.46895818037,1.2057050702046042,339.65776579437704
61.45,168.10627721478397,12.447380526318852,15.450281848683652,-5.0592499316379635,0.0,0.0,0.0,0.0,20.47546094820637,287.0573091981039,99321.72383759923,1.2053636429696875,339.64646450013583
61.5,167.57701078703718,12.716986201471677,11.184898826707796,-3.946987395175397,0.0,0.0,0.0,0.0,17.389721369527,287.06074942988425,99327.98023296805,1.2054251238917548,339.6484997366948
61.55,165.5693801221979,9.979836873917499,10.513075022050643,-5.069936610217153,0.0,0.0,0.0,0.0,15.356632042244442,287.0737990292057,99351.71509693729,1.2056583571393409,339.6562197514818
61.6,162.1110349613992,10.003480371335622,12.53756561019647,-4.1873694039684155,0.0,0.0,0.0,0.0,16.57691869724193,287.0962782727509,99392.61154957773,1.206060205755043,339.66951783972377
61.65,158.55963134091377,7.025076910428661,13.562246667369651,0.043731752871002394,0.0,0.0,0.0,0.0,15.273773362539666,287.11936239628403,99434.62264490238,1.2064729740963824,339.6831732161525
61.7,156.13922124175662,4.430152957765634,10.376553105969416,-2.942482295842372,0.0,0.0,0.0,0.0,11.660073398205903,287.13509506192855,99463.26296511338,1.2067543525820352,339.69247953485404
61.75,152.4489606943906,-0.16572407106902415,12.858341011502834,14.000599253069863,0.0,0.0,0.0,0.0,19.010028339823375,287.15908175548645,99506.94207531413,1.2071834508516286,339.70666785489703
61.8,149.621985759856,1.4708458607523427,6.9069158987955,11.155211299983344,0.0,0.0,0.0,0.0,13.202560885161729,287.1774570925609,99540.41356518374,1.2075122464468802,339.7175366120911
61.85,150.50947453423893,9.786615637485527,3.2431558430356184,1.436219798568287,0.0,0.0,0.0,0.0,10.409545271907502,287.1716884155274,99529.90468298076,1.2074090183457458,339.71412455702813
61.9,153.21621649984004,14.197346614051012,4.18899817541934,4.683929963245253,0.0,0.0,0.0,0.0,15.525835130316146,287.154094592751,99497.85931023111,1.2070942258231208,339.7037179572647
61.95,155.23633941674248,16.367175524206576,4.167344866228732,11.080550329523357,0.0,0.0,0.0,0.0,20.19974736177089,287.1409637937912,99473.94832980444,1.2068593276179602,339.6959509911928
62.0,153.5707591287243,24.685267652433325,29.84158422331431,32.90632046567,0.0,0.0,0.0,0.0,50.82035531771501,287.15179006566325,99493.66246559893,1.2070529973719897,339.7023548250558
62.05,148.77678271630833,4.220876400041451,37.16186254041656,34.185731024745216,0.0,0.0,0.0,0.0,50.67034666107456,287.182950912344,99550.42257122733,1.2076105623674693,339.72078606282497
62.1,144.91999247163886,-8.111102473391258,41.265468620965066,16.20594691408541,0.0,0.0,0.0,0.0,45.06951962495119,287.2080200489343,99596.10553500522,1.2080592706236424,339.735613407051
62.15,142.9048052638014,7.687642377206531,26.118675312793794,7.821737677637076,0.0,0.0,0.0,0.0,28.3278065813916,287.22111876578526,99619.98180405745,1.2082937730798122,339.7433604920133
62.2,142.10914448886072,-2.5603858609773233,24.399593901903856,13.719083707393938,0.0,0.0,0.0,0.0,28.10887788769588,287.2262905608224,99629.41019978003,1.2083863717864947,339.7464192418777
62.25,140.44543821741746,-6.936130396138785,22.28798985275659,9.480052270539142,0.0,0.0,0.0,0.0,25.193963316655346,287.2371046515868,99649.12706840926,1.208580010851063,339.7528149203965
62.3,139.4910448933625,0.4190849361689192,16.646745490112693,4.820304976115769,0.0,0.0,0.0,0.0,17.335660000677144,287.2433082081931,99660.43917359812,1.2086911035717869,339.7564837786419
62.35,139.63346415996006,3.5476799789310194,8.587727341252224,6.3549307000409,0.0,0.0,0.0,0.0,11.257008409116576,287.24238248296024,99658.75105961318,1.2086745252736313,339.75593629608187
62.4,140.1187186122151,0.3532966026809835,12.131388731890576,13.646610796485254,0.0,0.0,0.0,0.0,18.262677713973257,287.2392283290206,99652.9994496805,1.2086180405916958,339.7540708933206
62.45,139.9352994368684,-5.744484315305186,14.797018023428997,13.72794731831903,0.0,0.0,0.0,0.0,20.985885256738936,287.24042055366033,99655.17344357703,1.2086393907483626,339.75477598982985
62.5,140.03519527050494,-4.5281617860226175,21.763376296308948,8.043188367560797,0.0,0.0,0.0,0.0,23.63983240404219,287.23977123074167,99653.98941357754,1.208627762747871,339.75439197234545
62.55,139.21200108931177,-1.2909499925740386,21.269838183463612,11.5212780504949,0.0,0.0,0.0,0.0,24.22421136282602,287.24512199291945,99663.74678302104,1.208723586137656,339.7575564653339
62.6,138.7152515711016,-3.6971516359610366,15.593127648381774,12.821743097991007,0.0,0.0,0.0,0.0,20.52344162534387,287.2483508647878,99669.63515876725,1.208781412757942,339.7594660374193
62.65,137.56743886438713,-3.826342103213367,15.416750863749279,10.58628966477966,0.0,0.0,0.0,0.0,19.08891379708018,287.25581164738145,99683.2421931038,1.208915037750791,339.7638783430828
62.7,137.31400756026838,-1.937773950825616,13.552405515931502,9.466333851255914,0.0,0.0,0.0,0.0,16.644342574466034,287.2574589508582,99686.24676093797,1.208944543003774,339.7648525503799
62.75,136.78299292476532,-1.3788766334908467,10.525042792598809,8.233201574938882,0.0,0.0,0.0,0.0,13.433667955178857,287.260910545989,99692.5424700023,1.209006367149639,339.7668937979635
62.8,136.6290086541766,-2.2478801454624575,11.462958692002207,6.555289414557745,0.0,0.0,0.0,0.0,13.394932117466146,287.2619114437478,99694.36816759875,1.209024295443118,339.7674857191296
62.85,136.35721984164795,-1.6283976823929707,15.334344492648551,9.113877653207878,0.0,0.0,0.0,0.0,17.91246956477207,287.2636780710293,99697.59066787604,1.2090559401429406,339.76853048274575
62.9,136.15600519475444,0.8441053564343302,18.12892266346852,9.981283825929408,0.0,0.0,0.0,0.0,20.712227731573048,287.26498596623406,99699.97645048886,1.2090793682155903,339.7693039552727
62.95,135.79373989500863,3.3244582581657096,14.777644964304557,9.302842282571149,0.0,0.0,0.0,0.0,17.77564873459519,287.26734069068243,99704.27191166152,1.2091215488125715,339.7706965048112
63.0,134.6102543608256,1.8188857367498699,10.028353957346354,8.898727042006684,0.0,0.0,0.0,0.0,13.530098720457195,287.2750333466546,99718.30581040146,1.2092593565708034,339.7752457890658
63.05,135.07252961933284,-0.9393677726681974,7.07268288126331,6.064240571580213,0.0,0.0,0.0,0.0,9.363774274364062,287.2720285574743,99712.8239103161,1.209205526754025,339.7734688235563
63.1,135.47498801191333,-0.5867254113544578,6.7761019908712985,3.86966926639242,0.0,0.0,0.0,0.0,7.825224925219792,287.26941257792254,99708.05154839654,1.2091586638274938,339.7719217838486
63.15,134.62507379235325,-0.45904257299754464,6.642944538180932,1.2680349637871222,0.0,0.0,0.0,0.0,6.778447085473094,287.2749370203497,99718.13007010022,1.2092576308880691,339.7751888239751
63.2,135.55449219428044,2.219101348356787,7.5540064697665095,0.4490447849245511,0.0,0.0,0.0,0.0,7.886004422926805,287.26889580073714,99707.10880764479,1.2091494063922388,339.77161617098363
63.25,134.28417712684416,2.767883781464599,6.166601407600866,-0.6878012206379891,0.0,0.0,0.0,0.0,6.7942051828768655,287.2771528486755,99722.1727503589,1.2092973278598937,339.77649920984413
63.3,136.04447779084126,4.7025530835498675,4.55013573009317,0.868100907753465,0.0,0.0,0.0,0.0,6.60085902378753,287.26571089435953,99701.29884004667,1.2090923538618297,339.76973266775286
63.35,135.84821101331994,5.759718635885085,3.301214912025414,4.093306009992401,0.0,0.0,0.0,0.0,7.799200776450164,287.2669866284134,99703.62602578306,1.2091152063603945,339.7704871179374
63.4,134.94578075379525,3.2496542565858904,1.3012535916585564,4.202957377339262,0.0,0.0,0.0,0.0,5.469768222958045,287.2728524251003,99714.32693990537,1.2092202858910512,339.7739560414763
63.45,135.00444084215832,0.38048130540508257,0.34628703913610137,2.9733217666439855,0.0,0.0,0.0,0.0,3.0175027862845982,287.272471134526,99713.63132707139,1.2092134552622342,339.77373055436755
63.5,133.36931548683782,-2.329160948665131,2.435914586985045,0.7247074332658753,0.0,0.0,0.0,0.0,3.447299154947825,287.2830994493355,99733.02271485275,1.209403867231885,339.7800158568842
63.55,132.52160100333515,0.6694230006044801,5.660359597410894,-0.45491906199118526,0.0,0.0,0.0,0.0,5.717932255518848,287.2886095934783,99743.0771889016,1.2095025934528068,339.7832743637202
63.6,130.46596085303753,2.596001459011711,5.886914644798821,0.45717015212494666,0.0,0.0,0.0,0.0,6.450115670151328,287.3019712544552,99767.46189657696,1.2097420222837354,339.7911758536821
63.65,129.1490066932037,2.713488435691886,2.8828254976464307,1.9957965058375393,0.0,0.0,0.0,0.0,4.433610947436335,287.3105314564942,99783.08659474005,1.2098954323858386,339.79623787855763
63.7,128.83012130600625,6.279781245414934,3.363150499276306,2.357220196038571,0.0,0.0,0.0,0.0,7.503527225489338,287.3126042115109,99786.87023465458,1.2099325811255415,339.797463578644
63.75,128.1327548825159,4.924348594869546,4.417046361109673,5.706139977285726,0.0,0.0,0.0,0.0,8.736105601488813,287.3171370932636,99795.1450337988,1.2100138242757195,339.8001440312671
63.8,128.82358548858798,-2.0042562330220397,2.8298119072592964,5.8985729543197385,0.0,0.0,0.0,0.0,6.842371034627287,287.31264669432414,99786.94778467123,1.2099333425285401,339.7974887003258
63.85,127.70538729198447,-1.2126289420169267,19.712807949842663,8.183793081576319,0.0,0.0,0.0,0.0,21.37848767851584,287.3199149826021,99800.21635977503,1.210063614639081,339.8017866846175
63.9,125.8312433572276,-5.377813059812104,26.79710747526653,16.752503181421215,0.0,0.0,0.0,0.0,32.057014913912354,287.332096918178,99822.45821465977,1.2102819798578972,339.80899015256824
63.95,125.48022836983777,-6.428159142968808,17.182373380554257,4.494281793566661,0.0,0.0,0.0,0.0,18.88792613804114,287.33437851559603,99826.62441587356,1.210322881596877,339.81033929835417
64.0,126.3207725435887,-6.824399363564926,22.35232043578498,7.9952787180745215,0.0,0.0,0.0,0.0,24.70067078678495,287.3289149784666,99816.64822180274,1.2102249396290552,339.80710861074755
64.05,124.85436939336874,-6.765648300781633,22.332278327481323,11.557587134951948,0.0,0.0,0.0,0.0,26.040016755139927,287.3384465989431,99834.05309310864,1.210395811934221,339.8127448091335
64.1,123.69773856408509,0.5782805194777789,16.041510417673354,15.779730687574116,0.0,0.0,0.0,0.0,22.50920623682449,287.3459646993334,99847.78298230178,1.2105306011074566,339.8171903152063
64.15,121.92159371474264,-3.2793297727604687,10.755358665644529,10.786257418905134,0.0,0.0,0.0,0.0,15.581241699301572,287.3575096408542,99868.86984449126,1.2107376083455246,339.8240168077737
64.2,121.95040392451463,-1.6211706434697817,5.791307998531162,9.001098754505362,0.0,0.0,0.0,0.0,10.82530467827383,287.35732237449065,99868.52777327911,1.2107342503391578,339.8239060787757
64.25,121.31699125787598,-5.9934362003250925,4.284166220864056,3.7826166740487484,0.0,0.0,0.0,0.0,8.28151837516234,287.36143955682377,99876.04866764664,1.2108080801078658,339.8263405251287
64.3,120.65204656504847,-4.075828578737075,8.971757121629205,2.8800343448134798,0.0,0.0,0.0,0.0,10.266421103776109,287.3657616973272,99883.94445439575,1.2108855889147951,339.82889614231584
64.35,119.90067729367058,-1.051770569226348,7.907299030394618,2.977676603701089,0.0,0.0,0.0,0.0,8.514584971835047,287.37064559759114,99892.86708518284,1.2109731763093488,339.8317838965389
64.4,120.45506844107771,-1.1071377866914394,8.497670958128884,4.057627331104397,0.0,0.0,0.0,0.0,9.481587701934338,287.36704205513297,99886.28353883947,1.210908550258991,339.8296531950917
64.45,119.71394650227715,-0.9951200462354229,9.646627785892125,5.597957414349411,0.0,0.0,0.0,0.0,11.197536280755473,287.37185934773515,99895.08464345109,1.210994944338866,339.83250155933337
64.5,118.25821246648161,-2.381804189282777,11.267838826722935,4.630300862067652,0.0,0.0,0.0,0.0,12.412770403675173,287.38132161896783,99912.3738662806,1.211164655920937,339.83809633267225
64.55,116.86841456098931,-1.973272039524118,11.113804150146555,6.409499954572879,0.0,0.0,0.0,0.0,12.980452029781251,287.3903553053535,99928.88225048807,1.2113266975507078,339.84343760997126
64.6,116.30839097804066,-2.5689497868051716,10.552484524302477,8.940864417011708,0.0,0.0,0.0,0.0,14.067462072675218,287.39399545864273,99935.53498183895,1.2113919974399752,339.8455898712896
64.65,115.57282747577675,-3.2530968184895466,11.114404810904933,11.34770689597823,0.0,0.0,0.0,0.0,16.213669695912934,287.3987766214074,99944.27356296674,1.2114777697325239,339.84841674023585
64.7,115.28840389166628,-5.01447459816371,10.733425502205828,8.335751442822286,0.0,0.0,0.0,0.0,14.485721612109815,287.40062537470413,99947.65271455524,1.2115109369288135,339.8495098118171
64.75,114.90984348614992,-5.566573636481123,12.678887639641442,6.548762738322379,0.0,0.0,0.0,0.0,15.317546384191525,287.40308601734,99952.15042108981,1.2115550826835026,339.85096465625696
64.8,114.6059290473409,-2.206420949285528,13.872728535803855,10.578973957671538,0.0,0.0,0.0,0.0,17.585095405787403,287.40506146119225,99955.76137150887,1.2115905245025582,339.8521326244832
64.85,114.47326458189181,-2.259110344246325,11.028408154015224,11.993253527694657,0.0,0.0,0.0,0.0,16.448936018435678,287.4059237802177,99957.33765355157,1.2116059957831493,339.85264246369496
64.9,113.6976968360889,-2.354254982220086,9.032972852538371,11.46371727144145,0.0,0.0,0.0,0.0,14.783569553918577,287.4109649705654,99966.55313520707,1.2116964452295798,339.85562301177407
64.95,113.7379949290826,-3.334716750208805,6.8094561607554445,9.247490061574323,0.0,0.0,0.0,0.0,11.958474043467643,287.41070303296095,99966.07428667347,1.2116917453965916,339.85546814470416
65.0,113.29996682096045,-3.198042515090541,6.460833368793427,7.2107529465405396,0.0,0.0,0.0,0.0,10.196313147588413,287.41355021566375,99971.27932533731,1.2117428319107584,339.85715149922737
65.05,112.91471176160523,-2.0970135380432375,8.762882390560392,8.117476610319251,0.0,0.0,0.0,0.0,12.127613124131646,287.41605437354957,99975.85744919168,1.2117877649510205,339.85863203852625
65.1,112.16187564796485,-2.9183090745325098,8.243502528065024,9.23283542668999,0.0,0.0,0.0,0.0,12.716804307728218,287.4209478082882,99984.80416036751,1.2118755733574458,339.8615251771179
65.15,111.20018741304065,-1.3341279151622105,8.030055164227036,9.500008877467605,0.0,0.0,0.0,0.0,12.51046969168255,287.4271987818152,99996.2338150545,1.2119877486906385,339.8652208956487
65.2,111.28480228550589,-2.422567921028763,6.18431536540627,6.077851800430212,0.0,0.0,0.0,0.0,9.003048060450999,287.4266487851442,99995.22812572744,1.2119778785397326,339.86489572664885
65.25,110.59338678506279,-0.22525833201973933,7.640410142257163,7.530275930755572,0.0,0.0,0.0,0.0,10.729942406712494,287.43114298589705,100003.44617858587,1.2120585325380844,339.8675527786412
65.3,109.58359972170162,-0.022175525513766666,5.300534070668092,5.785944498545004,0.0,0.0,0.0,0.0,7.846866057763969,287.43770660180894,100015.44932697306,1.2121763321318617,339.87143326862434
65.35,109.45585410641165,0.7940499292718454,4.544100634804254,5.614006090220242,0.0,0.0,0.0,0.0,7.266115210374455,287.4385369483083,100016.96789813347,1.212191235285539,339.8719241764707
65.4,108.8711877978321,0.6961523107209758,3.272204554838981,5.153074426290843,0.0,0.0,0.0,0.0,6.1437876535020175,287.4423372793141,100023.91833498914,1.212259445848807,339.8741709551315
65.45,108.17653438609915,-0.02652493584636148,3.4694849349503825,6.924857393782627,0.0,0.0,0.0,0.0,7.745429569126249,287.4468525264903,100032.17679257253,1.2123404919624579,339.87684037724705
65.5,108.89869870722312,-0.7247293568417441,3.9903659456270115,8.25148753899928,0.0,0.0,0.0,0.0,9.19430800152727,287.442158458403,100023.59128011635,1.2122562362006908,339.87406523546105
65.55,109.39944392201602,-1.546587247250044,4.233585021406254,8.083830602572188,0.0,0.0,0.0,0.0,9.255457387828788,287.4389036145069,100017.63847800523,1.2121978162969091,339.87214095239096
65.6,108.4067640536351,-1.0598694079876845,5.650602135283896,8.339602356171326,0.0,0.0,0.0,0.0,10.129244547957239,287.44535603365136,100029.4396226358,1.2123136303095785,339.87595565035707
65.65,107.37800168170016,-0.9825677626002793,6.306681863390742,7.920151844041185,0.0,0.0,0.0,0.0,10.171945770932522,287.4520429890689,100041.67091180927,1.2124336629291288,339.8799089619996
65.7,106.02981477741629,0.4802641113416359,7.120944901330892,8.932422687301093,0.0,0.0,0.0,0.0,11.433577085455124,287.4608062039468,100057.70177617784,1.2125909787201936,339.88508968352835
65.75,105.22456382609775,0.09402084691971893,5.779070451098198,7.176406815684482,0.0,0.0,0.0,0.0,9.214516264167887,287.46604033513034,100067.27775291506,1.212684948430416,339.88818400979875
65.8,104.24708454044804,-0.46551143723034905,5.859640200994473,6.5804599497096765,0.0,0.0,0.0,0.0,8.823521821417788,287.47239395048706,100078.90285168873,1.2127990240151623,339.8919401175648
65.85,103.54745946343795,3.2674444102766134,8.918824289718694,8.97407679276638,0.0,0.0,0.0,0.0,13.06735145190456,287.47694151348765,100087.22411953867,1.2128806779878536,339.89462850422524
65.9,104.05900671246489,2.7716794268683684,7.278897438452544,6.679958132046928,0.0,0.0,0.0,0.0,10.260915914806839,287.473616456369,100081.13977474142,1.2128209743613707,339.89266282948944
65.95,104.12381176789846,3.0790870173017524,6.11390475434201,7.140192315403826,0.0,0.0,0.0,0.0,9.891559761040414,287.47319522350864,100080.36900455647,1.2128134110038347,339.89241380835705
66.0,104.40639632976682,3.840813239852046,6.89403726765606,6.647748857795958,0.0,0.0,0.0,0.0,10.318534831437109,287.4713584238565,100077.00809215555,1.2127804311578765,339.89132794143956
66.05,103.64578676772257,5.212111433944001,8.733880085800717,7.6353478684615865,0.0,0.0,0.0,0.0,12.717912722825906,287.47630238600976,100086.05459098006,1.2128692018515792,339.8942506719785
66.1,102.54270704546053,2.237925082714476,6.652776111615716,6.623536603305329,0.0,0.0,0.0,0.0,9.650853630765146,287.48347240420446,100099.17552026057,1.2129979510479514,339.89848933921087
66.15,102.0203309310459,1.7442213787518925,9.117236898224672,7.73771848332474,0.0,0.0,0.0,0.0,12.084643321324378,287.4868678489482,100105.38957348501,1.2130589253616095,339.90049659048276
66.2,101.64370328895257,1.4803252863128644,10.367305490609452,7.89466755424834,0.0,0.0,0.0,0.0,13.114806970787622,287.4893159286218,100109.87003379177,1.2131028886502613,339.90194379002196
66.25,101.28920465272606,-0.14799317328525619,8.335513873295062,6.844052585972654,0.0,0.0,0.0,0.0,10.786275970453957,287.49162016975725,100114.08739004174,1.2131442699604462,339.903305952767
66.3,100.50269504083296,-2.3883585128108806,7.944358826297129,5.415170692477782,0.0,0.0,0.0,0.0,9.906622389863843,287.49673248223456,100123.44475558125,1.2132360846017352,339.90632810031
66.35,99.823044940878,-3.9424165738233174,8.386560377931282,5.408191237030846,0.0,0.0,0.0,0.0,10.729658702425763,287.5011502078843,100131.53134848518,1.2133154290836745,339.90893962066144
66.4,99.8336874465889,-4.357042590975347,7.240114230559673,3.721302454469553,0.0,0.0,0.0,0.0,9.233155807673072,287.50108103159715,100131.40471805987,1.2133141866136221,339.90889872753837
66.45,99.73067262101993,-4.106968674690666,8.57627856759802,3.0365275228783277,0.0,0.0,0.0,0.0,9.981996050947382,287.50175062796336,100132.63045093695,1.2133262132241152,339.90929455497337
66.5,100.29720476966976,-5.847647921051829,5.538247632809108,0.8871699695246593,0.0,0.0,0.0,0.0,8.102730626506341,287.4980681689971,100125.8896581296,1.2132600737611021,339.9071176881633
66.55,99.83875814551084,-5.249084884261076,5.246732655678264,1.1291797918858943,0.0,0.0,0.0,0.0,7.507072843974692,287.5010480720542,100131.34438412228,1.21331359463011,339.908879243712
66.6,100.2915570404872,-4.932487545611917,7.36311913725821,2.277185889347986,0.0,0.0,0.0,0.0,9.150438917982042,287.4981048792368,100125.95685492513,1.2132607330883176,339.90713938930276
66.65,99.78890913561591,-3.794483379044542,8.760854117803147,3.599824772397347,0.0,0.0,0.0,0.0,10.203401755259824,287.5013720906185,100131.93751607077,1.213319414309221,339.90907078519814
66.7,98.70995771038561,-1.961406678120473,7.573893399052109,4.47402936106878,0.0,0.0,0.0,0.0,9.012653111092549,287.50838527488247,100144.77619266327,1.213445382948676,339.91321655742814
66.75,97.57484943752326,-1.0171556226143532,7.038671489717787,6.3415899329171985,0.0,0.0,0.0,0.0,9.528549982975308,287.5157634786561,100158.28453052741,1.2135779187550242,339.9175780526325
66.8,96.06326809919423,-1.0141472707385282,7.147164545861913,6.257692619036731,0.0,0.0,0.0,0.0,9.553490076758269,287.5255887573552,100176.27537066041,1.213754428936564,339.92338600619746
66.85,95.20587184359768,-0.21212835520824935,8.491520176672648,7.224672257999455,0.0,0.0,0.0,0.0,11.151089748783702,287.5311618330166,100186.48126337632,1.2138545574311577,339.92668033832587
66.9,94.0446136590162,-1.114785777362451,7.420952868053361,7.7182780790936825,0.0,0.0,0.0,0.0,10.764994440569724,287.5387100112164,100200.30547513247,1.2139901816207843,339.931142133532
66.95,92.99918730173894,-2.7130155220020837,6.08778092531316,6.210393072566272,0.0,0.0,0.0,0.0,9.109912838935955,287.54550528253867,100212.75208667788,1.214112287642562,339.9351588287005
67.0,92.31699993632118,-3.2753046304995737,6.888910704613254,8.314642212273608,0.0,0.0,0.0,0.0,11.283527207253465,287.54993950041387,100220.87473131178,1.2141919723384629,339.937779876011
67.05,91.80552913854477,-3.227635150555104,6.2834632718795085,8.927093801605343,0.0,0.0,0.0,0.0,11.383872060806821,287.5532640605994,100226.96504357703,1.2142517186594441,339.9397449961288
67.1,91.24728650669658,-5.785177069463998,6.333943485400651,5.756358503010961,0.0,0.0,0.0,0.0,10.330671663376394,287.5568926377064,100233.61263109774,1.2143169310949733,339.94188980517697
67.15,91.24618721828683,-2.8642573037996555,5.702843386126998,8.035423402420797,0.0,0.0,0.0,0.0,10.261307024216453,287.5568997830811,100233.62572184388,1.2143170595135975,339.9418940287102
67.2,91.81998137111144,-0.7204866981696316,5.007070913948047,8.2791653911516,0.0,0.0,0.0,0.0,9.702290440591147,287.55317012108776,100226.79295024552,1.214250030423239,339.9396894694139
67.25,91.96626462445883,0.05415905102092644,7.1734128491652225,7.895889121333489,0.0,0.0,0.0,0.0,10.667982476727676,287.55221927994097,100225.05106174039,1.214232942459657,339.9391274361189
67.3,92.01892539752345,-0.5422090846010414,7.799702524040651,7.014277448490347,0.0,0.0,0.0,0.0,10.503782094053086,287.5518769849161,100224.42400214633,1.214226790977763,339.9389251085086
67.35,90.23264520190551,-0.33977686395475604,8.34630543899525,6.867486572033715,0.0,0.0,0.0,0.0,10.813816838440719,287.5634878061876,100245.69595618382,1.2144354656833305,339.9457880966796
67.4,89.33384454818517,-0.10136769857121436,9.024618962502478,5.647923336320284,0.0,0.0,0.0,0.0,10.646739446498358,287.5693300104368,100256.40072450195,1.214540474681857,339.94924128654003
67.45,89.0362155728737,0.9266232270302357,10.496759504392253,5.936670500401894,0.0,0.0,0.0,0.0,12.094819028338668,287.5712645987763,100259.94570699063,1.2145752489073651,339.9503847685868
67.5,88.68020447444033,0.7482563558996752,10.094821522720208,5.194106203321915,0.0,0.0,0.0,0.0,11.377348039025025,287.5735786709161,100264.18619730898,1.214616845354671,339.9517525480359
67.55,87.49047657006363,-0.9941518841204051,9.344185942894105,3.8518728961694246,0.0,0.0,0.0,0.0,10.155740923848175,287.58131190229454,100278.35824076676,1.214755861439259,339.9563233919544
67.6,86.24231485308108,-0.8691676992755619,11.085196541140341,6.208338889610437,0.0,0.0,0.0,0.0,12.735011056666702,287.58942495345497,100293.22809149184,1.214901718420379,339.9611186680691
67.65,86.04727596663469,-1.4817210956997433,10.739747236413455,6.223283516344226,0.0,0.0,0.0,0.0,12.500677014957784,287.5906927062168,100295.55182919482,1.2149245113753877,339.96186797617077
67.7,85.71160344522967,-0.7306257848449709,11.235530143694843,6.724231842484379,0.0,0.0,0.0,0.0,13.114352653441825,287.592874577606,100299.5512101288,1.2149637400554845,339.9631575722618
67.75,85.33104061537392,-1.953954763394317,9.29047661824657,5.971305844438399,0.0,0.0,0.0,0.0,11.215497692898062,287.59534823600006,100304.0855942655,1.2150082160551299,339.9646196232798
67.8,84.84907156184262,-2.4062359529952286,8.564686669852412,6.111434281130019,0.0,0.0,0.0,0.0,10.793213524562814,287.598481034848,100309.82846592744,1.2150645450869677,339.9664712489665
67.85,84.23010013132155,-0.5707820772756275,6.667082201520956,6.20461190880284,0.0,0.0,0.0,0.0,9.125403344534126,287.6025043491464,100317.20417123912,1.2151368888889766,339.96884919473354
67.9,83.75402921643922,2.1168863554608603,8.979215533400572,8.202211105239057,0.0,0.0,0.0,0.0,12.344382789435256,287.6055988100931,100322.87736313554,1.2151925330850681,339.97067813829494
67.95,83.15692915544517,1.123245056211671,8.977906299165335,7.359548088913644,0.0,0.0,0.0,0.0,11.66307974104306,287.6094799604896,100329.99318970542,1.2152623261847029,339.97297203119246
68.0,82.4181061563278,0.9533186930235459,8.717213609188407,6.332619205617588,0.0,0.0,0.0,0.0,10.81668598240905,287.6142823099838,100338.79853817656,1.2153486890660792,339.9758103629039
68.05,81.94950044255006,1.408556826552163,10.448376056774785,7.533525623408528,0.0,0.0,0.0,0.0,12.957878023656658,287.6173282471234,100344.38374087778,1.215403468001729,339.97761059027323
68.1,81.29407158470775,0.37166496022681295,9.84345833395508,6.808251447807613,0.0,0.0,0.0,0.0,11.974309775162181,287.62158853469936,100352.19606754684,1.215480089303993,339.98012851406423
68.15,81.03762747103123,-0.14723263828459135,9.89365447686029,6.906756673105298,0.0,0.0,0.0,0.0,12.066870518024068,287.6232554214383,100355.25286466656,1.2155100692795757,339.98111367576496
68.2,80.90733453650597,-0.5787170149352883,9.34302245193485,7.849077331829827,0.0,0.0,0.0,0.0,12.216177670686488,287.6241023255127,100356.80597683822,1.2155253015830902,339.98161421105374
68.25,80.14035099536495,-0.5228273455167513,8.474970562638035,8.95991457377674,0.0,0.0,0.0,0.0,12.344170431429491,287.6290877185301,100365.94893519772,1.2156149711557644,339.98456065157677
68.3,79.96323006586178,2.5834263054203825,8.590191483011333,10.846309318247007,0.0,0.0,0.0,0.0,14.075081066105101,287.6302390045719,100368.060431365,1.2156356794354928,339.98524107491386
68.35,80.06801355658068,3.0371131536082743,7.602761061023321,7.826781242435921,0.0,0.0,0.0,0.0,11.326276381749635,287.6295579118822,100366.81128080265,1.2156234285308851,339.98483854143865
68.4,79.0449561540989,3.3037259307923326,8.672565291407818,6.2321930301241775,0.0,0.0,0.0,0.0,11.178918718921325,287.63620778499836,100379.00794608764,1.2157430447221451,339.9887686711979
68.45,78.91621888821847,3.9037891465462726,8.091525326807313,5.985194182669026,0.0,0.0,0.0,0.0,10.795133219155371,287.63704457722656,100380.5428084593,1.2157580973613238,339.98926321907584
68.5,77.58043855885204,1.5949899777961978,7.779449308960273,4.881131250065273,0.0,0.0,0.0,0.0,9.321441243730316,287.6457271493674,100396.46969135443,1.2159142922480806,339.99439461484695
68.55,76.89209702336633,2.7651765995235325,9.878006059175485,6.800030536384277,0.0,0.0,0.0,0.0,12.306974470901398,287.6502013693481,100404.67777909529,1.215994787095918,339.99703884636983
68.6,76.34620218356704,1.476824698459668,8.795876262293827,5.546019138002967,0.0,0.0,0.0,0.0,10.502703399156795,287.6537496858068,100411.18765601884,1.2160586270866303,339.9991358610124
68.65,75.60097867690135,0.8590301152836929,8.64496654551683,7.8556740923368675,0.0,0.0,0.0,0.0,11.71259982911916,287.6585936386001,100420.07510860059,1.2161457818240295,340.00199856110294
68.7,75.33740906315028,2.7097281841430716,9.409397654894018,8.631078715948856,0.0,0.0,0.0,0.0,13.052774067636722,287.6603068410895,100423.2185629487,1.2161766077342908,340.00301103112105
68.75,74.67877914599451,3.7568898426049313,9.070328491902997,8.478276872284559,0.0,0.0,0.0,0.0,12.97174849292148,287.664587935551,100431.07403936576,1.2162536407245252,340.00554106317134
68.8,73.63896439728806,2.9312296071668915,9.847587401547983,6.919372960389483,0.0,0.0,0.0,0.0,12.387284077069816,287.6713467314176,100443.4769186176,1.2163752644799921,340.00953532357704
68.85,73.34257651922375,3.5553022538261247,11.376328026252578,7.603571526541469,0.0,0.0,0.0,0.0,14.137726600701866,287.673273252625,100447.01245151123,1.2164099337118806,340.0106738354436
68.9,72.92335540183956,2.60106623776998,9.28039200168672,6.233324807828722,0.0,0.0,0.0,0.0,11.47804684770587,287.67599818988805,100452.01340181574,1.2164589723460237,340.01228417892537
68.95,72.28321964940524,1.1850876578836846,7.797541266731245,4.4557436094889695,0.0,0.0,0.0,0.0,9.058682778238055,287.68015907227885,100459.65006422401,1.2165338555160639,340.01474310149655
69.0,71.24747206219098,3.1671719363280353,9.120274280591579,6.121147245370642,0.0,0.0,0.0,0.0,11.431483920602465,287.6868914315957,100472.00727438914,1.2166550248831458,340.0187216310528
69.05,71.54364558100822,2.834169303427135,10.170679935561044,6.2283750971552845,0.0,0.0,0.0,0.0,12.258380902181852,287.6849663037234,100468.47358664176,1.2166203753850187,340.01758396953136
69.1,70.26171650446472,0.5496311882151048,8.802123358074166,5.319594095724065,0.0,0.0,0.0,0.0,10.299395681158963,287.69329884272094,100483.76918696843,1.2167703543901647,340.022508087221
69.15,69.8193115910959,1.8340822093095435,8.768550422951517,6.25961924876414,0.0,0.0,0.0,0.0,10.928594017980881,287.6961744746579,100489.04826977871,1.2168221167367526,340.0242074266636
69.2,69.04984556739812,3.0763191709255016,9.203229766023076,6.369445047500049,0.0,0.0,0.0,0.0,11.607454845087267,287.7011760038119,100498.23060798441,1.2169121499646678,340.027163033561
69.25,68.97734808473807,2.878263763713899,9.283817521962577,4.850259361183264,0.0,0.0,0.0,0.0,10.862720006764132,287.7016472374492,100499.09578374481,1.216920632970174,340.02744150334945
69.3,69.18473523564033,3.1915991060159623,9.521933506825237,4.208019926355096,0.0,0.0,0.0,0.0,10.888569890602007,287.7002992209683,100496.62086784701,1.216896366505323,340.0266449087932
69.35,67.79968168118421,-0.2901929750459496,8.410111915696486,2.6037935975630604,0.0,0.0,0.0,0.0,8.808741992816932,287.7093020690723,100513.15074992806,1.2170584392717272,340.0319650010835
69.4,67.24565343732841,-0.438659875718751,9.528466681128513,4.5849646448947,0.0,0.0,0.0,0.0,10.583288740976323,287.7129032526573,100519.7634005964,1.2171232738003046,340.034093040897
69.45,67.59282147110595,0.15011482350102345,9.816012443904835,5.434344110176495,0.0,0.0,0.0,0.0,11.220905964624215,287.7106466604378,100515.61970614326,1.217082646544737,340.0327595591786
69.5,66.56042177387208,-0.9974767253982376,10.313330370190192,6.711131519645989,0.0,0.0,0.0,0.0,12.345000178873407,287.7173572584698,100527.94252798284,1.2172034659156254,340.0367250187269
69.55,65.74262932018691,0.3577132479907033,11.49895541377739,8.39185534657649,0.0,0.0,0.0,0.0,14.239984920416623,287.72267290941875,100537.70464544049,1.2172991768051882,340.0398661364695
69.6,64.93698845399085,-0.5973065393684326,9.877153705084815,6.773185644615551,0.0,0.0,0.0,0.0,11.991287845443006,287.727909575049,100547.32245806379,1.2173934711553251,340.0429605519352
69.65,63.72288231284575,-0.10156185970208087,10.730112449779732,6.852964821639325,0.0,0.0,0.0,0.0,12.732193638289132,287.7358012649665,100561.81797298667,1.2175355839236206,340.04762380341975
69.7,63.48072890666266,-0.7705311006440182,10.386792495013314,5.969749500023101,0.0,0.0,0.0,0.0,12.004877575575298,287.7373752621067,100564.7093050756,1.2175639298258438,340.0485538810345
69.75,62.8144312881535,-0.25380289642644727,10.80551596192922,6.94771472773595,0.0,0.0,0.0,0.0,12.848903885224633,287.741706196627,100572.66530225567,1.2176419276473216,340.0511130245547
69.8,63.081036760239556,-1.2835849065626233,8.410843145977973,5.531432807943248,0.0,0.0,0.0,0.0,10.148232434635647,287.7399732610584,100569.48181025597,1.2176107179429827,340.0500890375145
69.85,62.15986030947739,-0.9262286881661358,8.378912446808323,6.3797576916835865,0.0,0.0,0.0,0.0,10.571914754606057,287.7459609079884,100580.48177253836,1.2177185564525266,340.05362710915654
69.9,61.828168213977335,0.6563242412297039,8.364140176855411,6.594276596181671,0.0,0.0,0.0,0.0,10.671180170658817,287.74811690660914,100584.44281635263,1.217757388132648,340.0549010693112
69.95,60.862798745379195,0.02763321300334154,7.51999747438467,5.349625590862295,0.0,0.0,0.0,0.0,9.228738785534103,287.754391808155,100595.97190985276,1.2178704107431702,340.0586088249248
70.0,60.80290296672701,-0.3132039138659647,7.480972819324364,4.9583928780158075,0.0,0.0,0.0,0.0,8.980462735732985,287.75478113071625,100596.68726090473,1.2178774234286962,340.0588388691006
70.05,59.793037781869806,-0.40678383783335764,8.551092169259233,5.788397621498818,0.0,0.0,0.0,0.0,10.334031033554243,287.76134525441785,100608.7489668653,1.2179956645756107,340.0627174763398
70.1,59.98382412320715,-0.7861975411283928,9.023335411341026,6.35578228041664,0.0,0.0,0.0,0.0,11.065019517167396,287.76010514319916,100606.47014847792,1.2179733254796294,340.06198472322285
70.15,59.49486546360931,-1.7548001387950114,7.349746834842224,4.991893992354762,0.0,0.0,0.0,0.0,9.056329703268089,287.7632833744865,100612.31052439875,1.2180305780801952,340.0638626636251
70.2,59.13232032830859,-1.8703887715851204,7.622532390560942,5.6734317374183,0.0,0.0,0.0,0.0,9.684481497796753,287.765639917866,100616.64112884026,1.2180730301389804,340.0652550817164
70.25,58.69284926218539,-1.8689960844321258,7.15633085172814,5.97765206317799,0.0,0.0,0.0,0.0,9.509918075958105,287.7684964797958,100621.89081649005,1.2181244913225366,340.06694293967405
70.3,58.106311143347604,-2.195678088715432,5.668194388769058,5.045334144545778,0.0,0.0,0.0,0.0,7.899672558293639,287.77230897756823,100628.89763448124,1.2181931763553688,340.0691956187966
70.35,57.8770725725056,-0.8923900497065943,6.100282219341245,5.866356494287211,0.0,0.0,0.0,0.0,8.51022571231175,287.7737990282787,100631.63623896915,1.2182200215519219,340.0700760365345
70.4,57.21827445895698,-0.2192365667788413,7.306149851952618,7.203321379164652,0.0,0.0,0.0,0.0,10.262345210668505,287.77808121601674,100639.50692353172,1.2182971732384733,340.0726062156149
70.45,56.23064448316391,-1.215799595744149,6.819814143747796,6.218794002342913,0.0,0.0,0.0,0.0,9.309212236051465,287.7845008108594,100651.30710784145,1.2184128413466426,340.0763992706052
70.5,56.104820980075274,-0.20922577916572238,8.273997215935966,6.855527775437368,0.0,0.0,0.0,0.0,10.747142245070402,287.7853186636295,100652.81052513595,1.2184275780018545,340.0768825006381
70.55,55.18115213064187,-0.7605343615749185,9.361201672168795,6.817341718888082,0.0,0.0,0.0,0.0,11.605458085497698,287.7913225111508,100663.84765044712,1.2185357637883933,340.0804298655778
70.6,54.89383068950983,-0.32113166624363676,10.466912738490766,7.387609459768412,0.0,0.0,0.0,0.0,12.815465709536443,287.7931901005182,100667.2811183283,1.2185694181443085,340.08153332060715
70.65,53.92064803956745,-0.3133461503793312,9.588098570141465,6.276281850138504,0.0,0.0,0.0,0.0,11.463923144503557,287.7995157877428,100678.91127649344,1.2186834136509728,340.08527079192976
70.7,53.66829538456861,-1.2841479225243717,7.3317094084525865,3.821060508066778,0.0,0.0,0.0,0.0,8.366809555811784,287.8011560800003,100681.92723055035,1.218712974766814,340.08623993609285
70.75,53.16822988683047,-0.3828865346277498,8.241353306927028,4.294309878360085,0.0,0.0,0.0,0.0,9.300946390522704,287.8044065057356,100687.90390278012,1.2187715551018015,340.0881603973593
70.8,53.20277727211527,-1.1688316197674131,6.853884705846266,3.2454710046166233,0.0,0.0,0.0,0.0,7.673003646435253,287.80418194773125,100687.49099083425,1.2187675079678737,340.0880277212574
70.85,52.67700909155728,-0.703193787502355,6.682247591128117,3.508195531573162,0.0,0.0,0.0,0.0,7.579864791648288,287.8075994409049,100693.77514478676,1.2188291014185957,340.09004688069956
70.9,52.7495458159247,-1.5195318947652006,7.374843487293117,4.101586440198491,0.0,0.0,0.0,0.0,8.574398227729953,287.8071279521965,100692.90814315181,1.218820603639965,340.0897683114698
70.95,51.892561162820385,-1.2938908776469746,8.543778119453627,5.884315052768281,0.0,0.0,0.0,0.0,10.45444698671087,287.81269835244166,100703.15171444177,1.2189210034853795,340.09305945122685
71.0,51.34621806922759,-0.683685485085122,8.151269596807879,6.863115168657386,0.0,0.0,0.0,0.0,10.677685690289618,287.81624958255,100709.68261538271,1.2189850134908629,340.0951575952521
71.05,50.772194268286924,-0.27065751636156243,8.810148784695128,8.700812969140557,0.0,0.0,0.0,0.0,12.385318866447992,287.8199807372561,100716.5447766873,1.2190522693610375,340.09736202870073
71.1,49.76943317531264,0.36795846024353873,9.373868343416566,9.383079002390533,0.0,0.0,0.0,0.0,13.268269394057167,287.82649868436044,100728.5331816957,1.2191697653246822,340.1012129150438
71.15,49.10480711814283,-0.4728186437911545,7.240453515516174,6.727545095580619,0.0,0.0,0.0,0.0,9.894826304354103,287.83081875373205,100736.47968548152,1.2192476459552348,340.1037652431421
71.2,48.69373696654644,-2.2250460765295195,5.654225020920366,5.173644281432432,0.0,0.0,0.0,0.0,7.980456489492304,287.8334907097174,100741.39483941399,1.219295816905431,340.10534384439495
71.25,48.35787920022509,-1.767797918445567,6.635750817007344,6.572115796442246,0.0,0.0,0.0,0.0,9.505314535969855,287.83567378519854,100745.41082517279,1.219335175228914,340.1066336078403
71.3,47.88074515019708,-3.3302628333118856,5.6708897162699365,5.8994420512264885,0.0,0.0,0.0,0.0,8.834764129778113,287.8387751565237,100751.11633090736,1.219391091034512,340.1084658930915
71.35,47.04235540757025,-2.82550732118416,7.515202258347218,7.470711422000247,0.0,0.0,0.0,0.0,10.966917787452287,287.84422468985076,100761.14231811975,1.2194893474995663,340.11168544481137
71.4,46.42351759438885,-2.722557114113876,8.494949139895516,8.354482793528675,0.0,0.0,0.0,0.0,12.221859959776594,287.8482471356364,100768.54328471475,1.2195618771004517,340.1140618621909
71.45,45.99291893519501,-2.3632006871286064,8.178227213162586,7.377975197096739,0.0,0.0,0.0,0.0,11.265107005560704,287.8510460269212,100773.69327221485,1.2196123464691926,340.11571540703443
71.5,45.40286662936058,-1.769742116992723,7.599953924167089,6.216810086544693,0.0,0.0,0.0,0.0,9.976974213772653,287.8548813669091,100780.75068164202,1.2196815075873884,340.11798125785674
71.55,45.008324382691335,-0.026052778110773778,9.445611282467908,7.9888307303577974,0.0,0.0,0.0,0.0,12.371001078532062,287.8574458915125,100785.46988684047,1.219727754285083,340.1194963250742
71.6,45.20924605020381,-0.810844917895374,8.159376674232576,6.602415404102663,0.0,0.0,0.0,0.0,10.527335197533112,287.85613990067367,100783.06659693309,1.2197042028661087,340.1187247739879
71.65,44.73412375399606,-0.42108025373505337,9.420539995390957,7.265428687598225,0.0,0.0,0.0,0.0,11.904215068597404,287.85922819559903,100788.74976529494,1.219759895799539,340.1205492688811
71.7,44.56174729032796,-0.8101807890072736,9.176742019311606,5.473701833432604,0.0,0.0,0.0,0.0,10.715894678523075,287.86034864261285,100790.81170798256,1.2197801019222572,340.1212112012522
71.75,44.253237728709315,-0.3628458613611999,8.88589103894983,4.691381287867381,0.0,0.0,0.0,0.0,10.054838390712604,287.86235395476336,100794.50214065624,1.219816266327348,340.12239588683474
71.8,43.20870639132841,-2.132962725351327,8.677708809307417,4.05175341247119,0.0,0.0,0.0,0.0,9.81166988245842,287.86914340845635,100806.99777669675,1.2199387154763868,340.12640688655205
71.85,42.472521625403104,-0.751033262861331,11.226844943728983,5.219342537452434,0.0,0.0,0.0,0.0,12.403533160987541,287.87392860943487,100815.80544352785,1.2200250231779903,340.129233807201
71.9,41.99820664962412,0.39761254147537184,9.98361750598264,5.1403218105345445,0.0,0.0,0.0,0.0,11.236263727536777,287.8770116567774,100821.48044722083,1.2200806326647204,340.13105514567343
71.95,41.58881415621911,1.5889684473651602,7.9994022843942885,6.283341293714569,0.0,0.0,0.0,0.0,10.295418177402668,287.8796727079845,100826.37888534759,1.220128632089412,340.1326271782196
72.0,42.33985338731018,1.6898469844928012,6.841772798076912,7.368320854131626,0.0,0.0,0.0,0.0,10.195959496826946,287.87479095298244,100817.3927439939,1.220040577230365,340.1297432455372
72.05,40.981938638616434,1.7374846656020526,8.268970474320701,8.14547601045501,0.0,0.0,0.0,0.0,11.736417899226657,287.88361739884897,100833.64058989834,1.2201997881666509,340.1349575155065
72.1,39.49264706316248,0.3963185637398776,6.693597032059756,7.654838413660577,0.0,0.0,0.0,0.0,10.17633827910696,287.89329779408945,100851.46283572412,1.2203744208691822,340.1406761687151
72.15,39.0322024978333,-0.5420689190846103,8.242600933290205,8.278764364739654,0.0,0.0,0.0,0.0,11.69496679197497,287.89629068376405,100856.97345910544,1.220428415965094,340.14244418637946
72.2,39.746667541801756,0.4512379979368886,8.913337353668544,8.986454035945576,0.0,0.0,0.0,0.0,12.665210406907875,287.89164666097827,100848.42281039908,1.2203446333530383,340.13970077550096
72.25,38.49082977787493,-0.5714348801930826,7.36207377504419,7.472408315908384,0.0,0.0,0.0,0.0,10.505405947946583,287.8998096064438,100863.4529465137,1.2204919036257813,340.1445229406782
72.3,37.33151153690962,-1.5410450085280183,7.349281261289843,6.210102530812042,0.0,0.0,0.0,0.0,9.744338264810661,287.90734517501005,100877.32952629396,1.220627867262942,340.14897442955976
72.35,36.47125270854445,-1.431665433180239,9.235664671180043,7.24919353934238,0.0,0.0,0.0,0.0,11.82784742892339,287.9129368573944,100887.62748257072,1.2207287650124712,340.15227756826954
72.4,36.32256500187677,-0.8449944948277353,10.444455777880385,7.511905337666359,0.0,0.0,0.0,0.0,12.892997866844176,287.9139033274878,100889.40747444273,1.2207462048931432,340.15284848170467
72.45,35.86470705984086,-0.21575289362277927,11.640246149049698,6.890948732252493,0.0,0.0,0.0,0.0,13.528749171749219,287.916879404111,100894.8888096652,1.2207999091707866,340.1546065043513
72.5,35.26516284389121,1.8733852781901905,11.288610784369636,7.370495228069736,0.0,0.0,0.0,0.0,13.611263929133287,287.9207764415147,100902.06673423572,1.220870235220424,340.1569085415604
72.55,35.37086594530691,2.3236566458140797,7.583466423047578,7.409414840384512,0.0,0.0,0.0,0.0,10.853928849685547,287.92008937135546,100900.8011947323,1.2208578361074296,340.1565026802613
72.6,34.9584225245407,2.7037887443749495,7.403832080848905,7.727586373093026,0.0,0.0,0.0,0.0,11.038242351444778,287.92277025359044,100905.73928194601,1.2209062168092377,340.15808630960163
72.65,34.56828520223511,1.9639636069116841,5.93684566370039,8.214106553567067,0.0,0.0,0.0,0.0,10.323508897522446,287.92530614618545,100910.41048363457,1.2209519822967305,340.15958428503455
72.7,34.77150202918486,-0.5799443429265643,4.641107708580855,8.14544119033499,0.0,0.0,0.0,0.0,9.392785975883145,287.92398523681027,100907.97730112432,1.220928143559674,340.15880401235677
72.75,33.96075183597532,-2.4715093660318432,8.079416314780465,6.547997868315632,0.0,0.0,0.0,0.0,10.689321896986261,287.9292551130661,100917.68496557066,1.221023252279305,340.1619169635071
72.8,32.67521015390313,-1.1715914297200274,10.005476450099032,5.083447549033597,0.0,0.0,0.0,0.0,11.28377704740108,287.9376111339996,100933.07918217166,1.2211740701815,340.1668528625628
72.85,32.78748033520094,0.5539367911705504,8.635972278745017,4.117365162604128,0.0,0.0,0.0,0.0,9.583295834424128,287.9368813778212,100931.73468364256,1.22116089823728,340.16642179866164
72.9,32.39388176093187,-0.22519343782864043,9.02956094245738,3.9383273020239034,0.0,0.0,0.0,0.0,9.853634092854259,287.93943976855394,100936.44831151578,1.2212070771247407,340.167933026893
72.95,30.949277441076372,0.5235170113906934,9.82207816098474,4.4767568053800675,0.0,0.0,0.0,0.0,10.806879334767533,287.94882969663297,100953.75002177808,1.2213765765369866,340.1734795515163
73.0,31.205695561727484,2.2602781864642774,9.694015782166142,7.8032439670487435,0.0,0.0,0.0,0.0,12.648059767188606,287.9471629788487,100950.67878269343,1.2213464889773942,340.17249504671884
73.05,30.701080710516372,3.7394483575434507,11.592709962372323,10.00741332164282,0.0,0.0,0.0,0.0,15.764603378474673,287.95044297538163,100956.72286150925,1.2214056999561262,340.1744324879761
73.1,29.733217410973033,3.7387936977848195,9.90061545229213,11.50429498541993,0.0,0.0,0.0,0.0,15.631684738386944,287.95673408682865,100968.31636857812,1.221519274168655,340.17814851555914
73.15,30.447891130554368,0.13774987816366246,5.6586787025365215,10.647125472536581,0.0,0.0,0.0,0.0,12.058229576327191,287.9520887076514,100959.75557740897,1.2214354097839168,340.1754045914311
73.2,29.715821206216813,-2.9363531341173363,7.549590304051643,7.122527709277552,0.0,0.0,0.0,0.0,10.78651400855243,287.9568471621596,100968.52475809763,1.2215213156054912,340.1782153064142
73.25,28.79499547249471,-2.706963958743306,9.664598997957961,2.6244446088885423,0.0,0.0,0.0,0.0,10.373998128512913,287.96283252942874,100979.55584694422,1.2216293778185576,340.18175069894846
73.3,28.609160766866918,1.9187346811840653,11.589067180267214,5.100516787202212,0.0,0.0,0.0,0.0,12.806377020143392,287.9640404550153,100981.78218363844,1.2216511870768016,340.1824641830572
73.35,27.231858156441564,-0.18370010413008342,9.68773766783484,5.162476083661191,0.0,0.0,0.0,0.0,10.978941941891177,287.9729929219831,100998.28378147823,1.2218128343517238,340.1877520804612
73.4,26.483048161149263,0.8723593806401444,10.75439981914718,8.002275187732778,0.0,0.0,0.0,0.0,13.433336686738235,287.9778601869525,101007.25626379866,1.22190072538685,340.19062696278183
73.45,26.001195217308336,1.2495321468028253,9.30397589505974,8.827938849261706,0.0,0.0,0.0,0.0,12.88634169840496,287.9809922310875,101013.03032211766,1.2219572850875096,340.1924769125666
73.5,24.921874545458056,1.4584525577695533,7.3881252440276,6.694374287724206,0.0,0.0,0.0,0.0,10.076017347585573,287.9880078154545,101025.96482402936,1.2220839825724863,340.1966206487018
73.55,24.456207032548683,1.5314975770621606,6.1658887490723,6.726089722047655,0.0,0.0,0.0,0.0,9.252240368879246,287.9910346542884,101031.54576438828,1.2221386486727959,340.1984084273747
73.6,25.42375250277159,0.527846539218299,4.640114527923092,8.58954028552954,0.0,0.0,0.0,0.0,9.776987630039356,287.98474560873194,101019.95018759508,1.2220250677144833,340.19469384130775
73.65,24.125609176265577,-5.085371546799817,6.270230067430342,3.4371812773411365,0.0,0.0,0.0,0.0,8.774451777792908,287.99318354035427,101035.50807103391,1.2221774596781543,340.1996776444125
73.7,23.715342499386402,-3.667702840252427,9.036310736322639,-0.10272585664932166,0.0,0.0,0.0,0.0,9.752820538152019,287.99585027375394,101040.42540547243,1.222225624829091,340.20125271596737
73.75,23.980510895052248,-0.5519146952466072,10.750722917984207,2.06014950829255,0.0,0.0,0.0,0.0,10.960240375403181,287.99412667918216,101037.24715375422,1.2221944939949,340.2002346979833
73.8,22.651699050075475,-0.7653241949598355,10.44979979755518,2.925414608103255,0.0,0.0,0.0,0.0,10.878514952036381,288.0027639561745,101053.17482217193,1.2223505029258555,340.20533615901417
73.85,21.961541249246924,3.0789994786677197,9.079993059383742,4.9131851514789675,0.0,0.0,0.0,0.0,10.773388514335052,288.00724998187985,101061.44813083412,1.2224315367972192,340.20798572376
73.9,22.354811351428026,2.294829064561035,5.9710387342741456,7.3602532109992485,0.0,0.0,0.0,0.0,9.751557379812777,288.0046937262157,101056.73371431856,1.2223853610581994,340.20647593447467
73.95,21.408630385393327,0.12189796344086251,10.226700651789,8.756533866742547,0.0,0.0,0.0,0.0,13.463920331545408,288.0108439024949,101068.07657918459,1.22249645898476,340.21010837289305
74.0,19.76016715625858,0.6631853191533861,10.877317790268092,8.995733741580455,0.0,0.0,0.0,0.0,14.13078492609071,288.0215589134843,101087.84090168239,1.2226900353859984,340.216436817156
74.05,18.756043007551785,1.3499590621802822,9.680970581901454,9.094560083066717,0.0,0.0,0.0,0.0,13.351202342175574,288.0280857204509,101099.88142609327,1.222807959571002,340.2202915883731
74.1,18.990772684031548,0.12403768176576718,8.285635486701674,10.301879673277687,0.0,0.0,0.0,0.0,13.221038747680906,288.02655997755375,101097.06666177306,1.2227803921748082,340.2193904794075
74.15,19.007705952683082,-1.539859587444931,7.606148108663177,9.871341431142945,0.0,0.0,0.0,0.0,12.55659341741086,288.0264499113075,101096.8636086904,1.2227784034965257,340.21932547381425
74.2,17.249686231347273,-3.2080932896025924,11.595540329253666,9.976574974997384,0.0,0.0,0.0,0.0,15.629474281430115,288.0378770394962,101117.94643559576,1.2229848821953746,340.22607431803686
74.25,17.07096872122215,-3.24721606843839,9.522913865372313,5.115140056644956,0.0,0.0,0.0,0.0,11.286937515620368,288.03903870331203,101120.08988184172,1.2230058739875398,340.22676038739223
74.3,16.692188937131156,-0.9875490221273524,10.352824153437835,4.223841418416925,0.0,0.0,0.0,0.0,11.224841083554137,288.0415007719086,101124.63289411528,1.223050365595271,340.2282144608335
74.35,16.73418924427026,-0.3146182198359505,10.433354552439148,6.009441609841158,0.0,0.0,0.0,0.0,12.044387087072788,288.0412277699122,101124.12914231897,1.2230454321632658,340.2280532288521
74.4,15.781330857652305,-0.7999131775999231,9.631023150865252,7.7624506255587935,0.0,0.0,0.0,0.0,12.395648742136837,288.04742134942524,101135.55822825161,1.2231573603772339,340.2317110701081
74.45,14.717708012557425,0.12747535866726764,12.008008708673145,10.645378102151877,0.0,0.0,0.0,0.0,16.04782222148576,288.05433489791835,101148.31711688414,1.2232823088756877,340.23579406850547
74.5,13.842464315587947,-0.5653579899541357,10.618857469436952,9.099462276690517,0.0,0.0,0.0,0.0,13.995712819929382,288.06002398194863,101158.81724540309,1.2233851349626699,340.23915388682957
74.55,13.557315683399889,-0.5451261185886078,9.644211704515781,8.14550364999705,0.0,0.0,0.0,0.0,12.635553474177613,288.0618774480579,101162.238308733,1.2234186364526298,340.24024848634684
74.6,13.628287624676632,0.9339804592095559,8.706907415549212,7.660331740782282,0.0,0.0,0.0,0.0,11.634570839526813,288.06141613043957,101161.38681594878,1.2234102980486659,340.2399760468187
74.65,12.996296689290746,1.285962003100372,7.473178920499811,7.61530069999425,0.0,0.0,0.0,0.0,10.74685564258465,288.0655240715196,101168.96939306508,1.2234845513976729,340.2424020586229
74.7,11.715114527494757,0.7118362778910149,6.736897744975178,8.554605905875853,0.0,0.0,0.0,0.0,10.912093489226502,288.07385175557124,101184.34232716598,1.2236350895570525,340.2473200555905
74.75,11.996725250292279,0.0039005583679552203,6.380451955143852,8.398956355075754,0.0,0.0,0.0,0.0,10.547637186627249,288.07202128587306,101180.96311147526,1.2236019992458365,340.2462390595285
74.8,11.7599421327009,-1.8437372879562748,5.767977269477111,7.100784495913453,0.0,0.0,0.0,0.0,9.332206032102478,288.07356037613744,101183.80440777287,1.2236298221002793,340.24714797975656
74.85,11.529378414090608,-1.0480213208759555,6.393218878991896,6.442228851706667,0.0,0.0,0.0,0.0,9.136405688314786,288.07505904030836,101186.5711360219,1.22365691461842,340.24803302374687
74.9,10.875037019583278,-1.2817908447308204,6.551308477439747,5.74768444127962,0.0,0.0,0.0,0.0,8.809001474215876,288.07931225937267,101194.42346315061,1.2237338058676492,340.25054477204606
74.95,10.147078675575628,-0.5997500341689251,8.540715392223191,6.722198731645278,0.0,0.0,0.0,0.0,10.885378969157534,288.08404398860876,101203.15979940064,1.223819352142199,340.2533390838394
75.0,9.15138403820689,-0.16719003752148684,9.137136599407162,6.786203110721374,0.0,0.0,0.0,0.0,11.382783947911722,288.09051600375165,101215.11026764187,1.223936368947506,340.2571610803036
75.05,8.348767347539425,0.1749875725524319,9.806823095541741,8.128224832793157,0.0,0.0,0.0,0.0,12.738619972753487,288.095733012241,101224.74421874879,1.2240307009258204,340.2602419114365
75.1,7.996513123469503,0.03420728153803626,9.852513918342458,9.41535701833409,0.0,0.0,0.0,0.0,13.62799135720063,288.09802266469745,101228.97262339076,1.2240721033134863,340.2615940247473
75.15,7.36491213888031,-2.424917501944226,7.58337162881231,7.256698818818261,0.0,0.0,0.0,0.0,10.772531174192501,288.10212807109724,101236.5546210103,1.224146341553976,340.2640183856234
75.2,6.866806474636348,-2.4245550306441292,9.217430031503378,8.146380891993886,0.0,0.0,0.0,0.0,12.538062255377632,288.10536575791485,101242.53441029585,1.2242048912133119,340.26593032087897
75.25,6.6046698083979605,-3.0551211762560317,7.546224904469683,5.716512521360192,0.0,0.0,0.0,0.0,9.947753068774595,288.1070696462454,101245.68149203851,1.2242357048381622,340.2669365053511
75.3,6.363335160348307,-1.658500072628599,7.528153734759982,5.60762311843108,0.0,0.0,0.0,0.0,9.532531572643881,288.1086383214577,101248.57890518523,1.2242640737532344,340.2678628407981
75.35,5.9252490577110475,-1.165969325803188,7.896748428777567,5.630934700347886,0.0,0.0,0.0,0.0,9.768599992613929,288.11148588112485,101253.8386465735,1.2243155721090422,340.2695443777589
75.4,5.514292202337161,0.6366204404263066,7.97014528048236,6.105335387877145,0.0,0.0,0.0,0.0,10.060001072347298,288.1141571006848,101258.77287040811,1.2243638828456804,340.2711217750519
75.45,5.098154957720232,0.7236571155762981,7.054228655333452,5.82545400728149,0.0,0.0,0.0,0.0,9.177240104388888,288.1168619927748,101263.76949187052,1.2244128040579163,340.27271904905393
75.5,4.389327544472699,0.7632092600007367,6.9769918948177585,6.328950159610884,0.0,0.0,0.0,0.0,9.450741473437002,288.1214693709609,101272.28094715429,1.224496137452216,340.27543974860725
75.55,3.790442405111839,0.5888917487300949,6.345513894588327,6.241673094164452,0.0,0.0,0.0,0.0,8.920247927751356,288.12536212436675,101279.4726894705,1.2245665488493043,340.27773843864554
75.6,3.4192525522404904,-0.06069180045548994,6.8980064712761795,6.84342517667877,0.0,0.0,0.0,0.0,9.716925692893378,288.1277748584104,101283.93034907356,1.2246101914872314,340.2791631621739
75.65,2.9639853814795685,-0.6146758362135176,6.461122429538225,6.081893296359216,0.0,0.0,0.0,0.0,8.894568876646348,288.1307340950204,101289.39791931659,1.2246637211384963,340.28091058824594
75.7,2.62628668294798,-0.7372633445421017,9.690615775299854,8.071189947723747,0.0,0.0,0.0,0.0,12.633119112710553,288.1329291365608,101293.45369526694,1.2247034284162703,340.28220675214516
75.75,1.9191883226169821,-1.393343387576573,6.416004280156175,4.766295359759194,0.0,0.0,0.0,0.0,8.113204556471366,288.137525275903,101301.94640304956,1.2247865736237518,340.28492073941084
75.8,2.2089909932246705,-1.6566186207237301,12.144563298309004,8.512943879475552,0.0,0.0,0.0,0.0,14.923304475090728,288.135641558544,101298.46561616425,1.2247524962254712,340.28380842045965
75.85,1.4982949972369712,-0.26994968032674227,3.2344711303123277,0.8661323648167671,0.0,0.0,0.0,0.0,3.359294806371644,288.14026108251795,101307.00187733705,1.2248360670387366,340.28653620328777
75.9,1.0206783400306905,0.6907835764903612,18.924316027642774,14.658614444737749,0.0,0.0,0.0,0.0,23.947482049332873,288.14336559078976,101312.73891979264,1.2248922324802474,340.2883693721704
75.95,0.38459701279647085,0.3048287809021729,-7.405337136396875,-6.593075698365292,0.0,0.0,0.0,0.0,9.91970694394446,288.1475001194168,101320.37981887137,1.2249670356707092,340.2908107383889
76.0,0.2536857959962322,10.989910151544422,110.83195838937085,76.89262707738604,0.0,0.0,0.0,0.0,135.34022766503762,288.148351042326,101321.95244202732,1.22498243126887,340.29131319118267
76.05,0.10100923912857313,19.032730847714188,84.76716505302544,25.8832501412387,0.0,0.0,0.0,0.0,90.65130860898986,288.14934343994565,101323.78655497114,1.2250003867310157,340.29189918099866
76.1,-0.19242953654597122,2.2582999715085585,1.0894503095504777,-13.054830570241641,0.0,0.0,0.0,0.0,13.293435295513756,288.15,101325.0,1.2250122659906946,340.29228686527705
76.15,-0.7076635947325641,5.315874443611455,14.596047215266283,14.772649572310021,0.0,0.0,0.0,0.0,21.436750938442035,288.15,101325.0,1.2250122659906946,340.29228686527705
76.2,-0.9097614836716059,5.337180227697027,5.045463124787388,-4.120629476800557,0.0,0.0,0.0,0.0,8.421506884850658,288.15,101325.0,1.2250122659906946,340.29228686527705
76.25,-0.7953494476236285,4.637231104792353,11.638555749683865,6.383063980549536,0.0,0.0,0.0,0.0,14.06070403776219,288.15,101325.0,1.2250122659906946,340.29228686527705
76.3,-0.8196811289304173,5.282946804272362,7.576714319220823,0.031133827312497864,0.0,0.0,0.0,0.0,9.23672540065258,288.15,101325.0,1.2250122659906946,340.29228686527705
76.35,-0.2862692176711414,4.7687953272711106,10.523682358231552,3.9681014714952445,0.0,0.0,0.0,0.0,12.216183059304552,288.15,101325.0,1.2250122659906946,340.29228686527705
76.4,-0.18520696474976123,4.52743248578462,7.872629751784505,1.042409987429151,0.0,0.0,0.0,0.0,9.14125607911257,288.15,101325.0,1.2250122659906946,340.29228686527705
76.45,-0.7029490993753305,5.190222086967686,9.71741784544651,3.283500379113082,0.0,0.0,0.0,0.0,11.49556391112177,288.15,101325.0,1.2250122659906946,340.29228686527705
76.5,-0.7169510663393797,4.006557511882971,8.020446761581507,1.3317929996100228,0.0,0.0,0.0,0.0,9.063870141677858,288.15,101325.0,1.2250122659906946,340.29228686527705
76.55,-0.3725752926379578,4.659561931397901,8.74467462357358,2.207818312745405,0.0,0.0,0.0,0.0,10.15161629331991,288.15,101325.0,1.2250122659906946,340.29228686527705
76.6,-0.10732731072027824,4.095172032819813,8.205811855865507,1.6512831917953121,0.0,0.0,0.0,0.0,9.318396770462083,288.15,101325.0,1.2250122659906946,340.29228686527705
76.65,-0.5944036465090029,4.763859251176406,8.963313009499522,2.2909361237033354,0.0,0.0,0.0,0.0,10.405946540040041,288.15,101325.0,1.2250122659906946,340.29228686527705
76.7,-0.27800678990136773,4.822648770517056,8.876119745940944,2.480587472731623,0.0,0.0,0.0,0.0,10.401767019017752,288.15,101325.0,1.2250122659906946,340.29228686527705
76.75,-0.29304756910710844,5.493545631625638,9.666300048327935,2.972800840217543,0.0,0.0,0.0,0.0,11.508863760886907,288.15,101325.0,1.2250122659906946,340.29228686527705
76.8,-0.6595989908260127,4.9516833272894205,8.884573928319405,2.5429051931550353,0.0,0.0,0.0,0.0,10.484330616825462,288.15,101325.0,1.2250122659906946,340.29228686527705
76.85,-0.3553104325346889,5.360149225989436,9.859732839995624,2.759603904682986,0.0,0.0,0.0,0.0,11.556857060278322,288.15,101325.0,1.2250122659906946,340.29228686527705
