time,baro_altitude,accl_x,accl_y,accl_z,gps_altitude,gyro_roll,gyro_pitch,gyro_yaw,At,T,P,rho,a
0.0,-0.12033703720091407,-6.4894218499261545,-0.28744143505696385,1.4449895710867273,0.0,0.0,0.0,0.0,6.654563350471314,288.15,101325.0,1.2250122659906946,340.29228686527705
0.05,-0.371400839352759,-10.612890622267322,-1.113719497966918,1.473826371835065,0.0,0.0,0.0,0.0,10.772464093914532,288.15,101325.0,1.2250122659906946,340.29228686527705
0.1,-0.3187111204693706,-9.162418830179302,-0.7012463892528642,1.657295378204775,0.0,0.0,0.0,0.0,9.337467177381848,288.15,101325.0,1.2250122659906946,340.29228686527705
0.15,-0.3346488121708563,-10.158076717076693,-1.242581505982015,1.2849926640340152,0.0,0.0,0.0,0.0,10.314152293603453,288.15,101325.0,1.2250122659906946,340.29228686527705
0.2,-0.25673713293257405,-8.91430540642631,-0.20941283388150844,2.1225799420638176,0.0,0.0,0.0,0.0,9.165917314949294,288.15,101325.0,1.2250122659906946,340.29228686527705
0.25,-0.21016105573017946,-10.96525590437777,-2.026920147032136,0.3654139473745497,0.0,0.0,0.0,0.0,11.15700540843609,288.15,101325.0,1.2250122659906946,340.29228686527705
0.3,-0.31592490675150925,-9.906902606137352,-1.182265024428914,1.2556495863724904,0.0,0.0,0.0,0.0,10.0559000452091,288.15,101325.0,1.2250122659906946,340.29228686527705
0.35,-0.4533395613353558,-10.155064602313406,-1.4281055667272058,1.043130544562416,0.0,0.0,0.0,0.0,10.30790686414439,288.15,101325.0,1.2250122659906946,340.29228686527705
0.4,0.014150017238889676,-9.942214518591319,-1.1512126405891367,1.2466100190501015,0.0,0.0,0.0,0.0,10.085978218156944,288.1499080248879,101324.8300121868,1.2250106018630669,340.29223255602193
0.45,-0.2117097645478297,-9.753928655652073,-0.8846503266894693,1.5841918984138696,0.0,0.0,0.0,0.0,9.921259717952282,288.15,101325.0,1.2250122659906946,340.29228686527705
0.5,-0.14716487874326056,-10.392919673535417,-1.547596039558878,0.8669193564553194,0.0,0.0,0.0,0.0,10.543214975177863,288.15,101325.0,1.2250122659906946,340.29228686527705
0.55,-0.3370193805896292,-10.074374703047322,-1.2675373737653388,1.1675563912552807,0.0,0.0,0.0,0.0,10.220707635875943,288.15,101325.0,1.2250122659906946,340.29228686527705
0.6,0.278842553007094,-10.490054039855893,-1.747028548749987,0.7311492921233703,0.0,0.0,0.0,0.0,10.659639853044611,288.14818752340545,101321.65023492549,1.2249794727383831,340.2912166366199
0.65,-0.1081181689878276,-9.808406234611065,-0.9407881306810276,1.4709707833665093,0.0,0.0,0.0,0.0,9.962613623718697,288.15,101325.0,1.2250122659906946,340.29228686527705
0.7,-0.33181690211825654,-9.420490218999843,-0.6345686548034019,1.7921022921569372,0.0,0.0,0.0,0.0,9.610408106292098,288.15,101325.0,1.2250122659906946,340.29228686527705
0.75,0.17417334991337596,-9.466098972987059,-0.706526475486434,1.8161130467923574,0.0,0.0,0.0,0.0,9.664599113552478,288.1488678732255,101322.90762661732,1.224991782271467,340.2916183690294
0.8,-0.5401899623204123,-8.28195850537617,0.4493416412223272,2.9997178594663882,0.0,0.0,0.0,0.0,8.819923572895101,288.15,101325.0,1.2250122659906946,340.29228686527705
0.85,-0.4264463743524953,-10.487915151830697,-1.689151440447987,0.694295058252437,0.0,0.0,0.0,0.0,10.645733532673132,288.15,101325.0,1.2250122659906946,340.29228686527705
0.9,-0.3862879501409171,-9.732612716433948,-0.8717247085633757,1.4500986779577723,0.0,0.0,0.0,0.0,9.87858494074058,288.15,101325.0,1.2250122659906946,340.29228686527705
0.95,-0.03313475590768358,-9.667998444991547,-0.82232064111235,1.6646546421887627,0.0,0.0,0.0,0.0,9.844667604694381,288.15,101325.0,1.2250122659906946,340.29228686527705
1.0,0.09426009997865573,-9.9867476389986,-1.1870869288865027,1.2703524012930578,0.0,0.0,0.0,0.0,10.136966952952363,288.1493873093501,101323.86763341862,1.2250011804653282,340.29192508493134
1.05,-0.14230406833248582,-9.056471058609162,-0.24514511309109,2.216785093012714,0.0,0.0,0.0,0.0,9.327052069678887,288.15,101325.0,1.2250122659906946,340.29228686527705
1.1,0.05326958838451426,-10.519910059567676,-1.731978641807092,0.5996304872424496,0.0,0.0,0.0,0.0,10.678380701131598,288.1496537476755,101324.36005987268,1.2250060011738488,340.2920824109464
1.15,-0.2609515767147831,-10.419192039986028,-1.6329458157166306,0.6904310623648907,0.0,0.0,0.0,0.0,10.568953110646909,288.15,101325.0,1.2250122659906946,340.29228686527705
1.2,-0.463550570623051,-9.695182921334451,-0.9801991223164103,1.5257472891394865,0.0,0.0,0.0,0.0,9.863329406840348,288.15,101325.0,1.2250122659906946,340.29228686527705
1.25,-0.20021313650621614,-10.553519497437664,-1.707207478224425,0.6781241290393611,0.0,0.0,0.0,0.0,10.712197883295833,288.15,101325.0,1.2250122659906946,340.29228686527705
1.3,-0.162371474795742,-10.12106136150645,-1.2368208023016725,0.9898500327711783,0.0,0.0,0.0,0.0,10.244286791561532,288.15,101325.0,1.2250122659906946,340.29228686527705
1.35,-0.4582855687790521,-9.88276231464411,-1.120859298082623,1.3164654433968994,0.0,0.0,0.0,0.0,10.032865881566755,288.15,101325.0,1.2250122659906946,340.29228686527705
1.4,-0.8014519673550637,-10.471611641161559,-1.804790950849588,0.7573859773977513,0.0,0.0,0.0,0.0,10.652959882508597,288.15,101325.0,1.2250122659906946,340.29228686527705
1.45,-0.24722827535987113,-9.97838546166336,-1.2959262152856807,1.272902616760961,0.0,0.0,0.0,0.0,10.142380502069337,288.15,101325.0,1.2250122659906946,340.29228686527705
1.5,-0.7574374072347334,-10.105655377026016,-1.2955303284889956,1.0482581298739306,0.0,0.0,0.0,0.0,10.242144040097095,288.15,101325.0,1.2250122659906946,340.29228686527705
1.55,-0.6757814560115527,-10.769013150686375,-1.9778737526560266,0.34119370082362854,0.0,0.0,0.0,0.0,10.954453065424282,288.15,101325.0,1.2250122659906946,340.29228686527705
1.6,-0.4311033426517903,-10.713189462293153,-2.039278014104064,0.4238031576120693,0.0,0.0,0.0,0.0,10.913784512725146,288.15,101325.0,1.2250122659906946,340.29228686527705
1.65,-0.2633724148132199,-10.718156196734348,-1.9805217420267196,0.6026492355960463,0.0,0.0,0.0,0.0,10.91625048857894,288.15,101325.0,1.2250122659906946,340.29228686527705
1.7,-0.40068236913733635,-9.183676714799814,-0.4307316590377428,2.0694856722846104,0.0,0.0,0.0,0.0,9.423811262533063,288.15,101325.0,1.2250122659906946,340.29228686527705
1.75,-0.20316092877073175,-10.5070658633233,-1.6807737609443576,0.5777776268731776,0.0,0.0,0.0,0.0,10.656324904853832,288.15,101325.0,1.2250122659906946,340.29228686527705
1.8,0.022068565281328178,-9.532874765656377,-0.7819228154024801,1.6010617615232392,0.0,0.0,0.0,0.0,9.697963876564346,288.14985655432565,101324.73488472402,1.2250096705946698,340.2922021637975
1.85,-0.16142567837253896,-10.108810891629,-1.3534015347491763,1.1929475842062447,0.0,0.0,0.0,0.0,10.2685382258451,288.15,101325.0,1.2250122659906946,340.29228686527705
1.9,-0.08244277396483161,-9.361301108132308,-0.5294595607616307,1.8969407475312057,0.0,0.0,0.0,0.0,9.566225486744775,288.15,101325.0,1.2250122659906946,340.29228686527705
1.95,-0.12337707536141897,-10.403230859490586,-1.5513669981017493,0.7787599192591892,0.0,0.0,0.0,0.0,10.547057356936152,288.15,101325.0,1.2250122659906946,340.29228686527705
2.0,-0.5583834686338626,-11.04835673323912,-2.214713868238972,0.126740688769166,0.0,0.0,0.0,0.0,11.268860067694066,288.15,101325.0,1.2250122659906946,340.29228686527705
2.05,-0.2288795048753865,-10.770333195657349,-2.065904315873427,0.36809236342974916,0.0,0.0,0.0,0.0,10.972854221935075,288.15,101325.0,1.2250122659906946,340.29228686527705
2.1,-0.3743248419413877,-9.665246870648714,-0.9764963517876664,1.60555394372269,0.0,0.0,0.0,0.0,9.846235100882106,288.15,101325.0,1.2250122659906946,340.29228686527705
2.15,-0.29465022647553574,-10.348843814403121,-1.5478058653646403,0.9141682469490517,0.0,0.0,0.0,0.0,10.503807637018912,288.15,101325.0,1.2250122659906946,340.29228686527705
2.2,0.3921337099533615,-9.426531210119952,-0.51306651681975,1.7816114027114516,0.0,0.0,0.0,0.0,9.607125849926113,288.14745113088526,101320.28928189531,1.2249661493343524,340.29078181162777
2.25,-0.23108984681140704,-9.197372621598934,-0.49512738510225196,1.9388850653251055,0.0,0.0,0.0,0.0,9.412549578331928,288.15,101325.0,1.2250122659906946,340.29228686527705
2.3,-0.4128091516519389,-9.381214952100494,-0.6828244635201692,1.8765521344170264,0.0,0.0,0.0,0.0,9.591396725121976,288.15,101325.0,1.2250122659906946,340.29228686527705
2.35,0.1825915051745815,-9.957151977679208,-1.1726852725240569,1.263457466659846,0.0,0.0,0.0,0.0,10.105265509874261,288.1488131552163,101322.80649880628,1.2249907922579397,340.2915860592013
2.4,-0.40269630842863186,-9.906230170074847,-1.0450803059953166,1.258621329130689,0.0,0.0,0.0,0.0,10.040404208926208,288.15,101325.0,1.2250122659906946,340.29228686527705
2.45,-0.5032875913636022,-10.284348143362742,-1.4746205120979334,0.8891792244823604,0.0,0.0,0.0,0.0,10.427509869659184,288.15,101325.0,1.2250122659906946,340.29228686527705
2.5,-0.6055404730661967,-9.646719294930831,-0.9362522577055403,1.6570292236894189,0.0,0.0,0.0,0.0,9.832675490089677,288.15,101325.0,1.2250122659906946,340.29228686527705
2.55,-0.8305592760964107,-10.610490186572246,-1.8842429149541067,0.6458221635576097,0.0,0.0,0.0,0.0,10.79583065951124,288.15,101325.0,1.2250122659906946,340.29228686527705
2.6,0.08709247104332174,-11.01849735673438,-2.225817892211716,0.1426183197071591,0.0,0.0,0.0,0.0,11.241969990832054,288.1494338989382,101323.95373930589,1.2250020234166754,340.29195259507134
2.65,-0.2218726229705836,-9.67758995851904,-0.9408495085584282,1.4728797281412844,0.0,0.0,0.0,0.0,9.834140526581503,288.15,101325.0,1.2250122659906946,340.29228686527705
2.7,-0.4483143849672603,-10.07803529569605,-1.2175841744384752,1.2240366901289526,0.0,0.0,0.0,0.0,10.224850730544688,288.15,101325.0,1.2250122659906946,340.29228686527705
2.75,-0.2639600534423298,-8.975561101091897,-0.21808721442980517,2.3150825411152187,0.0,0.0,0.0,0.0,9.271885799809455,288.15,101325.0,1.2250122659906946,340.29228686527705
2.8,-0.22698459010898395,-9.607248696023401,-0.8948533039105271,1.6129336925616675,0.0,0.0,0.0,0.0,9.782716649242355,288.15,101325.0,1.2250122659906946,340.29228686527705
2.85,-0.5640452808611219,-9.91701348300611,-1.1151028787937929,1.321006027885807,0.0,0.0,0.0,0.0,10.066561864814116,288.15,101325.0,1.2250122659906946,340.29228686527705
2.9,-0.3425681863810926,-10.076826156785705,-1.2369687669387575,1.1742240065961456,0.0,0.0,0.0,0.0,10.220142814174823,288.15,101325.0,1.2250122659906946,340.29228686527705
2.95,-0.1712042695811614,-9.462416574848792,-0.7870102757689429,1.828378679783723,0.0,0.0,0.0,0.0,9.669523318490251,288.15,101325.0,1.2250122659906946,340.29228686527705
3.0,-0.3489966437755348,-10.280017922943005,-1.6282734103552805,0.9269897408172241,0.0,0.0,0.0,0.0,10.449370927212787,288.15,101325.0,1.2250122659906946,340.29228686527705
3.05,-0.5302469983596891,-9.461349097701566,-0.5951362117638904,1.707230850609668,0.0,0.0,0.0,0.0,9.632546446106778,288.15,101325.0,1.2250122659906946,340.29228686527705
3.1,-1.158948103802714,-10.95870417242912,-2.1680155721932572,0.18774508332627804,0.0,0.0,0.0,0.0,11.172678142522548,288.15,101325.0,1.2250122659906946,340.29228686527705
3.15,-0.11772147737644506,-9.71087342667132,-0.9882897097131126,1.4725634534418839,0.0,0.0,0.0,0.0,9.871485318004009,288.15,101325.0,1.2250122659906946,340.29228686527705
3.2,-0.43703609089885476,-8.17183716069884,0.5416879887077242,3.074613213803301,0.0,0.0,0.0,0.0,8.747890881382926,288.15,101325.0,1.2250122659906946,340.29228686527705
3.25,0.11367398099070525,-10.580846500227564,-1.8005774001780555,0.5954355223171239,0.0,0.0,0.0,0.0,10.749462084060157,288.14926111912354,101323.63441161936,1.2249988972917265,340.2918505723318
3.3,0.10209656280429066,-9.79612592609489,-0.9527126342516704,1.37030234580497,0.0,0.0,0.0,0.0,9.937276943020649,288.14933637234174,101323.77349278929,1.2250002588560605,340.2918950077315
3.35,0.22740635693768496,-10.050273426227415,-1.298237015399228,1.1074685208296893,0.0,0.0,0.0,0.0,10.194111134116321,288.1485218586799,101322.26813664271,1.2249855218368835,340.2914140547006
3.4,-0.09241257242549926,-9.786558990473289,-1.0651482636428806,1.4605385540778624,0.0,0.0,0.0,0.0,9.952107845351298,288.15,101325.0,1.2250122659906946,340.29228686527705
3.45,-0.3134070541756136,-10.924668463044403,-2.2010202187806827,0.23318484649517546,0.0,0.0,0.0,0.0,11.146624879467026,288.15,101325.0,1.2250122659906946,340.29228686527705
3.5,-0.09598135456677903,-10.999046578991761,-2.1787072320424308,0.21467893405241711,0.0,0.0,0.0,0.0,11.214806190679813,288.15,101325.0,1.2250122659906946,340.29228686527705
3.55,-0.5755947556978525,-8.709460537235447,0.13558027763104086,2.5068369771075014,0.0,0.0,0.0,0.0,9.064067326048365,288.15,101325.0,1.2250122659906946,340.29228686527705
3.6,-0.027958692663558105,-9.59756887780275,-0.8172170018012659,1.6566012909768173,0.0,0.0,0.0,0.0,9.77371474054093,288.15,101325.0,1.2250122659906946,340.29228686527705
3.65,-0.02065532357296332,-9.553544042040608,-0.8372220008507895,1.673601941826425,0.0,0.0,0.0,0.0,9.735095680146312,288.15,101325.0,1.2250122659906946,340.29228686527705
3.7,0.16733315915831404,-10.115605324698178,-1.3299647365043816,1.0745528584198776,0.0,0.0,0.0,0.0,10.25909065809176,288.1489123344654,101322.98979830496,1.2249925867096083,340.2916446224497
3.75,-0.22972482032075459,-9.669142448661765,-0.9104223466875078,1.3998230714993931,0.0,0.0,0.0,0.0,9.81227237562038,288.15,101325.0,1.2250122659906946,340.29228686527705
3.8,0.2709639040509204,-10.251421089620669,-1.4504095501126706,0.9670999456826477,0.0,0.0,0.0,0.0,10.398586659960904,288.14823873462365,101321.7448807374,1.2249803992969348,340.2912468757949
3.85,-0.3918973930966548,-9.350858652459488,-0.6460366047705429,1.8436881949935868,0.0,0.0,0.0,0.0,9.55275389577993,288.15,101325.0,1.2250122659906946,340.29228686527705
3.9,-0.21472945683914818,-9.909494792540679,-1.169186182713612,1.2462097977676156,0.0,0.0,0.0,0.0,10.05575070461133,288.15,101325.0,1.2250122659906946,340.29228686527705
3.95,-0.1050277209819519,-9.275481170476475,-0.43695690052719305,1.8894197658006835,0.0,0.0,0.0,0.0,9.476042915066408,288.15,101325.0,1.2250122659906946,340.29228686527705
4.0,-0.15776588440395317,-9.847834292383938,-1.0928999515302522,1.2685889125562568,0.0,0.0,0.0,0.0,9.989173558576734,288.15,101325.0,1.2250122659906946,340.29228686527705
4.05,-0.06644501006748144,-10.00518429289019,-1.297878340443337,1.2319898912576117,0.0,0.0,0.0,0.0,10.163955923431066,288.15,101325.0,1.2250122659906946,340.29228686527705
4.1,-0.3787523700534562,-10.023480439809317,-1.261415272344779,1.2023707323755641,0.0,0.0,0.0,0.0,10.173840179333366,288.15,101325.0,1.2250122659906946,340.29228686527705
4.15,-0.33315520395804565,-10.910763323309835,-2.085600934468645,0.25130823964188964,0.0,0.0,0.0,0.0,11.111149507879528,288.15,101325.0,1.2250122659906946,340.29228686527705
4.2,-0.1551614033465653,-10.33820048257963,-1.5170546649814378,0.7933068811779836,0.0,0.0,0.0,0.0,10.478987540897068,288.15,101325.0,1.2250122659906946,340.29228686527705
4.25,-0.326102341419726,-9.323927020400761,-0.6762732173795771,1.7656355176803404,0.0,0.0,0.0,0.0,9.513696932717515,288.15,101325.0,1.2250122659906946,340.29228686527705
4.3,-0.3303911136750881,-9.500635135297694,-2.592415701880548,2.0385204015638867,0.0,0.0,0.0,0.0,10.056751591493251,288.15,101325.0,1.2250122659906946,340.29228686527705
4.35,-0.12419866174448241,-9.729518562022072,-1.3764998136314226,0.7570893899006871,0.0,0.0,0.0,0.0,9.855529794483886,288.15,101325.0,1.2250122659906946,340.29228686527705
4.4,-0.2874994169191469,-10.719951190637957,-1.2800522668270229,1.0577577488247236,0.0,0.0,0.0,0.0,10.847798799326428,288.15,101325.0,1.2250122659906946,340.29228686527705
4.45,-0.5882072190557174,-8.65752429410455,-1.0536361015729065,1.3341855196009182,0.0,0.0,0.0,0.0,8.82286387395051,288.15,101325.0,1.2250122659906946,340.29228686527705
4.5,-0.4406735231247388,-11.622682374622384,-1.242088580500291,1.048495656597793,0.0,0.0,0.0,0.0,11.735794509323664,288.15,101325.0,1.2250122659906946,340.29228686527705
4.55,-0.026754427861943042,-7.802877188469769,-1.6777909844311834,0.5746835753159019,0.0,0.0,0.0,0.0,8.001883291920617,288.15,101325.0,1.2250122659906946,340.29228686527705
4.6,-0.4813552752161159,-13.909283058821055,-0.6292767505536614,1.6725013133371587,0.0,0.0,0.0,0.0,14.02360171576148,288.15,101325.0,1.2250122659906946,340.29228686527705
4.65,-0.3356045907587458,-1.5017798419059671,-0.5776227117504823,1.471651901338292,0.0,0.0,0.0,0.0,2.180538926366072,288.15,101325.0,1.2250122659906946,340.29228686527705
4.7,-0.16604406510116954,-55.68260434101533,-3.2437540095654716,-0.9639438784076209,0.0,0.0,0.0,0.0,55.785334578842054,288.15,101325.0,1.2250122659906946,340.29228686527705
4.75,0.500602593909979,-163.11547494031134,-18.162786489144423,21.52972496290558,0.0,0.0,0.0,0.0,165.52967720330983,288.1467460831396,101318.98627212085,1.224953393149004,340.2903654945748
4.8,1.7753130289389625,-178.7465281621888,-17.22737563270943,32.09198721799233,0.0,0.0,0.0,0.0,182.41984388992995,288.1384604653119,101303.67450879888,1.22480349194187,340.28547295938876
4.85,2.558357088595031,-197.63796135553983,-14.733696994767602,39.287486572442475,0.0,0.0,0.0,0.0,202.0429464175558,288.1333706789241,101294.26954851448,1.224711415830689,340.2824674806788
4.9,4.404552528612022,-195.67383284941243,-23.17425980537789,38.70065624195272,0.0,0.0,0.0,0.0,200.80596597976051,288.121370408564,101272.09812255658,1.224494347479223,340.2753813106226
4.95,6.457485366738974,-202.36189930285977,-16.767969691952327,37.80741822092469,0.0,0.0,0.0,0.0,206.54516205804217,288.1080263451162,101247.448549575,1.224253006326035,340.2675014562981
5.0,8.433031070759101,-204.2228145565223,-14.052807296570236,39.69983508209314,0.0,0.0,0.0,0.0,208.5198222803953,288.09518529804006,101223.73275138545,1.224020797103066,340.2599184678139
5.05,10.92428900438256,-202.16272127220626,-16.93720918613773,43.987038528787046,0.0,0.0,0.0,0.0,207.58490909922077,288.0789921214715,101193.83240481984,1.2237280181689916,340.2503557145176
5.1,14.627301307845972,-202.95425609638022,-16.44465512462394,45.533491132843714,0.0,0.0,0.0,0.0,208.64840177808136,288.05492254149897,101149.40166767553,1.2232929298029775,340.2361411163608
5.15,19.0683419461337,-198.91612114333057,-20.047183450848415,46.02998976560629,0.0,0.0,0.0,0.0,205.15426579245667,288.0260557773501,101096.13650279155,1.2227712822996608,340.21909269652065
5.2,21.780624519172036,-199.39975634238456,-20.207147400477343,41.55733870532308,0.0,0.0,0.0,0.0,204.68415677754808,288.0084259406254,101063.61697188178,1.2224527795510085,340.2086802725044
5.25,23.852580923854276,-194.87149943097148,-22.819942267043547,40.917840132523146,0.0,0.0,0.0,0.0,200.42435155603485,287.9949582239949,101038.78048494086,1.2222095129289212,340.2007258391387
5.3,26.390621818925226,-191.93194537119575,-28.283581417992973,33.38655444098185,0.0,0.0,0.0,0.0,196.85653316372446,287.978460958177,101008.3637907216,1.2219115741976998,340.19098181060383
5.35,29.45215996201064,-186.05983976947425,-32.20891917764284,31.336674129646646,0.0,0.0,0.0,0.0,191.40967999331178,287.9585609602469,100971.68320458241,1.221552256453967,340.1792276037654
5.4,32.88224807148021,-178.67568939579155,-26.448811821759282,36.907376381931684,0.0,0.0,0.0,0.0,184.35481024166899,287.93626538753534,100930.59979801791,1.2211497798278848,340.166057935369
5.45,37.28376751087715,-169.35453863229856,-27.618927149847483,36.52106836557967,0.0,0.0,0.0,0.0,175.43532519658243,287.90765551117926,100877.90103650048,1.2206334668810623,340.1491577532974
5.5,42.63479659994569,-171.12882232721273,-25.292943823542593,39.02480498096867,0.0,0.0,0.0,0.0,177.3351128292484,287.8728738221003,100813.86394271196,1.2200059982318159,340.12861067967725
5.55,48.2360245465749,-155.31250426539347,-22.199291301105372,36.65805761696471,0.0,0.0,0.0,0.0,161.11671453858503,287.83646584044726,100746.8679220946,1.2193494553083406,340.10710155376137
5.6,53.587682602193965,-49.92389542403609,-11.088621112485265,12.274556467138638,0.0,0.0,0.0,0.0,52.59294238727588,287.8016800630857,100682.89067727387,1.218722418031723,340.0865495237238
5.65,59.51587160288472,1.4514341813752711,4.546717480124924,4.490884738670033,0.0,0.0,0.0,0.0,6.553422522846932,287.7631468345812,100612.05961052878,1.2180281184105017,340.0637819856933
5.7,68.10544172642635,8.015564545416357,6.34552715079711,0.13043249672008628,0.0,0.0,0.0,0.0,10.224089320787433,287.7073146287782,100509.50147605517,1.2170226591797497,340.03079056148295
5.75,76.61861270411825,8.370389400341093,8.453927988690545,-1.3530501679079858,0.0,0.0,0.0,0.0,11.973431500960103,287.65197901742323,100407.93907744148,1.2160267695587796,339.998089417767
5.8,84.09797756175922,9.351272796167692,2.0607300980969954,-1.3130729194871897,0.0,0.0,0.0,0.0,9.6652507436403,287.60336314584856,100318.7786095607,1.2151523314646573,339.969356777081
5.85,91.86095775069063,10.145120178840234,2.3094638752299512,2.7017969518017315,0.0,0.0,0.0,0.0,10.749734582903365,287.55290377462046,100226.30501574518,1.2142452437810265,339.9395320346057
5.9,98.65633674624372,10.331654402776671,4.438976017595896,3.002186013416689,0.0,0.0,0.0,0.0,11.63875902501469,287.5087338111494,100145.41427489035,1.2134516435099099,339.9134225897627
5.95,106.04101604140992,8.995214217268567,7.564081629017551,-0.5592385498951365,0.0,0.0,0.0,0.0,11.766136046327196,287.4607333957308,100057.5685769193,1.212589671614756,339.8850466403933
6.0,113.67212097910897,8.116670969234795,3.9869317666015736,-1.9264842629229384,0.0,0.0,0.0,0.0,9.24593500678246,287.41113121363577,99966.85704538073,1.2116994280642246,339.855721300707
6.05,119.87687599711184,9.539281471243713,3.623380275690883,1.124011186655751,0.0,0.0,0.0,0.0,10.26597178827249,287.37080030601874,99893.14973994832,1.2109759509145097,339.8318753721901
6.1,126.5317204042791,9.787918763759738,2.1552381491360295,2.691296937944747,0.0,0.0,0.0,0.0,10.377450766620964,287.32754381737215,99814.1446647713,1.2102003604942841,339.8062978137506
6.15,131.9973060673512,8.56124045280389,2.246833695898365,-1.7102909119547183,0.0,0.0,0.0,0.0,9.014887395373554,287.2920175105622,99749.29609651749,1.2095636567878771,339.7852896712417
6.2,138.9700462533688,7.820518499487575,2.9499916812331515,-1.9593381990802576,0.0,0.0,0.0,0.0,8.584984956221371,287.2466946993531,99666.61483513858,1.2087517518400555,339.75848657366754
6.25,145.41492836871166,8.094670793828891,2.2250526869265386,-1.5232615298780536,0.0,0.0,0.0,0.0,8.531991585114925,287.20480296560333,99590.2421620427,1.2080016814578438,339.733710673208
6.3,152.0874811352691,8.449501282988873,4.222988366772099,0.7593789731531342,0.0,0.0,0.0,0.0,9.476516190140245,287.1614313726207,99511.22149868749,1.2072254894589503,339.7080576402554
6.35,159.00980390705624,8.542470182138844,4.184100971754951,1.4088901779018816,0.0,0.0,0.0,0.0,9.615896697030411,287.1164362746041,99429.2965625138,1.2064206459910072,339.6814423039256
6.4,165.39651432935648,7.49273187804437,3.753985352004084,-0.6976826182054496,0.0,0.0,0.0,0.0,8.40953019229193,287.07492265685914,99353.75898739487,1.2056784411576142,339.65688447036075
6.45,171.3832608997037,8.05814501853196,0.6949653034442055,-1.115120561700556,0.0,0.0,0.0,0.0,8.164568070621378,287.0360088041519,99282.99410777989,1.2049830336935177,339.633862943795
6.5,177.8955313386917,7.557360011697208,1.9307500611598518,-0.24439135070590096,0.0,0.0,0.0,0.0,7.8039229415319475,286.9936790462985,99206.06375087949,1.2042269310007534,339.6088187876398
6.55,184.98247374177248,8.614210741749478,0.9044357863534674,0.6495480222629558,0.0,0.0,0.0,0.0,8.685881845163138,286.94761392067846,99122.39956721557,1.2034045188899574,339.5815625240909
6.6,191.5348698794208,8.086500917426577,2.6401321178484194,0.16327015351229873,0.0,0.0,0.0,0.0,8.50814032737258,286.9050233457837,99045.09675573134,1.2026445211532595,339.55636017010505
6.65,197.93243207100133,7.22615799694764,2.7029152567573878,-1.4353318789561822,0.0,0.0,0.0,0.0,7.847502015597707,286.8634391915385,98969.66772609175,1.201902836591985,339.5317515460131
6.7,204.22949267795244,7.947852314919496,3.4962857046340376,1.0343363935129577,0.0,0.0,0.0,0.0,8.744267946669115,286.8225082975933,98895.46906889658,1.201173145195894,339.50752776566503
6.75,210.10000909947175,7.228710159759393,2.659459975150894,0.030119973811558454,0.0,0.0,0.0,0.0,7.702459681560214,286.7843499408534,98826.33698503824,1.200493186229963,339.484943275443
6.8,216.287197990454,7.778423242591345,2.0727385230748854,1.3236043404605615,0.0,0.0,0.0,0.0,8.157943464869682,286.744133213062,98753.51807874355,1.1997768670954467,339.46113888681464
6.85,222.50263117882025,7.307467688450925,2.9897671438258193,0.22037394432124802,0.0,0.0,0.0,0.0,7.898503419470703,286.70373289733766,98680.41050786371,1.1990576072676942,339.43722415117213
6.9,228.64277640036323,7.031114170421621,2.354223351830042,-1.1913755244018365,0.0,0.0,0.0,0.0,7.509880805175896,286.66382195339764,98608.23153157879,1.1983473838367007,339.41359744184075
6.95,234.8927528237481,7.578380084943399,3.255221296423698,-0.3220122820321747,0.0,0.0,0.0,0.0,8.254211186439118,286.6231971066456,98534.80537123905,1.1976247869238115,339.38954642305595
7.0,240.95885395513184,7.462183262040011,5.089343987061089,0.47677639071185285,0.0,0.0,0.0,0.0,9.045049307861465,286.5837674492916,98463.58176414964,1.1969237677480968,339.366201359014
7.05,247.0223793215052,6.748121123359234,4.343837526180595,0.9777304924129754,0.0,0.0,0.0,0.0,8.08467810522942,286.5443545344102,98392.4300661924,1.1962233600002583,339.34286460266617
7.1,253.1613455933584,7.002629556074252,3.4723283271664402,0.9500619992460178,0.0,0.0,0.0,0.0,7.873785780274855,286.50445125364314,98320.43553530972,1.1955145574261001,339.3192358610127
7.15,259.15402995243545,7.141908708994546,3.263458237125098,0.8015487542084745,0.0,0.0,0.0,0.0,7.893003235679367,286.46549880530915,98250.19767043967,1.194822954459602,339.2961685679483
7.2,264.75166924512996,6.4210981328206085,2.347956644312069,-0.12222614077198127,0.0,0.0,0.0,0.0,6.838007082796091,286.42911414990664,98184.62667713928,1.1941772193263211,339.27462048232104
7.25,270.69344701471346,6.512983543512021,4.193128836313545,-0.3421228849044492,0.0,0.0,0.0,0.0,7.753601237125748,286.39049259440435,98115.0632051269,1.1934920770484674,339.2517461398147
7.3,276.51334905561345,5.3932920822124535,2.285820858594916,-0.8113201790055157,0.0,0.0,0.0,0.0,5.913612847870977,286.3526632311385,98046.9652896535,1.1928212797546711,339.229339492765
7.35,282.3510353688438,6.120952887364825,0.9415444344269597,-1.0005521929952261,0.0,0.0,0.0,0.0,6.2732507412224265,286.3147182701025,97978.6977350152,1.192148722453541,339.2068628893084
7.4,287.90013081987655,7.307717405143413,2.8927845075179897,1.7200725974937519,0.0,0.0,0.0,0.0,8.045469881928648,286.2786491496708,97913.84073067737,1.191509682569567,339.1854960545604
7.45,293.28535728198506,7.0172063600526515,2.133224813697085,1.1071298072387197,0.0,0.0,0.0,0.0,7.417382935740394,286.2436451776671,97850.9322461328,1.1908897646184828,339.16475891157836
7.5,299.45750255927624,6.427385988040652,2.5067779284577236,0.41356969175858427,0.0,0.0,0.0,0.0,6.9113143548680664,286.2035262333647,97778.87148406357,1.1901795643558355,339.1409899841101
7.55,304.93976509519564,5.922467177963015,1.5058021062175437,0.5673622758485155,0.0,0.0,0.0,0.0,6.137178293743339,286.1678915268812,97714.90125170762,1.1895490174746657,339.1198763975768
7.6,310.6349843575555,5.622626958234596,2.0640918447793704,-0.3607465195301119,0.0,0.0,0.0,0.0,6.000378913577394,286.1308726016759,97648.48200944638,1.1888942478850344,339.09794126835317
7.65,315.42783773876414,7.195428091624526,4.618209406899799,2.1176350600366307,0.0,0.0,0.0,0.0,8.808315491353243,286.099719054698,97592.61474281148,1.1883434354394558,339.07948050053324
7.7,321.4041447446217,5.1190403040070445,1.659554558978928,-1.4251402913902944,0.0,0.0,0.0,0.0,5.566841098721993,286.0608730591599,97522.98896406224,1.1876568896383979,339.05645998311934
7.75,326.5694819109528,5.4069433863579075,0.8102373722602889,-0.4493855952591521,0.0,0.0,0.0,0.0,5.485751434025533,286.0272983675788,97462.84363915276,1.1870637508859503,339.0365620327384
7.8,332.40762963391853,6.7893864901034835,3.544621687270611,1.2556464493134436,0.0,0.0,0.0,0.0,7.761234426529217,285.9893504073795,97394.90025293948,1.186393625746788,339.0140708705372
7.85,337.3626789813817,5.8779379659948505,1.547548611901661,1.7922089976077538,0.0,0.0,0.0,0.0,6.336960985313751,285.957142586621,97337.2643122077,1.1858250931404988,338.9949806284532
7.9,343.0398072553508,5.133107713422728,2.7403003591225836,-0.6529863031187597,0.0,0.0,0.0,0.0,5.855290937935362,285.9202412528402,97271.2632750032,1.1851739668505348,338.9731071224956
7.95,348.4124135954425,6.044821769750824,2.054779028126472,-0.1533742295231882,0.0,0.0,0.0,0.0,6.386353477279791,285.8853193116296,97208.83592163691,1.1845580190040983,338.95240561436435
8.0,353.9777636067184,4.419050849127046,1.9650801437276857,-1.0686522762917625,0.0,0.0,0.0,0.0,4.952935297989149,285.8491445365563,97144.20318338019,1.1839202321316875,338.9309601008823
8.05,358.67918824168464,5.154438232524921,2.339850049488874,-0.3834591232031184,0.0,0.0,0.0,0.0,5.673638395789374,285.818585276429,97089.63068995345,1.1833816554916898,338.9128425790893
8.1,363.81726927736275,5.5710303828583285,1.3446213723807336,0.178835744058939,0.0,0.0,0.0,0.0,5.733791798203591,285.7851877496971,97030.01803413047,1.1827932715975393,338.8930412401098
8.15,368.63178979931087,5.074647283662819,2.7268180058111797,0.9126018119870529,0.0,0.0,0.0,0.0,5.832702937544869,285.75389336630445,96974.1862682094,1.1822421431546575,338.87448580133145
8.2,374.4387842759492,4.233492182420957,1.9341114813733904,-0.2360592038201289,0.0,0.0,0.0,0.0,4.660361276629518,285.71614790220633,96906.87985432016,1.1815776655076473,338.8521039590276
8.25,378.7490426243752,4.58838470727133,2.0177995765216585,0.16866075622712323,0.0,0.0,0.0,0.0,5.015300170839578,285.68813122294154,96856.94593798426,1.1810846398355934,338.83549001626665
8.3,384.44692749022835,4.127152781880988,2.8623130289808243,-0.7268868941743575,0.0,0.0,0.0,0.0,5.074898079546406,285.6510949713135,96790.968482951,1.1804331331012943,338.8135262000645
8.35,389.3508069449846,4.553543828092867,2.449186071791566,-0.5202367440358084,0.0,0.0,0.0,0.0,5.196529618742245,285.61921975485757,96734.21418872982,1.1798726345909232,338.7946219214299
8.4,394.45989723573723,4.81891349506006,1.8859890678628248,0.16955232976145937,0.0,0.0,0.0,0.0,5.177608524164181,285.5860106679677,96675.11358339805,1.1792888976928135,338.7749254403817
8.45,399.3297687487717,4.159968092985579,1.2678278430995769,-0.6402460016529768,0.0,0.0,0.0,0.0,4.395752144631135,285.55435650313296,96618.80741758207,1.1787326983247215,338.7561501255941
8.5,403.7171768184107,3.177379118463834,1.5883246496596986,0.11280719647868986,0.0,0.0,0.0,0.0,3.5540454018968295,285.5258383506803,96568.10230622148,1.1782317741000172,338.7392340104522
8.55,408.698394899836,5.301540064690148,2.554636265250598,1.1290945477024437,0.0,0.0,0.0,0.0,5.992274026018813,285.49346043315103,96510.56067567233,1.1776632501426525,338.72002737404
8.6,413.94222134684793,4.5454585741207545,0.1536875052884753,-0.1146564818372277,0.0,0.0,0.0,0.0,4.549501028371899,285.45937556124545,96450.01546803901,1.1770649805492028,338.69980699256047
8.65,418.2525841438073,4.410353804797631,2.538584996562597,-0.09382245414274076,0.0,0.0,0.0,0.0,5.089640176001348,285.4313582030652,96400.27106364975,1.1765733842167476,338.6831851761552
8.7,423.57268540128064,4.56011526176213,4.584421191744402,0.3990304743049048,0.0,0.0,0.0,0.0,6.478487028874493,285.3967775448917,96338.90226390644,1.1759668439322626,338.66266843566564
8.75,428.3713965949835,4.302413970593182,3.345542967079498,-0.34336984074757637,0.0,0.0,0.0,0.0,5.460890638574032,285.3655859221326,96283.57497853205,1.1754199521128594,338.644161347169
8.8,433.61824383426784,4.788777572378228,2.4037364446918126,-0.04283243239137957,0.0,0.0,0.0,0.0,5.358374207772066,285.33148141507723,96223.11030589839,1.1748222105463835,338.6239247842318
8.85,438.32085512653555,4.291120435106196,1.250059875626043,0.4153274060308032,0.0,0.0,0.0,0.0,4.4887482815854645,285.3009144416775,96168.94354041682,1.1742866681324577,338.60578625693466
8.9,442.4771719023451,3.970232147970628,1.4698969871099896,-0.6620556456248077,0.0,0.0,0.0,0.0,4.285050541055282,285.27389838263474,96121.08979507533,1.1738134942875431,338.5897540431923
8.95,447.03297528968176,3.9286797026143976,2.006856682746584,-0.3104837957646345,0.0,0.0,0.0,0.0,4.422487777060711,285.24428566061704,96068.65871376537,1.1732950086673883,338.57218001252284
9.0,451.639106931199,3.5878584059932486,0.9746488111747628,-0.621375823316417,0.0,0.0,0.0,0.0,3.7694530319905764,285.2143458049472,96015.67196863834,1.172770973443873,338.5544109129788
9.05,455.8510238364171,3.359066449425419,2.261704595001303,-0.6885968528515841,0.0,0.0,0.0,0.0,4.107651483811961,285.1869683450633,95967.24079770737,1.1722919444011834,338.53816176146313
9.1,460.3480063563839,3.9883360430541956,2.9912033430172063,0.033729504267614396,0.0,0.0,0.0,0.0,4.985504940430873,285.15773795868347,95915.55360639111,1.1717806595667073,338.52081199455984
9.15,465.2151631308458,3.02730734882793,2.211003601179188,-0.7383650992963376,0.0,0.0,0.0,0.0,3.8207734463788636,285.12610143964946,95859.6371286895,1.1712274799943605,338.5020330597025
9.2,469.57017550590973,3.4479559324080546,1.9691073876151386,-0.19842975240961702,0.0,0.0,0.0,0.0,3.975570195887598,285.09779385921155,95809.62681590093,1.1707326778749594,338.4852292467152
9.25,473.9480754128463,3.4951416534920883,1.350487457219746,-0.4690145756072523,0.0,0.0,0.0,0.0,3.776215860119137,285.0693375098165,95759.37497209414,1.1702354365485161,338.46833628135727
9.3,478.4765985441493,2.841377798204735,-0.014663120863934842,-1.1789437259506583,0.0,0.0,0.0,0.0,3.0762885281134924,285.039902109463,95707.41665393769,1.169721257474147,338.45086122025145
9.35,483.04428032837734,3.9954263757549704,1.7859122074532547,0.33522147918601813,0.0,0.0,0.0,0.0,4.389224051801949,285.0102121778655,95655.03217394362,1.1692028073380556,338.4332341362456
9.4,487.08893560524047,3.6584427986066173,2.1520142881917197,0.015006814821785425,0.0,0.0,0.0,0.0,4.244478108289526,284.9839219185659,95608.66540959029,1.1687438695723649,338.41762469087524
9.45,491.09998693564245,4.022848422803122,1.9937814135165064,0.5545200240859001,0.0,0.0,0.0,0.0,4.523932605029132,284.9578500849183,95562.70184584083,1.1682888808849634,338.4021442213777
9.5,495.8219176036182,2.8119827077245416,0.34248180135280504,-0.6826733137721186,0.0,0.0,0.0,0.0,2.9138605639488504,284.92715753557644,95508.61508359993,1.1677534281450725,338.3839192379303
9.55,499.51224912066607,3.430385708923164,1.634155421695142,0.39188823489026436,0.0,0.0,0.0,0.0,3.8198935119824102,284.90317038071566,95466.36190296017,1.167335086365318,338.36967517923085
9.6,503.8992522315277,2.7287569485044183,2.118940365487418,0.10851083238656806,0.0,0.0,0.0,0.0,3.4565586002913826,284.87465486049507,95416.15173672698,1.1668379179748207,338.3527413052644
9.65,507.8521821399075,3.003636178436599,0.7165925440208081,-0.7988008084243283,0.0,0.0,0.0,0.0,3.1895795801482665,284.8489608160906,95370.9279453652,1.1663900808013246,338.33748223210847
9.7,512.5755936595191,3.623696334560478,1.3867740692482062,-0.012375889334350743,0.0,0.0,0.0,0.0,3.8800090988144715,284.8182586412131,95316.9121633767,1.165855126318732,338.31924804856186
9.75,516.5382864612814,3.403129542835417,2.289879102384929,-0.2722027813769311,0.0,0.0,0.0,0.0,4.110830979625377,284.7925011380016,95271.61488678091,1.1654064725704638,338.30394977346737
9.8,520.4724345363143,3.0151679718617834,1.1501927888027847,-0.592835492632924,0.0,0.0,0.0,0.0,3.2811027523197667,284.76692917551395,95226.66114760531,1.1649611813140455,338.28876101307856
9.85,524.3653901941981,2.643914182173894,0.5356111805017064,-0.7551803091319138,0.0,0.0,0.0,0.0,2.8013316188340243,284.7416249637377,95182.19500400472,1.1645206806092527,338.2737306149818
9.9,528.6926985922565,2.9881265100096046,1.0877974726293183,-0.1433278393403427,0.0,0.0,0.0,0.0,3.183197488502855,284.7134974591503,95132.78732672948,1.1640311810258472,338.25702243103353
9.95,532.4682234712635,2.4031172395347093,0.6711629818929852,-0.36605003761996313,0.0,0.0,0.0,0.0,2.5217900081596767,284.68895654743676,95089.69668442466,1.1636042270852094,338.2424440659664
10.0,536.7369234974017,2.8730461784178307,1.1880351576622559,-0.47473731556573234,0.0,0.0,0.0,0.0,3.14502740814026,284.6612099972669,95040.99639622787,1.1631216469151249,338.22596065589295
10.05,540.0607906953566,2.2773394581561712,0.7569540229280289,-1.0208576079254252,0.0,0.0,0.0,0.0,2.6079502786980413,284.6396048604802,95003.08940315888,1.1627459869414214,338.2131251227267
10.1,543.9838998243113,2.777842599656062,0.945404486529964,-0.33737767368531363,0.0,0.0,0.0,0.0,2.9536456873356096,284.61410465114193,94958.36411778217,1.1623027207134748,338.1979749143309
10.15,548.0953715276776,3.0666351004874888,0.8436711061324668,-0.36761753931172536,0.0,0.0,0.0,0.0,3.201745528625643,284.5873800850701,94911.5097093436,1.1618383104300047,338.18209656158194
10.2,551.5885558872073,2.7640566116852834,1.2153954471998336,-0.045771664042463564,0.0,0.0,0.0,0.0,3.0198162346249533,284.56467438673315,94871.71602584944,1.161443850197113,338.16860542604553
10.25,555.0965799655369,3.2002437136343764,1.5482079792298125,-0.03498209364052707,0.0,0.0,0.0,0.0,3.5552400088436618,284.541872230224,94831.7668883966,1.1610478173402674,338.15505643589023
10.3,558.7887015347313,2.9289364073651587,1.1919283100686096,0.10006232338002186,0.0,0.0,0.0,0.0,3.163759479368231,284.51787344002423,94789.73597491908,1.16063111268085,338.14079582230613
10.35,562.5390502490876,2.502970913503316,0.38719441468038746,-0.3992574915285587,0.0,0.0,0.0,0.0,2.5640182240274716,284.4934961733809,94747.05765116884,1.160207953466182,338.1263096938725
10.4,566.7921010708383,2.775694938317709,1.2357451466855787,-0.2844366150753421,0.0,0.0,0.0,0.0,3.0516311451672906,284.4658513430395,94698.67749304386,1.1597282162181932,338.109881073043
10.45,570.3440294138721,2.8541937207392314,1.5150435820065007,-0.0049825888244453,0.0,0.0,0.0,0.0,3.2313779842472377,284.4427638088098,94658.28821511508,1.1593276807573343,338.0961601258529
10.5,573.7781504100791,1.5707203475954472,0.08970802385589238,-1.2777946756471839,0.0,0.0,0.0,0.0,2.0268125648433264,284.42044202233444,94619.25179801522,1.1589405305478397,338.08289373394143
10.55,577.6191075048773,2.4345618803860756,1.789434019454065,-0.2158699903545453,0.0,0.0,0.0,0.0,3.02915260628186,284.39547580121825,94575.60622893198,1.158507632315571,338.06805507210464
10.6,580.9479395206274,3.5066561103637985,1.8728171158040616,0.9306180799288999,0.0,0.0,0.0,0.0,4.082907179485098,284.3738383931159,94537.79322826436,1.1581325536363223,338.05519436186967
10.65,584.4723475370755,1.9633412105772903,0.5177272587988841,-1.1064272971743987,0.0,0.0,0.0,0.0,2.312343310926635,284.350929741009,94497.77197574545,1.1577355395397713,338.041577524155
10.7,588.1673221665843,2.230718539383687,0.6525617407555405,-0.6443385506711962,0.0,0.0,0.0,0.0,2.411869439942604,284.3269124059172,94455.8285939754,1.157319423429885,338.02730109943184
10.75,591.6045399704141,1.8365665662493587,0.7935353531776903,-0.7667391808122546,0.0,0.0,0.0,0.0,2.142560169610284,284.3045704901923,94416.82466551966,1.1569324377957428,338.01402003895276
10.8,594.5179394261075,2.2129771627513715,1.3010373522950163,-0.06965624557465314,0.0,0.0,0.0,0.0,2.568037793233093,284.2856333937303,94383.7749937146,1.1566045047583409,338.00276255074954
10.85,597.8721846294535,2.0488855744622088,1.1949470328863423,-0.9669761422503117,0.0,0.0,0.0,0.0,2.561420185819676,284.26383079990853,94345.73595914176,1.1562270380753152,337.98980115316976
10.9,601.5609373365276,2.46817540792359,1.3551848520819534,-0.12554914303354242,0.0,0.0,0.0,0.0,2.8185418951840373,284.2398539073125,94303.91775414768,1.1558120367376936,337.97554658544703
10.95,604.7218179678445,1.660363310627003,0.8509044899100585,-0.7022025691937909,0.0,0.0,0.0,0.0,1.9934726540406116,284.21930818320897,94268.09580751715,1.1554565140623818,337.9633314127232
11.0,608.3287152229406,1.354252620978953,-0.12155945727104389,-1.3944458517556404,0.0,0.0,0.0,0.0,1.9476283260824967,284.1958633510509,94227.23265962704,1.1550509275058807,337.9493920765161
11.05,611.6259182616197,1.730938551782786,0.7980379633834802,-0.9242921854734332,0.0,0.0,0.0,0.0,2.1183316324826,284.17443153129943,94189.89063963668,1.154680260586662,337.9366490919316
11.1,615.2586016046647,2.3508584836355015,1.1918506958383195,-0.008753402537689803,0.0,0.0,0.0,0.0,2.6357390449942657,284.15081908956967,94148.76305831499,1.1542719848126177,337.92260899135675
11.15,618.7264221869877,1.382067381796697,0.34241889807638737,-0.9243064143064825,0.0,0.0,0.0,0.0,1.697558039394922,284.12827825578455,94109.51554553647,1.1538823409402081,337.9092055310896
11.2,621.5561180364901,1.4589733765072577,0.8027039350987963,-0.8463708327182171,0.0,0.0,0.0,0.0,1.8679615914831358,284.1098852327628,94077.49990945714,1.1535644712415625,337.89826809039783
11.25,625.241926943191,1.598816380036583,0.7092858949742427,-0.6336919268093693,0.0,0.0,0.0,0.0,1.8603402258689314,284.0859274748692,94035.81129783431,1.1531505318126751,337.8840210402464
11.3,628.5597385997387,1.6451258853582185,0.4818932319424898,-0.6931640918167966,0.0,0.0,0.0,0.0,1.8490907830206296,284.06436169910165,93998.29774027113,1.1527780179721772,337.87119592533776
11.35,631.2838024840482,1.543812784170438,0.4928041743479656,-0.6967800010860268,0.0,0.0,0.0,0.0,1.7640057360270411,284.0466552838537,93967.50658065148,1.1524722371617755,337.860665598886
11.4,634.0365994106872,1.785926094097726,0.7440788079396492,-0.1429343899389406,0.0,0.0,0.0,0.0,1.9400040014987767,284.0287621038305,93936.39893767412,1.1521632940595066,337.8500238666062
11.45,637.395052897557,1.7388627441799602,0.6331761487361878,-0.36219773627559315,0.0,0.0,0.0,0.0,1.885667754030019,284.0069321561659,93898.45844036,1.1517864646535099,337.8370403398632
11.5,639.92661838884,1.087279692316443,-0.26954099404781245,-1.0525002186489458,0.0,0.0,0.0,0.0,1.5370706512883852,283.9904769804725,93869.86751131239,1.1515024770998152,337.82725316963774
11.55,643.0977978518341,1.9790239706684254,1.0723571412569464,-0.06462580105063737,0.0,0.0,0.0,0.0,2.251813093719465,283.96986431396306,93834.06287270118,1.1511468141087484,337.8149928168558
11.6,646.003148306132,1.8733778331675748,0.7486543022247283,-0.2803183942273481,0.0,0.0,0.0,0.0,2.036812748434532,283.9509795360101,93801.26932078825,1.1508210388913598,337.80375981645966
11.65,648.8655863467615,1.737413482042731,0.8105517348953426,-0.03289266702405977,0.0,0.0,0.0,0.0,1.917467509521257,283.93237368874605,93768.96921031519,1.150500144399033,337.79269236366906
11.7,651.5639227846104,1.4396022944393463,0.5600926103181062,-0.3232938745584382,0.0,0.0,0.0,0.0,1.578188020362272,283.91483450190003,93738.52909009047,1.1501977092510305,337.78225906829175
11.75,654.3630253753956,2.088396360428755,1.2970132697665395,0.41009968442760647,0.0,0.0,0.0,0.0,2.492353211599468,283.8966403350599,93706.9606758448,1.1498840442984104,337.771435813407
11.8,657.345620714348,1.140209119754483,0.9762137065975547,-0.5529565776759753,0.0,0.0,0.0,0.0,1.5996346503234282,283.8772534653567,93673.33229567173,1.149549889330518,337.75990266774255
11.85,660.6549886610964,1.6404654441010142,1.1954268207829721,0.2184577920149241,0.0,0.0,0.0,0.0,2.0415425452409406,283.85574257370286,93636.03103353234,1.1491792113530954,337.74710549180725
11.9,663.5330686794073,1.2892890736867244,0.537982139768786,-0.44525814700167254,0.0,0.0,0.0,0.0,1.4662693871555583,283.8370350535838,93603.60077626395,1.1488569157220139,337.7359756925278
11.95,666.3505774412881,0.7211815952390592,0.3718223241785783,-1.3512661252230926,0.0,0.0,0.0,0.0,1.5761582646563588,283.8187212466316,93571.8618474921,1.1485414700217513,337.7250797725627
12.0,669.2187326581651,1.3996423492547412,0.9412839189926271,-0.48563549436894254,0.0,0.0,0.0,0.0,1.7552367234571,283.8000782377219,93539.56134326347,1.148220422054371,337.71398763064775
12.05,671.8883498450482,1.7220115091925141,1.2707369632106018,-0.18639193783849828,0.0,0.0,0.0,0.0,2.1482174056534347,283.7827257260072,93509.5048419587,1.1479216592068913,337.7036629761521
12.1,674.697409825218,0.9918961618298592,0.6798526290186578,-0.6342929808041577,0.0,0.0,0.0,0.0,1.3595533011007002,283.7644668361361,93477.88683601322,1.147607355219573,337.69279869052286
12.15,677.3316056775,1.2995284312681399,1.134250082629898,-0.3116807916798528,0.0,0.0,0.0,0.0,1.752838358070231,283.74734456309625,93448.24491835764,1.1473126764923929,337.68261038965494
12.2,679.9182310838536,0.2604840387096512,-0.6029532268730109,-1.4293694472231593,0.0,0.0,0.0,0.0,1.5730548448398447,283.7305314979549,93419.14570514721,1.1470233756450818,337.67260577826437
12.25,682.4953439473303,1.6296380344364345,0.9245750831201108,-0.009079409368606295,0.0,0.0,0.0,0.0,1.8736706336181097,283.71378026434235,93390.16080416636,1.14673519423118,337.66263766492034
12.3,685.1725006288501,0.7410428374630873,0.24176457889609998,-0.8472299063809279,0.0,0.0,0.0,0.0,1.1512571879603566,283.69637874591245,93360.05841798382,1.1464358842432927,337.6522822766342
12.35,687.7019993207169,1.7833504630847783,1.5678894012041984,0.35522961897067334,0.0,0.0,0.0,0.0,2.401000651975589,283.6799370044153,93331.62354151857,1.146153137548715,337.64249774571385
12.4,690.6687974141382,1.417803071103068,0.9892542787766776,0.14926832020465858,0.0,0.0,0.0,0.0,1.7352436739328503,283.66065281680807,93298.28178382009,1.1458215776267848,337.63102130504933
12.45,692.4698769231028,0.6072836441981708,0.5696415064547702,-0.5625509176972385,0.0,0.0,0.0,0.0,1.0048623813182957,283.6489457999998,93278.04542292838,1.1456203305048984,337.6240540137002
12.5,694.7191559659486,1.442139556687978,1.506632158954791,0.23380210862824477,0.0,0.0,0.0,0.0,2.0986591884724843,283.6343254862213,93252.77822456909,1.1453690409097064,337.6153527065198
12.55,697.1828646307165,1.110384530296724,0.797204005760677,-0.2393744056221116,0.0,0.0,0.0,0.0,1.3877276887019603,283.6183113799003,93225.1085986362,1.1450938436163316,337.60582162374
12.6,699.821542257464,0.6661291455498695,0.5278559703949167,-0.7190402572964154,0.0,0.0,0.0,0.0,1.113273935581649,283.6011599753265,93195.4812899329,1.144799158320865,337.5956133590667
12.65,702.407671816838,0.7661133572170973,0.9126942065210847,-0.5876933227341015,0.0,0.0,0.0,0.0,1.328654895866437,283.5843501331905,93166.45139409324,1.1445103978483617,337.58560808782306
12.7,704.6893834621816,0.7522829673316146,0.7084699623422165,-0.670572142607695,0.0,0.0,0.0,0.0,1.2318791941257534,283.5695190074958,93140.84473943283,1.1442556741574432,337.5767803086319
12.75,707.2878909890909,1.975737444604777,1.4520898836472371,0.6753158022072945,0.0,0.0,0.0,0.0,2.5432567532427672,283.55262870857086,93111.68976376142,1.1439656371143199,337.566726587668
12.8,709.869229352285,1.7666990940376812,1.5937058275904668,0.5667830291219984,0.0,0.0,0.0,0.0,2.445887764364932,283.53585000921015,93082.73474138234,1.1436775721275987,337.55673899835165
12.85,712.4765869963136,0.9004459968161541,0.6447855750607888,-0.31240887550774127,0.0,0.0,0.0,0.0,1.1507174876939696,283.51890218452394,93053.49526128406,1.1433866598533815,337.54665043649095
12.9,714.746032092757,1.419628271495391,1.1492975252180504,0.11942388392315462,0.0,0.0,0.0,0.0,1.8304347283507865,283.5041507913971,93028.05126091979,1.1431334957823187,337.5378691029182
12.95,717.1230305461946,1.0154797827466562,0.993124533358456,-0.31534745186880075,0.0,0.0,0.0,0.0,1.454970633148928,283.48870030144974,93001.4074612286,1.1428683797628547,337.5286713601433
13.0,719.2432298697862,1.6096282955229944,1.4699521492053491,0.41264509077654865,0.0,0.0,0.0,0.0,2.2185442392802694,283.47491900584635,92977.64733969528,1.1426319452567564,337.52046708441173
13.05,721.2341078105346,1.6070072303947744,1.5831961743937253,0.2777121147322452,0.0,0.0,0.0,0.0,2.27290703369607,283.4619782992315,92955.34093980577,1.1424099661217362,337.51276304624713
13.1,723.737478572891,1.2997658473137517,1.005963830440026,0.08102094612747884,0.0,0.0,0.0,0.0,1.6455755466426316,283.4457063892762,92927.29856539496,1.1421308918287985,337.5030755810359
13.15,725.4108806490834,0.4922606891896722,0.37789901214342153,-0.7479005356063093,0.0,0.0,0.0,0.0,0.9718453892778774,283.43482927578094,92908.55719288402,1.1419443710408514,337.49659974740206
13.2,727.9994784110761,0.2868193213071365,0.2851332036664507,-0.9344714781213507,0.0,0.0,0.0,0.0,1.0182353413285565,283.418003390328,92879.5720575253,1.1416558865931064,337.48658198878235
13.25,729.8032679187851,0.17099804236112737,0.03743384260794003,-0.9045991561372715,0.0,0.0,0.0,0.0,0.9213800824567447,283.4062787585279,92859.37893312087,1.1414548975104604,337.47960122752545
13.3,731.8403795932361,0.38977180942785283,0.5372982653446448,-0.6749497895351675,0.0,0.0,0.0,0.0,0.9466618761525118,283.3930375326439,92836.57808033355,1.1412279428179395,337.4717173234575
13.35,734.417515798831,0.71835003023469,0.7872272169969645,-0.38848881994471174,0.0,0.0,0.0,0.0,1.1343178656536275,283.37628614730755,92807.73937116592,1.140940873435635,337.4617431858291
13.4,736.4053379246236,1.113044259406864,1.0303819227279916,0.1452637867516961,0.0,0.0,0.0,0.0,1.5236981321195644,283.3633653034899,92785.50016933022,1.1407194859889842,337.45404963418866
13.45,738.2272370921818,0.7293154254662093,0.7070504506388386,-0.4278474016293776,0.0,0.0,0.0,0.0,1.1022135585504982,283.3515229589008,92765.12105758945,1.1405166065561025,337.44699810710046
13.5,739.9746154950586,0.7464850138127365,0.5041289625147176,-0.23098345949009147,0.0,0.0,0.0,0.0,0.929913568699359,283.3401649992821,92745.57891364177,1.140322051393621,337.44023486872675
13.55,741.5357866913913,0.7555052485847245,0.7009064929673019,-0.21879942829453225,0.0,0.0,0.0,0.0,1.0535327628245847,283.3300173865059,92728.12207369746,1.140148250236794,337.4341922317819
13.6,743.750910633389,0.31227554692732273,0.09888048328821786,-0.7406269556318539,0.0,0.0,0.0,0.0,0.8098281636202695,283.3156190808829,92703.35737391005,1.139901680987725,337.42561823316623
13.65,745.2021955524823,0.9955025099976988,1.1394684371701274,0.18757720255797586,0.0,0.0,0.0,0.0,1.5246634952139857,283.3061857289088,92687.13516534041,1.1397401580920843,337.42000067997833
13.7,747.4839205745275,0.5952894323645919,0.5573830285032139,-0.2708557991123565,0.0,0.0,0.0,0.0,0.8593068210256252,283.2913545162655,92661.63509074399,1.139486245546322,337.4111685161765
13.75,749.2942402940142,0.704334407867488,0.6998395748712964,-0.03875133427270119,0.0,0.0,0.0,0.0,0.9936619417940875,283.27958743808887,92641.40738356694,1.1392848222240255,337.4041609164664
13.8,751.1960508946628,0.28750486592698804,0.2648504286403029,-0.5012532204793091,0.0,0.0,0.0,0.0,0.6356568166263352,283.26722566918465,92620.16124926748,1.139073248604806,337.39679900626686
13.85,752.9988116903818,1.1387455060664078,1.4132195477173326,0.2775199253140428,0.0,0.0,0.0,0.0,1.8360141956376952,283.2555077240125,92600.02529560716,1.1388727218825627,337.3898203696266
13.9,755.0580550213348,1.0182839741188225,1.1542837293726498,0.37579666352788255,0.0,0.0,0.0,0.0,1.5844545787621507,283.2421226423613,92577.02889509528,1.1386436988505106,337.38184869119107
13.95,756.6909105358196,1.277394184559089,1.3651553967872114,0.5461007040310568,0.0,0.0,0.0,0.0,1.9477194713474126,283.2315090815172,92558.79742665304,1.1384621224741545,337.3755274980527
14.0,759.1172789599179,0.6784804180766087,0.837709776236079,-0.09382633091997877,0.0,0.0,0.0,0.0,1.0820798155814646,283.2157376867605,92531.71144710683,1.1381923469968496,337.36613419870474
14.05,760.6870189897791,0.5311652475206716,0.5385280672292269,-0.5175310339127401,0.0,0.0,0.0,0.0,0.9165082489700422,283.2055343765664,92514.19158129145,1.138017841699763,337.36005706056955
14.1,762.7337807003908,0.9200431765694581,1.162317532765674,0.06864613185070761,0.0,0.0,0.0,0.0,1.4839722993184772,283.19223042544746,92491.35171187167,1.1377903374678515,337.3521330021119
14.15,763.9182102563942,0.15545112306838765,0.25829775939675437,-0.7026109975844672,0.0,0.0,0.0,0.0,0.7645554251323097,283.1845316333334,92478.13671608771,1.1376587001585823,337.3475473862048
14.2,765.2685751008198,1.210686396849227,1.350907191979485,0.5938281870748765,0.0,0.0,0.0,0.0,1.9087544914478383,283.17575426184465,92463.0722013623,1.1375086350427253,337.342319262211
14.25,767.1610513698671,-0.11045248851318495,0.08767725497568718,-0.7187712810337172,0.0,0.0,0.0,0.0,0.7324747147155851,283.16345316609585,92441.96329785831,1.137298350940963,337.3349921426162
14.3,768.8421827035083,0.9618387298254835,1.2145146682901422,0.22057074904753804,0.0,0.0,0.0,0.0,1.564874140951791,283.1525258124272,92423.2150336955,1.1371115755551267,337.32848315587006
14.35,769.7796268854048,0.6517214560845761,0.8073440981176272,0.18124695414887843,0.0,0.0,0.0,0.0,1.0532785991724178,283.1464324252448,92412.76183305547,1.1370074347531882,337.32485351472866
14.4,771.3917092738243,0.2575226936016881,0.5925857206926552,-0.4730296073605837,0.0,0.0,0.0,0.0,0.8007701190281831,283.1359538897201,92394.7881527556,1.1368283653637112,337.31861168583896
14.45,772.6515635366812,0.581479312706972,0.9207102484593739,0.02840290128757461,0.0,0.0,0.0,0.0,1.0893265247508876,283.12776483701157,92380.74355978423,1.136688436336605,337.31373357017327
14.5,774.3466785886201,-0.18385920152682195,0.12269503728526626,-0.7184877490536278,0.0,0.0,0.0,0.0,0.7517199769200378,283.11674658917394,92361.84949792823,1.1365001847170335,337.3071700272488
14.55,775.6284580345024,0.987425859544926,1.578617052268553,0.44992805816422,0.0,0.0,0.0,0.0,1.9155878688628505,283.1084150227757,92347.5646279077,1.1363578520712014,337.302206848996
14.6,777.2890320675228,0.42762422181070203,0.7991224935138841,-0.1061608224406585,0.0,0.0,0.0,0.0,0.9125400566223564,283.0976212915611,92329.06091844289,1.1361734772129004,337.29577683161057
14.65,778.6418869587588,0.2644028495822684,0.6397772537131583,-0.3771127499672943,0.0,0.0,0.0,0.0,0.78831327999969,283.088827734768,92313.98833029608,1.1360232855743266,337.29053826304
14.7,780.4916487891895,-0.43282025615298925,-0.02238407145563448,-0.9018854046223834,0.0,0.0,0.0,0.0,1.000615662410973,283.0768042828702,92293.38276795809,1.1358179527588415,337.2833754236296
14.75,781.6382788477557,0.16782174307705544,0.7317206345154827,-0.20760201457697253,0.0,0.0,0.0,0.0,0.7788952566819106,283.0693511874896,92280.61166533417,1.1356906853429076,337.2789352475432
14.8,782.9556230990604,0.7818581683814663,1.1170048233597765,0.26739452367206634,0.0,0.0,0.0,0.0,1.389424989757863,283.0607884498561,92265.9409238492,1.1355444833872894,337.2738339307449
14.85,784.355143009753,-0.39847040369489256,-0.11456541343374416,-0.8631968404431185,0.0,0.0,0.0,0.0,0.9576077912835703,283.05169157043656,92250.35709361499,1.1353891771587843,337.2684143103403
14.9,786.1091915493654,0.0680925231985073,0.4916505658146202,-0.3903909367824081,0.0,0.0,0.0,0.0,0.6314760122943877,283.0402902549291,92230.8285521685,1.1351945514540847,337.2616216600228
14.95,787.0207236189923,0.24052622832370818,0.6373322146596784,-0.18593025925490314,0.0,0.0,0.0,0.0,0.7061269571835043,283.03436529647655,92220.68141384871,1.1350934197643836,337.2580916474726
15.0,788.1021270639354,-0.13324063629708993,0.2971892274861577,-0.5180188578460604,0.0,0.0,0.0,0.0,0.611897083812964,283.0273361740844,92208.64444659953,1.1349734503053908,337.253903740608
15.05,789.0781136484509,0.49803108026686904,0.9293691112869933,0.16901169564094848,0.0,0.0,0.0,0.0,1.0678608781997723,283.0209922612851,92197.78195355207,1.134865183980914,337.25012403265714
15.1,790.9800874883853,-0.4651015439152945,0.07336580307188795,-0.8278369880181992,0.0,0.0,0.0,0.0,0.9523739107849488,283.00862943132546,92176.61642498612,1.1346542204659158,337.2427581276828
15.15,791.5080669216327,0.39798049929719576,0.9711079543479394,0.05074670937185238,0.0,0.0,0.0,0.0,1.0507208788878024,283.0051975650094,92170.74166663647,1.1345956632580274,337.24071335686966
15.2,792.7463305411792,0.002021914765820934,0.5487437800931687,-0.382445388015049,0.0,0.0,0.0,0.0,0.6688709136628992,282.99714885148234,92156.9648580343,1.134458338833662,337.23591773259443
15.25,793.767657238421,-0.03702622550677731,0.532617037956494,-0.33349305457105005,0.0,0.0,0.0,0.0,0.6294993788273007,282.99051022795027,92145.60292481213,1.134345082456696,337.231962223788
15.3,795.3589752456179,0.13897748933463205,0.6079778564707484,-0.19525972850707513,0.0,0.0,0.0,0.0,0.6535121866324916,282.9801666609035,92127.90228085595,1.1341686361674057,337.22579909612085
15.35,795.8117798741777,0.5666153243551668,1.1652922935977332,0.27723204462269624,0.0,0.0,0.0,0.0,1.325072323263171,282.97722343081784,92122.86612044917,1.1341184327578464,337.22404537657565
15.4,796.9674304764726,-0.273866853017082,0.15911219142634792,-0.4420274732132483,0.0,0.0,0.0,0.0,0.5437904281221432,282.9697117019029,92110.01381310944,1.1339903110308733,337.2195694820271
15.45,798.0990643634713,-0.18739460453059484,0.2865485155414059,-0.4706191890212059,0.0,0.0,0.0,0.0,0.5819872942265483,282.96235608163744,92097.43000924969,1.1338648626584737,337.2151865478891
15.5,799.6603260082062,0.6166364383558809,1.0076113409300207,0.3540686150314964,0.0,0.0,0.0,0.0,1.233241945292708,282.9522078809466,92080.0710166102,1.133691804912796,337.20913952785446
15.55,800.4565251800968,0.7086521568399343,1.267093714368717,0.5130630669063275,0.0,0.0,0.0,0.0,1.5397883201953215,282.9470325863293,92071.219442678,1.1336035581497605,337.20605567733827
15.6,801.4129954764193,-0.47799277166246223,0.14947222240329777,-0.6723218591904389,0.0,0.0,0.0,0.0,0.8383529789873905,282.94081552940327,92060.58699982593,1.1334975546795005,337.20235102502073
15.65,802.2509142556341,0.43823297572950626,0.9890267050914656,0.3438021916624318,0.0,0.0,0.0,0.0,1.1350867417923225,282.93536905733833,92051.2732322222,1.1334046962413722,337.19910551938386
15.7,802.994866248228,0.27556739077749925,0.853117526144938,0.004819570238934645,0.0,0.0,0.0,0.0,0.8965322796937465,282.93053336938647,92043.00457859659,1.1333222561112894,337.19622394854207
15.75,804.1119626627649,-0.7046388577956031,-0.020301529914511618,-0.8561395480262031,0.0,0.0,0.0,0.0,1.1090099177766055,282.923272242692,92030.58974127179,1.1331984750545165,337.1918970203327
15.8,805.2369341314837,-0.005205370919284441,0.719480024353705,-0.14261950586765793,0.0,0.0,0.0,0.0,0.7334977333191631,282.91595992814536,92018.08875496211,1.1330738318466174,337.1875395330079
15.85,806.4349907767916,0.5488789362305123,1.1325620031461143,0.4912686786605206,0.0,0.0,0.0,0.0,1.3510402259891197,282.90817255995086,92004.77713838869,1.1329411025700096,337.18289889415723
15.9,806.881793950238,0.5154823940235554,1.1590005533711474,0.6113877005629766,0.0,0.0,0.0,0.0,1.4081190651584,282.9052683393234,91999.81310412356,1.1328916055668783,337.1811681982312
15.95,807.3711167770771,-0.15090861766513652,0.3314541086320879,-0.2119525578754806,0.0,0.0,0.0,0.0,0.42137764986369797,282.90208774094896,91994.3769204695,1.1328374001205286,337.1792727918713
16.0,808.5269203379916,0.1671176927955753,0.6937363343422079,0.2364095110189262,0.0,0.0,0.0,0.0,0.7517232747042543,282.89457501780305,91981.5374314461,1.1327093721819703,337.1747957104809
16.05,808.8674959075048,0.3203852295925558,0.9311840542959472,0.3393017499068785,0.0,0.0,0.0,0.0,1.041573864786354,282.8923612766012,91977.75435228384,1.1326716488619806,337.1734764571907
16.1,809.9438072143905,-0.33090234394715345,0.2214594637962968,-0.3291094528006765,0.0,0.0,0.0,0.0,0.5165788296643836,282.88536525310644,91965.7996227919,1.1325524392426316,337.16930722452463
16.15,810.658462975315,0.5430180960734613,1.0910030329970302,0.4566150811273788,0.0,0.0,0.0,0.0,1.3014044732460883,282.88071999066045,91957.86254350624,1.1324732910134918,337.1665388834526
16.2,811.7094935745232,-0.1531990855983702,0.505465554394824,-0.1686848786989788,0.0,0.0,0.0,0.0,0.5544546643410376,282.8738882917656,91946.19064010005,1.1323568969102595,337.1624674957339
16.25,812.0680981865462,-0.5478182058637712,0.06337951108022533,-0.5828150111466592,0.0,0.0,0.0,0.0,0.8023684230566717,282.87155736178744,91942.20853919539,1.1323171861146597,337.16107835422156
16.3,813.0349886323348,0.19209830838867425,0.8063101400833119,0.21578513907044175,0.0,0.0,0.0,0.0,0.8565051245209279,282.8652725738898,91931.47246484323,1.1322101208852522,337.15733284220454
16.35,813.4041600370515,-0.21502062815997733,0.3244473768798595,-0.19065108807189493,0.0,0.0,0.0,0.0,0.43341413022827285,282.86287295975916,91927.37355918578,1.132169244024967,337.15590274580455
16.4,814.5945370321796,0.1787352918557212,0.7670357785026503,0.172589927082703,0.0,0.0,0.0,0.0,0.8062738201060042,282.8551355092908,91914.15782563417,1.132037446072262,337.15129142140137
16.45,814.857252975919,0.17569854745078098,0.7434447873047567,0.2384340850427931,0.0,0.0,0.0,0.0,0.8002692948358842,282.8534278556565,91911.24132336139,1.1320083598739843,337.1502736946133
16.5,814.9509874179496,0.13307249396769877,0.6326771591606499,0.13525431235670013,0.0,0.0,0.0,0.0,0.6605167714641751,282.8528185817833,91910.20076242623,1.1319979823454216,337.1499105790498
16.55,815.5455677134308,0.14141142597277748,0.6258894400231318,0.11228361953134228,0.0,0.0,0.0,0.0,0.651415684293204,282.8489538098627,91903.60045425374,1.1319321568603589,337.1476072398698
16.6,816.1823973039047,-0.18260131368176444,0.2802280618973703,-0.22576727083312836,0.0,0.0,0.0,0.0,0.40353669847053775,282.8448144175246,91896.53157141733,1.131861657239245,337.1451402140785
16.65,816.3951033483261,0.15653425700211238,0.817314394497409,0.24677950089919543,0.0,0.0,0.0,0.0,0.8679895823867506,282.84343182823585,91894.1706075666,1.131838110564957,337.14431620422306
16.7,816.7184213805914,1.1094567209624677,1.6943481195193468,1.177665049826327,0.0,0.0,0.0,0.0,2.342777141639807,282.84133026102614,91890.58198280838,1.1318023198014737,337.14306368661744
16.75,817.5126496117404,-0.02431938284839827,0.5102880700565214,0.01910645571824579,0.0,0.0,0.0,0.0,0.5112244159605931,282.83616777752366,91881.76703576745,1.1317144037452544,337.13998686710755
16.8,817.5411819957559,-0.16588009383495284,0.3198858576111421,-0.2029406552234647,0.0,0.0,0.0,0.0,0.4135554097975721,282.8359823170276,91881.45037447983,1.1317112454875091,337.1398763328715
16.85,817.812529619252,-0.8387477375992749,-0.4062691866995731,-0.8860783030916507,0.0,0.0,0.0,0.0,1.2859576892725568,282.83421855747486,91878.43891817429,1.1316812102784481,337.1388251324555
16.9,818.5823031447331,-0.8960868129661322,-0.39998013224909706,-0.9521937498759763,0.0,0.0,0.0,0.0,1.367343636350672,282.82921502955924,91869.8962919969,1.1315960081015972,337.1358430127668
16.95,818.6602923234728,-0.6042050640300404,-0.0803624960151399,-0.5879348483521034,0.0,0.0,0.0,0.0,0.8468702829076833,282.8287080998974,91869.03083643568,1.1315873761639943,337.13554087948927
17.0,819.0092831011231,-0.9164353937236704,-0.4261358038137466,-0.9204119335863653,0.0,0.0,0.0,0.0,1.3669687932244974,282.82643965984266,91865.15812348614,1.131548750055329,337.1341888715842
17.05,819.4516176813207,-0.6640930189712437,-0.12879383815568002,-0.7303289808011532,0.0,0.0,0.0,0.0,0.9954837069441484,282.8235644850714,91860.24977440383,1.131499794155037,337.13247523728063
17.1,819.5738830950697,0.03921627314534262,0.5337237966182659,0.01400263579423533,0.0,0.0,0.0,0.0,0.5353457583330722,282.822769759882,91858.89309828641,1.1314862625723126,337.1320015712003
17.15,819.8089394781987,0.789079399330534,1.2625060695148311,0.7967973950527387,0.0,0.0,0.0,0.0,1.6886248733133284,282.8212418933917,91856.28492154433,1.1314602483277865,337.13109094193214
17.2,819.9942593682133,-0.13528217819023064,0.39384175589468484,-0.04886801472424036,0.0,0.0,0.0,0.0,0.41928591591560815,282.82003731410657,91854.22866132503,1.1314397388608874,337.13037299451383
17.25,820.3998676079004,-0.6010290209166885,-0.15487210981233343,-0.6197721455191842,0.0,0.0,0.0,0.0,0.8771195852010429,282.8174008605486,91849.72827022163,1.1313948509384937,337.1288016231017
17.3,821.029506072114,-0.6145122269804675,-0.16049841986094948,-0.6249128151022283,0.0,0.0,0.0,0.0,0.8910112492922562,282.81330821053126,91842.74252486358,1.1313251726996973,337.1263623191847
17.35,821.0464348368758,-0.7135615324209706,-0.21679480796862155,-0.7193861671754299,0.0,0.0,0.0,0.0,1.0361884514104907,282.8131981735603,91842.554708669,1.1313232993421354,337.12629673463425
17.4,821.4419611365118,-0.3602002976700891,0.18318159834856315,-0.3749261898132099,0.0,0.0,0.0,0.0,0.5512435035653538,282.8106272526127,91838.16663033218,1.1312795305994212,337.12476440333995
17.45,821.324593142453,0.22666278961364555,0.7429748342251887,0.18214651864457926,0.0,0.0,0.0,0.0,0.797850223251035,282.81139014457403,91839.46872565734,1.1312925183478333,337.125219106195
17.5,821.2277215480076,-0.6230937637271143,-0.18995092103734684,-0.6432402153481754,0.0,0.0,0.0,0.0,0.9154699150926394,282.8120198099379,91840.54344260172,1.1313032380844403,337.1255944021749
17.55,821.3431130802546,-0.3250529685856147,0.0760694096359033,-0.41033417545719947,0.0,0.0,0.0,0.0,0.5289802671336761,282.8112697649783,91839.26326213882,1.131290468954518,337.12514735695976
17.6,821.5009202410001,-0.05400685538080638,0.3170959524079424,-0.2252504760107642,0.0,0.0,0.0,0.0,0.39268863034814144,282.8102440184335,91837.51253623354,1.1312730063253218,337.12453598586956
17.65,821.3805217433645,-0.6031718466785725,-0.21435768413565687,-0.6372175739063346,0.0,0.0,0.0,0.0,0.9032229679701,282.8110266086681,91838.84824484223,1.131286329366984,337.1250024297003
17.7,821.3512342175229,-0.4240769755825522,0.10106621697630855,-0.5756120726934831,0.0,0.0,0.0,0.0,0.7220698855814681,282.81121697758607,91839.1731648998,1.1312895702804506,337.12511589435536
17.75,821.9930351418674,-0.06405161887219452,0.11366324498428382,-0.20360701643891002,0.0,0.0,0.0,0.0,0.24182175312337137,282.80704527157786,91832.0531456982,1.1312185511851376,337.1226294440778
17.8,821.390286694626,-0.4111698358834322,0.42356631920168836,-0.5662032467279619,0.0,0.0,0.0,0.0,0.8179579312579348,282.81096313648493,91838.73991126426,1.1312852487937748,337.12496459867697
17.85,821.4904814864404,-1.1077613216940072,-1.3546490960809812,-1.2510615348414966,0.0,0.0,0.0,0.0,2.1511309312345994,282.8103118703381,91837.6283438193,1.1312741614509452,337.12457642736877
17.9,821.4278732572776,-0.998084263338232,0.29453146021307064,-1.2251626603738257,0.0,0.0,0.0,0.0,1.6074652475723805,282.8107188238277,91838.32292225127,1.1312810895348493,337.1248189821266
17.95,821.1162410027139,-0.11409245328420403,-1.1312687936134627,-0.1763818378129713,0.0,0.0,0.0,0.0,1.150607111055007,282.81274443348235,91841.78024739023,1.1313155745325554,337.1260262950393
18.0,821.1804952509531,-90.77515320223942,0.92947247794915,31.959285620450753,0.0,0.0,0.0,0.0,96.24130243999639,282.8123267808688,91841.06738627846,1.1313084641385567,337.1257773642172
18.05,820.8057030845241,0.65428808742099,2.3000808667474586,-2.820346659134801,0.0,0.0,0.0,0.0,3.697677672893027,282.8147629299506,91845.22553652666,1.131349939231773,337.1272293640181
18.1,820.0819212128677,-2.1294364669352515,22.296287667655474,8.690090172089272,0.0,0.0,0.0,0.0,24.024500215917122,282.8194675121163,91853.25600179352,1.131430037369385,337.13003338340263
18.15,819.4179058815405,-2.140673795021565,-3.1260211799746167,-3.2677555634031252,0.0,0.0,0.0,0.0,5.003270843807479,282.82378361176995,91860.62384865028,1.1315035251911139,337.13260583939666
18.2,819.6567110737728,11.231239183138204,-15.463407903019977,-2.7815401419061394,0.0,0.0,0.0,0.0,19.31307026666332,282.82223137802043,91857.97403532328,1.1314770957522697,337.131680688548
18.25,820.5412897997303,22.19356257684705,-26.493493023762298,-1.907886905134246,0.0,0.0,0.0,0.0,34.61357284209982,282.81648161630176,91848.15917451707,1.1313792003233898,337.1282537360866
18.3,821.5092788424535,35.72203080406899,4.3788326769234445,-12.775787136686988,0.0,0.0,0.0,0.0,38.18976822843107,282.81018968752403,91837.41980596005,1.1312720813847192,337.1245036032315
18.35,821.4233320840871,159.40324495066403,-14.874348040896589,-19.6278137384233,0.0,0.0,0.0,0.0,161.29442582616846,282.8107483414534,91838.37330239065,1.131281592051984,337.12483657538473
18.4,822.6492850955281,6.416895083245802,5.518759833573131,-5.215982999321521,0.0,0.0,0.0,0.0,9.941817301643367,282.80277964687906,91824.77329385761,1.1311459367455658,337.1200869967426
18.45,820.9003582152382,-1.2774285944360504,-2.0889884225630717,-0.35869743233704626,0.0,0.0,0.0,0.0,2.4747444901344067,282.81414767160095,91844.17536610403,1.1313394644356842,337.1268626567546
18.5,820.6799355692497,0.8581522399471468,2.2357139343919674,-2.784406801985566,0.0,0.0,0.0,0.0,3.6725690330209186,282.81558041879987,91846.62090461202,1.1313638571243594,337.12771660440956
18.55,820.3837040399765,-0.5464079752108467,-1.3826993216934738,-2.627471662415055,0.0,0.0,0.0,0.0,3.018944588159866,282.81750592374016,91849.90760827425,1.1313966397049433,337.1288642427009
18.6,820.2848332585257,0.6935684556283893,2.4850944367823304,-5.705713340243943,0.0,0.0,0.0,0.0,6.261940297017126,282.81814858381955,91851.00460574646,1.1314075814412383,337.12924727970363
18.65,819.7231409383929,-0.10421987632868196,-2.4357567877468815,-4.646359391956655,0.0,0.0,0.0,0.0,5.2471352670672395,282.82179958390043,91857.23693194948,1.1314697438015975,337.13142333336725
18.7,819.4869262294505,-0.6670146895561727,-1.3623361810720171,-4.395779981328555,0.0,0.0,0.0,0.0,4.650134418550767,282.82333497950856,91859.85798357571,1.1314958864097502,337.1323384491839
18.75,818.8090710757025,0.4225653726274498,-1.5138310422379966,-1.7685550524888287,0.0,0.0,0.0,0.0,2.3660162493674717,282.8277410380079,91867.3798385329,1.1315709092896056,337.1349645037492
18.8,818.2510445018269,0.17633556563410666,-3.1657979609839817,-0.4127032373928187,0.0,0.0,0.0,0.0,3.1974513168510246,282.8313682107381,91873.5723836968,1.1316326727743704,337.1371263193203
18.85,818.4509909569517,-0.6494897333748086,-3.1798492160658784,-1.3024399753108338,0.0,0.0,0.0,0.0,3.4970884804307922,282.8300685587798,91871.3534944994,1.1316105420088107,337.136351720957
18.9,819.4260009606403,-0.5588675750817926,-6.514331329999079,2.6203252492369167,0.0,0.0,0.0,0.0,7.043788047299115,282.8237309937558,91860.5340235912,1.1315026292715455,337.13257447843966
18.95,820.6958169792612,0.11235890030482726,-5.425377853474383,0.5414297552909229,0.0,0.0,0.0,0.0,5.453484716707511,282.8154771896348,91846.4447022618,1.1313620996222975,337.1276550777146
19.0,821.4637096703229,0.16465752152330115,-3.7570332326827716,-0.5213873656996356,0.0,0.0,0.0,0.0,3.7966110672530258,282.8104858871429,91837.92535099738,1.1312771239551096,337.12468014588626
19.05,820.5237727314404,-0.30593169945793597,-4.708096607610703,0.6507194649975161,0.0,0.0,0.0,0.0,4.7626887042358,282.81659547724564,91848.35352725405,1.1313811388566501,337.12832159941814
19.1,819.6026282209584,-0.666812928422405,-5.9458194888300415,-1.2158919741922127,0.0,0.0,0.0,0.0,6.105391237927955,282.82258291656376,91858.57414023792,1.1314830812568513,337.1318902101661
19.15,817.5579041165369,-2.2762336356964954,-1.677234527199445,-0.2965611731219809,0.0,0.0,0.0,0.0,2.8429392805527023,282.8358736232425,91881.26478758399,1.131709394514312,337.1398115514874
19.2,814.7904511021969,2.3216297437422457,-0.33260464436934667,-1.4561647490773058,0.0,0.0,0.0,0.0,2.760617013086045,282.8538620678357,91911.98290739795,1.1320157556881703,337.15053247652025
19.25,812.7760018282061,1.1563072319976107,0.7586938329184056,-0.7288126401208211,0.0,0.0,0.0,0.0,1.5632756031097905,282.8669559881166,91934.34808053491,1.1322387981231123,337.15833610181494
19.3,811.2546858449707,4.235841920733095,3.3353968964511225,0.9994800446537371,0.0,0.0,0.0,0.0,5.483264501549844,282.8768445420077,91951.24122295862,1.1324072624821058,337.16422929500783
19.35,810.4846485963102,5.655988940501195,4.495955083592239,1.4016905866227025,0.0,0.0,0.0,0.0,7.3599293141563145,282.881849784124,91959.79290228873,1.1324925405917188,337.1672121852092
19.4,811.0175434731213,2.906174022066533,3.4099060281156373,2.958534643345255,0.0,0.0,0.0,0.0,5.3690067799349785,282.87838596742466,91953.87474839046,1.1324335243935724,337.16514791527453
19.45,811.8343585790776,2.4599425389594383,-0.853845129928616,5.152859805155621,0.0,0.0,0.0,0.0,5.773416057454498,282.87307666923596,91944.80406916961,1.1323430696145043,337.1619838016526
19.5,812.8908101251855,1.9124598907801635,-1.8005564975652557,6.049531720315817,0.0,0.0,0.0,0.0,6.595175552619852,282.86620973418627,91933.07331725501,1.1322260854962682,337.15789135934136
19.55,812.4840673845466,1.9761989512423945,-0.5037694830724964,7.720484048779697,0.0,0.0,0.0,0.0,7.985300240719093,282.8688535620004,91937.5896120312,1.1322711242721222,337.15946698997067
19.6,812.9249684159455,1.8790341057164133,-1.973775686039299,8.232433970010893,0.0,0.0,0.0,0.0,8.671766181109515,282.86598770529633,91932.69404660359,1.1322223031983367,337.1577590374088
19.65,811.5204686910747,1.4500819956994164,-3.1904272129063815,6.237842807341777,0.0,0.0,0.0,0.0,7.154875714099493,282.875116953508,91948.28971046988,1.1323778293858406,337.1631997269368
19.7,809.7278827206592,1.5011245410070428,-2.8813783182713433,5.257620168290628,0.0,0.0,0.0,0.0,6.180476173777727,282.8867687623157,91968.19782329912,1.132576353744065,337.17014364043536
19.75,807.8316653883979,1.2286913295992519,-2.777701978350033,5.12425613026726,0.0,0.0,0.0,0.0,5.956787015878918,282.8990941749754,91989.26064461686,1.1327863839922696,337.17748883354795
19.8,806.5552710754853,2.48329432919149,-2.895307564035411,6.443913120347839,0.0,0.0,0.0,0.0,7.488228957393483,282.9073907380093,92003.44078920518,1.132927777716055,337.182432988262
19.85,805.2298215467084,1.3008976565825803,-3.4626118830527206,6.183165368814939,0.0,0.0,0.0,0.0,7.205105810720085,282.9160061599464,92018.16778760261,1.1330746198651063,337.1875670832151
19.9,804.786082299281,4.614891765216728,-0.7435784832376838,7.390995842957661,0.0,0.0,0.0,0.0,8.745110320402862,282.91889046505463,92023.0985769786,1.1331237835150199,337.1892858784091
19.95,804.4283336410531,5.481127036903883,-0.10030585410452136,5.102894570642106,0.0,0.0,0.0,0.0,7.489482482664277,282.92121583133314,92027.0740026718,1.133163421111086,337.19067158825413
20.0,804.3461932942005,10.053780426781092,1.9714484498435545,1.4376648027877184,0.0,0.0,0.0,0.0,10.34562660961103,282.92174974358767,92027.98679398611,1.13317252219192,337.1909897512915
20.05,802.6861006118154,8.821251985877241,0.8453100801882436,-1.3943584680985641,0.0,0.0,0.0,0.0,8.970689564775341,282.9325403460232,92046.43628092122,1.1333564710407236,337.19741990243097
20.1,801.9249736131727,6.854188665871213,-2.589124282066916,-1.025184712532944,0.0,0.0,0.0,0.0,7.398274833375493,282.93748767151436,92054.89608862731,1.1334408164002707,337.2003679869752
20.15,801.4277897120911,7.134974876120608,-3.818762822862456,-1.2543970551814225,0.0,0.0,0.0,0.0,8.189281284227361,282.9407193668714,92060.42254997592,1.1334959151269055,337.2022937228699
20.2,800.7512538271975,5.48200484121423,-1.0734084442960456,1.4497152000130473,0.0,0.0,0.0,0.0,5.771157330079572,282.9451168501232,92067.94303474097,1.1335708932225848,337.20491412279125
20.25,799.7860197011962,6.014779959292296,0.04351083068203837,1.623667071787239,0.0,0.0,0.0,0.0,6.230230004670535,282.9513908719422,92078.6735980706,1.1336778732986046,337.20865269104144
20.3,799.6755268251565,7.7102266650308575,2.0382202001777547,1.324513062376414,0.0,0.0,0.0,0.0,8.084322585286367,282.9521090756365,92079.90201832839,1.1336901200805094,337.2090806520875
20.35,799.0572196282909,9.96539813098214,4.350370176235594,-2.7032512187423827,0.0,0.0,0.0,0.0,11.204572625981529,282.9561280724161,92086.77638139721,1.1337586537276545,337.2114754697145
20.4,797.6220540503812,9.487857147741817,6.084731588266922,-6.2556741726769305,0.0,0.0,0.0,0.0,12.89096005392562,282.9654566486725,92102.73420896614,1.1339177408050032,337.2170340647133
20.45,797.7414608651605,8.60922725144358,2.9535317426328227,-10.30740944988615,0.0,0.0,0.0,0.0,13.75081209199445,282.9646805043764,92101.40642076735,1.1339045039937374,337.21657158908096
20.5,798.894024956776,6.560693214419571,1.181138618333096,-11.35843470740768,0.0,0.0,0.0,0.0,13.170110967334033,282.95718883778096,92088.59085531402,1.1337767428797279,337.2121075498907
20.55,800.2651465964608,3.160025243087268,-1.5853319783675275,-7.891017493594882,0.0,0.0,0.0,0.0,8.646802536360125,282.948276547123,92073.34699022763,1.1336247691219814,337.2067969302996
20.6,799.6297142471778,2.5631036324595917,0.9905988095787723,-8.452524713518267,0.0,0.0,0.0,0.0,8.88796716155632,282.9524068573933,92080.4113500687,1.133695197873311,337.2092580932212
20.65,796.5951667203054,5.3702887288559165,2.710952548937718,-8.258618930854436,0.0,0.0,0.0,0.0,10.217340720507272,282.972131416318,92114.1537019226,1.134031581011633,337.221011285293
20.7,794.1162113949343,7.565443378827673,-1.4676327839827255,-8.32483568677564,0.0,0.0,0.0,0.0,11.34428352601792,282.9882446259329,92141.7256307905,1.1343064327680072,337.23061229346257
20.75,793.1934429180951,8.53793078551927,-0.48487546564146156,-6.24835135153463,0.0,0.0,0.0,0.0,10.59118789030406,282.99424262103236,92151.99073608237,1.134408756838685,337.23418611124566
20.8,791.6501674692087,9.42917298759555,-0.35206044034434536,-2.8697249477408437,0.0,0.0,0.0,0.0,9.86248300679617,283.0042739114501,92169.16058414272,1.134579903547889,337.2401630245046
20.85,790.9688644104948,14.13811480044511,5.8501063432558364,-1.57231363496385,0.0,0.0,0.0,0.0,15.38122896600465,283.0087023813318,92176.74130600225,1.134655465221514,337.24280159254073
20.9,790.3275219295728,12.387037958993819,8.854072604894757,-4.364079906340785,0.0,0.0,0.0,0.0,15.839144690267496,283.0128711074577,92183.8778558776,1.1347265984818975,337.24528538135866
20.95,791.1728129091833,5.555982966989383,4.346314058372681,-11.30124758131227,0.0,0.0,0.0,0.0,13.3220715175081,283.0073767160903,92174.47195920681,1.134632845383313,337.24201173770626
21.0,792.4524174307243,4.466139794601376,-3.793224708142445,-9.375446264917223,0.0,0.0,0.0,0.0,11.055946409861738,282.9990592867003,92160.23475768574,1.1344909328814035,337.23705602372087
21.05,791.6170172833433,7.9012484611964275,-7.452908496153832,-2.3043984351587286,0.0,0.0,0.0,0.0,11.103414990243445,283.0044893876582,92169.5294278969,1.134583580065685,337.2402914098762
21.1,791.8324007460113,10.365541448058623,-3.8427639115146066,2.0347057317237516,0.0,0.0,0.0,0.0,11.240609921430856,283.0030893951509,92167.13299676613,1.1345596931486976,337.23945726327645
21.15,789.6627837566183,11.358133218380907,0.042806617075129894,4.1021575013913365,0.0,0.0,0.0,0.0,12.076287458452388,283.01719190558197,92191.27521390951,1.1348003302307277,337.2478597576213
21.2,787.9947853113746,10.654738026961208,-0.5278623841842889,3.5148592082225774,0.0,0.0,0.0,0.0,11.231932886793661,283.028033895476,92209.83919742159,1.134985358222893,337.254319440945
21.25,787.4870137336196,7.609826230737614,0.9162956503111037,6.67962204799947,0.0,0.0,0.0,0.0,10.166926953850014,283.03133441073146,92215.49104055432,1.1350416889699788,337.25628587120605
21.3,786.636874424479,7.418082182937808,3.7170912127814844,3.2788519418292017,0.0,0.0,0.0,0.0,8.9216355234561,283.03686031624085,92224.95429744704,1.1351360058160311,337.25957815203367
21.35,784.6172930786779,5.399683628139101,2.891542718641087,1.7909545644204368,0.0,0.0,0.0,0.0,6.381623682852048,283.0499875949886,92247.43825664485,1.1353600878910182,337.26739912834455
21.4,783.4761185559316,7.099881873335637,2.58209122113741,0.9727535531645843,0.0,0.0,0.0,0.0,7.617202056187636,283.0574052293864,92260.1448925154,1.1354867215489992,337.2718183298651
21.45,781.8845260510951,12.961395329035625,2.5490487971389135,0.5605917573673377,0.0,0.0,0.0,0.0,13.22156124533597,283.06775058066785,92277.86916416993,1.1356633551562796,337.2779816795828
21.5,782.6954049307734,11.024863439527556,1.4740769090454033,-0.48593293263084747,0.0,0.0,0.0,0.0,11.133581966691018,283.06247986794995,92268.83872089365,1.1355733618688326,337.2748416121977
21.55,782.3846469885558,8.956417209245226,-0.3093171340526476,6.393789143507693,0.0,0.0,0.0,0.0,11.008797660376878,283.0644997945744,92272.29942687605,1.1356078498875353,337.27604500237726
21.6,782.4658747519713,5.475909438458586,7.281822245154478,8.222778190014404,0.0,0.0,0.0,0.0,12.272921435029355,283.06397181411216,92271.39483677085,1.1355988351262674,337.275730453493
21.65,783.4198832887287,3.937898508924588,9.852580405571036,7.8096094831954534,0.0,0.0,0.0,0.0,13.174611402043293,283.05777075862323,92260.77109198006,1.1354929621337964,337.2720360995971
21.7,782.430801817269,2.3118834701587554,9.865484731357524,0.3474426074298447,0.0,0.0,0.0,0.0,10.13870359216105,283.06419978818775,92271.78542438289,1.1356027275587872,337.27586627103784
21.75,782.2427265467512,4.350095892461439,6.56686697818574,-3.790973946613267,0.0,0.0,0.0,0.0,8.74177096741254,283.0654222774461,92273.87993607447,1.1356236005314124,337.2765945787482
21.8,781.9919554015414,3.7059882086770295,-0.835456406971303,-3.8278910777064197,0.0,0.0,0.0,0.0,5.393059068245683,283.06705228988994,92276.67272407637,1.1356514320751692,337.27756566919487
21.85,779.4766259883377,4.675118761010442,2.3912931545728378,-1.3003867412405574,0.0,0.0,0.0,0.0,5.409808134994527,283.0834019310758,92304.6892303358,1.1359306218510445,337.28730591891747
21.9,777.9462765806203,3.7129005587383976,1.8725919828516533,0.45325944652529304,0.0,0.0,0.0,0.0,4.183022282893626,283.09334920222597,92321.73809867013,1.1361005091527898,337.2932318382605
21.95,775.92507496605,5.930787815417138,5.176180777383512,1.652722743201184,0.0,0.0,0.0,0.0,8.043543001535419,283.10648701272066,92344.25921714408,1.1363249167778695,337.30105830815603
22.0,774.722552035666,8.037397211591513,5.1727610529435575,-2.6316881444471503,0.0,0.0,0.0,0.0,9.913777954814826,283.11430341176816,92357.66036773563,1.1364584451854345,337.3057146152245
22.05,773.5156583661799,5.454548184807257,1.1812832957482273,-3.1648946355048637,0.0,0.0,0.0,0.0,6.415924265376376,283.1221482206198,92371.1118100281,1.1365924709899966,337.3103877816698
22.1,772.6123123309062,7.528140831907263,2.522689370860313,-2.9668765559050407,0.0,0.0,0.0,0.0,8.475802177072087,283.1280199698491,92381.18109796107,1.1366927956761297,337.3138855506593
22.15,772.5581424454914,6.643254343946212,4.327540058046438,-3.489623253931444,0.0,0.0,0.0,0.0,8.66244201635635,283.1283720741043,92381.78493931079,1.136698811943461,337.3140952960909
22.2,774.4625510342252,5.775924612174701,1.7602179674574863,-6.11122818534193,0.0,0.0,0.0,0.0,8.591087378894668,283.1159934182775,92360.55807675961,1.1364873173313677,337.3067213605492
22.25,775.7831040306379,4.174389251772903,2.2829890959279995,-8.420897014392086,0.0,0.0,0.0,0.0,9.672076889915672,283.1074098238008,92345.84128702112,1.1363406806364946,337.30160803929
22.3,773.8818631595566,3.8818680242633037,0.014936005213626369,-9.688205495073904,0.0,0.0,0.0,0.0,10.436975048203852,283.1197678894629,92367.0301041655,1.136551802590198,337.30896982105065
22.35,773.4237887341924,3.344575117500018,-5.366778936556219,-7.495285083594357,0.0,0.0,0.0,0.0,9.806518105567125,283.1227453732277,92372.13580865982,1.1366026736278574,337.3107435038781
22.4,773.9691761467368,7.985224989305353,-3.5263632435461325,0.19360734528273804,0.0,0.0,0.0,0.0,8.731353827408856,283.1192003550462,92366.05693821596,1.1365421063236665,337.30863174055065
22.45,771.3575213702629,10.42323137855716,-2.7339295870999423,1.4804099333591783,0.0,0.0,0.0,0.0,10.877027945580888,283.1361761110933,92395.16929647916,1.1368321627167814,337.3187440593319
22.5,770.0571780081696,6.608334769513218,2.327148130029106,2.5556812303758294,0.0,0.0,0.0,0.0,7.4576949117237685,283.1446283429469,92409.66711506064,1.136976602961139,337.3237788715466
22.55,768.9998720090371,5.794486938448796,3.8868297508268457,-0.5391246530862324,0.0,0.0,0.0,0.0,6.998155455784884,283.15150083194123,92421.45661354727,1.1370940573181998,337.3278726096203
22.6,767.1978165640554,6.2365452631551275,5.344185239529286,-2.459138949842669,0.0,0.0,0.0,0.0,8.573341068009523,283.1632141923336,92441.55325318997,1.137294266039818,337.3348497968645
22.65,764.7668609770484,5.340137550386352,2.8199930361907533,-5.257674533589778,0.0,0.0,0.0,0.0,8.007032614044306,283.17901540364915,92468.66903435261,1.1375643884199198,337.3442617271924
22.7,765.018479795778,2.940187002822883,0.5050339372008132,-5.425870631626902,0.0,0.0,0.0,0.0,6.1919165853913505,283.1773798813274,92465.8620858491,1.1375364268191783,337.3432875468386
22.75,764.4154720130067,4.714688526538815,2.134358329289308,-3.5476833599886994,0.0,0.0,0.0,0.0,6.274538278058721,283.1812994319154,92472.58909002751,1.137603438040158,337.3456221780622
22.8,764.5079385644351,8.933892049649558,4.35765361210215,-6.764802034372773,0.0,0.0,0.0,0.0,12.023565141924939,283.18069839933116,92471.55753055659,1.1375931621948048,337.34526418157884
22.85,764.6016681496786,11.034219204863959,6.18680122753809,-7.870485542765324,0.0,0.0,0.0,0.0,14.898826986341355,283.18008915702706,92470.51189015426,1.137582746060463,337.3449012947053
22.9,766.0574166620466,5.420838536591354,7.241651804392589,-6.457707870612137,0.0,0.0,0.0,0.0,11.114360181226012,283.1706267916967,92454.27289521908,1.1374209786302838,337.3392651156683
22.95,766.6816205934722,5.798589462304096,4.055403598847983,-9.311865659816846,0.0,0.0,0.0,0.0,11.695331554443829,283.1665694661424,92447.31055618265,1.1373516204843233,337.33684837467524
23.0,765.0948468394412,4.55329763161943,2.9927115016610912,-10.15676599790879,0.0,0.0,0.0,0.0,11.526002645781487,283.1768834955436,92465.01018245846,1.1375279404959997,337.34299187971004
23.05,762.7431724119472,5.289416973503725,-1.7827239026286121,-7.592809935648231,0.0,0.0,0.0,0.0,9.423735944489913,283.1921693793223,92491.24692003221,1.1377892936287168,337.35209664157753
23.1,760.7291680578531,5.443741794022105,-1.6952483911597809,-4.9873753270189685,0.0,0.0,0.0,0.0,7.575097654833923,283.20526040762394,92513.72119264679,1.138013156342611,337.3598938819074
23.15,760.7836024288459,8.561351713563067,-5.525956853756914,-4.096007064188297,0.0,0.0,0.0,0.0,10.982268262193958,283.2049065842125,92513.11370141675,1.1380071053535694,337.35968314100234
23.2,760.9754106571831,9.113620082882708,-3.659952133326365,2.7812182968066366,0.0,0.0,0.0,0.0,10.207276612684465,283.20365983072827,92510.97313447153,1.1379857839202885,337.3589405606064
23.25,761.1647561707235,8.1398675026864,-1.3104180086692079,0.09630778959370728,0.0,0.0,0.0,0.0,8.245235806759629,283.2024290848903,92508.86009059429,1.1379647365425296,337.3582075129415
23.3,760.6004283267505,7.159926764172878,-2.958155702523151,-2.411366223261673,0.0,0.0,0.0,0.0,8.113564166959955,283.20609721587607,92515.15794953132,1.1380274673012867,337.3603922930849
23.35,760.0962119028188,6.97727377228038,-1.7059930956553897,-1.604341960998262,0.0,0.0,0.0,0.0,7.359801278811494,283.20937462263163,92520.78526292917,1.138083518304349,337.3623443415062
23.4,759.6416351401195,9.342623025887791,-0.029106552928812146,2.2401732509075103,0.0,0.0,0.0,0.0,9.607488141515121,283.2123293715892,92525.8588098702,1.138134052946035,337.36410420280424
23.45,759.7511289917283,10.192278972245111,-5.096773401015147,-0.37266194973788347,0.0,0.0,0.0,0.0,11.401689641371046,283.21161766155376,92524.63672461639,1.1381218805158653,337.36368030605877
23.5,758.0718861085543,5.942988977458759,-5.877751723359874,-5.232675345527339,0.0,0.0,0.0,0.0,9.861438768219672,283.22253274029435,92543.38056521969,1.1383085728764564,337.3701813028859
23.55,756.6431393343341,8.242398625729198,-7.129549966917471,-5.467471380550272,0.0,0.0,0.0,0.0,12.192656032765452,283.2318195943268,92559.33076945583,1.138467434400357,337.37571243403414
23.6,755.0316587738085,4.9193810784334415,-2.704857648377048,-10.279888509057207,0.0,0.0,0.0,0.0,11.712927595246168,283.2422942179702,92577.32364337196,1.1386466343411576,337.38195087671136
23.65,752.6389315865189,5.525143925650238,0.40019146740755707,-6.131247339646423,0.0,0.0,0.0,0.0,8.263144834120776,283.2578469446876,92604.04469660242,1.1389127503145078,337.3912135069045
23.7,750.0916208198294,6.662454647782026,2.5455092525083223,-8.87261354461118,0.0,0.0,0.0,0.0,11.383812647807218,283.2744044646711,92632.49894266496,1.1391961111589761,337.40107427543467
23.75,748.7180147959036,5.402010178065421,6.493795488747612,-7.043569841189843,0.0,0.0,0.0,0.0,10.998316685807893,283.2833329038266,92647.84548297778,1.1393489323934158,337.40639145407545
23.8,748.8497080007431,8.250995614716395,3.4473005840103705,-5.042175138261245,0.0,0.0,0.0,0.0,10.26578492252235,283.28247689799514,92646.37405842237,1.139334280119448,337.40588167813155
23.85,749.2674621877192,4.385708203053113,2.962792767794792,-5.283337226735406,0.0,0.0,0.0,0.0,7.478384162279487,283.2797614957798,92641.70656415824,1.1392878014634051,337.40426457338833
23.9,749.8382061148938,8.476986086542217,0.6442212489692335,-8.248669877016296,0.0,0.0,0.0,0.0,11.845457731512525,283.2760516602532,92635.33005013294,1.1392243037606828,337.40205524078533
23.95,748.5451756264756,6.172798877628854,3.8312250254307676,-1.5038975388233944,0.0,0.0,0.0,0.0,7.419126564928118,283.28445635842786,92649.77666522766,1.1393681628136525,337.4070605022388
24.0,747.2969920671486,6.3457003168347175,10.880837105625405,-3.3143429264762485,0.0,0.0,0.0,0.0,13.024799332984522,283.29256955156353,92663.72395041298,1.1395070455020626,337.4118920928645
24.05,746.2240260267342,5.895145875960797,8.964021570691349,0.6527780761409774,0.0,0.0,0.0,0.0,10.748606739264755,283.2995438308262,92675.71470235616,1.1396264424670866,337.41604537913446
24.1,745.8267993088314,5.7008878961615865,9.05101211160229,4.199125912575575,0.0,0.0,0.0,0.0,11.491457761251906,283.30212580449256,92680.15416154327,1.1396706472855969,337.4175829696067
24.15,745.6295984355498,6.575903276114208,3.6263043942168283,7.154123752530562,0.0,0.0,0.0,0.0,10.371792232919429,283.3034076101689,92682.35816897094,1.139692592995616,337.4183462947719
24.2,743.7800083585747,8.091913853759602,2.106346892475497,5.7450057324377894,0.0,0.0,0.0,0.0,10.14499176509527,283.3154299456692,92703.03210205196,1.1398984423414555,337.4255056042238
24.25,741.3679630824639,4.8872337410319355,-4.499780278407604,4.228778877816556,0.0,0.0,0.0,0.0,7.875001396247144,283.33110823996395,92729.99853068913,1.1401669326334631,337.43484181156265
24.3,741.7801360789335,7.575226191434582,-2.1840212852867134,-1.1585471494104913,0.0,0.0,0.0,0.0,7.9684523166916845,283.3284291154869,92725.39002727294,1.1401210492849103,337.4332464483023
24.35,741.8897489201808,3.1755989298503478,-5.098555174810767,-4.9192206187324246,0.0,0.0,0.0,0.0,7.763918142897859,283.3277166320188,92724.16447807358,1.1401088473545713,337.4328221778513
24.4,741.3574180877048,5.025430261490266,4.109802569124222,-6.483780350183172,0.0,0.0,0.0,0.0,9.175229375863232,283.3311767824299,92730.1164366356,1.140168106527224,337.4348826270857
24.45,739.5451752779569,6.366351767862555,3.1214446633279302,-3.719781849602093,0.0,0.0,0.0,0.0,8.006911303805873,283.3429563606933,92750.38133228768,1.1403698634180985,337.44189703217324
24.5,738.8319714813679,1.9488474612809683,1.383127463680264,-8.610466589401964,0.0,0.0,0.0,0.0,8.935948908500729,283.34759218537107,92758.35751647197,1.1404492718460995,337.4446574944328
24.55,739.3673007009203,5.256581003195432,7.271526352425266,-4.811817077942038,0.0,0.0,0.0,0.0,10.181371367784639,283.344112545444,92752.37055797483,1.140389667656698,337.44258549957436
24.6,738.9315973790555,1.374416503199448,9.138006549392095,-2.1114841948579093,0.0,0.0,0.0,0.0,9.478952997358652,283.3469446170361,92757.24330716094,1.1404381792001512,337.4442718927798
24.65,736.127318174711,2.717035514384237,8.547502387116214,-1.31802331978646,0.0,0.0,0.0,0.0,9.06527796130287,283.3651724318644,92788.61031748848,1.1407504475885755,337.4551256762791
24.7,736.0467232004152,3.7819549495986693,13.209550046366184,3.7052786244075793,0.0,0.0,0.0,0.0,14.231109772352205,283.3656962991973,92789.51193220755,1.140759423147835,337.45543760881736
24.75,735.9804540729648,5.01611440322988,7.737656536329442,7.467081427971937,0.0,0.0,0.0,0.0,11.865497774322634,283.3661270485257,92790.25328921627,1.1407668033318707,337.4556940947819
24.8,733.9894026712755,6.309485372495447,-4.959402690466579,4.101382482828795,0.0,0.0,0.0,0.0,9.012581149836935,283.37906888263666,92812.52954677062,1.1409885574924088,337.46340010713044
24.85,733.2389622872223,3.923910800304336,-1.1558291446387838,0.29020975320705605,0.0,0.0,0.0,0.0,4.100882670986569,283.383946745133,92820.92673850339,1.1410721466524343,337.46630450826734
24.9,733.4279568927075,4.923812186784657,-6.401581458805401,-4.5707010170963205,0.0,0.0,0.0,0.0,9.279842639405881,283.38271828019737,92818.81189039089,1.141051094704989,337.46557305192323
24.95,733.3066545646584,4.358856135822818,0.39850891600681515,-3.2224111312219867,0.0,0.0,0.0,0.0,5.435289290144594,283.3835067453297,92820.16925797959,1.1410646064333994,337.46604252242275
25.0,731.2158400524224,-2.872780353277108,9.157880387009044,-0.8305978446460942,0.0,0.0,0.0,0.0,9.633770441549384,283.39709703965923,92843.56790448967,1.1412975191230998,337.4741343974792
25.05,730.7701715445875,4.570823937112551,2.089386718612715,-6.554417508949972,0.0,0.0,0.0,0.0,8.259440489865293,283.39999388496017,92848.55607099934,1.1413471704344986,337.4758591996603
25.1,730.968640917831,2.803086874333313,6.322370805152315,-1.1337544448073016,0.0,0.0,0.0,0.0,7.008214306370943,283.39870383403405,92846.33466605873,1.14132505903233,337.4750910953033
25.15,729.8913883081278,2.080710658746635,10.663355014727086,-0.2710177623675351,0.0,0.0,0.0,0.0,10.867840063372569,283.40570597599714,92858.39253106002,1.1414450792999267,337.47926019323614
25.2,729.2713474226913,2.2324281714944987,9.82225222590329,-0.9165142055458813,0.0,0.0,0.0,0.0,10.114364667101526,283.4097362417525,92865.33332523682,1.1415141644787998,337.4816598031263
25.25,730.3143865584428,3.334693408963572,9.823658286451144,3.5489717427936713,0.0,0.0,0.0,0.0,10.964471838255287,283.4029564873701,92853.65769113612,1.1413979505179204,337.4776231449715
25.3,731.2117359801264,7.664097550685808,3.6719559629172904,1.8359617218430428,0.0,0.0,0.0,0.0,8.694389415255387,283.39712371612916,92843.61383852901,1.1412979763445728,337.4741502808783
25.35,730.4291628404757,10.504217566799234,3.4603673842222555,6.675387429280478,0.0,0.0,0.0,0.0,12.917953648137875,283.4022104415369,92852.3729740987,1.1413851628580272,337.47717894717033
25.4,729.1958891729013,2.1538046180335915,-2.721041638003569,1.1024014679369945,0.0,0.0,0.0,0.0,3.6411853736004174,283.4102267203761,92866.17804043386,1.1415225722825133,337.4819518316758
25.45,728.0894435513899,4.809259798359714,-5.57869554417015,-2.8576172391545986,0.0,0.0,0.0,0.0,7.900430372338988,283.41741861691594,92878.56482845735,1.1416458614942713,337.48623382232944
25.5,728.1717547399654,5.645450988237285,-5.1719101527255145,3.77913416906181,0.0,0.0,0.0,0.0,8.538244934190228,283.4168835941902,92877.64329902483,1.141636689358374,337.4859152764708
25.55,728.9121640111018,2.9651297223526503,-4.425289222292136,-3.735520769946538,0.0,0.0,0.0,0.0,6.506096709549898,283.4120709339278,92869.35424923805,1.1415541862871805,337.4830498650526
25.6,726.1828077019858,1.9188013444608765,2.7473706136373535,-5.180268487472899,0.0,0.0,0.0,0.0,6.169686012309517,283.4298117499371,92899.91297858306,1.1418583383412142,337.49361245503184
25.65,723.4485463351709,1.729563395287817,-1.9793010880787614,-6.097104607390599,0.0,0.0,0.0,0.0,6.639556229828389,283.4475844488214,92930.53479016996,1.1421630991611744,337.50419369609
25.7,722.041907687128,1.9979845965887109,2.0451838142774634,-9.750496965840327,0.0,0.0,0.0,0.0,10.161048684227907,283.4567276000337,92946.29134107615,1.1423199073687023,337.5096370781515
25.75,722.9164590384638,3.786560837289897,6.157629097706692,-4.4507368876115185,0.0,0.0,0.0,0.0,8.489022200593396,283.45104301624997,92936.49474498899,1.142222412852941,337.5062527671752
25.8,724.8531927093871,3.62740180899079,10.890698078612987,-1.7688318190626586,0.0,0.0,0.0,0.0,11.614392559557421,283.43845424738896,92914.80271421449,1.1420065294800223,337.4987579360822
25.85,723.4370246312027,2.3539385938550073,6.592823786651635,-5.302863800843691,0.0,0.0,0.0,0.0,8.782181783348491,283.44765933989714,92930.66384247236,1.1421643835021482,337.5042382829058
25.9,721.7106779938512,4.469464925690705,7.685510260953378,1.7082495769585588,0.0,0.0,0.0,0.0,9.053248108296723,283.45888059303996,92950.0019458832,1.1423568343394883,337.51091885141284
25.95,718.7973138650369,5.811281271481482,4.973828230873612,-0.2542745054041367,0.0,0.0,0.0,0.0,7.653405308136063,283.47781745987726,92982.64411185209,1.1426816685729264,337.5221926075393
26.0,717.0517943880508,5.703158875165018,7.28622690899131,4.82506799587431,0.0,0.0,0.0,0.0,10.435344023533345,283.48916333647765,93002.20585821953,1.1428763243289461,337.5289470105198
26.05,715.8040038668731,4.079083436472665,10.287699099385481,2.2523267342495394,0.0,0.0,0.0,0.0,11.293743850425228,283.4972739748653,93016.19168143008,1.1430154902049559,337.5337753355642
26.1,716.1922568661354,4.291409361785877,8.145094598241522,2.804986185776158,0.0,0.0,0.0,0.0,9.624277002825812,283.4947503303701,93011.83977665208,1.1429721870211562,337.5322729981029
26.15,716.6882953809726,4.774193716795858,7.311930813275613,4.189734082211644,0.0,0.0,0.0,0.0,9.685614567143805,283.4915260800237,93006.27995032327,1.1429168639765572,337.5303535769474
26.2,718.5121813700832,5.381149453121522,4.931921415548805,5.48777584602118,0.0,0.0,0.0,0.0,9.132157577601937,283.47967082109443,92985.83931659532,1.1427134640679202,337.5232959558099
26.25,718.6958933086381,5.931373766899876,4.916116945000131,5.781758516770652,0.0,0.0,0.0,0.0,9.632140578595985,283.4784766934938,92983.78062397808,1.1426929780333919,337.522585064784
26.3,718.2059201538906,4.643149048708954,6.7128969158406235,6.8742127928950385,0.0,0.0,0.0,0.0,10.671298871891425,283.4816615189997,92989.27138956387,1.1427476164079995,337.52448105973053
26.35,717.0504658458362,1.488314184052411,4.064647524188017,6.0711301516060034,0.0,0.0,0.0,0.0,7.456209487673942,283.48917197200205,93002.22074824014,1.1428764724941518,337.5289521513502
26.4,715.133492983209,2.9106635711783184,6.460632130767518,7.40793022612448,0.0,0.0,0.0,0.0,10.251300414523946,283.5016322956091,93023.707786296,1.143090277530653,337.5363698486971
26.45,712.9887972053225,3.558461175830241,9.2069235944508,3.030837540072771,0.0,0.0,0.0,0.0,10.325505518291118,283.51557281816537,93047.75209786274,1.1433295173708748,337.54466852319877
26.5,711.960598006075,3.7206163277603577,7.931425460625697,3.5667209626035246,0.0,0.0,0.0,0.0,9.458963691701852,283.52225611296046,93059.28108455763,1.143444226108112,337.5486469593908
26.55,710.9783132806956,6.543557925439211,8.175823327136074,4.373228929711292,0.0,0.0,0.0,0.0,11.348452258867042,283.52864096367546,93070.29632202508,1.1435538207233473,337.5524476937951
26.6,709.4802132369143,7.956194952663641,10.596703308015305,2.9342210804044417,0.0,0.0,0.0,0.0,13.572059993662817,283.53837861396005,93087.09789109002,1.143720980909378,337.55824417956694
26.65,707.4230152497394,5.9651426797670934,13.473791813893099,3.773054728447732,0.0,0.0,0.0,0.0,15.210586281204725,283.5517504008767,93110.17388620581,1.1439505565179626,337.56620377875555
26.7,705.914691323891,5.185556811741863,9.451496325780512,3.8839891748502273,0.0,0.0,0.0,0.0,11.458889743530946,283.5615545063947,93127.0959958082,1.1441189022308984,337.5720395848638
26.75,703.252392609818,7.558193795296576,12.564184175161019,1.2707219971606702,0.0,0.0,0.0,0.0,14.71732828432845,283.57885944803616,93156.97079658502,1.1444160906047107,337.5823399503924
26.8,701.2038515939701,3.2751359347309026,11.476177604115541,-7.515736246778706,0.0,0.0,0.0,0.0,14.103739189424628,283.5921749646392,93179.96364039567,1.1446448063375385,337.59026548915705
26.85,701.4601899727521,4.523487346954881,7.4964422904909,-5.18361840707732,0.0,0.0,0.0,0.0,10.174894819255488,283.5905087651771,93177.08624449094,1.1446161847280492,337.58927375949276
26.9,702.3809709884009,5.925838658411176,4.4740920785919105,-5.898411300642651,0.0,0.0,0.0,0.0,9.482843434581644,283.58452368857536,93166.75107958599,1.144513378908417,337.58571139005244
26.95,701.2942892688748,7.656581209693945,1.9726122058887974,-4.951312561809998,0.0,0.0,0.0,0.0,9.32898337549153,283.5915871197523,93178.94847012631,1.144634708404291,337.5899156014807
27.0,701.8914950592093,5.336735373671215,4.546664516999037,-7.690415535187096,0.0,0.0,0.0,0.0,10.406507280667167,283.5877052821151,93172.24501130143,1.144568028345562,337.5876051067687
27.05,701.6707803206848,2.9271202018437963,8.158454167275769,-6.508723177196903,0.0,0.0,0.0,0.0,10.839367346527268,283.58913992791554,93174.72242363871,1.1445926715509922,337.5884590190124
27.1,699.7501993326852,7.745468025375031,0.2152090047912052,-10.35899971771546,0.0,0.0,0.0,0.0,12.936284822138045,283.6016237043375,93196.28223438561,1.1448071250754372,337.5958893678389
27.15,696.700003522777,4.441881408043123,-8.00278496768146,-10.894744415583244,0.0,0.0,0.0,0.0,14.229207060231776,283.6214499771019,93230.53103181605,1.1451477754190633,337.6076896373925
27.2,693.3147267283173,0.06940284161786459,-4.453719397829628,-7.99603629224946,0.0,0.0,0.0,0.0,9.152979275405306,283.6434542762659,93268.55418186568,1.1455259388864774,337.62078574934185
27.25,691.9681700043903,5.816418699663163,-7.2714008674426065,-5.624689961186411,0.0,0.0,0.0,0.0,10.878471134507256,283.6522068949714,93283.68208635088,1.1456763869858857,337.62599482990373
27.3,692.7870521561501,6.44397650991884,-8.169339985601324,1.0549815611755717,0.0,0.0,0.0,0.0,10.458295040548,283.646884160985,93274.4821102073,1.145584893113842,337.6228270389534
27.35,695.2009737430169,5.651999246008345,-4.032724698382467,0.9953916319400614,0.0,0.0,0.0,0.0,7.014183378751882,283.63119367067037,93247.36646204516,1.145315217681934,337.61348877145343
27.4,695.1534067242562,10.208353098545793,-4.0939551540084125,4.587076603527519,0.0,0.0,0.0,0.0,11.91688774614627,283.6315028562923,93247.9007220297,1.1453205312447143,337.61367278719354
27.45,693.2145105728669,7.895781575127355,-2.887787135847707,2.9456162481042965,0.0,0.0,0.0,0.0,8.908385729478947,283.64410568127636,93269.67999280346,1.1455371353172115,337.6211734327907
27.5,692.7192246147326,6.768216898424091,-6.641520300621064,-1.5903793413706302,0.0,0.0,0.0,0.0,9.614980932749353,283.6473250400042,93275.24411107381,1.1455924712867263,337.6230894263994
27.55,692.3508436070798,7.841185991866984,-7.870542452524424,-2.152793200835079,0.0,0.0,0.0,0.0,11.316543413145284,283.64971951655394,93279.3827340023,1.1456336300893981,337.62451448631145
27.6,692.2165948960068,8.340414729135999,-7.958160992231732,-0.7653955824575512,0.0,0.0,0.0,0.0,11.553383687470653,283.6505921331759,93280.89100505934,1.1456486298307067,337.6250338179315
27.65,692.015985541062,5.211866345782532,-10.501581590446966,2.062386252116012,0.0,0.0,0.0,0.0,11.903789470585924,283.65189609398305,93283.14486822224,1.1456710443924139,337.6258098595085
27.7,690.5014984891485,4.911602127977901,-10.975554189437307,-0.11642471343760595,0.0,0.0,0.0,0.0,12.024981494486006,283.66174025982053,93300.16168216379,1.1458402724702503,337.6316684764835
27.75,689.5908397323502,5.8905372890953105,-8.94293560619741,-1.7814277155365639,0.0,0.0,0.0,0.0,10.85578240001602,283.6676595417397,93310.39507652551,1.1459420382617687,337.63519120500297
27.8,688.7499315655662,6.478948707304177,-10.157527600473008,-1.4086984489689003,0.0,0.0,0.0,0.0,12.129986588054283,283.6731254448238,93319.8454659487,1.1460360155899416,337.63844408258865
27.85,685.8410842725993,5.275779826567388,-7.063546624985793,-5.9956306580366485,0.0,0.0,0.0,0.0,10.661853998688624,283.6920329522281,93352.54198070336,1.1463611449528635,337.64969610901755
27.9,682.497448283749,2.630841992405781,-0.4062620415784918,7.217085602390557,0.0,0.0,0.0,0.0,7.69237954261659,283.7137665861556,93390.13713957854,1.146734958939851,337.6626295253568
27.95,678.7817984353958,4.269367406377291,-4.079260492594754,-4.607704805490377,0.0,0.0,0.0,0.0,7.489913737261616,283.7379183101699,93431.92952689862,1.1471504729612363,337.6770013360519
28.0,675.6622080114681,9.829610584460363,2.5459472444797626,-7.781850833686413,0.0,0.0,0.0,0.0,12.792978308883166,283.75819564792545,93467.02933063921,1.1474994197368014,337.6890671683521
28.05,674.9674468856207,4.7021862770091865,2.6767590556749723,-8.477516574338619,0.0,0.0,0.0,0.0,10.057031475242457,283.76271159524345,93474.84782933937,1.1475771444086063,337.6917542801134
28.1,677.3917120104563,0.4546151087106708,-4.803526057350346,-1.5128529901679182,0.0,0.0,0.0,0.0,5.056605744031444,283.746953871932,93447.56864632422,1.147305953272443,337.6823779123117
28.15,679.3620960196835,4.183987803701124,6.308167302980712,-7.6382072940509405,0.0,0.0,0.0,0.0,10.753647722089825,283.73414637587206,93425.40153598636,1.1470855718028947,337.67475683573343
28.2,679.5700660621744,-2.3435629982088484,8.506300182846056,-7.044470717290159,0.0,0.0,0.0,0.0,11.290438344635652,283.73279457059584,93423.06209082025,1.1470623128746698,337.67395243649656
28.25,677.247748149472,4.988386438710638,11.67411692553952,-5.701259816435503,0.0,0.0,0.0,0.0,13.916657958992262,283.74788963702844,93449.18842790464,1.1473220564629314,337.6829347308398
28.3,674.4165697920871,5.941652737083093,17.05926359143056,2.22116856669696,0.0,0.0,0.0,0.0,18.20042036140039,283.7662922963514,93481.04750459481,1.147638775275152,337.6938848796862
28.35,671.2801328093094,4.4470804813179345,2.5492826399457393,-0.3117352264243384,0.0,0.0,0.0,0.0,5.135420687445333,283.78667913673945,93516.35190585665,1.1479897209078072,337.7060152628044
28.4,670.6191119674784,13.760522428476275,3.9800624998498977,1.0408815432010634,0.0,0.0,0.0,0.0,14.362322562673722,283.79097577221137,93523.79387423075,1.14806369504779,337.7085717502276
28.45,670.8317037638398,4.891357219259154,8.208678003340522,6.452753654025625,0.0,0.0,0.0,0.0,11.530212475425865,283.78959392553503,93521.4004005247,1.1480399037279634,337.707749557002
28.5,671.7879282111064,8.259691443160945,1.810711961180067,2.18700150317167,0.0,0.0,0.0,0.0,8.734080152910312,283.78337846662777,93510.63532053119,1.147932896540601,337.7040513591504
28.55,672.4406432957671,7.179940562601582,0.5879777932978569,3.814436610824852,0.0,0.0,0.0,0.0,8.151514646119697,283.7791358185775,93503.28769507018,1.1478598582331658,337.70152696043846
28.6,672.3827479535968,5.879014441917123,9.805919819433484,12.384650012968077,0.0,0.0,0.0,0.0,16.855219673950817,283.7795121383016,93503.93940508457,1.1478663365329793,337.70175087348787
28.65,670.7671428497889,8.568132127248045,-1.5233487292372212,6.96690342031234,0.0,0.0,0.0,0.0,11.14770033544177,283.7900135714763,93522.12725705428,1.1480471287521765,337.7079992448642
28.7,669.7562834354668,13.532008188505753,2.4050857212156784,8.588633686768114,0.0,0.0,0.0,0.0,16.206921717145125,283.79658415766943,93533.50857483623,1.1481602587585362,337.711908696514
28.75,667.2622371366739,11.436217840598735,-4.553460932620305,6.258531931508451,0.0,0.0,0.0,0.0,13.809066112530532,283.8127954586116,93561.59396674845,1.1484394156275606,337.72155411070855
28.8,665.1744861280852,8.283830370045184,-6.707422411402286,2.1803478948347004,0.0,0.0,0.0,0.0,10.879580779937005,283.8263658401674,93585.10932804667,1.1486731360700375,337.7296280165364
28.85,664.859219680894,6.007668091566993,-5.9740883644723235,2.5410979003815175,0.0,0.0,0.0,0.0,8.845280449159265,283.82841507207416,93588.66074419468,1.148708432815179,337.73084722159217
28.9,665.9121886553282,3.0224883669801956,-5.90962394225782,-1.5230421259367257,0.0,0.0,0.0,0.0,6.810194445448333,283.82157077374035,93576.79967677896,1.148590547275253,337.72677514056096
28.95,665.5024552621103,11.269279599746667,-5.765874804066765,-0.29195897113242586,0.0,0.0,0.0,0.0,12.66203834278917,283.8242340407963,93581.41493437426,1.1486364180322364,337.7283596827113
29.0,663.9183242671434,10.314885231972683,-8.982149027323436,-4.935782156037319,0.0,0.0,0.0,0.0,14.540901072136895,283.83453089226356,93599.26039968398,1.1488137789479236,337.7344858460177
29.05,660.884849444777,10.184011938057203,3.7895017741808292,-6.07378085879764,0.0,0.0,0.0,0.0,12.448503394854656,283.85424847860895,93633.44062384697,1.1491534683438984,337.74621661256043
29.1,659.0340549638222,7.737458385865459,7.951740020437997,-6.0284614676733685,0.0,0.0,0.0,0.0,12.626986152398265,283.86627864273515,93654.29974809468,1.149360758590154,337.7533736295701
29.15,660.0870809012151,4.558634916292815,3.585825387860978,-6.834681571030353,0.0,0.0,0.0,0.0,8.963937092017895,283.85943397414206,93642.43130297809,1.1492428154583436,337.749301599853
29.2,661.9800944521652,4.806201438348682,5.8691524718878965,-7.287498032220879,0.0,0.0,0.0,0.0,10.519227660521276,283.8471293860609,93621.0985877636,1.1490308136261436,337.74198123179224
29.25,661.6925238171043,2.250769939442037,8.016805384248542,-7.169005621555758,0.0,0.0,0.0,0.0,10.987710202362928,283.8489985951888,93624.33902021885,1.1490630172270015,337.7430932905194
29.3,659.0332222728722,3.2001004100129453,10.562651521334562,-1.1309810651254137,0.0,0.0,0.0,0.0,11.094564793852374,283.8662840552263,93654.30913367003,1.1493608518585465,337.75337684954945
29.35,657.018837990942,-4.4291987285317465,10.704788910785826,-1.0356177129414001,0.0,0.0,0.0,0.0,11.631113921231638,283.8793775530589,93677.01625224782,1.1495864967976588,337.761166295428
29.4,655.0075756576119,0.30887360735583935,12.476066424909304,-4.877507123042942,0.0,0.0,0.0,0.0,13.399168335363388,283.8924507582255,93699.69262615181,1.149811825835984,337.7689434897887
29.45,653.2902587570647,7.715838153464556,12.418428547462225,3.1281343739739405,0.0,0.0,0.0,0.0,14.95114546315838,283.90361331807907,93719.0583720211,1.1500042498387801,337.77558390762414
29.5,652.7890551632697,5.743398183787877,7.047640266835513,3.805833034652521,0.0,0.0,0.0,0.0,9.855973879628113,283.9068711414387,93724.7109283922,1.1500604139497463,337.77752190696464
29.55,652.5366082560505,6.172160933001595,1.689728230568948,3.359109651686714,0.0,0.0,0.0,0.0,7.227334898017915,283.90851204633566,93727.55812020619,1.1500887035601268,337.7784980368953
29.6,652.5454079991973,5.979014133866437,4.17830704224761,6.0159536052950475,0.0,0.0,0.0,0.0,9.45508104319223,283.9084548480052,93727.45887219267,1.1500877174376645,337.7784640112034
29.65,653.2175976893693,6.40936456051606,2.859723653699753,5.340222005610631,0.0,0.0,0.0,0.0,8.819067100001968,283.9040856150191,93719.8778238587,1.1500123919972478,337.77586486619754
29.7,653.4125129641166,3.2268176890868427,14.598592827142177,9.067983882690188,0.0,0.0,0.0,0.0,17.48598286136698,283.9028186657332,93717.67963528549,1.1499905505369783,337.7751111867158
29.75,653.1695130778712,2.1411941081693104,10.09734270165678,10.3617794088054,0.0,0.0,0.0,0.0,14.625577402629409,283.90439816499384,93720.42011227121,1.1500177802237233,337.77605079485147
29.8,652.0155123894198,7.909071532446065,3.3335520627798942,2.7895077833844963,0.0,0.0,0.0,0.0,9.024817756286025,283.91189916946877,93733.43545820528,1.1501471000927923,337.78051293589215
29.85,650.1138615368714,1.2906727787983245,0.6567785189477724,10.860811986340945,0.0,0.0,0.0,0.0,10.95693530361156,283.9242599000103,93754.8863366736,1.1503602275638893,337.78786586557123
29.9,647.4801361094276,2.3951802085268183,-12.927853597898094,8.200895570786454,0.0,0.0,0.0,0.0,15.495837345653515,283.9413791152887,93784.60168003142,1.1506554521726213,337.7980491729653
29.95,644.8574889456979,4.896925941685996,-2.6041529701057518,3.2515301468862763,0.0,0.0,0.0,0.0,6.429148051350053,283.9584263218529,93814.19960923167,1.1509494925697927,337.80818934117485
30.0,643.7479201636311,8.611139667920721,-1.4754322110645628,3.8589893491057725,0.0,0.0,0.0,0.0,9.550938455795663,283.9656385189364,93826.72394330053,1.151073910154338,337.81247927157006
30.05,643.2603198281693,7.438217793917206,-0.8893977570292111,4.837791032924219,0.0,0.0,0.0,0.0,8.917529612970013,283.9688079211169,93832.22819387693,1.1511285887535718,337.81436446554375
30.1,643.987377194753,6.448179660420478,-5.312736217648089,2.3402346157427774,0.0,0.0,0.0,0.0,8.676455791859416,283.9640820482341,93824.02094100726,1.151047058613529,337.811553462465
30.15,643.8807020305178,3.7092618781994218,-4.908706734651234,-5.527847793195352,0.0,0.0,0.0,0.0,8.271101904378193,283.96477543680163,93825.2250875186,1.151059020585743,337.81196589935576
30.2,642.459810055452,5.808975499725066,-8.819960412953062,-6.361200219537303,0.0,0.0,0.0,0.0,12.328859082474203,283.97401123463953,93841.26527306177,1.1512183607469582,337.81745942870475
30.25,640.9918208717875,5.479465874280052,-0.15540630554596416,-7.971757670627367,0.0,0.0,0.0,0.0,9.674586179594938,283.9835531643334,93857.83946225619,1.1513830001557062,337.8231349540032
30.3,639.3592814944627,3.967060557289313,3.392462738348218,-5.579171995959133,0.0,0.0,0.0,0.0,7.640257394667819,283.99416467028595,93876.27427314465,1.1515661155187285,337.8294465496574
30.35,638.7127904925911,3.131912230555541,3.0692238985044296,-7.97221065774154,0.0,0.0,0.0,0.0,9.098634641003116,283.99836686179816,93883.57532969349,1.1516386359671646,337.83194592985257
30.4,639.3318777273525,1.0269532708031848,3.5095724101008248,-10.565926657040244,0.0,0.0,0.0,0.0,11.180811135338432,283.9943427947722,93876.58374445993,1.151569189478972,337.82955249494546
30.45,639.5359717099336,3.9988031243523046,5.203943194026564,-7.26407105777712,0.0,0.0,0.0,0.0,9.789697621807344,283.9930161838854,93874.27892667956,1.1515462958141913,337.8287634494997
30.5,639.1720368982711,4.009315032739847,6.372250402965057,-5.532204836131121,0.0,0.0,0.0,0.0,9.342669456785604,283.9953817601612,93878.3888467483,1.1515871194146592,337.83017045248636
30.55,638.5503969627172,4.416242064620411,8.043459924883305,-5.635363739976352,0.0,0.0,0.0,0.0,10.76836877239848,283.9994224197423,93885.40937077289,1.1516568530908733,337.83257375188356
30.6,637.3286222229422,1.7078200516988868,6.824944610299971,-3.8633498879865473,0.0,0.0,0.0,0.0,8.0263310808646,284.00736395555083,93899.20878833355,1.1517939174771012,337.83729716065574
30.65,635.7130494211752,-1.549524946301017,6.189103186416225,-3.6280773383473965,0.0,0.0,0.0,0.0,7.339548418284776,284.01786517876235,93917.45850644528,1.1519751791270874,337.8435429002443
30.7,634.0134455213503,5.143143629431067,7.280901295691868,-7.122243052728315,0.0,0.0,0.0,0.0,11.410074328097151,284.0289126041112,93936.66055057343,1.1521658923285327,337.8501133760564
30.75,633.030398239202,3.0289310563558773,4.8700651349176995,-4.026381722059525,0.0,0.0,0.0,0.0,7.007403765606282,284.0353024114452,93947.76842312091,1.1522762114640637,337.8539136669686
30.8,632.3566862093113,5.846348604513233,5.115853678552597,-6.2266874684464755,0.0,0.0,0.0,0.0,9.95607290529566,284.03968153963945,93955.38159828582,1.1523518211704062,337.85651809656554
30.85,631.3612058557592,7.0660454727692015,8.982654652849842,-6.213311715488522,0.0,0.0,0.0,0.0,13.0085481783877,284.0461521619375,93966.6317794117,1.1524635494082145,337.8603663783573
30.9,631.504303037108,2.2893590107982424,6.666058075034614,-5.57147486855518,0.0,0.0,0.0,0.0,8.9843657066595,284.0452220302588,93965.01453400291,1.1524474883141418,337.8598132026064
30.95,630.9159673593992,4.448789361997624,7.544911325891812,-8.1756740481595,0.0,0.0,0.0,0.0,11.981613407414818,284.0490462121639,93971.66388791884,1.1525135236567858,337.86208754650517
31.0,631.0572314269461,6.813819278304748,1.51952130062302,-9.645978396259164,0.0,0.0,0.0,0.0,11.907223747017731,284.0481279957248,93970.06729049057,1.1524976677826262,337.86154145987365
31.05,629.9689318487523,5.187912711608008,4.2256309907265255,-5.84246562015441,0.0,0.0,0.0,0.0,8.882837389918755,284.0552019429831,93982.36805791153,1.152619825881745,337.8657484931354
31.1,628.7167256367828,4.822212264463695,3.467446194719673,-7.669661821866946,0.0,0.0,0.0,0.0,9.70054775250467,284.0633412833609,93996.52303256573,1.1527603942246696,337.870589074492
31.15,627.2010358835006,4.566421749076269,-0.12298994651552941,-8.56576668151036,0.0,0.0,0.0,0.0,9.70771306536476,284.07319326675724,94013.65874199639,1.1529305578639533,337.8764480962113
31.2,625.9357872681217,3.994272840188105,-0.231780941629378,-6.515337726618329,0.0,0.0,0.0,0.0,7.6457546140759085,284.0814173827572,94027.9650131308,1.1530726196629772,337.88133893958786
31.25,624.0235540655781,5.352845608080723,-3.4801946947595654,-8.160507120094175,0.0,0.0,0.0,0.0,10.361398924589741,284.0938468985737,94049.5901380694,1.1532873501437333,337.88873058024564
31.3,622.9421444155547,3.1971028122078953,-2.8629704319191696,-6.488562511266331,0.0,0.0,0.0,0.0,7.779428613239015,284.1008760612989,94061.82140124477,1.153408798462965,337.89291064293457
31.35,622.2329107917647,5.5448310013267985,-7.246931602054052,-1.6430706259705714,0.0,0.0,0.0,0.0,9.271615261649492,284.1054860798535,94069.84387395442,1.1534884546566746,337.89565207458753
31.4,623.1767416931904,6.994815610102813,-5.794429556924556,-1.35294478960936,0.0,0.0,0.0,0.0,9.183317424179021,284.09935117899425,94059.16788382347,1.15338245105269,337.8920038389521
31.45,625.1733575212992,5.955055642142878,-4.232682438023079,-1.970056746077817,0.0,0.0,0.0,0.0,7.56699490583504,284.0863731761115,94036.58672072455,1.1531582315507847,337.8842860925674
31.5,627.5149336973141,5.71599645576276,-4.008178024920332,1.4347368929676323,0.0,0.0,0.0,0.0,7.127171705086744,284.07115293096746,94010.1097462491,1.1528953155688275,337.87523470708516
31.55,627.53353800153,6.781842844135684,-5.40208425085287,4.685013338583166,0.0,0.0,0.0,0.0,9.855214690638109,284.07103200299,94009.89940541619,1.1528932268309313,337.8751627909953
31.6,625.882549143488,4.891964598881719,-0.9472520326422957,8.607509675373153,0.0,0.0,0.0,0.0,9.94574415826686,284.0817634305673,94028.56701967123,1.1530785975199154,337.8815447310523
31.65,622.1632733404631,10.373719980294208,-4.97042484948478,4.133642432184091,0.0,0.0,0.0,0.0,12.223182448572217,284.10593872328695,94070.63160555458,1.1534962760783405,337.89592124606554
31.7,620.6527620398555,5.451203130273121,-5.869674867642152,0.6830922536775996,0.0,0.0,0.0,0.0,8.039609048104499,284.1157570467409,94087.71966668498,1.1536659411211356,337.9017598124842
31.75,618.645243126968,5.8891101379986095,-6.721658606955986,2.755619998989602,0.0,0.0,0.0,0.0,9.351778131712436,284.1288059196747,94110.43414870073,1.153891461058525,337.9095193020458
31.8,616.814531776528,10.828912968852451,-2.869937831789622,5.308545357014415,0.0,0.0,0.0,0.0,12.39687674589037,284.14070554345255,94131.15197627585,1.1540971482518103,337.91659523726753
31.85,614.7890201427614,11.064447069754753,4.425411835500677,6.006179486591712,0.0,0.0,0.0,0.0,13.344678748413134,284.153871369072,94154.07862659723,1.1543247546620334,337.92442392802707
31.9,612.9996354191402,4.987541280804901,-6.858076873203919,4.83699666177201,0.0,0.0,0.0,0.0,9.762444526474965,284.16550236977554,94174.33633139507,1.154525856097583,337.93133982710407
31.95,611.6186053560772,3.466775402668609,-6.674665282697285,2.5163117161193167,0.0,0.0,0.0,0.0,7.931047407579396,284.1744790651855,94189.9734476825,1.1546810825924925,337.93667735527924
32.0,610.6540257085849,8.345473037815102,-1.711129076661591,7.5149497111982875,0.0,0.0,0.0,0.0,11.359989089067595,284.18074883289415,94200.89642949059,1.154789509917924,337.9404052987378
32.05,610.3385370030703,9.366500936978072,-1.2764523199593958,6.480458769635874,0.0,0.0,0.0,0.0,11.461108855276235,284.18279950948005,94204.46927296849,1.1548249753428577,337.94162460234867
32.1,610.139603367713,4.020725985231466,-7.253302786988246,2.922519155957395,0.0,0.0,0.0,0.0,8.793051630974592,284.18409257810987,94206.72221110982,1.1548473387458333,337.94239344060554
32.15,610.215016203917,7.817913544043862,-4.343138720742619,0.7002964002422444,0.0,0.0,0.0,0.0,8.970676740243768,284.1836023946745,94205.86815002462,1.154838861067337,337.9421019854552
32.2,610.63817941262,5.825921880446346,-7.981735715571122,1.42924417663053,0.0,0.0,0.0,0.0,9.984598625218714,284.18085183381794,94201.07588285452,1.1547912912474607,337.9404665417511
32.25,611.4506654242566,8.542233637365776,-4.778672072273419,-0.61280318199652,0.0,0.0,0.0,0.0,9.807190730761501,284.1755706747423,94191.87513998612,1.1546999599734624,337.93732641875874
32.3,611.254053445359,5.4765928280509,-7.483265312951349,-0.9121371751607934,0.0,0.0,0.0,0.0,9.317957017210892,284.17684865260514,94194.10154390015,1.1547220605517585,337.9380862939577
32.35,610.4505398967785,7.743948586354748,-6.674531001592946,1.1951592444547516,0.0,0.0,0.0,0.0,10.293032080924293,284.1820714906709,94203.20085110544,1.154812384526618,337.94119173305273
32.4,608.3538013835307,5.520213098648093,-5.278383835386824,-14.2503231279287,0.0,0.0,0.0,0.0,16.168048670712817,284.19570029100703,94226.94850451297,1.1550481070114442,337.9492951256845
32.45,606.1521767289456,3.0084538769133546,-4.833924470744661,-12.722568473111854,0.0,0.0,0.0,0.0,13.938485178504827,284.2100108512618,94251.88931510362,1.155295660770274,337.9578036690329
32.5,603.4240353007152,3.0135795447163143,-5.717702648890031,-7.719573090094739,0.0,0.0,0.0,0.0,10.068048169668812,284.2277437705453,94282.80211626788,1.1556024731214178,337.96834672653745
32.55,601.8243136218633,6.946119681201448,-7.156088205340084,-9.80158529777296,0.0,0.0,0.0,0.0,13.983177442115958,284.23814196145787,94300.93251594699,1.155782410075517,337.9745287888587
32.6,600.3494856645827,5.928512201874996,1.4904203641584448,-6.289201893862348,0.0,0.0,0.0,0.0,8.770557009189362,284.2477283431802,94317.64993722326,1.1559483179524546,337.98022810406206
32.65,598.7782100155258,5.658697266222736,-5.935897850798714,-9.114066963437413,0.0,0.0,0.0,0.0,12.260585412609576,284.25794163489905,94335.46324940684,1.156125095568351,337.9863000253367
32.7,597.620014106318,8.685290890132885,-6.7485698714121805,-4.941683107639333,0.0,0.0,0.0,0.0,12.058097075902376,284.2654699083089,94348.59528363743,1.1562554125602462,337.9907756020156
32.75,596.7702873954921,2.766318918878171,-8.557912398065332,-2.6522145604476934,0.0,0.0,0.0,0.0,9.37681326723287,284.2709931319293,94358.23072651273,1.1563510285999083,337.99405913407475
32.8,596.3236003923247,4.678697173400896,-1.7245240518171896,-2.456868554377288,0.0,0.0,0.0,0.0,5.558812241762934,284.2738965974499,94363.29623587274,1.1564012947653015,337.9957852187172
32.85,597.2725752138285,4.71663560629668,2.1294220821305334,-3.9360330782508446,0.0,0.0,0.0,0.0,6.501803306740031,284.2677282611101,94352.5349571114,1.1562945076120537,337.99211818664105
32.9,598.0776491752983,14.682433283694532,-8.384820958610804,-7.314788078834977,0.0,0.0,0.0,0.0,18.422410110416234,284.26249528036055,94343.40627873456,1.1562039193885159,337.9890071856162
32.95,597.3435552584083,3.8769443607853717,-2.7454528143562467,-8.811843592974359,0.0,0.0,0.0,0.0,10.010833943259941,284.26726689082034,94351.73009051033,1.1562865206044453,337.99184390368646
33.0,596.6647986016678,5.120817550609535,-1.4714295636620123,-7.751822654410637,0.0,0.0,0.0,0.0,9.406308086219756,284.2716788090891,94359.4269681709,1.1563628992157393,337.9944667638934
33.05,595.9712151068234,3.857878646507196,8.075244163453554,-5.163138036653866,0.0,0.0,0.0,0.0,10.332027406860128,284.27618710180565,94367.29250250256,1.1564409502372377,337.9971468971338
33.1,596.2167234985552,9.265892315154492,-4.544947195552268,-7.742019579355263,0.0,0.0,0.0,0.0,12.901634492323744,284.27459129725935,94364.50827133385,1.1564133219840966,337.99619821031956
33.15,596.0016448964619,4.649615384503817,-6.715024530809149,-5.469045689708977,0.0,0.0,0.0,0.0,9.829595028754111,284.275989308173,94366.94740450082,1.1564375257976245,337.9970293113173
33.2,595.3435870409744,4.958248417034336,-9.297004342597923,0.046636869243895984,0.0,0.0,0.0,0.0,10.536635711121507,284.28026668423365,94374.41053154701,1.1565115825710175,337.9995721482395
33.25,595.3062979748431,6.443335072092329,-6.24948224695454,-2.265529941220856,0.0,0.0,0.0,0.0,9.257711440784012,284.2805090631635,94374.83344641859,1.156515779131205,337.9997162383624
33.3,595.2844444351257,6.797440164745245,-7.6931774548280405,-1.7159055388098936,0.0,0.0,0.0,0.0,10.408386232403407,284.28065111117166,94375.08129959645,1.156518238562512,337.99980068344206
33.35,594.5045710532057,4.602124982405764,-5.442873768489736,-2.085354298530178,0.0,0.0,0.0,0.0,7.426515452336662,284.28572028815415,94383.92662345414,1.1566060093436192,338.0028142075159
33.4,593.6595422285246,5.86687891938036,-8.707481303591837,1.1945479520732774,0.0,0.0,0.0,0.0,10.567281756292559,284.29121297551455,94393.51169809494,1.1567011187905945,338.0060794696895
33.45,591.2274771194557,9.038010082553779,-4.659833640867269,-3.561867947934166,0.0,0.0,0.0,0.0,10.77434819798501,284.3070213987235,94421.10276015477,1.1569748852913655,338.01547699699347
33.5,590.8864615096663,4.556662475347292,-7.307613194237872,0.2316629991521516,0.0,0.0,0.0,0.0,8.614989916187582,284.3092380001871,94424.97200374283,1.1570132758287677,338.0167946643113
33.55,589.5164789316683,4.4888622307254495,-6.24310669868385,-5.130019398630113,0.0,0.0,0.0,0.0,9.243557995052873,284.31814288694414,94440.51744335066,1.1571675142721505,338.02208815693723
33.6,588.2198533834359,4.874305255551028,-8.93390020822379,-5.494988005937347,0.0,0.0,0.0,0.0,11.565825428398472,284.32657095300766,94455.23239631313,1.1573135083589245,338.02709812807194
33.65,587.3773592336636,4.610544410932036,-5.918626718715394,-6.935106726876961,0.0,0.0,0.0,0.0,10.216798290748548,284.3320471649812,94464.79456479206,1.1574083768864907,338.0303533622254
33.7,587.6354939443037,6.721042258255703,-2.6720618436198187,-6.110187410246383,0.0,0.0,0.0,0.0,9.468194850219405,284.330369289362,94461.86469547202,1.1573793091564637,338.02935598305055
33.75,587.9122746567347,5.7513258441498,-7.25321756820837,-5.0358089606309635,0.0,0.0,0.0,0.0,10.537850157661337,284.3285702147312,94458.72327286372,1.157348142379852,338.0282865563088
33.8,588.3453485538106,7.938298693484487,-13.16371080097964,-2.3875161805859255,0.0,0.0,0.0,0.0,15.556352455230794,284.3257552344002,94453.80811407276,1.1572993775627205,338.026613236367
33.85,588.6092956305833,7.058645354227803,0.2790202086797425,1.215471731081003,0.0,0.0,0.0,0.0,7.167963312034352,284.3240395784012,94450.81255647063,1.1572696574684684,338.0255933880926
33.9,586.9896162645133,4.084219853056631,13.832898622454362,9.027029893236213,0.0,0.0,0.0,0.0,17.015205106039183,284.33456749428063,94469.19564638646,1.1574520404404558,338.0318515153957
33.95,583.7811155660963,10.70252233953799,-14.46736016061364,4.946846342677003,0.0,0.0,0.0,0.0,18.663327227032088,284.35542274882033,94505.62014680594,1.1578133965594335,338.04424819846946
34.0,583.0100581575389,10.051767069447399,-7.392557103922563,-3.064899168856595,0.0,0.0,0.0,0.0,12.848405685860053,284.36043462197597,94514.37526974853,1.1579002494556714,338.0472272649688
34.05,582.7673653207802,6.837916931649633,-8.709865829563324,1.8395443157295917,0.0,0.0,0.0,0.0,11.225096615293278,284.3620121254149,94517.1311091677,1.1579275877196233,338.0481649304437
34.1,583.2015672249013,6.632268807521853,-8.345903633987966,0.23270480507750277,0.0,0.0,0.0,0.0,10.662797406372636,284.35918981303814,94512.20068108948,1.157878677163267,338.0464873507276
34.15,580.4245644445896,2.475563287198402,-17.660104927134427,1.0422852845137907,0.0,0.0,0.0,0.0,17.86320459046014,284.37724033111016,94543.73755999176,1.1581915191651944,338.057216417374
34.2,577.6114112777215,4.88535465360588,-20.58619138673314,-1.7155115014024638,0.0,0.0,0.0,0.0,21.227363133798757,284.3955258266948,94575.69366640846,1.158508499601483,338.06808480537444
34.25,575.1092047799383,5.516376371943997,-5.873909246750834,-10.003619939385258,0.0,0.0,0.0,0.0,12.845451724547225,284.4117901689304,94604.12491284653,1.1587904989595776,338.0777515826619
34.3,574.613931152926,4.319453786986492,-0.3182037318779388,-6.675872644990984,0.0,0.0,0.0,0.0,7.957776712438714,284.41500944750595,94609.753265029,1.1588463226584242,338.07966494107455
34.35,574.0634125880285,4.326710405109485,1.229930467851113,-10.753599003676978,0.0,0.0,0.0,0.0,11.656459300204055,284.4185878181778,94616.00974587044,1.1589083755856926,338.0817917109573
34.4,572.727600623004,10.265028866090063,7.067279256138843,-3.373584237496944,0.0,0.0,0.0,0.0,12.911170524526444,284.42727059595046,94631.19224690465,1.1590589551765638,338.0869521800488
34.45,571.2990122702706,5.6313526727158365,-2.889024905342275,-8.697736003274061,0.0,0.0,0.0,0.0,10.756821529189818,284.4365564202432,94647.43140384454,1.1592200095617209,338.09247097296196
34.5,571.3980287716843,1.8231845007519747,-1.281922439165422,-8.190829340106474,0.0,0.0,0.0,0.0,8.48864018218272,284.43591281298404,94646.30578324957,1.1592088462125705,338.0920884643027
34.55,573.1072560588178,-0.5915332090160397,1.284932582072442,-11.250579821620315,0.0,0.0,0.0,0.0,11.33915824038497,284.42480283561764,94626.87697856985,1.159016156941957,338.0854855144622
34.6,574.7564801379168,2.1605266486403463,5.270804491616725,-10.82036410364418,0.0,0.0,0.0,0.0,12.228226965662834,284.41408287910355,94608.13329253317,1.1588302553461236,338.0791142419557
34.65,573.26766073784,5.0680398433690765,8.484091091627143,-3.2743338510406566,0.0,0.0,0.0,0.0,10.410864117501209,284.423760205204,94625.05382265594,1.1589980750221343,338.08486584534563
34.7,570.4122295068125,1.074061674997074,8.491098589327558,-5.930801087973045,0.0,0.0,0.0,0.0,10.412817355570981,284.4423205082057,94657.51284259134,1.1593199911660987,338.0958966663639
34.75,568.9531566090222,4.850224732548811,6.57832986152452,-3.686072277845544,0.0,0.0,0.0,0.0,8.96583696933838,284.4518044820413,94674.10228559861,1.1594845108058505,338.1015330743088
34.8,566.434595034848,6.4333690460940405,5.336763539748079,1.4260080597841742,0.0,0.0,0.0,0.0,8.479550775188201,284.4681751322735,94702.74349728576,1.1597685364771613,338.11126207271883
34.85,564.0387020521894,2.795084835308885,4.462208286941562,6.914722954191219,0.0,0.0,0.0,0.0,8.691213699239167,284.48374843666073,94729.99622689583,1.160038777845326,338.1205169525222
34.9,562.9754205423174,4.294336698189215,8.821212730651286,1.7982237582926466,0.0,0.0,0.0,0.0,9.974403761714637,284.4906597664749,94742.09284294714,1.1601587246153102,338.1246241260066
34.95,562.393878751982,5.04475733102225,15.586145445387448,3.302951021909789,0.0,0.0,0.0,0.0,16.711881756008495,284.4944397881121,94748.70938831115,1.1602243312551384,338.1268704460629
35.0,560.853924255781,1.8785135939455948,7.552529176189324,3.464965756425896,0.0,0.0,0.0,0.0,8.519125423013413,284.5044494923374,94766.23216993314,1.1603980749383127,338.13281875246247
35.05,561.7481839016882,5.992107447038473,10.93712132869387,1.469223738392088,0.0,0.0,0.0,0.0,12.55725260591978,284.498636804639,94756.05627938472,1.1602971786479237,338.12936455250417
35.1,562.0216102413119,2.9973172616272405,10.68104934341346,-9.072237907553351,0.0,0.0,0.0,0.0,14.330883660630622,284.49685953343146,94752.94510404997,1.1602663302189011,338.12830839889773
35.15,560.4779403266019,7.548529924753788,-0.7315177477390318,-3.06895741615165,0.0,0.0,0.0,0.0,8.181315411491775,284.5068933878771,94770.51080154869,1.1604404979372458,338.134271031178
35.2,559.8546814331289,6.467911610508063,-7.150397898319274,-6.297121052454239,0.0,0.0,0.0,0.0,11.515893549998458,284.5109445706846,94777.60372374604,1.1605108240655895,338.13667842252937
35.25,559.9990296811268,0.6490145837729515,6.887095620776068,-7.081367829833949,0.0,0.0,0.0,0.0,9.899448285690978,284.5100063070727,94775.96094778032,1.1604945360762147,338.13612086646896
35.3,559.2118957656176,7.662831458397625,-0.9572954263092288,-6.725829924349135,0.0,0.0,0.0,0.0,10.24071231234972,284.51512267752344,94784.91931828663,1.1605833569350965,338.13916121977996
35.35,557.8539378279164,5.686623670218025,2.209435730467153,-6.818680172674056,0.0,0.0,0.0,0.0,9.149518802153867,284.5239494041185,94800.3758483533,1.1607366022865324,338.14440635183234
35.4,555.6235351716529,5.6221312603897875,-1.6868165240621504,-8.901176603953237,0.0,0.0,0.0,0.0,10.662300634931734,284.53844702138423,94825.76713560127,1.1609883364877782,338.15302113759634
35.45,554.2344362341938,10.471502532825284,-6.968706614032444,-4.726515955606897,0.0,0.0,0.0,0.0,13.437082653836452,284.5474761644777,94841.58365934294,1.1611451381233355,338.1583863313442
35.5,553.3784102598485,4.358505097057917,-6.616989609383374,-0.9280173010061469,0.0,0.0,0.0,0.0,7.977614573463306,284.55304033331095,94851.33158476326,1.1612417744942405,338.16169256547624
35.55,552.9848622235568,8.828307721140257,-6.247875395677527,-2.476182078837803,0.0,0.0,0.0,0.0,11.095334238616465,284.55559839554684,94855.81335289373,1.1612862040120675,338.163212557514
35.6,554.0152378357873,3.1905083692607055,-10.406881780112826,-4.296022511695403,0.0,0.0,0.0,0.0,11.702065692028933,284.54890095406734,94844.07968581912,1.1611698827417447,338.1592329456805
35.65,555.1892296726813,-0.7605127031374146,-3.9260718990835057,-2.2417793080568615,0.0,0.0,0.0,0.0,4.584538645756893,284.54127000712754,94830.71198454767,1.1610373591978886,338.15469858892146
35.7,555.1926470112251,5.995228091379705,-2.7462221673055844,4.411434381838082,0.0,0.0,0.0,0.0,7.933804217721286,284.541247794427,94830.67307512363,1.1610369734558674,338.1546853899061
35.75,554.1892396757244,6.686173486231201,-4.779684032359298,2.9022643831869743,0.0,0.0,0.0,0.0,8.716274082834202,284.5477699421078,94842.09831115257,1.1611502401877862,338.1585608950849
35.8,551.6960948262987,9.643564064154365,2.9931979701405065,3.7632008797001912,0.0,0.0,0.0,0.0,10.775863900814588,284.56397538362904,94870.49117735721,1.1614317082225831,338.1681900880374
35.85,549.1800618529484,9.680183215209288,3.2801725833945503,6.675192773673427,0.0,0.0,0.0,0.0,12.207525458608508,284.5803295979558,94899.15167951013,1.1617158131685408,338.17790740308646
35.9,547.9913188701931,3.6947750265732404,2.9145394252189325,5.627403346035852,0.0,0.0,0.0,0.0,7.335773372802645,284.5880564273437,94912.6952644383,1.1618500619213723,338.1824984183194
35.95,546.8801755250038,2.069261622832968,5.968371994565041,11.371303652517593,0.0,0.0,0.0,0.0,13.008068830037669,284.59527885908744,94925.3561564491,1.1619755578169864,338.18678968153307
36.0,545.6802012852539,7.995823779003525,3.458161828665474,9.448253773503225,0.0,0.0,0.0,0.0,12.851520552317345,284.6030786916458,94939.03076552287,1.162111098189649,338.1914239507142
36.05,544.1773489604111,7.966829138019255,0.7769661717202085,6.2699419502858325,0.0,0.0,0.0,0.0,10.167901209509477,284.6128472317573,94956.15914800235,1.1622808665302091,338.1972278375834
36.1,543.5407795679042,5.229914764822241,1.64188627746637,9.409586885014122,0.0,0.0,0.0,0.0,10.889817461374998,284.6169849328086,94963.41504238786,1.1623527817304689,338.19968618398775
36.15,542.4093046966236,6.2820539663848765,1.710086721669657,7.229202615155115,0.0,0.0,0.0,0.0,9.728821567033101,284.6243395194719,94976.31319255114,1.162480616326179,338.20405574547766
36.2,541.7742773948293,5.188989783800862,0.35726073437869255,6.709164310152229,0.0,0.0,0.0,0.0,8.489177577912889,284.62846719693357,94983.55275294387,1.1625523667397624,338.2065080870439
36.25,541.3890656800769,8.975220204915018,-3.671893841770981,8.828438157246786,0.0,0.0,0.0,0.0,13.114065060395326,284.6309710730795,94987.9445353662,1.1625958926608415,338.20799568481294
36.3,542.2218968019263,8.015030983035064,0.6957270749494594,4.469350523951741,0.0,0.0,0.0,0.0,9.20325224731874,284.62555767078743,94978.4496696051,1.1625017908018973,338.20477947710816
36.35,542.8181027788144,7.519829373042108,2.384776422839679,7.150632643905782,0.0,0.0,0.0,0.0,10.647372426786331,284.6216823319377,94971.65297042496,1.1624344288738726,338.2024770440568
36.4,542.8616956093939,4.967270180479366,-3.3495965178320453,4.3289889642106285,0.0,0.0,0.0,0.0,7.39146232692892,284.62139897853893,94971.15603118714,1.162429503684624,338.2023086962971
36.45,541.6151884318859,9.014836460282867,3.3387497165041466,4.793823777962377,0.0,0.0,0.0,0.0,10.742219160362506,284.6295012751927,94985.36649953238,1.1625703424013756,338.20712245229504
36.5,541.8619101513159,4.2675367852094315,8.917395917896998,5.898740715935627,0.0,0.0,0.0,0.0,11.51203553692736,284.6278975840164,94982.55367856112,1.1625424650954321,338.2061696688703
36.55,540.8482090799623,6.272493160193849,7.1644723579780765,7.790275692850218,0.0,0.0,0.0,0.0,12.302935827822703,284.63448664098024,94994.11109603124,1.162657007344787,338.21008433577305
36.6,539.0302121240755,9.161736641252986,3.7434919870476877,6.942235755000563,0.0,0.0,0.0,0.0,12.089077211217406,284.6463036211935,95014.84131114192,1.16286245191765,338.21710488419865
36.65,537.4826828929071,7.023606720544981,-5.473449035396095,9.72284639051335,0.0,0.0,0.0,0.0,13.184211680699061,284.6563625611961,95032.4903290121,1.1630373538948326,338.2230808541426
36.7,536.5096158483036,7.444235355911641,-4.79030135065328,9.73187426153962,0.0,0.0,0.0,0.0,13.155721329774847,284.662687496986,95043.58917021687,1.163147340378028,338.22683841530636
36.75,535.825462773087,8.79870493633675,-3.863865558071651,7.054094952904598,0.0,0.0,0.0,0.0,11.920860758022599,284.66713449197493,95051.39327565354,1.163224675466931,338.22948029154696
36.8,534.6379540180532,7.376560993929496,-6.569392296316539,1.3533003551662488,0.0,0.0,0.0,0.0,9.970054618273577,284.6748532988826,95064.94037017408,1.163358918062803,338.2340658408345
36.85,535.7822304559179,4.962519273434404,-5.405541679378102,-5.605963247187459,0.0,0.0,0.0,0.0,9.234354461223498,284.66741550203653,95051.88644231211,1.1632295624806925,338.22964723365607
36.9,537.0604247483767,6.2856983468882905,-7.6116376310296925,-1.9137372866240008,0.0,0.0,0.0,0.0,10.055318072363324,284.65910723913555,95037.30649320924,1.1630850810659876,338.224711436334
36.95,536.5264419804748,5.550738176808847,-7.4668412582525265,-2.053203056084798,0.0,0.0,0.0,0.0,9.527856814254784,284.6625781271269,95043.39724177022,1.1631454384403368,338.2267734404662
37.0,535.5098176187626,6.09724942176201,-5.8827728582819825,-3.442793458046301,0.0,0.0,0.0,0.0,9.145288065888506,284.669186185478,95054.99400160828,1.1632603565947157,338.2306991571848
37.05,532.3298469478244,2.61390729018167,-4.007977952043794,-1.0133364047235516,0.0,0.0,0.0,0.0,4.891139872756871,284.6898559948391,95091.2757177682,1.1636198732317151,338.24297838779444
37.1,530.0894874343832,8.634941140121391,-6.565097851505772,-1.0406821345377495,0.0,0.0,0.0,0.0,10.897051784696293,284.7044183316765,95116.84371989043,1.1638732116715833,338.25162910908625
37.15,527.3251641047556,5.617072724130659,-7.862830206578155,-5.076379295968054,0.0,0.0,0.0,0.0,10.915366764437355,284.72238643331906,95148.3991070014,1.1641858577595954,338.26230271190127
37.2,525.760348894919,4.559943635368237,-0.26306376856541913,-7.495268523739107,0.0,0.0,0.0,0.0,8.777319565050673,284.732557732183,95166.26558990296,1.1643628674709872,338.2683446257311
37.25,524.7018296027929,2.5640515526715117,0.9595387851149272,-10.79627649331627,0.0,0.0,0.0,0.0,11.137982814003193,284.7394381075818,95178.35291302795,1.1644826173694358,338.2724316173192
37.3,525.2319065615809,4.633776353764766,3.351279090988405,-10.369824720856922,0.0,0.0,0.0,0.0,11.842137458402554,284.7359926073497,95172.29976311798,1.1644226487802387,338.27038497201556
37.35,525.7043498775392,2.866268190873844,7.842246265127542,-7.895682950819765,0.0,0.0,0.0,0.0,11.49165475833607,284.73292172579596,95166.90501637277,1.1643692023832128,338.2685608417454
37.4,525.9033524696299,3.7465495738424233,7.0405114750583415,-6.516076881354939,0.0,0.0,0.0,0.0,10.298771454082052,284.73162820894737,95164.63271505515,1.1643466902515238,338.26779247857706
37.45,523.6919093032405,1.7346068330435107,10.569349844817902,-3.7213553339891092,0.0,0.0,0.0,0.0,11.338805163208452,284.7460025895289,95189.88643887732,1.1645968780645426,338.2763309199359
37.5,522.2428191029965,9.119619623261258,8.5710847273091,-2.807893286154418,0.0,0.0,0.0,0.0,12.826348669130828,284.7554216758305,95206.43736449709,1.1647608406909238,338.28192577917315
37.55,520.7416450315162,5.356028534300862,8.346755652870062,-6.310726745110934,0.0,0.0,0.0,0.0,11.755026313897464,284.7651793072951,95223.58562844018,1.164930715161072,338.28772163385224
37.6,519.313713821219,3.1376007214443673,7.8333519234464095,-5.390509116190453,0.0,0.0,0.0,0.0,10.013167789241432,284.77446086016204,95239.8995428643,1.1650923189791333,338.29323461439975
37.65,517.8544926106124,2.8116328359893443,7.511286783981458,-3.239540821802791,0.0,0.0,0.0,0.0,8.64981693978287,284.78394579803097,95256.57327919235,1.165257481710712,338.2988683070854
37.7,516.5860701020578,4.436794190387978,6.124640339674083,-6.7684012648515,0.0,0.0,0.0,0.0,10.149266853338075,284.7921905443366,95271.06878155778,1.1654010633408656,338.303765296889
37.75,516.0486529039847,5.088180525362012,8.46709998712058,-5.85057750741815,0.0,0.0,0.0,0.0,11.480880646574013,284.79568375612405,95277.21091123785,1.1654619014405772,338.3058400782841
37.8,515.4680035357826,7.094175210257073,5.48449566347458,-3.545061683496917,0.0,0.0,0.0,0.0,9.642327360979582,284.79945797701737,95283.84750083456,1.1655276363516156,338.30808174979205
37.85,514.4802555789755,5.632017253596536,7.424786616303846,-7.455121875542697,0.0,0.0,0.0,0.0,11.934232980030558,284.80587833873665,95295.13792414457,1.165639465127197,338.3118950435945
37.9,514.5658562385237,4.261439531448351,7.3312863411879485,-5.587240833892128,0.0,0.0,0.0,0.0,10.155042414120746,284.8053219344496,95294.15942551,1.1656297734464927,338.3115645759058
37.95,514.4172860265951,2.280203554682417,9.049414871392992,-5.752359063661557,0.0,0.0,0.0,0.0,10.962703706780744,284.8062876408271,95295.85773244896,1.1656465945601682,338.31213814201107
38.0,514.9903274407811,3.145804815950476,8.046973942760138,-5.1019268998169425,0.0,0.0,0.0,0.0,10.033919257528115,284.8025628716349,95289.30742781264,1.1655817158565194,338.3099258686093
38.05,514.7332564102744,4.569470862633281,1.2142453477388624,-6.383763570324918,0.0,0.0,0.0,0.0,7.943984708618689,284.80423383333317,95292.24590255685,1.1656108206279918,338.31091831420633
38.1,513.5477237038515,3.5151182073285843,2.7155921305914936,-6.344085646994847,0.0,0.0,0.0,0.0,7.744541259986248,284.81193979592496,95305.7981958202,1.1657450500971804,338.3154951310808
38.15,512.2542073780826,5.545240303760335,-2.0002143716569174,-9.688152224986,0.0,0.0,0.0,0.0,11.340671985977378,284.8203476520424,95320.58667288286,1.1658915192765504,338.3204887542673
38.2,509.34989354142994,4.123654688850636,0.1728446482757071,-7.251484541355022,0.0,0.0,0.0,0.0,8.343766015345123,284.8392256919807,95353.79780015051,1.1662204357385582,338.33170059696783
38.25,508.02857257843556,6.537662979703729,-4.488358815346112,-7.27402690721232,0.0,0.0,0.0,0.0,10.76094185182378,284.84781427824015,95368.91034190822,1.1663701001589628,338.3368013148974
38.3,506.7967028617929,7.910410378977236,-2.84082044408142,-2.105115890783774,0.0,0.0,0.0,0.0,8.66466191336812,284.85582143139834,95383.00153646019,1.1665096457803792,338.34155665338545
38.35,506.8157647797353,6.060383791218494,-5.355781351473674,-0.5484494744302191,0.0,0.0,0.0,0.0,8.106382818968013,284.85569752893167,95382.7834768639,1.1665074863580032,338.34148306991824
38.4,507.06726602335084,6.090520776645751,-5.098398366812175,-2.853420076361563,0.0,0.0,0.0,0.0,8.439793562028033,284.8540627708482,95379.90645581625,1.1664789954183237,338.3405122147225
38.45,506.7554690983969,6.000240495913835,-5.91397506754622,-0.8894231568486606,0.0,0.0,0.0,0.0,8.471662213538808,284.8560894508604,95383.47323317756,1.1665143169425876,338.3417158253136
38.5,506.2255191375688,6.8572673069791215,-6.532509770538604,1.01465209689656,0.0,0.0,0.0,0.0,9.524983868715138,284.85953412560576,95389.53580349653,1.1665743535376443,338.3437615488975
38.55,504.92432610149456,8.728788676425827,-7.001556647623435,6.718961324880106,0.0,0.0,0.0,0.0,13.052125824279136,284.86799188034024,95404.42263489224,1.1667217721982381,338.34878438817
38.6,503.1383805527783,7.6549846075903565,-8.21116234310922,6.284328736590145,0.0,0.0,0.0,0.0,12.865254138060115,284.87960052640693,95424.85853881146,1.1669241340977392,338.35567833796904
38.65,501.2056414863356,5.231963483759833,-0.46811602277285236,7.132258810736501,0.0,0.0,0.0,0.0,8.857860365206795,284.8921633303388,95446.97813921487,1.1671431591273482,338.3631387689316
38.7,500.1957455616776,6.486525105713779,4.173402174973403,8.634963546499419,0.0,0.0,0.0,0.0,11.5782075085266,284.89872765384905,95458.53773686853,1.167257616720731,338.36703693216384
38.75,499.1505973293575,8.735176522873694,4.285854687192395,6.114643778241532,0.0,0.0,0.0,0.0,11.491767828331751,284.90552111735917,95470.50203755953,1.1673760787124001,338.37107112079354
38.8,498.93532487961426,6.240517385266137,7.269694959899917,7.5193377139218285,0.0,0.0,0.0,0.0,12.17920201416375,284.90692038828246,95472.9665127877,1.1674004798415538,338.3719020492675
38.85,498.21166649781765,6.581661647885339,-2.0800924252906556,5.245300077263084,0.0,0.0,0.0,0.0,8.669384490581349,284.91162416776416,95481.25145336051,1.167482509369531,338.3746952777341
38.9,497.82891304258305,7.1765196835536305,4.912086597239666,6.292305126964927,0.0,0.0,0.0,0.0,10.734250477701895,284.9141120652232,95485.63371444643,1.1675258977642138,338.376172647619
38.95,498.1327220951104,6.14992772416468,2.6744884159121742,10.768258119585472,0.0,0.0,0.0,0.0,12.685814212312751,284.91213730638174,95482.15529858168,1.1674914582952858,338.3749999916005
39.0,498.2424528032339,2.78824023521749,1.2504452901337424,5.296138004387393,0.0,0.0,0.0,0.0,6.11448892340315,284.91142405677897,95480.89897863356,1.1674790195307443,338.3745764470164
39.05,496.7915734243406,10.97402856305956,2.3064483808127747,5.303995041993599,0.0,0.0,0.0,0.0,12.404893004040527,284.9208547727418,95497.5113510593,1.167643495330183,338.3801765876981
39.1,496.38347576748544,6.862990648467296,-0.6238841486510232,7.157220930063942,0.0,0.0,0.0,0.0,9.93557665732759,284.9235074075113,95502.18443567783,1.1676897616316422,338.38175175658716
39.15,495.8615047525991,4.7060703159376125,6.597230299120184,5.922861990188279,0.0,0.0,0.0,0.0,10.037471772961336,284.92690021910806,95508.16174237119,1.16774893987516,338.3837664413779
39.2,494.6213488319239,6.02989531699752,10.652947675423034,5.432308050321057,0.0,0.0,0.0,0.0,13.392344920245767,284.93496123259246,95522.36449733266,1.1678895512309686,338.3885531021136
39.25,493.87321304854055,2.2641206119093438,6.056104112896366,7.447160897894823,0.0,0.0,0.0,0.0,9.86219268776709,284.9398241151845,95530.93327054236,1.167974382624421,338.3914406677113
39.3,492.35219925910405,5.731658388213086,4.8994057204476595,1.956648284580794,0.0,0.0,0.0,0.0,7.790029319731836,284.9497107048158,95548.35612104717,1.1681468654754716,338.39731122002775
39.35,490.75335550370005,5.403749220113051,10.53440576094494,13.300255542341137,0.0,0.0,0.0,0.0,17.80648780253081,284.96010318922595,95566.67326903023,1.168328195246148,338.40348205751997
39.4,489.271256238029,11.514928046217454,4.2351810312726785,14.326361035095514,0.0,0.0,0.0,0.0,18.861997422996332,284.96973683445276,95583.65547361573,1.1684963038983895,338.4092022118511
39.45,487.86890415195484,7.5758387072245865,-3.296088272416539,3.6494772844237016,0.0,0.0,0.0,0.0,9.03195518517274,284.97885212301225,95599.7261680877,1.1686553841816723,338.41461449333855
39.5,487.3822962833809,9.848219328111858,-5.7913839651525505,5.794181567330009,0.0,0.0,0.0,0.0,12.810155822690406,284.982015074158,95605.30311517934,1.1687105879697257,338.41649250273235
39.55,486.84625994658006,6.417532823933657,-5.103707464900217,2.592120063432538,0.0,0.0,0.0,0.0,8.5995141639975,284.9854993103472,95611.44686020775,1.1687714015362585,338.41856126378354
39.6,488.97707889574417,8.92307734875218,-6.342539748932933,0.3007412507761113,0.0,0.0,0.0,0.0,10.951692341301724,284.9716489871776,95587.02650999864,1.1685296734706476,338.41033757625826
39.65,491.4409611033277,6.2274197869023356,-8.715576998411098,-3.822442066928806,0.0,0.0,0.0,0.0,11.373350560523592,284.95563375282836,95558.79536940515,1.1682502091487486,338.40082821448465
39.7,492.65247978634926,7.178659145588817,-5.966047986806732,-1.2154635583568054,0.0,0.0,0.0,0.0,9.412981853330008,284.9477588813887,95544.91627533911,1.1681128121422288,338.3961522559967
39.75,490.221610296642,3.3746523233805914,-5.597223172040696,-3.911698629168173,0.0,0.0,0.0,0.0,7.616992300558239,284.9635595330718,95572.76583621006,1.1683885068713955,338.4055343364756
39.8,486.1785132076369,5.148893145267324,-3.5359399698101566,-3.7448976701784416,0.0,0.0,0.0,0.0,7.282735107882876,284.98983966415034,95619.100642465,1.1688471610940914,338.42113832595044
39.85,483.66429849633437,-0.13992056962642885,19.10796035615317,-2.1018920616374412,0.0,0.0,0.0,0.0,19.223726927339044,285.0061820597738,95647.92328265951,1.1691324463515287,338.4308413610693
39.9,483.4241567446947,0.21517029756165795,7.101467103911588,-9.338814885629231,0.0,0.0,0.0,0.0,11.734163658009093,285.0077429811595,95650.67660541824,1.169159697766269,338.43176811853607
39.95,485.1526042570674,2.852789056731956,3.643688361045095,-10.144708151190226,0.0,0.0,0.0,0.0,11.150335140588847,284.99650807232905,95630.86068371477,1.16896356345407,338.4250976198823
40.0,485.10490545966724,4.514392127975893,10.390907127577377,-5.4747767752105965,0.0,0.0,0.0,0.0,12.582681270597869,284.99681811451217,95631.40748570296,1.1689689757023154,338.42528170288784
40.05,483.4600108393757,2.182420213663988,7.977047667117856,-2.330777375107716,0.0,0.0,0.0,0.0,8.592366998958646,285.007509929544,95650.26551957858,1.1691556289935188,338.4316297502139
40.1,480.96657430540733,4.146918810193726,10.479449665386579,4.68668136231825,0.0,0.0,0.0,0.0,12.205768435441117,285.02371726701483,95678.85747597936,1.1694386134742842,338.4412522995612
40.15,479.7433065367595,5.062411482972264,8.744164711805588,6.295682793942979,0.0,0.0,0.0,0.0,11.904790983972177,285.03166850751103,95692.88708018807,1.1695774634346199,338.44597297517583
40.2,479.30946262538316,3.9563016421592554,8.324903728709916,1.7306271692115673,0.0,0.0,0.0,0.0,9.378241582239898,285.034488492935,95697.86321705588,1.1696267109644531,338.44764719326355
40.25,479.8274458092252,7.1917406698966175,-0.14869290553789327,5.151045845522077,0.0,0.0,0.0,0.0,8.847401694614787,285.03112160224003,95691.92203722998,1.1695679125995386,338.4456482779653
40.3,479.68899392931286,8.29646458880213,7.8021711825960045,3.4233547937377438,0.0,0.0,0.0,0.0,11.892205761741025,285.03202153945944,95693.51002771272,1.1695836286106154,338.44618256978845
40.35,479.24716605559695,7.06308052905437,8.294367299052254,2.897299973656316,0.0,0.0,0.0,0.0,11.272887056510557,285.0348934206386,95698.57776833358,1.1696337826522363,338.4478875971189
40.4,479.6518166845107,3.1010534886530907,5.697542245611304,2.40584755278151,0.0,0.0,0.0,0.0,6.918570865954744,285.03226319155067,95693.93644022603,1.1695878487179996,338.44632603824857
40.45,480.05958764317666,5.189706944560352,6.289956071993075,5.409641696214527,0.0,0.0,0.0,0.0,9.78574620759415,285.0296126803193,95689.25950643793,1.169541561975468,338.44475243064403
40.5,479.4697729764656,5.380772233549501,6.711255959516678,4.67681863244978,0.0,0.0,0.0,0.0,9.791133688409879,285.03344647565297,95696.02445243057,1.1696085132468823,338.44702855125007
40.55,479.092274668034,5.952261858425349,10.160539493699899,6.465148130756943,0.0,0.0,0.0,0.0,13.43369362412775,285.0359002146578,95700.35441519819,1.1696513655202636,338.44848532570586
40.6,478.6130110035668,5.049278177029203,4.792767922767247,5.847857930163501,0.0,0.0,0.0,0.0,9.091934713904745,285.0390154284768,95705.85187056658,1.169705771567536,338.4503348059239
40.65,477.7632441796784,5.361620495703101,5.275954990479046,3.967560774771404,0.0,0.0,0.0,0.0,8.504364403234906,285.0445389128321,95715.5998586241,1.1698022419209817,338.4536140343309
40.7,477.14910772068095,6.169075189847977,4.322312755826536,4.555361799174766,0.0,0.0,0.0,0.0,8.802908461330231,285.0485307998155,95722.64534448874,1.1698719659669177,338.455983951417
40.75,474.57739443742815,6.032257142462726,2.816972488513915,4.902462604980608,0.0,0.0,0.0,0.0,8.267865494011746,285.0652469361567,95752.15307126663,1.1701639718562153,338.46590786404664
40.8,471.8276673010804,6.485503159807024,5.090408829868104,2.42419729498443,0.0,0.0,0.0,0.0,8.593645665029243,285.08312016254297,95783.7114687354,1.1704762520573369,338.4765183874963
40.85,469.6995074712127,5.375629452209509,6.911427970485276,0.8938879360151465,0.0,0.0,0.0,0.0,8.801378542070664,285.0969532014371,95808.14196937128,1.1707179860498373,338.4847302066395
40.9,467.572000694598,5.008254680052094,10.107304897501065,5.960406069206688,0.0,0.0,0.0,0.0,12.758004065728645,285.11078199548507,95832.5700162867,1.1709596840375713,338.4929393067536
40.95,465.56569514803516,7.032790670753007,10.734343784244716,-0.7197170146168803,0.0,0.0,0.0,0.0,12.853181461339162,285.1238229815377,95855.61105021137,1.1711876477852043,338.50068056296516
41.0,463.392874466629,2.6505907236215553,8.97502504523724,-5.138436285035329,0.0,0.0,0.0,0.0,10.676152546781637,285.1379463159669,95880.56945493259,1.1714345698838207,338.5090641120229
41.05,461.03300021388884,2.9723471771949015,10.783776177346367,-3.737571345658882,0.0,0.0,0.0,0.0,11.793816852434663,285.1532854986097,95907.68243718713,1.171702794102636,338.5181691480182
41.1,460.90142113855717,4.480570614382215,11.475279877241151,-1.2008794998238022,0.0,0.0,0.0,0.0,12.377385542374375,285.15414076259935,95909.19435346583,1.1717177508139183,338.5186768086302
41.15,462.0188678400912,2.406912323063989,2.7591249345241744,-10.350042890272041,0.0,0.0,0.0,0.0,10.978587576081958,285.14687735903937,95896.35488743559,1.171590734293953,338.514365432661
41.2,462.34172780718836,3.0573035370310464,4.282031546566686,-7.802974678677136,0.0,0.0,0.0,0.0,9.41112708018606,285.14477876925326,95892.64548459224,1.1715540378165579,338.5131197516572
41.25,461.1544652607039,2.2879634874796784,-3.2331748229865607,-5.485725967427957,0.0,0.0,0.0,0.0,6.766194332543793,285.1524959758054,95906.28675381564,1.17168898719168,338.51770050884625
41.3,459.3568074614442,7.006713191823912,-7.344892950792191,-4.493975818824359,0.0,0.0,0.0,0.0,11.101229700859905,285.16418075150057,95926.94426119728,1.1718933393548947,338.5246362062967
41.35,457.90663552183474,6.530871553400737,-4.939129885720356,-5.641332412974149,0.0,0.0,0.0,0.0,9.943435958898094,285.173606869108,95943.61131384152,1.1720582102722645,338.5302311352539
41.4,457.68664191315844,5.776324999720356,-9.109060610855396,-1.8616704962512702,0.0,0.0,0.0,0.0,10.9456261927422,285.17503682756444,95946.13993958362,1.1720832230276415,338.5310798876424
41.45,458.68343578709124,7.225302906882173,-4.821116825637343,-0.8535247000236625,0.0,0.0,0.0,0.0,8.727924951338316,285.1685576673839,95934.68313544894,1.1719698931776126,338.52723416261733
41.5,458.5096393998498,5.174012084241528,-7.654162974937025,1.7554205808142775,0.0,0.0,0.0,0.0,9.404154045437606,285.16968734390093,95936.68061129384,1.1719896522446769,338.5279046886585
41.55,457.62901117534005,7.980112882067479,-4.781807497026898,-0.4257045212945368,0.0,0.0,0.0,0.0,9.312846443951097,285.17541142736025,95946.80236123467,1.1720897755743531,338.53130223114266
41.6,457.5902555409631,5.193793767000561,3.1128482591515145,2.4717181115329487,0.0,0.0,0.0,0.0,6.540237641058351,285.1756633389837,95947.24782996028,1.172094182059893,338.53145175306446
41.65,456.4804522845894,3.7826837797376993,-1.3372688890358284,3.846005251839905,0.0,0.0,0.0,0.0,5.557764033876747,285.18287706015013,95960.00494752957,1.172220371206408,338.535733422873
41.7,455.5205921941346,5.690370403434801,7.097674664138963,6.779426745111484,0.0,0.0,0.0,0.0,11.345392366885324,285.18911615073813,95971.03958560036,1.1723295195865457,338.5394365616761
41.75,453.52522905421887,4.151329683731443,1.448641954136162,6.022939266587989,0.0,0.0,0.0,0.0,7.457070407560915,285.20208601114757,95993.98174806636,1.1725564428007733,338.54713454008123
41.8,452.9262824734635,8.44724677925012,-0.18381209474861648,6.733913480663358,0.0,0.0,0.0,0.0,10.804413718512778,285.20597916392245,96000.86914540068,1.1726245647199454,338.54944520203475
41.85,451.6933125262787,3.8525915797358365,-2.513497049670852,3.0492758498669708,0.0,0.0,0.0,0.0,5.518895950055362,285.2139934685792,96015.04855419636,1.1727648075909722,338.55420179820237
41.9,451.22550749633155,7.76842992964844,5.31846275544258,4.154844595675982,0.0,0.0,0.0,0.0,10.29064056641303,285.2170342012738,96020.42885231858,1.1728180209402306,338.5560064959207
41.95,451.79721322300134,6.220044467745678,-1.2374251114929575,10.026514832314938,0.0,0.0,0.0,0.0,11.863859986105636,285.2133181140505,96013.85360931786,1.172752989020335,338.55380096890576
42.0,451.34235346567056,11.565121588670333,-5.509468413160901,5.298155617436002,0.0,0.0,0.0,0.0,13.862782278565692,285.21627470247313,96019.08496585066,1.1728047294064958,338.555555728573
42.05,450.9857955805793,-1.620666815660559,-7.369015853860884,8.546427940831014,0.0,0.0,0.0,0.0,11.400455522901419,285.21859232872623,96023.18591079534,1.1728452891565122,338.556931252552
42.1,450.49626466006896,-0.7248191269876741,-13.713844562312635,8.725201281133746,0.0,0.0,0.0,0.0,16.27034212431985,285.2217742797095,96028.81647405436,1.172900976818642,338.55881974892765
42.15,450.7560313186081,11.344389927472674,-1.901512925377499,-1.1078243074012828,0.0,0.0,0.0,0.0,11.555873352022784,285.22008579642903,96025.82861600595,1.1728714262415103,338.5578176309195
42.2,451.59567554506526,4.203741896851285,-2.0011182573068824,-2.0881060077367852,0.0,0.0,0.0,0.0,5.10255885949552,285.2146281089571,96016.17147208478,1.1727759137550686,338.55457846283304
42.25,450.3192103117567,6.191923499247982,-6.501346248668776,-8.632305662934309,0.0,0.0,0.0,0.0,12.454883408685394,285.22292513297356,96030.85301126468,1.1729211185219612,338.5595027808082
42.3,447.841007685253,9.088191183123282,-4.2904104751274605,-5.889985596061886,0.0,0.0,0.0,0.0,11.64880986830413,285.23903345004584,96059.36178175574,1.1732030666352073,338.5690629289243
42.35,445.5309982510817,5.47831673139107,-5.5832242599424715,-3.544483117999843,0.0,0.0,0.0,0.0,8.58764856756699,285.25404851136796,96085.94186072909,1.1734659258936149,338.57797399604044
42.4,443.1428558350793,5.123869621696413,-7.1171898550447,-3.7226286215258515,0.0,0.0,0.0,0.0,9.527139926898208,285.269571437072,96113.42723608807,1.1737377233805655,338.5871862215346
42.45,440.47328507141435,5.626666546329907,-3.815373987004131,-6.8069310396663525,0.0,0.0,0.0,0.0,9.620330829190292,285.2869236470358,96144.15913460523,1.1740416075876707,338.59748375620615
42.5,438.44544391328003,2.575689021283152,-4.537240697878692,-11.885174886123659,0.0,0.0,0.0,0.0,12.979911754653413,285.3001046145637,96167.50880724589,1.1742724822619768,338.6053056900537
42.55,437.00937194893544,9.22087092834718,2.1695412371855483,-7.142792527848196,0.0,0.0,0.0,0.0,11.863846549621703,285.3094390823319,96184.0473027696,1.174436003573902,338.61084490018436
42.6,436.38538733357393,5.238177820493393,3.898507144976274,-5.947483483446037,0.0,0.0,0.0,0.0,8.832294414499744,285.31349498233175,96191.23412747247,1.174507060304854,338.61325170251337
42.65,437.14459726912236,4.5103570737276595,2.0022705806144394,-10.38895181431501,0.0,0.0,0.0,0.0,11.501422877656415,285.3085601177507,96182.48988472068,1.1744206051195185,338.61032331357006
42.7,439.3618475455525,8.396418376173752,1.3175406195514499,-12.999255982292318,0.0,0.0,0.0,0.0,15.53114325879067,285.2941479909539,96156.9562658091,1.174168143166541,338.6017708948443
42.75,441.68434940259164,4.521636053945577,3.159551950964123,-6.89026532859883,0.0,0.0,0.0,0.0,8.826308256211815,285.27905172888313,96130.2164669043,1.1739037415160156,338.5928122661293
42.8,442.9981703130898,6.801879629158396,4.395774152874734,-7.232206829834725,0.0,0.0,0.0,0.0,10.857864086557244,285.2705118929649,96115.0926410742,1.173754191768673,338.5877443358306
42.85,441.4705339423506,7.429583627799737,2.9613184481748065,-5.7137264159178605,0.0,0.0,0.0,0.0,9.82928224184899,285.2804415293747,96132.67794949774,1.173928081104275,338.5936370303048
42.9,440.75681630509285,6.26495765356696,2.4362550402825325,-6.264154881358326,0.0,0.0,0.0,0.0,9.188289797341756,285.28508069401687,96140.89476668368,1.174009329630819,338.5963900848687
42.95,440.36612374597377,3.8132028107558216,3.4394951102845503,-6.565536659609586,0.0,0.0,0.0,0.0,8.335281274096564,285.28762019565113,96145.39293384121,1.1740538072974491,338.5978971110517
43.0,439.133745606481,2.7317107822188875,8.110953573538263,-9.937930306358712,0.0,0.0,0.0,0.0,13.11534484654624,285.29563065355785,96159.58281022198,1.174194113537627,338.60265074382585
43.05,437.934345628692,6.272559001216187,4.303055979401969,-9.482893756659141,0.0,0.0,0.0,0.0,12.156749614337304,285.3034267534135,96173.3945969915,1.1743306775313673,338.6072771063763
43.1,437.4303474175311,5.5690984620764254,4.7127427686936345,-9.176265733036308,0.0,0.0,0.0,0.0,11.722996839011454,285.306702741786,96179.19890818259,1.1743880665245365,338.6092211249445
43.15,436.7208266770837,4.026617317402057,8.791793371151227,-6.894103063034326,0.0,0.0,0.0,0.0,11.875939320557347,285.3113146265989,96187.37060676426,1.1744688614812397,338.6119578647383
43.2,435.60574266058893,0.6480023071395595,2.2560104865508426,-5.298799322053519,0.0,0.0,0.0,0.0,5.795408920937365,285.31856267270615,96200.21439837749,1.1745958475673084,338.61625888501044
43.25,433.64257485753274,10.952803235026517,3.477350596127312,-6.3201780014276805,0.0,0.0,0.0,0.0,13.114896714931639,285.33132326342604,96222.82998680123,1.1748194392018971,338.62383093910125
43.3,429.94600969128726,4.071190127682754,1.4099322663639648,-5.914636666190673,0.0,0.0,0.0,0.0,7.317473945599183,285.3553509370066,96265.42590555636,1.1752405415387766,338.6380883495754
43.35,427.0088960703091,2.6009347820911874,-3.35291708689195,-7.430066602430038,0.0,0.0,0.0,0.0,8.556448121084472,285.374442175543,96299.28146676744,1.1755752116027598,338.6494161770923
43.4,425.71506372937927,2.2276299341224504,-2.1180739319181723,-9.364346952847765,0.0,0.0,0.0,0.0,9.855940653117738,285.382852085759,96314.19828964729,1.175722660747037,338.65440609521676
43.45,424.45072522542205,2.4609815151366154,-1.0613746954100365,-14.07270482179873,0.0,0.0,0.0,0.0,14.325640204311222,285.39107028603473,96328.77688030049,1.175866762350343,338.6592821935474
43.5,422.918194921821,8.448059040566765,-7.989156042119588,-9.4443897630363,0.0,0.0,0.0,0.0,14.979746787392056,285.40103173300815,96346.4502807728,1.1760414489363185,338.6651925169518
43.55,422.11947500868365,2.6514057036911627,-3.8130142255857606,-10.239414203686618,0.0,0.0,0.0,0.0,11.243426209334265,285.4062234124435,96355.66229558206,1.1761324994786473,338.66827280210157
43.6,421.1458015286365,3.6247532795703474,1.6278136054302104,-18.058190372691502,0.0,0.0,0.0,0.0,18.490182611541396,285.41255229006384,96366.89309733141,1.17624350124896,338.67202776256556
43.65,419.1602951787678,9.97393891509569,-9.176848723707396,-12.583118856136275,0.0,0.0,0.0,0.0,18.494023092002525,285.425458081338,96389.79813349358,1.176469879912565,338.6796847157315
43.7,419.1003125709323,5.074211233328976,-6.260174879547792,-4.761626061313516,0.0,0.0,0.0,0.0,9.360047644683398,285.4258479682889,96390.49016854865,1.1764767193831993,338.6799160313706
43.75,418.89415142913145,4.387317851398095,-5.775943780526636,-9.997658903389262,0.0,0.0,0.0,0.0,12.351650417394403,285.4271880157106,96392.86873430897,1.1765002269804679,338.68071106556044
43.8,418.57203742975287,4.138098668933139,-7.7549494394685485,-4.3016659629798095,0.0,0.0,0.0,0.0,9.786083560832637,285.4292817567066,96396.58519094797,1.1765369568627684,338.6819532534435
43.85,418.4022470725499,10.221008981966438,-3.3035192544998973,2.820694900635004,0.0,0.0,0.0,0.0,11.105790552534227,285.4303853940284,96398.54422887728,1.1765563180006844,338.68260802453113
43.9,418.57677200299275,11.968308012781522,-14.470420564751386,12.73524124469297,0.0,0.0,0.0,0.0,22.689641636000317,285.42925098198054,96396.53056399358,1.1765364169844519,338.6819349952526
43.95,419.051233003782,6.8312570902780925,-12.437594846881835,6.720558945038814,0.0,0.0,0.0,0.0,15.70113854286999,285.4261669854754,96391.05641536073,1.1764823156656496,338.6801053006406
44.0,418.3128179517926,5.635822543614256,-6.188283621654375,0.9988908479646037,0.0,0.0,0.0,0.0,8.429420671154922,285.43096668331333,96399.57607334228,1.1765665156715568,338.682952894035
44.05,416.7652992047506,9.504693587750419,-13.636884312723575,9.111042111432898,0.0,0.0,0.0,0.0,18.955603454175073,285.4410255551691,96417.43295610926,1.1767429911243472,338.6889206039309
44.1,415.3911284729534,7.615752072365185,-5.694244980002542,6.595903953916798,0.0,0.0,0.0,0.0,11.572815322526926,285.44995766492576,96433.29181407137,1.1768997153452625,338.69421974223843
44.15,412.4795761396467,7.523668116118908,-4.122883972220508,5.765594719713701,0.0,0.0,0.0,0.0,10.336625979587707,285.4688827550923,96466.90007230025,1.177231830752803,338.70544712594887
44.2,409.9812843433223,4.707552657825855,5.486621592758716,6.683565699149819,0.0,0.0,0.0,0.0,9.8455126318126,285.4851216517684,96495.74559445764,1.177516863445302,338.7150806182036
44.25,407.91932241504463,7.728068587444573,-6.803885798494974,4.673848721535507,0.0,0.0,0.0,0.0,11.307553578162176,285.4985244043022,96519.55846990205,1.1777521545802678,338.7230314022903
44.3,407.7084031911568,9.725678011012077,0.7524337843252391,4.299548520564988,0.0,0.0,0.0,0.0,10.660257354040304,285.49989537925745,96521.99457031535,1.1777762246679944,338.72384468186203
44.35,409.0276034444881,8.812758247230608,1.8688546623717586,6.391469025466553,0.0,0.0,0.0,0.0,11.045732296986838,285.4913205776108,96506.75872944325,1.1776256838072559,338.71875796968266
44.4,408.96301957200365,12.13303980872495,-2.601516164023927,6.783291499871906,0.0,0.0,0.0,0.0,14.141838102736736,285.491740372782,96507.50458269159,1.1776330534690034,338.71900700080283
44.45,409.7083312648656,6.28232027359007,7.700024048209915,5.0867993324048,0.0,0.0,0.0,0.0,11.163935050470588,285.48689584677834,96498.89756065393,1.177548008143055,338.71613311731227
44.5,409.58056362601667,8.569177886760238,1.3010243657605856,7.904968667993597,0.0,0.0,0.0,0.0,11.73081428108057,285.48772633643085,96500.37300507723,1.1775625869989588,338.71662578447706
44.55,409.2091806971323,6.010740489169428,2.758793418406735,4.369504723648857,0.0,0.0,0.0,0.0,7.926696277994681,285.49014032546864,96504.6617915651,1.1776049642270876,338.71805781888287
44.6,407.501479452028,14.824207071756682,0.40302292188296573,6.645712496225519,0.0,0.0,0.0,0.0,16.250693442569517,285.5012403835618,96524.38457157611,1.177799839156982,338.72464255341976
44.65,405.9715167415613,6.537858258794281,-0.7214345801904458,4.6488514137311965,0.0,0.0,0.0,0.0,8.054556346101858,285.51118514117985,96542.05736509134,1.1779744523436981,338.7305418362595
44.7,404.78443914572966,5.318771679754215,-0.9477753045782364,5.823231005546596,0.0,0.0,0.0,0.0,7.943401636155826,285.5189011455527,96555.7712541382,1.1781099460225128,338.73511894009937
44.75,402.70501957023134,5.261177813090585,2.2083312844388656,9.412560390223275,0.0,0.0,0.0,0.0,11.006952899980456,285.5324173727935,96579.79785729744,1.17834732083269,338.74313656457235
44.8,400.5486638790974,3.315205008119044,-1.7116877083985407,5.186038973886136,0.0,0.0,0.0,0.0,6.388697777763963,285.5464336847858,96604.7185298838,1.1785935168799822,338.7514506314399
44.85,399.0439673241726,10.126909413911404,-2.62993494439733,7.317462787496724,0.0,0.0,0.0,0.0,12.767776381803095,285.55621421239283,96622.11116174023,1.178765334826644,338.7572520338632
44.9,397.4264044586318,7.362536853803721,1.9933785778479642,12.436077885671427,0.0,0.0,0.0,0.0,14.588918405993196,285.5667283710189,96640.81123151987,1.1789500620976547,338.7634884849035
44.95,397.0514600215464,10.908604775456078,-1.6859560434764163,4.136107715871565,0.0,0.0,0.0,0.0,11.787599117926012,285.56916550985994,96645.14624933845,1.1789928842829174,338.7649340522827
45.0,398.6048439609077,10.676879335268724,-8.66958554118702,2.933820170489799,0.0,0.0,0.0,0.0,14.06288614007168,285.5590685142541,96627.18742121181,1.1788154809569709,338.75894506835283
45.05,401.69395969514625,3.8335109764195545,-6.421903432278729,-2.615842126408971,0.0,0.0,0.0,0.0,7.923337688760863,285.5389892619815,96591.48187322746,1.1784627509451182,338.74703484268684
45.1,402.05904189358233,9.954962477708301,-5.887749295855968,-2.8569793184678263,0.0,0.0,0.0,0.0,11.913404237647,285.5366162276917,96587.2627762102,1.1784210694491961,338.74562722406097
45.15,400.59960676174035,0.6853808444719806,1.5998834862210023,0.9972693741857995,0.0,0.0,0.0,0.0,2.005971155361096,285.54610255604865,96604.12973074253,1.1785877001610663,338.75125421789846
45.2,397.76795013063037,11.132186148534338,-7.791698959619111,-11.603048165045415,0.0,0.0,0.0,0.0,17.868040403002034,285.5645083241509,96636.86249926698,1.1789110554014879,338.7621716783421
45.25,395.7848271014348,5.1717406193830895,-2.043608105619344,-9.078546358429927,0.0,0.0,0.0,0.0,10.646278180927425,285.5773986238407,96659.79192037314,1.1791375544890763,338.7698174055104
45.3,395.2192402090806,2.36620708397736,5.397944590763844,-8.352779105876452,0.0,0.0,0.0,0.0,10.222801013459447,285.58107493864094,96666.33220095291,1.1792021581530892,338.77199793606263
45.35,396.70119647432625,0.8152778264940724,5.788889644555247,-6.312257666678305,0.0,0.0,0.0,0.0,8.603517774826232,285.57144222291686,96649.1960548683,1.1790328887531683,338.76628445895204
45.4,396.07622996400346,0.8217364997839101,9.878951192505303,-4.5172668341688285,0.0,0.0,0.0,0.0,10.89378846820796,285.57550450523394,96656.4223631885,1.179104270311026,338.7686939425164
45.45,394.52811122987157,4.884007319650157,11.12223885640978,1.7936064930326667,0.0,0.0,0.0,0.0,12.279036970759424,285.5855672770058,96674.32469979339,1.1792811054274148,338.774662455164
45.5,393.08269677811575,7.63466932056776,7.056347907939452,6.176423278895174,0.0,0.0,0.0,0.0,12.092494612460172,285.5949624709422,96691.0417948388,1.1794462273781339,338.7802349137233
45.55,393.2594548616933,7.417392596583964,6.660146398292656,7.259971958703929,0.0,0.0,0.0,0.0,12.332171577614243,285.593813543399,96688.99735475352,1.179426033854049,338.77955346904537
45.6,392.28620725695566,4.7766793450169915,2.894838548223404,6.732653850090822,0.0,0.0,0.0,0.0,8.747878808633262,285.60013965282974,96700.25467963716,1.179537224689305,338.7833055542771
45.65,389.32764050775774,4.025602332005077,-0.7130160675207484,7.3979438717056025,0.0,0.0,0.0,0.0,8.452422113033279,285.61937033669955,96734.48223856218,1.179875281965509,338.7947112296906
45.7,387.9484280066792,8.121109125201661,-0.08591136788949072,-0.945825554347484,0.0,0.0,0.0,0.0,8.176452786252916,285.6283352179566,96750.44165365653,1.1800329014474669,338.80002814940883
45.75,387.8454858900232,5.145435910303571,-4.5607414320595785,-3.378850693169059,0.0,0.0,0.0,0.0,7.661103388146868,285.62900434171485,96751.63292323344,1.1800446665482498,338.8004249920666
45.8,387.32862588423774,4.406772092295533,-4.492644033459244,-4.577518597929416,0.0,0.0,0.0,0.0,7.781848572106847,285.6323639317524,96757.61432424893,1.1801037390628577,338.80241748437004
45.85,386.1023901802613,4.356674410080819,3.7670237993622715,-11.179800031428975,0.0,0.0,0.0,0.0,12.576128536364207,285.64033446382825,96771.80622639015,1.1802438959787889,338.8071445689696
45.9,385.0228058734949,5.27870337610093,1.6140841519333096,-10.677074230725443,0.0,0.0,0.0,0.0,12.019562850237232,285.6473517618223,96784.30224620855,1.1803673013992493,338.8113062643033
45.95,384.70045849080446,3.084825620813156,6.5144613274487115,-8.13401549383688,0.0,0.0,0.0,0.0,10.868144439214475,285.64944701980977,96788.03362013813,1.1804041502863838,338.81254887304715
46.0,384.0769765586825,2.090521090372124,9.268924141025002,-4.290503158663121,0.0,0.0,0.0,0.0,10.425528788309249,285.65349965236857,96795.25114664415,1.1804754256296222,338.8149523047903
46.05,383.48271002636733,5.263694429172389,11.552019812750848,-1.6034877821962565,0.0,0.0,0.0,0.0,12.795577902757705,285.6573623848286,96802.13087666512,1.180543364185093,338.817243099567
46.1,382.62184357551945,7.521569303214816,9.242463233557483,0.08047862088204999,0.0,0.0,0.0,0.0,11.91652668419554,285.6629580167591,96812.09769416694,1.1806417866481143,338.8205615634845
46.15,381.28090439800945,4.752878353605157,8.386908817346658,-1.3928675043120733,0.0,0.0,0.0,0.0,9.740132033972852,285.67167412141293,96827.62428481886,1.1807951081084265,338.8257305447333
46.2,381.89764363786094,3.6853750688133626,8.234905268105106,1.1588431344869083,0.0,0.0,0.0,0.0,9.096074515022607,285.66766531635386,96820.4828770232,1.1807245889535471,338.82335318080294
46.25,381.3205648150578,7.308203270778925,2.6562620736381026,5.212745079915024,0.0,0.0,0.0,0.0,9.361531633181093,285.6714163287021,96827.16503217665,1.1807905731628654,338.82557766499195
46.3,379.1606052324029,5.877737358682486,-2.294913540457026,8.340391196175524,0.0,0.0,0.0,0.0,10.45832443181349,285.68545606598934,96852.17911577712,1.1810375717876211,338.8339036006272
46.35,379.03675017564103,7.387238453566535,-4.154805194688614,7.366822632327219,0.0,0.0,0.0,0.0,11.229593664591436,285.6862611238583,96853.61361638417,1.1810517362270414,338.83438101503947
46.4,377.8404530960608,6.797050028085999,-10.384519526179474,4.8850060635242825,0.0,0.0,0.0,0.0,13.337969077583574,285.6940370548756,96867.47012431937,1.1811885550744117,338.8389922533162
46.45,377.2128653301446,4.329122966461485,-12.826859195945328,-2.609873727260741,0.0,0.0,0.0,0.0,13.78698891577118,285.69811637535406,96874.74000981593,1.181260336270784,338.8414113235918
46.5,378.3024293687838,7.07593073062632,-4.667368145394596,-1.7476832220916816,0.0,0.0,0.0,0.0,8.654912925850086,285.6910342091029,96862.11894058494,1.1811357180480713,338.83721153027477
46.55,377.66547508880217,5.1755381616196665,-2.956915752520397,-7.438259759931939,0.0,0.0,0.0,0.0,9.531907169402537,285.6951744119228,96869.49699971711,1.1812085680842628,338.8396667170469
46.6,375.59639278456797,4.3355677148274765,3.551034147393529,-5.933873524979414,0.0,0.0,0.0,0.0,8.161975614779847,285.7086234469003,96893.46702738848,1.1814452378639708,338.84764202308656
46.65,372.6102525260096,5.732668566422012,1.673839745991347,-4.186106906598771,0.0,0.0,0.0,0.0,7.293059674867422,285.7280333585809,96928.06950994737,1.1817868683002803,338.8591518106201
46.7,370.80675738980005,2.942389676763727,-3.3800172127206736,-6.553026204432077,0.0,0.0,0.0,0.0,7.938786166926733,285.7397560769663,96948.97270760062,1.1819932344038944,338.86610301806587
46.75,371.37639663593336,4.015783165776266,0.16436353863684894,-6.00834062715434,0.0,0.0,0.0,0.0,7.22867117105756,285.7360534218664,96942.3699767574,1.1819280500843414,338.86390747414436
46.8,371.6029208210847,1.0598158885501239,5.32974307863592,-6.517176117618529,0.0,0.0,0.0,0.0,8.485455529902216,285.7345810146629,96939.74441928155,1.181902129487028,338.8630343846354
46.85,369.67134310501444,2.2696592139582843,12.152632079613193,-3.6264224391005935,0.0,0.0,0.0,0.0,12.883662488468165,285.74713626981736,96962.13446525019,1.1821231690625569,338.8704791697729
46.9,368.6439110905172,1.221356952356182,12.605354573243767,-0.38678399947366077,0.0,0.0,0.0,0.0,12.670291179941966,285.7538145779116,96974.04573604271,1.1822407558525563,338.8744390838963
46.95,368.3492391140371,6.596311625296711,12.64540408069455,2.7465480742003856,0.0,0.0,0.0,0.0,14.524499913799605,285.75572994575873,96977.46215901228,1.182274481907202,338.87557479597444
47.0,369.1004763337492,5.694198707554664,8.653002720057108,4.658643981768293,0.0,0.0,0.0,0.0,11.357874745888811,285.7508469038306,96968.75251717759,1.1821885021018976,338.87267940222387
47.05,370.42375555066747,5.047158908347999,4.69430292895016,9.242895362299187,0.0,0.0,0.0,0.0,11.53002201703355,285.74224558892064,96953.41231511172,1.1820370631871542,338.8675792028791
47.1,370.2083262600601,8.199510610033427,0.10995940902830403,7.81265267282336,0.0,0.0,0.0,0.0,11.326147054575026,285.7436458793096,96955.90955952399,1.1820617163662568,338.86840951838246
47.15,369.31075548568566,7.2975759543004575,-2.3708183513654966,4.686033930755452,0.0,0.0,0.0,0.0,8.990790202431988,285.749480089343,96966.31471083287,1.1821644363123893,338.8718689468105
47.2,366.9439797172364,5.314907927410666,-1.1990785260603234,5.939703349926673,0.0,0.0,0.0,0.0,8.060155797107267,285.76486413183795,96993.75605840744,1.1824353280090358,338.8809908340415
47.25,364.6285783626122,6.7311418350628776,-1.388975483010975,3.6497552560362454,0.0,0.0,0.0,0.0,7.781917291073159,285.779914240643,97020.60783514591,1.1827003855471347,338.88991447944744
47.3,364.153603569657,3.143477002871618,-0.5553084654600371,6.851869335359532,0.0,0.0,0.0,0.0,7.558963457262814,285.78300157679723,97026.1168755809,1.182754764308482,338.8917450214264
47.35,364.4145075248733,5.256624077254015,12.384883085153579,4.483622816428706,0.0,0.0,0.0,0.0,14.181688872715053,285.7813057010883,97023.09072481995,1.1827248937835941,338.89073950477956
47.4,364.4820572601314,5.499778262807248,7.357813829801474,7.903085750901941,0.0,0.0,0.0,0.0,12.117910285200756,285.78086662780913,97022.3072471108,1.1827171602039823,338.8904791694769
47.45,364.97338266870963,3.2394559125912465,9.56866194737003,5.621899368112197,0.0,0.0,0.0,0.0,11.561103692029144,285.77767301265334,97016.60874819374,1.1826609109008777,338.88858560535056
47.5,363.5589627776043,3.908935906463863,8.09211359970492,6.200771898535457,0.0,0.0,0.0,0.0,10.918408976084327,285.7868667419456,97033.01423057874,1.1828228460485737,338.89403673948834
47.55,362.27569192105244,2.028396745158463,5.806447921552039,7.808675655299008,0.0,0.0,0.0,0.0,9.940052631204969,285.79520800251316,97047.90049348713,1.1829697807849995,338.8989823531047
47.6,359.703908811429,4.30402268790211,3.9817238932507144,6.227218450677474,0.0,0.0,0.0,0.0,8.553185727699223,285.8119245927257,97077.73938749226,1.1832642924330747,338.90889356297316
47.65,356.95294967928777,4.969675555663126,0.004598979565565098,5.807851374403272,0.0,0.0,0.0,0.0,7.643875578940739,285.8298058270846,97109.66537884109,1.1835793847836082,338.9194949655899
47.7,353.64835278201,4.720460310616205,-1.521027370902912,4.822518101822832,0.0,0.0,0.0,0.0,6.917582717217594,285.85128570691694,97148.02779998972,1.1839579751633778,338.9322294899656
47.75,351.2158064213298,9.42914339574765,-11.484432812037896,-8.472946673811993,0.0,0.0,0.0,0.0,17.105314014336187,285.8670972582613,97176.2745969401,1.1842367184683509,338.9416031932012
47.8,352.48056228986434,0.7123431599083756,-7.3273877284672695,-5.711003502688506,0.0,0.0,0.0,0.0,9.317381859110496,285.85887634511585,97161.58738626156,1.1840917849631214,338.9367295481735
47.85,354.32862879628277,2.6546980269522624,-2.8174739846979473,-6.8474722386638165,0.0,0.0,0.0,0.0,7.865968301997258,285.8468639128241,97140.12960546765,1.183880031927296,338.92960803188413
47.9,356.1789074681778,8.58207677094223,-2.9524838704696212,-4.131511100986801,0.0,0.0,0.0,0.0,9.971889825168882,285.8348371014568,97118.64998366607,1.1836680544433265,338.92247784111703
47.95,356.0314349739847,4.0770721079103565,-0.48482279038956855,1.8234951196902585,0.0,0.0,0.0,0.0,4.492516506671502,285.83579567266906,97120.361829803,1.183684948589147,338.923046143185
48.0,355.7894782912449,7.534640375859367,-13.038163768491772,-3.2088056057718295,0.0,0.0,0.0,0.0,15.396783867521636,285.8373683911069,97123.17049199014,1.1837126670490155,338.9239785487804
48.05,354.85983878799556,5.991225481715254,-7.731531903948508,-3.7411378046537362,0.0,0.0,0.0,0.0,10.47222423499121,285.843411047878,97133.96247064318,1.1838191707943646,338.92756098879113
48.1,354.95829192268553,8.554965491910709,-9.78229330392177,-0.6061310054641621,0.0,0.0,0.0,0.0,13.009538487107093,285.8427711025025,97132.81950408508,1.1838078912067407,338.9271815935728
48.15,352.84779187258033,3.640945985787228,-6.741868991042611,-0.09056347187524955,0.0,0.0,0.0,0.0,7.662733644479634,285.8564893528282,97157.32320177522,1.1840497051778354,338.9353144424775
48.2,350.01035873911985,8.471904786715802,-1.1446875532293852,2.182915043027916,0.0,0.0,0.0,0.0,8.823185274875167,285.8749326681957,97190.27475359372,1.1843748682395168,338.9462482332085
48.25,345.22387385956785,6.538867156898373,3.0231795990185093,-5.65087783350473,0.0,0.0,0.0,0.0,9.155807931181226,285.9060448199128,97245.88145436069,1.1849235427922895,338.9646917184419
48.3,342.2749449601836,1.5649524744010819,3.763504521078681,-9.666976691570708,0.0,0.0,0.0,0.0,10.491114377542793,285.92521285775877,97280.15328195803,1.1852616751764407,338.97605415596473
48.35,341.92719419325334,1.8399321136989604,5.710897330912911,-8.510643983817383,0.0,0.0,0.0,0.0,10.413009148489976,285.9274732377438,97284.19541235905,1.185301554111161,338.97739403985645
48.4,342.9331654222206,-0.20101969979158074,4.827176394893944,-7.455003669398003,0.0,0.0,0.0,0.0,8.883643429239115,285.92093442475556,97272.50273530434,1.1851861953900578,338.97351801767127
48.45,344.5068462363209,2.3119795407179335,7.020174148050841,-9.458542073772398,0.0,0.0,0.0,0.0,12.003837412551967,285.9107054994639,97254.21369791846,1.185005752381318,338.9674545130691
48.5,346.5836877540273,1.6587057440136546,6.875389100266415,-5.377762549697852,0.0,0.0,0.0,0.0,8.884965394767661,285.8972060295988,97230.08127897014,1.1847676476144784,338.95945212829645
48.55,347.25631703217067,-1.903450944424066,6.2384000730715705,-3.1176541994890847,0.0,0.0,0.0,0.0,7.229144394540765,285.8928339392909,97222.26652163996,1.1846905401709598,338.95686034535845
48.6,346.0293005729866,3.8356676849437825,11.438808439487318,-5.4441775695754355,0.0,0.0,0.0,0.0,13.236228862998576,285.9008095462756,97236.52265555176,1.1848312031584525,338.96158828451604
48.65,344.348073706612,5.4177498492439895,8.754572720842628,-5.67226071495971,0.0,0.0,0.0,0.0,11.754535234197071,285.911737520907,97256.05879760218,1.185023956767159,338.96806627988855
48.7,341.57938707458237,6.489898983302741,6.812282878308251,-4.680412622405791,0.0,0.0,0.0,0.0,10.508674947087343,285.9297339840152,97288.23833380533,1.185341440534846,338.97873413557403
48.75,337.3308882549244,3.6370225536853633,5.167024638772795,-3.677818537423294,0.0,0.0,0.0,0.0,7.311116595152587,285.95734922634296,97337.63400623287,1.18582874008139,338.99510311152056
48.8,333.83308713409343,2.1661651156620128,4.15732313755352,-3.978685356445127,0.0,0.0,0.0,0.0,6.148621320583969,285.98008493362835,97378.31684391432,1.1862300501984742,339.00857914258927
48.85,334.2703990173509,3.5091802494857856,10.519624860727685,-2.4620348847154947,0.0,0.0,0.0,0.0,11.359510068985243,285.9772424063872,97373.22972733676,1.1861798707994058,339.0068943338097
48.9,337.6686923405802,5.667523153365092,10.097964722058048,4.236715439160928,0.0,0.0,0.0,0.0,12.330428538144279,285.9551534997862,97333.70574420314,1.1857899886050922,338.99380162026426
48.95,339.1280011697586,7.324959573295552,3.992934169615915,10.258891929064472,0.0,0.0,0.0,0.0,13.222837049798528,285.9456679923965,97316.73718338757,1.1856225939130183,338.98817913919123
49.0,338.8828209341856,7.689888163847972,3.2992704535312014,11.034540558747791,0.0,0.0,0.0,0.0,13.848489117614351,285.94726166392775,97319.58792431686,1.185650716833428,338.9891237855319
49.05,337.5190988506922,6.013098724112945,2.4153791258816253,9.378117596278804,0.0,0.0,0.0,0.0,11.399144802892344,285.95612585747045,97335.44532374461,1.1858071492270312,338.99437797453464
49.1,335.6168065963823,9.208868671377513,-0.20769796923743722,9.883657625225771,0.0,0.0,0.0,0.0,13.510480698546115,285.9684907571235,97357.56872727406,1.1860253873134636,339.00170704668324
49.15,335.2295916652584,5.032242085807638,-3.0286535665588854,12.291452204454226,0.0,0.0,0.0,0.0,13.622628238735215,285.9710076541758,97362.07248365338,1.1860698138230845,339.00319887278886
49.2,333.7189261075321,5.980583799869768,5.006015141661029,9.490558391074625,0.0,0.0,0.0,0.0,12.284065644573916,285.980826980301,97379.64487995302,1.1862431498850459,339.0090189634688
49.25,330.937101168017,9.708706736407267,3.6047460706050836,-0.40435520602413705,0.0,0.0,0.0,0.0,10.364202036806377,285.99890884240784,97412.01040242342,1.1865623914072014,339.01973614599257
49.3,328.35397350154807,5.390787516147966,-0.39565632260231626,0.2154542069279306,0.0,0.0,0.0,0.0,5.409579880651998,286.0156991722399,97442.07195323549,1.1868588893298433,339.0296875294965
49.35,327.5197873207329,8.066989413357089,3.1891983192468683,2.6334239187804505,0.0,0.0,0.0,0.0,9.065441282734524,286.02112138241523,97451.78152941722,1.1869546514347253,339.0329011319568
49.4,328.55908102368636,6.565263014504346,6.80499006121215,3.789652004441377,0.0,0.0,0.0,0.0,10.186855770922714,286.014365973346,97439.6847079588,1.186835344498632,339.02889737264076
49.45,329.2577202205712,4.671942763698212,10.400087540250885,8.42893292862415,0.0,0.0,0.0,0.0,14.17870869816424,286.00982481856624,97431.55360572555,1.1867551485516394,339.0262059190074
49.5,330.06212290477276,3.5720967756705746,11.371483411546462,9.995513853969312,0.0,0.0,0.0,0.0,15.555732305446918,286.00459620111894,97422.19225715911,1.1866628172767113,339.0231069932309
49.55,328.92089566600185,6.237866474312812,8.176414024912436,6.554499968672642,0.0,0.0,0.0,0.0,12.195334939946102,286.01201417817094,97435.47366486095,1.186793811716624,339.0275035122985
49.6,326.64097960172404,4.044988894873345,10.591968632927848,4.960919013633946,0.0,0.0,0.0,0.0,12.375881873240829,286.02683363258876,97462.01132892312,1.187055542353875,339.0362866006063
49.65,324.30290911104356,10.294312814797884,14.265722039885022,-1.8977769510229783,0.0,0.0,0.0,0.0,17.694215410806077,286.0420310907782,97489.2319744368,1.1873239948843124,339.04529348517883
49.7,322.55050851832624,10.088114798752333,3.8914496337087376,-3.329082572820024,0.0,0.0,0.0,0.0,11.313541939691198,286.05342169463086,97509.63807925773,1.1875252324296168,339.0520440528582
49.75,321.66605633178636,4.177905321717847,6.713091914197313,-3.6772139581534424,0.0,0.0,0.0,0.0,8.720229264172941,286.0591706338434,97519.93853534762,1.1876268087186295,339.05545107345296
49.8,319.2984950231833,9.140353988894722,1.4971896752913283,-2.888499737160338,0.0,0.0,0.0,0.0,9.702117227578626,286.0745597823493,97547.51582746378,1.1878987476963379,339.0645710476586
49.85,318.88078841502596,9.157865426462548,-8.163434135541946,-2.735586839100647,0.0,0.0,0.0,0.0,12.569470609726975,286.0772748753023,97552.38191835988,1.18794673057687,339.06618005064695
49.9,317.4686557986289,5.068844930785768,-1.4904963125063062,-4.01524534613477,0.0,0.0,0.0,0.0,6.636035215368014,286.0864537373089,97568.83407282791,1.1881089563487985,339.0716195192578
49.95,314.64288385087394,8.356060442523551,-3.624175371357362,-8.477585449770647,0.0,0.0,0.0,0.0,12.442983898551953,286.1048212549693,97601.76268208711,1.1884336318734374,339.08250399826665
50.0,313.64445956780105,1.4410448732131491,-0.4168722487137273,-5.401645725426296,0.0,0.0,0.0,0.0,5.606083244242607,286.11131101280927,97613.39943216786,1.18854836504624,339.08634970567255
50.05,315.0809168377162,3.7745497070927803,-6.961043155768097,2.7781237841386317,0.0,0.0,0.0,0.0,8.391741122542854,286.1019740405548,97596.65771167603,1.1883832983176228,339.08081677924184
50.1,316.1595754891597,8.562840401810144,-15.35867706428348,-3.9948661672590755,0.0,0.0,0.0,0.0,18.032474944003962,286.0949627593204,97584.08761556067,1.188259358610972,339.07666195727495
50.15,316.5185376065469,7.004510438521881,-5.312252627026659,-0.9926640886404191,0.0,0.0,0.0,0.0,8.846952947178478,286.0926295055574,97579.90475872709,1.1882181154485725,339.0752792808676
50.2,317.5882012431792,5.249457539172752,-9.138555595984517,-4.452992369039475,0.0,0.0,0.0,0.0,11.441116373641227,286.08567669191933,97567.44121282801,1.1880952223134664,339.0711590391929
50.25,317.8183792777228,9.420679867977006,1.1739001327583019,4.870069746047335,0.0,0.0,0.0,0.0,10.66980927795632,286.0841805346948,97564.75938452866,1.18806877854241,339.0702724089474
50.3,316.07866766427907,10.467424755467642,-5.344025619266399,2.9402120588451193,0.0,0.0,0.0,0.0,12.114884967746525,286.0954886601822,97585.03042548113,1.1882686547140686,339.0769736031443
50.35,312.05509468662035,6.109080380078169,-0.5924204262338917,3.2661661721996973,0.0,0.0,0.0,0.0,6.95267333592603,286.1216418845369,97631.92598062637,1.188731023192957,339.0924714943386
50.4,309.75929204832954,8.378942797443859,3.07016947165348,3.5594105032260934,0.0,0.0,0.0,0.0,9.607394345918438,286.13656460168585,97658.69219938686,1.1889949067851615,339.10131408839965
50.45,308.1573613840336,7.163237171545831,3.877618769703017,7.607871776825834,0.0,0.0,0.0,0.0,11.14574389942601,286.14697715100374,97677.37224855837,1.1891790620556109,339.1074840042223
50.5,306.87578198384796,10.345991726369148,-2.625630873523111,5.942997755695237,0.0,0.0,0.0,0.0,12.216902414699694,286.15530741710495,97692.31877764802,1.1893264059912974,339.11241999035065
50.55,304.95896212165366,9.379937364191603,-4.873858513700971,4.131439373518839,0.0,0.0,0.0,0.0,11.349295707875221,286.1677667462092,97714.67730917851,1.189546809962183,339.1198024626387
50.6,303.5210799421321,7.695082839382344,-5.363254251983195,7.15437737837708,0.0,0.0,0.0,0.0,11.796775480978104,286.17711298037614,97731.45204528472,1.1897121641843578,339.1253402407785
50.65,304.6917365690779,4.361900899010301,-5.3387623415311305,4.878405609219899,0.0,0.0,0.0,0.0,8.445555285486325,286.169503712301,97717.79466090212,1.189577539156345,339.1208316468665
50.7,305.9671485035913,10.92520778392549,-7.134861727409747,1.799711034873381,0.0,0.0,0.0,0.0,13.172143971284536,286.16121353472664,97702.91691506813,1.1894308805770109,339.115919536669
50.75,306.83141646673863,8.150533464195215,-10.537682062771635,-5.19129458491649,0.0,0.0,0.0,0.0,14.297673883342297,286.15559579296615,97692.83622743939,1.189331506970941,339.11259086226704
50.8,307.8321907182676,4.301825485085187,-7.6682439623397665,-0.7306106308706559,0.0,0.0,0.0,0.0,8.82278073308126,286.14909076033126,97681.16440387012,1.1892164457956522,339.1087364015477
50.85,307.90638782711227,7.315481365976353,-4.71933020877563,-0.7877018182505754,0.0,0.0,0.0,0.0,8.741213839615453,286.14860847912377,97680.29910326509,1.189207915533042,339.1084506312184
50.9,306.9142940314355,7.2391900950491825,-2.1317981744402936,1.1441122455668709,0.0,0.0,0.0,0.0,7.632786484584855,286.1550570887957,97691.86960061928,1.18932197803505,339.11227166275523
50.95,306.238475136719,6.996727510802178,-9.391935354085414,-0.9420436467828835,0.0,0.0,0.0,0.0,11.749471979122276,286.1594499116113,97699.7521125511,1.1893996827329412,339.1148745425055
51.0,305.36013898522697,5.25296231926768,-5.456272615020265,-0.773477589321548,0.0,0.0,0.0,0.0,7.613329860071008,286.165159096596,97709.99748356914,1.189500678381857,339.1182573766105
51.05,303.8780503005406,10.67521029311514,-3.7681306683091345,0.3582829925908928,0.0,0.0,0.0,0.0,11.326397937493772,286.17479267304645,97727.2873115586,1.1896711115056122,339.1239654337587
51.1,301.4576850974179,7.175944157218392,-9.37714374813986,-1.2997464464680448,0.0,0.0,0.0,0.0,11.87915570425363,286.19052504686675,97755.52826128576,1.1899494821157957,339.13328692504416
51.15,299.31455218979943,6.355532235132538,-7.18304519827347,-0.8698081208231121,0.0,0.0,0.0,0.0,9.630446224308518,286.2044554107663,97780.53996576178,1.1901960093286654,339.1415405047348
51.2,296.86349731947945,8.036473656186171,-6.489865694152003,-4.1276604051118895,0.0,0.0,0.0,0.0,11.12388628019155,286.22038726742335,97809.15166449967,1.1904780050791317,339.1509796995424
51.25,295.4047821080806,7.268903432512103,-1.1084591138779594,-8.143845380050456,0.0,0.0,0.0,0.0,10.972140005144599,286.22986891629745,97826.18278329168,1.190645855648201,339.1565971957386
51.3,293.9788141679102,7.514769938109199,-1.708038740085334,-14.14171566027776,0.0,0.0,0.0,0.0,16.105194360096597,286.2391377079086,97842.83388479624,1.1908099555734206,339.1620884926221
51.35,293.32926787954847,0.020110430557738396,0.7679708157798348,-10.470698743872482,0.0,0.0,0.0,0.0,10.498843545278667,286.2433597587829,97850.41943119887,1.1908847108839509,339.16458981777873
51.4,291.6560015211696,6.211067531915512,-5.375433800638449,-9.115124324713701,0.0,0.0,0.0,0.0,12.270213522431009,286.25423599011236,97869.96240229362,1.1910773011425764,339.1710332816564
51.45,290.57465992698155,7.705916581018493,-9.695600960629706,-3.200110032272041,0.0,0.0,0.0,0.0,12.791658710270049,286.2612647104746,97882.59364919779,1.191201774489925,339.1751972789261
51.5,291.6238443452284,8.60254602812454,-3.8123954534574973,-2.1039009278667047,0.0,0.0,0.0,0.0,9.641812919457786,286.254445011756,97870.3380140703,1.1910810026149992,339.1711571122674
51.55,293.2118606903579,3.5594637933020024,-6.0160453509014,-2.451259682949651,0.0,0.0,0.0,0.0,7.407513630982034,286.24412290551265,97851.79058935064,1.1908982234848118,339.1650419368694
51.6,293.56065239858964,6.996140476988626,-12.153204332588475,8.001240400485726,0.0,0.0,0.0,0.0,16.14516042254678,286.24185575940913,97847.71721658613,1.1908580807741735,339.1636987857541
51.65,291.85902339020464,6.676271794355671,-4.6163142791045395,11.94756144481485,0.0,0.0,0.0,0.0,14.443932534915824,286.25291634796366,97867.59103303844,1.1910539323829035,339.1702514855278
51.7,290.54070558713505,6.218006963143456,-0.09748727866115664,5.2564791662382575,0.0,0.0,0.0,0.0,8.142707632495355,286.2614854136836,97882.9902942223,1.191205683138781,339.1753280284358
51.75,287.94076033601715,9.158650194557858,-5.139624202680754,6.907604990684166,0.0,0.0,0.0,0.0,12.570267182458027,286.27838505781585,97913.36598715327,1.1915050045968056,339.1853396053321
51.8,285.3799733119348,9.68217811511676,-1.7091605851432738,8.645260390495997,0.0,0.0,0.0,0.0,13.092224034828162,286.2950301734724,97943.29164738342,1.1917998741655647,339.1952001072736
51.85,283.0081955774656,7.976642395386352,-1.9948111723130302,6.03672455854625,0.0,0.0,0.0,0.0,10.200398958512125,286.31044672874646,97971.01512860195,1.1920730294831308,339.2043325591248
51.9,283.01291862004945,9.217261171573131,-6.82354224726654,3.065682159965874,0.0,0.0,0.0,0.0,11.870848302086673,286.31041602896966,97970.95991509914,1.192072485487355,339.2043143734496
51.95,283.8648631081096,6.961814802954279,-7.432513944758653,3.7263532313847527,0.0,0.0,0.0,0.0,10.844115330201756,286.30487838979724,97961.00089147764,1.1919743623981336,339.2010340174508
52.0,283.4678963596658,7.513142021870952,-2.2430274240249637,7.47832874086694,0.0,0.0,0.0,0.0,10.835306909460742,286.30745867366215,97965.64123410905,1.1920200824529286,339.2025625156517
52.05,281.81753750467277,8.418788348419358,-4.8700823126032615,-3.320657176194713,0.0,0.0,0.0,0.0,10.277181669544726,286.3181860062196,97984.93501143837,1.1922101744626066,339.2089170560224
52.1,281.8618991321548,3.476722048920136,-3.84720038639692,8.021248659825726,0.0,0.0,0.0,0.0,9.55138613402767,286.317897655641,97984.41635468249,1.19220506448823,339.2087462476055
52.15,280.76335790953107,8.7559102338373,-0.3608547165712691,3.676737906422725,0.0,0.0,0.0,0.0,9.503398433298178,286.32503817358804,97997.26067253218,1.1923316093543195,339.2129760059598
52.2,281.3441810545591,9.487880486909505,4.77273488710778,0.9901490912863926,0.0,0.0,0.0,0.0,10.66673659839171,286.32126282314533,97990.46942654286,1.1922647009926457,339.2107396453382
52.25,280.87270637808757,4.764943814225747,4.373459630055426,13.280909067940526,0.0,0.0,0.0,0.0,14.772081246708522,286.3243274085424,97995.9820918337,1.1923190126552563,339.2125549794272
52.3,279.2648171104584,15.118185635845093,-27.512028873481572,6.187445873529422,0.0,0.0,0.0,0.0,31.99618346136009,286.334778688782,98014.78404708151,1.1925042481618837,339.2187458140555
52.35,278.4513986106167,7.414272575129532,-4.984474968009342,6.718402224422993,0.0,0.0,0.0,0.0,11.178253753344547,286.34006590903095,98024.29692056199,1.192597965729471,339.2218776654334
52.4,278.8045203726898,4.424217371029758,-6.807382670858594,2.507357171020687,0.0,0.0,0.0,0.0,8.49711704972317,286.3377706175775,98020.16709398625,1.1925572803067122,339.22051806765154
52.45,279.4839548662981,4.5516867257053715,-5.182983126027986,5.355964559497094,0.0,0.0,0.0,0.0,8.733127875866828,286.33335429336904,98012.22137390666,1.1924790012886104,339.2179020775233
52.5,281.14542679816947,9.99278335400331,-9.260358498865395,-16.39878886174866,0.0,0.0,0.0,0.0,21.319714698367005,286.32255472581187,97992.79330799454,1.1922875963163058,339.2115049164194
52.55,280.08285318675235,3.890090501457345,-8.67707567213381,-10.67654790635634,0.0,0.0,0.0,0.0,14.29731168878216,286.3294614542861,98005.21792529317,1.1924100042650736,339.21559615476696
52.6,278.25056437999655,1.3900609075031536,2.3099291788197576,-3.713410112480055,0.0,0.0,0.0,0.0,4.5888404636902065,286.34137133153,98026.64577817041,1.1926211056028264,339.2226509197196
52.65,275.5920992618818,1.8827002365678256,-5.35919955604479,-10.131981981956,0.0,0.0,0.0,0.0,11.615620471802798,286.35865135479776,98057.74216310961,1.1929274430557328,339.2328864068939
52.7,273.61936551104077,5.4564953256218045,-4.836248279211716,-5.141400766953436,0.0,0.0,0.0,0.0,8.92169493443596,286.37147412417823,98080.82262856749,1.1931548019398999,339.24048152642916
52.75,270.6067729853345,5.943015557614152,-5.4556049528186605,-9.411454372569724,0.0,0.0,0.0,0.0,12.395907902458179,286.3910559755953,98116.07765600116,1.1935020692088336,339.25207982400417
52.8,268.34590787105657,2.690551239784361,-4.802241859545402,-8.257866132846049,0.0,0.0,0.0,0.0,9.92436123483426,286.4057515988381,98142.54229208078,1.1937627342146495,339.2607837564269
52.85,267.65382845982043,4.262474477203068,-4.1473489599916205,-7.026858055085166,0.0,0.0,0.0,0.0,9.205755058172382,286.41025011501114,98150.64460735253,1.1938425357763662,339.2634480956054
52.9,267.61672908042357,3.281288393157818,-4.020784270841608,-6.546878549368022,0.0,0.0,0.0,0.0,8.354350867176613,286.4104912609772,98151.07895267293,1.1938468137076657,339.2635909186969
52.95,269.2115587330914,0.28788569448795376,-2.0402721796156524,-9.548184001313773,0.0,0.0,0.0,0.0,9.767978627277433,286.4001248682349,98132.4087026949,1.1936629244039638,339.2574511794805
53.0,270.24351963750934,3.7658302875289036,-0.1749153885721289,-8.453745674016082,0.0,0.0,0.0,0.0,9.256235145488418,286.39341712235614,98120.32934115539,1.193543947336254,339.25347830046087
53.05,270.9438760852068,7.120901516096002,1.848260649691736,-4.633350620562265,0.0,0.0,0.0,0.0,8.694322504036872,286.38886480544613,98112.13217889906,1.1934632068519033,339.25078201732214
53.1,270.8260032370805,3.4473104906203074,4.734233810558711,-4.778853604514611,0.0,0.0,0.0,0.0,7.558727483191888,286.38963097895896,98113.51175594608,1.1934767955124406,339.2512358142771
53.15,269.5285322294967,4.172443615940046,5.748305308820665,-5.52346861947177,0.0,0.0,0.0,0.0,8.997833363755081,286.39806454050824,98128.69832019963,1.193626378859213,339.2562308888284
53.2,267.93001834847627,3.285020364361145,7.554927564934956,-3.6681859426375207,0.0,0.0,0.0,0.0,9.017975239234413,286.4084548807349,98147.41113087258,1.193810688675076,339.26238483351045
53.25,267.07212363266575,4.463915139336498,8.062562106654097,-8.277149798549273,0.0,0.0,0.0,0.0,12.387197216581175,286.41403119638767,98157.45516372775,1.1939096135388383,339.26568750301334
53.3,265.695444309423,2.157888100890912,8.063849666498067,-7.712799684906518,0.0,0.0,0.0,0.0,11.365273049044694,286.42297961198875,98173.57474618182,1.1940683731812929,339.2709872899095
53.35,264.5950984670035,3.7649667136842044,9.093323769752002,-6.805920392092189,0.0,0.0,0.0,0.0,11.965954367294868,286.43013185996443,98186.46027228817,1.1941952774622706,339.27522321938557
53.4,263.54255798418524,3.9538210471574065,7.485962109811063,-9.400751520565217,0.0,0.0,0.0,0.0,12.650946950085634,286.4369733731028,98198.78725842958,1.1943166779457886,339.27927506620387
53.45,262.7772233856512,4.523054585094139,5.108016163300882,-10.116732490709644,0.0,0.0,0.0,0.0,12.202382070434622,286.44194804799326,98207.7513765356,1.1944049579043925,339.2822212584194
53.5,262.67311193238083,2.364192246434567,2.8718445325604094,-8.12702275561511,0.0,0.0,0.0,0.0,8.937862992213757,286.4426247724395,98208.9708517144,1.19441696735753,339.28262203847146
53.55,263.86631854129047,5.055738337187925,-1.7498473964386336,-7.442365616098115,0.0,0.0,0.0,0.0,9.165765762259817,286.4348689294816,98194.9953545365,1.1942793342549367,339.27802872672254
53.6,263.42756340645286,5.425673967197288,4.281533390198871,-7.011313177412681,0.0,0.0,0.0,0.0,9.84520079233892,286.437720837858,98200.13411065137,1.1943299420431985,339.27971774497513
53.65,260.32419310538614,3.046019505241373,6.11465386632286,-5.56813401882102,0.0,0.0,0.0,0.0,8.813134696735318,286.45789274481496,98236.48739708486,1.1946879441436533,339.2916641436373
53.7,257.96590940448186,7.874908781007428,1.8638016303415397,-9.531247829929848,0.0,0.0,0.0,0.0,12.503304764021156,286.47322158887084,98264.11992769397,1.1949600485942276,339.3007420562465
53.75,256.3352847635914,1.8772945060110822,1.1394974893272047,-8.090156378148983,0.0,0.0,0.0,0.0,8.382918311267685,286.48382064903666,98283.22999667302,1.1951482217146732,339.30701879599894
53.8,255.37586044610686,2.588417914005952,4.863991704043681,-9.776983580674397,0.0,0.0,0.0,0.0,11.222643651623686,286.49005690710027,98294.47535463689,1.1952589493068235,339.31071183983624
53.85,253.2108498826192,2.097628492412885,4.556911469414248,-7.948943700702115,0.0,0.0,0.0,0.0,9.399531551582415,286.50412947576297,98319.85514876433,1.1955088429870555,339.31904531344077
53.9,252.25801030601562,5.119598584107654,-3.4579385660323205,-11.155184692398926,0.0,0.0,0.0,0.0,12.751696918856801,286.51032293301085,98331.0266936265,1.1956188359882534,339.32271288124684
53.95,252.59294534976542,4.719685031373323,-3.56549039557775,-8.908153121927604,0.0,0.0,0.0,0.0,10.693144560887369,286.50814585522653,98327.09963856045,1.1955801711884997,339.32142368975155
54.0,252.81720238589557,5.872824910797261,-5.084470944991984,-5.725150526526971,0.0,0.0,0.0,0.0,9.649832422106645,286.5066881844917,98324.47033484354,1.1955542835590023,339.32056050393066
54.05,252.7091450781565,7.354547136663338,-4.215740771907121,-4.305705287455383,0.0,0.0,0.0,0.0,9.507940463830439,286.50739055699194,98325.73724665128,1.1955667573506394,339.3209764266547
54.1,251.20580060088795,6.800836170191367,-2.5958243455596324,-5.115854230675582,0.0,0.0,0.0,0.0,8.897282796242036,286.5171622960942,98343.36449539487,1.195740308980255,339.32676288782676
54.15,249.4225082264382,4.863736643777129,1.5914187867368108,-7.69366177529891,0.0,0.0,0.0,0.0,9.2401828665614,286.52875369652816,98364.2775507038,1.1959462038180677,339.3336267569481
54.2,248.29323299796982,7.188974624977028,-0.3965158383527442,-8.083210212487975,0.0,0.0,0.0,0.0,10.824826479343587,286.53609398551316,98377.52266764604,1.1960766013650996,339.3379732507963
54.25,247.02543137726076,7.2911814903358785,-5.993776153911302,-5.440778258798993,0.0,0.0,0.0,0.0,10.894436569627274,286.54433469604777,98392.39426270303,1.1962230075312705,339.3428528557817
54.3,246.78756635166908,5.414457715444627,-5.5798570377861285,-6.0095534226098435,0.0,0.0,0.0,0.0,9.826794454636309,286.5458808187141,98395.18467517053,1.1962504777934226,339.34376835978094
54.35,246.30303265227906,4.54424985742647,-8.093593473482676,-5.991679646258071,0.0,0.0,0.0,0.0,11.047926821992672,286.54903028776016,98400.86897457544,1.1963064365153782,339.345633243957
54.4,246.92460459926235,7.355780687327593,-3.960353823886899,-7.436485878046828,0.0,0.0,0.0,0.0,11.18450866801162,286.54499007010475,98393.57706137876,1.1962346516306914,339.343240922039
54.45,246.5310697440438,8.29884971986472,-0.9916423357631756,-11.530138917153607,0.0,0.0,0.0,0.0,14.240729076976248,286.5475480466637,98398.19372792992,1.1962801002974859,339.34475557095726
54.5,245.24159906554544,7.589786283237754,-1.8756333021651388,-6.078786102909416,0.0,0.0,0.0,0.0,9.903256868037884,286.55592960607396,98413.32209512277,1.1964290283146037,339.34971847755077
54.55,242.37365236011797,4.615192756894827,-1.9188017417313323,-7.489997316712056,0.0,0.0,0.0,0.0,9.00454685765583,286.5745712596592,98446.976259727,1.1967603140121785,339.3607563524681
54.6,241.55248242125168,5.103064281850949,-3.007729036991062,-10.553128499135472,0.0,0.0,0.0,0.0,12.101909772590746,286.5799088642618,98456.61406417427,1.1968551829007477,339.363916725513
54.65,240.6883636477347,4.947963701696888,-7.641063806824098,-3.5559068032116414,0.0,0.0,0.0,0.0,9.773058584005009,286.5855256362897,98466.75677010155,1.1969550198349275,339.3672423606258
54.7,240.1275224142995,6.649536977726886,-5.022930568826544,-4.186308522730555,0.0,0.0,0.0,0.0,9.325843262938522,286.589171104307,98473.34016940925,1.1970198206668743,339.3694007887097
54.75,239.59242255029972,7.2513052450893305,-4.442863817361697,-5.374240084181241,0.0,0.0,0.0,0.0,10.059966358765926,286.592649253423,98479.62173752948,1.1970816497861771,339.37146013693183
54.8,238.4744962085302,4.321225897620075,-6.647548676904752,-5.99637592743961,0.0,0.0,0.0,0.0,9.940795789737248,286.59991577464456,98492.74618626166,1.1972108305702576,339.3757624703868
54.85,237.82916937439825,4.451225095554785,-6.124578896797004,-7.704513018241333,0.0,0.0,0.0,0.0,10.80200871887438,286.60411039906637,98500.32296426756,1.1972854054779904,339.3782459823741
54.9,238.44401814834484,4.27171402256187,-0.836656256335736,-8.682375240991602,0.0,0.0,0.0,0.0,9.712423704060765,286.6001138820357,98493.10401834226,1.1972143525792742,339.37587976427216
54.95,239.54161157998982,2.312308189856769,-1.2026083612162703,-13.057061734688737,0.0,0.0,0.0,0.0,13.314649720470262,286.59297952473,98480.21822730331,1.1970875209622338,339.37165568385825
55.0,237.74473963379413,5.078828291276034,1.638244134500089,-11.404567099521149,0.0,0.0,0.0,0.0,12.591365747367123,286.6046591923803,98501.31428819498,1.197295162564525,339.3785709051794
55.05,234.56308619232863,5.658760839757822,-0.7177402603867931,-7.265640010905705,0.0,0.0,0.0,0.0,9.2372209073417,286.62533993974984,98538.67726427523,1.1976628933122428,339.39081508135615
55.1,233.7770578768643,7.34534678431349,1.5803262069160737,-3.276744770552736,0.0,0.0,0.0,0.0,8.19686565666627,286.63044912380036,98547.90956483073,1.1977537545982273,339.3938399402406
55.15,234.8188766413894,12.220267318595898,-1.5350391551313476,0.552412529205347,0.0,0.0,0.0,0.0,12.328683552924554,286.6236773018309,98535.67302697952,1.1976333262409515,339.3898307216744
55.2,235.78107047076963,5.241019615932862,-6.710611092839953,-0.927971421408065,0.0,0.0,0.0,0.0,8.565145580367549,286.61742304193996,98524.37280564905,1.1975221103045475,339.38612788071407
55.25,234.60435228601835,11.880651035284336,-6.416267056319845,9.298444704374244,0.0,0.0,0.0,0.0,16.394493767131802,286.62507171014084,98538.1925924605,1.1976581232858332,339.3906562770317
55.3,232.89017298518823,6.4926981358918505,-4.603868164130787,11.983917400063346,0.0,0.0,0.0,0.0,14.386278441906077,286.63621387559624,98558.32731792067,1.1978562807759885,339.39725289133656
55.35,231.72313317268424,8.57565986254172,-0.03501705825306778,9.62546340701161,0.0,0.0,0.0,0.0,12.891575313827916,286.64379963437756,98572.03725683002,1.197991203814315,339.40174389514755
55.4,230.3441188334799,7.520715786097815,-3.7818004618976286,8.7724299289783,0.0,0.0,0.0,0.0,12.158071702688062,286.65276322758234,98588.23938212384,1.198150648497611,339.40705054295574
55.45,229.15159301931695,6.731605716214883,9.318295429465882,11.715362575217394,0.0,0.0,0.0,0.0,16.413252739727916,286.6605146453744,98602.25218078491,1.1982885440553825,339.41163948889056
55.5,228.35161236569712,8.7521757789056,1.901302958681327,8.139067283645163,0.0,0.0,0.0,0.0,12.102063875771574,286.66571451962295,98611.65327339958,1.1983810551701584,339.414717851187
55.55,227.53184104301917,10.676614589990738,-3.810562689921373,5.178696576377675,0.0,0.0,0.0,0.0,12.46312101149667,286.67104303322037,98621.28769196775,1.1984758605796353,339.417872339923
55.6,227.71306966460588,8.01671370412,4.798346020831431,2.190766084109346,0.0,0.0,0.0,0.0,9.596420123396955,286.66986504718005,98619.15772456863,1.198454901248441,339.41717497279103
55.65,227.16873784528923,6.09780331765239,8.869512048633176,-0.580159986302192,0.0,0.0,0.0,0.0,10.77905538028856,286.6734032040056,98625.55533070794,1.1985178547912956,339.41926955550673
55.7,225.68254913972123,5.350276051355774,10.06090588398145,0.18132546022448276,0.0,0.0,0.0,0.0,11.396497705636119,286.6830634305918,98643.02442071882,1.198689749679304,339.4249883270999
55.75,224.95291236442972,3.5423555502785464,9.965491717044179,-10.555383455239792,0.0,0.0,0.0,0.0,14.942403685291577,286.68780606963116,98651.60169841623,1.198774147501543,339.42779589362254
55.8,224.3565965247105,4.43266273781232,9.28473621924395,-7.899947863396308,0.0,0.0,0.0,0.0,12.971661491594288,286.6916821225894,98658.61216436783,1.1988431273324975,339.43009043778807
55.85,224.65605230956191,2.083357178779532,2.480210538071766,-10.994918658780602,0.0,0.0,0.0,0.0,11.462114017960923,286.68973565998783,98655.09162288399,1.1988084869047624,339.42893817363205
55.9,223.84684146329334,6.028772501257108,-1.4264182581215628,-5.144351673612744,0.0,0.0,0.0,0.0,8.052646835719214,286.6949955304886,98664.60531593343,1.1989020965081845,339.4320518952762
55.95,222.79390724210708,7.4590514470502685,-2.6213378239773593,-7.7135811378882915,0.0,0.0,0.0,0.0,11.045731956187561,286.70183960292627,98676.98551699659,1.1990239084314993,339.43610338505243
56.0,221.13932756825474,10.67853084526582,-2.0522886483989695,-0.007157510801003575,0.0,0.0,0.0,0.0,10.873957924307124,286.7125943708063,98696.44229262184,1.1992153426826324,339.4424697939195
56.05,220.78298170521347,11.084591841561508,0.14459828310332612,-11.189413533792926,0.0,0.0,0.0,0.0,15.750938390702844,286.71491061891606,98700.63309362356,1.1992565748261255,339.44384090807097
56.1,219.0448441164719,4.643231466157423,-1.974637956856192,-5.651040844355912,0.0,0.0,0.0,0.0,7.575820492431852,286.7262085132429,98721.07650423946,1.199457707169872,339.45052867128805
56.15,217.17849024834732,7.6251943669072695,-4.022893257361236,8.510144244188735,0.0,0.0,0.0,0.0,12.11403377699334,286.7383398133857,98743.03177044552,1.1996737050685493,339.45770962051415
56.2,217.0284624494846,8.050339373624368,7.440339280757934,3.6883504815174972,0.0,0.0,0.0,0.0,11.56592157667631,286.7393149940783,98744.79682728785,1.199691069460873,339.4582868581503
56.25,218.20975951801972,6.3036150672741815,11.705573289872287,6.854959333991884,0.0,0.0,0.0,0.0,14.958157521286505,286.73163656313284,98730.89971776734,1.1995543499645076,339.453741746392
56.3,215.80718511507226,3.0401271929039293,8.874582903219862,-1.550299251908612,0.0,0.0,0.0,0.0,9.508103008782804,286.74725329675204,98759.1659410755,1.1998324286766568,339.46298573241495
56.35,212.5446836465455,5.13535825976518,11.455975384157457,-3.6707574591749585,0.0,0.0,0.0,0.0,13.079974647630195,286.76845955629744,98797.55967345626,1.200210115997679,339.4755379138374
56.4,212.21284881748784,3.6940505353057413,2.5750342376929165,-9.223625401199088,0.0,0.0,0.0,0.0,10.264115949477988,286.7706164826863,98801.46544535812,1.200248536342511,339.4768145925391
56.45,211.71394407644797,2.1237365799221646,2.4975707609543094,-11.479051781267563,0.0,0.0,0.0,0.0,11.938037802080181,286.77385936350305,98807.3379036685,1.2003063020684097,339.47873403559606
56.5,209.85396498878293,5.320441041310847,-5.677413725147454,-4.92938075823453,0.0,0.0,0.0,0.0,9.210804207028307,286.78594922757287,98829.23365157956,1.200521678643728,339.4858898630173
56.55,208.92697459875563,11.89234707344429,-2.553661539165519,-6.5712068062261855,0.0,0.0,0.0,0.0,13.824972515779752,286.79197466510806,98840.14768630361,1.2006290306826874,339.4894561818776
56.6,208.9122808513266,2.7556314785932057,-3.928039051570609,-5.465514457520108,0.0,0.0,0.0,0.0,7.2728841542979925,286.79207017446635,98840.32069279315,1.2006307323816174,339.4895127113838
56.65,209.27493438574965,9.429963790306873,-1.605555273054092,-6.750744559046345,0.0,0.0,0.0,0.0,11.707885245543894,286.7897129264926,98836.05082478908,1.2005887336191188,339.48811751483964
56.7,211.0321609625676,6.052344511250579,-5.646116343790077,-0.12399018088515434,0.0,0.0,0.0,0.0,8.277975441823585,286.7782909537433,98815.36342556229,1.2003852458207789,339.48135705157773
56.75,210.85868642975254,5.450676781024756,-7.343646516390874,2.1960062519542234,0.0,0.0,0.0,0.0,9.405395525310153,286.7794185382066,98817.40554286289,1.2004053330926208,339.48202445482895
56.8,209.0566024637357,7.04208826874477,-7.709713658718453,3.6796010268585637,0.0,0.0,0.0,0.0,11.071140663955145,286.7911320839857,98838.6214380897,1.2006140184180776,339.48895747960836
56.85,207.14989422545094,9.452509807219187,-2.593927906156977,4.467256633171683,0.0,0.0,0.0,0.0,10.77194436787209,286.80352568753455,98861.07308822763,1.2008348496839638,339.4962928634855
56.9,205.35283937575193,8.924273398929413,-1.1426071733302572,6.191859236212516,0.0,0.0,0.0,0.0,10.92187381599216,286.8152065440576,98882.23734055653,1.2010430095497682,339.50320624975024
56.95,204.17979549038924,6.8426527957236125,1.0142123321889391,6.360559965568689,0.0,0.0,0.0,0.0,9.397193571124491,286.82283132931246,98896.05447755636,1.2011789026842314,339.5077189495267
57.0,202.7890525946081,5.596960258168526,8.823634290615486,8.44702705860103,0.0,0.0,0.0,0.0,13.436322129019581,286.831871158135,98912.43788939329,1.2013400307465114,339.5130690596751
57.05,201.74583511374772,6.903786270951055,0.7050384515592404,5.726315241181351,0.0,0.0,0.0,0.0,8.99722347919263,286.83865207176063,98924.72877928481,1.2014609062195811,339.51708220364765
57.1,201.25429482676273,7.002783024183825,2.392823938209114,4.797148702291937,0.0,0.0,0.0,0.0,8.81913896902441,286.841847083626,98930.5203949262,1.2015178632107424,339.51897308912913
57.15,202.02183887478355,5.606909831662764,4.251299703285206,5.0821043628413305,0.0,0.0,0.0,0.0,8.679790998771821,286.8368580473139,98921.47686163173,1.2014289253238726,339.51602045186917
57.2,203.16467918094412,4.659210370417697,8.080545528448404,5.28461949444974,0.0,0.0,0.0,0.0,10.720571837092159,286.82942958532385,98908.01266720686,1.201296509941316,339.51162405351323
57.25,203.3068007381045,6.441917385283428,12.184146402196886,4.791870239297564,0.0,0.0,0.0,0.0,14.59156412243903,286.8285057952023,98906.3383880464,1.2012800437840059,339.511077321371
57.3,202.84004372649605,8.532101711472906,4.439766070718185,4.247776242150637,0.0,0.0,0.0,0.0,10.514365667076577,286.83153971577775,98911.83715816496,1.2013341227469818,339.5128729011311
57.35,201.51656415295727,10.935174038387283,4.89945461228201,3.5119096613496663,0.0,0.0,0.0,0.0,12.48664070985915,286.84014233300576,98927.43014990397,1.2014874726233669,339.5179641776927
57.4,199.2997651580474,5.829519641898054,7.851883478934917,0.005689929640087077,0.0,0.0,0.0,0.0,9.779335652146603,286.8545515264727,98953.55252511114,1.2017443638211958,339.5264917822225
57.45,196.9602715963889,3.14745103787193,12.754953883382221,-1.5169492038274437,0.0,0.0,0.0,0.0,13.224841454248175,286.8697582346235,98981.12676919787,1.202015518908679,339.53549113715366
57.5,194.62342186920748,2.4366105019660447,7.294121267753839,-0.8395033942789638,0.0,0.0,0.0,0.0,7.736022347175323,286.8849477578501,99008.67606294723,1.2022864142914322,339.5444800839019
57.55,194.23790904479338,7.295148232402773,13.674147617152812,-3.210442376796756,0.0,0.0,0.0,0.0,15.827458451790282,286.88745359120884,99013.22149863343,1.2023311087063668,339.5459629780615
57.6,195.07758045175052,3.649069957215267,4.408844618047609,-4.619876629488318,0.0,0.0,0.0,0.0,7.35505829279624,286.8819957270636,99003.32146790692,1.2022337630637927,339.54273313212735
57.65,195.39860588913152,7.838003373263096,5.795608510322888,-3.625240431132556,0.0,0.0,0.0,0.0,10.400276105360323,286.87990906172064,98999.53667326439,1.2021965472084777,339.5414982805985
57.7,196.86930459392744,3.1770241666682812,3.9142044355897525,-6.221623720017919,0.0,0.0,0.0,0.0,8.0076888446464,286.8703495201394,98982.1990697739,1.2020260632322044,339.53584105607825
57.75,197.7688005049212,5.602473770097978,-3.302248025772943,-9.982552356447236,0.0,0.0,0.0,0.0,11.914021399912267,286.864502796718,98971.59640774479,1.201921802425834,339.5323809873177
57.8,196.184809804441,6.270189808860314,-2.75204596190126,-7.572361769285864,0.0,0.0,0.0,0.0,10.209294783700534,286.8747987362711,98990.26805722243,1.202105407838194,339.5384740616964
57.85,193.90159461879998,4.3966421248045995,-1.4745226010189372,-8.155810500335702,0.0,0.0,0.0,0.0,9.381999988910044,286.88963963497775,99017.18699264269,1.2023701003449294,339.5472566228573
57.9,192.27377859545183,5.094705094919494,-1.1040840760040966,-7.477747403810323,0.0,0.0,0.0,0.0,9.115466410791962,286.90022043912955,99036.38244039509,1.2025588398324913,339.5535180024984
57.95,190.65735680282967,8.075518273637597,-5.649923032730243,-5.3370248469121915,0.0,0.0,0.0,0.0,11.208008738406148,286.9107271807816,99055.44650723596,1.2027462806268467,339.55973544008526
58.0,189.29772689405414,6.398994124418444,-7.452655730666339,-4.818367276471153,0.0,0.0,0.0,0.0,10.941017615155532,286.91956477518863,99071.4842732999,1.2029039610576133,339.5649650600089
58.05,188.13119922369378,5.987254513002935,-6.456292264165791,-3.8740419469591174,0.0,0.0,0.0,0.0,9.619725952988466,286.92714720504597,99085.24594199774,1.2030392594370198,339.5694518758892
58.1,188.90244087885807,5.157994301626957,-9.003758006898673,-1.013885176834222,0.0,0.0,0.0,0.0,10.425954470177409,286.9221341342874,99076.1473370854,1.2029498065505386,339.56648545542015
58.15,188.5890489386558,10.928171003677361,-6.435647997927799,0.8743623227315496,0.0,0.0,0.0,0.0,12.712474035775227,286.9241711818987,99079.8444487392,1.2029861548728824,339.5676908554017
58.2,188.15048743139198,8.191453498454448,-2.894238801016734,-1.1568067569048175,0.0,0.0,0.0,0.0,8.764401321680394,286.9270218316959,99085.01838408271,1.2030370222216267,339.56937768812963
58.25,188.35704894101528,9.455660078425037,-8.491635050698726,-1.0823945637653658,0.0,0.0,0.0,0.0,12.754957912303942,286.92567918188337,99082.58144461064,1.2030130636067586,339.56858319465226
58.3,186.9903632598082,8.729716891991961,-4.33139980412115,2.9360801879722347,0.0,0.0,0.0,0.0,10.177895074506987,286.9345626388112,99098.70601959486,1.2031715892532995,339.5738398164073
58.35,185.22480170589293,9.247043866548273,-6.474793473211494,6.317231086096351,0.0,0.0,0.0,0.0,12.9359259191506,286.94603878891166,99119.53979939979,1.2033764052714824,339.5806304960575
58.4,183.80415395336848,6.185128682943802,-2.461885825302005,5.627966912779216,0.0,0.0,0.0,0.0,8.717265064957855,286.9552729993031,99136.3061412475,1.2035412285290092,339.58609447418473
58.45,182.1722277273962,6.173715655892248,1.5098113905089392,5.730319082055264,0.0,0.0,0.0,0.0,8.557502685765646,286.96588051977193,99155.56880447824,1.2037305855853262,339.5923709456394
58.5,180.33524319611044,5.694651656504583,-2.8981803090130613,2.654409030698857,0.0,0.0,0.0,0.0,6.919132452463754,286.9778209192253,99177.25552707,1.2039437634087913,339.5994359430078
58.55,179.84776071328156,6.305143796743056,-1.0575116096452937,7.738206820435556,0.0,0.0,0.0,0.0,10.037580081771571,286.98098955536364,99183.01119984774,1.2040003394769963,339.60131076398096
58.6,178.87272741175244,6.190932422250202,0.5849871856199789,6.025347234332477,0.0,0.0,0.0,0.0,8.658791114150194,286.9873272718236,99194.52416375703,1.20411350564685,339.605060637688
58.65,178.93445963329555,6.504005726851728,-0.5243865915857064,5.782945907598278,0.0,0.0,0.0,0.0,8.718918233505956,286.98692601238355,99193.79521211749,1.2041063405230368,339.6048232233997
58.7,178.63076777089688,6.607761490869059,-4.898675005826594,4.949831831138032,0.0,0.0,0.0,0.0,9.60001895255783,286.98890000948916,99197.38133387221,1.2041415896871532,339.60599118215424
58.75,177.77371299801683,7.042024303367159,-2.3814264156646034,6.728578657327362,0.0,0.0,0.0,0.0,10.026717748609471,286.9944708655129,99207.50236474023,1.2042410713035014,339.60928727984407
58.8,176.85166076794067,5.609190925274807,-9.951954887927162,-0.13594242711934756,0.0,0.0,0.0,0.0,11.424662326345302,287.00046420500837,99218.3918896465,1.2043481044434852,339.61283331179743
58.85,176.0250659537057,5.4993206101875,0.4931518152285576,6.926208481298358,0.0,0.0,0.0,0.0,8.857657128886032,287.0058370713009,99228.15487609303,1.2044440629368203,339.6160122017861
58.9,175.37233163570878,7.004720664007933,0.3755826178722225,8.305533635925736,0.0,0.0,0.0,0.0,10.871479331770873,287.01007984436785,99235.86493008326,1.2045198422872254,339.6185224440153
58.95,175.5196738299829,5.592231325820425,-0.6023380063486994,3.021877759197884,0.0,0.0,0.0,0.0,6.384951641705222,287.0091221201051,99234.1244915757,1.2045027362403793,339.61795580682514
59.0,175.417101301552,7.559813992003193,-8.78424452093483,5.0972577780046775,0.0,0.0,0.0,0.0,12.660796825345948,287.0097888415399,99235.33609829843,1.204514644625407,339.6183502724045
59.05,176.04342516593974,4.414986093192756,-3.068644530122068,-2.9906678196753007,0.0,0.0,0.0,0.0,6.152460927383037,287.0057177364214,99227.93802532295,1.20444193157232,339.61594159688036
59.1,176.41371944191803,6.330506540454884,-20.978844149775515,14.514022357333282,0.0,0.0,0.0,0.0,26.28391256849868,287.0033108236275,99223.56435754898,1.2043989438473859,339.6145175352361
59.15,176.9291952851184,12.013979786273817,-8.965594168265929,3.8507811946386377,0.0,0.0,0.0,0.0,15.47727705069669,286.9999602306467,99217.47616232281,1.204339103845723,339.61253513068385
59.2,175.92035879283682,2.6355292652775923,-6.564553445240339,-1.5047665885572707,0.0,0.0,0.0,0.0,7.232129626160591,287.00651766784654,99229.39163739039,1.2044562186946726,339.61641487887107
59.25,174.01310969245475,3.983441679095045,-6.894679192040933,0.23491741192780524,0.0,0.0,0.0,0.0,7.966153084289846,287.018914786999,99251.92152532142,1.204677653197185,339.6237495898237
59.3,171.80783355016686,5.646148205206941,-1.7220765343841236,-2.5456166230013864,0.0,0.0,0.0,0.0,6.428429134457265,287.0332490819239,99277.9771004315,1.2049337279127135,339.63223022639175
59.35,170.13957714795248,7.166165162191813,-4.407664606165451,-5.2744456700872915,0.0,0.0,0.0,0.0,9.929814073735612,287.0440927485383,99297.69140902416,1.2051274720359668,339.63864555267423
59.4,168.62017955365545,4.525783579504002,-3.6926546855855626,-9.067870685202845,0.0,0.0,0.0,0.0,10.78631978012177,287.0539688329012,99315.64936463394,1.2053039490744335,339.64448833284195
59.45,167.41316192664124,3.819322479725234,-0.7208460566763968,-9.03753884530416,0.0,0.0,0.0,0.0,9.837883493005092,287.0618144474768,99329.91713550664,1.2054441574746007,339.6491297972181
59.5,166.314679229001,4.728722320624284,7.814903679712453,-9.691517609038021,0.0,0.0,0.0,0.0,13.31762170490841,287.06895458501145,99342.90339209241,1.2055717691913126,339.65335384635694
59.55,167.98464548385937,3.5392354865063997,2.7263085031538967,-7.418881286870836,0.0,0.0,0.0,0.0,8.660181605024095,287.05809980435487,99323.16160355482,1.205377771805769,339.6469322228247
59.6,170.2174363104436,4.415878075103641,4.492692567586978,-8.782512710691394,0.0,0.0,0.0,0.0,10.808181863499902,287.04358666398207,99296.77125239189,1.2051184292775554,339.6383461458003
59.65,170.8579520565228,3.9459407737692844,8.128099891777715,-5.501121332300267,0.0,0.0,0.0,0.0,10.578222551709759,287.03942331163256,99289.20175907481,1.2050440401423743,339.6358830368867
59.7,171.6039963042729,5.50021421788179,3.9236653423945143,-8.489063375261349,0.0,0.0,0.0,0.0,10.849502437941588,287.0345740240222,99280.38573905097,1.2049573994157396,339.63301409467516
59.75,171.27643243659372,4.002952478231895,8.851485667444829,-8.42376675423145,0.0,0.0,0.0,0.0,12.85815979810716,287.0367031891621,99284.25648986812,1.2049954399659641,339.63427375727053
59.8,170.59203573980884,2.97388891142696,-1.219206021509505,-6.526034473502635,0.0,0.0,0.0,0.0,7.274586210207291,287.04115176769125,99292.3442508258,1.205074923085972,339.63690562258114
59.85,169.22638190478855,3.694701901450634,0.17693878185743228,-7.748115420880417,0.0,0.0,0.0,0.0,8.585768576452143,287.05002851761884,99308.48426579342,1.2052335366968854,339.6421572189994
59.9,168.40424798516938,2.5522837096506708,2.1276622982595934,-9.967710681286805,0.0,0.0,0.0,0.0,10.506966984616566,287.0553723880964,99318.2017010281,1.2053290309895623,339.64531868053814
59.95,167.61172062081314,1.7639271598870274,4.052119110389362,-8.399698607041474,0.0,0.0,0.0,0.0,9.4913668667534,287.0605238159647,99327.56992238194,1.2054210918364843,339.64836626417286
60.0,166.28122614386564,1.6060142456659057,2.9396238618890598,-6.662921897945726,0.0,0.0,0.0,0.0,7.457559817044316,287.06917203006486,99343.29889585635,1.2055756556282677,339.65348248431394
60.05,165.58186027413072,0.2536745971061958,-0.003873075882182331,-10.322406552800137,0.0,0.0,0.0,0.0,10.32552385321079,287.0737179082181,99351.56753832991,1.2056569071712302,339.65617176164426
60.1,164.68406989707904,2.1031155808456026,1.8481171447038727,-10.534997282039983,0.0,0.0,0.0,0.0,10.900678871498497,287.07955354566894,99362.18298191547,1.2057612175919135,339.65962401115326
60.15,162.77981791903787,1.0501796526899945,3.5843303303916065,-6.69118478323048,0.0,0.0,0.0,0.0,7.663044761948374,287.09193118352624,99384.7018339859,1.205982487329906,339.6669462646074
60.2,161.70882282525525,4.677932990237562,-2.1483866383221346,-7.378239308438836,0.0,0.0,0.0,0.0,8.996501403404883,287.0988926516358,99397.36876973014,1.2061069481658813,339.67106439894593
60.25,158.94055577000924,4.037709057355343,0.1798932763821452,-6.302814595919756,0.0,0.0,0.0,0.0,7.487384580297448,287.1168863874949,99430.11583614963,1.2064286952885723,339.68170856338816
60.3,155.79586307086828,1.2931876644993214,0.2917164875023703,-3.2726675922491095,0.0,0.0,0.0,0.0,3.5309752213873598,287.13732689003933,99467.32640762205,1.2067942728596424,339.6937997039394
60.35,154.23100792323478,8.077410258491609,-0.7217493510840602,-7.375631846232422,0.0,0.0,0.0,0.0,10.961999075941105,287.14749844849894,99485.84725259387,1.2069762223525562,339.69981631066315
60.4,153.88012159700193,0.3072692637616658,-4.5987113555242844,-8.053956390243057,0.0,0.0,0.0,0.0,9.279481346918997,287.14977920961945,99490.00055137837,1.2070170236347728,339.70116539536593
60.45,155.42695051574484,5.132469541192127,-7.878560207910631,-8.17027609366566,0.0,0.0,0.0,0.0,12.456619364324428,287.13972482164763,99471.69242107555,1.2068371653242462,339.6952181207082
60.5,156.8490489791345,5.333542947021331,-6.39177292592927,-1.5176342194540065,0.0,0.0,0.0,0.0,8.461953387275374,287.1304811816356,99454.86299646077,1.2066718282010056,339.68975032
60.55,157.87930715974005,10.558302547192772,-5.2518259729039505,-9.498432786112,0.0,0.0,0.0,0.0,15.141983163377684,287.12378450346165,99442.67213581956,1.2065520583440843,339.685789043943
60.6,158.8074884271206,8.507497726525214,-8.060846850156672,-8.195974606622723,0.0,0.0,0.0,0.0,14.301355504319055,287.1177513252237,99431.69016916453,1.206444162948373,339.68222020745753
60.65,159.5689157160891,2.819544025074654,-7.521409589700864,-1.2586391626911584,0.0,0.0,0.0,0.0,8.13053523866899,287.1128020478454,99422.68191960508,1.2063556571943062,339.6792925083418
60.7,159.15080007425837,6.801094022071327,-2.8253256100539934,-3.8476583494445737,0.0,0.0,0.0,0.0,8.309140718144798,287.1155197995173,99427.62845594111,1.2064042569391191,339.68090017225285
60.75,157.52897172849998,9.310623748620715,-8.522113130875246,5.665566488154821,0.0,0.0,0.0,0.0,13.83520041183066,287.1260616837647,99446.81745649003,1.2065927846143023,339.6871360661962
60.8,155.29066080628436,-3.6537228686788663,15.005773948676936,-2.2716350290102656,0.0,0.0,0.0,0.0,15.610357725078718,287.1406107047591,99473.30542442274,1.2068530116550236,339.69574213393014
60.85,153.74102226819883,2.5550040523685342,-0.49796243923396155,-8.433048588091241,0.0,0.0,0.0,0.0,8.825662625979714,287.15068335525666,99491.64705244068,1.2070331984840776,339.70170020177557
60.9,152.8535958311383,6.462100485960072,-12.413025382714098,-8.067748034379832,0.0,0.0,0.0,0.0,16.153343313035524,287.15645162709757,99502.15192571978,1.2071363947540477,339.7051121419601
60.95,150.6881743419576,2.3507122373698115,-9.837042666240045,-6.112707249207905,0.0,0.0,0.0,0.0,11.81771747652084,287.17052686677727,99527.78878152152,1.2073882337255386,339.7134375204369
61.0,148.8843592575275,5.670837676822959,-10.371782778948662,-3.5335795376698784,0.0,0.0,0.0,0.0,12.337684641763628,287.182251664826,99549.14859036198,1.2075980484819249,339.7203724779302
61.05,147.7980961385276,-3.2174650021036664,-7.064663986036742,-4.603140212315623,0.0,0.0,0.0,0.0,9.02499075288189,287.1893123750996,99562.01332505605,1.2077244130442586,339.7245486628561
61.1,147.17424380429688,3.659057264127969,-7.0683751674172814,-6.511765853862725,0.0,0.0,0.0,0.0,10.28366287395019,287.19336741527206,99569.40228605425,1.2077969901144776,339.7269470665749
61.15,147.29772173794746,-20.706936439360586,7.991516872444182,-27.203995707684705,0.0,0.0,0.0,0.0,35.10981260402862,287.1925648087033,99567.93976748471,1.2077826248049428,339.7264723563261
61.2,146.61768058461146,-4.5652156559557655,20.784104252696483,-4.338768606906422,0.0,0.0,0.0,0.0,21.717391569813728,287.1969850762,99575.99464373245,1.2078617417913453,339.72908676263285
61.25,143.60092771080429,9.234212243152227,-4.848809222288282,-6.893959257505873,0.0,0.0,0.0,0.0,12.502331817300375,287.21659396987974,99611.73350702517,1.208212763059364,339.7406843736493
61.3,140.6172742312435,3.550263474128737,6.856723952565439,-3.68494676674319,0.0,0.0,0.0,0.0,8.55557518645873,287.23598771749687,99647.09046400548,1.208560009728051,339.75215434788703
61.35,141.4174165416107,8.487085361706592,-2.224819217447637,-10.608610010262655,0.0,0.0,0.0,0.0,13.766736898664972,287.23078679247953,99637.60760272601,1.2084668792406035,339.7490784215518
61.4,142.41313853042988,13.10757432445411,-8.593304914950206,-7.683674260930081,0.0,0.0,0.0,0.0,17.455435949310328,287.2243145995522,99625.80785557209,1.2083509924315374,339.7452506042167
61.45,143.2899017863154,8.616945017401424,-12.215714377707796,-4.925638860335004,0.0,0.0,0.0,0.0,15.739673991957346,287.21861563838894,99615.41875901527,1.20824895763854,339.74188005984684
61.5,144.5185881115173,6.180600623890665,-14.303568707160716,-3.505581814116002,0.0,0.0,0.0,0.0,15.971255607746242,287.2106291772751,99600.86107018875,1.2081059782999444,339.7371565599965
61.55,143.5309843910113,2.6868735419344345,-7.295940050177883,-8.161380772937779,0.0,0.0,0.0,0.0,11.272008107121614,287.21704860145843,99612.56223461863,1.2082209024019122,339.74095325919734
61.6,142.66301447747162,4.631720971962708,-5.48090456978478,-13.113273606003421,0.0,0.0,0.0,0.0,14.94828079516547,287.2226904058964,99622.8468923992,1.2083219120278916,339.74429000855565
61.65,142.40381739452317,8.343457818157919,-1.7667628804175055,-8.289817921417791,0.0,0.0,0.0,0.0,11.893520110096137,287.22437518693556,99625.91830991939,1.2083520772297591,339.7452864373158
61.7,140.2993517251799,6.963097706942123,8.65514660081682,-3.8812921611148257,0.0,0.0,0.0,0.0,11.766933381216408,287.2380542137863,99650.85851539586,1.2085970150171783,339.7533765055092
61.75,136.91797332710212,4.735270624365043,4.658126618477351,-1.506979644411047,0.0,0.0,0.0,0.0,6.8111613641442235,287.2600331733738,99690.94211195024,1.208990651632082,339.7663749275136
61.8,135.5034320106729,7.633150301779296,-1.9580969393891736,-4.943721728648393,0.0,0.0,0.0,0.0,9.302661537641196,287.2692276919306,99707.7142657292,1.2091553518134053,339.7718124455826
61.85,135.2306070775142,4.53835848182027,-6.501333550749714,-4.981984728810644,0.0,0.0,0.0,0.0,9.363984594483073,287.27100105399614,99710.94940171475,1.2091871197854258,339.77286117871364
61.9,136.7928238251332,0.938513706719461,-3.7184421113457855,-11.177652510175081,0.0,0.0,0.0,0.0,11.817255829986642,287.2608466451366,99692.42591193088,1.20900522255089,339.76685600758805
61.95,139.3191563052967,3.792024633681116,10.661987768350839,-10.395710230677967,0.0,0.0,0.0,0.0,15.366464303642847,287.24442548401555,99662.47662209804,1.2087111124745564,339.7571445448371
62.0,140.87760731079547,-4.474640937806606,15.246057111883351,-7.230919706570666,0.0,0.0,0.0,0.0,17.457115133491435,287.2342955524798,99644.00505454639,1.2085297083323647,339.7511535722507
62.05,139.61366663750536,-0.7827854066103621,7.389936343432652,-9.47298101993323,0.0,0.0,0.0,0.0,12.039986775607526,287.2425111668562,99658.98572082153,1.2086768297915191,339.75601240099417
62.1,138.04551949245428,-4.002882572759319,6.217769113495969,-9.637622201296086,0.0,0.0,0.0,0.0,12.147735728725742,287.252704123299,99677.57448331783,1.2088593796314457,339.76204056078745
62.15,136.41025467762137,1.0798384449622218,2.315055086444374,-5.949911355255252,0.0,0.0,0.0,0.0,6.47510434324311,287.2633333445954,99696.96184665192,1.209049765183152,339.7683266156405
62.2,136.05395466253734,-6.63574327626912,3.4244248803266033,-11.452416458613731,0.0,0.0,0.0,0.0,13.671781790647383,287.2656492946935,99701.186471451,1.2090912504221218,339.7696962385823
62.25,132.94543688393313,27.685869230739865,-0.9874815243708799,-25.284572254719013,0.0,0.0,0.0,0.0,37.50722688931706,287.2858546602544,99738.05010264323,1.209453232059434,339.78164519631787
62.3,128.82785937160088,70.72053583468266,22.56630081060218,-14.123435579150089,0.0,0.0,0.0,0.0,75.56522714567609,287.31261891408457,99786.89707338085,1.2099328446340296,339.7974722728278
62.35,124.69578970744512,19.517114587348203,27.337384613459445,-4.67415056085882,0.0,0.0,0.0,0.0,33.913095446825054,287.3394773669016,99835.93543694599,1.2104142915031533,339.81335431297686
62.4,122.94813408292862,15.99244511977948,13.899187278255592,-9.443893650454848,0.0,0.0,0.0,0.0,23.197690298525025,287.35083712846097,99856.68204553939,1.210617963175593,339.8200713860419
62.45,121.89246373897733,29.557589990972645,6.5545035629859685,-4.236652773036524,0.0,0.0,0.0,0.0,30.570604667734656,287.35769898569663,99869.21571333389,1.2107410036298203,339.82412876572187
62.5,120.37403116015778,23.457854326626176,-12.76143622683634,-5.656713400383378,0.0,0.0,0.0,0.0,27.296952040015423,287.36756879745894,99887.24585676541,1.210917996708736,339.8299646479616
62.55,120.44285838664536,7.663946172107697,-10.468836251359695,-1.4257175597091658,0.0,0.0,0.0,0.0,13.05240491046804,287.3671214204868,99886.42853278792,1.2109099735714706,339.82970012235694
62.6,120.7202986442072,9.99154186714256,-5.2174994430299835,-3.3141547087255714,0.0,0.0,0.0,0.0,11.748907640893629,287.36531805881265,99883.13398196714,1.2108776329847448,339.828633826367
62.65,121.04017176513955,2.9310071712187993,-2.132678353029821,-4.225701471051641,0.0,0.0,0.0,0.0,5.56737576580439,287.36323888352655,99879.33565808863,1.2108403469147082,339.82740444249464
62.7,120.82358194712242,-1.176981099975349,2.533992275428716,-2.536431212128144,0.0,0.0,0.0,0.0,3.773577169674608,287.3646467173437,99881.90753466706,1.2108655936512458,339.82823687312816
62.75,121.56431302331494,-0.18197699767913822,0.2790871680463352,-3.641833298676807,0.0,0.0,0.0,0.0,3.6570418442237753,287.3598319653484,99873.11201112127,1.210779252189972,339.8253899753733
62.8,122.50842958494982,-1.3847613372465597,4.241583259774304,-3.5162112766371982,0.0,0.0,0.0,0.0,5.680874426765749,287.3536952076978,99861.90237472237,1.2106692104369117,339.821761358977
62.85,122.60439622796383,-0.4251723806266531,8.361738345862669,-7.7074148124936315,0.0,0.0,0.0,0.0,11.379968488961827,287.3530714245182,99860.76300553557,1.2106580254481096,339.8213925187335
62.9,121.52705563266262,-4.039766737137768,5.941090517024081,-0.09653481374763517,0.0,0.0,0.0,0.0,7.185095044063334,287.3600741383877,99873.55439456015,1.210783594891831,339.8255331695867
62.95,120.16561956094569,-1.2138822507510922,7.923252813853809,-0.5647118345035064,0.0,0.0,0.0,0.0,8.035567480082484,287.36892347285385,99889.72077953938,1.2109422913378238,339.8307656408345
63.0,119.11025808226579,6.3606622534032375,3.7458383715991297,-4.648982290236025,0.0,0.0,0.0,0.0,8.723666989456978,287.3757833224652,99902.25413686424,1.2110653210010627,339.83482170577975
63.05,117.58894905577931,14.233779572505554,5.8892069016090245,-2.54753177472844,0.0,0.0,0.0,0.0,15.61323659565456,287.3856718311374,99920.32327700162,1.2112426857238159,339.84066845917545
63.1,116.36763923179196,19.18707770510923,-3.8394480338438624,2.7283639022002384,0.0,0.0,0.0,0.0,19.75675281136342,287.3936103449933,99934.83113252393,1.2113850888456508,339.84536217130056
63.15,116.21939911036522,9.994594718675556,-7.0148015739950385,-1.4240273507124819,0.0,0.0,0.0,0.0,12.293381089378048,287.3945739057826,99936.59218281986,1.2114023743207887,339.84593188019306
63.2,117.01982035541575,5.597687257060981,-8.304933487840337,-3.697146792619227,0.0,0.0,0.0,0.0,10.675903581031884,287.3893711676898,99927.08370553833,1.2113090437894554,339.84285573064426
63.25,116.42541588718893,2.2962502970698955,-6.399434810189487,-4.1666642964568785,0.0,0.0,0.0,0.0,7.974122063025311,287.3932347967332,99934.14476916792,1.2113783518748815,339.84514012673947
63.3,115.18023232096589,3.019949267379497,-0.21922959451867363,-5.947874518123793,0.0,0.0,0.0,0.0,6.674231527000328,287.4013284899137,99948.93789293671,1.2115235512118039,339.8499255263147
63.35,113.80572188869088,6.340368140616742,3.8190914011722943,-2.255426522120623,0.0,0.0,0.0,0.0,7.737743604290665,287.4102628077235,99965.26951443024,1.2116838466572384,339.8552078673208
63.4,113.38482141864108,14.415203328125063,6.056333191794923,0.04433003176607453,0.0,0.0,0.0,0.0,15.635831409712154,287.4129986607788,99970.27099057408,1.2117329353267414,339.8568254012374
63.45,112.64213633067143,18.782284738840296,2.5916518552437124,3.982309068848663,0.0,0.0,0.0,0.0,19.37394293553833,287.4178261138506,99979.0966632086,1.2118195567189625,339.8596795449162
63.5,112.38670489865798,13.147798023471085,-1.3283833411177053,5.053496861572244,0.0,0.0,0.0,0.0,14.148039641479299,287.4194864181587,99982.1322196289,1.211849349479984,339.8606611640504
63.55,112.11345296776159,11.57115021706105,-1.3881356522709727,0.588496478586882,0.0,0.0,0.0,0.0,11.668965937057443,287.4212625557095,99985.37963812625,1.211881221391244,339.8617112639536
63.6,112.0500787989877,9.432968263546172,1.1306685260978915,-2.7361449083602896,0.0,0.0,0.0,0.0,9.886647082632393,287.42167448780657,99986.13281041394,1.211888613400917,339.8619548087353
63.65,111.63439548809302,7.158301256227119,2.5273872241462847,-6.4427737675741845,0.0,0.0,0.0,0.0,9.956821625188566,287.42437642932737,99991.07312559475,1.211937099863287,339.86355226127705
63.7,112.01992941141546,4.045159844253543,3.6381227304256822,-5.2396729931847945,0.0,0.0,0.0,0.0,7.55337197830952,287.42187045882577,99986.49112336457,1.2118921300597736,339.8620706717481
63.75,112.42348901375043,1.844505886790865,1.4046371668043875,-5.88155620533897,0.0,0.0,0.0,0.0,6.322017947881495,287.4192473214106,99981.6950712686,1.2118450590558814,339.86051980342654
63.8,112.80442645327742,2.567516473163001,2.777892716711083,-5.98961374200353,0.0,0.0,0.0,0.0,7.084087913339118,287.4167712280537,99977.16804026479,1.2118006279738118,339.85905586495403
63.85,112.59966926958376,3.1765510171771916,0.4838105361818269,-4.724907816210225,0.0,0.0,0.0,0.0,5.713956848921286,287.4181021497477,99979.60133813355,1.2118245099115763,339.8598427453869
63.9,112.15306856754334,4.63928807690035,0.7995419545051095,-4.459756234316739,0.0,0.0,0.0,0.0,6.484727200662386,287.42100505431097,99984.90882762715,1.2118766006160597,339.8615590224584
63.95,110.40479411128211,9.82491783855306,3.191903636358136,-3.1247770641889896,0.0,0.0,0.0,0.0,10.792659128268435,287.43236883827666,100005.68785554515,1.212080532689932,339.8682775209217
64.0,109.2319813272079,13.202675439530783,-1.184688047652198,-0.9933542393032797,0.0,0.0,0.0,0.0,13.292888218012708,287.4399921213731,100019.6292223417,1.2122173532357619,339.8727844853368
64.05,108.3768180079568,12.563694689484274,-0.757186032504394,3.2030468629346274,0.0,0.0,0.0,0.0,12.987658147046774,287.44555068294824,100029.79564376397,1.2123171241875035,339.87607072719373
64.1,108.3171582762468,8.263389937666844,-0.34328466362445514,2.095145673682263,0.0,0.0,0.0,0.0,8.531769629810858,287.4459384712044,100030.50492661243,1.2123240848563515,339.8762999878381
64.15,107.68911538027422,9.215722886681329,0.5249657646648986,0.6946414081998037,0.0,0.0,0.0,0.0,9.25676315264456,287.4500207500282,100037.97185250727,1.212397362244139,339.87871342408874
64.2,107.03217452628286,12.078032572447642,2.6052486634132626,-2.175172181670713,0.0,0.0,0.0,0.0,12.545818643645257,287.45429086557914,100045.78283487992,1.2124740149492592,339.8812378907525
64.25,106.36355889120291,8.335339698760748,2.600351244695424,-4.583308879746582,0.0,0.0,0.0,0.0,9.861360696003866,287.45863686720713,100053.73313669197,1.2125520336898203,339.88380720155607
64.3,105.80428101885528,7.052630871890978,1.6721253159205285,-5.870034135450106,0.0,0.0,0.0,0.0,9.326998769091883,287.4622721733774,100060.38372989575,1.2126172970867108,339.8859563417047
64.35,105.41801527887318,5.662272900673108,0.6971027052012663,-5.69188203935834,0.0,0.0,0.0,0.0,8.05883414231029,287.4647829006873,100064.97717675072,1.2126623728763866,339.8874406392493
64.4,105.55541628598527,5.080376595164881,-0.7386380229308062,-4.2948794024897206,0.0,0.0,0.0,0.0,6.693414790639282,287.4638897941411,100063.34319341669,1.2126463385378614,339.88691265121037
64.45,105.51231582654908,8.038214755096014,-1.3957886113988904,-2.380965006103404,0.0,0.0,0.0,0.0,8.498830311110058,287.4641699471274,100063.85574506629,1.2126513682314037,339.8870782725523
64.5,106.27190869874731,9.622908554937307,-2.098941251908896,-1.9108170238195543,0.0,0.0,0.0,0.0,10.03280345338077,287.4592325934581,100054.82296066386,1.21256272837348,339.88415938718447
64.55,105.46039573395807,12.455051241065872,0.2577001238141705,0.14352109453751538,0.0,0.0,0.0,0.0,12.458543617773612,287.46450742772925,100064.47318281818,1.212657427170712,339.88727778482905
64.6,104.6198573165723,9.917620493441662,2.655903942716964,1.903917645303208,0.0,0.0,0.0,0.0,10.442122600552556,287.46997092744226,100074.46935985505,1.2127555190329065,339.89050768830134
64.65,103.50213222770905,8.994807965882696,3.589510505366844,0.8842008845060342,0.0,0.0,0.0,0.0,9.72486335201719,287.4772361405199,100087.76325628677,1.2128859683218927,339.8948026784033
64.7,103.05030532994677,5.767534853114463,2.881673135626472,0.19716144617807002,0.0,0.0,0.0,0.0,6.450377584168264,287.4801730153553,100093.13755955904,1.2129387039216062,339.8965388609905
64.75,102.0920968293408,6.643743620415999,1.3622594572713964,-0.5594358073788095,0.0,0.0,0.0,0.0,6.80500173000134,287.48640137060926,100104.5358461267,1.2130505483534522,339.9002208278287
64.8,101.74862923103262,10.849061234753774,2.5515410557386935,-0.42082065356267945,0.0,0.0,0.0,0.0,11.153007731415869,287.48863390999827,100108.62179119985,1.2130906406495952,339.90154061052885
64.85,101.52654363233637,10.321432423725277,-0.5531769085055844,-4.747258851326592,0.0,0.0,0.0,0.0,11.374288486368275,287.4900774663898,100111.26382862606,1.2131165648036866,339.90239397717994
64.9,101.12627100309925,9.376021459667811,-0.45425867172987056,-3.14761422474606,0.0,0.0,0.0,0.0,9.900687080239273,287.4926792384798,100116.02580751902,1.213163289882155,339.90393202428226
64.95,101.17226712632134,7.719633910688209,-1.7820839852328583,-2.7822385339353524,0.0,0.0,0.0,0.0,8.396988883235794,287.4923802636789,100115.47858973469,1.2131579205405252,339.90375528458736
65.0,100.6345827252552,11.096078051211558,-0.41732580552264825,-1.947562098988533,0.0,0.0,0.0,0.0,11.273424815731493,287.4958752122858,100121.8755946665,1.2132206880801653,339.9058213263805
65.05,100.71724223165155,10.13129149321419,1.6702757248480755,-0.9604257835713013,0.0,0.0,0.0,0.0,10.312870890457202,287.49533792549425,100120.89214629988,1.213211038514865,339.905503709661
65.1,99.40473967962176,11.032470050806204,3.0112524656452035,-0.6854745616640558,0.0,0.0,0.0,0.0,11.456566335882611,287.50386919208245,100136.5086787979,1.21336426532388,339.9105469270146
65.15,99.30792101499576,10.779851229532023,2.1008919945232956,-0.3796180384338675,0.0,0.0,0.0,0.0,10.989224247352473,287.5044985134025,100137.66073319866,1.213375568909195,339.9109189443332
65.2,98.81214082961469,9.70227516030107,4.284281929071469,0.8016786944966872,0.0,0.0,0.0,0.0,10.636348229687359,287.50772108460745,100143.56023646751,1.213433452540172,339.9128239303001
65.25,98.62546598623919,9.211910896508574,3.719963924495171,-0.32686560545202537,0.0,0.0,0.0,0.0,9.940033958130448,287.50893447108945,100145.78163425587,1.2134552478629355,339.91354120702033
65.3,97.9063127926201,9.877120121928119,1.7370922449789854,-1.4422778842932205,0.0,0.0,0.0,0.0,10.131888119500966,287.5136089668479,100154.33980365958,1.2135392157841476,339.91630445671063
65.35,97.32676150792936,9.6269245064942,1.3763784590769266,-1.2991549772512399,0.0,0.0,0.0,0.0,9.811212808377272,287.51737605019844,100161.23709343435,1.2136068870997077,339.9185312884445
65.4,95.96559136595283,10.039538501314833,0.6423927919122178,-2.569426074223697,0.0,0.0,0.0,0.0,10.383012673082137,287.52622365612126,100177.4380090802,1.213765835507029,339.9237613063927
65.45,96.05996648987066,8.538436837065582,0.7186724654923055,-1.1667506960267793,0.0,0.0,0.0,0.0,8.647699169137086,287.5256102178158,100176.31466927635,1.2137548144931587,339.9233986918724
65.5,95.60682099148404,9.315804129210518,-0.590475281992946,-2.774530485864032,0.0,0.0,0.0,0.0,9.738115169243445,287.5285556635553,100181.70851820362,1.2138077329801276,339.92513979479804
65.55,95.28388787435269,9.260292972276375,2.161136572762292,-1.1993369633430166,0.0,0.0,0.0,0.0,9.584463801912072,287.53065472881667,100185.55257598395,1.2138454462976223,339.92638058242784
65.6,95.14615175656542,9.951901713608542,2.637267985689456,-1.094396204424976,0.0,0.0,0.0,0.0,10.353416498814628,287.5315500135823,100187.19216418531,1.2138615319008987,339.926909796736
65.65,94.42005289097317,12.219186513289301,2.8338576510026687,-1.1936031962249611,0.0,0.0,0.0,0.0,12.600157015796905,287.5362696562087,100195.8358854151,1.2139463325312276,339.9296996244085
65.7,94.24726733081852,11.01897338989723,2.9295611052966923,-0.9719421452704262,0.0,0.0,0.0,0.0,11.443110345123975,287.53739276234967,100197.89287085684,1.2139665127157993,339.9303635002402
65.75,93.86838727304779,10.672408289939721,3.29740089391873,-0.2775444054046802,0.0,0.0,0.0,0.0,11.173637825675286,287.53985548272516,100202.40349920213,1.2140107642418996,339.93181922680134
65.8,93.81340923207632,10.761457284555826,2.2452722763266566,-0.6119697040652832,0.0,0.0,0.0,0.0,11.01020968923183,287.54021283999145,100203.0580353289,1.2140171855380573,339.9320304619842
65.85,93.59862510317849,8.876732988426884,1.4203728817873602,-1.0179501055132547,0.0,0.0,0.0,0.0,9.047102856078151,287.54160893682933,100205.61516165914,1.2140422720302189,339.9328556986565
65.9,92.69105682325947,7.842778123992251,0.9881877505061291,-1.2794958140224018,0.0,0.0,0.0,0.0,8.007670901736823,287.5475081306488,100216.42085785537,1.2141482791409928,339.93634270619526
65.95,92.58064363380338,7.417518510045257,0.2933540347910144,-2.1585964769778254,0.0,0.0,0.0,0.0,7.73079402047508,287.54822581638024,100217.73552456626,1.214161176266144,339.93676692706947
66.0,92.22115416802214,6.6764733715798545,0.9562295869795104,-1.6908331792595424,0.0,0.0,0.0,0.0,6.95331493206764,287.55056249790783,100222.0159870603,1.2142031681769703,339.9381481255586
66.05,91.68666911407996,7.773226015807514,2.1917791619596936,-1.0415208012925337,0.0,0.0,0.0,0.0,8.14319987272525,287.55403665075846,100228.38040612909,1.2142656033502814,339.9402016661758
66.1,91.64559641494297,8.439001046211947,2.1044493045447332,-1.8019487142060033,0.0,0.0,0.0,0.0,8.882143024180248,287.55430362330287,100228.86949577676,1.214270401305593,339.94035947074116
66.15,91.11274689418373,10.025144231310865,3.2213285895876744,-0.8631457160321563,0.0,0.0,0.0,0.0,10.565296743006563,287.55776714518777,100235.2147904493,1.2143326480592145,339.94240671419124
66.2,90.42510468096843,8.771143158513627,2.520731928110427,-1.3584108274074813,0.0,0.0,0.0,0.0,9.22671782036026,287.5622368195737,100243.40387285306,1.214412981091748,339.94504866328333
66.25,90.19491865052561,8.342957256909065,3.6786639658787683,0.10178610636541907,0.0,0.0,0.0,0.0,9.11854510192912,287.56373302877154,100246.14526300612,1.214439873225577,339.9459330427008
66.3,90.13501013719895,7.25789576587527,2.744267557891401,-0.615345299089476,0.0,0.0,0.0,0.0,7.7837462198299425,287.5641224341082,100246.85875070066,1.214446872281745,339.94616321205194
66.35,89.25438309090907,6.670688989002652,2.374821321261899,-0.6368999698422785,0.0,0.0,0.0,0.0,7.109395858123701,287.56984650990904,100257.34715963427,1.2145497586853675,339.94954657557224
66.4,88.66868869781584,6.254518745266581,1.9920110575946754,-1.0022466064866444,0.0,0.0,0.0,0.0,6.640151432662097,287.5736535234642,100264.32336551178,1.2146181908797853,339.9517967910665
66.45,88.68935490506917,6.914823431523198,2.1328296566035023,-1.159345203996841,0.0,0.0,0.0,0.0,7.328562392124402,287.573519193117,100264.0772036287,1.2146157762018688,339.95171739254084
66.5,88.18968616086849,7.207700496320452,2.0655329819406307,-1.4480940702562473,0.0,0.0,0.0,0.0,7.636383265686312,287.57676703995435,100270.02905687878,1.214674159452048,339.95363708945143
66.55,87.11519205296544,6.579338398254803,1.718924144607161,-1.9725899038062769,0.0,0.0,0.0,0.0,7.080501740855799,287.5837512516557,100282.82896791385,1.2147997148181373,339.9577651937118
66.6,86.74202963650866,6.532344773688283,1.047895182217092,-2.7701753408067873,0.0,0.0,0.0,0.0,7.172411308204544,287.5861768073627,100287.2745747156,1.2148433214226195,339.95919883652925
66.65,86.52871872460382,6.461238932335532,0.8548186664290521,-2.626244640145863,0.0,0.0,0.0,0.0,7.026769129770725,287.58756332829006,100289.81588956431,1.2148682488131757,339.9600183473638
66.7,86.03777319184984,8.56864941681292,1.5652435069413078,-2.14117866405482,0.0,0.0,0.0,0.0,8.969748387534285,287.59075447425295,100295.66504853124,1.214925621912637,339.96190448426427
66.75,85.7314393158445,9.304752536157995,1.7146168699990345,-2.570876190162222,0.0,0.0,0.0,0.0,9.804475261591868,287.592745644447,100299.3148714274,1.2149614218911549,339.9630813663947
66.8,85.3847381744382,9.31095451279206,2.574834598353572,-1.4234143723240453,0.0,0.0,0.0,0.0,9.764719945984119,287.59499920186613,100303.44578089268,1.2150019403993024,339.96441332770985
66.85,84.85091211466236,11.050831711233608,3.924988629307034,-0.8999920663068952,0.0,0.0,0.0,0.0,11.76164967041661,287.59846907125467,100309.80653443068,1.215064329972762,339.96646417796137
66.9,83.85784415404417,9.60167037024497,3.177027611654481,-1.6853132049794908,0.0,0.0,0.0,0.0,10.253090214317504,287.6049240129987,100321.64021003815,1.2151803988048917,339.9702793085063
66.95,83.4075006461725,10.60427745210608,3.5077752390457677,-1.2558748654075926,0.0,0.0,0.0,0.0,11.239769085104486,287.60785124579985,100327.00700179026,1.2152330373181828,339.9720094068769
67.0,83.15477200612519,9.498833712217252,2.0548807351944225,-2.159888896889703,0.0,0.0,0.0,0.0,9.955676610614447,287.60949398196016,100330.0188978636,1.2152625783324862,339.972980318334
67.05,82.35346529964534,9.382715719265365,1.4633309992131194,-2.457313639204557,0.0,0.0,0.0,0.0,9.808928698039772,287.6147024755523,100339.56896257168,1.2153562453220053,339.97605869215295
67.1,81.85971725170977,11.104051283904491,2.0290947002631037,-1.75990998478527,0.0,0.0,0.0,0.0,11.42429268588492,287.61791183786386,100345.45387461982,1.2154139636669095,339.97795550635686
67.15,81.59242237656349,12.117238054470768,1.105500224544048,-3.0243438650582593,0.0,0.0,0.0,0.0,12.537792653784676,287.6196492545523,100348.6398404369,1.2154452108785965,339.9789823590966
67.2,81.44708293785806,10.814411488123872,2.8800150013585415,-2.0176161226493265,0.0,0.0,0.0,0.0,11.371752594076707,287.6205939609039,100350.37221810414,1.2154622015565895,339.979540700714
67.25,81.03526954512428,9.163533474396473,2.3658320308624083,-3.1107074489333955,0.0,0.0,0.0,0.0,9.962128676517333,287.62327074795667,100355.28097133951,1.2155103449389901,339.98112273401495
67.3,80.64322106269151,9.301192652989924,3.289933587878557,-2.6766007689655873,0.0,0.0,0.0,0.0,10.222526080040705,287.6258190630925,100359.95431049602,1.2155561790438394,339.9826288310698
67.35,80.3447873799844,11.595018788034324,5.048547052801662,-2.3626600591061386,0.0,0.0,0.0,0.0,12.865241956299023,287.6277588820301,100363.51185041426,1.215591069596395,339.9837752921769
67.4,80.27027485970808,11.028293443947906,3.4977562149465755,-2.864009051034681,0.0,0.0,0.0,0.0,11.918896873009276,287.62824321341185,100364.40010812378,1.2155997811421284,339.9840615384401
67.45,79.41931788323093,9.546948956587977,2.666977307313587,-2.151732056073552,0.0,0.0,0.0,0.0,10.143320618937194,287.63377443375896,100374.54474868637,1.215699273187181,339.98733054585244
67.5,79.20180235852693,7.698339170332453,2.6036548598293576,-1.5012893469996331,0.0,0.0,0.0,0.0,8.264218917357075,287.63518828466954,100377.13798225368,1.2157247056304994,339.98816614105874
67.55,78.27615568982479,4.479391905949235,1.9162331529272658,-0.41315428821739314,0.0,0.0,0.0,0.0,4.889539631635428,287.6412049880161,100388.17420588022,1.2158329390383813,339.9917220294254
67.6,78.3232343847021,3.668551407077702,1.6002222862732882,-0.5309392077137921,0.0,0.0,0.0,0.0,4.037434486669134,287.6408989764994,100387.61287619211,1.2158274340736348,339.9915411766678
67.65,77.45832330005607,5.511052447716142,1.8428727901290525,-1.7912111845539564,0.0,0.0,0.0,0.0,6.080815464207683,287.6465208985496,100397.9258078551,1.2159285721424629,339.99486371635106
67.7,77.0542391969651,7.993081235652362,2.758200706383008,-1.1792343415158522,0.0,0.0,0.0,0.0,8.537424225645575,287.6491474452197,100402.74427545827,1.2159758257786566,339.99641598671366
67.75,76.70338703797559,7.109331433311608,1.7777806063773711,-2.0974875623218443,0.0,0.0,0.0,0.0,7.622502960785178,287.65142798425313,100406.92813500664,1.2160168556053448,339.99776376328094
67.8,76.31743423957118,9.617037810390327,2.4265809395449036,-3.073623398150812,0.0,0.0,0.0,0.0,10.383779278100048,287.65393667744274,100411.5307274972,1.2160619914417556,339.9992463705823
67.85,75.27574248248919,11.641925451363521,1.1749839242124882,-2.794522993557497,0.0,0.0,0.0,0.0,12.03014439642289,287.6607076738638,100423.95403890077,1.2161838200650197,340.0032479152157
67.9,75.02640178642393,13.37368619668893,2.516896309845104,-1.9861309468727502,0.0,0.0,0.0,0.0,13.752634862459832,287.66232838838823,100426.9278835064,1.2162129825079353,340.0042057231669
67.95,74.00851662277856,13.163573731932871,1.910689640366677,-0.9994470235732136,0.0,0.0,0.0,0.0,13.339014305816118,287.6689446419519,100439.06876865332,1.216332038090162,340.00811576087597
68.0,73.59486215288992,12.03612914238088,0.1751153359336406,-1.7604690360278394,0.0,0.0,0.0,0.0,12.165456067890025,287.6716333960062,100444.00299628776,1.2163804231820243,340.00970473333996
68.05,73.31185759097468,14.035015296287277,1.8238624049463739,-0.15302555275244778,0.0,0.0,0.0,0.0,14.153852664875025,287.67347292565864,100447.37889527468,1.216413527025037,340.0107918355452
68.1,72.7764499846629,14.821635446895318,2.9602521503437753,-0.11744111705539362,0.0,0.0,0.0,0.0,15.114819301938542,287.6769530750997,100453.76590582414,1.2164761570505331,340.01284848118655
68.15,72.31727741756666,12.218469557628696,3.3100827962028725,-0.7707327276762935,0.0,0.0,0.0,0.0,12.68233714210156,287.67993769678577,100459.24375156917,1.2165298713447505,340.0146122774833
68.2,72.14891917394829,11.076345107060858,3.353914975859328,-0.22037209811749536,0.0,0.0,0.0,0.0,11.575090948136571,287.6810320253693,100461.2522955911,1.216549566452045,340.0152589811745
68.25,71.97764523366021,12.472472384701922,2.7119144338824968,-0.4523443325694365,0.0,0.0,0.0,0.0,12.771909124287564,287.6821453059812,100463.29565776391,1.216569602897541,340.01591688348157
68.3,71.98429441932943,10.744294057490459,0.8606397007017742,-0.4035656488622241,0.0,0.0,0.0,0.0,10.786260738605868,287.6821020862743,100463.21632986379,1.216568825039258,340.0158913424651
68.35,71.3182813375141,10.157535622054569,2.065069514795462,0.006808295805831421,0.0,0.0,0.0,0.0,10.365331078510557,287.68643117130614,100471.1624298507,1.2166467407995434,340.01844963885827
68.4,71.05917939135699,7.63381106528381,2.2609255170184492,-0.4492815552269152,0.0,0.0,0.0,0.0,7.974252911077112,287.68811533395615,100474.25387295386,1.2166770537358031,340.0194448987542
68.45,70.76991295619004,9.07376310165882,2.343741635657626,-0.7428178833033262,0.0,0.0,0.0,0.0,9.400961657590962,287.6899955657847,100477.70531095545,1.2167108963680389,340.0205560227527
68.5,70.3514157818453,10.977022489873454,2.770788474133719,-0.992068565534785,0.0,0.0,0.0,0.0,11.364703759900744,287.692715797418,100482.69886024966,1.216759859583093,340.0221635386558
68.55,69.80877259019947,9.931314963439801,3.1201516213998293,-0.8071621725779803,0.0,0.0,0.0,0.0,10.441162474380336,287.6962429781637,100489.17403119856,1.2168233498435495,340.0242479083435
68.6,68.76969957724508,9.909528903738641,3.7954108051653686,-0.6950488377872972,0.0,0.0,0.0,0.0,10.63423712171715,287.70299695274787,100501.57386806473,1.2169449303873776,340.02823909993236
68.65,67.97813739589778,9.44639002199267,2.3229664041503315,-1.8211030411850733,0.0,0.0,0.0,0.0,9.896811286926074,287.70814210692663,100511.02085175128,1.2170375562561653,340.0312795442658
68.7,68.0274722566911,11.807455144948591,3.0542309059343107,-1.8843148583902076,0.0,0.0,0.0,0.0,12.340784655453938,287.7078214303315,100510.43203855753,1.217031783103785,340.03109004649457
68.75,67.39055764966551,9.713893195238745,3.168112334340875,-1.0685418506123028,0.0,0.0,0.0,0.0,10.273190276541087,287.71196137527716,100518.03385017395,1.217106316293596,340.03353646057127
68.8,67.02239429836258,6.7814067076345035,2.907258306621265,-1.0192022718113487,0.0,0.0,0.0,0.0,7.448382446319066,287.7143544370606,100522.42822839112,1.2171494011954296,340.0349505824681
68.85,66.60571732754997,7.026838092187719,3.421923502191761,-1.1575117287999552,0.0,0.0,0.0,0.0,7.901002938297273,287.7170628373709,100527.40185025148,1.217198164888325,340.036551038935
68.9,66.12492554283544,10.289503926369278,4.464195787976934,-1.3085478458255626,0.0,0.0,0.0,0.0,11.292264279097196,287.7201879839715,100533.1410196138,1.2172544337931548,340.03839775107554
68.95,65.99769261186132,11.017446105960468,3.0151972039748838,-2.3332006455342875,0.0,0.0,0.0,0.0,11.658445785306165,287.7210149980229,100534.65983234518,1.2172693246835757,340.03888644867584
69.0,65.50337800683,12.054702442816051,3.834551853276961,-1.9514724362024825,0.0,0.0,0.0,0.0,12.799526693185303,287.7242280429556,100540.56077122185,1.2173271788320563,340.04078508852814
69.05,65.08502854940278,9.727032631789651,4.123679886845792,-1.6433527848650542,0.0,0.0,0.0,0.0,10.692076879848972,287.72694731442886,100545.55508631124,1.217376143729691,340.04239194143065
69.1,65.16943753238914,7.5402032740723115,3.8608973305014245,-1.392179102226705,0.0,0.0,0.0,0.0,8.584832919963008,287.72639865603946,100544.54738373743,1.217366264123304,340.04206773265946
69.15,64.53294641154193,7.102733802301184,3.5787367683006965,-2.292379242538225,0.0,0.0,0.0,0.0,8.277148477269167,287.73053584832496,100552.14622856268,1.2174407634147213,340.0445124411896
69.2,64.45546157245371,7.003683315623042,3.2114246477973163,-2.5042592145693723,0.0,0.0,0.0,0.0,8.101613571861613,287.731039499779,100553.07132470045,1.2174498330105012,340.04481005269906
69.25,64.0464945809963,9.658028308030092,4.1796700813138745,-2.386458826018451,0.0,0.0,0.0,0.0,10.790845125180061,287.7336977852235,100557.95412030365,1.2174977034287857,340.04638084965376
69.3,63.94931971985667,9.417092182679706,3.7690191517283145,-2.9808465632319883,0.0,0.0,0.0,0.0,10.572255046900544,287.7343294218209,100559.11435215473,1.2175090781556859,340.0467540864744
69.35,63.564675008779666,9.8584005368374,3.7766584004387322,-2.6478756143708697,0.0,0.0,0.0,0.0,10.884045896976929,287.73682961244293,100563.70697391489,1.2175541032374646,340.0482314559987
69.4,63.347862719301226,8.750163553410822,3.4523115064726038,-2.4168622947416973,0.0,0.0,0.0,0.0,9.712107922634836,287.73823889232455,100566.29576715603,1.2175794830404678,340.0490642005334
69.45,62.261535368830195,9.204325836373076,4.23295404057538,-1.6793014370695212,0.0,0.0,0.0,0.0,10.26925349420746,287.7453000201026,100579.26760138168,1.2177066533938987,340.0532365955052
69.5,61.99593075194554,8.29024937175539,3.561446042363242,-2.204669260368227,0.0,0.0,0.0,0.0,9.288309808903234,287.74702645011234,100582.43939206652,1.2177377478078666,340.05425672899116
69.55,61.22878056498694,7.487085594122922,2.52058350664301,-3.054267230179587,0.0,0.0,0.0,0.0,8.469848890094358,287.75201292632755,100591.60098211543,1.2178275617265506,340.05720318014625
69.6,60.54110209936011,10.860697117565175,4.927119174592879,-1.2504663024040683,0.0,0.0,0.0,0.0,11.991451589093684,287.7564828363541,100599.81406593279,1.2179080758204592,340.0598443766121
69.65,60.21221149927033,10.99804104443804,5.021704399584671,-1.0665698903839285,0.0,0.0,0.0,0.0,12.137215216969063,287.7586206252547,100603.74226522289,1.2179465841058135,340.0611075537323
69.7,59.69644570095398,11.053252340021313,3.7194874144957484,-2.2288321046384802,0.0,0.0,0.0,0.0,11.873359527507205,287.7619731029438,100609.90271219677,1.2180069746230404,340.06308845695094
69.75,59.2002490473056,11.761517807784717,2.7563136140379383,-2.06286363029922,0.0,0.0,0.0,0.0,12.255038646980235,287.7651983811925,100615.8297082766,1.2180650759701528,340.0649941900075
69.8,58.951995763006735,11.59381125389057,2.1631108711671247,-1.6238407164794517,0.0,0.0,0.0,0.0,11.90514034794624,287.7668120275404,100618.79516337138,1.2180941455839782,340.06594764766976
69.85,58.566916701594614,11.148378400697782,2.840893282374614,-0.7521425860515485,0.0,0.0,0.0,0.0,11.529212205382393,287.7693150414396,100623.39518077204,1.2181392380803007,340.0674266019951
69.9,58.379749955016905,8.43267612305965,3.3514918999815455,-0.5988654305069422,0.0,0.0,0.0,0.0,9.094018053419429,287.7705316252924,100625.63106960355,1.218161155640288,340.0681454418456
69.95,58.775130434629546,9.256465417167323,4.13532905657431,0.2117362726370361,0.0,0.0,0.0,0.0,10.140410774446597,287.7679616521749,100620.90791248542,1.2181148562351316,340.06662692648854
70.0,58.040789743583034,9.832613985118506,3.5664282892083694,-1.547820412459848,0.0,0.0,0.0,0.0,10.573337058452319,287.77273486666667,100629.68038141073,1.2182008492537808,340.0694472616841
70.05,57.72841470984723,11.372115206851769,4.208552720571233,-1.8000142004364434,0.0,0.0,0.0,0.0,12.258750809177483,287.774765304386,100633.41221621002,1.2182374305114274,340.07064697335113
70.1,57.26137686536492,10.752125530849355,4.40158612567001,-1.2247806193242337,0.0,0.0,0.0,0.0,11.682561851679003,287.7778010503751,100638.99196230598,1.2182921254118828,340.0724406771508
70.15,56.62120150376783,10.020784588527825,3.3808568845477014,-0.5852488665357176,0.0,0.0,0.0,0.0,10.591923020832983,287.7819621902255,100646.64060601781,1.2183670995358344,340.0748993168798
70.2,56.130432059926456,9.910796179311943,2.2225426894520237,-1.29317192843321,0.0,0.0,0.0,0.0,10.238938936764322,287.78515219161045,100652.50450658704,1.2184245783790906,340.0767841403504
70.25,55.23321116101974,10.555993163157908,1.9528155939719136,-2.3015959358064033,0.0,0.0,0.0,0.0,10.979062995375195,287.7909841274533,100663.22555941023,1.2185296661185938,340.08022993302575
70.3,54.46943573304736,10.540362123714981,1.371440729060803,-1.8719691095498678,0.0,0.0,0.0,0.0,10.79279165552088,287.79594866773516,100672.35277706163,1.2186191294106348,340.0831631985076
70.35,53.95666179027889,9.889534817160767,0.3063319568049123,-2.3976835907492693,0.0,0.0,0.0,0.0,10.180649525887004,287.7992816983632,100678.48086963978,1.2186791949699014,340.0851324832081
70.4,53.85827346544754,10.756989969509862,1.5544525092681263,-1.1858030940942388,0.0,0.0,0.0,0.0,10.933219323953455,287.79992122247455,100679.65672984428,1.2186907202875192,340.08551033773233
70.45,53.572166314846626,10.477146689170015,2.144868363879705,-0.9105207666607498,0.0,0.0,0.0,0.0,10.73313146808883,287.80178091895345,100683.07612162689,1.2187242356706314,340.0866091128844
70.5,53.07531517900745,10.755253015941738,1.0485479863312985,-2.171342985069116,0.0,0.0,0.0,0.0,11.022234377628346,287.80501045133644,100689.01443046604,1.218782439862708,340.08851722761614
70.55,53.002893204048455,11.353643033134908,1.5736463647252756,-1.6496681109101548,0.0,0.0,0.0,0.0,11.580284015568003,287.80548119417364,100689.88003343898,1.2187909239950074,340.08879535718694
70.6,53.16709901140077,9.539525835829233,1.5756317019725736,-1.7844764759568292,0.0,0.0,0.0,0.0,9.83206614735467,287.80441385642587,100687.91741907875,1.2187716875810124,340.088164740383
70.65,52.277649182169945,8.98059329643592,1.3224252995922958,-1.911576762865302,0.0,0.0,0.0,0.0,9.276529003313586,287.8101952803159,100698.54863779948,1.2188758878018333,340.09158057396917
70.7,51.84897177160646,8.401497603532047,1.1290529286575497,-1.5743792080084553,0.0,0.0,0.0,0.0,8.621983089085377,287.8129816834845,100703.6727627011,1.2189261103598499,340.0932268498476
70.75,51.31572025557686,9.315040838897454,1.799577030772153,-0.8132264554431231,0.0,0.0,0.0,0.0,9.52206913374623,287.8164478183387,100710.04719164221,1.2189885867155335,340.09527471688835
70.8,51.15710944598521,8.873740881914102,2.6353581354321607,-0.2221076110865795,0.0,0.0,0.0,0.0,9.259466590049598,287.8174787886011,100711.94327055063,1.2190071702115493,340.09588383391986
70.85,51.209235226278814,8.031979609586898,2.0893406044050127,-1.8884168346307428,0.0,0.0,0.0,0.0,8.511413440278412,287.8171399710292,100711.32014089994,1.2190010629164332,340.09568365411155
70.9,50.34601960510619,7.961705897787637,1.8946829862846024,-1.451414711796246,0.0,0.0,0.0,0.0,8.311750061629702,287.8227508725668,100721.63972196836,1.219102204227492,340.0989986653275
70.95,49.84095443222197,8.420385135194376,1.938659470845464,-1.7566815589270104,0.0,0.0,0.0,0.0,8.817438203263771,287.82603379619053,100727.67807854842,1.2191613847176057,340.1009382546233
71.0,49.86459353830858,8.5366236696141,2.5769185724076453,-1.9967983667083042,0.0,0.0,0.0,0.0,9.13792409263308,287.825880142001,100727.39545234124,1.2191586147807336,340.1008474741954
71.05,49.15908591544805,8.93813290156913,2.739619943463115,-1.4098829575416032,0.0,0.0,0.0,0.0,9.454285121292868,287.83046594154956,100735.83068998279,1.2192412854435306,340.1035567998819
71.1,48.70348266386756,10.125084360698654,3.418611705328539,-1.2760220152540638,0.0,0.0,0.0,0.0,10.76254948822475,287.83342736268486,100741.2783081453,1.219294674846285,340.105306418824
71.15,48.32805008007996,10.736081446097392,3.8601670614591974,-1.2527535097931397,0.0,0.0,0.0,0.0,11.477531351118595,287.83586767447946,100745.76751017105,1.219338670875169,340.1067481576087
71.2,48.63307775363834,9.64098336866745,2.6526350925105566,-1.9016568017764177,0.0,0.0,0.0,0.0,10.178473944589307,287.8338849946013,100742.12015631302,1.2193029253334884,340.10557678870896
71.25,47.673486619735,9.466198049906303,2.4242449390364125,-2.1007185979691765,0.0,0.0,0.0,0.0,9.994943105008009,287.8401223369717,100753.59478245562,1.2194153804753605,340.10926180208446
71.3,47.701564078858176,9.2602143913778,2.5397304870080406,-2.5901251002631653,0.0,0.0,0.0,0.0,9.945378301298142,287.8399398334874,100753.25902198744,1.2194120899460228,340.10915397984155
71.35,46.981029944507576,8.985054232488702,2.3970607109292166,-2.774067035506994,0.0,0.0,0.0,0.0,9.704254094474761,287.8446233053607,100761.8757179458,1.219496534875814,340.1119209432761
71.4,46.91082769039315,9.244836031771166,2.231629139729471,-1.4660383944720128,0.0,0.0,0.0,0.0,9.622703905124078,287.8450796200124,100762.71528186902,1.2195047626563842,340.1121905296757
71.45,45.844851657336505,8.787188206668851,1.8130174346542187,-1.4553196311895453,0.0,0.0,0.0,0.0,9.089535963221994,287.8520084642273,100775.46421556889,1.2196297014257251,340.11628399933903
71.5,45.70761637801476,8.899500632597158,2.721958619138671,-0.6375821469688369,0.0,0.0,0.0,0.0,9.328273217913052,287.8529004935429,100777.10562642776,1.2196457869330797,340.11681099489937
71.55,45.31249707022905,7.6943717540529,1.335926728045587,-1.663843478039799,0.0,0.0,0.0,0.0,7.984762490624832,287.8554687690435,100781.83159569779,1.219692100234909,340.1183282832837
71.6,45.062005681245296,8.406962356306815,2.2740832604678367,-0.23359816259803676,0.0,0.0,0.0,0.0,8.712235008163464,287.8570969630719,100784.82778269416,1.2197214618945609,340.1192901858842
71.65,45.12052746309265,7.992138792484112,2.48129129750634,-1.1837024412555868,0.0,0.0,0.0,0.0,8.451759606782751,287.85671657148987,100784.12778330527,1.2197146021427192,340.1190654588252
71.7,45.17828797795026,9.791718357246792,3.523766917517871,0.018068596403266413,0.0,0.0,0.0,0.0,10.40648875225516,287.8563411281433,100783.43689355608,1.219707831653306,340.11884365493034
71.75,44.715648290608264,10.046809043385005,3.988906653680574,-0.7077767541169869,0.0,0.0,0.0,0.0,10.832852633525864,287.859348286111,100788.9707645201,1.2197620614975724,340.1206202154457
71.8,44.79299869701101,8.545977621381654,3.2574967375923927,-0.07866246759067312,0.0,0.0,0.0,0.0,9.146103338820778,287.8588455084694,100788.04551944406,1.2197529944849075,340.1203231864991
71.85,44.46742121880661,8.981382633917876,3.8129536720316173,0.21310160840291284,0.0,0.0,0.0,0.0,9.75957283990467,287.86096176207775,100791.94003746443,1.2197911590168424,340.12157341651556
71.9,44.38769757667587,7.4282548048522745,2.2607691447147156,0.6322865958706005,0.0,0.0,0.0,0.0,7.7903679573446745,287.8614799657516,100792.8937005044,1.2198005044446485,340.12187955766177
71.95,43.95301100037314,8.455345079476649,2.703835073406478,-0.11871390160822387,0.0,0.0,0.0,0.0,8.877932051308347,287.8643054284976,100798.09359801725,1.2198514605817106,340.1235487621378
72.0,43.319492487245114,9.03190876277478,2.0716957943699734,-0.5519850660505019,0.0,0.0,0.0,0.0,9.282886774955346,287.8684232988329,100805.67239296364,1.2199257277101854,340.12598147025165
72.05,42.8822918473755,11.611764329235486,1.8730412661463174,-1.5987458843926698,0.0,0.0,0.0,0.0,11.870018653113194,287.871265102992,100810.90290225853,1.2199769825881464,340.1276603085074
72.1,41.9785005163945,11.118203032608292,2.4722499574096637,-1.1170637284082527,0.0,0.0,0.0,0.0,11.444399936193145,287.8771397466434,100821.7162294312,1.2200829430869298,340.13113081572465
72.15,41.42529064219098,9.008608253279942,1.8102684480496296,0.4149641558048963,0.0,0.0,0.0,0.0,9.198059021645294,287.88073561082575,100828.33552079725,1.2201478048881773,340.1332550926512
72.2,41.9997439587551,10.950940468084358,2.4955568085051887,1.6607604731030037,0.0,0.0,0.0,0.0,11.353811090071279,287.87700166426805,100821.46205346638,1.2200804524248758,340.1310492425227
72.25,42.005154061100356,10.226932096952126,2.2443082419265195,0.6680758189583996,0.0,0.0,0.0,0.0,10.491586386258556,287.8769664986028,100821.39732213906,1.2200798181245032,340.1310284681383
72.3,41.247076371525694,9.000195561405178,4.160024147268958,1.6423218439756984,0.0,0.0,0.0,0.0,10.050201096923287,287.88189400358505,100830.46797304535,1.220168700410694,340.13393941684313
72.35,40.93030287110393,10.874763852791348,3.2531750758009013,0.9014377125126277,0.0,0.0,0.0,0.0,11.386668822677224,287.8839530313378,100834.25846875609,1.220205842600369,340.13515579061175
72.4,41.303890840275926,11.848070014908942,3.5363454902058904,0.5940957227836291,0.0,0.0,0.0,0.0,12.378830810384061,287.8815247095382,100829.78814618399,1.220162038916617,340.1337212553647
72.45,40.425774632293354,7.957988472184302,2.4645538917515184,1.0989890648423892,0.0,0.0,0.0,0.0,8.403057977510862,287.8872324648901,100840.29586642027,1.2202650011134384,340.1370931119765
72.5,39.972246835673076,7.960297091341372,3.578029707127208,-0.41248993952531904,0.0,0.0,0.0,0.0,8.737206322258409,287.8901803955681,100845.72322110493,1.220318181436866,340.1388345890057
72.55,39.368706852895336,7.975137525002317,3.4912843055884455,-0.6261120323434282,0.0,0.0,0.0,0.0,8.728338955505423,287.8941034054562,100852.94613432298,1.2203889548245657,340.1411520759443
72.6,38.05751774996112,8.568785226021813,4.341040028771619,-2.8149465513816883,0.0,0.0,0.0,0.0,10.0096270094456,287.9026261346252,100868.63933881414,1.2205427206535646,340.1461867561091
72.65,37.162394386062445,9.45620699659591,3.6701072477712318,-1.66579368425786,0.0,0.0,0.0,0.0,10.27931936322273,287.9084444364906,100879.35392074547,1.2206477021148705,340.1496237917844
72.7,36.252240144253314,8.564299258394808,3.020734140829639,-1.4871653767007273,0.0,0.0,0.0,0.0,9.202375638636637,287.9143604390623,100890.2493664514,1.22075445350377,340.15311850642496
72.75,36.191484107702806,9.600143572875055,3.6299771355154378,0.14559131716788876,0.0,0.0,0.0,0.0,10.264535423282135,287.9147553532999,100890.97671017445,1.2207615797933942,340.1533517897929
72.8,35.44935165007636,8.280866986228611,2.0832808640204625,-0.5905641649109803,0.0,0.0,0.0,0.0,8.55929805736906,287.9195792142745,100899.86152617376,1.2208486296932266,340.15620132351034
72.85,35.30817646507034,8.285422728218203,2.860380148635535,-1.2219673457819098,0.0,0.0,0.0,0.0,8.850040032346763,287.920496852977,100901.55174839334,1.2208651896543912,340.1567433850252
72.9,34.864691016712,8.658562480605115,2.9996507410158624,-0.26363463410905263,0.0,0.0,0.0,0.0,9.167230335216926,287.92337950839135,100906.86153433805,1.2209172119670317,340.15844620270303
72.95,34.39336479844801,8.601175022315175,3.4134703165582874,-2.4361288922318156,0.0,0.0,0.0,0.0,9.569049866422978,287.9264431288101,100912.50490172544,1.220972501953122,340.16025590914484
73.0,33.84739254925325,9.281797919239407,4.290360412231759,-1.1737321307388169,0.0,0.0,0.0,0.0,10.292551296698557,287.92999194842986,100919.04235380236,1.221036550854968,340.16235221481446
73.05,33.79459982054004,10.333518313010542,4.769710562811088,-3.181180535330005,0.0,0.0,0.0,0.0,11.817429888798936,287.93033510116646,100919.67451022031,1.2210427441930216,340.1625549161838
73.1,34.0272670819432,10.267079087088616,3.787763864665475,-4.488912597239385,0.0,0.0,0.0,0.0,11.828372854313157,287.92882276396733,100916.88850473762,1.221015449194006,340.1616615730755
73.15,33.75811789967548,10.220487711608001,2.8619056174705575,-3.858078249939333,0.0,0.0,0.0,0.0,11.293079323598796,287.9305722336521,100920.11135786738,1.2210470240553357,340.16269499099656
73.2,34.522995763510345,9.767904310067767,0.6376773453732555,-4.8122503022730445,0.0,0.0,0.0,0.0,10.907627605449763,287.92560052753714,100910.9527555881,1.2209572951091474,340.15975817842025
73.25,34.24298078721081,10.059374283454625,1.6984352233280595,-0.9916353840328201,0.0,0.0,0.0,0.0,10.249830921402344,287.9274206248831,100914.30556024797,1.2209901434921486,340.1608333223003
73.3,33.65749535933068,8.927718494880859,2.309496047997957,-1.5881056969445884,0.0,0.0,0.0,0.0,9.357350545118194,287.9312262801643,100921.31625630656,1.2210588286088828,340.1630813377748
73.35,33.42803040190162,8.959839681703986,1.7219994829919156,-2.6857439291264074,0.0,0.0,0.0,0.0,9.510900577448025,287.93271780238763,100924.0640139391,1.2210857486630564,340.16396238173957
73.4,32.32918643119246,9.082739353676402,2.7249439799497663,-2.9933372819205983,0.0,0.0,0.0,0.0,9.943919848028859,287.9398602881972,100937.22310198257,1.2212146676214148,340.16818142503837
73.45,30.963047347366594,8.957189661558353,1.735972292889557,-3.153672467815044,0.0,0.0,0.0,0.0,9.653522490213751,287.9487401922421,100953.58509128408,1.2213749607909183,340.1734266827089
73.5,30.204424729746844,11.90938515204834,3.954730944723187,-4.2757324206645855,0.0,0.0,0.0,0.0,13.25727118520636,287.9536712392566,100962.67189821551,1.2214639791936888,340.17633936080864
73.55,28.798982983389518,10.608284276871128,4.135946455293899,-5.230038041098589,0.0,0.0,0.0,0.0,12.529766410085534,287.96280661060797,100979.50807620713,1.2216289098540416,340.18173538949003
73.6,28.42141801508569,12.31915754971738,-0.6816965797545101,-4.353612558901839,0.0,0.0,0.0,0.0,13.083588776579441,287.9652607829019,100984.03141946472,1.221673220562703,340.18318499129964
73.65,28.42964921332109,13.206874500720906,1.2651510455749393,-3.5818120074204023,0.0,0.0,0.0,0.0,13.74232580396828,287.9652072801134,100983.93280545481,1.2216722545430576,340.18315338896366
73.7,28.413985889780193,12.786872853555026,-1.289149222872653,-2.685448358604585,0.0,0.0,0.0,0.0,13.12926715314102,287.9653090917164,100984.12046023496,1.2216740928030485,340.1832135257236
73.75,28.272176512133715,13.339609533680107,1.0352029182727427,-2.8899640153630375,0.0,0.0,0.0,0.0,13.688269415932128,287.9662308526711,100985.81942334495,1.2216907357596398,340.18375797907066
73.8,28.236985816111808,13.512680738676233,2.2417474366133003,-1.667364316933982,0.0,0.0,0.0,0.0,13.798480933796252,287.96645959219524,100986.241032999,1.2216948658182105,340.18389308771737
73.85,27.774469182979487,12.036348672460445,2.161403356923219,-2.6825194894069258,0.0,0.0,0.0,0.0,12.519635164309193,287.9694659503106,100991.78244483682,1.2217491487946064,340.18566883608037
73.9,29.21171163660512,12.266964043364522,0.15848158436116075,-4.224448930832352,0.0,0.0,0.0,0.0,12.97495633992617,287.96012387436207,100974.56364899545,1.2215804737713998,340.18015077512956
73.95,29.385375208016573,10.264044987742887,-2.132962721057843,-3.2625624274741565,0.0,0.0,0.0,0.0,10.979274250741641,287.95899506114785,100972.4832441189,1.2215600937910478,340.17948401575234
74.0,28.805810339288634,8.336705039393866,-2.430481618968815,-0.8847479292697795,0.0,0.0,0.0,0.0,8.728726752072578,287.9627622327946,100979.42628391522,1.221628108612585,340.181709176865
74.05,28.08804276200927,7.783921407154035,-0.4205047261137196,2.2788829222371905,0.0,0.0,0.0,0.0,8.121549363926759,287.9674277220469,100988.02549287106,1.2217123462255075,340.18446492845464
74.1,26.724853049202306,7.502139318631005,-2.094836892370775,1.538563362881944,0.0,0.0,0.0,0.0,7.939622987484325,287.97628845518017,101004.35880926307,1.2218723431831122,340.18969861164703
74.15,25.569607790994514,6.167985235859841,-1.2501739800579756,2.360120781265048,0.0,0.0,0.0,0.0,6.721394717791696,287.9837975493585,101018.20227413079,1.2220079463427365,340.1941338723534
74.2,25.06600294734892,6.117019806862512,-0.3176358475831626,2.70813513455087,0.0,0.0,0.0,0.0,6.697224780176264,287.9870709808422,101024.23752196362,1.222067063287971,340.19606731276457
74.25,24.49149207292523,5.567945842219142,-0.08098488475480714,3.106893711564145,0.0,0.0,0.0,0.0,6.376626693511312,287.99080530152594,101031.12287086225,1.2221345063910034,340.1982729622892
74.3,23.484254814936953,6.876600912771206,-0.3275466655158703,2.6349737531584947,0.0,0.0,0.0,0.0,7.371432263234229,287.9973523437029,101043.19523908544,1.2222527550741757,340.2021398909241
74.35,22.97494098536052,7.8082238842134295,0.8195080767098231,2.7318518889146075,0.0,0.0,0.0,0.0,8.312819525092554,288.0006628835951,101049.30012837632,1.222312551358702,340.2040952032035
74.4,22.978089264539705,8.314834727820985,-2.17508712015752,0.07451920528606337,0.0,0.0,0.0,0.0,8.594942329254424,288.0006424197805,101049.2623906164,1.2223121817262923,340.2040831166451
74.45,22.265567184369335,8.118327310462274,-1.9106600240772247,-1.6597797157049134,0.0,0.0,0.0,0.0,8.50368912602465,288.0052738133016,101057.8035338385,1.222395839529134,340.20681854917535
74.5,21.988676763376972,11.541071362339714,-2.780001003597961,-3.3363445829838243,0.0,0.0,0.0,0.0,12.331096015643906,288.00707360103803,101061.12283184814,1.222428350642799,340.2078815489864
74.55,21.62786985997715,13.91209242194278,-5.4542622262058345,-2.397317738738594,0.0,0.0,0.0,0.0,15.134147624804124,288.00941884591015,101065.44823361191,1.222470715810388,340.2092667044887
74.6,21.632242481564624,12.6830662194049,-1.0697619649744994,1.4396407366433541,0.0,0.0,0.0,0.0,12.809259339950879,288.00939042386983,101065.39581313795,1.2224702023798784,340.20924991781243
74.65,21.02976706797093,13.435580737144281,0.5583197375017978,2.2758228301636265,0.0,0.0,0.0,0.0,13.638398741344252,288.0133065140582,101072.6187006626,1.222540946223148,340.21156283819124
74.7,21.220580881167567,12.573844312531701,-1.2428059455129494,2.242076534122433,0.0,0.0,0.0,0.0,12.832499156393919,288.01206622427236,101070.33104887205,1.2225185401525285,340.21083030019537
74.75,20.519407899757606,12.253304840691074,-0.6685852754455969,1.51183908767725,0.0,0.0,0.0,0.0,12.36430924946779,288.01662384865153,101078.73756260915,1.2226008760466889,340.2135221093624
74.8,20.160378529490657,8.09815658675092,0.23003164022368122,1.8450269596485822,0.0,0.0,0.0,0.0,8.30886148283093,288.0189575395583,101083.04226214733,1.2226430370490355,340.21490041798916
74.85,19.783027169040086,6.839888113330834,-1.2947677120448018,0.41543941435723736,0.0,0.0,0.0,0.0,6.973742376804556,288.0214103234012,101087.56679915468,1.2226873508109197,340.2163490584561
74.9,19.593627120895604,6.00113247980717,-2.1531634303562184,0.9011123961723244,0.0,0.0,0.0,0.0,6.439076591294387,288.02264142371416,101089.83781482078,1.2227095932201897,340.2170761571912
74.95,18.80923148812002,5.805702734044478,-2.645822636672405,-0.22856346619194073,0.0,0.0,0.0,0.0,6.384262127990776,288.0277399953272,101099.24361009653,1.222801712905824,340.22008740214346
75.0,18.542852414736284,7.8488583633226385,0.6698790326187637,0.3051556034527865,0.0,0.0,0.0,0.0,7.883301051473337,288.0294714593042,101102.43795917009,1.2228329977610572,340.2211100084041
75.05,17.86003329952378,7.474785776321282,1.8072548772180204,1.4625000229246563,0.0,0.0,0.0,0.0,7.827994565032469,288.0339097835531,101110.6265229543,1.2229131941587932,340.22373127798784
75.1,17.62435883586877,10.740102491807333,0.5257345803948683,-0.24248640553603887,0.0,0.0,0.0,0.0,10.755696074193379,288.03544166756683,101113.45292376324,1.2229408748144381,340.2246360023699
75.15,16.87634696308757,11.65496789075892,0.8743984026383496,-0.27463642425179746,0.0,0.0,0.0,0.0,11.69094839038663,288.0403037447399,101122.424117337,1.223028734173591,340.2275075091646
75.2,16.377249792163795,11.523141988246959,2.388685681993683,0.47809930613070073,0.0,0.0,0.0,0.0,11.77782660405494,288.0435478763509,101128.41033980914,1.2230873594016773,340.2294234558045
75.25,15.332873760516941,11.54411807986213,0.4868139232860358,0.03415138486009117,0.0,0.0,0.0,0.0,11.554428430467373,288.0503363205566,101140.93762111325,1.223210041433189,340.2334325975948
75.3,14.20344722819401,12.170043796919122,0.349400300090751,0.302704484146905,0.0,0.0,0.0,0.0,12.178820821136823,288.0576775930167,101154.48649662273,1.2233427248753774,340.23776817735217
75.35,13.648517199405157,13.760575115606745,0.9783436794630754,-0.3794074807159212,0.0,0.0,0.0,0.0,13.800526580671628,288.06128463820386,101161.14411071682,1.2234079213093816,340.23989839164216
75.4,13.708176787461372,13.299684127596427,0.4982893424397875,-1.615248587128169,0.0,0.0,0.0,0.0,13.40667438855919,288.0608968508815,101160.42834487335,1.223400912023598,340.23966937654956
75.45,13.368089309397915,12.807901019464346,1.444621811486551,-2.279760063944586,0.0,0.0,0.0,0.0,13.089177462765763,288.0631074194889,101164.50859896645,1.2234408686334062,340.2409748673284
75.5,12.986760036070134,10.96790305232603,2.006987610511346,-2.474573514590504,0.0,0.0,0.0,0.0,11.421313878581635,288.0655860597655,101169.08381659859,1.2234856718965408,340.242438666663
75.55,12.476688640109613,11.696541013165199,1.7408539626172312,-2.076863103626373,0.0,0.0,0.0,0.0,12.006373496731653,288.06890152383926,101175.20395395864,1.2235456033334675,340.24439665538256
75.6,11.923894727155576,12.10143708120711,2.7656341214512628,-2.092660354194445,0.0,0.0,0.0,0.0,12.58859558815705,288.07249468427347,101181.83703977233,1.2236105570385591,340.24651862843353
75.65,11.572915749008633,10.77419559005177,2.4625315155274485,-2.0035451886445355,0.0,0.0,0.0,0.0,11.232165659417491,288.0747760476314,101186.04869017997,1.2236517987044921,340.2478659011128
75.7,11.256369096558055,10.620907140936623,0.7088994829968147,-3.16112469389446,0.0,0.0,0.0,0.0,11.104004516558026,288.07683360087236,101189.84728397426,1.2236889953237102,340.24908099682295
75.75,10.423123322570346,10.53415114690657,1.5670474858099697,-2.2322359558593026,0.0,0.0,0.0,0.0,10.88149142219427,288.08224969840325,101199.84687469379,1.2237869121223148,340.2522794725956
75.8,10.097050412403485,9.575462985241666,0.8657876690888885,-2.8948154885647517,0.0,0.0,0.0,0.0,10.040868308194963,288.0843691723193,101203.76021844764,1.2238252313987164,340.2535311194874
75.85,9.865741833512713,11.260256798056242,0.6874360977786446,-2.4938668789355836,0.0,0.0,0.0,0.0,11.553584879012783,288.0858726780821,101206.53632826473,1.2238524147634249,340.25441900604443
75.9,9.096434298503016,10.647107583415155,2.2122045435578377,-1.7051285008282977,0.0,0.0,0.0,0.0,11.007370805042019,288.09087317705973,101215.76981547949,1.223942827043089,340.25737200487663
75.95,9.362032475626748,10.216645077260024,2.935513572899175,-2.748241616335115,0.0,0.0,0.0,0.0,10.97952223701619,288.0891467889084,101212.58193992822,1.22391161224294,340.2563525050761
76.0,9.575996758394632,10.153102046553927,2.3612397310754223,-3.7900007395818913,0.0,0.0,0.0,0.0,11.091665332193267,288.0877560210704,101210.01386582312,1.2238864662319524,340.2555311999903
76.05,9.892242504080823,8.794622552195728,2.6688897987867293,-3.4292495141058392,0.0,0.0,0.0,0.0,9.809592796016188,288.08570042372344,101206.21827047583,1.2238493003834225,340.2543172823553
76.1,9.506263281665728,6.443134400497713,1.1499692845323861,-3.6573515442123945,0.0,0.0,0.0,0.0,7.497508291172323,288.08820928866913,101210.85082558774,1.2238946615693225,340.25579887319697
76.15,9.62256467095334,4.980719915996494,0.8568943025805887,-4.35350363319773,0.0,0.0,0.0,0.0,6.670444708688097,288.0874533296388,101209.454948452,1.2238809934211656,340.25535244810175
76.2,8.68515023520207,4.521453115421968,1.9547536338919909,-2.803080442020385,0.0,0.0,0.0,0.0,5.667615019442496,288.09354652347116,101220.70646464723,1.2239911649841462,340.2589507145805
76.25,8.208397084726457,5.099690234031725,1.0629302289845894,-1.556738566000234,0.0,0.0,0.0,0.0,5.436919726981468,288.09664541894927,101226.42918430026,1.2240471992909536,340.26078071754483
76.3,7.50722215606927,4.568840010313472,0.44642822227674095,-2.568688597703872,0.0,0.0,0.0,0.0,5.26039526171373,288.10120305598554,101234.8462329858,1.2241296141653182,340.2634721390307
76.35,6.768008208529581,3.8058951954456557,1.490396841580947,-2.8357815013461325,0.0,0.0,0.0,0.0,4.974713831718134,288.1060079466445,101243.72052357682,1.2242165046761964,340.2663095481509
76.4,5.9043235703807975,4.9136929709736386,0.8838828100613099,-1.7803446813872863,0.0,0.0,0.0,0.0,5.3004956956365525,288.1116218967925,101254.08988731481,1.2243180320052882,340.2696246973332
76.45,5.699221271600722,10.74262926276392,3.8894979212238185,-1.9630099938307353,0.0,0.0,0.0,0.0,11.592484021652798,288.11295506173457,101256.5524637867,1.2243421430118961,340.27041195299256
76.5,4.6013859729974875,14.451550261269034,5.1330654090609045,-2.5940149434867577,0.0,0.0,0.0,0.0,15.553924873636085,288.1200909911755,101269.73453198606,1.224471206318453,340.27462580483973
76.55,4.044171989717849,11.95831634735239,3.4092027369711517,-1.3530720142198793,0.0,0.0,0.0,0.0,12.508189199112397,288.1237128820668,101276.42571450608,1.2245367172842347,340.2767645548491
76.6,4.223710546257825,10.485809509425621,4.076645668803134,-1.1415631560872173,0.0,0.0,0.0,0.0,11.308156676322978,288.1225458814493,101274.26972584019,1.2245156088631755,340.2760754349004
76.65,3.3659434127880656,12.963577734699287,1.6060027224969669,-3.4858419142945927,0.0,0.0,0.0,0.0,13.519788692125028,288.12812136781685,101284.5705574149,1.2246164594057227,340.2793677760739
76.7,3.202431646007276,12.062253476187559,-0.20890577040682323,-3.759251854312909,0.0,0.0,0.0,0.0,12.636200973744566,288.12918419430093,101286.53424858846,1.2246356847505389,340.2799953746381
76.75,2.793574322024455,10.653868404747689,1.119476842234953,-5.55267850183025,0.0,0.0,0.0,0.0,12.066083827434204,288.1318417669068,101291.44454706268,1.2246837582832384,340.28156466500917
76.8,2.911287856702176,5.195566050108697,1.155812801074102,-2.2150965974795795,0.0,0.0,0.0,0.0,5.765107349246366,288.1310766289314,101290.03081020551,1.224669917352346,340.28111285357676
76.85,2.1521444267401937,9.849674354778351,1.9716570283451333,-4.448736064127544,0.0,0.0,0.0,0.0,10.986117098450668,288.13601106122616,101299.14838616739,1.2247591806583984,340.2840266089123
76.9,1.93702291086391,6.998485119092689,2.8858765935705772,1.6235948479883757,0.0,0.0,0.0,0.0,7.742295389992216,288.1374093510794,101301.73219104382,1.224784476464206,340.28485228690136
76.95,1.5234167096879192,17.73520690346797,0.7296217780327598,-8.67563179438524,0.0,0.0,0.0,0.0,19.75693546275701,288.140097791387,101306.70012728164,1.224833112899679,340.28643978187654
77.0,0.6236145392342197,0.13904095775522107,5.675701190013148,8.593945955072686,0.0,0.0,0.0,0.0,10.299942886490213,288.145946505495,101317.5085765803,1.2249389267898196,340.2898933588291
77.05,0.3319249265181265,89.82943192459592,1.7064053159746952,-64.64310058884766,0.0,0.0,0.0,0.0,110.68409602439672,288.1478424879776,101321.0125609196,1.2249732300669152,340.29101290019923
77.1,-0.48251840089657444,-7.442540013826798,14.463934074278809,-6.23674427028395,0.0,0.0,0.0,0.0,17.421072580510543,288.15,101325.0,1.2250122659906946,340.29228686527705
77.15,-0.738770281602915,-17.487938535336436,13.13854607530234,20.71165220620923,0.0,0.0,0.0,0.0,30.123444761506263,288.15,101325.0,1.2250122659906946,340.29228686527705
77.2,-1.110345688297547,8.731870517337187,0.31703824993991137,-4.4638247667580355,0.0,0.0,0.0,0.0,9.81181978696051,288.15,101325.0,1.2250122659906946,340.29228686527705
77.25,-1.2509707007915698,-4.894579371676996,3.354856959689343,4.044805116906223,0.0,0.0,0.0,0.0,7.181394076317826,288.15,101325.0,1.2250122659906946,340.29228686527705
77.3,-0.9331261282846202,1.2985455711861817,0.5853410155668227,-0.7909735197362808,0.0,0.0,0.0,0.0,1.6292586700324927,288.15,101325.0,1.2250122659906946,340.29228686527705
77.35,-1.3385382682180675,-2.3196471847211386,1.8216625260416799,1.2456157552042777,0.0,0.0,0.0,0.0,3.2016833119442625,288.15,101325.0,1.2250122659906946,340.29228686527705
77.4,-1.277783547484654,-0.7016048795739495,0.6161916931339657,2.4431494883025464,0.0,0.0,0.0,0.0,2.615515442875892,288.15,101325.0,1.2250122659906946,340.29228686527705
77.45,-1.0847079715274646,0.7241886112722279,3.361982709505916,-1.7964762597456336,0.0,0.0,0.0,0.0,3.880039153867239,288.15,101325.0,1.2250122659906946,340.29228686527705
77.5,-0.9489275925121546,-9.922898671850595,-17.635084435036283,1.1880066854694744,0.0,0.0,0.0,0.0,20.26996499669877,288.15,101325.0,1.2250122659906946,340.29228686527705
77.55,-0.6542799980949302,-5.611491326359896,1.5763726656561252,4.5066201263327885,0.0,0.0,0.0,0.0,7.367727644932859,288.15,101325.0,1.2250122659906946,340.29228686527705
77.6,-0.39578559351915016,-4.600675665572171,10.169778139645107,4.277806914738946,0.0,0.0,0.0,0.0,11.953670398215763,288.15,101325.0,1.2250122659906946,340.29228686527705
77.65,-0.7865610528905282,-10.436046446528124,12.973063725174438,9.031750816123733,0.0,0.0,0.0,0.0,18.94159366727311,288.15,101325.0,1.2250122659906946,340.29228686527705
77.7,-0.8094745669553037,-5.8326887109432395,-7.46613170148514,-7.311455315439295,0.0,0.0,0.0,0.0,11.967487581458007,288.15,101325.0,1.2250122659906946,340.29228686527705
77.75,-0.945974556662984,-3.2124751555216484,3.736405628948118,5.1436957237926055,0.0,0.0,0.0,0.0,7.123084258089424,288.15,101325.0,1.2250122659906946,340.29228686527705
77.8,-1.3323819695933468,-1.8153140479159584,-0.3412344661389455,-0.6194310892803743,0.0,0.0,0.0,0.0,1.9482045395207415,288.15,101325.0,1.2250122659906946,340.29228686527705
77.85,-1.1460858265085063,-2.3825085819787475,11.890497123984035,6.1895647524893915,0.0,0.0,0.0,0.0,13.615101205056613,288.15,101325.0,1.2250122659906946,340.29228686527705
77.9,-0.7796952662721037,0.9246626743410933,4.838781536990587,-0.18901337300307097,0.0,0.0,0.0,0.0,4.929962867934667,288.15,101325.0,1.2250122659906946,340.29228686527705
77.95,-0.8978587588036476,0.28872635813416403,4.954030432837507,1.1595834822718074,0.0,0.0,0.0,0.0,5.096117570437245,288.15,101325.0,1.2250122659906946,340.29228686527705
78.0,-1.498725195110615,-1.5986971892166288,9.709387761990186,3.614540612958704,0.0,0.0,0.0,0.0,10.482983700179155,288.15,101325.0,1.2250122659906946,340.29228686527705
78.05,-1.3698631465396969,-0.3595392479562782,9.4574870729289,4.995118760511969,0.0,0.0,0.0,0.0,10.70161397346479,288.15,101325.0,1.2250122659906946,340.29228686527705
78.1,-0.9419985932476682,-1.2349349860489924,9.16565648699516,4.779810858210861,0.0,0.0,0.0,0.0,10.41061550042238,288.15,101325.0,1.2250122659906946,340.29228686527705
78.15,-1.5176211167217035,-0.226460732927799,9.764317733360784,4.841819609143965,0.0,0.0,0.0,0.0,10.901211051487493,288.15,101325.0,1.2250122659906946,340.29228686527705
78.2,-1.4351225467470896,-1.3001342165727616,9.30231060795558,4.484841898414168,0.0,0.0,0.0,0.0,10.40851278914319,288.15,101325.0,1.2250122659906946,340.29228686527705
78.25,-1.507946253547868,-0.4369521983328841,9.272214065363237,4.681176014598136,0.0,0.0,0.0,0.0,10.396070881693557,288.15,101325.0,1.2250122659906946,340.29228686527705
78.3,-1.3856381212676334,-0.934622289339939,10.391324033828086,5.176717442740157,0.0,0.0,0.0,0.0,11.64695400015448,288.15,101325.0,1.2250122659906946,340.29228686527705
78.35,-0.6570312050611645,-0.9767812707200876,4.173731859004417,1.8101494823197408,0.0,0.0,0.0,0.0,4.6530399127925435,288.15,101325.0,1.2250122659906946,340.29228686527705
