time,baro_altitude,accl_x,accl_y,accl_z,gps_altitude,gyro_roll,gyro_pitch,gyro_yaw,At,T,P,rho,a
0.0,0.06516541720207704,-7.02262143949025,-1.0557190775672067,-0.4491467484997049,0.0,0.0,0.0,0.0,7.11572114791012,288.14957642478817,101324.21715292291,1.2250046021577752,340.2920367534768
0.05,-0.45106162901121183,-10.93160645029449,-1.7342023105979274,-0.831994604231358,0.0,0.0,0.0,0.0,11.099535677661178,288.15,101325.0,1.2250122659906946,340.29228686527705
0.1,-0.1317720741784165,-10.034849980075517,-1.7998792603119778,-0.9135986587113334,0.0,0.0,0.0,0.0,10.235841049152821,288.15,101325.0,1.2250122659906946,340.29228686527705
0.15,-0.3610027062974771,-10.460665024598573,-1.7343416237139373,-0.8408644618504614,0.0,0.0,0.0,0.0,10.636752637332958,288.15,101325.0,1.2250122659906946,340.29228686527705
0.2,-0.4496680924968358,-10.430692274065999,-2.0972805941290376,-1.1272083912495685,0.0,0.0,0.0,0.0,10.698996493320008,288.15,101325.0,1.2250122659906946,340.29228686527705
0.25,-0.2344077037216678,-10.419007138885366,-1.7014565410497864,-0.8923094308659224,0.0,0.0,0.0,0.0,10.59466281868553,288.15,101325.0,1.2250122659906946,340.29228686527705
0.3,-0.257012013143343,-10.464024456082504,-1.915312026978332,-1.0805265443302043,0.0,0.0,0.0,0.0,10.692603312158491,288.15,101325.0,1.2250122659906946,340.29228686527705
0.35,0.1587326588331393,-9.987844651678316,-1.3997439827595908,-0.5148555133015155,0.0,0.0,0.0,0.0,10.098584069210286,288.14896823771755,101323.09311679061,1.224993598168889,340.29167763213303
0.4,-0.2808222935305202,-10.760911502309924,-2.217461214739753,-1.3840572489616267,0.0,0.0,0.0,0.0,11.073841477455975,288.15,101325.0,1.2250122659906946,340.29228686527705
0.45,-0.25471727655889703,-10.996650471864594,-2.4466713685544796,-1.5116464139164005,0.0,0.0,0.0,0.0,11.366512097682842,288.15,101325.0,1.2250122659906946,340.29228686527705
0.5,-0.05539451414157945,-9.317437306997046,-0.8184067759205116,0.05764714668447091,0.0,0.0,0.0,0.0,9.353488697497518,288.15,101325.0,1.2250122659906946,340.29228686527705
0.55,-0.08936350968689956,-9.76958321538161,-1.2619095451382718,-0.32804732068109327,0.0,0.0,0.0,0.0,9.85620550450239,288.15,101325.0,1.2250122659906946,340.29228686527705
0.6,-0.0037568641338958653,-9.941152595225224,-1.4595746789594404,-0.5289019969864674,0.0,0.0,0.0,0.0,10.061640546522671,288.15,101325.0,1.2250122659906946,340.29228686527705
0.65,-0.12067224650169037,-9.512022742799834,-0.9142199557136974,-0.06355970522495985,0.0,0.0,0.0,0.0,9.556066901350928,288.15,101325.0,1.2250122659906946,340.29228686527705
0.7,-0.14875284910489556,-10.225620727478663,-1.6701955576384826,-0.7945066429212666,0.0,0.0,0.0,0.0,10.391540466583509,288.15,101325.0,1.2250122659906946,340.29228686527705
0.75,-0.36265805197188394,-9.851525487263741,-1.2633998714187855,-0.40262064285292637,0.0,0.0,0.0,0.0,9.94036402972041,288.15,101325.0,1.2250122659906946,340.29228686527705
0.8,-0.31004665143637294,-10.817206841933412,-2.3207628020922417,-1.4058860659766874,0.0,0.0,0.0,0.0,11.152327984562392,288.15,101325.0,1.2250122659906946,340.29228686527705
0.85,-0.4416798566249293,-10.225475899543152,-1.6001142828784072,-0.7154874556403888,0.0,0.0,0.0,0.0,10.374615433334775,288.15,101325.0,1.2250122659906946,340.29228686527705
0.9,-0.009604333115953267,-10.141951802918502,-1.6451676253660932,-0.7171892195746588,0.0,0.0,0.0,0.0,10.299520535682651,288.15,101325.0,1.2250122659906946,340.29228686527705
0.95,-0.642698266389072,-10.223323093681632,-1.6416175273424105,-0.7779541576520941,0.0,0.0,0.0,0.0,10.383470318505763,288.15,101325.0,1.2250122659906946,340.29228686527705
1.0,-0.43637786619630653,-9.895706854697298,-1.4008288524542105,-0.5055432538989759,0.0,0.0,0.0,0.0,10.007142929404678,288.15,101325.0,1.2250122659906946,340.29228686527705
1.05,-0.3483357905124669,-9.898978540981872,-1.4235084611395648,-0.542662700103981,0.0,0.0,0.0,0.0,10.015519721903585,288.15,101325.0,1.2250122659906946,340.29228686527705
1.1,-0.4183878561491957,-9.753517329688998,-1.1645839761247863,-0.34199923102858143,0.0,0.0,0.0,0.0,9.828749646420667,288.15,101325.0,1.2250122659906946,340.29228686527705
1.15,-0.16328728265610137,-10.408527680271341,-1.8308500119697857,-0.999466459606948,0.0,0.0,0.0,0.0,10.615478954865095,288.15,101325.0,1.2250122659906946,340.29228686527705
1.2,-0.020032536345396534,-9.97880895828611,-1.3598695279777462,-0.5519095283849316,0.0,0.0,0.0,0.0,10.086152759432887,288.15,101325.0,1.2250122659906946,340.29228686527705
1.25,-0.25158526104953877,-9.834205815488778,-1.2787546749864669,-0.3408023959957994,0.0,0.0,0.0,0.0,9.922850589085252,288.15,101325.0,1.2250122659906946,340.29228686527705
1.3,0.29798088879251844,-9.583958404497785,-0.9091271469122421,-0.10374392476738042,0.0,0.0,0.0,0.0,9.627540374899638,288.1480631242228,101321.42032736243,1.224977222000825,340.2911431814402
1.35,0.0762107642242665,-9.16296076921583,-0.5846764673741203,0.2785247494078672,0.0,0.0,0.0,0.0,9.185819106956231,288.14950463003254,101324.08446312559,1.225003303164216,340.2919943602423
1.4,0.10211885643346794,-10.74704296523955,-2.0825910894683233,-1.2982245627603421,0.0,0.0,0.0,0.0,11.023679293139475,288.14933622743314,101323.77322497258,1.2250002562342126,340.29189492216614
1.45,0.3410997599930165,-10.657835482674766,-2.1310360747962456,-1.280520478570284,0.0,0.0,0.0,0.0,10.943971154196365,288.14778285156,101320.90234476046,1.2249721510771039,340.2909776860921
1.5,-0.05285093536226493,-8.776926646775584,-0.28793973486927094,0.6474069785931463,0.0,0.0,0.0,0.0,8.80548047807313,288.15,101325.0,1.2250122659906946,340.29228686527705
1.55,-0.40559434250818804,-9.693401680484683,-1.1178143598531018,-0.2521246732642861,0.0,0.0,0.0,0.0,9.760897086497005,288.15,101325.0,1.2250122659906946,340.29228686527705
1.6,-0.3163445691393539,-10.168411602932705,-1.6352415710042938,-0.7274863706485472,0.0,0.0,0.0,0.0,10.324720138661215,288.15,101325.0,1.2250122659906946,340.29228686527705
1.65,-0.2920045323060985,-10.595684746710996,-2.020666939768373,-1.1344745879708007,0.0,0.0,0.0,0.0,10.846135842958471,288.15,101325.0,1.2250122659906946,340.29228686527705
1.7,-0.3059018109142867,-9.764429223704086,-1.141161474783739,-0.2792272143415363,0.0,0.0,0.0,0.0,9.834851062089651,288.15,101325.0,1.2250122659906946,340.29228686527705
1.75,-0.36533462172067854,-10.866254145655736,-2.3531313024833733,-1.5170863054639807,0.0,0.0,0.0,0.0,11.221152211022446,288.15,101325.0,1.2250122659906946,340.29228686527705
1.8,-0.1389481319276315,-9.43778944906453,-0.8087781377944219,-0.06599993553613787,0.0,0.0,0.0,0.0,9.472610398012723,288.15,101325.0,1.2250122659906946,340.29228686527705
1.85,-0.6763039520093008,-10.038139744274083,-1.5253046461452655,-0.6107868378629356,0.0,0.0,0.0,0.0,10.171718849360412,288.15,101325.0,1.2250122659906946,340.29228686527705
1.9,-0.16254037720956024,-9.54968560273133,-1.0245264691334592,-0.10399284428819366,0.0,0.0,0.0,0.0,9.605048886321832,288.15,101325.0,1.2250122659906946,340.29228686527705
1.95,0.0465285852402758,-10.194256821960826,-1.5988854100009464,-0.7365154987116013,0.0,0.0,0.0,0.0,10.345132274951883,288.1496975641959,101324.44104095225,1.2250067939541045,340.2921082836383
2.0,-0.2356560914101705,-9.531413953159488,-0.95340471215367,-0.12644043882330347,0.0,0.0,0.0,0.0,9.579813133679071,288.15,101325.0,1.2250122659906946,340.29228686527705
2.05,-0.25551983779667,-8.786664517885752,-0.24768204227771817,0.5888348587342059,0.0,0.0,0.0,0.0,8.809855063211872,288.15,101325.0,1.2250122659906946,340.29228686527705
2.1,-0.5676028374602846,-10.915285323759656,-2.292059847437444,-1.4724036355209411,0.0,0.0,0.0,0.0,11.250109533209585,288.15,101325.0,1.2250122659906946,340.29228686527705
2.15,-0.5141433767738398,-9.81403340339656,-1.293376349433769,-0.39670323490402776,0.0,0.0,0.0,0.0,9.906838420043067,288.15,101325.0,1.2250122659906946,340.29228686527705
2.2,-0.38050808006741643,-10.534149879395658,-2.0200199623003785,-1.1454409778807393,0.0,0.0,0.0,0.0,10.7870676906874,288.15,101325.0,1.2250122659906946,340.29228686527705
2.25,-0.22267108675103486,-9.741880264791677,-1.1943679169640937,-0.29050785543667135,0.0,0.0,0.0,0.0,9.819121173948364,288.15,101325.0,1.2250122659906946,340.29228686527705
2.3,0.2962951133095512,-10.151704596670125,-1.5598658902020512,-0.70660249954525,0.0,0.0,0.0,0.0,10.295123841209138,288.14807408176347,101321.44057845499,1.224977420253997,340.29114965164507
2.35,-0.06482601977199942,-9.43951457041026,-0.919761654464502,-0.02841415858201568,0.0,0.0,0.0,0.0,9.484260866847706,288.15,101325.0,1.2250122659906946,340.29228686527705
2.4,-0.29539741122204943,-9.387263528977622,-0.7670556256873868,0.08260763794104403,0.0,0.0,0.0,0.0,9.418912618621018,288.15,101325.0,1.2250122659906946,340.29228686527705
2.45,-0.40650104177240765,-8.964082978255508,-0.46133961821326097,0.4265333125022407,0.0,0.0,0.0,0.0,8.9860752584795,288.15,101325.0,1.2250122659906946,340.29228686527705
2.5,-0.7450764396308198,-9.406489601906804,-0.9957944893728277,-0.08082929175031622,0.0,0.0,0.0,0.0,9.459396739235064,288.15,101325.0,1.2250122659906946,340.29228686527705
2.55,0.08343923929246538,-10.066785942408822,-1.6197212433602806,-0.6578952846567894,0.0,0.0,0.0,0.0,10.217460659187589,288.14945764494456,101323.99762619336,1.2250024530563617,340.2919666165716
2.6,-0.08264977883618078,-10.003379385005676,-1.5527067073905858,-0.6177777900885392,0.0,0.0,0.0,0.0,10.141999144027716,288.15,101325.0,1.2250122659906946,340.29228686527705
2.65,-0.040999536727179264,-10.216247199649377,-1.5673440098358256,-0.780326250841494,0.0,0.0,0.0,0.0,10.365190936363128,288.15,101325.0,1.2250122659906946,340.29228686527705
2.7,0.23459818155999593,-9.653829354645431,-0.957846423978605,-0.1966165321533611,0.0,0.0,0.0,0.0,9.703223641721262,288.14847511181983,101322.18174125266,1.224984676048712,340.29138645165125
2.75,0.13183803684890197,-9.88608081666982,-1.2461910238219887,-0.46741080662751305,0.0,0.0,0.0,0.0,9.975272369400932,288.14914305276045,101323.4162045465,1.2249967611070247,340.29178085668315
2.8,0.1881390489682834,-9.492608861534011,-0.878828338870584,-0.0038103728577936757,0.0,0.0,0.0,0.0,9.533203908771561,288.1487770961817,101322.73985587007,1.2249901398417735,340.29156476710165
2.85,0.11650673652420827,-10.770421365084221,-2.255073089466256,-1.3866636695886299,0.0,0.0,0.0,0.0,11.090994867587604,288.1492427062126,101323.60038134811,1.224998564145182,340.29183969990476
2.9,0.10602528774311916,-9.109684745087602,-0.535985619189631,0.277184319479411,0.0,0.0,0.0,0.0,9.129647741606744,288.14931083562965,101323.72629644097,1.2249997968175326,340.29187992885534
2.95,-0.12851372758563212,-9.358076176256903,-0.7213539245561188,0.07528314075551146,0.0,0.0,0.0,0.0,9.38613918266619,288.15,101325.0,1.2250122659906946,340.29228686527705
3.0,0.08055377635397638,-10.742462545769033,-2.0557254243812197,-1.271375093104788,0.0,0.0,0.0,0.0,11.011035518745048,288.1494764004537,101324.03228975592,1.225002792402392,340.2919776912914
3.05,0.1327969107803255,-9.699652055696186,-1.2317106867570602,-0.4089754409105071,0.0,0.0,0.0,0.0,9.786093302677568,288.1491368200799,101323.4046854847,1.224996648338687,340.29177717641886
3.1,0.3160904029093527,-9.643258581699667,-0.8533731023794933,0.019429665966140597,0.0,0.0,0.0,0.0,9.6809637556035,288.1479454123811,101321.2027793553,1.224975092259335,340.2910736749843
3.15,-0.19708240960600473,-9.852011766212227,-1.2764345368687475,-0.37614770436991396,0.0,0.0,0.0,0.0,9.941474139381858,288.15,101325.0,1.2250122659906946,340.29228686527705
3.2,-0.1627643516627519,-10.489888080432708,-1.9779288221923905,-1.1740711219445368,0.0,0.0,0.0,0.0,10.739105985371767,288.15,101325.0,1.2250122659906946,340.29228686527705
3.25,-0.41896833268754036,-10.441761245260802,-2.0629008486631513,-1.0372010935676657,0.0,0.0,0.0,0.0,10.694004110853124,288.15,101325.0,1.2250122659906946,340.29228686527705
3.3,-0.21333660308608363,-10.619228574843145,-2.067358664069534,-1.1386052408489904,0.0,0.0,0.0,0.0,10.878345888284548,288.15,101325.0,1.2250122659906946,340.29228686527705
3.35,-0.4729886643132634,-10.489829494566253,-1.888871843577626,-0.9710642608986071,0.0,0.0,0.0,0.0,10.702678424830253,288.15,101325.0,1.2250122659906946,340.29228686527705
3.4,-0.09471106080007506,-10.153201845512282,-1.628938245163532,-0.7047628914219867,0.0,0.0,0.0,0.0,10.307164413911128,288.15,101325.0,1.2250122659906946,340.29228686527705
3.45,-0.19837081484545963,-9.09241292309732,-0.5425048564171114,0.3786357235179881,0.0,0.0,0.0,0.0,9.116449379800631,288.15,101325.0,1.2250122659906946,340.29228686527705
3.5,-0.31807325377351886,-11.046796196789273,-2.45214422603191,-1.5761378383614377,0.0,0.0,0.0,0.0,11.424925732982873,288.15,101325.0,1.2250122659906946,340.29228686527705
3.55,-0.034415373056991466,-9.554584845181727,-0.9697945145401942,-0.09783542751900753,0.0,0.0,0.0,0.0,9.604174339061448,288.15,101325.0,1.2250122659906946,340.29228686527705
3.6,-0.5022680436213182,-10.32962820569228,-1.6201892347091937,-0.8819830463268064,0.0,0.0,0.0,0.0,10.493051325430034,288.15,101325.0,1.2250122659906946,340.29228686527705
3.65,-0.24841413191591774,-9.880057596043363,-1.258383214859397,-0.4593834966850528,0.0,0.0,0.0,0.0,9.970461354099951,288.15,101325.0,1.2250122659906946,340.29228686527705
3.7,-0.07927266420271142,-10.258304435103412,-1.769862148490761,-0.8310357613448622,0.0,0.0,0.0,0.0,10.44298052974134,288.15,101325.0,1.2250122659906946,340.29228686527705
3.75,-0.328206174845261,-9.527642890180966,-1.2449677182148882,-0.24086473724776541,0.0,0.0,0.0,0.0,9.61165643808925,288.15,101325.0,1.2250122659906946,340.29228686527705
3.8,-0.027067589877935755,-11.321342451379612,-2.1000577825932556,-1.4809854241423759,0.0,0.0,0.0,0.0,11.609321918965069,288.15,101325.0,1.2250122659906946,340.29228686527705
3.85,-0.2374715520860733,-10.18536784110141,-1.038182423862086,-0.4514197907955498,0.0,0.0,0.0,0.0,10.248088633071088,288.15,101325.0,1.2250122659906946,340.29228686527705
3.9,0.06106425397812017,-10.082061839303293,-1.9873069562457701,-1.0391718932628549,0.0,0.0,0.0,0.0,10.328467364213628,288.14960308234913,101324.26642099129,1.2250050844773948,340.29205249418277
3.95,-0.2684426867692967,-10.363805260608009,-1.8467826638410287,-1.060543638345788,0.0,0.0,0.0,0.0,10.580350584744616,288.15,101325.0,1.2250122659906946,340.29228686527705
4.0,0.25129275738556633,-10.259834983163802,-1.887072831415041,-1.0002747329106614,0.0,0.0,0.0,0.0,10.479780880062142,288.148366597077,101321.98118954115,1.2249827126996145,340.29132237594206
4.05,-0.39971608350864296,-10.287489804622796,-1.7207428763026442,-0.9188947962369691,0.0,0.0,0.0,0.0,10.470805612421406,288.15,101325.0,1.2250122659906946,340.29228686527705
4.1,-0.06422969898747502,-10.017327436001574,-1.7920031271547747,-0.9121388154616752,0.0,0.0,0.0,0.0,10.217148397986309,288.15,101325.0,1.2250122659906946,340.29228686527705
4.15,-0.5211067257903815,-10.120360180413153,-2.0140700959892817,-1.1851441370845508,0.0,0.0,0.0,0.0,10.38666140578946,288.15,101325.0,1.2250122659906946,340.29228686527705
4.2,-0.41071442877734227,-10.207059821967174,-1.8725561671354347,-1.0348016481300297,0.0,0.0,0.0,0.0,10.42887104433007,288.15,101325.0,1.2250122659906946,340.29228686527705
4.25,0.018236393305688714,-10.223895312261664,-1.9197425965223958,-0.9097613738394827,0.0,0.0,0.0,0.0,10.442275266929085,288.1498814634435,101324.78092153826,1.225010121280843,340.292216872079
4.3,0.07643600910649925,-10.027581676555878,-1.9685672291293028,-1.0286477829381875,0.0,0.0,0.0,0.0,10.270626440336766,288.14950316594076,101324.08175721855,1.2250032766741894,340.29199349572804
4.35,-0.15535926926603508,-8.79844252643063,-0.71081054618287,0.2701169019367619,0.0,0.0,0.0,0.0,8.83124032422285,288.15,101325.0,1.2250122659906946,340.29228686527705
4.4,-0.5715673911204282,-9.942610960028196,-0.9772765451834139,-0.2754564781940049,0.0,0.0,0.0,0.0,9.994321308604075,288.15,101325.0,1.2250122659906946,340.29228686527705
4.45,-0.1985823372269438,-8.74781484548517,-1.147250935216873,0.20232572959995698,0.0,0.0,0.0,0.0,8.825043058257839,288.15,101325.0,1.2250122659906946,340.29228686527705
4.5,0.003987212790429628,-11.16832227208544,-1.1611911448502512,-1.137222193627552,0.0,0.0,0.0,0.0,11.285967462549118,288.14997408311683,101324.95210055918,1.225011797070175,340.29227156193565
4.55,-0.03595003232897431,-7.50203181566586,-1.1396964889169368,0.9332964904280918,0.0,0.0,0.0,0.0,7.645288208377615,288.15,101325.0,1.2250122659906946,340.29228686527705
4.6,0.13107478554643628,-13.413773362580505,-1.782372568299179,-2.6284420815637106,0.0,0.0,0.0,0.0,13.784588335203729,288.1491480138939,101323.42537357211,1.224996850869175,340.291783786126
4.65,0.20855077637904268,-6.151598106226262,-1.796425846206977,1.9116790262478376,0.0,0.0,0.0,0.0,6.68758714192517,288.14864441995354,101322.49464901746,1.2249877393328734,340.29148642457506
4.7,-0.605655314936836,-17.80177147400859,-1.017752303606826,-4.911219550344996,0.0,0.0,0.0,0.0,18.494836166779468,288.15,101325.0,1.2250122659906946,340.29228686527705
4.75,-0.1867122384845349,5.164101053218727,-1.9027693873909524,7.179798059257527,0.0,0.0,0.0,0.0,9.046434170498621,288.15,101325.0,1.2250122659906946,340.29228686527705
4.8,-0.34830034783961616,-131.12690688751388,-19.988162878631798,9.84785162992174,0.0,0.0,0.0,0.0,133.0066635431263,288.15,101325.0,1.2250122659906946,340.29228686527705
4.85,0.49416715279885715,-232.43095455828112,0.47309838861619774,-45.70290846432367,0.0,0.0,0.0,0.0,236.88209789061182,288.1467879135068,101319.06357909855,1.2249541499685541,340.2903901946115
4.9,2.6261117450887155,-209.23264559175345,0.27278180547525666,-5.958750120096424,0.0,0.0,0.0,0.0,209.3176559543687,288.1329302736569,101293.4557963123,1.2247034489860638,340.28220742359497
4.95,4.81227733334982,-221.63014785416487,0.618899524027818,-25.156810611650762,0.0,0.0,0.0,0.0,223.05418757474672,288.1187201973332,101267.20218248766,1.2244464127788628,340.27381633869845
5.0,7.353023992592748,-214.6141257595233,-0.26334699191239674,-18.429408427875835,0.0,0.0,0.0,0.0,215.40412118194047,288.1022053440481,101236.69733560979,1.224147738917096,340.26406401736375
5.05,10.622528021148115,-219.00815605484306,0.39959402384404175,-25.849538132783984,0.0,0.0,0.0,0.0,220.52875258252524,288.08095356786254,101197.45379198238,1.2237634790310095,340.25151404559085
5.1,15.341259676447342,-216.4143748453095,-0.2123887190475856,-29.13091163637976,0.0,0.0,0.0,0.0,218.36629035045834,288.0502818121031,101140.83702712152,1.2232090563087468,340.2334004060005
5.15,21.817310480811088,-219.014092842519,-0.8577702692043006,-32.41989884726664,0.0,0.0,0.0,0.0,221.40225489983897,288.0081874818747,101063.17717523841,1.2224484719616546,340.2085394333026
5.2,28.806922200639043,-216.93499232173718,0.1098830127067354,-27.769359910416764,0.0,0.0,0.0,0.0,218.70514469884543,287.96275500569584,100979.4129637288,1.2216279781273485,340.1817049080373
5.25,35.6544955727033,-217.1525699395711,0.4546075855399822,-34.06215700002737,0.0,0.0,0.0,0.0,219.8082706335493,287.9182457787774,100897.40547805546,1.2208245664546884,340.1554136437009
5.3,43.423320333462286,-217.98061620483682,-0.5998948171717232,-30.757556548901555,0.0,0.0,0.0,0.0,220.1407190859767,287.86774841783244,100804.4302666999,1.2199135557752268,340.1255827730021
5.35,52.24623676698872,-216.59088609091302,0.7578183052429981,-25.53755994567107,0.0,0.0,0.0,0.0,218.0925335590592,287.8103994610145,100698.92411376761,1.2188795679323043,340.0917012092443
5.4,63.37902674851018,-217.90406489041635,-0.5225379821582995,-25.758838491041217,0.0,0.0,0.0,0.0,219.4219047910147,287.73803632613465,100565.92365749208,1.2175758349893167,340.04894450414594
5.45,75.19994579099621,-216.40369906806865,0.9613285773419178,-22.51121300243069,0.0,0.0,0.0,0.0,217.57352741962342,287.6612003523585,100424.85804576667,1.2161926850542202,340.00353907805476
5.5,88.68627141634627,-217.03889315694482,0.3208747267925207,-13.648800973554689,0.0,0.0,0.0,0.0,217.46786859533458,287.5735392357937,100264.11393202972,1.2146161364821664,339.9517292391501
5.55,102.68266215085012,-216.8163515487282,0.581932202635488,-18.537028230912828,0.0,0.0,0.0,0.0,217.60811188837565,287.48256269601944,100097.51070302252,1.212981615196797,339.8979515540647
5.6,115.53043325037476,-217.2525079740621,0.09652347918607446,-7.568295551918185,0.0,0.0,0.0,0.0,217.38431552290783,287.3990521838725,99944.77723022019,1.211482713362883,339.8485796661991
5.65,128.7816978311099,-217.8810293098018,-0.4551081056002569,-8.73006789353875,0.0,0.0,0.0,0.0,218.05633249670205,287.3129189640978,99787.44479918352,1.2099382223228876,339.79764970361697
5.7,143.5609617086105,-217.90150311128838,-0.5535294212519607,-8.160448867812997,0.0,0.0,0.0,0.0,218.05495724404707,287.216853748894,99612.2070459006,1.2082174139198576,339.7408380163739
5.75,158.3641271081916,-217.96883524561255,-0.5902136297831443,-6.466481205601359,0.0,0.0,0.0,0.0,218.0655334289217,287.1206331737967,99436.93576684361,1.2064957000692862,339.6839249266201
5.8,178.06229880187033,-217.3358977592407,0.030519514047211982,-9.910617904640201,0.0,0.0,0.0,0.0,217.56174694441953,286.9925950577878,99204.09433768677,1.2042075733464512,339.60817742786054
5.85,205.83847557944534,-211.35465397734524,5.527221418803599,-8.097322889471158,0.0,0.0,0.0,0.0,211.58191456850034,286.81204990873357,98876.51755008745,1.2009867536941183,339.50133798973866
5.9,229.22409204516308,-205.3066968362077,1.398462627398529,-7.12183649734327,0.0,0.0,0.0,0.0,205.43494351889024,286.6600434017064,98601.4002334772,1.1982801604155213,339.4113605079296
5.95,243.3991469017384,-206.44180597844576,-2.6689613274877253,-11.427952043781788,0.0,0.0,0.0,0.0,206.7750969002913,286.5679055451387,98434.94143660627,1.1966418477981127,339.35680956984623
6.0,257.03327436713505,-196.95511548860512,9.39334859090056,-12.424482383742706,0.0,0.0,0.0,0.0,197.57003891628884,286.4792837166136,98275.04955479191,1.1950676713518849,339.3043320489668
6.05,266.6857566209736,-185.69110626021316,-3.305714818366849,-6.879601958046143,0.0,0.0,0.0,0.0,185.8479045286852,286.41654258196365,98161.97893113371,1.1939541680283001,339.2671749041067
6.1,276.00904970266373,-172.32490464334188,9.739729014741622,-7.175345012280259,0.0,0.0,0.0,0.0,172.74901058374468,286.3559411769327,98052.86451578308,1.192879393481804,339.23128110593507
6.15,264.51012845022547,-146.50319401925393,2.088330720395104,-6.283060541329084,0.0,0.0,0.0,0.0,146.65273210140654,286.4306841650735,98187.45536492107,1.194205077591165,339.27555032070626
6.2,279.3779958997641,-140.14317671150232,-0.6367832674497818,1.0712641011619706,0.0,0.0,0.0,0.0,140.14871771976905,286.3340430266515,98013.46048815947,1.1924912087760913,339.2183100469673
6.25,320.0948397913319,-119.23966653204353,10.360784947669085,0.6530219654946956,0.0,0.0,0.0,0.0,119.69072803309454,286.06938354135633,97538.23931976393,1.1878072739221206,339.06150351192167
6.3,336.88735296368725,-108.71027209305812,-3.9475159810621907,-3.056625529440386,0.0,0.0,0.0,0.0,108.82485515999873,285.960232205736,97342.79199208046,1.1858796220719106,338.99681195627653
6.35,346.9079749563345,-106.32289314461238,1.430222179615643,8.942019725149635,0.0,0.0,0.0,0.0,106.70783878838841,285.8950981627838,97226.3135742582,1.1847304721891136,338.95820258356036
6.4,416.69690712316526,-103.21172647585733,8.588722209466358,10.191379431717603,0.0,0.0,0.0,0.0,104.06868331078186,285.44147010369943,96418.22219696223,1.1767507908661146,338.68918434247894
6.45,538.0088623130646,-87.03174084112517,17.472848571037364,11.480499069736975,0.0,0.0,0.0,0.0,89.50768799334172,284.65294239496507,95026.48914293347,1.162977882762846,338.2210489609785
6.5,601.1975474275054,-54.64107525438951,11.513772937036938,12.179856971623607,0.0,0.0,0.0,0.0,57.15385365879286,284.2422159417212,94308.03672227646,1.1558529146826129,337.97695087165266
6.55,643.0446847157478,-15.814705360538184,18.506012007133645,2.963507046595142,0.0,0.0,0.0,0.0,24.52263770608759,283.9702095493476,93834.66246281053,1.1511527703096867,337.8151981655004
6.6,660.5950204631272,20.125661045606478,7.072749750847946,12.546678628713652,0.0,0.0,0.0,0.0,24.748437651152475,283.85613236698964,93636.70685300986,1.149185927498959,337.7473373904258
6.65,671.1576567104551,49.29763977692096,14.518247966559342,2.2044529555338026,0.0,0.0,0.0,0.0,51.43827781357699,283.787475231382,93517.73074185115,1.1480034268026493,337.7064889385981
6.7,674.4714864086305,68.74589133699062,24.220694510614276,9.257726848808188,0.0,0.0,0.0,0.0,73.47343142048673,283.76593533834387,93480.4294476389,1.1476326312163376,337.6936724820592
6.75,679.0837975973201,91.12146670955615,16.548897855897966,10.027772129493906,0.0,0.0,0.0,0.0,93.15333557864017,283.7359553156174,93428.53217598076,1.1471166966723336,337.67583325237706
6.8,686.4663780172567,93.23299812855605,16.855805298367837,13.981558520323377,0.0,0.0,0.0,0.0,95.77052830048004,283.6879685428878,93345.51266616663,1.1462912483052206,337.64727737437823
6.85,703.0457996108761,93.34697534569764,24.892119458667874,-1.6707635279967643,0.0,0.0,0.0,0.0,96.62332465870422,283.5802023025293,93159.28939004886,1.1444391547372919,337.5831392402729
6.9,718.0424789758855,91.79251458861707,22.72706013370363,9.791309304029738,0.0,0.0,0.0,0.0,95.06973616619348,283.48272388665674,92991.10301196693,1.1427658426680265,337.52511350761847
6.95,722.0741563546633,93.40593406359572,19.858368386037522,8.20680164873519,0.0,0.0,0.0,0.0,95.84557844027051,283.45651798369465,92945.9300813798,1.1423163121914892,337.50951228388715
7.0,738.2414123420308,86.69308742191629,18.20029492330169,3.8852747776306544,0.0,0.0,0.0,0.0,88.66813126561806,283.3514308197768,92764.96251253095,1.1405150281649847,337.44694324225804
7.05,732.7233933393411,87.77490680026729,19.35004843272334,10.467163739174538,0.0,0.0,0.0,0.0,90.48988979376115,283.38729794329424,92826.69614927829,1.1411295769474492,337.4682998808505
7.1,683.0111923784257,80.67610369626686,15.562283601580614,6.976713664825724,0.0,0.0,0.0,0.0,82.4590377828155,283.7104272495402,93384.3599091051,1.1466775169814574,337.6606423597111
7.15,631.2747249737157,73.17864934444005,13.386283493097041,4.833280428095798,0.0,0.0,0.0,0.0,74.5497679763706,284.04671428767085,93967.60917373703,1.1524732560247146,337.8607006900718
7.2,592.1253633546933,72.07844747786761,8.072876038953611,8.43521469654239,0.0,0.0,0.0,0.0,73.01798932685558,284.30118513819446,94410.91574505596,1.1568738085527384,338.0120075847694
7.25,590.409563336117,65.38083527576447,19.263108733800618,3.515072375990562,0.0,0.0,0.0,0.0,68.25010412633321,284.3123378383152,94430.38321828585,1.1570669652611525,338.0186373664679
7.3,603.1579222052048,68.33713276768994,9.538603449640057,6.498365296417734,0.0,0.0,0.0,0.0,69.30495957869144,284.22947350566614,94285.81790565987,1.155632404079485,337.96937511810455
7.35,627.8511236017077,61.74165551560904,18.200515194831304,4.260813787480111,0.0,0.0,0.0,0.0,64.50926532907503,284.06896769658886,94006.30883167736,1.1528575713845834,337.8739351418339
7.4,656.0547560797257,63.626272664963196,15.267577361931316,6.437187248922994,0.0,0.0,0.0,0.0,65.74829938041361,283.8856440854818,93687.8854293309,1.1496945021865534,337.7648942513602
7.45,684.7433440651072,65.40231500009516,13.557597560091065,10.230658087941816,0.0,0.0,0.0,0.0,67.57172207281259,283.6991682635768,93364.88339549214,1.1464838605446883,337.65394229904024
7.5,709.8886200435825,59.74062447147797,20.724517217016466,0.14789269827517804,0.0,0.0,0.0,0.0,63.233453949399035,283.5357239697167,93082.51726246525,1.1436754084294265,337.5566639717102
7.55,731.896999611589,56.76554782401132,12.11164730260595,2.2205702708134063,0.0,0.0,0.0,0.0,58.085715563040615,283.39266950252465,92835.94441218478,1.1412216352725837,337.4714981935209
7.6,749.7954771162348,54.46717058737009,11.812267375166591,-1.542497400213625,0.0,0.0,0.0,0.0,55.75465568511534,283.27632939874445,92635.80741839175,1.1392290574507546,337.402220643957
7.65,763.831907062666,55.06742444353833,10.343493203457706,2.357156462604953,0.0,0.0,0.0,0.0,56.07998995260233,283.18509260409263,92479.09957214346,1.1376682914879979,337.347881518184
7.7,775.0456242831387,53.54152948031545,14.056803867365076,2.7095024530390717,0.0,0.0,0.0,0.0,55.42229260505273,283.11220344215957,92354.05983276117,1.1364225699936288,337.3044636486459
7.75,784.2384235134971,53.02811042444846,11.8413570168518,4.21072261010101,0.0,0.0,0.0,0.0,54.49704960901333,283.05245024716226,92251.6566984168,1.1354021290255727,337.26886630821275
7.8,792.9690204129192,54.25535032389546,11.988313149779438,6.080144331504668,0.0,0.0,0.0,0.0,55.89571402207621,282.99570136731603,92154.48740765086,1.1344336436981048,337.2350552781892
7.85,800.2024061788511,51.0381685542945,11.824688083532918,2.864170153278543,0.0,0.0,0.0,0.0,52.46828916894807,282.94868435983744,92074.04448143803,1.133631722867155,337.20703993791096
7.9,809.7537204251596,48.8033123003983,10.93145530453666,3.627079405545982,0.0,0.0,0.0,0.0,50.143949900057,282.88660081723646,91967.91084996476,1.1325734920945874,337.1700435543211
7.95,818.4973218373843,50.6865369693059,11.591140328184542,6.052800332666505,0.0,0.0,0.0,0.0,52.346116913440746,282.82976740805697,91870.83934759014,1.1316054139938894,337.1361722335292
8.0,827.7882590817453,48.269086124733136,10.716727241418797,6.955704998268583,0.0,0.0,0.0,0.0,49.931300304586614,282.76937631596866,91767.7822545453,1.130577429571983,337.10017689122964
8.05,837.939748829974,45.900003530682085,10.480637451888553,5.521969343551814,0.0,0.0,0.0,0.0,47.404073991015615,282.70339163260513,91655.28676420938,1.1294550472813456,337.06084316543655
8.1,848.5870255912246,46.03238567574079,8.89144950954685,4.117173193384924,0.0,0.0,0.0,0.0,47.06367516976649,282.634184333657,91537.4171315347,1.1282787652451862,337.01958349355124
8.15,859.2407214090268,44.159885660682015,9.064825715349786,3.5043386411408965,0.0,0.0,0.0,0.0,45.216666795839444,282.5649353108413,91419.59931985667,1.1271027123315203,336.97829389052316
8.2,870.8488897845402,40.947278310552456,9.16959569334943,2.44278324698345,0.0,0.0,0.0,0.0,42.03246692989926,282.48948221640046,91291.36593916439,1.12582236381368,336.93329936102316
8.25,881.9289671308227,41.5772652116787,8.039065890783158,6.472500044349472,0.0,0.0,0.0,0.0,42.83910386204087,282.41746171364963,91169.10218542274,1.1246013004570066,336.89034616454114
8.3,893.5382245862315,39.88357609899971,9.477817342270995,2.4940517563086413,0.0,0.0,0.0,0.0,41.070049405635004,282.3420015401895,91041.14143742782,1.1233230067853661,336.845335664539
8.35,904.5874070280407,39.45576293134096,8.92417331163389,6.404000913888434,0.0,0.0,0.0,0.0,40.95618787796713,282.2701818543177,90919.4891177552,1.1221074156184432,336.8024910563974
8.4,915.742604760821,39.23341828904775,8.493966170358805,6.890714035001679,0.0,0.0,0.0,0.0,40.72947964139433,282.19767306905464,90796.80312387145,1.1208811821744513,336.7592298308407
8.45,926.7385471218547,37.14631508748083,7.66939807761364,4.621182987885101,0.0,0.0,0.0,0.0,38.21025678608858,282.12619944370795,90675.99986730955,1.1196734584271082,336.71658077742904
8.5,937.2303941136705,35.05385007553623,10.142038864435968,2.3091005077420723,0.0,0.0,0.0,0.0,36.564536132716846,282.0580024382611,90560.85605222196,1.118522029645487,336.67588188027963
8.55,947.1676434799319,36.459012557059005,5.8557063720997,6.503227768096509,0.0,0.0,0.0,0.0,37.494544471906536,281.99341031738044,90451.90792467403,1.1174323007494769,336.63732978421405
8.6,957.4472944642777,34.284573994887054,8.240575020669123,5.754010697843792,0.0,0.0,0.0,0.0,35.72740866328067,281.9265925859822,90339.3175436789,1.1163058786137592,336.59744467617196
8.65,967.4183442138077,33.563829365161915,8.236425510183329,2.266549891228523,0.0,0.0,0.0,0.0,34.63389373500953,281.86178076261024,90230.21564303561,1.1152141024991793,336.5587524267794
8.7,977.257366252411,32.46679045881066,6.037887375731952,4.652670366365697,0.0,0.0,0.0,0.0,33.34960131990186,281.7978271193593,90122.66297893069,1.1141375836307892,336.5205681447375
8.75,987.3441557437054,35.454109944097205,7.932199521110986,5.279502673395474,0.0,0.0,0.0,0.0,36.7122166267475,281.7322629876659,90012.50969748673,1.1130347811957195,336.4814178032025
8.8,997.0560807902278,32.91250149175126,8.575293180139692,5.678255939510155,0.0,0.0,0.0,0.0,34.48203877505594,281.6691354748635,89906.55318439462,1.1119737525108804,336.4437181361593
8.85,1006.6557549657373,29.80128641351254,5.5842334272010055,2.3226942743681276,0.0,0.0,0.0,0.0,30.408802073772303,281.6067375927227,89801.92059423278,1.11092574784745,336.4064500517008
8.9,1016.5279094870989,30.527558879526968,7.221642883181472,3.762930002506035,0.0,0.0,0.0,0.0,31.59499357934658,281.54256858833384,89694.42094017644,1.1098487845543792,336.36811983092826
8.95,1026.2692659404856,28.655745822643336,5.215034408475386,3.8563663378154653,0.0,0.0,0.0,0.0,29.380604382227393,281.47924977138683,89588.44773289948,1.1087868732563124,336.33029317268944
9.0,1035.610741796438,29.392867828836213,9.5028041960299,2.890994562316237,0.0,0.0,0.0,0.0,31.02582499065674,281.4185301783231,89486.91995269487,1.1077692834597566,336.29401529429975
9.05,1044.9220171590878,29.643482616522135,5.387423457590991,4.257702274646995,0.0,0.0,0.0,0.0,30.428414710710545,281.3580068884659,89385.8131422683,1.1067556946297517,336.25785080540174
9.1,1054.379911211714,27.94714022014445,5.258172413801231,2.766210105181755,0.0,0.0,0.0,0.0,28.571715768635343,281.29653057712386,89283.20898491552,1.1057268719702442,336.2211128751863
9.15,1063.6385060600803,29.306405649929847,5.211220056572363,5.938343573601731,0.0,0.0,0.0,0.0,30.352695942772513,281.23634971060943,89182.85932521461,1.1047204377836581,336.18514520752194
9.2,1072.5674123806925,27.405385714055505,6.193206163244933,3.5399914462410402,0.0,0.0,0.0,0.0,28.318589445028373,281.17831181952545,89086.16953572047,1.1037505056001395,336.15045466414693
9.25,1081.9314872562677,25.878775579194105,5.839130015064454,0.668472542301165,0.0,0.0,0.0,0.0,26.537771578467744,281.1174453328342,88984.85857901482,1.1027340018188416,336.1140695595858
9.3,1090.587145820118,28.84705378425965,5.61240686291284,5.119803372467231,0.0,0.0,0.0,0.0,29.830588485639485,281.0611835521692,88891.29504868071,1.1017950362710704,336.080433578199
9.35,1099.5483106030756,24.69672840888305,5.380659265789746,3.9987454094396107,0.0,0.0,0.0,0.0,25.590425027462413,281.00293598108,88794.51308576776,1.100823573967555,336.04560684930345
9.4,1108.3807576182392,23.734693992413284,3.369591724785951,2.013468033130822,0.0,0.0,0.0,0.0,24.057096683217715,280.94552507548144,88699.20480725057,1.099866707075309,336.0112768376736
9.45,1117.8597376260452,23.684006635820115,4.900662288991367,1.36051512579147,0.0,0.0,0.0,0.0,24.223948121720802,280.8839117054307,88597.01215653768,1.0988405057706925,335.9744299750525
9.5,1126.3330943482279,23.737441101519284,3.338525913954369,4.060889928968953,0.0,0.0,0.0,0.0,24.312603569783377,280.8288348867365,88505.74182816334,1.0979237941781546,335.94148876840563
9.55,1134.8123987481003,23.046362222421777,4.463850086051634,2.850053485138166,0.0,0.0,0.0,0.0,23.64706269594516,280.7737194081373,88414.4836649263,1.097007024926829,335.9085212056225
9.6,1143.2977494428587,21.564872934511847,5.159224830446965,0.7931605337925555,0.0,0.0,0.0,0.0,22.187619276639577,280.7185646286214,88323.23671849146,1.09609018833805,335.8755268954618
9.65,1151.422881198515,22.990872795447608,4.063476862301238,1.9532651040554643,0.0,0.0,0.0,0.0,23.42877121561503,280.6657512722096,88235.93485584213,1.0952128226933058,335.84393021724077
9.7,1160.310713472212,24.476805038162695,4.1799347742790625,4.744205944562115,0.0,0.0,0.0,0.0,25.28029528383465,280.6079803624306,88140.51806167119,1.0942537147388496,335.80936417594137
9.75,1168.6537280760908,22.099950523332936,4.81870567688081,3.194135655150438,0.0,0.0,0.0,0.0,22.84360392139713,280.5537507675054,88051.02628954669,1.0933539842211903,335.7769137700467
9.8,1176.7502362934852,18.443293708778224,5.441532884564341,1.0796552673387105,0.0,0.0,0.0,0.0,19.259569529414353,280.5011234640923,87964.24904194652,1.0924813787709566,335.7454191593904
9.85,1185.1286955102626,20.518321898765397,3.355132663080275,3.2178545130410816,0.0,0.0,0.0,0.0,21.038370573676154,280.44666347918326,87874.52280568368,1.0915789469485182,335.7128246766563
9.9,1192.8562717510633,22.200456607614612,2.922939247312271,2.2681240121983723,0.0,0.0,0.0,0.0,22.506626445666367,280.39643423361804,87791.83268918312,1.0907471264572939,335.6827594998946
9.95,1200.8218956287897,20.251851860042706,4.625110347317136,2.9017448252812508,0.0,0.0,0.0,0.0,20.97496775961817,280.34465767841283,87706.66126713938,1.0898901894363209,335.6517653479924
10.0,1209.4137149669607,20.9107719479317,3.9051068374683884,2.2832791475082863,0.0,0.0,0.0,0.0,21.394476075283915,280.28881085271473,87614.8693468225,1.0889664641669932,335.61833146802405
10.05,1217.5269277304549,19.44775554284915,4.332256927681463,2.5467080272631724,0.0,0.0,0.0,0.0,20.086546928678175,280.236074969752,87528.26211315717,1.088094744874054,335.58675696173447
10.1,1225.1120303401085,17.733370645339544,3.339376127551042,1.285490755192737,0.0,0.0,0.0,0.0,18.090780907631764,280.1867718027893,87447.35508354251,1.087280251012719,335.5572350350785
10.15,1232.9665063682073,18.673194960510713,3.734495648500198,2.728453897431316,0.0,0.0,0.0,0.0,19.23744079788987,280.13571770860665,87363.63859601764,1.0864373232955,335.52666194440906
10.2,1240.2499525645364,19.54694708411059,3.262063857813449,2.6476724441137667,0.0,0.0,0.0,0.0,19.99335815446699,280.0883753083305,87286.06639977559,1.0856561242644438,335.49830906452985
10.25,1247.999196207313,20.147249851264814,1.8239140577466413,3.6491996917620098,0.0,0.0,0.0,0.0,20.556142572226236,280.03800522465247,87203.5944845521,1.0848254372087152,335.46814030490447
10.3,1255.89358317154,16.853692135178253,2.547937203473665,1.3048475719197166,0.0,0.0,0.0,0.0,17.095073845004567,279.98669170938496,87119.6427632105,1.083979691475042,335.4374036944159
10.35,1263.4215166814663,15.748449224782005,2.9976526794097293,0.4653249391149482,0.0,0.0,0.0,0.0,16.037958157785283,279.93776014157044,87039.64900777252,1.083173674769985,335.40809123825994
10.4,1271.1526504522283,17.689538529235776,4.572266125227669,2.862821210976793,0.0,0.0,0.0,0.0,18.49381345702503,279.8875077720605,86957.55791036441,1.0823463787118122,335.37798488922607
10.45,1278.966216851753,17.58697489156843,4.556847706735467,2.427214841182221,0.0,0.0,0.0,0.0,18.329154883526243,279.8367195904636,86874.65523352711,1.081510752915828,335.34755478729767
10.5,1286.353745202116,17.24165286204252,2.37340755552893,1.7024650678906428,0.0,0.0,0.0,0.0,17.48731094671816,279.7887006561862,86796.33173189065,1.0807211439837947,335.31878135991957
10.55,1293.1158710856955,17.219800368568425,4.650889813341054,2.311544079578085,0.0,0.0,0.0,0.0,17.985981675210873,279.74474683794296,86724.6889579663,1.0799987672807922,335.2924416263572
10.6,1300.7156867035417,18.001851886300663,4.250224836001962,3.3368796468864357,0.0,0.0,0.0,0.0,18.795367734382843,279.69534803642694,86644.22825954542,1.0791873437468573,335.26283646625507
10.65,1307.7157701317071,18.153118899754727,4.738285692691602,3.600780362870508,0.0,0.0,0.0,0.0,19.103735140433454,279.6498474941439,86570.17052995968,1.0784403656414938,335.23556525594296
10.7,1315.4041753322479,16.180487006156373,4.921579589857367,1.3459698955388089,0.0,0.0,0.0,0.0,16.96589933883237,279.5998728603404,86488.88973867433,1.0776203926691497,335.20560989694815
10.75,1322.6783480318124,17.69752168325663,4.744561035091744,3.645482174847912,0.0,0.0,0.0,0.0,18.68161324490429,279.5525907377932,86412.04505927337,1.076845037027994,335.1772659948717
10.8,1329.8008974191425,16.092329208854554,2.2221908958951695,3.01817801344349,0.0,0.0,0.0,0.0,16.523032114741728,279.50629416677555,86336.85571352589,1.0760862565605673,335.1495105722252
10.85,1337.0840831766545,14.385850323265602,3.039136191895792,2.2743182613272133,0.0,0.0,0.0,0.0,14.878224419267855,279.45895345935173,86260.02539749275,1.075310786200731,335.1211267985199
10.9,1343.330403263384,14.582663998989288,3.081194134335469,1.3592194390701458,0.0,0.0,0.0,0.0,14.966473334905178,279.418352378788,86194.17708543647,1.0746460557656845,335.0967819458485
10.95,1350.2093510024984,13.576874621254156,2.835436985881709,0.5712588745121351,0.0,0.0,0.0,0.0,13.88155481507277,279.37363921848373,86121.70675386373,1.0739143651820133,335.06996939853036
11.0,1357.40683042269,15.269707966963736,4.309843531404611,2.7319843136884563,0.0,0.0,0.0,0.0,16.09976617692896,279.32685560225246,86045.93348901786,1.0731492015238013,335.041912991311
11.05,1364.3215905081227,14.716689037384176,3.789698089117529,2.7858241097163816,0.0,0.0,0.0,0.0,15.450034427146164,279.28190966169717,85973.18747635676,1.0724144866383967,335.01495643589743
11.1,1370.783231778283,13.180199571674311,3.053923647489336,0.6449237710909018,0.0,0.0,0.0,0.0,13.544742044955171,279.23990899344113,85905.25347298213,1.0717282649242628,334.9897643618297
11.15,1377.7315709834597,14.889292412229914,3.099545733239016,2.607456274355312,0.0,0.0,0.0,0.0,15.430393401077055,279.19474478860747,85832.25111327355,1.0709907311234397,334.96267267890863
11.2,1384.7067907255841,13.519508367507578,3.0935159601108446,1.7963560199543813,0.0,0.0,0.0,0.0,13.984771805252823,279.1494058602837,85759.01686878469,1.0702507346913563,334.9354739842769
11.25,1391.162999552468,13.004486086489198,3.4044121714774063,1.9291200080997126,0.0,0.0,0.0,0.0,13.580433888968544,279.10744050290896,85691.27692255116,1.0695661484271026,334.9102971168609
11.3,1397.4008235480358,14.55055275978375,2.7923155798477275,2.4212819548292464,0.0,0.0,0.0,0.0,15.012601980252876,279.0668946469377,85625.8694769358,1.0689050369197959,334.8859700730457
11.35,1404.0190987167268,12.519096929185592,1.5416743098241366,1.2320772689060107,0.0,0.0,0.0,0.0,12.673695672394485,279.0238758583412,85556.51697109967,1.0682039454090881,334.8601573660139
11.4,1410.6631279470503,13.60865794026914,1.7465082249436943,3.0984115594343535,0.0,0.0,0.0,0.0,14.06577463585574,278.98068966834416,85486.9403474569,1.067500479608595,334.83424221100427
11.45,1417.5788658037613,13.712182328000939,3.35738773082653,2.4319590371772746,0.0,0.0,0.0,0.0,14.32516741018945,278.9357373722755,85414.56704892655,1.0667686219718466,334.80726512098926
11.5,1423.4293755874087,13.530910576936346,3.429767661892771,2.4360589144583074,0.0,0.0,0.0,0.0,14.169799938260423,278.8977090586818,85353.38012446201,1.0661497918202334,334.78444160297005
11.55,1429.9663087354515,12.439844601563573,2.9335104367450344,1.8618702322228806,0.0,0.0,0.0,0.0,12.915950524648974,278.8552189932195,85285.05630292288,1.0654586810165865,334.75893842704954
11.6,1435.998629853736,11.486332985296164,2.7145996451433283,0.29479297670936017,0.0,0.0,0.0,0.0,11.806430433523595,278.8160089059507,85222.04596729451,1.0648212239407053,334.73540221947604
11.65,1442.3063259957562,11.524813890754986,2.4149550975962906,2.3646378260527747,0.0,0.0,0.0,0.0,12.01019797456915,278.7750088810276,85156.19953631671,1.0641549790944225,334.71078981565347
11.7,1448.2921012832799,13.274889396750503,3.439517780256874,2.77413680147129,0.0,0.0,0.0,0.0,13.991025911273965,278.73610134165864,85093.75175913653,1.063523031813536,334.6874318616885
11.75,1454.3445448344908,10.807545959683596,0.1006233791604707,0.4405812303535859,0.0,0.0,0.0,0.0,10.816990642301894,278.6967604585758,85030.64616116344,1.0628843379988098,334.6638120942984
11.8,1460.3867860115356,10.162377957995016,2.072758609877644,0.6867682315238692,0.0,0.0,0.0,0.0,10.394320786842941,278.657485890925,84967.68474257948,1.06224701354571,334.640230478922
11.85,1466.3495682920434,12.22554406806329,4.287200471460224,4.101415869467691,0.0,0.0,0.0,0.0,13.589173182242092,278.6187278061017,84905.58831637225,1.0616183569280448,334.6169573459153
11.9,1473.1038678231328,11.464053357183433,2.509837992769195,1.4423337470659638,0.0,0.0,0.0,0.0,11.823879767835166,278.5748248591496,84835.29342113488,1.060906594438506,334.5905929134088
11.95,1478.7834123696107,11.340476767497176,2.9234176972824564,1.9318831153555696,0.0,0.0,0.0,0.0,11.869496902494367,278.53790781959754,84776.2204433144,1.0603083713488355,334.56842202374935
12.0,1484.6573115472302,9.499704797305299,2.9334252883699103,1.2782226314253053,0.0,0.0,0.0,0.0,10.024132294312622,278.499727474943,84715.16102325809,1.059689948498203,334.54549089825633
12.05,1490.4949988800945,10.65899620303388,3.057468834970434,2.0588671606272992,0.0,0.0,0.0,0.0,11.278353147433167,278.46178250727934,84654.5133133914,1.0590756115803994,334.52269958285393
12.1,1496.3821565047456,10.218677437395204,1.525180304697372,0.6975900650361304,0.0,0.0,0.0,0.0,10.355393542990228,278.42351598271915,84593.38726689668,1.0584563445678927,334.49971355439953
12.15,1501.5777641705706,10.160793927712266,2.2166780485932813,0.5817563983138881,0.0,0.0,0.0,0.0,10.416037409664431,278.38974453289126,84539.47124033823,1.0579100514851936,334.4794263260941
12.2,1507.649858672426,9.231664178481871,1.5926808409886712,1.5250518288813226,0.0,0.0,0.0,0.0,9.491366542616085,278.3502759186292,84476.49497265188,1.0572718734258275,334.4557151304482
12.25,1513.650907195732,9.621702848162782,2.7254373621333023,1.6613124003218103,0.0,0.0,0.0,0.0,10.13731391467774,278.31126910322774,84414.29288157445,1.0566414517227682,334.43227971371743
12.3,1519.162550046987,9.882794623859489,0.5003892053391029,1.62338529731338,0.0,0.0,0.0,0.0,10.027731486120835,278.2754434246946,84357.19625829879,1.0560626964209168,334.4107540870688
12.35,1524.6049052467094,8.834571632907133,1.329978174508393,1.1155033822044373,0.0,0.0,0.0,0.0,9.003490749556287,278.24006811589635,84300.84809322457,1.055491454729283,334.3894977025075
12.4,1530.7608995570813,9.397949332672784,2.835815158558306,0.9477593003257009,0.0,0.0,0.0,0.0,9.862126898613084,278.200054152879,84237.14790692687,1.0548455928429223,334.3654524056238
12.45,1535.5934930902679,8.843891872881048,1.1124215058705738,-0.3347813166636177,0.0,0.0,0.0,0.0,8.919864550312512,278.16864229491324,84187.16914556884,1.054338788655761,334.34657509694455
12.5,1541.2550888501862,8.502838560908733,1.630232067798814,0.8057336486225599,0.0,0.0,0.0,0.0,8.695120867491074,278.13184192247377,84128.64737527503,1.053745282252126,334.3244581441575
12.55,1546.475212385038,8.781350895123126,0.8473436883514027,0.4227423745707396,0.0,0.0,0.0,0.0,8.83226052518416,278.0979111194972,84074.71812830755,1.0531982819923411,334.30406450055665
12.6,1552.061208104822,7.655454718158595,1.7336848078252127,0.6374482251609347,0.0,0.0,0.0,0.0,7.875150169642573,278.06160214731864,84017.04005350043,1.05261318377135,334.28224011296646
12.65,1556.9846062485558,7.001829654572034,0.9141229116755183,-0.13444052143359908,0.0,0.0,0.0,0.0,7.062528829187021,278.0296000593844,83966.23018433359,1.052097694720901,334.26300330109046
12.7,1562.8220277115804,7.917790793046076,1.9916494963741196,0.9097923577899749,0.0,0.0,0.0,0.0,8.214974187004213,277.9916568198747,83906.0197620545,1.051486755973989,334.24019376221503
12.75,1567.7506520861907,8.231015583221492,2.3901519841021055,0.800148563139214,0.0,0.0,0.0,0.0,8.608291454257111,277.95962076143974,83855.21040473724,1.0509711423769095,334.22093410706606
12.8,1573.4545363805057,8.351670577791873,2.174392101970855,1.0696071674346288,0.0,0.0,0.0,0.0,8.696116486437795,277.9225455135267,83796.43996962944,1.0503746655765829,334.19864357223383
12.85,1578.2800907660862,10.598551155259154,2.92553570467296,2.3663511087040106,0.0,0.0,0.0,0.0,11.246673433492507,277.8911794100204,83746.74552649299,1.049870241329866,334.1797843519337
12.9,1583.5471067814003,7.58531576205317,1.7046295276092354,0.2752468801717824,0.0,0.0,0.0,0.0,7.779366161937221,277.8569438059209,83692.53207149777,1.0493198818227853,334.1591985974431
12.95,1588.5098933901227,7.641110123338997,0.47065504250500634,0.14264452799638777,0.0,0.0,0.0,0.0,7.656920239064555,277.8246856929642,83641.47605968367,1.0488015137553055,334.1398007412938
13.0,1593.784366480746,7.8262028039646125,1.810462668085359,0.758853042295679,0.0,0.0,0.0,0.0,8.068648173090443,277.79040161787515,83587.24113781561,1.0482508044929781,334.1191833735014
13.05,1598.3359390744185,8.830114250608169,3.1710687733831766,3.11630000010857,0.0,0.0,0.0,0.0,9.886249062965996,277.76081639601625,83540.462353774,1.047775751326492,334.10139072602954
13.1,1603.776244006453,7.758033445237791,1.5512549556183817,1.336162209130503,0.0,0.0,0.0,0.0,8.023640341133646,277.725454413958,83484.57743733266,1.0472081561861055,334.08012267319543
13.15,1608.092530966558,8.737067146248833,2.135297273228042,1.7808603879117946,0.0,0.0,0.0,0.0,9.168822197226271,277.69739854871733,83440.26040780755,1.0467579988928453,334.0632478360543
13.2,1613.6849096810827,7.924818672337087,2.1499878338130776,1.6109286768868551,0.0,0.0,0.0,0.0,8.367812729559812,277.6610480870729,83382.86956988685,1.0461749747004765,334.0413827578134
13.25,1618.9184312339382,7.299188257772756,0.9640213979223019,1.2956014056268332,0.0,0.0,0.0,0.0,7.475698594801825,277.6270301969794,83329.19039948529,1.045629587629813,334.0209194425704
13.3,1623.6963163782623,7.254268274710205,2.5234958613300638,2.14313981874327,0.0,0.0,0.0,0.0,7.974050905675225,277.59597394354125,83280.20903658554,1.0451318725421648,334.00223659234814
13.35,1628.303787025189,6.086994350861045,0.6828143892054546,-0.03396543625831683,0.0,0.0,0.0,0.0,6.125266473254899,277.5660253843362,83232.99679275806,1.0446520813148668,333.9842191200105
13.4,1633.2644090962863,7.004874322806012,2.0294894880144896,0.8585159058336088,0.0,0.0,0.0,0.0,7.343305891819951,277.5337813408741,83182.19007568044,1.0441357036493526,333.96481956556005
13.45,1637.7733981111799,7.247964749192863,1.3458440099022,0.7697079669900369,0.0,0.0,0.0,0.0,7.411932235185366,277.5044729122773,83136.03077666194,1.0436665083190462,333.9471852393083
13.5,1642.7960187399,5.7185575025540984,0.18923729180515836,-0.502529665259959,0.0,0.0,0.0,0.0,5.7437136703611715,277.4718258781906,83084.63776414808,1.0431440555543399,333.92754104096963
13.55,1647.237348728698,7.440789860325232,1.4396722315732933,1.4226377415032934,0.0,0.0,0.0,0.0,7.7111547788532695,277.4429572332634,83039.21413243862,1.0426822353256435,333.9101693919063
13.6,1651.5483847246255,5.803595357573691,0.23290296541788758,-0.1357667640249839,0.0,0.0,0.0,0.0,5.809853309677032,277.4149354992899,82995.14231517304,1.0422341129977986,333.893306505386
13.65,1656.4016304215993,5.654314770834466,0.51453822512339,0.20049139321403864,0.0,0.0,0.0,0.0,5.681216587276254,277.3833894022596,82945.55014119123,1.041729805531084,333.8743217126559
13.7,1661.2133038027287,6.015045285360444,0.9625464674546577,0.3770139072284562,0.0,0.0,0.0,0.0,6.103229061176552,277.3521135252822,82896.40645794787,1.041230002214032,333.8554984756207
13.75,1665.0464027022163,6.743673942453933,1.19266741827497,1.4164301116287956,0.0,0.0,0.0,0.0,6.993273058724048,277.3271983824356,82857.27424984891,1.040831977737995,333.84050265650717
13.8,1670.0167751360427,6.8043813695967446,2.055513358415556,0.8971708881272865,0.0,0.0,0.0,0.0,7.164471829244858,277.2948909616157,82806.55386111826,1.0403160334565142,333.8210566018035
13.85,1674.1632055327668,5.151403823665821,0.415901153148027,-0.865213594149028,0.0,0.0,0.0,0.0,5.240088709856827,277.267939164037,82764.2606633922,1.0398857673285504,333.804833266164
13.9,1679.0555032886402,5.307626173952403,0.5974641457278134,-0.031795955806114745,0.0,0.0,0.0,0.0,5.3412423639693145,277.2361392286238,82714.3821847285,1.0393782792479793,333.78569063368644
13.95,1683.3996338606394,6.305115151131125,1.9681531936862862,1.2168857393555874,0.0,0.0,0.0,0.0,6.7163170685642735,277.2079023799058,82670.11284386627,1.038927812510791,333.76869195509147
14.0,1687.7446949209084,7.014497299629352,2.3840655878854777,2.021539853993481,0.0,0.0,0.0,0.0,7.679424748972489,277.17965948301406,82625.8532142429,1.0384773987087443,333.7516887694186
14.05,1691.6731099032518,5.2367009824799045,-0.49730595168675706,0.15769705928234057,0.0,0.0,0.0,0.0,5.262624701799983,277.1541247856288,82585.85413939675,1.0380703034993612,333.7363152664101
14.1,1696.1894753781687,4.53388420628413,-0.14938360103685178,-0.8598584372809122,0.0,0.0,0.0,0.0,4.617117930962408,277.1247684100419,82539.88793608581,1.0376024308208414,333.71863999624526
14.15,1700.1575251677546,5.100562485746161,1.6549351732823092,1.0836723220426512,0.0,0.0,0.0,0.0,5.470730645931063,277.09897608640955,82499.51942271991,1.0371914940339242,333.7031098444325
14.2,1704.1593107223327,4.86999331780348,0.9525859198198677,0.7132954099761798,0.0,0.0,0.0,0.0,5.013286865119799,277.0729644803048,82458.82389523456,1.036777189636692,333.6874469255625
14.25,1708.600632612259,5.348361843903979,0.9739022365119923,0.6517318222569125,0.0,0.0,0.0,0.0,5.475236465008004,277.0440958880203,82413.67760493241,1.0363175283366437,333.67006280833573
14.3,1712.58975504614,5.316141559812964,1.3626970079647795,1.037071487118986,0.0,0.0,0.0,0.0,5.585142924660206,277.0181665922001,82373.14501168144,1.0359048010214194,333.6544479074233
14.35,1716.7186939864037,4.607886793659589,1.1838307814278348,0.15553785449487634,0.0,0.0,0.0,0.0,4.760070172425965,276.99132848908835,82331.20877572928,1.0354777402974416,333.63828494330494
14.4,1721.364685239676,5.927340278725406,1.8076740469897996,1.0516490243989196,0.0,0.0,0.0,0.0,6.285460516977277,276.9611295459421,82284.04168670067,1.0349973613426104,333.62009701249673
14.45,1724.9875743811776,4.665795847960125,0.6537692896462193,0.33074755880923534,0.0,0.0,0.0,0.0,4.722971429787051,276.93758076652233,82247.27653301146,1.0346228858290738,333.60591359063517
14.5,1729.3462350362875,4.469149747222546,1.3884864062250104,0.8111779772257154,0.0,0.0,0.0,0.0,4.749653005652833,276.9092494722641,82203.06238397353,1.034172495570021,333.58884886251633
14.55,1732.715816390031,4.001961652952351,1.1284571122672011,-0.33643867831897334,0.0,0.0,0.0,0.0,4.171606825936088,276.8873471934648,82168.89462396318,1.0338244119244315,333.57565591127553
14.6,1736.7001880606565,3.880160000958084,0.14839672275648647,-0.48423750284949685,0.0,0.0,0.0,0.0,3.9130741341719832,276.8614487776057,82128.50769212074,1.033412935024184,333.5600551928489
14.65,1740.9506209914641,5.666966943197459,0.048408389148440256,0.2739776849031843,0.0,0.0,0.0,0.0,5.673792512883918,276.83382096355547,82085.44159504851,1.0329741193877529,333.5434119130882
14.7,1744.4626729904933,4.2250496552600945,0.1698692398628746,-0.3825647573104433,0.0,0.0,0.0,0.0,4.245733851950806,276.81099262556177,82049.8706957487,1.0326116419306797,333.5296592605139
14.75,1748.5567487510607,3.3975235563827244,0.28744597768155716,0.5235857822863439,0.0,0.0,0.0,0.0,3.4496280346833372,276.7843811331181,82008.42067784841,1.0321892168816214,333.5136267770271
14.8,1752.2709911686693,3.5637640326389666,1.1309138999216637,0.6533221889154943,0.0,0.0,0.0,0.0,3.7955513712630093,276.7602385574036,81970.83091130047,1.0318060972664895,333.4990810617981
14.85,1755.811531812841,3.9688190107978665,0.2947145966988772,-0.17175139456343444,0.0,0.0,0.0,0.0,3.98345071207269,276.73722504321654,81935.01207248238,1.031440996066097,333.48521500677873
14.9,1759.7022451325781,4.173276808894047,1.3942831782992722,0.7542014570215636,0.0,0.0,0.0,0.0,4.464200347510699,276.71193540663825,81895.66523406519,1.0310398989846514,333.46997688227606
14.95,1763.5500111647955,3.3398255614890227,-0.3086467437898134,-0.37584558341206864,0.0,0.0,0.0,0.0,3.3750492583365177,276.68692492742883,81856.76777128925,1.0306433467454879,333.45490627757425
15.0,1767.1829449102265,4.612161657198983,0.6089032342787266,0.32384423482234237,0.0,0.0,0.0,0.0,4.663440081021652,276.6633108580835,81820.05580179072,1.0302690423064012,333.44067648464545
15.05,1770.8242627437085,4.353128135485338,1.577750441354986,0.8952140308694585,0.0,0.0,0.0,0.0,4.715975952039562,276.6396422921659,81783.27248801998,1.0298939784136751,333.4264132427914
15.1,1774.736087550401,3.208258255788856,0.7208100124036312,-0.2742631606078908,0.0,0.0,0.0,0.0,3.299652768259913,276.6142154309224,81743.77152823577,1.02949116809214,333.4110897304179
15.15,1778.2160277938626,4.063852538671143,0.5386425446445561,0.002658136888725033,0.0,0.0,0.0,0.0,4.099395115459935,276.5915958193399,81708.64465321322,1.029132931310003,333.39745741669674
15.2,1781.6001362358354,3.641896124451712,0.8887901720896624,0.7444497513012854,0.0,0.0,0.0,0.0,3.8219838805929203,276.56959911446705,81674.49683774982,1.0287846512481074,333.38419997973944
15.25,1785.197747381198,2.9582071901772657,0.9588766370554878,-0.29236954260402254,0.0,0.0,0.0,0.0,3.123445875079285,276.54621464202216,81638.20731705152,1.0284144971601057,333.3701055556563
15.3,1789.2006921656284,3.6529238078709585,1.0950648350901466,0.5183014168555528,0.0,0.0,0.0,0.0,3.8485913913893155,276.52019550092336,81597.84449581103,1.0280027585211338,333.3544224484746
15.35,1792.0529572675127,3.2474142177174885,0.8997337782404693,0.2786191010303836,0.0,0.0,0.0,0.0,3.38124955846201,276.50165577776113,81569.0941626315,1.0277094545225205,333.3432471303549
15.4,1795.6374071442574,3.2510643095700513,0.18952588402580936,-0.4589737026181119,0.0,0.0,0.0,0.0,3.2887681683832533,276.47835685356233,81532.97516691194,1.0273409493184027,333.3292025441832
15.45,1798.850511295992,2.5027240625858087,0.7148931558808614,-0.04518781553597531,0.0,0.0,0.0,0.0,2.6032176045125817,276.457471676576,81500.60907471864,1.0270107068449363,333.31661246128374
15.5,1802.3955817968838,4.482319061700817,1.4504816844008972,1.5799972985157544,0.0,0.0,0.0,0.0,4.96905149409684,276.43442871832025,81464.91110691085,1.0266464391488028,333.3027210645472
15.55,1805.6136161705906,3.8132438056810285,0.9710908960051088,0.8473780861750666,0.0,0.0,0.0,0.0,4.025157819365404,276.41351149489117,81432.51727457636,1.0263158610881642,333.29011066104545
15.6,1808.6331650293064,3.7887872652433514,0.6453822788130474,0.6973444981245926,0.0,0.0,0.0,0.0,3.906112719333731,276.3938844273095,81402.13095113642,1.0260057468509742,333.27827762217396
15.65,1811.5345334265166,3.191761231792137,1.4938509144526528,1.0725184441131153,0.0,0.0,0.0,0.0,3.683643051158066,276.3750255327276,81372.94255123589,1.0257078375429698,333.2669073142985
15.7,1815.6522461787847,1.8541138042289516,-0.6350245289033041,-0.24854788601559075,0.0,0.0,0.0,0.0,1.9755430147136854,276.3482603998379,81331.53201085069,1.025285148948583,333.2507695518239
15.75,1817.882865390873,3.465067226081672,1.197366273090221,0.8198013364572365,0.0,0.0,0.0,0.0,3.756654243400152,276.3337613749593,81309.1065026778,1.0250562286259972,333.2420271870805
15.8,1821.583420655079,3.2277463957517267,0.8214626344612059,0.4326914466372347,0.0,0.0,0.0,0.0,3.358626139226757,276.30970776574196,81271.91405037776,1.024676540368806,333.2275232627382
15.85,1825.0502257222668,3.153554716456762,0.26416453701407483,0.3561322388175741,0.0,0.0,0.0,0.0,3.184575391449819,276.28717353280524,81237.08340495349,1.0243209332177072,333.21393492413915
15.9,1828.9170226590447,3.263559535500593,0.507640482863811,0.5244483215112175,0.0,0.0,0.0,0.0,3.344183868081267,276.2620393527162,81198.24834164875,1.0239244083344905,333.1987781410311
15.95,1831.4238626172234,2.441506179944855,0.7188567598978213,0.041390736908407964,0.0,0.0,0.0,0.0,2.5454706168136245,276.245744892988,81173.07964820038,1.023667404464163,333.1889516477776
16.0,1835.27634598587,2.13067875422787,0.11776610374607199,-0.43978191566892755,0.0,0.0,0.0,0.0,2.1787769372423123,276.22070375109183,81134.41299802101,1.023272540015614,333.1738498388661
16.05,1837.885667436576,2.7639709839552644,0.23523059943475716,0.3631780293592318,0.0,0.0,0.0,0.0,2.797636022799664,276.20374316166226,81108.23220277562,1.0230051609888189,333.16362085974697
16.1,1841.475693092799,2.842551399004171,-0.15306363280567806,-0.01939925558070278,0.0,0.0,0.0,0.0,2.84673554493306,276.18040799489677,81072.22262953954,1.0226373758656397,333.14954684181873
16.15,1843.834757537874,2.5297185501781465,0.25482463779387193,0.12165797107098617,0.0,0.0,0.0,0.0,2.5454296692439393,276.1650740760038,81048.56720038425,1.022395753340332,333.14029825123777
16.2,1846.5659035759127,1.3215795375872346,-0.33460267085104184,-1.0323414519610876,0.0,0.0,0.0,0.0,1.7100468692252462,276.14732162675654,81021.18771830996,1.0221160756452994,333.12959061323966
16.25,1849.095593457993,3.4558635593878893,0.40677199092276106,0.4280777735039928,0.0,0.0,0.0,0.0,3.505953076393427,276.13087864252304,80995.83449687531,1.0218570798925142,333.11967249033904
16.3,1852.326038331647,0.3903357124543787,-0.12706514357590848,-0.7535915543266494,0.0,0.0,0.0,0.0,0.8581420336294505,276.1098807508443,80963.46746377976,1.0215264121521297,333.10700649692404
16.35,1855.599627929471,4.451994338328235,0.014459302234024807,0.056454545064669515,0.0,0.0,0.0,0.0,4.45237574510353,276.08860241845844,80930.67883254935,1.0211914116397434,333.094170849485
16.4,1858.3598480868422,-0.3455103523141776,0.7332943169832229,1.113073814156658,0.0,0.0,0.0,0.0,1.3769645146616558,276.07066098743553,80903.04052174892,1.0209090117471389,333.0833477239904
16.45,1860.9538209988395,7.303531959305476,-0.01308719760741861,-0.09154258701815288,0.0,0.0,0.0,0.0,7.304117359447045,276.0538001635075,80877.07382494592,1.0206436751762655,333.073176151591
16.5,1864.322424945083,-6.298693758324405,1.0826620610696787,0.29800453193228,0.0,0.0,0.0,0.0,6.3980080416241,276.03190423785696,80843.36283741514,1.0202991806176689,333.0599666067172
16.55,1866.47399216483,19.427260542961783,1.072073694125393,2.4744242680827035,0.0,0.0,0.0,0.0,19.61353027040854,276.0179190509286,80821.83718567628,1.0200791944226046,333.051529239841
16.6,1869.558808631724,-64.2783556615169,-0.9495419243204476,-9.137223449757832,0.0,0.0,0.0,0.0,64.93148303238813,275.9978677438938,80790.98281021144,1.0197638518143233,333.0394317648266
16.65,1872.5973616854085,-35.740929489529606,-7.598877197853995,3.413181639761876,0.0,0.0,0.0,0.0,36.69886625428094,275.9781171490448,80760.60048705731,1.0194533113564233,333.02751528768107
16.7,1876.332667098619,27.904662135365736,-4.397736996894826,-4.272864510534548,0.0,0.0,0.0,0.0,28.570397804513632,275.95383766385896,80723.26405363361,1.0190716618687377,333.0128657304024
16.75,1879.4925467803596,8.676519482006828,3.615293599945247,4.66173123644804,0.0,0.0,0.0,0.0,10.49209589435421,275.9332984459276,80691.69023124546,1.0187488910352374,333.0004724418044
16.8,1884.6119885598696,32.93338023598563,9.429320084426582,-10.785259704306334,0.0,0.0,0.0,0.0,35.91436255750495,275.90002207436083,80640.55750095102,1.0182261236856844,332.9803926224837
16.85,1889.1725536616875,36.782842531959474,-2.8130801045986704,12.546167441773509,0.0,0.0,0.0,0.0,38.965333847958156,275.870378401199,80595.02890313829,1.0177605984071758,332.96250384703956
16.9,1893.3347389567132,86.72443503712283,5.214793443723601,-44.94506325030786,0.0,0.0,0.0,0.0,97.81809860012112,275.84332419678134,80553.49554103217,1.0173358803644414,332.94617687392133
16.95,1892.138126804127,214.41569223657663,22.01406494128192,-74.19509629013335,0.0,0.0,0.0,0.0,227.9553036146154,275.8511021757732,80565.43444627685,1.0174579712666048,332.95087089746136
17.0,1897.9762275997457,117.83029615364438,-5.128104875282794,1.2756693545251765,0.0,0.0,0.0,0.0,117.94873243731581,275.81315452060164,80507.19977743461,1.0168624131390982,332.9279687968468
17.05,1902.800468974845,42.87521139896298,11.62524431516187,29.364693926688005,0.0,0.0,0.0,0.0,53.251434791008556,275.78179695166347,80459.10401319776,1.0163704824238864,332.9090427443583
17.1,1906.2060029754982,196.94481800817394,5.741142221138405,-96.43909056483932,0.0,0.0,0.0,0.0,219.36435499699894,275.75966098065925,80425.16620734676,1.0160233277702901,332.8956817958105
17.15,1912.2328814516952,45.82962406318355,38.294023516114436,46.04848141908197,0.0,0.0,0.0,0.0,75.41385363332785,275.720486270564,80365.13383552301,1.0154091798139186,332.87203519904097
17.2,1917.4565524273175,23.84486197602064,-5.504158777917641,67.96947103570734,0.0,0.0,0.0,0.0,72.2407239677307,275.6865324092224,80313.13138993084,1.0148771096936302,332.8515386464275
17.25,1922.2873499466568,200.2727806368352,10.324429610825788,-58.81470231168338,0.0,0.0,0.0,0.0,208.98552514184024,275.65513222534673,80265.06431359646,1.0143852465440122,332.8325825207023
17.3,1927.5600596232546,129.00719670854562,104.53412159771247,-77.41146472876213,0.0,0.0,0.0,0.0,183.20145810624734,275.62085961244884,80212.62674378265,1.0138485968707378,332.81189109233287
17.35,1933.5925191178867,71.04545479636268,76.98801144547215,-1.1948210340969325,0.0,0.0,0.0,0.0,104.76658890530742,275.5816486257337,80152.66742093975,1.0132348872578603,332.7882166381851
17.4,1927.5877864721087,43.69803531520205,28.007475103887117,14.40279444761533,0.0,0.0,0.0,0.0,53.864435762418985,275.62067938793126,80212.35107112648,1.0138457754415928,332.8117822818596
17.45,1920.4691630499806,123.06113852273666,47.365139993868596,-28.201706157980787,0.0,0.0,0.0,0.0,134.84374858098556,275.6669504401751,80283.15277989813,1.0145703496690515,332.8397172414872
17.5,1916.7828124427795,40.32410244113157,31.927235932091293,-22.430552810922077,0.0,0.0,0.0,0.0,56.11159711993466,275.6909117191219,80319.83704384827,1.0149457231873344,332.85418232698163
17.55,1912.6704722453412,33.81236798406368,31.293092842403645,-7.866640550333074,0.0,0.0,0.0,0.0,46.73775691965943,275.71764193040525,80360.77650601068,1.0153645997172052,332.8703182360541
17.6,1910.3230476433746,59.76976114093278,23.495436677864845,-3.823235344980933,0.0,0.0,0.0,0.0,64.33565900828891,275.73290019031805,80384.1533290192,1.0156037639958635,332.8795286578661
17.65,1905.865392274933,52.73082703917549,13.231342093619002,-3.9830567740441136,0.0,0.0,0.0,0.0,54.51122155207195,275.7618749502129,80428.56003717473,1.0160580449934287,332.8970181396074
17.7,1901.981351813564,23.538326003613474,3.5087977700591795,-8.819625728049397,0.0,0.0,0.0,0.0,25.380115264246324,275.78712121321183,80467.2686446599,1.0164539954450893,332.9122563108085
17.75,1900.2536463525375,26.16219014597096,9.150096337154656,-7.448866643633508,0.0,0.0,0.0,0.0,28.699652793854266,275.7983512987085,80484.49191986091,1.01663016072389,332.9190343558205
17.8,1901.6232871278876,37.068167935123974,9.199489834866935,-3.8476437797398413,0.0,0.0,0.0,0.0,38.385987677069664,275.7894486336687,80470.83790061419,1.0164905035489185,332.91366106306367
17.85,1903.9576500773355,26.978662232192487,4.469368355858084,2.278271705538498,0.0,0.0,0.0,0.0,27.441100402559155,275.7742752744973,80447.57083914115,1.016252511068231,332.90450283010927
17.9,1906.8105618099044,34.77563773458126,10.266860328294348,-3.08696728061708,0.0,0.0,0.0,0.0,36.39069617139987,275.7557313482356,80419.1426956592,1.0159617094984814,332.8933098710688
17.95,1907.7144983224925,43.979585270346675,15.477971411082756,-1.4505320479381527,0.0,0.0,0.0,0.0,46.64628133920308,275.74985576090376,80410.13702099922,1.0158695831768956,332.88976333710593
18.0,1908.9472041120478,33.02832320555524,9.717798635364938,-3.3465479680688364,0.0,0.0,0.0,0.0,34.59053522845093,275.74184317327166,80397.85722323519,1.0157439600415206,332.8849268381533
18.05,1909.483210345338,11.478068845669972,1.0907103409437793,-8.039728879703102,0.0,0.0,0.0,0.0,14.056064667356699,275.7383591327553,80392.51818430766,1.01568934018498,332.8828238054351
18.1,1910.444533829593,6.175248255279284,-0.42918327919965094,-5.066268837321344,0.0,0.0,0.0,0.0,7.999060521929295,275.7321105301076,80382.9433739894,1.0155913854776306,332.87905199747
18.15,1910.0851872460096,12.51325258312146,2.6662987251085633,-3.6792969044997257,0.0,0.0,0.0,0.0,13.312695625303416,275.73444628290093,80386.52236850526,1.01562800049519,332.8804619194545
18.2,1910.3503078072902,10.460804026003911,3.706056092842424,-2.3632302318154794,0.0,0.0,0.0,0.0,11.346723305092125,275.7327229992526,80383.88182713593,1.015600986382484,332.87942170057556
18.25,1909.514086859407,11.729604654526998,3.6824803240113875,-2.987218385173474,0.0,0.0,0.0,0.0,12.65178882091188,275.7381584354138,80392.21063896088,1.0156861938893287,332.8827026603211
18.3,1908.9061380583416,12.003747865083904,3.696292432189768,-0.9258011043742982,0.0,0.0,0.0,0.0,12.594032246966433,275.74211010262076,80398.26628490754,1.0157481448279957,332.8850879612065
18.35,1908.5062828848893,9.433538563633867,2.0552000655014333,0.10721585212325552,0.0,0.0,0.0,0.0,9.655412595003433,275.7447091612482,80402.24935678538,1.015788892274719,332.886656792715
18.4,1908.5481711802092,6.109068703246824,0.46275442683622764,-0.3890112252237172,0.0,0.0,0.0,0.0,6.138908031066797,275.7444368873286,80401.83208798889,1.0157846235678414,332.8864924443627
18.45,1908.0541056113925,4.21436644190771,0.4986889573906346,-0.03146926159049446,0.0,0.0,0.0,0.0,4.2438856602559705,275.74764831352593,80406.75381659697,1.0158349731385887,332.8884309010403
18.5,1908.3637122779812,2.104396010942405,-0.7032379107438267,-1.615810227039242,0.0,0.0,0.0,0.0,2.744789394431248,275.7456358701931,80403.66958206697,1.0158034213080371,332.88721616660877
18.55,1907.9592330886762,3.3264556052780656,0.7819510726530735,-0.28376686028497067,0.0,0.0,0.0,0.0,3.4288887419840766,275.7482649849236,80407.69893528764,1.015844641690811,332.88880313025135
18.6,1908.4960884739503,3.4211452378262592,0.3341577514459043,-1.0982446128235426,0.0,0.0,0.0,0.0,3.608606014896695,275.7447754249193,80402.35090832059,1.0157899311577467,332.8866967903829
18.65,1908.259225038092,4.364279739290311,0.8776568113784157,-1.101335117852316,0.0,0.0,0.0,0.0,4.585865039788416,275.7463150372524,80404.71045060181,1.0158140694564561,332.887626120318
18.7,1908.610274116511,4.436835619049333,0.9145970607428563,-1.19371972408373,0.0,0.0,0.0,0.0,4.684758785001731,275.74403321824263,80401.2134549765,1.0157782948745537,332.8862487838979
18.75,1908.7387628353422,4.667022017357932,1.389529103504472,-0.9380962987659162,0.0,0.0,0.0,0.0,4.959023120106212,275.7431980415703,80399.93353798726,1.0157652011338512,332.88574465868294
18.8,1908.6296907225096,4.140410243633982,0.80931695891017,-1.382555894787927,0.0,0.0,0.0,0.0,4.439532827649961,275.74390701030364,80401.0200389312,1.0157763162022566,332.88617260293455
18.85,1908.971433260746,4.0583062529906115,1.2883374239323637,-0.6045471011900289,0.0,0.0,0.0,0.0,4.300597651318319,275.74168568380514,80397.61587587582,1.0157414910056493,332.88483177482084
18.9,1909.379899145587,2.1957061330780827,0.5287624769080496,-1.0784267027652978,0.0,0.0,0.0,0.0,2.502742362501557,275.7390306555537,80393.5472218651,1.0156998675797368,332.8832291503243
18.95,1908.7651829525125,2.211413793506216,0.683163597020972,-0.5435692322755785,0.0,0.0,0.0,0.0,2.3775052001374988,275.74302631080866,80399.67036084324,1.0157625087877042,332.8856409993148
19.0,1908.9927151618888,1.5332065127141525,0.6407305083151492,-0.7145421032663075,0.0,0.0,0.0,0.0,1.8088195632110795,275.7415473514477,80397.40388663167,1.0157393223085056,332.8847482750243
19.05,1908.794450400277,0.4028257977801342,0.4464254822734545,-1.015653226689341,0.0,0.0,0.0,0.0,1.1803032709709644,275.7428360723982,80399.37882156842,1.0157595262902637,332.8855261684032
19.1,1908.520040120724,1.7605006620052914,1.2274075834337934,-0.18002742047452247,0.0,0.0,0.0,0.0,2.15367170871388,275.7446197392153,80402.11231436594,1.0157874903157673,332.88660281633213
19.15,1908.5472822210957,0.3835512871283172,0.15771150908381848,-1.382644338099146,0.0,0.0,0.0,0.0,1.44349917756572,275.7444426655629,80401.84094330597,1.015784714158778,332.88649593218673
19.2,1908.5264308479236,5.364590462127648,2.537373455451634,-0.8168320837051154,0.0,0.0,0.0,0.0,5.99035136964031,275.7445781994885,80402.0486533338,1.0157868390562856,332.88657774237225
19.25,1908.1032208130173,3.5519503412843596,0.9153607445338994,-1.8856822620372515,0.0,0.0,0.0,0.0,4.124322261044311,275.74732906471536,80406.26453520701,1.0158299677876788,332.8882381990045
19.3,1908.377559269025,3.27236317356023,1.164891758462902,-0.9316910950254841,0.0,0.0,0.0,0.0,3.5963011338259423,275.7455458647513,80403.53164358047,1.0158020101869625,332.8871618381634
19.35,1907.455522771252,7.07390042056833,2.7447537796641406,-1.5804389411028659,0.0,0.0,0.0,0.0,7.75058241151281,275.75153910198685,80412.71704080816,1.0158959764844937,332.8907794140827
19.4,1907.5173684801323,8.241560519361819,2.629675592307442,-1.969931031407178,0.0,0.0,0.0,0.0,8.872380840765453,275.7511371048791,80412.10090260115,1.0158896734757408,332.8905367659732
19.45,1907.1280339652415,7.65975442949613,2.10465135290775,-2.4572784450452874,0.0,0.0,0.0,0.0,8.315023306880516,275.7536677792259,80415.97971351391,1.0159293530224578,332.8920642947764
19.5,1907.290932600858,4.641796551459818,1.0499124764890782,-2.317284726413769,0.0,0.0,0.0,0.0,5.293240967186571,275.7526089380944,80414.35678988918,1.0159127508463333,332.8914251733619
19.55,1906.5518395741994,5.48600694681019,1.627389871592295,-2.1341605209448793,0.0,0.0,0.0,0.0,6.107316198116041,275.75741304276767,80421.72042554792,1.015988078818669,332.89432494336256
19.6,1907.0826940337267,5.076120851655012,1.2754435674120796,-2.9940486666326818,0.0,0.0,0.0,0.0,6.0297667129354675,275.75396248878076,80416.43143009406,1.0159339739791695,332.8922421826113
19.65,1906.7433397563473,6.856767758451792,1.8907283327366815,-2.7606207554354336,0.0,0.0,0.0,0.0,7.6296228397541475,275.7561682915837,80419.81244339743,1.015968560810751,332.8935736107544
19.7,1906.6565580565502,6.965453037847256,1.554174582128681,-3.3587824381334674,0.0,0.0,0.0,0.0,7.8876114331845875,275.7567323726324,80420.67707476561,1.0159774057062414,332.89391409064507
19.75,1906.324706971969,6.872947292539636,1.028180048213661,-3.9020540589032087,0.0,0.0,0.0,0.0,7.969980211780677,275.7588894046822,80423.98347326952,1.016011228912294,332.8952160741569
19.8,1906.2229683641092,6.37659981786805,0.12142723800723376,-4.185080471922046,0.0,0.0,0.0,0.0,7.628280826492177,275.7595507056333,80424.99716800322,1.0160215985730003,332.89561523407434
19.85,1905.4884546201224,7.470692064817722,0.4961120935575475,-3.283430698799906,0.0,0.0,0.0,0.0,8.175468444714722,275.76432504496915,80432.31596233182,1.016096465950186,332.898497001446
19.9,1905.5781642246366,7.652660887135257,0.5934067600321796,-3.2407328539466738,0.0,0.0,0.0,0.0,8.331728492155214,275.76374193253986,80431.42205478398,1.0160873218204327,332.89814503903415
19.95,1905.2311960960408,8.516931629448758,0.6456075063360934,-2.649465378376842,0.0,0.0,0.0,0.0,8.942851906643638,275.7659972253757,80434.87944859244,1.016122688746035,332.8995063152869
20.0,1904.949482966866,8.40374492901129,-0.2998855030401151,-2.8228115673928666,0.0,0.0,0.0,0.0,8.870238175597292,275.7678283607153,80437.68669185737,1.0161514048349696,332.9006115694603
20.05,1904.0924546528454,8.755909077314456,-0.18527475796446413,-2.0810530915569605,0.0,0.0,0.0,0.0,9.001724972249223,275.7733990447565,80446.22738141868,1.0162387688025534,332.9039739536257
20.1,1903.8615812299677,7.842996948900941,-0.6950870035244124,-2.728672459043915,0.0,0.0,0.0,0.0,8.333150692966184,275.7748997220052,80448.5282690276,1.0162623046180008,332.90487973486097
20.15,1902.8139030176226,8.515321005309014,-0.5591354658516106,-2.035280775815485,0.0,0.0,0.0,0.0,8.773009297215756,275.7817096303854,80458.97011363663,1.0163691128009396,332.9089900395647
20.2,1902.531283811088,8.872947829732565,-0.039812200001897,-1.4587091768393778,0.0,0.0,0.0,0.0,8.992142162077968,275.7835466552279,80461.78706898366,1.0163979265954866,332.9100988169876
20.25,1902.5424898254983,7.808225301000864,-0.4655909728108063,-1.2306157032684522,0.0,0.0,0.0,0.0,7.918306151841052,275.78347381613423,80461.6753735603,1.0163967841000296,332.9100548533941
20.3,1902.1367742352056,7.101716763299088,-0.4332879387379817,-0.8612524340564736,0.0,0.0,0.0,0.0,7.166859506028235,275.78611096747113,80465.71940470468,1.0164381489616432,332.9116465588094
20.35,1901.352606107442,5.620721737530359,-1.0215157897631622,-0.5821477897712057,0.0,0.0,0.0,0.0,5.74237785317348,275.7912080603016,80473.53618488721,1.016518102721904,332.91472298952687
20.4,1901.1801430749597,11.31974928726672,-0.5401044321640655,-4.79198886187806,0.0,0.0,0.0,0.0,12.304129143364113,275.7923290700127,80475.25542116798,1.0165356876932885,332.91539958879343
20.45,1901.1559370158861,16.540581416476194,7.583025356032134,-4.525934401790833,0.0,0.0,0.0,0.0,18.750391712031448,275.7924864093967,80475.49672705746,1.0165381558516067,332.9154945528133
20.5,1902.1543787691,14.560769504585227,7.756728061494067,-4.508691809770792,0.0,0.0,0.0,0.0,17.102957072422384,275.7859965380008,80465.54392545055,1.0164363540590806,332.91157749277266
20.55,1901.4467519587515,28.638784053992246,6.546432286715622,-5.937146661384518,0.0,0.0,0.0,0.0,29.97141034810579,275.7905961122681,80472.59768347803,1.0165085033594077,332.91435364014745
20.6,1901.0539760223187,25.104306334080317,5.979628161953193,-3.8383515408243545,0.0,0.0,0.0,0.0,26.090517281600945,275.7931491558549,80476.51316446491,1.0165485523020101,332.91589456086865
20.65,1898.6219314468187,6.9140902014222405,1.213038204219436,1.1439999274411967,0.0,0.0,0.0,0.0,7.1123020768443475,275.80895744559564,80500.76101827103,1.0167965597837025,332.9254356889265
20.7,1899.2746875117641,7.9991719244135355,8.139630862639887,2.323491405865586,0.0,0.0,0.0,0.0,11.646413798654791,275.8047145311735,80494.25236041268,1.0167299905106053,332.92287489543685
20.75,1900.177930625099,8.2449764657961,8.7824031114001,4.938637580089565,0.0,0.0,0.0,0.0,13.019231255344327,275.79884345093683,80485.24678855349,1.0166378816031154,332.91933139670334
20.8,1901.8118041517837,16.85922806923543,5.992610817895302,3.862655724259767,0.0,0.0,0.0,0.0,18.304782564931177,275.7882232730134,80468.95871157762,1.016471282318425,332.9129214775628
20.85,1901.279862062706,20.136737193979155,7.340863857795117,2.183930234178947,0.0,0.0,0.0,0.0,21.544048325832986,275.79168089659237,80474.26134652706,1.0165255199465248,332.915008375882
20.9,1900.123966664704,14.725373557634263,9.365532705137586,1.657131003543985,0.0,0.0,0.0,0.0,17.529857741173565,275.7991942166794,80485.78480054304,1.016643384439948,332.91954310291993
20.95,1898.0176682359408,4.836414020969057,1.7642358786639745,0.6643237799349698,0.0,0.0,0.0,0.0,5.190833738656866,275.81288515646634,80506.78653169802,1.0168581866377022,332.92780622505705
21.0,1897.0971774859495,1.4577460761915444,-4.5192971497098275,-1.845626905565805,0.0,0.0,0.0,0.0,5.094645132349811,275.81886834634133,80515.96606372688,1.0169520700093326,332.93141729543066
21.05,1895.349579307066,-0.24201465184005416,2.700312239838512,-0.34286113954640274,0.0,0.0,0.0,0.0,2.732729596088497,275.83022773450404,80533.39620089029,1.0171303305780128,332.93827298714865
21.1,1894.0148321374638,16.233032689703755,6.24418402840578,-3.8826367223073492,0.0,0.0,0.0,0.0,17.82066363531387,275.8389035911065,80546.71071608242,1.0172664951319788,332.943509001389
21.15,1894.3612724991726,22.411093621601875,11.196294444247656,-2.756281239559457,0.0,0.0,0.0,0.0,25.203396851814293,275.8366517287553,80543.25469522283,1.0172311515950638,332.9421499753897
21.2,1895.6928247558299,9.216950930566272,11.149073523923361,-0.32909868520828256,0.0,0.0,0.0,0.0,14.469358342473972,275.8279966390871,80529.9725096407,1.0170953165649335,332.9369264730933
21.25,1896.156553047147,4.214744326779105,11.182149647622005,-0.9847191078524624,0.0,0.0,0.0,0.0,11.99058848444476,275.8249824051935,80525.34725312957,1.0170480137212947,332.9351073094802
21.3,1896.2921280547337,-1.1160937550625176,8.164616578630774,-0.2958659614292479,0.0,0.0,0.0,0.0,8.245857494116333,275.8241011676442,80523.99505971551,1.0170341846406472,332.9345754592652
21.35,1894.9116387835913,-0.404834954512556,2.510193212144268,-1.8339178475920281,0.0,0.0,0.0,0.0,3.13499856051114,275.83307434790663,80537.76459639292,1.0171750056489406,332.9399909716363
21.4,1894.2082546146921,0.0340195373006705,2.932422304559882,-1.6343011983870868,0.0,0.0,0.0,0.0,3.3572605362479555,275.8376463450045,80544.78115671493,1.017246762227418,332.94275023893664
21.45,1892.5907010686158,3.6759275705463144,2.823208969684116,-2.068525667000109,0.0,0.0,0.0,0.0,5.0756034937183205,275.848160443054,80560.91882871916,1.0174117935830267,332.9490955645474
21.5,1892.5511391879463,5.888886815420769,4.942578366246845,-0.02887094952886035,0.0,0.0,0.0,0.0,7.6882314197125075,275.8484175952783,80561.31355426434,1.0174158301516218,332.94925075604914
21.55,1891.6047954659505,7.026345299157187,5.756075389664276,1.4358320218221443,0.0,0.0,0.0,0.0,9.195843938942032,275.8545688294713,80570.7560909286,1.0175123909257706,332.952963007539
21.6,1892.3458734906044,9.214274181235442,10.757722252403491,1.6418187854741308,0.0,0.0,0.0,0.0,14.259277880424909,275.8497518223111,80563.36160171842,1.0174367739701544,332.9500559615994
21.65,1892.9690364052651,15.482700079485246,9.91196380058943,4.820639804615627,0.0,0.0,0.0,0.0,19.00525180736452,275.84570126336575,80557.14409682486,1.017373191978881,332.94761144466673
21.7,1891.4610294864713,17.62982273288847,8.26883360663138,2.715186104705605,0.0,0.0,0.0,0.0,19.66104001293965,275.8555033083379,80572.19065397819,1.017527060790925,332.95352695912646
21.75,1888.7716379000528,13.732285624004131,8.246406660156454,-0.5555469572063326,0.0,0.0,0.0,0.0,16.027711118109302,275.87298435364966,80599.03045241705,1.0178015158464075,332.96407647402623
21.8,1887.4507931480057,11.171716678717415,6.300644716157835,-1.7680228795353923,0.0,0.0,0.0,0.0,12.947249989528322,275.8815698445379,80612.21497186032,1.017936330087842,332.9692575500394
21.85,1885.574696031416,6.772638880734668,1.4647689095339365,-6.390872431086583,0.0,0.0,0.0,0.0,9.426422216175059,275.89376447579576,80630.94495801996,1.0181278405779348,332.9766164911405
21.9,1883.818985898885,14.388752468323307,2.3012522786571226,-3.5180532911321825,0.0,0.0,0.0,0.0,14.990285474398098,275.9051765916572,80648.4762543947,1.018307087027813,332.9835030701811
21.95,1883.0447217973465,25.576063233524227,11.36248698659998,0.35604613406555186,0.0,0.0,0.0,0.0,27.988710043434775,275.91020930831723,80656.20849613208,1.0183861419675027,332.9865399903327
22.0,1884.2904904709321,29.018404150877494,7.383672849150248,4.447964978275765,0.0,0.0,0.0,0.0,30.271617014208385,275.90211181193894,80643.76783560122,1.0182589471430792,332.9816536595731
22.05,1884.507549454571,20.523300431339532,4.842715793949532,6.578911047168746,0.0,0.0,0.0,0.0,22.089360050090825,275.9007009285453,80641.60037131824,1.018236786343108,332.9808022726753
22.1,1884.6989143358267,15.830790514004004,4.8738173930488005,4.648067334465879,0.0,0.0,0.0,0.0,17.20385288895464,275.8994570568171,80639.6895172016,1.0182172491078625,332.98005166589644
22.15,1883.4464512049738,18.641607645063548,5.914924485892692,4.524218598064882,0.0,0.0,0.0,0.0,20.07397372692763,275.90759806716767,80652.19652282886,1.018345123472927,332.98496427804764
22.2,1882.3149698282243,17.681282455764528,7.349412019602635,2.236113546223926,0.0,0.0,0.0,0.0,19.278013645238772,275.91495269611653,80663.49676389944,1.0184606563684884,332.9894022938093
22.25,1881.0373679569977,14.70521331838538,6.519724521985786,-0.6532193115964122,0.0,0.0,0.0,0.0,16.09896897477736,275.9232571082795,80676.25786903402,1.0185911213366021,332.99441336770843
22.3,1880.9955181847054,13.943281137257099,8.914265754790781,0.7556799893396347,0.0,0.0,0.0,0.0,16.56654082981458,275.9235291317994,80676.67590588957,1.0185953951292601,332.994577511701
22.35,1880.3679442343848,12.522633959423873,7.123478750193255,-0.12036762302271936,0.0,0.0,0.0,0.0,14.407456373379826,275.92760836247646,80682.94494465241,1.018659486034703,332.997038984776
22.4,1879.9629025469364,12.800173625089146,7.4830367699418625,0.38446485586911894,0.0,0.0,0.0,0.0,14.831995730788497,275.9302411334449,80686.99124625513,1.0187008525007757,332.9986276312524
22.45,1878.9799347772494,12.108545236477703,5.037670027307044,0.9918641069290521,0.0,0.0,0.0,0.0,13.152139805159798,275.93663042394786,80696.81162013963,1.018801247271539,333.00248297643657
22.5,1878.4585685263125,11.313893492917,5.830449728962854,3.5288567683452587,0.0,0.0,0.0,0.0,13.207996066872854,275.9400193045789,80702.02074069595,1.0188544997448525,333.0045278339788
22.55,1877.463918916276,9.32248948142849,4.135100866042331,1.4558621289829337,0.0,0.0,0.0,0.0,10.30181556048717,275.94648452704416,80711.95932699423,1.0189560993998892,333.0084289276823
22.6,1877.0538283414073,9.394305115679744,5.306404750514365,4.098462588102389,0.0,0.0,0.0,0.0,11.541589819814382,275.9491501157808,80716.05726009414,1.0189979908408457,333.01003732174325
22.65,1876.6592977369971,9.18475285111904,4.888978198602124,3.2813551342113176,0.0,0.0,0.0,0.0,10.910045108951712,275.9517145647095,80719.99986528653,1.0190382940482112,333.011584681554
22.7,1875.4474603721105,8.664966914101662,6.605611222644987,3.589445528156954,0.0,0.0,0.0,0.0,11.471698673117936,275.95959150758125,80732.1109181309,1.0191620967156976,333.0163374958527
22.75,1875.1591613832293,7.524714809056816,5.706764011758508,2.200708976303167,0.0,0.0,0.0,0.0,9.696989658750923,275.96146545100896,80734.99238303365,1.0191915513587764,333.01746819168056
22.8,1874.5591312459399,6.684936015594042,6.530811652195699,0.5199801802406432,0.0,0.0,0.0,0.0,9.360034709170932,275.9653656469014,80740.98977751553,1.0192528567266133,333.01982147091525
22.85,1873.4414819136314,7.22116088463123,8.137628039654004,0.2121856671911449,0.0,0.0,0.0,0.0,10.88169000619171,275.97263036756135,80752.16181809094,1.0193670550179335,333.0242047746858
22.9,1873.5100859419413,8.143599477703901,8.405476421735605,-0.5636592798246796,0.0,0.0,0.0,0.0,11.71699441466731,275.97218444137735,80751.47601507096,1.0193600449677096,333.0239357185251
22.95,1873.5184496784543,8.98770797783774,8.217380345467944,-0.4725443823670116,0.0,0.0,0.0,0.0,12.187187232100673,275.97213007709,80751.39240695389,1.0193591903525887,333.0239029170131
23.0,1873.4664380662282,8.069955391967204,9.342552802496746,-0.384795923129735,0.0,0.0,0.0,0.0,12.351337611701723,275.9724681525695,80751.91234232868,1.019364504961032,333.0241068998956
23.05,1872.1767561344247,10.698467845419707,7.42972373649895,0.31519374808418066,0.0,0.0,0.0,0.0,13.029096520442492,275.98085108512623,80764.80554681193,1.01949629297555,333.0291648273161
23.1,1871.9883228635433,11.969217145436104,7.278028008329327,0.8810561540338201,0.0,0.0,0.0,0.0,14.035957776767093,275.98207590138696,80766.6894909227,1.0195155493933394,333.0299038262035
23.15,1871.4324717167042,11.796756298591635,7.235299249927359,0.8872514086641956,0.0,0.0,0.0,0.0,13.867235826455733,275.9856889338414,80772.2470633891,1.0195723546874556,333.0320837574705
23.2,1871.1640620605676,14.142043182831147,5.353040573919533,3.1679896367467135,0.0,0.0,0.0,0.0,15.449549738087004,275.9874335966063,80774.93081738862,1.0195997857207788,333.03313639856947
23.25,1870.0737177211533,13.764935309988882,6.439986766748255,3.019575225183676,0.0,0.0,0.0,0.0,15.49402169175629,275.9945208348125,80785.8336116397,1.0197112229565017,333.03741244473736
23.3,1868.8039029354356,13.727200091098052,6.984873816455982,2.4259853588143376,0.0,0.0,0.0,0.0,15.5919815781714,276.00277463091965,80798.53250546772,1.0198410144817898,333.0423922579942
23.35,1867.297730785029,13.151242972719897,4.636066909172741,1.930742277580605,0.0,0.0,0.0,0.0,14.077502401217274,276.0125647498973,80813.59720741372,1.0199949811782019,333.04829889378095
23.4,1866.5796474642868,11.827210632767741,4.152400344452483,1.2847567740542671,0.0,0.0,0.0,0.0,12.600632521462632,276.0172322914821,80820.7802621837,1.0200683926703424,333.05111490727353
23.45,1865.331369846108,11.545807890430755,4.370071447640397,1.0691958883771404,0.0,0.0,0.0,0.0,12.391383463840407,276.02534609600025,80833.26813068413,1.0201960169004312,333.0560100577673
23.5,1865.111591722646,11.596263182064014,5.057476445963599,0.8567660700838293,0.0,0.0,0.0,0.0,12.680119711107498,276.02677465380276,80835.46697025013,1.0202184883378966,333.0568719154789
23.55,1864.2704584030294,11.497880374868958,5.7482588660816845,0.7578844041695212,0.0,0.0,0.0,0.0,12.877038552259087,276.0322420203803,80843.88280128026,1.0203044943664037,333.0601703907722
23.6,1864.6629693382251,11.465872326247135,4.8510694722611705,0.20170475095949514,0.0,0.0,0.0,0.0,12.451497421316995,276.0296906993015,80839.95550474995,1.0202643593646408,333.05863117674687
23.65,1863.6041327889525,10.581103387206863,5.991007886860294,0.4694681835955703,0.0,0.0,0.0,0.0,12.168497227126746,276.03657313687177,80850.55012411221,1.0203726302139398,333.0627833404907
23.7,1863.9965140530194,11.72695119795703,6.083291233239157,-0.7567448267117824,0.0,0.0,0.0,0.0,13.232553773192281,276.0340226586554,80846.62386281118,1.0203325064213324,333.0612446470376
23.75,1863.7071060546468,11.993988207265296,7.586039403246036,0.08125974920223042,0.0,0.0,0.0,0.0,14.191911431884744,276.03590381064475,80849.51973390683,1.020362100343699,333.06237953930463
23.8,1863.5739023668982,11.410564983836128,7.817960313360235,1.381699072263554,0.0,0.0,0.0,0.0,13.900740593145274,276.03676963461515,80850.85262339193,1.020375721541042,333.06290188650974
23.85,1862.6199514037453,11.280602711727244,7.185053600493667,1.4003425502805815,0.0,0.0,0.0,0.0,13.44760023349599,276.0429703158756,80860.39875907204,1.020473275115473,333.06664270208887
23.9,1861.9541418925764,9.514515395064198,5.021653342910802,2.2974584263845643,0.0,0.0,0.0,0.0,11.000969080960381,276.04729807769826,80867.0620196114,1.0205413668029095,333.0692535772172
23.95,1860.422247436063,9.615306351528519,4.711503815582844,1.9355999937590196,0.0,0.0,0.0,0.0,10.881127320909185,276.0572553916656,80882.39453710693,1.0206980453493513,333.07526060073667
24.0,1859.8056874527672,9.147188256948159,4.732092313360456,2.116545617338068,0.0,0.0,0.0,0.0,10.513967663089344,276.061263031557,80888.56626413707,1.0207611108415346,333.077678289152
24.05,1859.5014120346832,13.160331919015002,4.129036955210718,3.2878526370018726,0.0,0.0,0.0,0.0,14.179324996585029,276.0632408217745,80891.61218264808,1.0207922350741354,333.07887142394145
24.1,1858.8843102773692,13.057039569544681,4.281794205172494,2.193820277809378,0.0,0.0,0.0,0.0,13.915203604239212,276.0672519831971,80897.78990299157,1.0208553604396324,333.0812912105503
24.15,1857.570353720573,11.26683531787553,3.952372537314083,2.1539868299951492,0.0,0.0,0.0,0.0,12.13270316201771,276.07579270081624,80910.94501307141,1.0209897793203233,333.08644345376325
24.2,1857.3284326652406,9.903116254340448,6.0834965316980965,2.158491438558505,0.0,0.0,0.0,0.0,11.821155903231084,276.0773651876759,80913.36727443733,1.0210145295273552,333.0873920579573
24.25,1856.582093387059,9.216641497061214,5.402858654169328,2.0588607987944676,0.0,0.0,0.0,0.0,10.880085933074968,276.0822163929841,80920.84044914728,1.0210908881202112,333.09031853515125
24.3,1856.5812926611034,8.129275747660088,6.5069173826017845,0.6881651420823545,0.0,0.0,0.0,0.0,10.435452518615422,276.0822215977028,80920.84846720174,1.0210909700454966,333.09032167487067
24.35,1855.7382878557155,9.621364949102208,6.280635069767268,1.1507565580723198,0.0,0.0,0.0,0.0,11.547349523563815,276.08770112893785,80929.29023697371,1.021177223828364,333.09362715711967
24.4,1855.8394448201022,8.604359930704925,7.40747588042006,2.6431177120101412,0.0,0.0,0.0,0.0,11.657262971026567,276.0870436086693,80928.27722312494,1.0211668734497248,333.09323051514565
24.45,1855.0460405225388,8.898137434934684,7.967806934301116,2.100877573776176,0.0,0.0,0.0,0.0,12.127509378816354,276.0922007366035,80936.22286899059,1.0212480567160482,333.09634148398993
24.5,1854.8910963815238,9.138345479704185,5.538341397935087,0.842547882268228,0.0,0.0,0.0,0.0,10.718790532537994,276.0932078735201,80937.77465005676,1.0212639115944762,333.0969490225504
24.55,1854.0777893845445,8.67460895009696,6.414962327087731,2.8837371784642336,0.0,0.0,0.0,0.0,11.16765517955824,276.09849436900043,80945.92039608126,1.0213471374719765,333.10013799467305
24.6,1853.1638691462358,9.48154531022481,7.103744934390294,3.007422757791757,0.0,0.0,0.0,0.0,12.223235463935302,276.10443485054947,80955.07463473507,1.0214406653149435,333.1037214343159
24.65,1852.1441004776216,11.213177986379685,6.582107533071549,3.38637715087493,0.0,0.0,0.0,0.0,13.436035514210099,276.11106334689543,80965.29008869058,1.021545033101601,333.1077198553298
24.7,1852.062913338466,9.902755218782463,5.343157742595023,1.7318627079086442,0.0,0.0,0.0,0.0,11.384781246226082,276.11159106329995,80966.10341944882,1.0215533425151047,333.10803818072054
24.75,1851.0675208139521,10.04689874867429,5.152290723900347,0.993084192841148,0.0,0.0,0.0,0.0,11.33457058665098,276.1180611147093,80976.07577502183,1.0216552240376788,333.11194097505455
24.8,1850.6782433952835,9.972019702771673,5.908600280670022,-0.26592498739678627,0.0,0.0,0.0,0.0,11.594112744325125,276.12059141793065,80979.97602745317,1.021695069907299,333.11346726472016
24.85,1850.0670340603879,12.08366850254824,7.130249752865476,0.173180082488526,0.0,0.0,0.0,0.0,14.031589267031919,276.12456427860747,80986.10016940729,1.0217576348034334,333.1158636970686
24.9,1849.375962299007,11.734472480946716,5.248172108844231,-0.5514510332095132,0.0,0.0,0.0,0.0,12.866439022984334,276.1290562450564,80993.0249616538,1.0218283781451365,333.11857323361727
24.95,1848.49794840739,11.18969203683507,5.099893078063684,-1.471323564220153,0.0,0.0,0.0,0.0,12.384785436878651,276.1347633353519,81001.82367407382,1.0219182637044213,333.12201569631793
25.0,1847.9867968111564,10.013597948602674,5.175754296282218,-1.6122096691219783,0.0,0.0,0.0,0.0,11.386825564175203,276.13808582072744,81006.94635938166,1.0219705949869562,333.1240197715796
25.05,1846.9873342626745,10.12413284611652,4.921900192731465,-1.193419969643879,0.0,0.0,0.0,0.0,11.320221668190523,276.1445823272926,81016.96358240145,1.0220729250690404,333.12793833581276
25.1,1846.5045288105275,11.455764722531748,4.470940975217885,-2.613649660070597,0.0,0.0,0.0,0.0,12.571993601950023,276.14772056273154,81021.80291228638,1.0221223599657687,333.12983124083155
25.15,1845.2399620090239,11.162999126245206,4.780210301025871,-1.9002146046267467,0.0,0.0,0.0,0.0,12.291207245759947,276.1559402469413,81034.47922221808,1.0222518488000243,333.13478909750376
25.2,1844.8686535026154,12.33227681424458,4.841923456118003,-2.7690493485634935,0.0,0.0,0.0,0.0,13.535025248326654,276.158353752233,81038.20160950112,1.0222898723504887,333.1362448344669
25.25,1844.857054961044,12.94459222726194,6.036716243979665,-1.3947500012105076,0.0,0.0,0.0,0.0,14.350949045491552,276.1584291427532,81038.31788771972,1.0222910601072839,333.13629030713275
25.3,1844.3314828551963,13.932342598311976,5.633783287850449,0.4052391884534865,0.0,0.0,0.0,0.0,15.033758785182764,276.1618453614412,81043.58701850496,1.0223448827957051,333.1383508325068
25.35,1844.107920153043,14.426339257384996,5.82373681171676,2.6402648308524452,0.0,0.0,0.0,0.0,15.779929442121997,276.1632985190052,81045.82843372301,1.022367778019653,333.13922731469586
25.4,1844.2453513006697,12.086168972715228,6.826104115381353,3.35795082863474,0.0,0.0,0.0,0.0,14.28100177153477,276.1624052165456,81044.45055811302,1.0223537035463324,333.1386885133175
25.45,1843.523844424043,11.076816381228621,7.001408097459354,5.0778179224070055,0.0,0.0,0.0,0.0,14.053462610465148,276.1670950112437,81051.68455002767,1.0224275955040847,333.14151718476717
25.5,1843.4804098490858,9.163418924486777,4.411799442281208,2.76422316999866,0.0,0.0,0.0,0.0,10.539124747250725,276.1673773359809,81052.1200516317,1.022432043916085,333.14168746947695
25.55,1842.0486145292386,9.077931493455965,5.178458565387175,3.7570978569939553,0.0,0.0,0.0,0.0,11.10590192736907,276.17668400555993,81066.47716765526,1.0225786915009467,333.1473007564587
25.6,1841.3811091060447,9.350120241043147,3.8550419737562622,2.256666675405951,0.0,0.0,0.0,0.0,10.362366603497247,276.1810227908107,81073.17118343103,1.0226470643548116,333.14991764811094
25.65,1840.0225928313566,10.691845111702827,4.999301465581981,3.2925386754147388,0.0,0.0,0.0,0.0,12.253545526316685,276.18985314659614,81086.79631941754,1.022786228535562,333.15524351872745
25.7,1839.5857909540864,11.995622847670443,6.354570117626478,2.418206520381048,0.0,0.0,0.0,0.0,13.788518834834942,276.1926923587984,81091.17758463637,1.0228309768819133,333.1569559205245
25.75,1839.1369114846937,10.71782954917195,4.685414788703733,1.8477223949755799,0.0,0.0,0.0,0.0,11.842257387685903,276.19561007534946,81095.6801917503,1.0228769640825752,333.15871566114055
25.8,1838.7166029104833,8.7183084492953,5.376795830471051,1.6667882805639471,0.0,0.0,0.0,0.0,10.377717417228608,276.1983420810818,81099.89639428217,1.0229200256608781,333.16036338694965
25.85,1838.2468686008192,5.309686153049683,6.066785131514645,1.0351226575177288,0.0,0.0,0.0,0.0,8.128353325979456,276.20139535409464,81104.60860665423,1.0229681526603218,333.162204865663
25.9,1838.1531343610743,6.784864987910699,6.18612188117014,1.0270152629593263,0.0,0.0,0.0,0.0,9.238899132646695,276.202004626653,81105.54894271005,1.022977756483157,333.16257232665413
25.95,1837.1837499508108,9.215795231739838,6.302021642892965,1.6412272982444427,0.0,0.0,0.0,0.0,11.284502008744242,276.2083056253197,81115.2742645019,1.0230770817175143,333.1663725252704
26.0,1836.2806710699208,9.549209747281203,5.608016239476411,2.053473576160178,0.0,0.0,0.0,0.0,11.262948400298635,276.2141756380455,81124.33522752636,1.0231696197812117,333.16991275272943
26.05,1836.153957607751,10.654780529241524,4.573361350231559,2.7353690841198337,0.0,0.0,0.0,0.0,11.91311152438584,276.2149992755496,81125.60666153838,1.023182604561712,333.1704094886956
26.1,1835.1711839030356,9.53057696176294,3.326340255585109,3.889689576890552,0.0,0.0,0.0,0.0,10.817861236149385,276.22138730463024,81135.46829200299,1.0232833171697706,333.1742620853414
26.15,1834.6588264847846,9.045637288922963,3.1508069552696334,4.085513119234235,0.0,0.0,0.0,0.0,10.413575556914354,276.22471762784886,81140.60992104917,1.0233358255012759,333.1762705732562
26.2,1834.4096467677302,9.203307785684235,3.4131490055734184,4.14041515373188,0.0,0.0,0.0,0.0,10.653332716926448,276.2263372960097,81143.11059437302,1.0233613631287843,333.1772473761488
26.25,1833.2713621708658,12.329520598241995,6.18844201576303,2.838417304116856,0.0,0.0,0.0,0.0,14.084406468049865,276.23373614588934,81154.53478141698,1.0234780284556477,333.18170949940895
26.3,1832.2879862189936,12.521810653703264,6.595146446621583,1.5273589170576465,0.0,0.0,0.0,0.0,14.234624124334909,276.2401280895765,81164.405304485,1.0235788250419482,333.18556432618465
26.35,1831.5664308610108,10.97985079027656,4.679633330607809,-0.8264342422532872,0.0,0.0,0.0,0.0,11.964074767504634,276.2448181994034,81171.6484517517,1.0236527897010776,333.18839278971626
26.4,1831.5043312133573,11.042404782372992,4.716305416067006,-0.9422103507137541,0.0,0.0,0.0,0.0,12.044334788621123,276.24522184711316,81172.2718475005,1.0236591555565902,333.1886362163322
26.45,1831.0357846014538,11.5658193816941,5.3240407646225245,-0.8226966936092868,0.0,0.0,0.0,0.0,12.758934825564745,276.2482674000905,81176.9755412879,1.0237071874017687,333.1904728831159
26.5,1831.91510803463,12.767330644933343,7.771380252945609,-2.937569826242286,0.0,0.0,0.0,0.0,15.232478436452032,276.24255179777487,81168.14828057043,1.023617047250582,333.1870259943682
26.55,1831.0551386128127,16.19977366524706,8.751906163351867,0.24301631730713258,0.0,0.0,0.0,0.0,18.414330974212074,276.2481415990167,81176.78124388363,1.0237052033411678,333.1903970170762
26.6,1831.2109945795685,16.28489275063944,8.74134747976147,0.5880284357418325,0.0,0.0,0.0,0.0,18.49201625304829,276.2471285352328,81175.21659955385,1.0236892260017911,333.1897860746244
26.65,1830.5642540534834,16.517408440428206,7.06348386018358,1.334224348160715,0.0,0.0,0.0,0.0,18.013820817423152,276.25133234865234,81181.70941333579,1.0237555268781144,333.19232123647885
26.7,1829.7338664976612,15.108724891748722,6.085279397476807,1.82600214445496,0.0,0.0,0.0,0.0,16.390194539158383,276.25672986776516,81190.04652894648,1.023840659223483,333.19557624908344
26.75,1827.830799281062,14.87650558427776,6.323658710284856,2.0474003606770976,0.0,0.0,0.0,0.0,16.293892294970824,276.2690998046731,81209.15599521236,1.0240357844254664,333.20303590829417
26.8,1826.812904246706,14.673722876715843,6.142830523428045,2.046796895148338,0.0,0.0,0.0,0.0,16.03876202929023,276.2757161223964,81219.37858507766,1.0241401628704196,333.20702579343583
26.85,1825.6457968609086,13.841809542300584,5.279363291260587,1.8136336996844005,0.0,0.0,0.0,0.0,14.925033847970472,276.28330232040406,81231.10097780814,1.0242598520774506,333.21160049359145
26.9,1825.0426084889061,13.98988887129327,6.449432343650804,3.028958237848024,0.0,0.0,0.0,0.0,15.699896693707629,276.2872230448221,81237.1599212868,1.0243217144510781,333.2139647809237
26.95,1824.6666258552302,12.23772111035136,5.355147280203031,2.380012882643327,0.0,0.0,0.0,0.0,13.56848855580287,276.289666931941,81240.93679979754,1.0243602762860338,333.2154384927852
27.0,1824.7510802060763,11.879031911874407,6.008212605124483,2.2717222857110855,0.0,0.0,0.0,0.0,13.504471112009668,276.2891179786605,81240.08841359663,1.0243516143138849,333.2151074637587
27.05,1823.9667227647135,10.303598733932617,5.9314665393175225,2.59147814153003,0.0,0.0,0.0,0.0,12.168081242947434,276.2942163020293,81247.96795254169,1.0244320632708492,333.21818183481
27.1,1824.204355563593,11.031697089714978,7.4386916033796275,3.291978162253002,0.0,0.0,0.0,0.0,13.70655294631612,276.2926716888366,81245.58066322186,1.0244076895477172,333.2172504111886
27.15,1823.1956820155979,10.485972338698046,8.032808471771961,2.409969116937431,0.0,0.0,0.0,0.0,13.4271954993105,276.2992280668986,81255.71431711936,1.0245111510897225,333.22120398204635
27.2,1822.9148657658793,9.35160518207037,7.890284471367584,0.3384732277860246,0.0,0.0,0.0,0.0,12.240248063105492,276.3010533725218,81258.53572389968,1.0245399563628794,333.22230465383814
27.25,1821.976734175011,8.669427133796775,7.611745470231425,-0.026016764461355507,0.0,0.0,0.0,0.0,11.536824207893325,276.3071512278624,81267.96186057394,1.0246361915284552,333.22598167601075
27.3,1821.83427123429,8.94323236878078,8.765384924334942,0.47716676959703225,0.0,0.0,0.0,0.0,12.531602698768191,276.3080772369771,81269.39337381447,1.0246508062287845,333.2265400582973
27.35,1821.5879204152614,7.217712972470948,7.876976965190624,-0.295704430865917,0.0,0.0,0.0,0.0,10.687824276884086,276.30967851730077,81271.86883389892,1.0246760787451916,333.2275056260327
27.4,1821.0888260113732,7.220108157937898,8.550465378775147,-1.4416179387626047,0.0,0.0,0.0,0.0,11.283558050868349,276.31292263092604,81276.88417902635,1.0247272810576282,333.22946180926175
27.45,1819.973144458816,7.561813990757315,7.008203224401255,-2.3413652285980766,0.0,0.0,0.0,0.0,10.572508425109405,276.32017456101767,81288.09644732073,1.0248417463927177,333.2338346429368
27.5,1819.5411218640047,8.906777595928947,8.144471587290024,-0.42084037724939777,0.0,0.0,0.0,0.0,12.076432055977449,276.32298270788397,81292.43848248641,1.024886073147112,333.23552790904114
27.55,1818.625943097753,9.506711811640313,8.373245937465654,-0.49402847498474944,0.0,0.0,0.0,0.0,12.678047212917386,276.32893136986456,81301.63709019087,1.0249799779516904,333.23911482538705
27.6,1818.3735909196894,9.664320538291836,7.251438379332456,-0.9842420662102438,0.0,0.0,0.0,0.0,12.122342285260011,276.330571659022,81304.1736704068,1.0250058725007685,333.2401038779864
27.65,1817.093117243978,8.997327216930875,6.632644931640936,-2.051118534816399,0.0,0.0,0.0,0.0,11.364460527522398,276.33889473791413,81317.04565524563,1.0251372731290926,333.24512243741174
27.7,1816.4700199004915,9.526840244212787,6.87578825729598,-1.8073569870108483,0.0,0.0,0.0,0.0,11.887122800594708,276.34294487064676,81323.30994942512,1.025201219270555,333.2475645149816
27.75,1815.3662990131938,10.471083948464866,5.761887175160151,-1.4573497734158924,0.0,0.0,0.0,0.0,12.04021641155793,276.3501190564142,81334.40713997562,1.0253144974923387,333.25189023500104
27.8,1813.537826121303,8.390246155158122,3.5337908926183874,-3.935670073223264,0.0,0.0,0.0,0.0,9.918336934293144,276.3620041302115,81352.79393546743,1.0255021802815216,333.2590562907602
27.85,1812.304264199463,9.159083936207942,3.5915350975608638,-2.6925820150683486,0.0,0.0,0.0,0.0,10.199899059078154,276.3700222827035,81365.20031410508,1.0256288135441163,333.26389071537596
27.9,1811.026898665186,10.658871476896303,2.597744850585578,-2.1536956824208024,0.0,0.0,0.0,0.0,11.180260487225487,276.37832515867626,81378.04885606076,1.0257599561436495,333.26889673582986
27.95,1810.2635411372587,9.635424333094715,1.0812009319349634,-3.383784657466144,0.0,0.0,0.0,0.0,10.269391225487226,276.3832869826078,81385.72796804381,1.0258383334836356,333.27188831298173
28.0,1809.7231874670517,11.45281791687706,2.561125687106987,-0.7845043878114233,0.0,0.0,0.0,0.0,11.761881233748062,276.38679928146416,81391.16409322931,1.025893816787053,333.27400592791815
28.05,1809.0709825424967,10.884301447235014,3.634243392565235,-1.1674592073992351,0.0,0.0,0.0,0.0,11.534240505192681,276.39103861347377,81397.725868262,1.0259607879912305,333.27656186356205
28.1,1808.6559991123331,9.041546396254114,2.664586793147784,-1.3043778939625923,0.0,0.0,0.0,0.0,9.515828167011616,276.3937360057698,81401.90120217943,1.0260034020141062,333.27818813813593
28.15,1808.1544764540286,9.349624369872359,2.9076326275663655,-1.1210535904312406,0.0,0.0,0.0,0.0,9.855281046587072,276.3969959030488,81406.94747742529,1.026054904426981,333.2801535398683
28.2,1808.220545220298,9.527202519692297,4.381083288731379,-0.2266866900113429,0.0,0.0,0.0,0.0,10.488701801913376,276.39656645606806,81406.28268503836,1.0260481195737952,333.27989462567353
28.25,1807.5114003006477,10.910634376272021,4.113571206069557,0.14666696423555137,0.0,0.0,0.0,0.0,11.661257297499759,276.4011758980458,81413.41842166896,1.0261209461588614,333.28267365428354
28.3,1807.6963915042234,8.371489284258844,3.2734426045719536,-1.329072094120432,0.0,0.0,0.0,0.0,9.086456512483684,276.39997345522255,81411.55690775791,1.0261019478587983,333.28194870477205
28.35,1807.3128925322897,7.531692575579025,2.428855676086838,-0.7868144370141233,0.0,0.0,0.0,0.0,7.9526605552220895,276.4024661985401,81415.41598726563,1.0261413328877746,333.2834515711923
28.4,1807.6638168232419,6.7860113179571195,3.2542566221114697,0.3969462585139103,0.0,0.0,0.0,0.0,7.53642502133118,276.4001851906489,81411.88469501545,1.0261052932067964,333.2820763595998
28.45,1807.6055805956876,7.2576018249834835,6.187795258628485,1.6624393155152921,0.0,0.0,0.0,0.0,9.681182721676093,276.400563726128,81412.47070781715,1.0261112739599063,333.2823045776944
28.5,1807.8152605632743,6.217682571605998,6.140597482645253,1.1800638237444325,0.0,0.0,0.0,0.0,8.818110037487202,276.3992008063387,81410.36078038509,1.0260897403389944,333.28148287602676
28.55,1807.8326237732126,6.845885123875754,7.173883184792351,3.3735536953507883,0.0,0.0,0.0,0.0,10.474330890981284,276.3990879454741,81410.18606318563,1.0260879571952106,333.2814148323421
28.6,1807.7452083228666,5.185861634995962,6.495270188701276,2.212253061280451,0.0,0.0,0.0,0.0,8.600916191237955,276.39965614590136,81411.06568373211,1.0260969344946531,333.2817573995813
28.65,1806.5726850024423,5.416057434560877,6.424639313781986,1.3744998632575998,0.0,0.0,0.0,0.0,8.51462966433364,276.4072775474841,81422.86497814547,1.0262173548626334,333.2863522978513
28.7,1806.1233171332435,5.398993971846784,7.492558344407017,1.853763427676064,0.0,0.0,0.0,0.0,9.419342084146347,276.41019843863387,81427.38740772118,1.0262635086604155,333.28811326918606
28.75,1805.4756249089241,7.114039263829693,7.639798212024336,2.118213886874372,0.0,0.0,0.0,0.0,10.651896612261508,276.414408438092,81433.90612763817,1.0263300348041517,333.29065141257115
28.8,1804.3116772876754,6.74587681937352,7.915246941802255,0.964035317425811,0.0,0.0,0.0,0.0,10.444489087797221,276.4219740976301,81445.62177918307,1.0264495951667625,333.2952125828011
28.85,1803.2883724896258,7.920768641691748,7.458787036391419,2.9407556333117517,0.0,0.0,0.0,0.0,11.27032047566984,276.4286255788174,81455.92292540132,1.02655471754091,333.29922256338875
28.9,1803.0695773989737,10.036987676071691,6.8736435111214575,3.0689298793240596,0.0,0.0,0.0,0.0,12.546171819794479,276.43004774690667,81458.12557343817,1.0265771950598945,333.3000799400585
28.95,1801.9395543969933,7.73059935546492,6.45055377689328,2.9285510415236793,0.0,0.0,0.0,0.0,10.485619754030575,276.4373928964195,81469.50247834642,1.0266932919289724,333.30450804524696
29.0,1801.3634726304563,10.011755191881432,6.5360485426089925,3.9056959037663326,0.0,0.0,0.0,0.0,12.578141081503382,276.441137427902,81475.30287973936,1.026752481571442,333.3067654551149
29.05,1799.6686930696583,8.918883759544961,5.994996824812282,2.218237148750046,0.0,0.0,0.0,0.0,10.973014649305766,276.4521534950472,81492.36906603357,1.0269266271914608,333.3134064586281
29.1,1799.6942755926323,9.498451887049555,6.686397595631797,3.013491697251081,0.0,0.0,0.0,0.0,12.000401379406737,276.4519872086479,81492.11143219324,1.026923998313298,333.3133062143474
29.15,1798.3377917959667,11.467105851858395,5.707298088861275,2.239923429287552,0.0,0.0,0.0,0.0,13.003269783478151,276.4608043533262,81505.77307934462,1.0270633986493867,333.3186215102168
29.2,1798.4635465172596,9.874517436835283,6.335097317480295,0.8197188194884611,0.0,0.0,0.0,0.0,11.760590613372,276.4599869476378,81504.5064793124,1.0270504747381108,333.3181287518685
29.25,1798.2756451572932,10.408027720897056,6.7281746293810905,1.8909041827717596,0.0,0.0,0.0,0.0,12.536781624916049,276.46120830647754,81506.39902542239,1.0270697855540905,333.31886502585496
29.3,1798.1708777244341,9.836057192174618,7.826701964212002,0.6855192516847126,0.0,0.0,0.0,0.0,12.588694188388262,276.46188929479115,81507.45426047168,1.027080552731511,333.3192755465812
29.35,1797.3117604763488,8.719987549131154,6.537640897661001,0.47643728091769133,0.0,0.0,0.0,0.0,10.908983630312237,276.4674735569037,81516.10784992087,1.0271688493410795,333.3226418926757
29.4,1796.887677802936,9.626214513676757,7.332461770542241,1.4984342689810999,0.0,0.0,0.0,0.0,12.193207401592144,276.4702300942809,81520.37976154164,1.0272124369904503,333.32430359634543
29.45,1796.2548807112837,8.457457539199382,6.895789607592835,1.1077252477205843,0.0,0.0,0.0,0.0,10.96848018478328,276.4743432753766,81526.7544529846,1.0272774791514425,333.3267831004217
29.5,1795.8723221902133,9.777609935379651,6.977585775056949,2.028710698419369,0.0,0.0,0.0,0.0,12.182119125775825,276.47682990576357,81530.60847893577,1.0273168020248216,333.32828207973773
29.55,1795.0422299987015,9.658117238150277,4.761708348165179,2.0092337713011985,0.0,0.0,0.0,0.0,10.9539999692614,276.48222550500844,81538.97162016651,1.0274021304735632,333.33153460736014
29.6,1793.8813831563193,10.576573525157073,5.733188973852052,3.5882187039114593,0.0,0.0,0.0,0.0,12.554229439119403,276.4897710094839,81550.66826447658,1.0275214675897844,333.33608306869706
29.65,1792.6886750747874,10.67262850710599,6.247302964223718,4.002676700736429,0.0,0.0,0.0,0.0,12.998277360793166,276.4975236120139,81562.68735634437,1.0276440911427656,333.34075630495596
29.7,1792.006715342717,9.70474799549598,4.282266399972514,2.8281890361479456,0.0,0.0,0.0,0.0,10.978096028028004,276.50195635027234,81569.56020771975,1.0277142091594713,333.3434283115297
29.75,1790.9682522093262,9.15621628526984,4.489626222716181,3.030197207188424,0.0,0.0,0.0,0.0,10.638380299500199,276.50870636063934,81580.02683311196,1.0278209893200414,333.3474971034733
29.8,1790.5955673842209,8.467868388001351,4.5284245550256434,2.384833819176661,0.0,0.0,0.0,0.0,9.894385091159558,276.51112881200254,81583.78337264743,1.0278593127745188,333.34895730402314
29.85,1790.152364887305,9.959507693411041,7.241737325523369,4.622523381763777,0.0,0.0,0.0,0.0,13.153032935484687,276.5140096282325,81588.25088927407,1.0279048890360258,333.35069378853524
29.9,1789.422734649152,10.78822651493693,6.98915829615085,2.916129354723117,0.0,0.0,0.0,0.0,13.180970201002669,276.5187522247805,81595.60605194356,1.027979923159974,333.3535524883041
29.95,1789.1713653264144,11.742386307211461,7.504787516924212,3.193624759535033,0.0,0.0,0.0,0.0,14.297017554954737,276.5203861253783,81598.14014783129,1.0280057745899358,333.35453735055984
30.0,1788.975660372694,11.524125233523703,7.433141997450045,1.7521508568880884,0.0,0.0,0.0,0.0,13.824872331326864,276.52165820757745,81600.11312609186,1.02802590170571,333.3553041184123
30.05,1788.4197130289547,12.210846671807861,6.891964277871217,1.3841357885207786,0.0,0.0,0.0,0.0,14.089704749600614,276.52527186531177,81605.71805965898,1.0280830792998394,333.35748229867716
30.1,1788.2276823960826,12.302208687052095,4.5832792787780425,0.9680030255575167,0.0,0.0,0.0,0.0,13.163883066350321,276.5265200644254,81607.6541408763,1.0281028296664692,333.35823466398824
30.15,1787.3598354553153,11.921547515045518,5.054981905195694,0.07067851298473005,0.0,0.0,0.0,0.0,12.949174980188568,276.53216106954045,81616.40436585568,1.028192091417024,333.3616348187299
30.2,1787.327101586253,11.610737378936948,5.245277160320005,0.13173783965547337,0.0,0.0,0.0,0.0,12.741252286553918,276.53237383968934,81616.734425925,1.0281954583507678,333.361763066726
30.25,1786.6214185054218,13.521544194931682,6.883730529793715,1.6964170055126147,0.0,0.0,0.0,0.0,15.267473074444805,276.5369607797147,81623.85018755558,1.028268045410682,333.36452784983584
30.3,1785.7037791719717,11.88134218203811,4.8110330479274355,0.7115779445594954,0.0,0.0,0.0,0.0,12.838172541530652,276.5429254353822,81633.10396327793,1.028362440303728,333.368123018259
30.35,1784.8574049219164,14.719269484468574,7.083257919822916,1.1523233348222441,0.0,0.0,0.0,0.0,16.375508724406632,276.54842686800754,81641.63983163616,1.028449510241572,333.3714389467793
30.4,1784.5117755510125,13.44297112760529,5.490891641836553,-0.28504423793303496,0.0,0.0,0.0,0.0,14.523932455695283,276.55067345891837,81645.12578682254,1.0284850681528288,333.3727930454666
30.45,1783.6396156006701,12.4480245838247,4.858413448220152,-1.3217855169242263,0.0,0.0,0.0,0.0,13.427755368120957,276.5563424985956,81653.92276978663,1.0285747990432823,333.3762099489263
30.5,1783.2051249736012,13.965816279453993,6.0633621948286995,0.6811636870847917,0.0,0.0,0.0,0.0,15.240484553508887,276.55916668767156,81658.30551682405,1.028619503205745,333.37791216092074
30.55,1783.061542445991,14.365902093941154,6.757649423527008,0.42755856863466035,0.0,0.0,0.0,0.0,15.881680485188292,276.56009997410104,81659.75388889985,1.0286342765477108,333.37847467494356
30.6,1782.4330209442921,14.99290058053252,9.506469828603663,1.0338438903017841,0.0,0.0,0.0,0.0,17.782825130147305,276.56418536386207,81666.09427140417,1.0286989476295443,333.38093702576225
30.65,1781.5320491799148,14.108440794076763,8.223764667161836,0.6193032308560952,0.0,0.0,0.0,0.0,16.342029966701737,276.5700416803305,81675.18376569808,1.0287916576298648,333.3844667198435
30.7,1781.118796350406,15.116411387273043,7.07158770722137,1.4735428985886068,0.0,0.0,0.0,0.0,16.753643621737435,276.57272782372235,81679.35315954515,1.0288341834869517,333.38608568822923
30.75,1779.7209751883552,12.744085813176133,6.58941896734818,0.7177994887315541,0.0,0.0,0.0,0.0,14.364797306153276,276.58181366127565,81693.4573457315,1.0289780364937477,333.39156176492656
30.8,1779.0349040693104,11.533441851876756,4.945477858873422,0.21867449184896548,0.0,0.0,0.0,0.0,12.550930273753215,276.58627312354946,81700.38060855493,1.0290486472878688,333.3942494707442
30.85,1777.739896610798,10.496536066478829,4.7940737701529414,1.010413276954687,0.0,0.0,0.0,0.0,11.58366728194511,276.5946906720298,81713.45004849027,1.0291819402270306,333.39932264533564
30.9,1776.8192056481648,10.592646984439602,5.2938386615666335,1.8288073821200577,0.0,0.0,0.0,0.0,11.982213249335526,276.6006751632869,81722.7428510084,1.029276713432251,333.40292939305454
30.95,1776.4273569669301,8.253534305460203,5.335520507913868,2.2244447319067815,0.0,0.0,0.0,0.0,10.076545141420532,276.6032221797149,81726.69815367751,1.0293170512022438,333.4044644232618
31.0,1775.9204461264023,6.413011074708052,4.129347330116268,1.8044964412689468,0.0,0.0,0.0,0.0,7.83801172642774,276.60651710017834,81731.81511848858,1.0293692355196535,333.40645018812796
31.05,1775.8807161006514,6.925814999904858,5.24536290361932,2.184707899720318,0.0,0.0,0.0,0.0,8.95844261078192,276.60677534534574,81732.21618053863,1.0293733256425428,333.4066058254307
31.1,1775.6694947707242,8.953860115655958,5.280522036374551,2.076858764329166,0.0,0.0,0.0,0.0,10.600418212237791,276.60814828399026,81734.3484198476,1.0293950706445631,333.40743325679944
31.15,1774.872014333476,8.651834041931181,6.806118924045494,0.22548935517640822,0.0,0.0,0.0,0.0,11.010373860440312,276.6133319068324,81742.39923985014,1.029477173540644,333.41055726146215
31.2,1775.2461112804258,9.651284380206246,7.036641595711779,-0.7181349663813752,0.0,0.0,0.0,0.0,11.965673109526845,276.6109002766772,81738.62253160063,1.0294386585642332,333.4090917989314
31.25,1773.924934528913,7.851899242443135,7.743637621803231,-2.6502973579286913,0.0,0.0,0.0,0.0,11.341971672364963,276.61948792556205,81751.96114739605,1.0295746846276983,333.4142672601843
31.3,1774.1594149234597,6.297747684335457,9.614126318640427,-2.603516541087889,0.0,0.0,0.0,0.0,11.78436884801411,276.6179638029975,81749.5937019765,1.0295505419299626,333.41334873323626
31.35,1772.8922577255375,5.036878935265258,7.476327030795806,-4.87384218823718,0.0,0.0,0.0,0.0,10.247924324260378,276.626200324784,81762.38829156905,1.0296810168117863,333.4183125212545
31.4,1772.775406852482,4.00925085787481,8.087819180893684,-5.05554089117083,0.0,0.0,0.0,0.0,10.346274945433358,276.62695985545884,81763.56822601787,1.0296930491871426,333.4187702531356
31.45,1770.8956007426968,5.7711839376963905,4.044384632847968,-6.534106616076229,0.0,0.0,0.0,0.0,9.61031531071654,276.63917859517244,81782.55199036976,1.0298866314834256,333.42613380183917
31.5,1769.9768767790706,7.446676311974721,5.1335290981874655,-5.082499260472681,0.0,0.0,0.0,0.0,10.374869051220271,276.645150300936,81791.83128769345,1.02998125173859,333.4297325546076
31.55,1769.0709051903375,9.53231335444716,3.4656914730337887,-5.382532956088869,0.0,0.0,0.0,0.0,11.482494341257633,276.6510391162628,81800.98261831148,1.0300745651271372,333.4332813167464
31.6,1768.89366264628,9.131187061034023,3.7503200149269387,-4.258083824389067,0.0,0.0,0.0,0.0,10.750569994817974,276.65219119279914,81802.77306404596,1.0300928215358998,333.43397558534764
31.65,1767.3423770134173,9.823687201477092,3.4089088384544737,-2.9276029312525207,0.0,0.0,0.0,0.0,10.80260841762008,276.66227454941276,81818.44499430417,1.03025261825554,333.4400519931169
31.7,1766.6753328895327,9.9187602243653,3.4950635459303716,-3.243096460346854,0.0,0.0,0.0,0.0,11.005223679219649,276.666610336218,81825.18458385853,1.0303213357792,333.4426647803426
31.75,1765.153530100599,10.914995210372258,2.827286646739054,-3.1035533906692896,0.0,0.0,0.0,0.0,11.694559156890573,276.6765020543461,81840.56205024388,1.030478121920484,333.44862554909423
31.8,1764.6177863128325,13.837333697482071,2.9840453983729263,-1.3970963145006188,0.0,0.0,0.0,0.0,14.224212066297897,276.67998438896655,81845.97617460218,1.0305333221159843,333.45072398540987
31.85,1762.8036245209582,12.699896712534885,2.298088412008281,-2.743115500078657,0.0,0.0,0.0,0.0,13.194440856104245,276.69177644061375,81864.31190094224,1.0307202605152161,333.4578297149273
31.9,1762.7910362602113,11.345780229376247,1.9457203288771785,-3.392766765159134,0.0,0.0,0.0,0.0,12.00097591591114,276.6918582643086,81864.4391420648,1.0307215577499675,333.457879020241
31.95,1761.3109455613346,10.342761280876651,2.3771638602276486,-3.6239393143192458,0.0,0.0,0.0,0.0,11.214123019007875,276.7014788538513,81879.40089564986,1.0308740915064138,333.46367614329034
32.0,1761.4018320774073,12.463280374963844,2.687785636916142,-2.070553798919099,0.0,0.0,0.0,0.0,12.916839488403884,276.70088809149684,81878.48208973279,1.0308647245140738,333.4633201677957
32.05,1760.8743422277266,11.347008087040006,0.9743328255951316,-1.864542791808216,0.0,0.0,0.0,0.0,11.540382870809246,276.70431677551977,81883.81479907033,1.0309190898489382,333.46538618360097
32.1,1761.0011106208067,13.296108014098907,4.185915794863516,-1.65530266363284,0.0,0.0,0.0,0.0,14.037393143760811,276.7034927809647,81882.53319614386,1.0309060243619748,333.4648896718908
32.15,1760.7877115254107,13.130194691260618,4.143407469052183,0.3331588459543962,0.0,0.0,0.0,0.0,13.772466478508619,276.7048798750848,81884.69062736846,1.0309280185852057,333.46572548824315
32.2,1761.966885955492,11.70722354338937,4.8186386792333975,1.498616727184074,0.0,0.0,0.0,0.0,12.748498496328516,276.69721524128926,81872.76993521322,1.030806490104758,333.461107011023
32.25,1762.30425045645,12.477001428840211,5.050990452744946,1.9083114716703724,0.0,0.0,0.0,0.0,13.59520951960322,276.69502237203307,81869.35965647103,1.030771722545073,333.4597856423604
32.3,1762.3031272464543,13.224762861625907,5.240546721338963,1.0964082681865492,0.0,0.0,0.0,0.0,14.267438234501814,276.69502967289804,81869.37101034728,1.030771838297526,333.45979004168936
32.35,1761.968329061699,14.30520290303006,7.219359801014976,0.3338333656895085,0.0,0.0,0.0,0.0,16.027146681471976,276.69720586109895,81872.75534720223,1.0308063413815653,333.4611013587639
32.4,1761.32654351966,14.294014633170086,7.08694895116019,-0.4015239337808465,0.0,0.0,0.0,0.0,15.959477473872067,276.7013774671222,81879.24320943897,1.030872483937072,333.4636150507464
32.45,1759.953222635726,14.059231731659064,7.261492625712222,0.09192601328701261,0.0,0.0,0.0,0.0,15.824023585348986,276.71030405286774,81893.1276204637,1.0310140295891799,333.46899389557336
32.5,1759.2960545572644,13.369764365155888,7.399261783517149,-0.6813095830672138,0.0,0.0,0.0,0.0,15.295877119955847,276.71457564537775,81899.7723296252,1.0310817679512851,333.4715677754371
32.55,1757.6385479430746,14.88844393748505,7.125308391975,0.16447217528125058,0.0,0.0,0.0,0.0,16.506448244756548,276.72534943837,81916.53352680893,1.0312526324918863,333.4780595163612
32.6,1757.2775285983917,15.34744764265942,6.333536611851109,-0.42501313357168025,0.0,0.0,0.0,0.0,16.60838557240104,276.72769606411043,81920.1846295681,1.0312898511463717,333.47947345718904
32.65,1756.3214790985958,13.691993738697438,6.305134123860055,-0.39354764220090355,0.0,0.0,0.0,0.0,15.079134212781456,276.7339103858591,81929.8540969235,1.0313884183523792,333.483217818776
32.7,1756.092751903869,13.490838959005835,5.904404198322592,-0.06793981589983844,0.0,0.0,0.0,0.0,14.726484324969881,276.7353971126248,81932.16757663064,1.0314120008362584,333.4841136210997
32.75,1756.0725549975764,13.70950958644099,5.76848294754565,1.962368250937922,0.0,0.0,0.0,0.0,15.002564373104072,276.73552839251573,81932.37186241426,1.0314140832198215,333.48419272148465
32.8,1756.1527430302808,13.869457655742957,5.114543255920135,2.40692792053553,0.0,0.0,0.0,0.0,14.977106209003745,276.73500717030316,81931.5607864139,1.0314058155249701,333.4838786681145
32.85,1755.0641056901245,13.4241446207986,3.9070280187934503,3.0571073223274974,0.0,0.0,0.0,0.0,14.311479026291499,276.7420833130142,81942.5725558322,1.0315180625536606,333.4881422494674
32.9,1755.07529999172,14.012827205101882,5.269410505172818,3.813905381924706,0.0,0.0,0.0,0.0,15.449009276142704,276.7420105500538,81942.45931728912,1.0315169082860147,333.48809840794934
32.95,1754.4190775972338,13.230315305547588,4.9035242179616665,1.9521261841253892,0.0,0.0,0.0,0.0,14.244177388641694,276.74627599561796,81949.0977004855,1.0315845744065153,333.490668436703
33.0,1753.7509280256836,15.326326403071485,7.395470457681059,2.3720800010533205,0.0,0.0,0.0,0.0,17.181851699840635,276.750618967833,81955.85718709574,1.0316534738822307,333.4932851566926
33.05,1752.968042750836,14.756357319651126,8.193833255481223,0.5106183304684893,0.0,0.0,0.0,0.0,16.88637663453181,276.75570772211955,81963.77799786805,1.0317342093643058,333.4963511978627
33.1,1752.865835543316,13.567067251171533,10.529753988974484,-0.2348253255465338,0.0,0.0,0.0,0.0,17.17545271018069,276.7563720689684,81964.81212098736,1.0317447498964796,333.4967514734684
33.15,1751.9205575544142,9.92061776224159,9.938855974886579,-3.571121758903136,0.0,0.0,0.0,0.0,14.489735176701934,276.76251637589627,81974.37685739758,1.0318422394215132,333.50045345693525
33.2,1751.8008659945665,10.673417274248793,9.753372673078633,-3.0374413620117506,0.0,0.0,0.0,0.0,14.774172221747294,276.7632943710353,81975.58801344626,1.03185458409535,333.50092220095576
33.25,1750.0989717410362,9.573554826449595,7.821727006182659,-5.307792485491275,0.0,0.0,0.0,0.0,13.453810852071658,276.77435668368327,81992.81100880314,1.0320301252343134,333.5075872007589
33.3,1749.2341450962163,13.549806493276607,8.482683305181386,-2.9516334522367647,0.0,0.0,0.0,0.0,16.256239174471045,276.7799780568746,82001.56408848125,1.0321193361546634,333.51097400492864
33.35,1747.2396343016374,13.551118090979525,4.477390767017474,-3.929927612632905,0.0,0.0,0.0,0.0,14.802842991695226,276.7929423770393,82021.7538072158,1.0323251017804294,333.51878470793935
33.4,1746.7126811014891,14.620074508534955,3.525162740846299,-4.98040293691898,0.0,0.0,0.0,0.0,15.84227775285599,276.7963675728403,82027.08863796476,1.0323794706551677,333.5208482786306
33.45,1744.9904265439714,16.306182264938602,3.5359299947621285,-2.8200270252876383,0.0,0.0,0.0,0.0,16.921788717762947,276.8075622274642,82044.52656092563,1.0325571811123513,333.52759261019327
33.5,1744.4067387336106,16.81591293330523,3.450237123261127,-1.4436454289281007,0.0,0.0,0.0,0.0,17.22681561147319,276.8113561982315,82050.43711340037,1.032617414119902,333.52987829485875
33.55,1743.019586950885,16.184068088966775,3.387802524698753,-2.4264270029256356,0.0,0.0,0.0,0.0,16.711936268882628,276.82037268481923,82064.48510397543,1.032760570474018,333.53531023093836
33.6,1742.7771135122139,15.81173955033116,3.304490289814003,-1.8436013772054274,0.0,0.0,0.0,0.0,16.258217298369935,276.82194876217056,82066.9408856686,1.032785595692086,333.53625972156834
33.65,1741.514653575055,13.775318520953338,1.9503040505014457,-2.272388316593731,0.0,0.0,0.0,0.0,14.097050574659725,276.8301547517621,82079.72809716756,1.0329158992541534,333.5412032869262
33.7,1741.8234526087713,14.935665870903579,2.7169952020461006,-2.0198455617393245,0.0,0.0,0.0,0.0,15.314566726763559,276.828147558043,82076.6001826924,1.0328840257033949,333.5399940923888
33.75,1741.3284612183897,15.417700778290243,3.5800354693439522,-1.6040007926883797,0.0,0.0,0.0,0.0,15.908958790367059,276.8313650020804,82081.6141398945,1.032935117979514,333.5419323764046
33.8,1741.5003976938342,16.877410082207184,4.302213940546124,-1.1840998631396444,0.0,0.0,0.0,0.0,17.45732248539579,276.83024741499,82079.87250143092,1.0329173707327368,333.54125910996686
33.85,1741.6860300369406,16.89185948067373,6.943255471498285,-0.2621308163383307,0.0,0.0,0.0,0.0,18.265060246880985,276.82904080475987,82077.99216363799,1.0328982100632753,333.540532211917
33.9,1742.7365773643178,16.842724801798347,6.61388400789104,0.2214800194622238,0.0,0.0,0.0,0.0,18.09612924959288,276.8222122471319,82067.35144337003,1.0327897793953438,333.5364184549491
33.95,1742.504157587285,16.500384882195654,4.853277119350171,0.12045320537254323,0.0,0.0,0.0,0.0,17.199753167777825,276.82372297568264,82069.70546652708,1.0328137675040943,333.5373285739358
34.0,1741.8130375760818,15.568796792004001,5.900603077831506,-0.3900225539233241,0.0,0.0,0.0,0.0,16.654028576455534,276.8282152557554,82076.70567798949,1.0328851007076867,333.54003487562096
34.05,1741.498055752421,16.013286598554085,6.422551769237886,0.1553266856858159,0.0,0.0,0.0,0.0,17.253945789159612,276.8302626376092,82079.89622403357,1.0329176124658694,333.54126828051733
34.1,1740.650208966427,14.47154828213656,5.599729725778457,-0.09009660104140241,0.0,0.0,0.0,0.0,15.517435357735366,276.8357736417182,82088.48481924093,1.0330051293092897,333.5445882538005
34.15,1739.6295247678124,14.632028848189579,5.486276080946812,0.08538128593697568,0.0,0.0,0.0,0.0,15.626988942678926,276.8424080890092,82098.82520385666,1.0331104943833593,333.5485849748581
34.2,1738.6864281122312,13.743947635991498,3.8659134188612407,-0.061086168800515206,0.0,0.0,0.0,0.0,14.27743375761297,276.84853821727046,82108.38049924685,1.0332078574151744,333.55227784168176
34.25,1738.3217657401328,12.379586480373193,4.009776851967375,0.49553292391281134,0.0,0.0,0.0,0.0,13.022212742322012,276.8509085226891,82112.07543797464,1.0332455061637837,333.5537057326947
34.3,1737.840219581747,10.307818777078824,5.357614440852241,1.9762659299583667,0.0,0.0,0.0,0.0,11.783920716970284,276.85403857271865,82116.95490707064,1.0332952239247506,333.555591290595
34.35,1737.6875610810666,9.981476104508275,4.325816153956476,2.450676694235455,0.0,0.0,0.0,0.0,11.151159889552714,276.8550308529731,82118.501832585,1.033310985701054,333.5561890429921
34.4,1737.4520759299755,9.310543513449282,5.210572831987905,3.484180754972209,0.0,0.0,0.0,0.0,11.223894390388821,276.85656150645514,82120.88810685682,1.0333352995736658,333.5571111108248
34.45,1736.621817415913,9.307164979530775,5.7339340721765275,3.361662745245141,0.0,0.0,0.0,0.0,11.436874411876703,276.8619581867965,82129.30192834135,1.0334210273656592,333.5603620583955
34.5,1736.0372038516803,10.271742109125116,5.477903127989399,2.951588805057282,0.0,0.0,0.0,0.0,12.009495622637514,276.86575817496407,82135.22680810763,1.0334813945157313,333.5626511433389
34.55,1735.0551492109291,13.045390377360985,5.998340376011403,1.5141208875776901,0.0,0.0,0.0,0.0,14.437965903354607,276.87214153012894,82145.18041071398,1.0335828074719127,333.5664963942166
34.6,1734.9821041541268,14.039236646836091,6.757861465610213,0.9502840356478579,0.0,0.0,0.0,0.0,15.609993496560211,276.87261632299817,82145.92079700403,1.033590350854489,333.56678240155037
34.65,1734.2672510929635,11.751996303147907,6.979514917417114,-0.8200930959212642,0.0,0.0,0.0,0.0,13.69290320851016,276.8772628678957,82153.16684844228,1.0336641761445828,333.5695813900321
34.7,1733.845157174608,11.833541092545111,7.40441697213586,-0.17116706450465063,0.0,0.0,0.0,0.0,13.960207149257439,276.88000647836503,82157.44561303324,1.033707769103354,333.57123407671196
34.75,1732.882430907981,10.44936326215887,8.472682782919204,-0.7205556825678342,0.0,0.0,0.0,0.0,13.47199861253748,276.8862641990981,82167.20544102984,1.0338072026792466,333.57500355046324
34.8,1732.1184809689526,12.992845363538732,9.898049176321223,0.4772684445891545,0.0,0.0,0.0,0.0,16.340538341985667,276.8912298737018,82174.95080273125,1.0338861111807356,333.5779947019056
34.85,1730.803795263642,13.50563071854328,7.762081633272183,0.013589072917138012,0.0,0.0,0.0,0.0,15.577296204737971,276.8997753307863,82188.28122292913,1.0340219160480928,333.58314212829026
34.9,1730.7555313642958,14.157788288155517,7.5631584312765225,1.0440195943710977,0.0,0.0,0.0,0.0,16.085220283920687,276.90008904613205,82188.7706340943,1.0340269018890613,333.5833310957984
34.95,1730.009565959055,15.04006870180601,7.419348435302657,1.6123088881539664,0.0,0.0,0.0,0.0,16.84784667873889,276.9049378212661,82196.33525874284,1.0341039652390258,333.58625175842036
35.0,1729.964754038389,14.078466494571794,6.177147034364027,0.22868989982707005,0.0,0.0,0.0,0.0,15.37571667901096,276.90522909875045,82196.78970173385,1.0341085947581161,333.58642720877424
35.05,1728.9302155472221,14.648585315772216,6.852293192622424,-0.008249458098856799,0.0,0.0,0.0,0.0,16.172045071810675,276.91195359894306,82207.28164466903,1.034215477328084,333.5904776710619
35.1,1728.4626355995003,13.81987799093409,3.187243065686351,-1.7371668612787903,0.0,0.0,0.0,0.0,14.288642159001512,276.91499286860324,82212.02403973046,1.034263787773448,333.59230834074333
35.15,1726.5177900023102,13.379338930167101,1.8145283929735632,-1.3634745619510258,0.0,0.0,0.0,0.0,13.570493225313504,276.92763436498495,82231.75186951236,1.0344647480996743,333.5999226952196
35.2,1725.7070228031653,13.25629346589286,2.650440944768404,-0.6295644346520174,0.0,0.0,0.0,0.0,13.53331094126479,276.9329043517794,82239.97713886217,1.034548533258786,333.60309691585536
35.25,1724.4449065512683,14.207591086711433,3.6897038166273384,0.35429613298688867,0.0,0.0,0.0,0.0,14.683156489375367,276.9411081074167,82252.78269018435,1.034678971425506,333.60803814525747
35.3,1724.4173644683628,13.483871321953647,3.998374900382133,-1.29677381463574,0.0,0.0,0.0,0.0,14.123859599887517,276.94128713095563,82253.0621527726,1.034681818006264,333.60814597266227
35.35,1724.3693893765626,13.919970708421395,4.073652456443469,-0.4768708282297021,0.0,0.0,0.0,0.0,14.51163790362804,276.94159896905234,82253.54894579906,1.0346867764318015,333.6083337953251
35.4,1724.9234370631016,13.736858750682273,4.260750134907704,0.010655368747813754,0.0,0.0,0.0,0.0,14.382468271656132,276.93799765908983,82247.92728416008,1.0346295144032533,333.60616469013047
35.45,1724.321954085403,12.097866083389572,5.404397035009155,-0.7683227753269013,0.0,0.0,0.0,0.0,13.272384524671123,276.94190729844485,82254.03026387707,1.034691679084567,333.6085195045625
35.5,1724.4378748907534,13.702903369035818,5.708717126336811,0.7330509163911282,0.0,0.0,0.0,0.0,14.862583073466276,276.94115381321006,82252.854038602,1.034679698174238,333.60806567425004
35.55,1724.1225506445062,12.30347919290367,5.960776413326458,0.5890403328692425,0.0,0.0,0.0,0.0,13.684057300874958,276.9432034208107,82256.05360265747,1.0347122885301414,333.60930016820754
35.6,1724.1821091533404,10.826362469986314,5.826605410140463,0.9135599285472048,0.0,0.0,0.0,0.0,12.328586564568278,276.9428162905033,82255.44926061727,1.0347061327968228,333.6090669970835
35.65,1723.1255653634762,12.209626847125657,6.818673269320756,1.3622577715268869,0.0,0.0,0.0,0.0,14.050802081585465,276.94968382513736,82266.17057713494,1.034815337169101,333.6132033340526
35.7,1722.746898553475,10.459676187612654,6.2136504369468195,0.2520628488898179,0.0,0.0,0.0,0.0,12.16872275064524,276.9521451594024,82270.01338779519,1.0348544783191167,333.61468579067235
35.75,1721.8896561084894,8.67412702324384,5.060187009725114,-0.08081124508640627,0.0,0.0,0.0,0.0,10.042534672386859,276.9577172352948,82278.71344721537,1.0349430919465472,333.6180418163081
35.8,1721.0889832392886,9.046000600533459,5.4457567407789815,0.48179912244230416,0.0,0.0,0.0,0.0,10.56969837502365,276.9629216089446,82286.84006107468,1.0350258631884466,333.621176346746
35.85,1719.7117012166323,6.994912852080815,5.334204623102333,-0.4327699722499224,0.0,0.0,0.0,0.0,8.807373877508144,276.97187394209186,82300.82062302866,1.0351682544625198,333.6265681583355
35.9,1719.1508935522259,5.902256865613545,5.214958332421045,-0.5253668285990295,0.0,0.0,0.0,0.0,7.893569333398048,276.9755191919105,82306.5138398514,1.035226238252021,333.6287635945874
35.95,1718.26542624579,7.137521537999719,5.859569845635908,0.4163995790972579,0.0,0.0,0.0,0.0,9.244033810559538,276.98127472940234,82315.50359123282,1.0353177947519843,333.63222997112393
36.0,1717.9843618566774,5.434372655019238,5.119739245113996,-0.36841728546116975,0.0,0.0,0.0,0.0,7.475283766373544,276.98310164793156,82318.35727781833,1.0353468578448872,333.63333025831554
36.05,1717.268298730231,5.953153564147277,6.412739642132774,0.7352557598585191,0.0,0.0,0.0,0.0,8.780880827599571,276.98775605825347,82325.62793027292,1.0354209042298559,333.63613342551844
36.1,1716.8123374848633,6.08049698070201,5.84781208495675,1.677512820282435,0.0,0.0,0.0,0.0,8.601360297970572,276.99071980634835,82330.25787092342,1.035468056209054,333.63791836147345
36.15,1716.3993998654178,6.062701157874004,6.232885502383763,2.1931776131478036,0.0,0.0,0.0,0.0,8.967454212781082,276.99340390087474,82334.45112121939,1.0355107604357185,333.6395348660655
36.2,1716.9715847701714,6.192711170702693,6.743331771619732,2.4841060290666643,0.0,0.0,0.0,0.0,9.4864628702972,276.98968469899387,82328.64081155334,1.0354515879019874,333.63729496263556
36.25,1715.6946091941613,6.354883605575918,5.555508653604242,2.3008934232914,0.0,0.0,0.0,0.0,8.748847500444548,276.99798504023795,82341.60844597656,1.0355836499578746,333.64229385394236
36.3,1716.0896608435194,7.568688837027324,7.245288470332707,1.6095751206142368,0.0,0.0,0.0,0.0,10.600471112124142,276.9954172045171,82337.59653606029,1.0355427931930998,333.6407473795419
36.35,1715.401012229408,4.35763503879706,6.609801040081676,-1.43649557051404,0.0,0.0,0.0,0.0,8.046239646252348,276.99989342050884,82344.59014490439,1.0356140149436195,333.6434431678523
36.4,1715.1076307257297,6.103607914559946,6.487891511098557,-0.5436114814251641,0.0,0.0,0.0,0.0,8.92425230914057,277.0018004002827,82347.56974299396,1.0356443583259023,333.64459163436413
36.45,1714.4337038216634,7.596265656613641,8.54209759337697,0.37628077459289666,0.0,0.0,0.0,0.0,11.437319198219166,277.0061809251592,82354.41451092907,1.0357140627110906,333.6472297628046
36.5,1713.446587852469,6.923508695138056,7.814564620641704,-0.1874806318116859,0.0,0.0,0.0,0.0,10.442104282621477,277.0125971789589,82364.44102881172,1.0358161667781784,333.6510938515086
36.55,1712.2862150871997,8.597151357102236,8.456198409941026,0.6359417850418102,0.0,0.0,0.0,0.0,12.075708052084403,277.0201396019332,82376.22864674033,1.0359362018115175,333.65563610079914
36.6,1711.7358414243654,9.460550888447065,6.993588475153664,0.3390651565792945,0.0,0.0,0.0,0.0,11.769760747487812,277.0237170307416,82381.8200815225,1.0359931390650055,333.6577905027007
36.65,1710.8597395928005,11.932804618670657,7.698670686456317,2.8740913131902825,0.0,0.0,0.0,0.0,14.488676864449195,277.02941169264676,82390.72133443298,1.0360837784861037,333.66121991763436
36.7,1710.5033148796044,12.068263934286616,6.674490771274924,1.8066299405353134,0.0,0.0,0.0,0.0,13.908836514442028,277.03172845328254,82394.34285609494,1.0361206550790862,333.6626150972276
36.75,1709.457692378471,11.12481016945778,5.717087454211804,2.4385275984374504,0.0,0.0,0.0,0.0,12.743347563098103,277.0385249995399,82404.96784781782,1.036228843594081,333.66670802099077
36.8,1709.2046894584291,11.430641454345487,5.028081618277782,4.501654124998267,0.0,0.0,0.0,0.0,13.27426301829892,277.0401695185202,82407.53887916554,1.0362550226098644,333.6676983533284
36.85,1707.6511188188563,10.814891478430555,4.206625559459784,3.361897395030584,0.0,0.0,0.0,0.0,12.08138776724113,277.0502677276774,82423.32778429794,1.0364157865916401,333.6737794489128
36.9,1707.9791489264046,10.826924507746433,5.323289395538253,2.7308746297458772,0.0,0.0,0.0,0.0,12.370019423124607,277.04813553197835,82419.99381735796,1.036381840343277,333.672495459599
36.95,1707.098489774465,10.8726094805156,5.490667694524536,2.346911717745867,0.0,0.0,0.0,0.0,12.404396932474627,277.05385981646594,82428.94473204271,1.0364729774207078,333.6759425617064
37.0,1706.9088762421677,11.060171087447596,6.709777717539486,2.3934508933183567,0.0,0.0,0.0,0.0,13.155877343648639,277.0550923044259,82430.87204437045,1.0364926008238782,333.6766847479452
37.05,1706.914152977296,9.512766939277412,5.272058487548922,1.4142612907963943,0.0,0.0,0.0,0.0,10.967564476026164,277.05505800564754,82430.81840890396,1.0364920547224021,333.6766640937445
37.1,1706.0894374840782,8.038508707310305,5.7313899523164205,0.5277812488797586,0.0,0.0,0.0,0.0,9.886607409505359,277.0604186563535,82439.20158690409,1.0365774091002844,333.67989218025826
37.15,1705.7330893346705,7.5003037922051385,5.979459130956356,0.8251839122602054,0.0,0.0,0.0,0.0,9.627534313789651,277.0627349193246,82442.82405566699,1.0366142912092002,333.6812869820976
37.2,1705.3827634836123,9.084591171976673,8.119109000756007,0.5383136352539899,0.0,0.0,0.0,0.0,12.195880833216355,277.0650120373565,82446.38543019947,1.036650550987593,333.6826582060453
37.25,1704.7400991407799,8.62289229512825,7.21545224701357,-0.9125685363805329,0.0,0.0,0.0,0.0,11.280505484946453,277.0691893555849,82452.91900994972,1.0367170712011375,333.6851736687276
37.3,1704.6031179615964,8.409190175010165,7.7110130744488945,-0.2064856182435806,0.0,0.0,0.0,0.0,11.411259279516468,277.0700797332496,82454.311668968,1.0367312501247337,333.68570982647884
37.35,1702.9831716617446,8.918406935418913,6.961558827882528,-0.022167487912108375,0.0,0.0,0.0,0.0,11.313786942368928,277.0806093841986,82470.78276900887,1.036898942038538,333.6920503896188
37.4,1703.088904265948,6.431565240508901,5.738079472991394,-1.38940748273713,0.0,0.0,0.0,0.0,8.730466232359728,277.07992212227134,82469.70763216814,1.0368879962879867,333.6916365497901
37.45,1702.9605319841112,7.5400448657336305,7.984185147317611,-0.37953418784689696,0.0,0.0,0.0,0.0,10.988336327382223,277.08075654210325,82471.0129809445,1.036901285776127,333.69213900176766
37.5,1702.1069532433232,7.491245505880171,7.594655700808742,0.18917243366296344,0.0,0.0,0.0,0.0,10.6692708585383,277.0863048039184,82479.69299011615,1.0369896541512549,333.69547990877953
37.55,1701.2270570024461,6.367890219804031,6.648661418723267,-1.3358060278986816,0.0,0.0,0.0,0.0,9.302639531684843,277.09202412948406,82488.64139522405,1.0370807531266164,333.69892378747005
37.6,1700.3050767563182,6.068642450439456,7.09680715571776,-0.35709627349423706,0.0,0.0,0.0,0.0,9.34454978825979,277.0980170010839,82498.01863138724,1.0371762157863982,333.7025323431418
37.65,1699.1204730626594,6.701192593309353,7.674051278611853,-0.5314832556866179,0.0,0.0,0.0,0.0,10.20193705383755,277.1057169250927,82510.06821355571,1.0372988805804464,333.70716872834333
37.7,1698.9557595438225,7.878814316242544,7.285988972941794,-0.034242958458902906,0.0,0.0,0.0,0.0,10.731380289779219,277.1067875629651,82511.74376358891,1.0373159374164698,333.70781339058993
37.75,1697.9859903496438,6.499573650227472,6.517553021557961,-1.953803813590787,0.0,0.0,0.0,0.0,9.40958577013635,277.1130910627273,82521.60930974287,1.0374163657896607,333.7116088861432
37.8,1697.317883253812,6.008983611087798,6.536275756402904,-2.4245832198254913,0.0,0.0,0.0,0.0,9.203770346543934,277.1174337588502,82528.40657686898,1.037485558650982,333.7142237074547
37.85,1696.9686948003164,7.057295672056251,4.910908562207211,-2.606762463587301,0.0,0.0,0.0,0.0,8.98430050981999,277.11970348379793,82531.95937212088,1.0375217239409031,333.7155903445835
37.9,1695.7828522335933,7.255892322696038,4.508865271282369,-3.837797591509009,0.0,0.0,0.0,0.0,9.365176441825744,277.1274114604816,82544.02557478167,1.0376445483173906,333.7202313969348
37.95,1694.511812744114,7.154068924506305,2.733196678787279,-4.014586338123776,0.0,0.0,0.0,0.0,8.646847386635818,277.13567321716323,82556.96026045221,1.0377762093687433,333.72520581427676
38.0,1693.312161658486,9.309212078500522,3.3781593953396825,-2.4323802892722135,0.0,0.0,0.0,0.0,10.19754207122784,277.1434709492198,82569.16997021592,1.037900487351896,333.7299007736091
38.05,1692.0374578236867,10.951481873000729,3.5730252690797895,-2.0060851297181297,0.0,0.0,0.0,0.0,11.69298261077226,277.15175652414604,82582.14514787222,1.0380325529089445,333.7348893873078
38.1,1691.9635625653918,9.76534633842225,2.2210233185440336,-2.9573181888125255,0.0,0.0,0.0,0.0,10.44225380656564,277.15223684332494,82582.89737643856,1.0380402092136407,333.73517857760663
38.15,1691.6900335402838,10.930868661508232,2.8278477597972875,-0.31162755434947326,0.0,0.0,0.0,0.0,11.295030959690333,277.1540147819881,82585.68185705022,1.038068549994733,333.7362490357282
38.2,1691.9189890458208,10.52080816808452,3.131091711862963,-0.30701839625708166,0.0,0.0,0.0,0.0,10.981138379665886,277.15252657120215,82583.35112237214,1.0380448275071377,333.7353530166815
38.25,1691.405689085037,11.686460866215068,4.584932903173764,-0.3292254936991181,0.0,0.0,0.0,0.0,12.558000108690996,277.1558630209472,82588.57651755739,1.0380980120074181,333.73736181648593
38.3,1691.7388473494627,10.020938045797713,4.4069033512607705,-0.3801542568290663,0.0,0.0,0.0,0.0,10.953744278741164,277.15369749222845,82585.18493490636,1.0380634922742626,333.73605800273043
38.35,1690.8099965606186,11.557724081669729,4.65040294785072,-0.3714371232134242,0.0,0.0,0.0,0.0,12.463755415679824,277.15973502235596,82594.64100492788,1.038159736054016,333.73969304449565
38.4,1690.5985314085326,11.128516873418148,3.6623595763578143,0.3530716456233866,0.0,0.0,0.0,0.0,11.720982256425245,277.1611095458445,82596.79392669664,1.0381816481758028,333.74052060423907
38.45,1690.133108092259,9.714741789359868,5.935944446913438,-0.22210309411026963,0.0,0.0,0.0,0.0,11.3868772846286,277.16413479740027,82601.5325506661,1.038229876812292,333.74234201106583
38.5,1689.9862596177634,9.1976863840028,5.537405255833014,-0.39689836165893605,0.0,0.0,0.0,0.0,10.743268594579824,277.1650893124845,82603.02770773982,1.0382450940715142,333.74291669188744
38.55,1689.5922041883703,10.75111887106723,6.614355739078809,1.4640067206304668,0.0,0.0,0.0,0.0,12.707461371216278,277.16765067277555,82607.03994326919,1.0382859291395738,333.74445879425224
38.6,1689.8716028534373,8.348562608495294,6.687250584428294,1.4113175436720855,0.0,0.0,0.0,0.0,10.789329692616633,277.16583458145266,82604.19511591377,1.0382569755645292,333.74336539210543
38.65,1689.2350392615135,10.341379667042542,5.625819820589123,4.060402981909243,0.0,0.0,0.0,0.0,12.453146367370449,277.16997224480014,82610.6766994873,1.0383229423902811,333.74585652262084
38.7,1688.6793531908531,8.797127249136762,6.180248810056969,1.5246598444700432,0.0,0.0,0.0,0.0,10.858614590869985,277.17358420425944,82616.33511296492,1.0383805305326643,333.74803113151955
38.75,1687.7344800876986,8.156971314860483,6.179104456997018,1.426238110960979,0.0,0.0,0.0,0.0,10.332069883188689,277.17972587942995,82625.95724199785,1.0384784574143568,333.75172874333776
38.8,1687.1117026935303,9.192550727530948,6.5127810318419534,2.753496855064746,0.0,0.0,0.0,0.0,11.597458798279973,277.18377393249204,82632.29980082884,1.038543006080214,333.75416586201675
38.85,1685.3070339351348,9.657607939465814,5.1477331867231975,2.065865549604783,0.0,0.0,0.0,0.0,11.13716070384047,277.1955042794216,82650.68133565814,1.0387300709244223,333.7612279830765
38.9,1684.5091404009488,10.277759627505878,5.555419386579269,2.5660064865503838,0.0,0.0,0.0,0.0,11.961580865863391,277.2006905873938,82658.80937162777,1.0388127856379648,333.7643502927716
38.95,1683.3204202180862,8.834749201095768,4.534120605881629,1.9075329479853331,0.0,0.0,0.0,0.0,10.111860613289343,277.2084172685824,82670.91990744545,1.0389360252709017,333.76900192756847
39.0,1682.8775887115696,8.631384898289914,5.592296338929635,2.5861944576801936,0.0,0.0,0.0,0.0,10.604856688223974,277.21129567337476,82675.43178795895,1.0389819383395458,333.7707347750236
39.05,1681.9361435667129,8.780407375222241,3.7784512845398677,2.3671763121045086,0.0,0.0,0.0,0.0,9.847627708087202,277.21741506681633,82685.0245593393,1.0390795531637267,333.77441872153935
39.1,1681.8849078465105,8.801209997453324,5.447986120636443,3.2937964470793895,0.0,0.0,0.0,0.0,10.862363703389445,277.2177480989977,82685.54664700133,1.0390848657996916,333.774619209646
39.15,1680.985072895322,7.338717176270085,3.686860410287104,2.5123058314690674,0.0,0.0,0.0,0.0,8.588445148515383,277.2235970261804,82694.71632428726,1.0391781731457637,333.7781402921874
39.2,1680.6246114019107,8.989921796908675,4.639920671850462,4.240123133248808,0.0,0.0,0.0,0.0,10.969330058882841,277.22594002588755,82698.38980175418,1.0392155525821787,333.77955077895865
39.25,1680.0472676422733,8.295564791994085,5.928738531343582,4.615578237534323,0.0,0.0,0.0,0.0,11.19240359610081,277.2296927603252,82704.27381036169,1.0392754245997784,333.7818099141891
39.3,1680.2055050335846,8.297010154251701,5.4369170905871425,4.06404200731898,0.0,0.0,0.0,0.0,10.7199292155745,277.2286642172817,82702.66109761264,1.0392590147169698,333.78119073578574
39.35,1680.2347652215676,7.48987083502847,5.254613936460733,3.2762007442943952,0.0,0.0,0.0,0.0,9.718159499801008,277.2284740260598,82702.36288847023,1.0392559803341646,333.7810762413781
39.4,1679.9797066427166,10.286702039457117,7.283587107603441,4.573596572623385,0.0,0.0,0.0,0.0,13.408380424634835,277.2301319068223,82704.96238157674,1.039282431019887,333.7820742781054
39.45,1679.207051922517,8.2454425229166,5.5915713129177504,2.6090560762184904,0.0,0.0,0.0,0.0,10.298551633847287,277.2351541625036,82712.83748861287,1.0393625618235063,333.78509763511806
39.5,1678.79875756403,9.410644341387655,6.063002617880993,1.6932255103804463,0.0,0.0,0.0,0.0,11.321980405102561,277.23780807583375,82716.99918095113,1.0394049072968126,333.7866952582672
39.55,1677.6895068178785,11.440651267181027,6.450859440981544,3.7260443119069446,0.0,0.0,0.0,0.0,13.652307319967774,277.2450182056838,82728.30648844835,1.039519957793314,333.79103562905664
39.6,1677.1237599816195,11.479966319734151,6.526951815219426,2.798991990069121,0.0,0.0,0.0,0.0,13.499077111450905,277.2486955601195,82734.07399238198,1.0395786403012854,333.7932493097265
39.65,1676.428948622428,10.382615202054165,7.280283109914729,1.9581930217715537,0.0,0.0,0.0,0.0,12.831045963012942,277.2532118339542,82741.15768956469,1.0396507135896114,333.795967980009
39.7,1675.9317638221878,10.212580509225123,6.483638448359004,1.7119409297906751,0.0,0.0,0.0,0.0,12.21741011563157,277.25644353515577,82746.22685829047,1.0397022892773913,333.79791335997453
39.75,1675.3160937128403,9.505544730072105,6.334096099648288,2.1151737157576442,0.0,0.0,0.0,0.0,11.616803082725179,277.2604453908665,82752.5044213526,1.0397661588044305,333.80032233242
39.8,1674.5077575614396,11.561419420417746,7.476798627934671,3.960525916772779,0.0,0.0,0.0,0.0,14.326712891480978,277.26569957585065,82760.74705256865,1.0398500200360339,333.8034851354118
39.85,1673.5853595854237,10.496240944010637,6.625585680357955,2.8177028261546857,0.0,0.0,0.0,0.0,12.728272026438223,277.2716951626947,82770.15358821343,1.0399457209888612,333.80709419518354
39.9,1673.3501484650587,9.361611240651008,5.868787924361985,2.31426153644986,0.0,0.0,0.0,0.0,11.288854821518063,277.2732240349771,82772.55238961696,1.0399701257722715,333.80801449775925
39.95,1672.360523723589,10.303887777059995,6.771089300898992,1.7551530777290754,0.0,0.0,0.0,0.0,12.453847436405226,277.27965659579667,82782.64569756904,1.040072810995694,333.81188654113686
40.0,1671.7666404338452,8.602324183116128,5.1876593861528395,0.6339524374553765,0.0,0.0,0.0,0.0,10.065470031306031,277.28351683718,82788.70326686066,1.0401344371062076,333.81421016990504
40.05,1671.2955467998522,9.445822690687459,5.443148994550924,2.331483584205527,0.0,0.0,0.0,0.0,11.14841930428734,277.28657894580095,82793.50864526459,1.0401833235604665,333.8160533601538
40.1,1671.0494469667874,9.984370097958537,5.157275945571274,2.031754566193932,0.0,0.0,0.0,0.0,11.419858495140232,277.2881785947159,82796.0190700435,1.0402088625969748,333.817016240722
40.15,1670.26138947434,10.539324736909943,5.91167209207752,1.3703117593501088,0.0,0.0,0.0,0.0,12.161537203499533,277.29330096841676,82804.0583323633,1.0402906465751254,333.82009954491605
40.2,1669.6787713191793,9.684620061425507,6.051609062167254,0.799895904722068,0.0,0.0,0.0,0.0,11.447867549629553,277.2970879864253,82810.00223934474,1.040351113385389,333.82237904176634
40.25,1669.670192970122,8.836660228985274,6.436926306688168,-0.1628956193147586,0.0,0.0,0.0,0.0,10.933760527058208,277.2971437456942,82810.08975878105,1.0403520037062668,333.8224126044896
40.3,1669.0229004315854,9.70445349472563,6.7591225079180814,0.5149898689585284,0.0,0.0,0.0,0.0,11.83754067673971,277.3013511471947,82816.69388867496,1.0404191859205796,333.82494512172565
40.35,1668.2846369961944,10.52953403675765,6.897048921157768,0.8865622505320858,0.0,0.0,0.0,0.0,12.618492916198427,277.30614985952474,82824.22668768576,1.0404958140165907,333.82783353706026
40.4,1667.6528089158712,10.665417589381997,7.521405137066282,1.3032653573058002,0.0,0.0,0.0,0.0,13.11568405319903,277.3102567420468,82830.67392450657,1.0405613980775108,333.8303055100396
40.45,1666.5319140875818,9.527738932445187,6.60964028594215,-0.11005447936396268,0.0,0.0,0.0,0.0,11.596433325070654,277.3175425584307,82842.11264722126,1.0406777552857518,333.83469086953284
40.5,1666.050605710456,9.114178578804795,6.240286250927627,0.6130930592231372,0.0,0.0,0.0,0.0,11.062789284765762,277.320671062882,82847.02478787069,1.0407277217247228,333.8365739101101
40.55,1665.3496019857607,8.57448399231513,5.858330891884972,1.470164928748866,0.0,0.0,0.0,0.0,10.488241105686184,277.3252275870925,82854.17951884707,1.040800498849974,333.8393164539265
40.6,1664.912921167637,7.594983071783782,6.465914251350609,2.2529859454713517,0.0,0.0,0.0,0.0,10.22583789412841,277.3280660124103,82858.6367149425,1.040845836346904,333.84102487322815
40.65,1664.1786530755967,6.6831907933610895,4.4538363119753415,2.82142277144468,0.0,0.0,0.0,0.0,8.512468709461617,277.3328387550086,82866.1318186359,1.0409220736428333,333.84389751869855
40.7,1663.1367788624589,6.046455476843791,4.880496491565631,3.2214590184366996,0.0,0.0,0.0,0.0,8.41169828542999,277.339610937394,82876.76777997706,1.0410302562762197,333.84797355594435
40.75,1661.5531387779656,6.492879326758282,4.528769261569905,2.63443461548204,0.0,0.0,0.0,0.0,8.343109655256576,277.3499045979432,82892.93646923304,1.041194709446911,333.8541690031374
40.8,1661.4402744823615,7.659283946706112,3.3840142247562066,3.1730680611660156,0.0,0.0,0.0,0.0,8.954582277829276,277.35063821586465,82894.0888915191,1.0412064306030544,333.8546105414893
40.85,1660.4295613319082,6.6289130584331275,5.694799079380899,0.5514889888873237,0.0,0.0,0.0,0.0,8.756561254033842,277.3572078513426,82904.40954803475,1.0413113994458814,333.85856454375863
40.9,1660.5318151040383,8.246343529404967,5.053697420989583,0.2476657723023121,0.0,0.0,0.0,0.0,9.674883852669552,277.35654320182374,82903.36536069881,1.0413007793879987,333.85816451978064
40.95,1660.0332166450098,7.484216353159424,6.450757553794721,1.2087272097922104,0.0,0.0,0.0,0.0,9.954234722289335,277.3597840918074,82908.45701136872,1.0413525645149002,333.86011506763526
41.0,1660.1446450574417,6.111573424870702,6.975061725823016,0.5772189415536982,0.0,0.0,0.0,0.0,9.291716607447482,277.3590598071266,82907.31909067303,1.0413409912346192,333.85967915381747
41.05,1659.4370658204687,5.070123441197241,8.259237296407152,-0.09349471245773894,0.0,0.0,0.0,0.0,9.691743583514693,277.3636590721669,82914.5451919689,1.0414144841517932,333.86244723138856
41.1,1659.2936971466818,5.219000001149583,7.3714805426259895,0.07594167905111097,0.0,0.0,0.0,0.0,9.032300567459544,277.36459096854657,82916.00939621561,1.0414293756630069,333.86300809243573
41.15,1658.264634970978,7.395406353213679,7.788710261865429,1.3606158962466788,0.0,0.0,0.0,0.0,10.826232876192911,277.3712798726886,82926.51967901876,1.041536267747499,333.8670337760788
41.2,1657.8076945079692,6.450357573112936,8.133845777538541,0.20165904161864073,0.0,0.0,0.0,0.0,10.383025875093614,277.37424998569816,82931.18696686819,1.0415837343523437,333.8688213082385
41.25,1657.3472629189064,5.9708885974430155,6.337189160529223,0.4095621413736153,0.0,0.0,0.0,0.0,8.716605890313652,277.3772427910271,82935.8901289756,1.0416315652864703,333.8706224878584
41.3,1656.6404243895079,8.548955096197043,7.242724983263624,0.9808463641629313,0.0,0.0,0.0,0.0,11.247388941886738,277.3818372414682,82943.11067981462,1.0417049969395122,333.87338757713053
41.35,1655.8711827501888,8.66645077447156,7.081570784822594,0.5680306136839002,0.0,0.0,0.0,0.0,11.206189030391808,277.38683731212376,82950.9692740741,1.041784915992741,333.8763967557802
41.4,1655.7759720161275,8.2244510514223,6.144859189459204,-0.878496075354849,0.0,0.0,0.0,0.0,10.304011107813134,277.3874561818952,82951.94199154434,1.0417948080764088,333.8767692065715
41.45,1654.760588395307,9.457237606454823,4.56947579545719,-0.6128479776843268,0.0,0.0,0.0,0.0,10.52117079197768,277.3940561754305,82962.3162008729,1.0419003075810993,333.88074121641137
41.5,1653.9408755099269,11.988436476085662,6.249335585071025,0.035215961609912305,0.0,0.0,0.0,0.0,13.519543060323018,277.39938430918545,82970.69200196066,1.0419854826377977,333.8839477607936
41.55,1652.9239914982866,14.540278254072199,6.70324918120257,1.2146635494450493,0.0,0.0,0.0,0.0,16.05704358932516,277.4059940552611,82981.08344313457,1.0420911528342505,333.88792555435094
41.6,1653.4931387265026,12.958865785424077,4.94416869333983,-0.13877220952235714,0.0,0.0,0.0,0.0,13.87069804440181,277.4022945982777,82975.26725180021,1.0420320085012589,333.8856991999056
41.65,1652.909528371066,12.840031250817416,6.409213179226023,1.1801353769626186,0.0,0.0,0.0,0.0,14.39920607556858,277.40608806558805,82981.2312480591,1.042092655839121,333.8879821301118
41.7,1652.3059882645955,11.746964973768115,5.998845665734751,1.6527055954443304,0.0,0.0,0.0,0.0,13.293185141321569,277.4100110762801,82987.39927433639,1.0421553770674132,333.8903430038441
41.75,1651.4951773067078,10.729199436815566,6.436972575735347,0.876006093889676,0.0,0.0,0.0,0.0,12.54263621302413,277.4152813475064,82995.68614033169,1.042239642888963,333.8935146347146
41.8,1651.2729163623223,9.457636613950077,6.058793297646071,1.7463500686476428,0.0,0.0,0.0,0.0,11.366864348068717,277.41672604364487,82997.95786781298,1.042262742896356,333.8943840425585
41.85,1650.609254608239,9.571599793670288,7.453422233151584,2.724985542205303,0.0,0.0,0.0,0.0,12.433606548425736,277.42103984504644,83004.74144936433,1.0423317208696905,333.8969800440382
41.9,1650.03983225609,10.825183991649672,7.162842290365121,2.9447725802672755,0.0,0.0,0.0,0.0,13.310244313280103,277.4247410903354,83010.5621259745,1.0423909068134447,333.89920739943824
41.95,1649.5029779172312,9.591501924280834,5.000677786350703,1.6754571861338143,0.0,0.0,0.0,0.0,10.945814006685467,277.428230643538,83016.05019268341,1.042446709982001,333.90130734802256
42.0,1649.1874317067213,9.40657653229881,5.860190760808413,1.9698057662465336,0.0,0.0,0.0,0.0,11.256360538282216,277.4302816939063,83019.2760439527,1.0424795104077489,333.9025416260411
42.05,1648.1930931441937,10.19504175232487,7.209488062293765,2.2677316495196997,0.0,0.0,0.0,0.0,12.69087078518401,277.4367448945627,83029.44190141172,1.0425828751658468,333.90643101141063
42.1,1647.3785177739976,9.123646080427243,5.359789669094131,0.7021548200827754,0.0,0.0,0.0,0.0,10.604776494070444,277.442039634469,83037.77065808863,1.0426675587923993,333.90961721385634
42.15,1646.7176125109756,10.922555500700355,4.143680788061323,0.8143412989246467,0.0,0.0,0.0,0.0,11.71048508347807,277.4463355186786,83044.52868717791,1.0427362706713,333.91220231505673
42.2,1645.761006715426,7.758671353494454,5.894707114474201,-0.4285518665926718,0.0,0.0,0.0,0.0,9.75336915323768,277.45255345634973,83054.31116507649,1.0428357315780161,333.9159440001379
42.25,1644.737610694791,9.824663137763139,4.9314226196573765,0.7033164065024475,0.0,0.0,0.0,0.0,11.015334256927739,277.4592055304838,83064.77768875286,1.0429421448816547,333.91994688328447
42.3,1644.5207384317212,7.945856162309695,6.230155083638829,0.3063686501227303,0.0,0.0,0.0,0.0,10.101748574780691,277.4606152001938,83066.99583205328,1.0429646964503267,333.9207951453486
42.35,1644.0520123481847,9.37907178472915,6.749231512069034,1.4671346505834415,0.0,0.0,0.0,0.0,11.64781514403241,277.46366191973675,83071.79006965057,1.043013438436532,333.9226284870263
42.4,1643.671959826809,10.264994384622627,6.429605568567375,2.04764073131211,0.0,0.0,0.0,0.0,12.284248859747796,277.4661322611257,83075.67749825367,1.0430529606970997,333.924114989886
42.45,1642.4688736373841,9.960210402642797,6.652408649635823,2.5038918097532377,0.0,0.0,0.0,0.0,12.236413130554748,277.473952321357,83087.98443089663,1.043178079079679,333.9288205881363
42.5,1641.9286863387179,9.420623291101997,6.364273314042667,2.255838073700745,0.0,0.0,0.0,0.0,11.5905531974728,277.4774635387983,83093.51074023353,1.0432342611347705,333.9309333864368
42.55,1641.2222955983755,10.054230968301201,6.619720023943797,2.9614981851555386,0.0,0.0,0.0,0.0,12.396722351493919,277.48205507861053,83100.73781931936,1.0433077326330635,333.9336962249261
42.6,1641.1033299671183,10.229311382947063,4.763304654607878,3.06210490809985,0.0,0.0,0.0,0.0,11.692064363067312,277.4828283552137,83101.95500599805,1.0433201066037134,333.9341615215636
42.65,1640.7328895800385,10.545800382934205,6.628443195949432,2.796974173473979,0.0,0.0,0.0,0.0,12.76609687593291,277.4852362177297,83105.74522759074,1.0433586379339748,333.93561037843665
42.7,1640.9242218522174,11.964059766379629,6.9372557579185266,2.1099298874763592,0.0,0.0,0.0,0.0,13.98985516988448,277.48399255796056,83103.78756258116,1.0433387363854918,333.93486204538095
42.75,1640.5937491520697,11.269757207504362,7.263219860039847,0.507876932339739,0.0,0.0,0.0,0.0,13.417143109834395,277.4861406305115,83107.16890186838,1.0433731108968438,333.93615457926035
42.8,1640.2742131187483,12.080919509014858,7.818582323796421,0.9620925831269354,0.0,0.0,0.0,0.0,14.422359996747602,277.4882176147281,83110.4384450138,1.0434063486416534,333.9374043332534
42.85,1639.8385033272468,11.272412829915456,9.305518418641233,0.6601304116852176,0.0,0.0,0.0,0.0,14.63201066867249,277.4910497283729,83114.89686423556,1.043451671943091,333.9391084529352
42.9,1638.8243647211475,10.736320664832853,7.667703208217314,0.9724652662120737,0.0,0.0,0.0,0.0,13.229056754032465,277.4976416293125,83125.27483121221,1.043557170263258,333.94307485194514
42.95,1637.5399324755197,10.804913904286618,7.5624552252783985,1.447412066105864,0.0,0.0,0.0,0.0,13.267701202638522,277.5059904389091,83138.42029540359,1.0436907982714847,333.94809832919304
43.0,1636.8597310265286,11.35574190708696,8.62784654881425,1.1977802660336945,0.0,0.0,0.0,0.0,14.311788424091406,277.51041174832756,83145.3824683431,1.043761569442716,333.950758599678
43.05,1635.6341922298354,9.302943052561464,7.3554970037776854,0.6959152599544659,0.0,0.0,0.0,0.0,11.879915136936862,277.51837775050603,83157.92761002612,1.0438890891930546,333.95555163314157
43.1,1635.0936939993217,10.66673253907546,8.453856812613541,1.4559636997561687,0.0,0.0,0.0,0.0,13.688195949917988,277.52189098900436,83163.4608691632,1.04394533289668,333.9576654783525
43.15,1634.662143768606,8.66229744703205,6.945542101007349,-0.15937444366484138,0.0,0.0,0.0,0.0,11.10411420830212,277.52469606550403,83167.8790056367,1.0439902412451874,333.9593532270718
43.2,1633.7830346414503,8.305220651592856,5.8503422470482835,-0.5374540645777736,0.0,0.0,0.0,0.0,10.173104312390274,277.53041027483056,83176.87976046652,1.0440817284215336,333.9627913063762
43.25,1633.506019770496,8.293142638031052,7.122711517472732,0.15677342394909682,0.0,0.0,0.0,0.0,10.93315197380536,277.53221087149177,83179.71613939916,1.0441105580909722,333.96387466749513
43.3,1632.7925664197967,7.8798608610148175,5.670853150830214,-0.27067210181035034,0.0,0.0,0.0,0.0,9.712056735518619,277.5368483182713,83187.02160983057,1.0441848118700978,333.96666485393973
43.35,1632.0909202205871,8.445942856478794,6.443084299143596,0.01082413232898205,0.0,0.0,0.0,0.0,10.62296583740231,277.5414090185662,83194.20668657238,1.0442578407414762,333.96940884202434
43.4,1632.0233971811992,10.419070639259232,6.7629640360469585,2.5704823994270964,0.0,0.0,0.0,0.0,12.684718968290264,277.54184791832216,83194.8981701409,1.0442648688932372,333.96967290898755
43.45,1631.9658553781246,9.05364296171078,6.810719042663541,1.0829799054665916,0.0,0.0,0.0,0.0,11.3810012842403,277.54222194004217,83195.48744247961,1.0442708581741806,333.9698979414833
43.5,1631.5998655682242,8.21018617840282,5.700335656689074,1.1297094007588753,0.0,0.0,0.0,0.0,10.05868912995727,277.54460087380653,83199.23553885339,1.044308953108183,333.9713292382396
43.55,1631.4275663964847,8.741767053379455,5.701373596067246,0.017478749718504716,0.0,0.0,0.0,0.0,10.436688057241867,277.5457208184228,83201.0000995264,1.0443268876520069,333.97200305609385
43.6,1630.919687352854,9.135859791955827,6.1516805583714635,-0.07810180713533516,0.0,0.0,0.0,0.0,11.014227513666059,277.54902203220644,83206.20159734455,1.0443797539257462,333.97398923281855
43.65,1629.8464685775048,8.910161296385755,6.491910020883854,-0.6306684771499936,0.0,0.0,0.0,0.0,11.042355399774705,277.5559979542462,83217.1939488997,1.04449147442006,333.97818626052947
43.7,1628.8498916357992,9.219872731274544,7.793883472344353,0.8615357905839136,0.0,0.0,0.0,0.0,12.103425824114403,277.5624757043673,83227.40235593419,1.0445952247990256,333.9820835184338
43.75,1628.072936024234,6.594532839946022,7.118460521633522,1.065570888464982,0.0,0.0,0.0,0.0,9.761955997315578,277.56752591584245,83235.36178166216,1.0446761165859872,333.9851218838941
43.8,1627.9014547973732,8.224364850951744,6.435141969063799,1.1637459868609192,0.0,0.0,0.0,0.0,10.507403774744345,277.568640543817,83237.11858292395,1.044693970790564,333.9857924752844
43.85,1627.3629280783437,9.023306861690688,6.856839652198887,0.8945726186114569,0.0,0.0,0.0,0.0,11.368226638582227,277.5721409674907,83242.63590928641,1.044750042388877,333.9878984193971
43.9,1627.070360392168,8.954134974003743,7.274716639326298,3.0366916570336424,0.0,0.0,0.0,0.0,11.929774999347877,277.5740426574509,83245.63345463193,1.0447805056081874,333.98904251898716
43.95,1626.2875226397998,8.06936290960833,6.059237683728102,1.6523402248999361,0.0,0.0,0.0,0.0,10.22541966345126,277.5791311028413,83253.65456402121,1.0448620208847128,333.9921038232773
44.0,1625.43153681043,8.996869352055095,5.491128055607668,1.4069785288447685,0.0,0.0,0.0,0.0,10.63370744574347,277.58469501073216,83262.42587923599,1.044951158487921,333.995451142621
44.05,1624.4841803712175,9.268584665149616,5.516214193911374,1.926913995333139,0.0,0.0,0.0,0.0,10.95665452013372,277.59085282758707,83272.1343444758,1.045049817700326,333.999155726212
44.1,1623.9038901351748,10.954173321288344,6.325591462968206,2.2001208037256803,0.0,0.0,0.0,0.0,12.839297179370377,277.5946247141213,83278.0815848228,1.045110253571489,334.0014248979545
44.15,1623.3706845390795,9.038963234707692,6.90827508571034,1.7643856250016847,0.0,0.0,0.0,0.0,11.51260950662169,277.59809055049595,83283.54657041577,1.045165788044665,334.0035099359404
44.2,1622.9272958191036,10.854881448956592,6.493285213116982,3.010212225390693,0.0,0.0,0.0,0.0,13.00202221855036,277.6009725771758,83288.09121679058,1.0452119696223234,334.0052437456479
44.25,1621.9267329941977,10.986000763793232,6.064665419274569,1.7701726912789675,0.0,0.0,0.0,0.0,12.673037946236887,277.6074762355377,83298.34752503074,1.0453161899398937,334.00915627385956
44.3,1621.0543124486414,10.84007020466271,5.376132895144481,1.4948159017633158,0.0,0.0,0.0,0.0,12.191981033795752,277.6131469690838,83307.2911404321,1.0454070692287327,334.01256768640565
44.35,1620.2052540764266,12.881217852036517,5.6239130195730835,1.9890685182358439,0.0,0.0,0.0,0.0,14.195441682934169,277.6186658485032,83315.99600520758,1.0454955207040948,334.0158877127524
44.4,1619.7792081478267,13.209564274298238,5.809658401588555,2.503136905043635,0.0,0.0,0.0,0.0,14.646174020042102,277.6214351470391,83320.36426531231,1.0455399066070894,334.0175536443266
44.45,1618.6993473270745,12.48160214813957,5.7336927185500555,0.8909690105781334,0.0,0.0,0.0,0.0,13.76442698237042,277.628454242374,83331.43693742124,1.04565241407556,334.0217760960846
44.5,1618.2544557034748,13.58313993949452,7.1435523186088306,1.407192381216632,0.0,0.0,0.0,0.0,15.411431495560265,277.6313460379274,83335.99911173638,1.0456987686967736,334.0235156875364
44.55,1617.8018731715629,12.879049092700237,6.71846603411767,1.0640246098555484,0.0,0.0,0.0,0.0,14.565021103800497,277.63428782438484,83340.64036056241,1.0457459262703654,334.02528534227093
44.6,1617.3741139910692,13.385782896982553,6.582814049115905,0.3232077449954379,0.0,0.0,0.0,0.0,14.920358166505702,277.637068259058,83345.02723749775,1.0457904988299878,334.0269579259549
44.65,1616.9852764640784,14.586599729588437,7.8012795562141575,1.2180865274807853,0.0,0.0,0.0,0.0,16.586518295708252,277.63959570298346,83349.01511631734,1.0458310170095413,334.02847831458615
44.7,1616.4425567207654,14.73922414373492,7.345043015843324,-0.1908913692647325,0.0,0.0,0.0,0.0,16.469086944293753,277.643123381315,83354.58145409432,1.0458875722421117,334.03060038452924
44.75,1616.0217744290192,15.375533066306058,7.629691575293987,-0.1914710939946408,0.0,0.0,0.0,0.0,17.165543154442233,277.64585846621134,83358.89736267341,1.0459314223407432,334.032245661727
44.8,1615.2559222158372,15.593880868829482,7.624300342639133,0.5233427589330188,0.0,0.0,0.0,0.0,17.365856267669066,277.65083650559706,83366.75307239851,1.046011236093783,334.0352401566402
44.85,1614.985580440025,13.3812585305098,6.079099017109418,-0.15878601470085496,0.0,0.0,0.0,0.0,14.698256281567096,277.6525937271398,83369.52623948068,1.0460394110386075,334.0362971910772
44.9,1614.1783677471722,14.143349934745912,7.525485933468511,0.9175887446891378,0.0,0.0,0.0,0.0,16.047094908920112,277.65784060964336,83377.80707521229,1.046123541976323,334.03945336710956
44.95,1613.0702639491185,16.537592569778948,9.458563793218676,3.5944424108631714,0.0,0.0,0.0,0.0,19.387532418526266,277.6650432843307,83389.17570353382,1.0462390414198341,334.0437859692558
45.0,1612.9916624984728,15.518602790562463,7.58986109685726,1.5320738503544753,0.0,0.0,0.0,0.0,17.34301802812245,277.66555419375993,83389.98216544288,1.0462472345461542,334.044093292856
45.05,1611.763723834672,17.233203821014083,7.627102802131832,1.7775951362484008,0.0,0.0,0.0,0.0,18.929232830712277,277.6735357950746,83402.58180839282,1.046375236732547,334.04889437022035
45.1,1611.2803795562465,15.110083548398208,7.98751640947458,1.421958365796187,0.0,0.0,0.0,0.0,17.150422992604515,277.67667753288436,83407.54173405233,1.0464256245582264,334.0507841633368
45.15,1611.263808225981,14.951950636722225,8.45835927763676,1.8818660547886228,0.0,0.0,0.0,0.0,17.2813798453922,277.6767852465311,83407.71178802144,1.046427352124364,334.05084895420254
45.2,1610.0490286138063,14.071758601846335,6.056519987033937,0.7952441415083606,0.0,0.0,0.0,0.0,15.3404119158053,277.6846813140102,83420.17854612294,1.0465539992050683,334.05559848573307
45.25,1610.0834329873942,13.921567911781809,6.5878551321088565,1.593807829055332,0.0,0.0,0.0,0.0,15.483866176119063,277.6844576855819,83419.8254481472,1.0465504122091802,334.0554639728331
45.3,1609.08149156503,12.571399056261551,6.924094707021353,-0.714403655898975,0.0,0.0,0.0,0.0,14.369882891907531,277.69097030482726,83430.10904008242,1.0466548783540186,334.05938130278713
45.35,1608.2988914057917,13.485698638721166,7.237748410541894,1.522971422263149,0.0,0.0,0.0,0.0,15.380783848092328,277.6960572058623,83438.1421006019,1.0467364807106976,334.06244103358864
45.4,1608.206069292852,14.558598926581402,7.750341742551209,1.737920274755475,0.0,0.0,0.0,0.0,16.58435909864457,277.69666054959646,83439.09492198312,1.046746159670966,334.06280393822107
45.45,1607.2579480811319,12.009540014823118,6.817382773149557,-0.03101005911354232,0.0,0.0,0.0,0.0,13.80966041823767,277.70282333747264,83448.82791527847,1.046845028262277,334.06651076489266
45.5,1607.0071245177173,10.980310759108558,5.6468702183779005,0.493856445068549,0.0,0.0,0.0,0.0,12.357113814242151,277.7044536906348,83451.40291288405,1.0468711849446046,334.06749139156807
45.55,1606.9191824524826,11.914500857893195,6.4862723857798406,0.4594474841003966,0.0,0.0,0.0,0.0,13.573435532167748,277.70502531405884,83452.3057564019,1.0468803559424382,334.0678352115942
45.6,1606.4665770633007,11.05574237260112,7.290690875794383,0.3389379507975489,0.0,0.0,0.0,0.0,13.247584375659216,277.70796724908854,83456.95248425119,1.0469275566595184,334.0696047209192
45.65,1605.583965718711,10.007275022833587,5.887530760182192,-0.5778610706930293,0.0,0.0,0.0,0.0,11.625080440656873,277.71370422282837,83466.01452276869,1.047019605956652,334.07305535769876
45.7,1605.0483794470224,11.997817409400295,5.560030748334989,0.5629311421234112,0.0,0.0,0.0,0.0,13.235499838786282,277.7171855335943,83471.51393798756,1.0470754663354287,334.0751492559504
45.75,1604.5964764401178,10.808981556142587,6.4114796511103656,0.4856506004148521,0.0,0.0,0.0,0.0,12.576844202872048,277.7201229031392,83476.15431925887,1.0471226005214609,334.0769159805636
45.8,1603.960841724834,10.411200060842964,6.778383024178755,0.6114399377273333,0.0,0.0,0.0,0.0,12.438385020846527,277.72425452878855,83482.68170931931,1.0471889009575386,334.079400992465
45.85,1603.6924754567,10.057755807769865,7.575381380149091,1.5194271918334432,0.0,0.0,0.0,0.0,12.68280386723381,277.7259989095314,83485.43771074404,1.0472168941005258,334.08045016398876
45.9,1603.1146298570975,8.131865336917416,5.992125841133025,0.47176110719144476,0.0,0.0,0.0,0.0,10.112139461854333,277.72975490592887,83491.37217644708,1.0472771708117208,334.08270922639144
45.95,1601.9098306883668,7.840484446537697,6.237081185114188,1.3025101314655532,0.0,0.0,0.0,0.0,10.103014931626863,277.7375861005256,83503.74654453035,1.0474028553617714,334.0874192875545
46.0,1601.752501509007,7.963684149039669,7.268705323174459,0.8078739185125352,0.0,0.0,0.0,0.0,10.81235416405804,277.7386087401914,83505.36256593652,1.0474192687805892,334.08803434786574
46.05,1601.3739694054702,7.702084089969471,6.736794448406625,0.6514029373606507,0.0,0.0,0.0,0.0,10.253332363473119,277.7410691988644,83509.25079766588,1.0474587600740939,334.08951417089946
46.1,1600.9200909349036,6.910044065126734,5.523300542009174,-0.3329068384904822,0.0,0.0,0.0,0.0,8.852479021294869,277.7440194089231,83513.91317059142,1.047506113564576,334.0912885423143
46.15,1600.1416149798708,8.530997473790771,7.581356070032615,1.3648397675456048,0.0,0.0,0.0,0.0,11.494244879482899,277.7490795026308,83521.91039498057,1.0475873363741093,334.094331858118
46.2,1600.2407948354974,7.068725969342908,6.546118616308273,-0.45544322638754975,0.0,0.0,0.0,0.0,9.64499789014507,277.74843483356926,83520.89149338537,1.0475769881097152,334.0939441333328
46.25,1599.589802410987,7.3759401004387195,7.144421371371521,-0.9819241298970408,0.0,0.0,0.0,0.0,10.315591310915925,277.75266628432854,83527.5794991637,1.0476449130256362,334.0964890562053
46.3,1599.1064116888704,7.507173528518434,6.994258822726027,-0.023113789465383727,0.0,0.0,0.0,0.0,10.260499262405911,277.7558083240223,83532.54592036495,1.0476953524654353,334.09837876166785
46.35,1598.0651800566873,6.900477048585856,6.7622464553915185,-0.9755905574290304,0.0,0.0,0.0,0.0,9.710630131832847,277.7625763296315,83543.2444862412,1.047804006166141,334.1024491822665
46.4,1597.9895913254045,9.344430409807147,8.39064332064027,0.9805885061762931,0.0,0.0,0.0,0.0,12.596937280004962,277.76306765638486,83544.02119717882,1.0478118942715138,334.10274467455577
46.45,1596.651617703109,8.975792165298191,7.594810936485644,1.7341503305795105,0.0,0.0,0.0,0.0,11.8850021255631,277.77176448492975,83557.77049397869,1.0479515267948731,334.10797505231557
46.5,1596.561742539362,8.67784326383807,5.832554450130243,0.9430952713296656,0.0,0.0,0.0,0.0,10.498241939309565,277.77234867349415,83558.69413562909,1.0479609067843834,334.1083263874414
46.55,1595.537635209029,10.993883092406481,6.330876459815308,1.633688602345011,0.0,0.0,0.0,0.0,12.791184489654455,277.7790053711413,83569.2194088792,1.0480677941966654,334.11232974630036
46.6,1595.319543292702,10.894346548600526,6.312849820760188,1.9210311560805198,0.0,0.0,0.0,0.0,12.736923501501773,277.7804229685974,83571.46098936054,1.0480905578104172,334.1131822876647
46.65,1593.8590180218453,13.64920464369857,7.659193198803262,3.2135821640259254,0.0,0.0,0.0,0.0,15.977832712452033,277.789916382858,83586.47373560948,1.0482430116919903,334.1188915592459
46.7,1593.6906136314249,11.697049004279403,4.99129808496898,0.9238419173046406,0.0,0.0,0.0,0.0,12.750980192506688,277.7910110113957,83588.20490555055,1.0482605913235337,334.1195498547632
46.75,1592.8967468330536,13.773494722122807,5.24196303819355,2.58382953250086,0.0,0.0,0.0,0.0,14.962068988183278,277.7961711455851,83596.36611907395,1.0483434656318744,334.1226530755978
46.8,1592.6521731719838,11.960485128290768,6.30709266946333,2.0020781045263862,0.0,0.0,0.0,0.0,13.668977254421293,277.7977608743821,83598.8805472895,1.0483689984729219,334.12360910685123
46.85,1592.3991385108363,11.94915797396882,6.04870177620936,0.6977496459115509,0.0,0.0,0.0,0.0,13.411041124116748,277.7994055996795,83601.48202633882,1.0483954151206334,334.1245982090262
46.9,1592.1177360986344,12.569275814123474,6.9512082073768875,0.7686081375916541,0.0,0.0,0.0,0.0,14.383905884806993,277.8012347153589,83604.37523455336,1.0484247939404687,334.12569819614487
46.95,1591.5189014006903,11.518040496664128,6.994827317109074,-0.0809663665155807,0.0,0.0,0.0,0.0,13.475882962963016,277.8051271408955,83610.53235804146,1.0484873152474312,334.1280389971959
47.0,1591.7033558618764,12.887091827685271,6.776239671677203,0.6547840022430345,0.0,0.0,0.0,0.0,14.574748778376863,277.8039281868978,83608.6357873663,1.0484680569845812,334.12731797994104
47.05,1590.3448066332578,13.071395838145236,5.192151410280602,-0.10087794469026601,0.0,0.0,0.0,0.0,14.065205358773984,277.8127587568838,83622.60528009273,1.048609904831881,334.1326284002041
47.1,1589.7990424773868,12.791287505227627,6.228735789608055,-0.4410685350278628,0.0,0.0,0.0,0.0,14.234069236544002,277.81630622389696,83628.2177166038,1.048666892892763,334.13476170880136
47.15,1588.3650750936222,12.748159567441487,7.118535331005358,0.09636831059515706,0.0,0.0,0.0,0.0,14.601315162238244,277.8256270118914,83642.96555981855,1.0488166373969372,334.14036680303803
47.2,1588.0085132278443,13.200856108331164,6.133057525987898,-0.07281106356913157,0.0,0.0,0.0,0.0,14.556177316209055,277.827944664019,83646.63299837618,1.0488538745208837,334.1417605180911
47.25,1587.807276286755,13.929182260081683,5.517256700730248,0.8635996065254867,0.0,0.0,0.0,0.0,15.006933204912924,277.8292527041361,83648.70289054132,1.0488748909133794,334.1425471025969
47.3,1587.3685882148498,12.640209198157915,7.120563654663783,0.133706072313249,0.0,0.0,0.0,0.0,14.508452455278897,277.8321041766035,83653.21531220444,1.048920706882186,334.1442618173349
47.35,1587.11077690419,13.148379013445965,8.905667591188081,2.033978800922455,0.0,0.0,0.0,0.0,16.010242212051818,277.83377995012273,83655.86729605737,1.0489476330492455,334.14526952892186
47.4,1586.8788383788965,13.234645561251343,7.369963843857677,1.7224759720167695,0.0,0.0,0.0,0.0,15.245954665611936,277.83528755053715,83658.25319689239,1.0489718574789524,334.1461761085025
47.45,1585.7247550668355,11.669511112780043,7.896236652335842,1.2373298383166529,0.0,0.0,0.0,0.0,14.144222425067332,277.8427890920656,83670.12581848308,1.0490924001351845,334.15068704467507
47.5,1585.598731587019,11.382089239856773,7.812265198478107,1.5799871587983496,0.0,0.0,0.0,0.0,13.895315844462953,277.84360824468433,83671.42236650974,1.0491055637824607,334.15117962576653
47.55,1584.6909343521115,10.416093377548734,6.810855093571623,1.06043253354073,0.0,0.0,0.0,0.0,12.490286846731614,277.8495089267113,83680.76239816792,1.0492003905015397,334.1547278617758
47.6,1584.3638893682473,11.714954613235063,6.589284102739299,2.129137828856015,0.0,0.0,0.0,0.0,13.608528740133375,277.85163471910636,83684.12746490884,1.049234554585905,334.1560061476784
47.65,1583.8081125317563,12.200432460774175,6.781246833453345,1.31012899901601,0.0,0.0,0.0,0.0,14.019711082622065,277.85524726854356,83689.8462755756,1.0492926146267936,334.1581784422006
47.7,1583.1937567634573,11.509417104671277,6.7812725041083395,0.373228665253446,0.0,0.0,0.0,0.0,13.363818260543743,277.8592405810375,83696.16821767576,1.049356797061657,334.160579680341
47.75,1582.5271114894065,13.850035893709048,7.777974108642397,0.9638291779365021,0.0,0.0,0.0,0.0,15.913809794514393,277.86357377531886,83703.0286750844,1.0494264456374218,334.1631852749303
47.8,1582.5402712815273,14.918841931042717,7.132599815527707,2.055928021259862,0.0,0.0,0.0,0.0,16.66351297657567,277.86348823667004,83702.8932430431,1.0494250707179185,334.16313383985164
47.85,1581.6322526641097,13.317333813419475,6.082167242303722,0.0779561466198947,0.0,0.0,0.0,0.0,14.640704061697102,277.86939035768324,83712.23839772357,1.0495199426612474,334.166682814194
47.9,1581.5720171600472,14.517942047525432,7.624143369058944,0.3160589654528733,0.0,0.0,0.0,0.0,16.40116144292579,277.86978188845967,83712.85835993977,1.0495262364419462,334.16691824223903
47.95,1580.2439687743822,15.96281541006064,7.2714644091991305,1.987177267506972,0.0,0.0,0.0,0.0,17.653173764578867,277.8784142029665,83726.5279844042,1.0496650065466253,334.1721088238008
48.0,1579.5913463420625,15.093851312527143,6.476340322084475,0.6795767269278763,0.0,0.0,0.0,0.0,16.43864823943613,277.8826562487766,83733.24610043321,1.049733205352732,334.17465952207664
48.05,1578.7840220431378,14.820590584959254,6.772739409889191,0.7703112354823343,0.0,0.0,0.0,0.0,16.312978998354634,277.88790385671956,83741.5573263392,1.0498175751378558,334.1778148275254
48.1,1578.0338734886514,15.088525766993973,6.764539878481283,1.3272656905739146,0.0,0.0,0.0,0.0,16.58867818128314,277.89277982232375,83749.28053924598,1.0498959743958904,334.18074664348524
48.15,1576.648022012873,14.606996463702252,7.734933255441138,1.4875461849404663,0.0,0.0,0.0,0.0,16.595370794564076,277.9017878569163,83763.55019814832,1.0500408237917602,334.1861629183036
48.2,1576.2719193766013,12.616478457971212,6.139582423710069,0.34348384131446097,0.0,0.0,0.0,0.0,14.035240723522536,277.9042325240521,83767.42314348165,1.0500801367309245,334.1876328119292
48.25,1575.605713823667,13.414640207622812,7.051697604803239,1.1753728491817013,0.0,0.0,0.0,0.0,15.200674733187071,277.90856286014616,83774.28380143802,1.0501497760668859,334.1902364770804
48.3,1575.7302109882419,10.778643063478686,5.626919450729266,-0.170591830379354,0.0,0.0,0.0,0.0,12.160200260171077,277.9077536285764,83773.0016813959,1.0501367619473505,334.18974991868913
48.35,1574.8556418011508,12.023474022296933,7.818677492528447,1.194387604550307,0.0,0.0,0.0,0.0,14.39174093176095,277.9134383282925,83782.00867001255,1.0502281863026757,334.1931678849688
48.4,1575.0180466204563,9.763026590285437,6.046999437266678,0.7353856274857689,0.0,0.0,0.0,0.0,11.50754893181153,277.91238269696703,83780.33604052973,1.050211208619552,334.1925331817426
48.45,1573.6855583957406,8.771878382516121,6.983543853893127,0.4604393604071966,0.0,0.0,0.0,0.0,11.221752961169404,277.92104387042764,83794.0603185175,1.050350512187287,334.19774071679296
48.5,1573.7364695440474,8.09359107732774,4.985245067839912,0.820284530539847,0.0,0.0,0.0,0.0,9.541056106347156,277.9207129479637,83793.5359136437,1.050345189475583,334.19754175098024
48.55,1572.6235132394888,7.404707354466756,4.983527463845956,-0.040317455625590526,0.0,0.0,0.0,0.0,8.925629528802384,277.9279471639433,83805.00040776846,1.0504615526946108,334.2018912675
48.6,1572.392244078637,7.976105765796662,5.078169410829185,0.027997428385785783,0.0,0.0,0.0,0.0,9.45551963713535,277.92945041348884,83807.38285648194,1.050485733878775,334.2027950775827
48.65,1571.6297233623593,9.905806828772585,5.688324237658185,0.4113344228013252,0.0,0.0,0.0,0.0,11.430277230630429,277.93440679814466,83815.23844926423,1.0505654650088598,334.2057750248646
48.7,1571.4188326146113,8.231153487641652,5.706951647100676,-0.9898158921102356,0.0,0.0,0.0,0.0,10.064835832726455,277.935777588005,83817.41117986254,1.0505875171058758,334.20659918573057
48.75,1570.0958942289087,6.583701214297001,6.83998783116793,-1.5564738177441648,0.0,0.0,0.0,0.0,9.620455600177378,277.9443766875121,83831.0419728652,1.050725860156194,334.21176918147347
48.8,1570.1944955397332,5.787422458728442,6.795469588371616,-2.0878589161179955,0.0,0.0,0.0,0.0,9.166887175911532,277.9437357789917,83830.02598000904,1.0507155486843218,334.2113838538469
48.85,1568.6257362318406,7.131439225480244,7.784461360278849,-1.2922586312127886,0.0,0.0,0.0,0.0,10.63603292897952,277.953932714493,83846.19173733874,1.0508796146867867,334.2175144123559
48.9,1568.3752170747448,6.199121278100541,7.153527416858277,-1.9537582897642458,0.0,0.0,0.0,0.0,9.665362413234407,277.9555610890141,83848.7735218976,1.0509058166179954,334.2184934063974
48.95,1568.0611717479057,6.2629764037605185,7.2699845781535695,-1.6250671943335468,0.0,0.0,0.0,0.0,9.732337467779818,277.9576023836386,83852.01008138485,1.0509386634908844,334.219720647829
49.0,1567.7861267294968,7.8070787334537615,6.963697555307442,-1.2618586645814027,0.0,0.0,0.0,0.0,10.537354947116471,277.95939017625824,83854.84478575311,1.0509674318583717,334.2207954782779
49.05,1567.2093480927413,8.230003914568343,7.131802007055009,-0.887822001715263,0.0,0.0,0.0,0.0,10.926289041041054,277.9631392373972,83860.7895079549,1.0510277620471222,334.22304942258666
49.1,1566.9633836835992,10.519522351810236,6.155572104022503,0.9217205400138808,0.0,0.0,0.0,0.0,12.222969655199945,277.96473800605656,83863.3247092521,1.051053490364826,334.2240106014138
49.15,1566.746023413931,10.534075204931048,5.712302289948203,0.5094138998928088,0.0,0.0,0.0,0.0,11.994025195750364,277.96615084780944,83865.56513397243,1.0510762270393448,334.2248599987876
49.2,1566.1495162264753,9.650707572315634,5.9582853051018985,1.0219072025496228,0.0,0.0,0.0,0.0,11.387783575128495,277.9700281445279,83871.71383619489,1.051138625793278,334.22719101000956
49.25,1565.5200371492745,9.566380242538937,3.8247210039758923,0.3947734966056883,0.0,0.0,0.0,0.0,10.310187574274096,277.9741197585297,83878.20280331609,1.0512044767068747,334.2296508500709
49.3,1564.8620643597992,10.272694219644789,4.124586309875363,0.3231032441597228,0.0,0.0,0.0,0.0,11.074513734892438,277.9783965816613,83884.98593158899,1.051273311771365,334.2322220167772
49.35,1562.7526346360762,9.72106764088413,2.8646894045516555,-0.23176997575110214,0.0,0.0,0.0,0.0,10.137027117693565,277.9921078748655,83906.73531556687,1.0514940169901263,334.24046492259464
49.4,1561.6755737012468,10.715296416656527,2.1840034288496537,-0.01810862068204455,0.0,0.0,0.0,0.0,10.935619607328258,277.99910877094186,83917.84216871244,1.0516067212919038,334.2446736176635
49.45,1560.5039345865566,12.106642480438301,3.1047023444995174,-0.5827533182340957,0.0,0.0,0.0,0.0,12.51197707107102,278.0067244251874,83929.92568155074,1.0517293328055553,334.24925182377007
49.5,1559.0599567581487,11.692388875752977,2.7522613786581687,-1.2814120306439856,0.0,0.0,0.0,0.0,12.080104184590649,278.01611028107203,83944.81985434631,1.0518804594899616,334.25489411324173
49.55,1558.3508529677129,12.763805001073093,3.1922251447232215,-1.291751034001274,0.0,0.0,0.0,0.0,13.22019819117191,278.02071945570987,83952.13481831696,1.0519546803575859,334.2576648749676
49.6,1558.8098015533672,11.618235866052071,2.6510787365385844,-1.0961564911316677,0.0,0.0,0.0,0.0,11.967171017395708,278.0177362899031,83947.400343342,1.0519066424158774,334.2558715756888
49.65,1558.2920521183576,12.363564629575178,3.548838524109382,-0.4142715209014608,0.0,0.0,0.0,0.0,12.869483521607044,278.02110166123066,83952.74141855391,1.0519608351372844,334.2578946331691
49.7,1558.947685209114,11.955201784138506,5.1385634938311,-0.7425161201198704,0.0,0.0,0.0,0.0,13.033917855665658,278.0168400461407,83945.97798939142,1.051892210523589,334.2553328061387
49.75,1559.4308452879964,10.762656150936667,4.18685611555915,0.9285606880193547,0.0,0.0,0.0,0.0,11.5856271520805,278.013699505628,83940.99405268222,1.051841640719974,334.2534448892438
49.8,1559.5829096462357,11.671108952020436,5.009954364687079,1.610532861130539,0.0,0.0,0.0,0.0,12.802665464775686,278.01271108729946,83939.42551418161,1.051825725334689,334.25285070535006
49.85,1559.0432068242194,10.113668166488509,5.795396492568056,1.444855748287132,0.0,0.0,0.0,0.0,11.74565930125983,278.01621915564255,83944.99263715248,1.0518822126351075,334.2549595624245
49.9,1558.0284379564507,9.8636708349246,7.247567411507411,1.7558055264804224,0.0,0.0,0.0,0.0,12.365358416596973,278.02281515328303,83955.46095372803,1.0519884283952063,334.2589246761406
49.95,1557.646546857864,9.899255039726764,6.8932394285448355,1.4318757679231398,0.0,0.0,0.0,0.0,12.147521079445237,278.02529744542386,83959.40080134886,1.0520284030248004,334.26041686743656
50.0,1557.2629682542686,9.206307838723248,6.219390566955774,1.228935361629582,0.0,0.0,0.0,0.0,11.177978581511919,278.0277907063472,83963.35820911986,1.052068555464562,334.2619156457399
50.05,1555.3382817890963,7.884801558791835,6.241967651722394,1.0997895481048994,0.0,0.0,0.0,0.0,10.116412053529439,278.04030116837083,83983.21761688597,1.0522700464921118,334.2694359802182
50.1,1554.7844034272823,6.533516992163352,4.6336459770910325,0.7489812558720115,0.0,0.0,0.0,0.0,8.044780435135989,278.04390137772265,83988.93338036646,1.052328036221974,334.27160011982085
50.15,1553.4960425072372,8.627113342863087,5.801272955964188,2.162863879693492,0.0,0.0,0.0,0.0,10.618843284571561,278.05227572370296,84002.22987596742,1.0524629339634681,334.27663401004344
50.2,1553.1792628299052,7.870571577890539,4.979030555661548,3.4319981905591215,0.0,0.0,0.0,0.0,9.925485067084168,278.0543347916056,84005.49945350488,1.052496104383994,334.2778717215702
50.25,1552.0422034956716,7.337370131114875,4.94158363302685,3.724874778915182,0.0,0.0,0.0,0.0,9.598486409938497,278.0617256772781,84017.23623083682,1.0526151739639849,334.28231436605756
50.3,1551.602190101589,6.4240748721522465,3.721463630618288,2.9752261271021916,0.0,0.0,0.0,0.0,7.9981247817487855,278.06458576433965,84021.77842509883,1.0526612536653077,334.28403354200924
50.35,1551.4692669069902,6.2974357197006645,3.6782700255675636,3.71640966113707,0.0,0.0,0.0,0.0,8.185295828138626,278.0654497651045,84023.15061100757,1.0526751741384919,334.2845528843691
50.4,1550.650486690498,5.104924731101791,5.139661416885535,3.377525301959812,0.0,0.0,0.0,0.0,7.992750037115839,278.07077183651177,84031.60340111752,1.05276092456666,334.28775191134207
50.45,1550.5848838264683,5.640394152289213,6.385133097216466,5.214726424153564,0.0,0.0,0.0,0.0,9.98886092310394,278.0711982551279,84032.28069109557,1.0527677953518735,334.28800822462694
50.5,1550.523489397054,4.567037632116152,5.808195681463522,3.267884149635913,0.0,0.0,0.0,0.0,8.079111128260227,278.07159731891915,84032.91453681332,1.052774225406152,334.2882480951941
50.55,1550.4655012453904,5.5433602666925434,7.184565395418472,3.030171558605762,0.0,0.0,0.0,0.0,9.567066564102786,278.07197424190497,84033.51321914048,1.0527802987365862,334.28847465713557
50.6,1550.4258359292742,5.582654277065803,7.74285506394269,3.1091799736864614,0.0,0.0,0.0,0.0,10.039164976592275,278.0722320664597,84033.92273450573,1.0527844530588024,334.2886296309645
50.65,1549.7515869423398,5.164066537582067,7.291969447384216,1.6868659838162203,0.0,0.0,0.0,0.0,9.093179777916852,278.07661468487476,84040.88410914186,1.0528550720256489,334.2912639352255
50.7,1549.416714375151,5.161840499094836,6.610398226201247,2.5299090276923244,0.0,0.0,0.0,0.0,8.760274067371371,278.0787913565615,84044.34171969237,1.0528901469954413,334.29257228131974
50.75,1548.9535476997178,8.860953889336823,7.016794117698485,5.324514593515406,0.0,0.0,0.0,0.0,12.49409297130768,278.0818019399518,84049.12417639715,1.0529386611231786,334.2943818636628
50.8,1548.2084886364457,8.870726634070856,7.364166508899535,4.615312178580085,0.0,0.0,0.0,0.0,12.418608854978936,278.0866448238631,84056.81779307319,1.053016705495492,334.29729277301345
50.85,1546.4763119976003,7.743337980893659,5.7535512189076545,3.471752258565055,0.0,0.0,0.0,0.0,10.252594718401562,278.09790397201556,84074.70677112814,1.0531981667903028,334.30406020452983
50.9,1546.2270993826446,9.899741439457685,6.481364124666983,3.5439151156489803,0.0,0.0,0.0,0.0,12.352015861047185,278.0995238540128,84077.28075709837,1.0532242760521235,334.3050338406709
50.95,1545.100360744589,8.824236749154755,6.132895585672314,1.6185106006888834,0.0,0.0,0.0,0.0,10.867342777074555,278.10684765516015,84088.91904407227,1.0533423272766005,334.30943580338743
51.0,1544.5998235869831,8.964292146774735,6.341935086830306,0.11211139636503609,0.0,0.0,0.0,0.0,10.981404432197706,278.1101011466846,84094.08960126473,1.0533947730533524,334.31139129233713
51.05,1543.4665797249625,10.126187286042995,5.3649915414974165,-1.277358105934273,0.0,0.0,0.0,0.0,11.530587449178539,278.1174672317877,84105.79698053004,1.0535135205797255,334.3158185854186
51.1,1543.2395094478359,10.02792604170907,3.7938902828540932,-1.7287701201732073,0.0,0.0,0.0,0.0,10.860089792664025,278.11894318858907,84108.14296959627,1.0535373154841088,334.3167056836949
51.15,1541.378016449304,11.080206821606048,2.20373130074519,-0.20302745791921928,0.0,0.0,0.0,0.0,11.299054606652648,278.1310428930795,84127.37708473635,1.053732398558947,334.3239779128052
51.2,1540.4211515476873,12.882600624541258,3.716286814370872,-0.8988154077472372,0.0,0.0,0.0,0.0,13.438007875994916,278.13726251494,84137.26539989897,1.0538326880386188,334.3277160016485
51.25,1539.7402897617585,12.619351841634517,3.6089696342557085,-0.262122510910913,0.0,0.0,0.0,0.0,13.127886765762055,278.14168811654855,84144.30205080113,1.05390405394286,334.330375831149
51.3,1539.6844565329357,11.593326644994415,4.415527595170698,-0.09522423284223308,0.0,0.0,0.0,0.0,12.406094240161638,278.1420510325359,84144.87910379718,1.053909906379614,334.3305939462394
51.35,1538.9912340527242,8.73873361220274,4.0554613118784575,-1.216782328029269,0.0,0.0,0.0,0.0,9.710447509306109,278.14655697865726,84152.04403082703,1.0539825720022955,334.3333020400645
51.4,1538.2526036272002,9.455925505082554,4.563183479173177,0.20093748670383582,0.0,0.0,0.0,0.0,10.501311655971012,278.15135807642315,84159.6788235411,1.0540600016373118,334.3361874972139
51.45,1537.6369126989227,8.041311938736524,4.495561786227627,0.14333498541145046,0.0,0.0,0.0,0.0,9.213757018062696,278.15536006745697,84166.04329085522,1.0541245470154974,334.33859267262125
51.5,1537.3790752878465,7.826103455626314,3.27731484058457,-0.7894333759701133,0.0,0.0,0.0,0.0,8.52126122810336,278.157036010629,84168.70870134387,1.0541515780557433,334.33959990044775
51.55,1536.1991245913619,7.896910482062092,2.605309811724595,-1.286250694434764,0.0,0.0,0.0,0.0,8.414468208134398,278.1647056901561,84180.90738817054,1.0542752879520465,334.34420927496717
51.6,1535.7732692512882,7.5940027474145575,2.3829422095456856,-1.9314680507923754,0.0,0.0,0.0,0.0,8.190107455522547,278.1674737498666,84185.31036090851,1.0543199387484263,334.3458728261183
51.65,1534.5034468113627,8.845881029496102,2.206575104560002,-2.264623683924967,0.0,0.0,0.0,0.0,9.39399304395404,278.17572759572613,84198.44032428972,1.0544530878141853,334.35083318109804
51.7,1534.2003379603816,7.536804670296274,3.286106064496432,-2.2133196545125293,0.0,0.0,0.0,0.0,8.514734382138494,278.1776978032575,84201.57471478882,1.054484872632255,334.3520172156811
51.75,1533.1306678962562,6.573192436040323,2.3143237929673566,-3.2392567418003972,0.0,0.0,0.0,0.0,7.684773103951206,278.1846506586743,84212.6367228351,1.0545970470005037,334.35619563603336
51.8,1533.387189393263,7.009820214719717,3.4592242570352196,-2.462499461880074,0.0,0.0,0.0,0.0,8.195591223512412,278.18298326894376,84209.98379489954,1.0545701452221932,334.3551935985
51.85,1532.162773416831,8.045118771903221,4.116977203731591,-2.306226471317194,0.0,0.0,0.0,0.0,9.32695651791512,278.1909419727906,84222.64723136023,1.0546985562142495,334.359976448446
51.9,1532.6970647041933,8.617530875549484,4.6781030806603825,-2.336425441029091,0.0,0.0,0.0,0.0,10.07994894162767,278.1874690794227,84217.12117153603,1.0546425207845853,334.3578893924108
51.95,1532.010626934833,7.375519262663909,3.400850116884169,-0.3444290215302024,0.0,0.0,0.0,0.0,8.129126475969585,278.19193092492355,84224.2209033953,1.0547145134576172,334.3605707627606
52.0,1532.1216404077722,9.94162561159784,4.418411267154629,0.422271272847824,0.0,0.0,0.0,0.0,10.8874510770322,278.19120933734945,84223.0726733943,1.0547028702585546,334.36013712223627
52.05,1531.4503351018443,10.381469296324864,5.688602378191188,0.7858681467317425,0.0,0.0,0.0,0.0,11.863923908713588,278.19557282183797,84230.01628433839,1.0547732789007014,334.3627593646039
52.1,1531.0316594943715,10.26355308991606,6.083822094716785,0.4987015836713267,0.0,0.0,0.0,0.0,11.941612813152416,278.19829421328654,84234.34706804517,1.0548171927547347,334.36439477835177
52.15,1530.2513373632228,10.163118451607534,4.029618379198252,0.21173875248554463,0.0,0.0,0.0,0.0,10.93488153766112,278.20336630713905,84242.41920736828,1.0548990425553215,334.3674428197966
52.2,1529.8525510041172,10.76052200671165,3.2887880047405202,0.31251318785809945,0.0,0.0,0.0,0.0,11.256226050041642,278.2059584184732,84246.54474429626,1.0549408740587327,334.36900052132796
52.25,1529.434079784336,9.852524006109984,4.054727730033498,0.3791564501570519,0.0,0.0,0.0,0.0,10.66099460038189,278.2086784814018,84250.87410155934,1.054984771810045,334.3706351061961
52.3,1529.226821862331,10.819676543855437,6.423090446697635,0.8471643206920125,0.0,0.0,0.0,0.0,12.611073657162086,278.21002565789485,84253.01838642861,1.0550065137431224,334.371444670651
52.35,1528.3225615810684,9.718150322390924,5.440622038541529,1.212552663496767,0.0,0.0,0.0,0.0,11.203262820116455,278.215903349723,84262.37435591135,1.0551013771747535,334.3749767538731
52.4,1527.7580215354512,9.747514691761808,5.662470243279381,0.7016181743365325,0.0,0.0,0.0,0.0,11.294683704499922,278.2195728600195,84268.21582131209,1.055160604809783,334.3771818549466
52.45,1527.8446688691636,9.572563680583547,5.844244902408505,2.0733351561498976,0.0,0.0,0.0,0.0,11.40560794380914,278.2190096523504,84267.31923402593,1.0551515142058898,334.3768434102309
52.5,1528.0906876092033,11.013788839384805,6.591355686338673,3.081293181119195,0.0,0.0,0.0,0.0,13.200147046544524,278.2174105305402,84264.77358585637,1.0551257034795423,334.37588245851134
52.55,1527.0300917883503,9.552999386959364,6.110108318241948,2.4351523355317712,0.0,0.0,0.0,0.0,11.598413160650091,278.2243044033757,84275.74841302051,1.055236977915885,334.38002513694596
52.6,1526.2917471085527,8.281439071155054,6.269388604672375,2.432504796321211,0.0,0.0,0.0,0.0,10.66792136031078,278.22910364379436,84283.38933505565,1.0553144480585421,334.3829090748085
52.65,1525.4075131696352,6.284786190243763,5.706887416956694,1.700470560045083,0.0,0.0,0.0,0.0,8.65786934369406,278.23485116439736,84292.54076228495,1.0554072312243163,334.3863628161836
52.7,1524.2222696326999,7.796067195730954,6.281621253694866,3.0715967472107932,0.0,0.0,0.0,0.0,10.472446508466838,278.24255524738743,84304.8087667725,1.0555316092858424,334.3909922190901
52.75,1523.030283171961,5.191064106664823,5.6558315457060395,1.651199089537588,0.0,0.0,0.0,0.0,7.85251777878899,278.2503031593822,84317.14802280227,1.0556567062510969,334.39564789431836
52.8,1522.2213836510061,6.224624977143465,4.64578364506165,1.3267676649070994,0.0,0.0,0.0,0.0,7.879693789700437,278.25556100626847,84325.52245610229,1.055741605349223,334.39880726699533
52.85,1520.8556410443828,7.917203918953167,6.086186827558944,2.6558356490004544,0.0,0.0,0.0,0.0,10.333307843509795,278.2644383332115,84339.66334319492,1.0558849604903593,334.40414147101666
52.9,1520.467888272769,8.540327270727094,6.059793008983438,2.9630856657659277,0.0,0.0,0.0,0.0,10.882929654533147,278.26695872622696,84343.67848197633,1.0559256636651324,334.40565590807347
52.95,1519.9769554649813,10.08338309350318,5.564702027618018,3.773497226162022,0.0,0.0,0.0,0.0,12.119397863853399,278.2701497894776,84348.7622611155,1.0559771995742249,334.40757332317907
53.0,1519.9340396507948,8.384701411878929,4.532957813991663,2.218764243554256,0.0,0.0,0.0,0.0,9.786410939576749,278.2704287422698,84349.2066810176,1.0559817047740467,334.40774093710206
53.05,1518.9883934268616,9.930921899344378,5.977833366505358,3.627016766315498,0.0,0.0,0.0,0.0,12.145491021433273,278.2765754427254,84358.99991601869,1.0560809801912137,334.4114342739615
53.1,1519.3014240829057,10.251240765688621,6.351702842194591,3.7948106026033956,0.0,0.0,0.0,0.0,12.642493968410276,278.2745407434611,84355.75802798908,1.0560481169536133,334.41021169900705
53.15,1518.2625179282002,9.349461267437619,5.7560264569434105,2.131248068409978,0.0,0.0,0.0,0.0,11.18420694074685,278.2812936334667,84366.517801456,1.056157188578248,334.41426924173146
53.2,1517.757412821599,9.266764455902571,5.830796699137602,2.0877026350411514,0.0,0.0,0.0,0.0,11.145834016358354,278.2845768166596,84371.74949019405,1.056210221153925,334.4162419579991
53.25,1516.64397659271,10.864899230802678,7.092739648377467,3.4754971907124967,0.0,0.0,0.0,0.0,13.432500576505209,278.29181415214737,84383.28297172344,1.0563271315247496,334.42059050441776
53.3,1516.2628850745457,11.203654833904276,7.672667644256615,1.9661831124760345,0.0,0.0,0.0,0.0,13.720699196771093,278.29429124701545,84387.23078514538,1.0563671482598929,334.42207885161844
53.35,1516.3680704530036,10.59552878484863,6.8574522757935235,2.543468206085944,0.0,0.0,0.0,0.0,12.874747083368733,278.29360754205544,84386.14113102418,1.056356103092554,334.42166805236445
53.4,1515.92496502967,12.796412356390718,9.32924550041458,2.879300864509245,0.0,0.0,0.0,0.0,16.095756095013318,278.2964877273071,84390.7315005898,1.056402632719642,334.4233985877378
53.45,1515.0912283305242,10.503633551901341,8.645165028106673,1.225014344080089,0.0,0.0,0.0,0.0,13.6589112413482,278.30190701585155,84399.36917968692,1.0564901860176168,334.4266546979476
53.5,1515.2086797540946,10.603179936113563,8.592260902666359,1.8884256578914,0.0,0.0,0.0,0.0,13.777536922195953,278.30114358159835,84398.15231610843,1.0564778517404216,334.4261960001593
53.55,1513.5358293368379,10.13788184683527,7.89274617774377,0.9461973800634615,0.0,0.0,0.0,0.0,12.882832764913156,278.31201710931055,84415.48533815963,1.056653538168302,334.4327291335563
53.6,1513.1080575175395,10.81912547273143,8.033681070315437,0.4979835415474519,0.0,0.0,0.0,0.0,13.48486170273551,278.314797626136,84419.91810298475,1.0566984672933204,334.4343997288785
53.65,1512.266078481538,12.755997477504197,7.668316209876258,1.802052959551866,0.0,0.0,0.0,0.0,14.99219597022978,278.32027048987,84428.64362069748,1.056786905114605,334.4376879207307
53.7,1511.0946422444526,12.665113108863777,8.86181101174903,1.486515650834187,0.0,0.0,0.0,0.0,15.52889285327336,278.32788482541105,84440.78455297343,1.0569099571087928,334.4422626923636
53.75,1510.363998514957,13.023568691647599,6.80713216359885,0.27794649980418273,0.0,0.0,0.0,0.0,14.69787889511677,278.33263400965274,84448.35776464755,1.0569867121783554,334.44511601974267
53.8,1510.0328874632119,13.583074582662402,6.514242583591601,0.13184906593476686,0.0,0.0,0.0,0.0,15.064947916678484,278.3347862314891,84451.7899523124,1.057021497227063,334.446409074531
53.85,1509.0243343944348,14.006325044443814,7.910850475431185,0.3424938346886991,0.0,0.0,0.0,0.0,16.089623939733446,278.3413418264362,84462.24497591039,1.0571274567058884,334.45034764489316
53.9,1508.7376844825317,14.579266951195951,7.36744533392558,-0.22623656338756348,0.0,0.0,0.0,0.0,16.336629351406295,278.3432050508635,84465.21668318541,1.0571575738824965,334.4514670528304
53.95,1508.5009832377639,16.426587398474503,8.013475377354112,1.4018898467561054,0.0,0.0,0.0,0.0,18.330680738194637,278.3447436089545,84467.67063511649,1.0571824436442983,334.45239140142286
54.0,1508.0292594093378,15.653057302541136,8.778137926807979,0.9542701776218767,0.0,0.0,0.0,0.0,17.971770640384868,278.34780981383926,84472.56130796854,1.05723200812894,334.4542335356029
54.05,1506.7667292925644,14.460916277979239,7.894409992611107,0.2677617605678196,0.0,0.0,0.0,0.0,16.477606169907855,278.35601625959833,84485.65192061666,1.0573646721510381,334.4591638066519
54.1,1506.6575157489242,14.570891786907888,6.776191481146824,0.28792222810480694,0.0,0.0,0.0,0.0,16.07204273464899,278.35672614763195,84486.78438441378,1.057376148680065,334.4595902899913
54.15,1506.0385130333743,12.911514500063188,6.476206164270684,0.6376966782974121,0.0,0.0,0.0,0.0,14.458738189101812,278.36074966528304,84493.20321772808,1.0574411973824613,334.46200751055017
54.2,1505.902312370834,12.164975695285298,6.7177449104874345,0.9073919722486342,0.0,0.0,0.0,0.0,13.92616567977572,278.36163496958955,84494.61562212631,1.0574555106164671,334.462539375083
54.25,1504.7617877484922,13.008039483034745,6.500980632133247,2.7966411963750177,0.0,0.0,0.0,0.0,14.808546260616682,278.36904837963476,84506.44364235157,1.057575373382344,334.4669930984578
54.3,1504.143815615254,10.963294374058043,6.036786555203886,1.1066161056342985,0.0,0.0,0.0,0.0,12.564283292356645,278.37306519850085,84512.85299595067,1.0576403231425648,334.4694062411711
54.35,1503.6468758057626,10.891942926035215,5.36982320990126,1.3901682694525432,0.0,0.0,0.0,0.0,12.223010669511645,278.3762953072625,84518.00733744122,1.057692554445014,334.4713467475646
54.4,1503.1586966314717,10.747061472161004,4.670150368170216,0.7810166875924592,0.0,0.0,0.0,0.0,11.74391850337977,278.3794684718954,84523.07106003443,1.0577438668745296,334.4732530334834
54.45,1502.399715939498,12.80936519404063,7.152447122963299,1.914815329108242,0.0,0.0,0.0,0.0,14.795399767011144,278.38440184639325,84530.94420588903,1.0578236469873088,334.4762167479327
54.5,1501.8184542137815,10.73197533110159,7.740254973883546,0.8853377137027334,0.0,0.0,0.0,0.0,13.261623748071218,278.3881800476104,84536.97421844362,1.0578847493171013,334.4784864766838
54.55,1501.5942702250104,11.231412309775546,7.588118769632126,1.2181082810083501,0.0,0.0,0.0,0.0,13.609113002634748,278.38963724353744,84539.29999753211,1.0579083162969942,334.47936187313616
54.6,1500.7486686171203,9.563149292841,6.59762405540411,0.19103994387414794,0.0,0.0,0.0,0.0,11.61976608343592,278.3951336539887,84548.07309093614,1.0579972124155959,334.4826637682863
54.65,1500.3231589067036,10.95787985137121,7.274970443238681,1.4868372120002582,0.0,0.0,0.0,0.0,13.23672960674472,278.3978994671064,84552.48802127935,1.0580419474172102,334.48432528123953
54.7,1499.63400321067,10.128579680443968,6.869164666976759,0.9527935503269245,0.0,0.0,0.0,0.0,12.275233810998833,278.4023789791306,84559.63884022195,1.0581144033133376,334.4870162507705
54.75,1498.8253622339153,11.775785553470381,7.846585609123588,2.8438796683011724,0.0,0.0,0.0,0.0,14.433491701262168,278.4076351454795,84568.0300870212,1.0581994263968035,334.49017375090983
54.8,1498.1374360938762,11.949295697197325,6.104972423062933,2.5581219045202848,0.0,0.0,0.0,0.0,13.660173630807328,278.4121066653898,84575.1692098265,1.0582717612529366,334.4928598724047
54.85,1497.796915682327,11.70692915591804,6.493793982501774,2.0786767198004616,0.0,0.0,0.0,0.0,13.547783857675784,278.41432004806484,84578.70322475668,1.0583075680879734,334.494189482741
54.9,1497.514718045427,11.56321515054846,6.6649867088107335,1.1990815108194615,0.0,0.0,0.0,0.0,13.400290628045582,278.4161543327047,84581.63204042209,1.0583372427948252,334.4952913595108
54.95,1497.1666127682045,12.19437569639422,6.4853192921547365,1.2395605770019398,0.0,0.0,0.0,0.0,13.867179791509946,278.4184170170067,84585.24499808601,1.0583738489465795,334.4966505760924
55.0,1496.8627530262409,10.480816260392318,6.5383083025449285,-0.4108029531424376,0.0,0.0,0.0,0.0,12.359844012346699,278.4203921053294,84588.39883692193,1.0584058031057906,334.4978370264429
55.05,1496.1773150188321,11.345519531778326,5.863389007870772,-0.37278882263581437,0.0,0.0,0.0,0.0,12.77650639298026,278.42484745237755,84595.51352490873,1.0584778870831655,334.50051337133544
55.1,1495.777121548324,9.86448561965843,6.775946499499881,-1.7631270308874263,0.0,0.0,0.0,0.0,12.096699733050274,278.42744870993585,84599.66766461277,1.0585199751014065,334.50207594731296
55.15,1495.5947024726304,12.358592439656015,8.243637091625596,-0.03780877040196862,0.0,0.0,0.0,0.0,14.855766189970392,278.42863443392787,84601.56128935741,1.0585391603904122,334.5027882095493
55.2,1495.080986888883,11.603759060427084,6.768517955611596,-0.19402692626935075,0.0,0.0,0.0,0.0,13.434943472006042,278.43197358522224,84606.89416465773,1.0585931900617036,334.5047940234837
55.25,1494.4864606101796,9.918459463213928,7.1049082659023,-0.086281600575215,0.0,0.0,0.0,0.0,12.200942754758854,278.4358380060338,84613.0662746047,1.0586557215740695,334.50711534956145
55.3,1493.3881345176558,12.022718934215712,7.371855994988302,0.9750943717034595,0.0,0.0,0.0,0.0,14.136507362701781,278.4429771256352,84624.4695712279,1.058771249537791,334.51140371813784
55.35,1492.3115111100228,9.500638118314438,6.524090769192893,-0.4178857357176973,0.0,0.0,0.0,0.0,11.532584858042604,278.44997517778484,84635.64874893913,1.0588845040547774,334.51560729612663
55.4,1491.34026914741,10.17839951333513,6.567824003138406,-1.2067779334711821,0.0,0.0,0.0,0.0,12.173431799208256,278.45628825054183,84645.73471863802,1.0589866810085224,334.51939937654623
55.45,1490.7450604929659,8.929938263439318,7.01419287294703,-0.6872756054496059,0.0,0.0,0.0,0.0,11.376073435310825,278.4601571067957,84651.91620977859,1.059049302095617,334.5217232654824
55.5,1490.5282160626937,7.723100221850034,5.819414535937099,-1.3838442420953714,0.0,0.0,0.0,0.0,9.768668663855713,278.46156659559244,84654.16832083874,1.0590721167050705,334.52256989293073
55.55,1489.6344011020876,8.680436285057828,6.703639174913053,1.092231422000994,0.0,0.0,0.0,0.0,11.021874693788885,278.4673763928364,84663.4518501058,1.0591661606235998,334.5260595992324
55.6,1489.6355204455936,9.36710422654989,8.185748575654026,1.1760578320245227,0.0,0.0,0.0,0.0,12.49528844641599,278.4673691171036,84663.44022362892,1.059166042846403,334.5260552290216
55.65,1489.001951269248,8.056723036908316,6.325440753764119,0.016153358216714653,0.0,0.0,0.0,0.0,10.243156142215682,278.47148731674986,84670.02123182834,1.059232708525453,334.52852884019063
55.7,1488.5983976109553,10.117925737877535,7.174017468175524,1.7986510790495562,0.0,0.0,0.0,0.0,12.532920392911556,278.47411041552874,84674.21323934365,1.0592751730896195,334.53010440420536
55.75,1487.8121381649223,9.192100993216869,6.799089701420854,0.8813091702585717,0.0,0.0,0.0,0.0,11.467303401020116,278.479221101928,84682.38117496218,1.0593579122089094,334.53317411615814
55.8,1487.3176865110106,7.222895250995909,6.5331837217542335,-0.060418984518572305,0.0,0.0,0.0,0.0,9.739422765377013,278.4824350376784,84687.51803685821,1.0594099465412685,334.53510453851
55.85,1486.5500592954922,7.210807832611159,6.842276587026147,1.0560252110949504,0.0,0.0,0.0,0.0,9.99638373306471,278.48742461457925,84695.49342161289,1.0594907327716607,334.538101462092
55.9,1486.4154707602252,6.764011805268037,6.900159894570473,1.2537054481630605,0.0,0.0,0.0,0.0,9.743502431015138,278.48829944005854,84696.89181321688,1.0595048975549675,334.538626911716
55.95,1485.758348375294,6.144064594971053,5.193090435894446,0.0911958707020396,0.0,0.0,0.0,0.0,8.045249201198697,278.49257073556055,84703.7196649239,1.0595740585439335,334.541192383688
56.0,1485.171733490389,7.379161111852454,5.123670526953023,1.6465977180077505,0.0,0.0,0.0,0.0,9.133197820500273,278.49638373231244,84709.81528266614,1.059635801658839,334.54348257065834
56.05,1484.6153426268168,9.046315665496795,5.031365745267955,3.0005490811579927,0.0,0.0,0.0,0.0,10.777465526314922,278.50000027292566,84715.59716554207,1.0596943661410818,334.54565474637485
56.1,1483.4454628343178,7.44340450402641,4.687140316042774,2.113776758920905,0.0,0.0,0.0,0.0,9.046635128012424,278.5076044915769,84727.75532329179,1.059817513199754,334.5502219652978
56.15,1482.5977049189528,8.833991594039583,5.197292907365289,3.1645819354189593,0.0,0.0,0.0,0.0,10.726874655485238,278.51311491802676,84736.56666220397,1.0599067590332742,334.553531579189
56.2,1482.3332520644387,7.671720243658694,5.542950382986983,2.4590002467780168,0.0,0.0,0.0,0.0,9.778868679907328,278.5148338615811,84739.3154568751,1.0599345998972123,334.55456398613603
56.25,1481.3569049552682,9.141119999790885,6.285671667910668,4.3231112467567465,0.0,0.0,0.0,0.0,11.906260286890525,278.5211801177907,84749.4644988247,1.0600373918619435,334.55837555490456
56.3,1480.8536649869018,6.773610895015725,5.07746016206129,2.0754539336809645,0.0,0.0,0.0,0.0,8.716072239559916,278.5244511775851,84754.69601822984,1.0600903770477952,334.56034014021463
56.35,1480.632599168412,6.0952870836436785,4.83326409589723,2.2851010052851652,0.0,0.0,0.0,0.0,8.107690981844215,278.5258881054053,84756.99422940546,1.0601136532908284,334.5612031496169
56.4,1479.9455294865477,7.084195643295991,5.847508202979002,2.8284950712345016,0.0,0.0,0.0,0.0,9.611428846139292,278.5303540583374,84764.1373619159,1.0601859980467159,334.56388535737693
56.45,1479.6561234805226,7.5184205276686145,6.8250960182761835,4.168618333914249,0.0,0.0,0.0,0.0,10.976609754537337,278.53223519737656,84767.14632265517,1.0602164720788871,334.5650151446946
56.5,1479.2662505732703,6.677642367478135,6.344788599310379,4.084676952305963,0.0,0.0,0.0,0.0,10.076300698300814,278.53476937127374,84771.19997675945,1.060257526189319,334.56653713011076
56.55,1478.390311251311,6.276903291317693,5.569929963556726,3.212313737316097,0.0,0.0,0.0,0.0,8.985688302764103,278.5404629768665,84780.30801726624,1.0603497681439717,334.5699565957968
56.6,1478.2818386335132,6.7813639991692085,5.135396245702108,3.3158509527112665,0.0,0.0,0.0,0.0,9.129844458160047,278.5411680488821,84781.43597358602,1.0603611914243762,334.5703800455209
56.65,1477.6740265104936,7.038365552135818,7.839226020783554,4.219176910562161,0.0,0.0,0.0,0.0,11.348722749853525,278.5451188276818,84787.75655407488,1.0604252020234983,334.5727527807375
56.7,1477.4458529336844,6.647816482490378,7.083357657409844,2.3826787567717083,0.0,0.0,0.0,0.0,10.002228638939853,278.546601955931,84790.12940791153,1.0604492324609662,334.5736435047298
56.75,1476.2650998459828,7.125304652772198,6.243947371002295,3.1206167257643944,0.0,0.0,0.0,0.0,9.974722748817838,278.5542768510011,84802.40931586461,1.0605735918735157,334.57825278716456
56.8,1476.5690366936126,6.219366916658333,7.598428233744609,1.6578544069405226,0.0,0.0,0.0,0.0,9.958168390924282,278.5523012614915,84799.24821549955,1.0605415795356081,334.5770663209832
56.85,1474.8665237962991,7.305804921240372,8.617643554445369,1.391636959896667,0.0,0.0,0.0,0.0,11.383111147961452,278.56336759532405,84816.95645966532,1.060720907294987,334.5837122986307
56.9,1474.390722798144,7.665964470155859,8.857485945870273,-0.030190288287818556,0.0,0.0,0.0,0.0,11.714221271279124,278.566460301812,84821.90591505035,1.0607710281414884,334.58556962530406
56.95,1474.060198570212,7.363570456898606,8.32614402076111,-0.42494317502911355,0.0,0.0,0.0,0.0,11.123282826134098,278.5686087092936,84825.34428618515,1.0608058466088284,334.5868598465932
57.0,1473.30322388189,7.407741542437289,7.498685489214667,-1.4924015114109563,0.0,0.0,0.0,0.0,10.64575883143008,278.57352904476767,84833.2193532599,1.060885592010383,334.58981472426916
57.05,1472.65844293537,7.108760578407508,7.013288256444488,-3.3169736747207064,0.0,0.0,0.0,0.0,10.52249986875234,278.57772012092005,84839.92769727921,1.0609535216970791,334.5923316290948
57.1,1472.0373115548527,9.095475897805668,6.123942913405909,-2.3978754947888543,0.0,0.0,0.0,0.0,11.224088626820762,278.58175747489344,84846.39039583072,1.0610189629748417,334.59475619984755
57.15,1470.315862699781,7.556025931854463,4.250877978174531,-3.6452763651176485,0.0,0.0,0.0,0.0,9.404867423109781,278.5929468924514,84864.30367380707,1.0612003478489054,334.60147574042384
57.2,1468.750167268218,9.911175167504814,4.240059460045974,-1.6945969435398638,0.0,0.0,0.0,0.0,10.91243127019566,278.6031239127566,84880.59885160424,1.0613653419631284,334.6075871925493
57.25,1467.556849348147,12.208249582397126,2.7344208394329095,-2.034440954611216,0.0,0.0,0.0,0.0,12.675068646402826,278.61088047923704,84893.02016357702,1.061491107845047,334.6122450511801
57.3,1465.9396525338866,10.801677774669919,2.9205033457112997,-3.155473638959589,0.0,0.0,0.0,0.0,11.625944969174672,278.62139225852974,84909.85600324403,1.0616615652662658,334.6185573260027
57.35,1464.8600741040166,11.428736693446135,2.502984521863653,-3.2464943361571215,0.0,0.0,0.0,0.0,12.141691784900134,278.62840951832385,84921.09646740062,1.0617753677436441,334.62277109176057
57.4,1464.3534655847411,12.167643341255399,2.0927439941547687,-2.66883019680767,0.0,0.0,0.0,0.0,12.631459793882106,278.63170247369914,84926.37164070945,1.0618287744958765,334.6247484468318
57.45,1463.5859775302758,12.045051495283118,2.322039048655095,-2.635141588789862,0.0,0.0,0.0,0.0,12.546676932975963,278.6366911460532,84934.36378538044,1.0619096871260414,334.6277440244075
57.5,1464.0438886316572,9.148059182155373,0.8349888166831725,-3.965273566940056,0.0,0.0,0.0,0.0,10.005377933135597,278.63371472389423,84929.59530984683,1.061861411160076,334.6259567578274
57.55,1463.4576003489142,9.629502618837172,1.1711994939537107,-3.7819433040497423,0.0,0.0,0.0,0.0,10.41163407424003,278.637525597732,84935.70068519167,1.061923221784651,334.6282450899215
57.6,1463.0012091565484,9.586080296258565,0.9292542522168736,-2.7666277068132463,0.0,0.0,0.0,0.0,10.020512850133299,278.6404921404824,84940.45360938224,1.06197133965183,334.6300264119998
57.65,1462.6317211874925,10.279423277615964,1.2026720505268051,-2.16903263774272,0.0,0.0,0.0,0.0,10.574387243008665,278.6428938122813,84944.30166853324,1.062010296430454,334.6314685386619
57.7,1462.0617638374647,10.190522355844188,3.172635900957,-1.0012884223163439,0.0,0.0,0.0,0.0,10.719838755768025,278.64659853505646,84950.23780735607,1.0620703917416257,334.63369309333325
57.75,1461.687746727649,11.344981245195806,3.5445178272587725,0.31025474559069444,0.0,0.0,0.0,0.0,11.889847101151528,278.64902964627026,84954.13339976045,1.0621098288685549,334.6351528813831
57.8,1462.114510165232,11.796836749980363,4.3509262109772875,0.6099054988099749,0.0,0.0,0.0,0.0,12.588403430003945,278.646255683926,84949.68843719209,1.0620648301513769,334.6334872240065
57.85,1462.514915604393,11.70143390351314,6.2827812952138,0.827079234006163,0.0,0.0,0.0,0.0,13.307176870437223,278.6436530485714,84945.51817808377,1.0620226119959362,334.63192443433934
57.9,1463.7337355014938,12.105109223725982,6.3994959497085535,1.5583280106391628,0.0,0.0,0.0,0.0,13.780987044381641,278.63573071924026,84932.82507815864,1.0618941093364056,334.6271673133266
57.95,1463.190234643448,12.044851020345511,7.045897176641768,1.3951253498744292,0.0,0.0,0.0,0.0,14.02388954135011,278.63926347481754,84938.48504436958,1.061951410267177,334.6292886353867
58.0,1462.917689420454,12.989612541660208,7.1333878411715945,1.5689213745227066,0.0,0.0,0.0,0.0,14.90224044747853,278.641035018767,84941.32341936092,1.0619801454176663,334.6303523934909
58.05,1461.5938156948996,14.297965201690447,8.396777817732376,1.8308354187876708,0.0,0.0,0.0,0.0,16.682015614421445,278.6496401979831,84955.11176547642,1.0621197333242407,334.6355194930201
58.1,1460.4988291603454,13.106388413210349,7.800611151996917,0.23929956789487547,0.0,0.0,0.0,0.0,15.253990162111284,278.65675761045776,84966.51758610229,1.0622351982026512,334.6397931820343
58.15,1459.356882869015,13.40351617385161,7.4751370455693475,-0.1048144544096639,0.0,0.0,0.0,0.0,15.347407134190393,278.66418026135136,84978.41387929858,1.062355625154489,334.64425009497666
58.2,1458.6320939447671,14.242963926349184,7.049955918786441,-0.5282649427170616,0.0,0.0,0.0,0.0,15.901036560986206,278.668891389359,84985.96511053413,1.0624320650965242,334.64707884970653
58.25,1457.6289871827917,14.512957822798061,6.809396190921363,-0.5829470444354912,0.0,0.0,0.0,0.0,16.04162237767321,278.6754115833118,84996.41689936121,1.0625378648008916,334.65099380247705
58.3,1457.0005332081944,14.408645879493735,6.942018449737869,-1.0785044348025477,0.0,0.0,0.0,0.0,16.03009257780633,278.6794965341467,85002.9655544208,1.0626041532226749,334.6534465266682
58.35,1456.6972389507132,16.895831200870447,8.66743884304269,0.5206099784902115,0.0,0.0,0.0,0.0,18.996437634880284,278.68146794682036,85006.1261062003,1.0626361453967907,334.6546302141787
58.4,1456.7812771407769,17.564549869223047,7.451866975888362,0.4345547756593065,0.0,0.0,0.0,0.0,19.084878081554706,278.68092169858494,85005.25035621482,1.0626272807818966,334.6543022329316
58.45,1456.444062967048,16.118926783352197,7.896091504151718,-0.12738767592250955,0.0,0.0,0.0,0.0,17.949492731244042,278.6831135907142,85008.7644611527,1.062662851544686,334.65561829842375
58.5,1456.4668916554322,15.419315982845264,8.093364693563824,-0.3195433066107908,0.0,0.0,0.0,0.0,17.41723185143531,278.6829652042397,85008.52655994744,1.0626604434503168,334.65552920372886
58.55,1455.506272799525,16.93789798452816,8.191366044266752,1.2026405119481434,0.0,0.0,0.0,0.0,18.853042460208602,278.6892092268031,85018.53777991179,1.0627617783668084,334.6592782397873
58.6,1455.3403883682217,16.59138238347468,8.309408652702409,2.047987801668762,0.0,0.0,0.0,0.0,18.668542942288337,278.6902874756065,85020.2666637172,1.0627792781315866,334.6599256376867
58.65,1453.8525006478692,14.546454894133353,7.559239886198417,2.0650022487308264,0.0,0.0,0.0,0.0,16.522883886640752,278.6999587457888,85035.7750276512,1.062936250789944,334.66573236764197
58.7,1452.9431531601397,14.262545934197696,6.759093546138291,1.4343355783013463,0.0,0.0,0.0,0.0,15.848119151550085,278.7058695044591,85045.25435160658,1.0630321959902969,334.6692811982554
58.75,1451.9072928949065,14.901434235837518,8.004948979538339,2.6183069952071056,0.0,0.0,0.0,0.0,17.116877109191176,278.7126025961831,85056.05352698833,1.0631414976185676,334.6733237133311
58.8,1450.9389373950535,16.03345776543506,8.1128704921002,2.0678159019938476,0.0,0.0,0.0,0.0,18.087738889704223,278.7188969069321,85066.14994772806,1.0632436840723507,334.67710274231314
58.85,1449.9884037662257,16.18654715674468,6.903879220506595,1.990516239457548,0.0,0.0,0.0,0.0,17.709602255511168,278.7250753755195,85076.06149507231,1.0633439971673377,334.6808121795452
58.9,1449.9402334856595,16.60590102915587,8.706073259649692,2.711427294068383,0.0,0.0,0.0,0.0,18.944748574830083,278.7253884823432,85076.56380836765,1.0633490809360755,334.68100016194416
58.95,1448.7853843630426,14.779475967543817,8.28296078260861,1.9484423067966126,0.0,0.0,0.0,0.0,17.053937276311075,278.7328950016402,85088.60714077837,1.0634709663381536,334.68550687818725
59.0,1448.9124824923088,14.327279353288944,8.116136676331383,1.351634580877257,0.0,0.0,0.0,0.0,16.521789378160417,278.73206886379995,85087.28163162069,1.0634575515892197,334.6850108897847
59.05,1448.2619505342197,14.063466449427533,8.864285994580026,0.30190868322560216,0.0,0.0,0.0,0.0,16.62671956884125,278.73629732152756,85094.06621980338,1.063526214254496,334.6875495213443
59.1,1448.6213341106295,14.874807549855925,6.98701840070882,-0.37643023888434635,0.0,0.0,0.0,0.0,16.43837052453317,278.7339613282809,85090.31804915183,1.0634882814417357,334.68614706766135
59.15,1448.032009673375,13.863878449157554,7.652034136741399,-1.4343419597181741,0.0,0.0,0.0,0.0,15.900254367156492,278.73779193712306,85096.46444511878,1.0635504849761908,334.68844683641476
59.2,1446.9926862968578,13.947596663001452,6.864546588537963,-1.7288418092938034,0.0,0.0,0.0,0.0,15.641174717441773,278.7445475390704,85107.30500916347,1.0636601929412672,334.6925026341735
59.25,1445.491672059309,13.930750752109134,6.406374375450629,-1.241758243400962,0.0,0.0,0.0,0.0,15.383413557818496,278.75430413161445,85122.9631696868,1.06381865093675,334.69836002193364
59.3,1444.2766699866943,13.236953941354216,4.392546395682085,-4.012566983548188,0.0,0.0,0.0,0.0,14.512481086334397,278.76220164508646,85135.63943958387,1.0639469286300318,334.7031012331838
59.35,1442.9403570796467,13.826766364833505,3.0814562161084957,-3.5598823978553624,0.0,0.0,0.0,0.0,14.606423354334396,278.77088767898226,85149.58312577559,1.0640880277634546,334.70831574903036
59.4,1441.8091211574538,12.966598298490574,3.6424746077904437,-2.342940344192662,0.0,0.0,0.0,0.0,13.67075938487919,278.77824071247653,85161.3883922986,1.064207484335822,334.7127299567839
59.45,1440.4053031381904,14.516444706797644,3.465145559029275,-2.6895734518835566,0.0,0.0,0.0,0.0,15.164702635523405,278.78736552960174,85176.04009326627,1.064355739375054,334.7182077291002
59.5,1440.0227048933436,11.485532281576223,1.212078238024175,-3.794166342269307,0.0,0.0,0.0,0.0,12.156573681717664,278.7898524181932,85180.03363933951,1.0643961477209067,334.71970063218464
59.55,1439.2434393114845,12.678900284119033,2.2480623868954357,-2.6473799447677733,0.0,0.0,0.0,0.0,13.145984842603704,278.79491764447533,85188.16805302957,1.0644784539579324,334.72274131553314
59.6,1438.5975630351752,11.794153567509493,1.2707536095053107,-3.0136619356243948,0.0,0.0,0.0,0.0,12.239241454122027,278.7991158402713,85194.91055062236,1.064546675271316,334.7252614947516
59.65,1438.425066500456,10.725156188626483,2.321679798380961,-1.6393373948821446,0.0,0.0,0.0,0.0,11.095341339990501,278.800237067747,85196.71136717989,1.0645648959524543,334.72593456500425
59.7,1438.496890418719,9.911071280101906,1.8069531698464532,-1.4831440466160375,0.0,0.0,0.0,0.0,10.183031471044934,278.7997702122783,85195.96154140832,1.0645573092162026,334.72565431291383
59.75,1437.4666082656026,10.353865228379137,1.8230086660918328,-1.852339054742195,0.0,0.0,0.0,0.0,10.675066544888969,278.80646704627355,85206.71796997108,1.0646661415314334,334.72967438200925
59.8,1437.2155621591262,10.020819060298159,1.2855113546599057,-2.326162794550566,0.0,0.0,0.0,0.0,10.367274831359769,278.8080988459657,85209.33912686764,1.0646926617013226,334.73065393421655
59.85,1436.5283655283117,8.309639155890698,0.7933559801624965,-2.5448242231794596,0.0,0.0,0.0,0.0,8.726720285379406,278.81256562406594,85216.5144384365,1.0647652588056336,334.7333352795078
59.9,1435.959457591221,7.43931062763818,1.7748669235267547,-2.403673672798603,0.0,0.0,0.0,0.0,8.016928485150958,278.81626352565706,85222.45501774446,1.0648253624731905,334.7355550625834
59.95,1435.7649685438125,6.318145841085191,1.265076875040484,-3.1718451817150983,0.0,0.0,0.0,0.0,7.181920928675948,278.8175277044652,85224.48596386386,1.064845910338618,334.73631392275536
60.0,1435.3287262035576,7.58782403966832,1.247279439054821,-2.2894837128051266,0.0,0.0,0.0,0.0,8.02324842736764,278.8203632796768,85229.0415541275,1.0648920006639988,334.7380160531572
60.05,1434.8833708558207,9.078108325809529,2.667118657504112,-1.9520188192158578,0.0,0.0,0.0,0.0,9.661053264469237,278.82325808943716,85233.69251308261,1.0649390553805882,334.73975373176415
60.1,1435.07872668839,9.411565079739551,3.6905245189488456,-2.3516916549501317,0.0,0.0,0.0,0.0,10.37920912763095,278.8219882765254,85231.65233722779,1.0649184145583788,334.73899149738634
60.15,1435.3195739431678,8.989874584676643,4.790616930320894,-1.7464462176449858,0.0,0.0,0.0,0.0,10.33527600078579,278.8204227693694,85229.13713143795,1.0648929676443928,334.7380517633549
60.2,1435.6208957162535,10.908469158898335,6.699411628707232,1.4991112589642281,0.0,0.0,0.0,0.0,12.888915785598382,278.8184641778443,85225.99046536894,1.0648611319007102,334.7368760670839
60.25,1435.746646961211,10.068941758556674,6.547665559371804,2.9940929400617167,0.0,0.0,0.0,0.0,12.378210894483802,278.81764679475214,85224.67728846766,1.064847846038646,334.73638541008216
60.3,1435.457955419515,8.069110524578377,5.801347516147433,1.9941757282163597,0.0,0.0,0.0,0.0,10.136217958192235,278.81952328977314,85227.69201908688,1.0648783470465875,334.73751182749317
60.35,1434.209731837797,7.812571381625131,4.768859508026828,2.5170394216173975,0.0,0.0,0.0,0.0,9.492827821585195,278.8276367430543,85240.72788688687,1.065010232788468,334.74238210589834
60.4,1433.2956091309895,8.386399173124916,4.747198411511147,3.1834472019607256,0.0,0.0,0.0,0.0,10.148986153154205,278.83357854064855,85250.27558430302,1.0651068257763325,334.74594875536644
60.45,1431.655895737824,8.196889898167392,4.457158360705904,2.0056156398059395,0.0,0.0,0.0,0.0,9.543466809798385,278.84423667770415,85267.4039967756,1.0652801068532105,334.7523463602144
60.5,1430.7622322884506,6.629264255426877,4.229225585212287,2.52009926955907,0.0,0.0,0.0,0.0,8.257384207321762,278.85004549012507,85276.74036002262,1.0653745561964663,334.7558330800474
60.55,1430.096669380661,5.191693429681476,4.480324093636396,1.8076670920520639,0.0,0.0,0.0,0.0,7.091871753458643,278.85437164902567,85283.69422805123,1.0654449022525763,334.75842981856925
60.6,1429.0429826058673,4.556202773405153,4.28425010537987,2.7262021828350482,0.0,0.0,0.0,0.0,6.8224600416218495,278.86122061306185,85294.70419205166,1.0655562779679373,334.76254080731786
60.65,1429.101886483095,3.686707285764564,5.388671162105788,3.1756570054110824,0.0,0.0,0.0,0.0,7.26046726597101,278.86083773785987,85294.08867557756,1.0655500515358767,334.76231099350736
60.7,1429.2669196213462,4.100836982865604,4.926318788811366,3.4167604009124473,0.0,0.0,0.0,0.0,7.263589498744924,278.8597650224612,85292.36417980849,1.0655326068626303,334.76166711494386
60.75,1428.8976758687097,2.896292995736654,5.7082926923796755,3.3949274200876887,0.0,0.0,0.0,0.0,7.245595266552753,278.86216510685335,85296.2225911903,1.0655716377299818,334.763107721701
60.8,1428.6405726220748,4.70620301629221,5.864821645418453,3.2795662798836713,0.0,0.0,0.0,0.0,8.203659838588916,278.86383627795647,85298.90927418912,1.0655988154443023,334.7641108079275
60.85,1427.7097916925286,5.217921295331837,6.672699651106408,2.1935165374826355,0.0,0.0,0.0,0.0,8.750036461544767,278.86988635399854,85308.63634172846,1.0656972103063174,334.7677422170203
60.9,1427.168057961984,6.455898505475386,7.30391463754417,1.4915119208960477,0.0,0.0,0.0,0.0,9.861561861881023,278.8734076232471,85314.29810949038,1.0657544813487334,334.7698557540005
60.95,1426.026667728226,6.845818724948854,7.367554849562824,1.0129771938870529,0.0,0.0,0.0,0.0,10.108027565826694,278.8808266597665,85326.22800339383,1.0658751546237137,334.77430876601085
61.0,1425.622808639693,7.125735145164614,8.277068581794797,0.10816427093372177,0.0,0.0,0.0,0.0,10.922347054377797,278.883451743842,85330.44949154314,1.0659178550559991,334.7758843648953
61.05,1424.7547831570557,8.07069731273815,8.5458456800954,-0.2753537335227525,0.0,0.0,0.0,0.0,11.757697613921227,278.88909390947913,85339.52342488633,1.0660096367025742,334.7792708179561
61.1,1423.9231621339522,7.40190155764583,8.38457115335252,-1.8336148779921484,0.0,0.0,0.0,0.0,11.33363682211077,278.8944994461293,85348.21753584206,1.0660975747537056,334.7825152131096
61.15,1423.261531457056,12.701310436119144,8.719573787470152,-0.1281903577305868,0.0,0.0,0.0,0.0,15.40683895539967,278.89880004552913,85355.13500951674,1.0661675414900014,334.78509640409146
61.2,1423.4754548278572,12.288443145116908,7.947235853346224,-0.0835953022756517,0.0,0.0,0.0,0.0,14.63459534165687,278.8974095436189,85352.89835061438,1.0661449189381083,334.78426183632666
61.25,1422.8205112684457,14.182326120266966,8.216869687743218,1.50886544716307,0.0,0.0,0.0,0.0,16.460012046915477,278.9016666767551,85359.74621103193,1.066214180854326,334.78681692591715
61.3,1423.3242094971079,12.676855116201896,7.689304189544618,1.5534453327974682,0.0,0.0,0.0,0.0,14.907757945395842,278.8983926382688,85354.47967930531,1.0661609132036898,334.78485188183333
61.35,1421.9847016627502,12.431485433006278,5.25692506268465,2.313722680910076,0.0,0.0,0.0,0.0,13.694174083524972,278.9070994391921,85368.48578957946,1.0663025748058634,334.790077588372
61.4,1421.6789204610384,10.659011181452756,5.183457765839592,1.0524916833690172,0.0,0.0,0.0,0.0,11.899180329759636,278.90908701700323,85371.68334810682,1.0663349151609636,334.7912704948011
61.45,1420.6530660312974,12.455481431570488,5.873512692821145,1.7875831518274028,0.0,0.0,0.0,0.0,13.886418637273813,278.91575507079654,85382.41143142834,1.0664434181446012,334.7952725029148
61.5,1419.020726262835,11.269578106896107,5.216992849887387,-0.4423392753118537,0.0,0.0,0.0,0.0,12.426426241590605,278.92636527929153,85399.48421013972,1.0666160855257762,334.8016404003853
61.55,1417.9862679856176,10.930770420030177,5.230140073378359,-0.6238186949205712,0.0,0.0,0.0,0.0,12.133641536105197,278.93308925809345,85410.30512704315,1.0667255206305621,334.8056758481702
61.6,1417.2300013411034,9.30435654941343,4.697636102106559,-1.3224214859755892,0.0,0.0,0.0,0.0,10.506551971650708,278.9380049912828,85418.21673200016,1.0668055313413582,334.8086260326141
61.65,1416.4176794150867,10.43517444859881,4.394329620768062,-0.7406288618219106,0.0,0.0,0.0,0.0,11.346873124328686,278.9432850838019,85426.71541448214,1.0668914776446048,334.81179485888407
61.7,1415.6260698373194,9.40201673309604,3.5340655711349016,-2.3770435618146957,0.0,0.0,0.0,0.0,10.321718568400502,278.9484305460574,85434.99805874783,1.0669752376102677,334.81488285848957
61.75,1415.3443932888074,9.402638346539698,6.190824314373872,-0.6416169459723682,0.0,0.0,0.0,0.0,11.275973832561887,278.9502614436227,85437.94540915926,1.0670050429326168,334.8159816471559
61.8,1415.495166671848,9.253262521030662,6.821063008439689,-0.7028781929367258,0.0,0.0,0.0,0.0,11.517109255465149,278.94928141663297,85436.36776672045,1.066989088918617,334.81539349752467
61.85,1414.9599019357127,7.237860492000373,7.085805978406249,-1.7854209035523596,0.0,0.0,0.0,0.0,10.285086225604497,278.95276063741784,85441.96870533803,1.067045728528852,334.81748149903865
61.9,1415.0296048835846,8.93228329022468,8.534498047300941,-0.39567484248890317,0.0,0.0,0.0,0.0,12.360416670856578,278.9523075682567,85441.23932617564,1.0670383527066527,334.81720959719996
61.95,1414.4972429783309,8.478257258902095,7.567092724393315,-0.639741895789101,0.0,0.0,0.0,0.0,11.382047625138464,278.9557679206408,85446.81014635331,1.0670946871342981,334.8192862639008
62.0,1414.3817008717633,8.252101452357163,6.1583484904293755,-1.7770449027729742,0.0,0.0,0.0,0.0,10.44893885023931,278.95651894433354,85448.01925799488,1.0671069140768228,334.81973697522574
62.05,1413.484806661753,7.700313167372428,8.281533898920765,-1.4770302671903028,0.0,0.0,0.0,0.0,11.40439586320903,278.9623487566986,85457.40544372432,1.0672018292160053,334.82323559582073
62.1,1413.125767214578,9.486761263446777,8.225303661727349,-1.5634324416470158,0.0,0.0,0.0,0.0,12.653006780874417,278.96468251310523,85461.1631007196,1.0672398268998788,334.824636132919
62.15,1411.9110977695102,9.229050882936885,7.985689063220146,-0.9413755499812175,0.0,0.0,0.0,0.0,12.240620815153715,278.97257786449813,85473.8766544349,1.0673683848653088,334.82937425860035
62.2,1411.177604672805,9.95802182510713,7.976865458793977,-0.32429399263602354,0.0,0.0,0.0,0.0,12.763140201794783,278.9773455696267,85481.55463194306,1.0674460219121316,334.8322354016499
62.25,1410.0284289978608,9.89540450887772,7.1356369735162675,0.18743088752490925,0.0,0.0,0.0,0.0,12.201289921550439,278.9848152115139,85493.5849682385,1.067567665834177,334.83671795227457
62.3,1409.2665642720226,8.648888315718782,7.041892255348949,0.1808396536004993,0.0,0.0,0.0,0.0,11.154560440198203,278.98976733223185,85501.56143128999,1.0676483174988625,334.83968969912155
62.35,1408.2984154661217,8.810951467233897,6.478146776503125,1.7140316228078099,0.0,0.0,0.0,0.0,11.069650212172657,278.9960602994702,85511.69848751734,1.0677508133015672,334.8434660442818
62.4,1408.6582833092755,9.54768246771533,6.0877070007345315,2.3372453731350356,0.0,0.0,0.0,0.0,11.562055741318325,278.9937211584897,85507.93035750304,1.0677127139988485,334.8420623547201
62.45,1408.1080953953299,10.3166482024159,6.419096181932769,2.5658338651882486,0.0,0.0,0.0,0.0,12.4185961102317,278.99729737993033,85513.69135891851,1.0677709629577319,334.8442083985814
62.5,1407.1769417821865,7.865781671007199,5.376133305955605,1.3121482818206531,0.0,0.0,0.0,0.0,9.617435403102162,279.00334987841575,85523.44215700457,1.0678695506849287,334.8478403926759
62.55,1406.745844262464,8.260071657472212,5.257503544165102,0.4996528058684875,0.0,0.0,0.0,0.0,9.804069574921252,279.00615201229397,85527.95680282117,1.067915196344238,334.8495218888338
62.6,1406.18630477941,9.845285653607943,6.266368124341271,2.8366370564722265,0.0,0.0,0.0,0.0,12.01014274940353,279.0097890189338,85533.81683804351,1.0679744439786159,334.8517043603615
62.65,1405.8362927747294,9.565782970603662,7.657587698884623,1.730247825334875,0.0,0.0,0.0,0.0,12.374837806770486,279.01206409696425,85537.48266543268,1.068011506776283,334.8530695673059
62.7,1405.3436059458509,7.644638919194047,7.0957107051494965,0.766647711013501,0.0,0.0,0.0,0.0,10.458363319794916,279.01526656135195,85542.64300365232,1.0680636790892881,334.85499126190507
62.75,1404.6296878834835,7.9231890027452865,7.487007099800369,0.856239551063449,0.0,0.0,0.0,0.0,10.93459397757824,279.01990702875736,85550.12093652604,1.0681392818026452,334.8577758357221
62.8,1403.9433878363554,7.0154714351589,7.170982299770676,0.2977076982237543,0.0,0.0,0.0,0.0,10.036356733134614,279.02436797906364,85557.31008357179,1.0682119636745002,334.86045266610137
62.85,1402.8847949573933,8.110361308493108,6.020429049787782,0.850068008824578,0.0,0.0,0.0,0.0,10.136377169258138,279.0312488327769,85568.4000408136,1.0683240802391158,334.8645815377136
62.9,1402.8958422544135,9.95275044092429,5.494705548937735,0.2685920759395727,0.0,0.0,0.0,0.0,11.37194671602463,279.03117702534627,85568.28430187749,1.0683229101630458,334.8645384497676
62.95,1401.8658207769035,8.835208885676177,6.478265421364949,-0.7090534397395113,0.0,0.0,0.0,0.0,10.978688250587613,279.0378721649501,85579.07604682431,1.0684320092534143,334.86855583486556
63.0,1402.227385942731,7.767315546499853,6.131334990442249,-1.3489665159072768,0.0,0.0,0.0,0.0,9.987200319657095,279.0355219913722,85575.28772936793,1.0683937115756257,334.8671456304317
63.05,1401.342846786921,8.086090028896525,6.193143828142715,-1.8234667627579713,0.0,0.0,0.0,0.0,10.347217667874057,279.041271495885,85584.55577372383,1.0684874055224773,334.8705955679765
63.1,1400.6589053638465,8.203970664046999,7.402365017190182,-3.91957833856401,0.0,0.0,0.0,0.0,11.724471709053887,279.04571711513495,85591.72254780249,1.0685598556594453,334.87326309674125
63.15,1399.753541560861,5.942765816333006,6.800122527604587,-4.987671973572679,0.0,0.0,0.0,0.0,10.316734156416645,279.05160197985435,85601.21027408479,1.0686557669212522,334.876794191004
63.2,1399.2021769362245,6.436807813589729,6.154426136167977,-5.1255059918392085,0.0,0.0,0.0,0.0,10.27522591318638,279.0551858499145,85606.98869637135,1.0687141799017268,334.87894460163534
63.25,1397.466662119362,8.000897617918064,3.8504016820196827,-6.307054407121608,0.0,0.0,0.0,0.0,10.891230008575663,279.0664666962241,85625.17933442396,1.068898060731539,334.8857132981513
63.3,1397.1324618552635,8.462340886501174,5.415939406874988,-5.0932401341313875,0.0,0.0,0.0,0.0,11.264311252900356,279.06863899794075,85628.68258294495,1.0689334726129875,334.88701669981543
63.35,1395.999289899747,9.684559939439618,5.986673679244392,-3.9661784101226942,0.0,0.0,0.0,0.0,12.05659712121458,279.07600461565164,85640.56190242036,1.0690535502671161,334.89143610264495
63.4,1395.0474126419538,12.083953358240544,6.298437448807316,-1.67508295976526,0.0,0.0,0.0,0.0,13.729462698254702,279.08219181782727,85650.54169639079,1.0691544248293057,334.89514840593057
63.45,1393.9678460580699,13.496361303445239,5.95861866138784,-2.3201613397002965,0.0,0.0,0.0,0.0,14.93452555079047,279.08920900062253,85661.86136684346,1.0692688399957713,334.89935864537
63.5,1393.4361804412367,13.380556222656203,4.964757260735029,-1.0154518771076713,0.0,0.0,0.0,0.0,14.308013209401448,279.09266482713196,85667.43653030468,1.069325190689885,334.901432087233
63.55,1392.918335638322,14.42739200575913,4.044800692178557,0.4212421055808092,0.0,0.0,0.0,0.0,14.989579635160045,279.09603081835087,85672.86704810185,1.0693800787141559,334.9034516169857
63.6,1392.7862912693956,13.105773992068253,3.3371180322818637,-0.7927061056893745,0.0,0.0,0.0,0.0,13.547178734428456,279.0968891067489,85674.25181123393,1.0693940748633335,334.90396657150717
63.65,1392.3602310661677,12.975069681933988,3.355471189362957,-1.2997255350771653,0.0,0.0,0.0,0.0,13.464802509514168,279.0996584980699,85678.72007281291,1.0694392364131624,334.9056281411517
63.7,1392.0191149981458,14.572129250747622,4.4491456317508,-0.45941370283179617,0.0,0.0,0.0,0.0,15.243126605239862,279.101875752512,85682.29762772271,1.0694753951022,334.9069584357154
63.75,1391.308368287402,14.080604698914346,3.059962853702816,-1.1947547539136834,0.0,0.0,0.0,0.0,14.45870811224603,279.1064956061319,85689.75218110002,1.0695507380620624,334.90973020985257
63.8,1391.1865582204796,15.054497068973362,4.329979253552504,0.06141879750233109,0.0,0.0,0.0,0.0,15.664940938433483,279.1072873715669,85691.02981924861,1.069563650989461,334.91020524315405
63.85,1390.9597841683099,14.513114071281604,5.96312084938235,-0.876713059303365,0.0,0.0,0.0,0.0,15.71489472121031,279.10876140290594,85693.408441908,1.0695876913306726,334.91108961183386
63.9,1391.2881839923077,15.738297144762328,6.630273987270598,1.6866625774949127,0.0,0.0,0.0,0.0,17.160983678490958,279.10662680405,85689.96388852445,1.069552877764794,334.90980892434845
63.95,1391.5089419445426,13.544158489452778,7.306562466288299,0.6977007906082946,0.0,0.0,0.0,0.0,15.405092361112418,279.1051918773604,85687.64844313866,1.069529475768378,334.9089480138667
64.0,1390.8540897908467,14.610323300546508,8.029132355259836,1.0064266718615875,0.0,0.0,0.0,0.0,16.70153908987453,279.1094484163595,85694.51708366432,1.0695988961440208,334.91150179574663
64.05,1389.3252532088513,13.865699080893615,7.00201298099928,0.8953154531476124,0.0,0.0,0.0,0.0,15.55915764264317,279.1193858541424,85710.55454386558,1.0697609803583161,334.9174638522217
64.1,1389.1670139204766,12.052561011385464,5.687599790443172,1.1550538774309977,0.0,0.0,0.0,0.0,13.377113581381694,279.12041440951685,85712.21460910255,1.0697777576460377,334.91808093734284
64.15,1388.1468929992664,13.156054270450129,5.246624107268348,0.9505222064222245,0.0,0.0,0.0,0.0,14.195503547070821,279.12704519550476,85722.91717346966,1.0698859205869256,334.92205907153607
64.2,1387.4679889892718,11.553880259333836,3.1224528726389726,0.5130545109710958,0.0,0.0,0.0,0.0,11.97936083103365,279.1314580715697,85730.04047178444,1.069957909096066,334.9247065464441
64.25,1386.1574826347778,10.17521560216956,5.6133215961588245,1.8624134240152794,0.0,0.0,0.0,0.0,11.769153565762076,279.13997636287394,85743.7921183826,1.0700968808985347,334.92981697804714
64.3,1386.1396244692837,8.483867918339069,5.4110591500935055,0.523497493897377,0.0,0.0,0.0,0.0,10.076191026759584,279.1400924409496,85743.97952330815,1.0700987747515593,334.92988661695216
64.35,1385.1959937160846,8.824559484773495,6.899048338558772,0.8705475456752108,0.0,0.0,0.0,0.0,11.235104410167159,279.1462260408454,85753.8825268744,1.0701988501537996,334.9335663367208
64.4,1385.8509580083728,7.692946964652774,5.782482574978441,-1.1254447326319734,0.0,0.0,0.0,0.0,9.689435668659897,279.1419687729456,85747.00885677089,1.0701293880977647,334.93101228578945
64.45,1385.4530261821196,9.568466829150681,8.198286370013616,-1.4972523388187784,0.0,0.0,0.0,0.0,12.688940910549084,279.14455532981617,85751.18498865001,1.0701715902358266,334.93256403400557
64.5,1385.1575102610802,9.596875801053072,6.8817692621018605,-3.8582895851727876,0.0,0.0,0.0,0.0,12.423573231590854,279.146476183303,85754.28641402762,1.0702029316132158,334.93371640338626
64.55,1383.9445311389009,9.726049786883069,8.5658051575918,-3.6464408547165026,0.0,0.0,0.0,0.0,13.463491128295813,279.1543605475971,85767.01752314108,1.0703315832617264,334.9384463946515
64.6,1383.0820709129475,8.81709838377791,8.507406842542583,-4.632134352165695,0.0,0.0,0.0,0.0,13.09862068121193,279.1599665390658,85776.07060925195,1.0704230651821083,334.9418095028663
64.65,1382.1952194067458,5.369158442533232,6.425122439474278,-6.555286858482891,0.0,0.0,0.0,0.0,10.633994853311727,279.16573107385614,85785.38053303787,1.0705171405450402,334.9452676880964
64.7,1381.3051424696882,4.775002106423539,5.789246896610781,-6.896626458887196,0.0,0.0,0.0,0.0,10.19212839693897,279.17151657394703,85794.7251391859,1.0706115644146246,334.94873841465966
64.75,1379.9671143928197,6.62097660322187,1.876003967416008,-7.605761663384181,0.0,0.0,0.0,0.0,10.256916327355729,279.1802137564467,85808.7741783583,1.0707535211983121,334.9539557943796
64.8,1379.2112168500526,7.211698306549761,1.466903135689692,-6.862808976054316,0.0,0.0,0.0,0.0,10.06273046026776,279.1851270904746,85816.71178156057,1.0708337237759236,334.9569032336086
64.85,1379.033980634038,8.150383987465792,1.990696625741237,-5.635549636375997,0.0,0.0,0.0,0.0,10.10698035532542,279.18627912587874,85818.57300707907,1.0708525296369362,334.9575943195152
64.9,1378.707638240065,9.152489295098743,3.441144013499898,-4.531838272698648,0.0,0.0,0.0,0.0,10.777155958249818,279.18840035143955,85822.00013929357,1.070887157248497,334.9588668019299
64.95,1377.9619866392964,7.864856062743048,3.3832740780452633,-4.24713486190963,0.0,0.0,0.0,0.0,9.557230713448705,279.19324708684456,85829.83112414695,1.0709662802296909,334.9617742471374
65.0,1376.5701277872388,10.982846104544446,3.6722574211815373,-2.5479111813453708,0.0,0.0,0.0,0.0,11.857496974975568,279.2022941693829,85844.4502570911,1.0711139858658987,334.9672013165616
65.05,1375.2910117589147,11.40005019182123,2.989543122491532,-2.976963684088242,0.0,0.0,0.0,0.0,12.155691063598972,279.210608423567,85857.88699440904,1.071249740847882,334.97218870703114
65.1,1374.132931410342,11.337940720191714,2.7206201134154595,-2.2237332205708906,0.0,0.0,0.0,0.0,11.869947894256855,279.2181359458327,85870.05375642005,1.0713726614395707,334.97670410425826
65.15,1373.5797274977913,11.340780469376751,2.0224710684677656,-2.6216588718885507,0.0,0.0,0.0,0.0,11.814261979401772,279.22173177126433,85875.8661950478,1.0714313832394646,334.9788610448695
65.2,1372.7989257009674,11.011775130653435,1.963435091265099,-3.0252484178202845,0.0,0.0,0.0,0.0,11.587337782045227,279.2268069829437,85884.0705159823,1.0715142684177048,334.98190536540267
65.25,1372.2012180478425,10.949373854984932,2.7718841582042693,-1.4402209907088728,0.0,0.0,0.0,0.0,11.386235818074814,279.230692082689,85890.35139328273,1.071577720748003,334.98423578919386
65.3,1372.244491125992,11.067489801661985,2.1289059088502844,-1.3483717502899912,0.0,0.0,0.0,0.0,11.350756682072335,279.23041080768104,85889.89665532262,1.0715731268042488,334.9840670707829
65.35,1371.4646046825462,10.844306206865587,4.223785938849263,-0.785040923550715,0.0,0.0,0.0,0.0,11.664288834606833,279.23548006956344,85898.09244185314,1.0716559231899547,334.9871077751433
65.4,1371.7290434792824,10.37061899664405,3.6745249934144604,-0.7190765227747199,0.0,0.0,0.0,0.0,11.0258307327107,279.23376121738465,85895.31339718148,1.0716278485843889,334.9860767560801
65.45,1371.3654481693534,12.242273268071017,4.262467410200346,-0.6634314708073069,0.0,0.0,0.0,0.0,12.980062577260705,279.23612458689917,85899.1345179254,1.0716664504589801,334.987494375144
65.5,1371.120094662601,11.817551791795355,4.17696796243105,-0.21190751798083118,0.0,0.0,0.0,0.0,12.535808570136902,279.2377193846931,85901.71308158805,1.0716924995404757,334.98845097872646
65.55,1371.3840049093462,12.516305443455757,6.887996706204086,-0.6563223481279087,0.0,0.0,0.0,0.0,14.301508997417395,279.2360039680892,85898.93949682887,1.0716644803171858,334.98742202455304
65.6,1371.7474879756483,11.906504488296736,6.686777030793356,-0.5864450592861848,0.0,0.0,0.0,0.0,13.668275458042874,279.2336413281583,85895.11956268473,1.0716258904132903,334.9860048428098
65.65,1370.9347050047245,13.169178199397246,7.728235038477507,-0.06501860657997777,0.0,0.0,0.0,0.0,15.269482593612423,279.23892441746926,85903.6614916243,1.071712182605939,334.9891737887187
65.7,1370.6604463719723,12.40922730138377,7.462652918279994,0.09611121297209285,0.0,0.0,0.0,0.0,14.480654272558965,279.24070709858216,85906.54396330814,1.071741301515343,334.99024308434304
65.75,1370.2945723859457,12.811115759416682,6.869431252225786,-0.5221312715332187,0.0,0.0,0.0,0.0,14.546009548839974,279.2430852794913,85910.38943877956,1.0717801484598735,334.99166956995987
65.8,1369.769438465875,12.081620356274804,5.621474929696101,-0.1280787878280878,0.0,0.0,0.0,0.0,13.326024725860561,279.2464986499718,85915.90904064395,1.0718359068298098,334.9937169746086
65.85,1368.1406131497781,11.713000157270768,5.395478163337989,0.0907156843079523,0.0,0.0,0.0,0.0,12.896270260453663,279.2570860145264,85933.03119969982,1.0720088685341251,335.0000673979898
65.9,1367.239103337519,12.662077591294409,6.194839209882195,1.4488648654278196,0.0,0.0,0.0,0.0,14.170513440328302,279.2629458283061,85942.50902946966,1.0721046072380758,335.0035821301339
65.95,1366.3262536533334,12.036696883989531,5.720183660048959,1.9894724012274283,0.0,0.0,0.0,0.0,13.47444148812781,279.2688793512533,85952.10694101983,1.072201556880817,335.00714103566236
66.0,1365.7546778591761,11.376515784838627,5.024906993141084,1.2469165294979023,0.0,0.0,0.0,0.0,12.49918407432804,279.27259459391536,85958.117062248,1.0722622647793176,335.0093694054791
66.05,1365.356231573039,11.911559619686404,5.471318477257712,2.4276216246931765,0.0,0.0,0.0,0.0,13.330938646832161,279.2751844947752,85962.30692745783,1.072304585895803,335.0109227964296
66.1,1364.910950982047,12.070646384561515,5.350757044346486,1.9040851990907615,0.0,0.0,0.0,0.0,13.340039187879022,279.2780788186167,85966.9894748553,1.072351883046944,335.0126587680494
66.15,1363.8569638975466,12.01177304233118,5.546020503144413,1.9795334880305886,0.0,0.0,0.0,0.0,13.37757780287623,279.2849297346659,85978.07397092946,1.0724638426054345,335.01676780792656
66.2,1363.7475176354621,11.687267456958073,6.1335853885112295,1.6409279624520332,0.0,0.0,0.0,0.0,13.300591524687412,279.2856411353695,85979.22505388304,1.0724754690243201,335.0171944886873
66.25,1363.1331395538834,12.07342761103146,6.120493107379838,1.4560287051913332,0.0,0.0,0.0,0.0,13.614261263345952,279.28963459289974,85985.68690534643,1.0725407358748542,335.0195896568567
66.3,1362.7452217194955,12.419711437176096,5.623598762612623,1.0413150783024387,0.0,0.0,0.0,0.0,13.673274381722944,279.29215605882325,85989.76711577615,1.0725819468775843,335.02110195532356
66.35,1362.2005093872474,12.851116673030079,5.844551830953649,1.484815639782158,0.0,0.0,0.0,0.0,14.195586051046892,279.29569668898284,85995.49679200967,1.0726398172115785,335.02322550593647
66.4,1361.7857518703888,12.416447064853946,5.973955451924323,1.4656772470472588,0.0,0.0,0.0,0.0,13.856569245250014,279.29839261284246,85999.85971729823,1.072683882724958,335.02484242115986
66.45,1360.986082951903,12.273604635513923,5.258145723651893,1.18761255599868,0.0,0.0,0.0,0.0,13.405218789084842,279.3035904608126,86008.27211596986,1.0727688466890994,335.02795987571955
66.5,1360.571261104657,12.077798122475924,6.475829909820823,2.466480076659082,0.0,0.0,0.0,0.0,13.924550422788132,279.3062868028197,86012.63624287964,1.07281292309308,335.0295770188793
66.55,1359.9506893981365,11.662427767353506,6.367447459320481,1.6443976707012062,0.0,0.0,0.0,0.0,13.388825649598715,279.3103205189121,86019.16529280832,1.0728788637912197,335.0319962435457
66.6,1359.5366310975862,12.477181362552043,7.677646966925476,1.6974660766244933,0.0,0.0,0.0,0.0,14.748142553692889,279.3130118978657,86023.5218334062,1.0729228625158806,335.03361039065214
66.65,1358.5240373778793,12.314780453360491,8.369967504670528,0.16294416303474146,0.0,0.0,0.0,0.0,14.890826855617432,279.3195937570438,86034.17665499738,1.073030468716009,335.03755780978224
66.7,1358.2172890236982,12.46078744181028,8.22485378457037,-0.429909299325206,0.0,0.0,0.0,0.0,14.93667518068143,279.32158762134594,86037.4045661154,1.0730630678463422,335.0387536052961
66.75,1357.4842530811572,10.620767978020364,9.193633315390255,-1.6505926417851116,0.0,0.0,0.0,0.0,14.14383477172692,279.32635235497247,86045.11869619107,1.0731409729930976,335.04161117821286
66.8,1357.3300324461907,11.786456733001181,9.101323029478953,-0.661859944831533,0.0,0.0,0.0,0.0,14.906129671796272,279.32735478909973,86046.74171389,1.0731573637105856,335.04221236897223
66.85,1356.5629118539653,10.50946851463067,7.705972675545712,-2.5542794674193394,0.0,0.0,0.0,0.0,13.279882790670653,279.3323410729492,86054.81525802414,1.0732388968710316,335.04520278163375
66.9,1356.957965292464,11.585301093414596,6.576669339984428,-2.503006632645513,0.0,0.0,0.0,0.0,13.554955670736517,279.32977322559896,86050.65745002613,1.073196908154122,335.0436627757216
66.95,1355.331602452628,12.522344613659634,7.53163817846246,-0.31151587540969494,0.0,0.0,0.0,0.0,14.616146223103957,279.3403445840579,86067.77542970661,1.073369776094624,335.05000265332836
67.0,1354.317105774489,11.315577001669851,5.402059993272271,-2.0154967154212526,0.0,0.0,0.0,0.0,12.699872521466753,279.3469388124658,86078.45472224678,1.0734776188786996,335.0539572972772
67.05,1353.253947297624,12.64247041965827,5.669385697947236,-2.374276441687319,0.0,0.0,0.0,0.0,14.057424412941883,279.3538493425654,86089.64741386418,1.0735906433926612,335.0581015813478
67.1,1352.3710360552257,11.493154712195222,3.9509368874984894,-4.244515721270895,0.0,0.0,0.0,0.0,12.873166713577792,279.35958826564104,86098.94339911388,1.073684512719451,335.0615432070848
67.15,1351.5095104313498,11.778586607005398,3.47542668013489,-3.1902107382612006,0.0,0.0,0.0,0.0,12.688228309036587,279.3651881821962,86108.0150032138,1.0737761144233597,335.0649014366906
67.2,1350.352767212191,12.232070111264859,2.2164814686477454,-2.9171153601143676,0.0,0.0,0.0,0.0,12.768942451588273,279.37270701312076,86120.19637644474,1.0738991145380645,335.06941037248214
67.25,1349.49867142935,11.222288129852116,1.2925157598192474,-2.790237427464952,0.0,0.0,0.0,0.0,11.635968922286922,279.3782586357092,86129.19154078263,1.0739899401242379,335.07273956252016
67.3,1348.8379911715724,12.196842180198729,2.22917096093541,-2.3521559238590277,0.0,0.0,0.0,0.0,12.62001584119044,279.38255305738477,86136.15021371032,1.0740602016988878,335.07531481320916
67.35,1348.0090756897844,12.511178303199127,2.2663332323734484,-1.900134988513055,0.0,0.0,0.0,0.0,12.855985447610479,279.38794100801636,86144.88148281805,1.0741483596123722,335.07854579619317
67.4,1347.3972043726,11.936178710786105,2.0985972425990767,-1.597126938536306,0.0,0.0,0.0,0.0,12.224045445770654,279.3919181715781,86151.32700631609,1.074213437709556,335.08093075496265
67.45,1347.711417250892,11.840238015217706,2.6588775990945717,-1.2067610673048519,0.0,0.0,0.0,0.0,12.194963657901413,279.3898757878692,86148.01700259758,1.0741800179263694,335.07970601466
67.5,1347.9232186347513,10.902641096476238,3.3400271592663167,-0.45047397280666024,0.0,0.0,0.0,0.0,11.411673457621605,279.3884990788741,86145.78588745194,1.074157491111593,335.0788804517932
67.55,1347.8928307153085,11.691532735700775,5.0560034942340115,-0.4228210600653581,0.0,0.0,0.0,0.0,12.744955342899566,279.3886966003505,86146.10599082978,1.0741607230939194,335.07899889844316
67.6,1348.715980719013,12.241790935717008,5.426284858408623,0.4581039076955328,0.0,0.0,0.0,0.0,13.39835332675787,279.3833461253264,86137.43534933151,1.0740731775681658,335.07579039283775
67.65,1348.377504469302,11.756492635588883,5.825811813453888,1.059642682295623,0.0,0.0,0.0,0.0,13.163511879076085,279.3855462209495,86141.00059962946,1.0741091753050842,335.07710972224436
67.7,1348.586653139148,10.53182402707685,6.5837942315365545,-0.18150952360901623,0.0,0.0,0.0,0.0,12.42169914012121,279.38418675459553,86138.79757317655,1.074086931748323,335.0762944928652
67.75,1347.8289571428013,12.434484069974385,6.731480605169178,1.0399072448027915,0.0,0.0,0.0,0.0,14.177821846179647,279.38911177857176,86146.77883194885,1.074167516549945,335.07924786601546
67.8,1346.8407694222585,12.166536979996362,6.706425928508992,0.4973262378552106,0.0,0.0,0.0,0.0,13.901370587357777,279.3955349987553,86157.18889572534,1.0742726222621233,335.0830996185122
67.85,1346.2768283541318,12.879034689421248,5.947659980068594,0.6414236324614697,0.0,0.0,0.0,0.0,14.200549920552566,279.39920061569813,86163.13018955162,1.0743326077394333,335.08529772496826
67.9,1345.2391068094025,13.865860134895623,6.264433885705056,1.3949107949493964,0.0,0.0,0.0,0.0,15.279102896267299,279.40594580573884,86174.06377434719,1.0744429951572012,335.08934247593174
67.95,1344.2351220126702,12.154169874005959,3.91814651539951,0.40810801065675506,0.0,0.0,0.0,0.0,12.776629821306303,279.41247170691764,86184.6429730886,1.07454980209374,335.09325568393496
68.0,1343.9347386302907,11.146994681352169,4.489876193850068,1.4232768211203675,0.0,0.0,0.0,0.0,12.101247686570737,279.4144241989031,86187.808380284,1.0745817593642633,335.09442647232015
68.05,1343.6882714408125,10.57480396326725,5.0646790891572095,1.2816904018783268,0.0,0.0,0.0,0.0,11.794921933779218,279.4160262356347,86190.40569485175,1.0746079811269618,335.09538711136344
68.1,1343.8406688897824,10.792096644710327,6.119840003615449,1.665286704195763,0.0,0.0,0.0,0.0,12.51778620466858,279.4150356522164,86188.79969626683,1.074591767431388,335.0947931221197
68.15,1342.934347337609,9.542884973936806,6.164339908135376,1.1646027482816557,0.0,0.0,0.0,0.0,11.420246918964779,279.42092674230554,86198.351073039,1.0746881945134006,335.098325614931
68.2,1342.7602536940678,9.41590121222214,5.535893816046826,1.0077501230713966,0.0,0.0,0.0,0.0,10.969087304394211,279.42205835098855,86200.18587759994,1.0747067177724856,335.09900416072827
68.25,1341.4959870446967,10.964380830793694,7.380059775807496,2.1551985061034875,0.0,0.0,0.0,0.0,13.391333387601053,279.4302760842094,86213.51116240957,1.0748412408594639,335.10393171367184
68.3,1340.6974600312874,10.096674507981701,6.903159073888485,1.6247373113844277,0.0,0.0,0.0,0.0,12.338403975009943,279.4354665097966,86221.92844244654,1.0749262140022213,335.1070439819073
68.35,1339.7867844962243,12.752293339114082,7.757608746870526,3.3901297276390485,0.0,0.0,0.0,0.0,15.30668019024888,279.44138590077455,86231.52869318755,1.0750231274061584,335.11059331501934
68.4,1339.2360522797517,11.66257935335488,6.0846533313247155,1.233569997218825,0.0,0.0,0.0,0.0,13.212132994855105,279.4449656601816,86237.33487731752,1.0750817391569583,335.1127397606023
68.45,1338.248490530649,12.453198322861057,7.604461253250121,2.6002921124266005,0.0,0.0,0.0,0.0,14.821319053668597,279.4513848115508,86247.74720075299,1.075186846672403,335.11658868850094
68.5,1337.9212381854923,12.410294166884825,7.103371543051773,1.184387459699186,0.0,0.0,0.0,0.0,14.348381868417983,279.45351195179427,86251.19779918336,1.0752216783105346,335.11786411360936
68.55,1337.822342185149,14.17758828857525,6.634133741803788,1.1620718641434302,0.0,0.0,0.0,0.0,15.696055275193174,279.4541547757965,86252.2405956263,1.0752322046377973,335.11824954745356
68.6,1337.172448054656,12.255477140734136,7.575057342101756,1.0732397837427223,0.0,0.0,0.0,0.0,14.447493115298405,279.4583790876447,86259.093576564,1.0753013802591556,335.1207824112849
68.65,1336.5191258346981,12.492757538920777,7.7368888273978085,1.470151005131116,0.0,0.0,0.0,0.0,14.767863204663803,279.4626256820744,86265.98315028114,1.0753709242027307,335.1233286162801
68.7,1336.6197486191625,11.597440117654564,6.99037025934097,0.8633244650405764,0.0,0.0,0.0,0.0,13.568759072855553,279.4619716339754,86264.9220091867,1.075360213023041,335.122936458467
68.75,1335.6766073809708,12.81954915766756,6.928921612789751,1.9316662887150757,0.0,0.0,0.0,0.0,14.69973230956939,279.46810205202365,86274.86854033716,1.0754606125261066,335.1266121507612
68.8,1335.2056427487016,13.997615119689238,7.091991409092573,2.353859291383476,0.0,0.0,0.0,0.0,15.867268975763535,279.4711633221334,86279.83576270725,1.0755107504534815,335.1284476201114
68.85,1334.4563663685199,12.845191368476549,5.356706665998335,2.1752706889824927,0.0,0.0,0.0,0.0,14.086342682495047,279.4760336186046,86287.73879176911,1.075590520563386,335.1313677206427
68.9,1334.0330044004015,11.178021030345525,5.211532534530775,1.2225406081432042,0.0,0.0,0.0,0.0,12.393660922095567,279.4787854713974,86292.20448188174,1.0756355948925613,335.1330176473074
68.95,1333.3521536631258,12.086679707550351,6.514531705223724,1.3658725813651764,0.0,0.0,0.0,0.0,13.798280965388395,279.48321100118966,86299.38659741801,1.075708086461573,335.13567104241247
69.0,1332.3254477394535,10.673234780173,5.410106080730122,-1.3815865286999154,0.0,0.0,0.0,0.0,12.045578849259703,279.48988458969353,86310.21796374109,1.0758174090065065,335.13967225629995
69.05,1331.32218868667,11.251753489911847,5.983413557222738,-0.4962156022699404,0.0,0.0,0.0,0.0,12.753408341241034,279.4964057735366,86320.8030376222,1.0759242431643854,335.143582048368
69.1,1330.6484905626635,10.759591877952275,5.142791734250768,-1.1399775092158453,0.0,0.0,0.0,0.0,11.979844444878761,279.50078481134267,86327.91160667222,1.0759959878860603,335.14620748582894
69.15,1329.4445394899521,11.289021808372384,4.6594956567056505,-1.1570674125629348,0.0,0.0,0.0,0.0,12.267506599223054,279.5086104933153,86340.61635425795,1.0761242104119166,335.15089929604636
69.2,1329.040173625315,10.783614030451472,5.913141035450654,-0.8935280013456676,0.0,0.0,0.0,0.0,12.330854015520137,279.5112388714354,86344.88378277251,1.0761672785820482,335.15247509941463
69.25,1327.9052147819516,11.367079127939208,5.58264506173573,-0.3414908374952216,0.0,0.0,0.0,0.0,12.668584363623534,279.5186161039173,86356.86235245048,1.0762881677407998,335.1568979652384
69.3,1328.2862075918256,8.830287633040722,4.925618584535705,-1.2815432804229494,0.0,0.0,0.0,0.0,10.192058246603217,279.5161396506531,86352.84113245583,1.0762475854631266,335.1554132658578
69.35,1327.3537176074635,10.202892926806818,6.638882330034201,0.7241100787741707,0.0,0.0,0.0,0.0,12.194183780561422,279.5222008355515,86362.68344340603,1.0763469137354391,335.1590470952307
69.4,1326.740021651901,7.806642009669058,4.832506920064095,-1.403922319045975,0.0,0.0,0.0,0.0,9.288045029903362,279.5261898592626,86369.16142030945,1.0764122880860099,335.1614385915269
69.45,1325.917406188454,7.227234868741868,4.711110424011633,-1.0220586304086687,0.0,0.0,0.0,0.0,8.687467359316074,279.53153685977503,86377.84530143529,1.0764999224843839,335.16464419421953
69.5,1326.2107135624578,7.4401174944913215,4.401326147973379,-1.1434117896666507,0.0,0.0,0.0,0.0,8.719771253503081,279.529630361844,86374.74894208703,1.076468675405476,335.16350122516957
69.55,1325.3088427314988,7.014633092212671,4.687921742099538,-1.6436400480561957,0.0,0.0,0.0,0.0,8.595536067400849,279.53549252224525,86384.27001287704,1.0765647571297756,335.1670156502795
69.6,1324.44634532953,9.197766703755269,6.684319104239619,-1.166459703798723,0.0,0.0,0.0,0.0,11.429770884169027,279.541098755358,86393.3762124513,1.0766566503031902,335.17037660989035
69.65,1324.071203275804,8.075026936199425,6.347242534525644,-3.19249723432993,0.0,0.0,0.0,0.0,10.755723425397385,279.54353717870725,86397.33718393651,1.0766966209846205,335.17183844411375
69.7,1323.9208917558915,7.593073935182804,3.3994803511167593,-5.299120081554873,0.0,0.0,0.0,0.0,9.86366625963792,279.5445142035867,86398.92430305063,1.076712636713388,335.1724241685097
69.75,1323.4987561734963,6.791170086365929,4.3767229414537185,-5.646606622542148,0.0,0.0,0.0,0.0,9.856970183476033,279.5472580848722,86403.38170211799,1.076757616336356,335.1740691141957
69.8,1322.9763567575103,6.61832200825426,4.391345548116957,-5.930514426345588,0.0,0.0,0.0,0.0,9.912472107854954,279.55065368107614,86408.8980613006,1.0768132813167135,335.1761047491513
69.85,1322.6190206279534,6.325846155922891,4.5514083400802114,-6.443274642236874,0.0,0.0,0.0,0.0,10.111747404966604,279.55297636591825,86412.67157287707,1.0768513590220448,335.1774971745143
69.9,1322.4215556899806,5.399424350983449,5.621200356055534,-5.909481780918126,0.0,0.0,0.0,0.0,9.781290900689703,279.5542598880151,86414.75688310033,1.0768724013096989,335.178266630157
69.95,1321.817484687802,5.091704268327412,3.6461120432832277,-6.498337685795081,0.0,0.0,0.0,0.0,9.02485335431569,279.55818634952925,86421.13637207178,1.0769367743653895,335.18062048436707
70.0,1320.9625918984245,3.938340396274459,3.365581612695009,-6.731063698422982,0.0,0.0,0.0,0.0,8.493814407017949,279.5637431526602,86430.16539813069,1.077027881371252,335.18395167543383
70.05,1320.1380072107777,2.4610562563319687,3.7420614230428755,-7.327721557373533,0.0,0.0,0.0,0.0,8.588092035665033,279.5691029531299,86438.87504617588,1.0771157639908964,335.18716473602376
70.1,1319.818748840632,4.079660489418478,3.981856221994825,-5.526211698969208,0.0,0.0,0.0,0.0,7.939636290371571,279.57117813253586,86442.24739282131,1.0771497913953505,335.1884087436828
70.15,1318.6903147791036,1.8275555537605093,3.497439644862227,-6.179313888595961,0.0,0.0,0.0,0.0,7.331845845715105,279.5785129539358,86454.16796798217,1.0772700694831523,335.1928057115758
70.2,1318.1387719024106,2.500283194859655,2.39693400492473,-6.084745158300568,0.0,0.0,0.0,0.0,7.0014878647273475,279.5820979826343,86459.99485235004,1.077328861346248,335.1949547894199
70.25,1317.3957263349687,-0.3021546190299432,1.78263262655955,-7.394728137947254,0.0,0.0,0.0,0.0,7.612560720889167,279.58692777882266,86467.84540775545,1.0774080703718103,335.1978500325971
70.3,1317.5466920714612,-0.07988457576603908,2.2416307967455316,-6.893456764731961,0.0,0.0,0.0,0.0,7.249209359757253,279.5859465015355,86466.25035134667,1.0773919769888858,335.1972618035119
70.35,1316.982231333509,1.2386607321595322,1.214683351026523,-5.8709413801378885,0.0,0.0,0.0,0.0,6.121902379299297,279.58961549633216,86472.21438766857,1.0774521510732815,335.1994611861884
70.4,1316.5264750590748,1.2799245083426662,1.3345786025577888,-5.507636501871136,0.0,0.0,0.0,0.0,5.809764765479291,279.592577912116,86477.0301064341,1.0775007386430469,335.2012369988244
70.45,1316.1943135287927,2.5264713237738663,1.0024362882316942,-6.008517691073122,0.0,0.0,0.0,0.0,6.594711571081338,279.5947369620628,86480.54000625685,1.0775361509976504,335.20253122991807
70.5,1315.458731287629,5.066002147950833,1.2516963559167116,-5.122303962407783,0.0,0.0,0.0,0.0,7.312258161044104,279.5995182466304,86488.31320129416,1.0776145759489373,335.2053973279269
70.55,1314.5145113355898,6.467876695036347,4.296516747320525,-4.347052607215235,0.0,0.0,0.0,0.0,8.898896081655119,279.60565567631863,86498.29198460282,1.0777152514511956,335.20907631900747
70.6,1313.2472816216632,10.596553313211793,5.11069839257345,-0.00652699112649327,0.0,0.0,0.0,0.0,11.764617409045048,279.6138926694592,86511.68589155017,1.0778503785109208,335.21401379876045
70.65,1312.7871984571937,10.953750151792315,6.685904680708862,-0.4532474743701775,0.0,0.0,0.0,0.0,12.8410045191347,279.6168832100282,86516.5491279395,1.0778994412409542,335.215806392858
70.7,1312.9095079814065,12.167524491066862,6.7268225560027055,0.22071585561914014,0.0,0.0,0.0,0.0,13.904945502574988,279.61608819812085,86515.25625283876,1.0778863981297568,335.2153298466209
70.75,1312.4419719301827,13.228157939518457,7.377172882553268,2.7267554800793112,0.0,0.0,0.0,0.0,15.389673084899076,279.6191271824538,86520.19843576332,1.0779362569156108,335.21715147171795
70.8,1312.7161817363951,14.752975201452827,8.402177813185636,2.1772519033459936,0.0,0.0,0.0,0.0,17.11687165196067,279.61734481871343,86517.29981868669,1.0779070145331329,335.21608309014107
70.85,1311.9209128413916,14.370802414348871,8.025516173014118,2.0321676985646486,0.0,0.0,0.0,0.0,16.584890033722143,279.6225140665309,86525.70666397267,1.077991825561953,335.21918162288506
70.9,1311.2939721234868,12.446798125423525,6.3061371858417825,1.7637382495837293,0.0,0.0,0.0,0.0,14.064171585797286,279.6265891811973,86532.33456612744,1.0780586889202943,335.2216242939106
70.95,1310.496503211757,13.775494984634694,7.070586506277204,2.079371419398112,0.0,0.0,0.0,0.0,15.623099600087514,279.63177272912355,86540.7658550727,1.0781437437306878,335.22473134697697
71.0,1309.7669674968117,14.020779549172465,7.7310404814385025,1.2074227313792563,0.0,0.0,0.0,0.0,16.056435337408644,279.6365147112707,86548.47949873754,1.0782215575572447,335.22757369735916
71.05,1308.6042938164455,14.931568690237032,6.694130278747139,0.6709225509436572,0.0,0.0,0.0,0.0,16.37721773713322,279.6440720901931,86560.77401664549,1.078345579677884,335.23210355048917
71.1,1308.0604218161072,16.143439502762526,7.367709480458709,1.0104071086577346,0.0,0.0,0.0,0.0,17.773989549142332,279.6476072581953,86566.5255947533,1.0784035981192681,335.234222490561
71.15,1306.6662025415712,17.594710870603695,7.229982331190337,0.8867349505244437,0.0,0.0,0.0,0.0,19.04291978668045,279.6566696834798,86581.27121466627,1.0785523396644459,335.23965434551445
71.2,1306.22941553831,15.391949150166846,6.221204162398238,-0.9973638860488606,0.0,0.0,0.0,0.0,16.631602887056847,279.65950879900095,86585.89120418622,1.0785989412832127,335.24135604226177
71.25,1305.2753512147608,13.958574403518174,7.137228980607559,-0.8318031805254278,0.0,0.0,0.0,0.0,15.699481947864056,279.66571021710405,86595.98324073234,1.078700737539664,335.24507299130823
71.3,1304.7426754922953,14.003826633992448,6.6597440749158165,0.674646633517163,0.0,0.0,0.0,0.0,15.521420670106478,279.66917260930006,86601.61826766908,1.0787575758927452,335.24714823022646
71.35,1304.1077460659396,12.763367975249965,6.488802911159099,0.12033746177526833,0.0,0.0,0.0,0.0,14.318610491112945,279.6732996505714,86608.33539571778,1.0788253280649496,335.2496218201821
71.4,1303.5972387574661,13.433190683461625,8.527881781203819,1.679187175777121,0.0,0.0,0.0,0.0,15.99984528624332,279.67661794807645,86613.73652706265,1.0788798057386573,335.2516106669638
71.45,1302.9958858940654,12.025261905592657,7.005710826742025,0.356609701064202,0.0,0.0,0.0,0.0,13.921712486792762,279.68052674168854,86620.09914783773,1.0789439804972236,335.25395341693195
71.5,1303.2205848622305,12.535668651448752,7.699708248310017,2.245773587312439,0.0,0.0,0.0,0.0,14.881935178379138,279.6790661983955,86617.72167357645,1.0789200008865698,335.25307803680073
71.55,1302.2065670668662,13.125069361282748,7.687519455665683,1.4705866764259725,0.0,0.0,0.0,0.0,15.281623810727808,279.68565731406534,86628.4511190196,1.0790282189095917,335.2570284196939
71.6,1301.7786945281416,12.800312441490867,6.364377726929725,0.371914897256184,0.0,0.0,0.0,0.0,14.300056753091091,279.6884384855671,86632.97881316677,1.0790738848205235,335.25869529990547
71.65,1301.2887670911348,12.39871560568443,7.395545490258329,1.9250665594984842,0.0,0.0,0.0,0.0,14.564618876840624,279.6916230139076,86638.16339987084,1.0791261755322967,335.26060391969565
71.7,1301.1610487419282,14.106061141308507,7.146822753696496,1.3420258651651356,0.0,0.0,0.0,0.0,15.87006836210418,279.69245318317746,86639.51500223333,1.0791398074274436,335.2611014727529
71.75,1300.451333340507,15.135151652079639,7.42721108072782,1.2971621695858504,0.0,0.0,0.0,0.0,16.909136869259168,279.69706633328667,86647.0260039535,1.079215560618174,335.2638663013924
71.8,1300.359054030898,16.300918699323542,8.107078187841974,0.9552601850588882,0.0,0.0,0.0,0.0,18.230666175620073,279.69766614879916,86648.00264549417,1.0792254105724433,335.26422579096914
71.85,1299.3499496393572,14.437070065134327,8.410278110295442,0.29705629722519944,0.0,0.0,0.0,0.0,16.71077533814136,279.70422532734415,86658.68312144952,1.0793331275279534,335.268156901755
71.9,1299.251132142134,15.227602732020774,8.404726434225793,1.8473034889636413,0.0,0.0,0.0,0.0,17.490907397238075,279.70486764107613,86659.72907441352,1.0793436762543376,335.26854185700046
71.95,1298.382225400627,12.31584458683588,6.993816361639027,-0.04740475177272652,0.0,0.0,0.0,0.0,14.163182636608024,279.7105155348959,86668.92662647457,1.079436435080476,335.2719267669284
72.0,1297.6624805508566,11.96334447844884,6.930100245306016,1.1757445837201275,0.0,0.0,0.0,0.0,13.875527948376238,279.7151938764194,86676.54586854625,1.0795132749722525,335.27473057645824
72.05,1297.0273617876053,12.755290357886375,6.668022428434947,2.0238221889140053,0.0,0.0,0.0,0.0,14.534641773103363,279.71932214838057,86683.2697066152,1.0795810836665358,335.2772047004832
72.1,1295.742133879221,12.408632777751645,6.1195265212921885,2.60556746648499,0.0,0.0,0.0,0.0,14.07876962238874,279.72767612978504,86696.8773741555,1.0797183114776523,335.28221128815755
72.15,1294.45442577713,12.70222118733859,7.275061172062061,3.03307636182809,0.0,0.0,0.0,0.0,14.948996299618203,279.73604623244864,86710.513036042,1.0798558174898036,335.28722746241635
72.2,1294.3051791072296,12.32761683652973,6.627874148443589,1.1547115279790354,0.0,0.0,0.0,0.0,14.043938596730825,279.737016335803,86712.09353532232,1.079871755441836,335.28780883722743
72.25,1293.719669103201,10.295220582475283,8.057718839436586,0.4565400574213958,0.0,0.0,0.0,0.0,13.081545343011442,279.74082215082916,86718.29422148444,1.0799342834013412,335.2900896205459
72.3,1293.4331518038764,11.468872957241988,8.215311766489227,0.8388200185035484,0.0,0.0,0.0,0.0,14.132586930686655,279.74268451327475,86721.32863668665,1.0799648822518073,335.29120570833607
72.35,1293.17886554764,8.801286177657623,7.264426364188394,-1.2591541977342937,0.0,0.0,0.0,0.0,11.4812890424122,279.7443373739403,86724.02177499446,1.0799920395170846,335.2921962415251
72.4,1293.0750453962053,10.54781863718,8.838394439564647,-0.4035722677499878,0.0,0.0,0.0,0.0,13.767227928942917,279.74501220492465,86725.12135065327,1.0800031274525006,335.29260065619263
72.45,1292.3552823107902,9.731601715140446,6.610207428174001,-0.90504018102014,0.0,0.0,0.0,0.0,11.799068264692435,279.7496906649798,86732.7447858619,1.0800800001513335,335.29540436387646
72.5,1291.8859049671657,10.388539826238997,7.323097358765967,0.2240334516123575,0.0,0.0,0.0,0.0,12.712187287589819,279.7527416177134,86737.71653035824,1.080130133211693,335.2972327262939
72.55,1291.4211028123755,10.626515075343892,5.708371225704196,2.042628628192445,0.0,0.0,0.0,0.0,12.234404620155,279.75576283171955,86742.6400408873,1.0801797793614385,335.2990432571843
72.6,1290.8672774574318,9.07746253670154,5.350226842704033,1.7813187213829058,0.0,0.0,0.0,0.0,10.6863627938022,279.7593626965267,86748.50684307537,1.0802389364794192,335.3012005449029
72.65,1290.1730156600497,10.428569892305063,5.302597647706672,1.8290593550321272,0.0,0.0,0.0,0.0,11.841371117247636,279.7638753982097,86755.8617753554,1.0803130978835667,335.30390484794316
72.7,1289.5454199613657,8.597215921521308,5.553286103034323,1.6503996496529378,0.0,0.0,0.0,0.0,10.367011485813457,279.7679547702511,86762.51088892986,1.0803801413325305,335.30634945303495
72.75,1288.672466601428,10.335261194756502,6.511397111762352,3.113696774683582,0.0,0.0,0.0,0.0,12.60599158795458,279.7736289670907,86771.76015031693,1.0804734006170285,335.3097497434346
72.8,1287.9206186027911,8.855522481938475,5.49813829896576,1.640458711477502,0.0,0.0,0.0,0.0,10.551820125776137,279.7785159790818,86779.72689586622,1.080553726919364,335.31267828179955
72.85,1287.4283267017834,8.590882595785606,5.644844242050766,1.97042804664155,0.0,0.0,0.0,0.0,10.466619176151264,279.7817158764384,86784.9436491977,1.0806063251160343,335.31459580409603
72.9,1287.4432328272799,7.869776746278668,7.852749705819038,1.8613559702941793,0.0,0.0,0.0,0.0,11.27225399051402,279.7816189866227,86784.78568719399,1.080604732464449,335.3145377435253
72.95,1286.4246861921065,7.948613624669929,5.236677025668913,1.2818033713577746,0.0,0.0,0.0,0.0,9.604491902661024,279.78823953975126,86795.57988389597,1.080713563662207,335.31850504235496
73.0,1286.2026428802633,7.4682810550173775,4.889361708632173,1.3485005292521453,0.0,0.0,0.0,0.0,9.027709206214128,279.7896828212783,86797.9331646413,1.080737289992066,335.31936990783447
73.05,1285.2944580919602,7.552181789905118,5.132544105602256,2.021992222320168,0.0,0.0,0.0,0.0,9.352374635933389,279.79558602240223,86807.55891367405,1.0808343377832392,335.3229072920948
73.1,1284.7247909978148,7.791799258556958,5.483248993746716,2.853760003360945,0.0,0.0,0.0,0.0,9.945959047264159,279.79928885851416,86813.59719264274,1.0808952152874325,335.32512612921073
73.15,1284.0511018578452,7.584041991536953,5.809885957473055,3.35828839324261,0.0,0.0,0.0,0.0,10.126725467811715,279.80366783792397,86820.73850912256,1.080967212498488,335.32775011028616
73.2,1283.8159317591983,6.936476152445822,6.117689267548536,2.0351815271186964,0.0,0.0,0.0,0.0,9.47009964235083,279.8051964435652,86823.23149803538,1.0809923460091848,335.328666079677
73.25,1283.2858803171662,7.175150797697553,7.023133638944196,1.7608928201150726,0.0,0.0,0.0,0.0,10.193524346569355,279.8086417779384,86828.8506748044,1.0810489962347143,335.3307305799755
73.3,1282.7481255798407,6.943967392614901,6.402923065924333,2.0049888250024566,0.0,0.0,0.0,0.0,9.655883549744662,279.812137183731,86834.55181660694,1.081106472085091,335.3328250708928
73.35,1282.16978041056,7.660275732758088,6.457502946274604,2.0907021406375255,0.0,0.0,0.0,0.0,10.234754713421031,279.8158964273313,86840.68362635214,1.0811682888970515,335.33507764212743
73.4,1281.4780271014265,7.169085013791513,6.133473595545469,1.4498278896316674,0.0,0.0,0.0,0.0,9.545537134796415,279.82039282384073,86848.01828776745,1.0812422309656728,335.33777190187936
73.45,1280.6936233441622,6.795455242647508,6.632422600822844,0.807641110005267,0.0,0.0,0.0,0.0,9.529927894443992,279.82549144826294,86856.33592892664,1.0813260811959782,335.34082699294675
73.5,1280.1011793277598,7.496274662532868,6.267728576859591,1.803522923009242,0.0,0.0,0.0,0.0,9.936360010745103,279.8293423343695,86862.61849969592,1.0813894148469265,335.3431344219128
73.55,1279.237544335652,7.885733451449157,7.027139556606149,2.417314339354582,0.0,0.0,0.0,0.0,10.835538335983697,279.83495596181825,86871.77757352463,1.081481744531131,335.3464980469841
73.6,1278.768164267023,8.732649243796683,6.831693719061395,3.603902285270547,0.0,0.0,0.0,0.0,11.658443874206538,279.8380069322643,86876.75579929384,1.0815319276507238,335.3483261414451
73.65,1277.9439224965433,9.591430480798422,5.451075126842964,2.712034267775012,0.0,0.0,0.0,0.0,11.360672892749841,279.8433645037724,86885.49823270929,1.081620054628214,335.3515362915921
73.7,1277.6246842309959,9.93690613028244,6.983666059560276,2.4749484007429103,0.0,0.0,0.0,0.0,12.395122615764588,279.84543955249853,86888.88446854889,1.081654188690492,335.3527796112067
73.75,1276.8484368350219,10.342064939243025,6.481370425611108,3.0964830621370005,0.0,0.0,0.0,0.0,12.591849632028152,279.85048516057236,86897.11875424084,1.081737191191808,335.3558027997715
73.8,1276.392937884699,10.576237404799958,6.470146025156745,2.0396014179701325,0.0,0.0,0.0,0.0,12.565013377379554,279.85344590374945,86901.95089520272,1.0817858990050029,335.35757678236496
73.85,1275.9108658023877,11.860461063140896,6.256742567380889,1.921130062470818,0.0,0.0,0.0,0.0,13.546516338220924,279.85657937228444,86907.0651730766,1.0818374501871753,335.359454246246
73.9,1275.4666268102317,11.854530669424085,7.184987956346662,2.6046845955472486,0.0,0.0,0.0,0.0,14.104550016482055,279.8594669257335,86911.77829742071,1.0818849572886649,335.3611843571711
73.95,1274.8583564918292,11.07731039280219,7.095896966783861,2.203733424317191,0.0,0.0,0.0,0.0,13.338478185578316,279.8634206828031,86918.23203703272,1.08195000855676,335.363553281805
74.0,1274.704899690575,10.0051144783098,6.907694087396745,0.8149604441856841,0.0,0.0,0.0,0.0,12.18534832718079,279.86441815201124,86919.86027285525,1.08196642041631,335.3641509206802
74.05,1274.0100489168967,11.418640884750621,7.747596643056451,2.305607429573225,0.0,0.0,0.0,0.0,13.990226553480158,279.86893468204016,86927.23321655746,1.0820407355264474,335.3668570098594
74.1,1273.7691542875534,12.54949352823419,7.762516420701735,2.0874332840147423,0.0,0.0,0.0,0.0,14.903148214792353,279.8705004971309,86929.78942682363,1.0820665004028542,335.3677951664143
74.15,1272.762571446224,11.285814231560543,6.151150684314006,1.124737511608303,0.0,0.0,0.0,0.0,12.902375443322443,279.87704328559954,86940.47125912516,1.0821741645124243,335.3717152432266
74.2,1272.1858870946771,11.74527664550704,6.105650569483996,1.2355397471974998,0.0,0.0,0.0,0.0,13.295000971155972,279.88079173388456,86946.59149811794,1.0822358503682254,335.37396108537735
74.25,1271.426464171524,11.944752108679939,7.226195157195033,1.3989010822107557,0.0,0.0,0.0,0.0,14.030392853569468,279.8857279828851,86954.65163827105,1.082317087216959,335.3769185625064
74.3,1270.7530124138923,10.892331723883084,6.4852251660850895,0.7572188411568153,0.0,0.0,0.0,0.0,12.699386450192627,279.8901054193097,86961.79982905576,1.082389131476824,335.3795412139178
74.35,1270.0056937498177,10.683651286211024,6.214034431413565,0.2138800180071304,0.0,0.0,0.0,0.0,12.36124481523825,279.89496299062614,86969.73261921316,1.0824690821362686,335.3824515043131
74.4,1270.0725735522014,10.527807271742018,5.960255949035458,0.27294869727678805,0.0,0.0,0.0,0.0,12.100986650695132,279.89452827191064,86969.02266601137,1.082461926926428,335.3821910546723
74.45,1268.5575501096396,10.673740699859747,6.839735933608924,0.1013078339592921,0.0,0.0,0.0,0.0,12.677578295816797,279.9043759242873,86985.10633675112,1.0826240222641657,335.388090952397
74.5,1267.618463914495,11.288317068246343,7.26850976129971,1.4618198159024123,0.0,0.0,0.0,0.0,13.505341667560131,279.91047998455576,86995.0769976263,1.082724506265335,335.39174794767
74.55,1266.870341231999,10.743050006945076,6.454474437687363,-0.12924936814317645,0.0,0.0,0.0,0.0,12.533557719883353,279.91534278199197,87003.0207833302,1.082804561915104,335.3946612631142
74.6,1266.7102314971635,11.173929514709304,8.319063968226772,1.3887831309751695,0.0,0.0,0.0,0.0,13.999723021975178,279.9163834952684,87004.72095167819,1.0828216956409644,335.3952847540399
74.65,1265.5669393922333,12.545175235657153,6.758380847046888,0.7257329134207846,0.0,0.0,0.0,0.0,14.2682802617799,279.92381489395046,87016.8620888025,1.0829440480934733,335.3997368684595
74.7,1265.9238437491588,13.321989324647927,6.3776982332841925,1.5370981247791695,0.0,0.0,0.0,0.0,14.849683665521946,279.92149501563046,87013.07181237146,1.082905851886791,335.3983470471067
74.75,1265.2269562995646,14.352326651336233,6.133344761367233,2.1641138652540937,0.0,0.0,0.0,0.0,15.757239196325992,279.9260247840528,87020.4727880078,1.082980434330664,335.4010607913566
74.8,1264.8613347785688,14.177235273074363,7.508411984638984,2.343671329772002,0.0,0.0,0.0,0.0,16.213051712159853,279.9284013239393,87024.35590864609,1.083019565530207,335.40248454662867
74.85,1264.3153934865081,13.866576440348679,5.594205890199686,0.08204868223966033,0.0,0.0,0.0,0.0,14.952719274574614,279.93194994233767,87030.15439496585,1.083077997741048,335.4046104682034
74.9,1264.1198788775118,12.952678870270077,6.2230994741447825,1.258598143368249,0.0,0.0,0.0,0.0,14.425079766432212,279.93322078729614,87032.23104741349,1.0830989242971216,335.40537180819075
74.95,1263.7216835164882,13.063528742067518,7.777761662399503,2.9207253815004885,0.0,0.0,0.0,0.0,15.481601868865406,279.9358090571428,87036.46059135343,1.0831415453810862,335.40692238800614
75.0,1263.3845599488607,11.89231025874753,7.477747929448778,1.2788108908389844,0.0,0.0,0.0,0.0,14.105995699744689,279.9380003603324,87040.04157417931,1.083177630611296,335.4082351475688
75.05,1262.3615320724343,9.212103059229067,5.865113164517961,1.3596599541951324,0.0,0.0,0.0,0.0,11.00504749637644,279.94465004152914,87050.90907743,1.0832871396994885,335.41221878785115
75.1,1261.8929593489659,9.195054294165692,5.7236736637445285,1.189371629486516,0.0,0.0,0.0,0.0,10.896057477579909,279.9476957642317,87055.8870365014,1.083337300468403,335.41404338037455
75.15,1261.0433771213175,9.702937759105684,6.287914477295197,1.6147111807723713,0.0,0.0,0.0,0.0,11.674423404527037,279.9532180487114,87064.9133002861,1.0834282528842047,335.417351574476
75.2,1260.7130089617472,8.985236796409076,8.793256752591521,1.6834129284141812,0.0,0.0,0.0,0.0,12.684231300795963,279.9553654417486,87068.42345375622,1.0834636221767906,335.4186379885225
75.25,1259.7362955833394,10.041163443426951,7.043030402642055,0.3384372469139643,0.0,0.0,0.0,0.0,12.269628369280499,279.96171407870827,87078.80167927913,1.0835681945062616,335.4224411645865
75.3,1259.5405551347576,8.957774357479282,6.631610405437003,-1.8154569297609955,0.0,0.0,0.0,0.0,11.292292144327075,279.96298639162404,87080.8816714664,1.0835891524886645,335.4232033434806
75.35,1259.1468703634985,9.171774903501712,7.945284684729779,-2.409456614499082,0.0,0.0,0.0,0.0,12.371519097469752,279.96554534263726,87085.0651966437,1.0836313053619548,335.42473627752264
75.4,1258.524183311551,7.794224437072515,7.363619417944544,-3.5053376479009852,0.0,0.0,0.0,0.0,11.280967047801369,279.9695928084749,87091.68256658553,1.0836979806785227,335.4271608888311
75.45,1257.7952052474905,6.218268181922562,7.197228918795498,-4.259611718372738,0.0,0.0,0.0,0.0,10.421672384178802,279.9743311658913,87099.43002119982,1.0837760412809017,335.42999935252766
75.5,1257.426950302922,6.4222715870582565,6.51812423794735,-4.1608811501524405,0.0,0.0,0.0,0.0,10.052086741813682,279.97672482303096,87103.34398414359,1.083815476479798,335.4314332387939
75.55,1255.6777703879654,5.931619057329913,6.221619778375333,-4.548327377323126,0.0,0.0,0.0,0.0,9.725221809257494,279.9880944924782,87121.93692275905,1.084002805338279,335.4382439938717
75.6,1255.0454307568689,5.994689636573164,3.9839319879131603,-6.207034907077305,0.0,0.0,0.0,0.0,9.504488427097566,279.9922047000803,87128.65917879724,1.0840705320040709,335.440706090989
75.65,1253.7606818170234,7.992810601327334,2.166270089151225,-6.3373977241659585,0.0,0.0,0.0,0.0,10.42786446604029,280.0005555681893,87142.31834049872,1.0842081448663075,335.4457083734837
75.7,1253.461362992853,9.533082050543399,2.094916702846754,-4.077801916654831,0.0,0.0,0.0,0.0,10.57812827705038,280.0025011405464,87145.50087992901,1.0842402076178421,335.44687378682096
75.75,1252.2402614313119,10.134616509187842,1.4143249883265199,-3.4433433360727244,0.0,0.0,0.0,0.0,10.79663745297507,280.0104383006965,87158.48534814823,1.0843710183871846,335.4516281670144
75.8,1251.1335052695322,10.701481474121286,2.29980277937601,-3.095182820357076,0.0,0.0,0.0,0.0,11.375014516756464,280.017632215748,87170.25528869798,1.0844895903112703,335.45593728318875
75.85,1249.8248748746057,12.375766965005624,3.2198301316753413,-1.888070690467658,0.0,0.0,0.0,0.0,12.926396442209715,280.026138313315,87184.17374723007,1.084629802756399,335.46103231816943
75.9,1249.4937257100362,13.538789452134823,3.5975858003302967,-0.7824259215352043,0.0,0.0,0.0,0.0,14.030453796747471,280.02829078288477,87187.69610103342,1.0846652857403236,335.4623216054493
75.95,1248.4997021946365,12.572740563197335,4.259479508573996,-1.0056214362349336,0.0,0.0,0.0,0.0,13.312709920464902,280.03475193573485,87198.26998154727,1.0847718017471835,335.46619168019566
76.0,1248.1661186810918,11.498900918463644,3.14032071874677,-2.012593668747402,0.0,0.0,0.0,0.0,12.088708360479064,280.03692022857285,87201.8186938925,1.0848075491574187,335.46749042531167
76.05,1248.2178617903226,12.675435085207013,4.591054595881409,0.1373420484381871,0.0,0.0,0.0,0.0,13.481962013740059,280.0365838983629,87201.26823513412,1.0848020042135698,335.46728897350795
76.1,1248.8386367911721,13.756706039401745,4.750230270324597,1.4029298989859638,0.0,0.0,0.0,0.0,14.621212705418428,280.03254886085733,87194.66446333328,1.0847354818282529,335.4648720964875
76.15,1248.8962383620587,9.48830671755347,3.8483280524770938,-0.17601604733309661,0.0,0.0,0.0,0.0,10.24053586560641,280.0321744506466,87194.05172138434,1.084729309389505,335.4646478341367
76.2,1249.6827348747154,11.079714072001241,6.3809485387598475,1.7297347889187928,0.0,0.0,0.0,0.0,12.902269203965623,280.0270622233143,87185.68564201515,1.0846450330992414,335.46158572284145
76.25,1249.520404161874,9.861664477364378,5.9584602868606895,2.482303042836767,0.0,0.0,0.0,0.0,11.786326978778549,280.0281173729478,87187.4123245073,1.0846624270830465,335.46221773646363
76.3,1249.3280945278207,10.946424835202512,6.410437904252908,3.1951335570432935,0.0,0.0,0.0,0.0,13.081544604685062,280.0293673855691,87189.45792320598,1.0846830336301958,335.46296646759487
76.35,1248.4251932656327,10.464553315724173,5.555998253939569,1.8037274103349548,0.0,0.0,0.0,0.0,11.984549439432714,280.03523624377334,87199.06260876633,1.084779786180071,335.4664817672329
76.4,1247.675600883943,10.057974920824067,7.707706944513035,1.2376065748140979,0.0,0.0,0.0,0.0,12.731978474865697,280.0401085942543,87207.03710951513,1.0848601155651034,335.4694001556222
76.45,1246.7154497893744,9.709604886793347,5.970305230244425,-0.09642662164708682,0.0,0.0,0.0,0.0,11.398695964595575,280.04634957636904,87217.25249114295,1.0849630159305863,335.4731382752655
76.5,1245.8515400257106,8.654348408100983,4.814144709869347,-0.005766712643274996,0.0,0.0,0.0,0.0,9.903220128389439,280.05196498983287,87226.4447558739,1.0850556083967295,335.47650166660577
76.55,1244.706130147578,9.329367990899176,6.263404873095586,0.8587288813464842,0.0,0.0,0.0,0.0,11.269638991804051,280.05941015404073,87238.6334776749,1.0851783809155278,335.48096094801616
76.6,1243.9050914037318,8.992366953444733,6.431048349941483,1.604855657596968,0.0,0.0,0.0,0.0,11.171240217022056,280.0646169058757,87247.15844086597,1.0852642477996706,335.48407949702215
76.65,1243.6640606329224,10.624792043825908,6.118036490521055,2.177859729951544,0.0,0.0,0.0,0.0,12.452294948210877,280.06618360588595,87249.72371528974,1.0852900859708339,335.4850178557865
76.7,1243.083073585519,10.714699054811646,6.246210863329921,2.9312632935152187,0.0,0.0,0.0,0.0,12.744105715203087,280.0699600216941,87255.90737273546,1.0853523689273585,335.4872796901817
76.75,1242.4314498758533,10.305660399235059,6.500093280430546,3.0162390977092284,0.0,0.0,0.0,0.0,12.552113256866743,280.0741955758069,87262.84326419729,1.0854222275266203,335.48981650126063
76.8,1241.666932785195,10.59365614476547,6.69210188985218,3.822283526876506,0.0,0.0,0.0,0.0,13.10036753597096,280.07916493689623,87270.98136345319,1.0855041934679048,335.49279278874303
76.85,1240.9621865795116,9.636378521595216,5.735815591124394,4.200922767505258,0.0,0.0,0.0,0.0,11.975271337443312,280.08374578723317,87278.48376046936,1.085579755405634,335.4955363630273
76.9,1240.7936067593012,8.886720984876133,6.515205559882631,4.078437001100982,0.0,0.0,0.0,0.0,11.74969623958479,280.08484155606453,87280.27845943798,1.085597830902995,335.4961926402976
76.95,1239.8559444391258,8.629325287841139,5.244968681157751,3.4262729521860815,0.0,0.0,0.0,0.0,10.663690624384326,280.0909363611457,87290.26134786128,1.0856983733116294,335.4998429142011
77.0,1239.5094196073337,7.804635349413536,5.07806048048765,2.956934857464784,0.0,0.0,0.0,0.0,9.76946748457131,280.0931887725523,87293.95088304314,1.085735531818336,335.50119190850216
77.05,1238.9691743360863,9.350091228873872,6.291348684941798,2.6029938028111337,0.0,0.0,0.0,0.0,11.566367234410992,280.0967003668154,87299.70325932639,1.0857934652714152,335.50329503063324
77.1,1238.6837008687976,10.360809218442576,7.790835856166434,2.3754511413326873,0.0,0.0,0.0,0.0,13.179008275418603,280.09855594435277,87302.74302265514,1.085824079106512,335.50440634566496
77.15,1238.4551066689096,9.95274915677354,8.111954162816984,1.7000037184534373,0.0,0.0,0.0,0.0,12.95187356176919,280.1000418066521,87305.17718899841,1.0858485937527143,335.505296233665
77.2,1237.628749001986,9.905965418028995,6.85921117372939,2.0374051198993173,0.0,0.0,0.0,0.0,12.219981522555278,280.10541313148707,87313.9770483696,1.085937216619064,335.5085131187444
77.25,1237.7411206571212,10.321775816190732,9.486209002409591,1.6765739266019986,0.0,0.0,0.0,0.0,14.118715145807647,280.1046827157287,87312.78036360854,1.0859251649770314,335.50807567474425
77.3,1237.1638381954858,10.456355647777215,8.017877916055147,0.8153891875319151,0.0,0.0,0.0,0.0,13.201765004601137,280.1084350517293,87318.92818606216,1.08598707848862,335.51032293245237
77.35,1235.5251616653816,9.945776447269765,7.974522303703726,1.0419396652259405,0.0,0.0,0.0,0.0,12.790508722381034,280.119086449175,87336.38133156458,1.086162841167472,335.5167019260441
77.4,1235.2817776805905,11.114008556623608,6.979249542364124,2.1633885942885938,0.0,0.0,0.0,0.0,13.300803005126818,280.12066844507615,87338.97379615478,1.0861889481274785,335.5176493539837
77.45,1234.197078043525,11.242284063326604,6.770392921809511,3.289422863933703,0.0,0.0,0.0,0.0,13.529503836208683,280.12771899271706,87350.52849979298,1.0863053059511434,335.5218717633818
77.5,1233.8961848417425,9.593041302886625,5.325235054145835,2.2497373885338074,0.0,0.0,0.0,0.0,11.20026286022606,280.12967479852864,87353.73396748798,1.0863375850351196,335.52304304068997
77.55,1232.385614300787,9.56065749118357,6.151573130950605,0.7822684016900118,0.0,0.0,0.0,0.0,11.395611765124354,280.13949350704485,87369.82777802912,1.0864996464232353,335.5289231283588
77.6,1231.5565526178707,12.030485199659896,6.8345141265557565,1.900176254566087,0.0,0.0,0.0,0.0,13.966167236709678,280.1448824079838,87378.66172699975,1.0865886000722684,335.53215031244986
77.65,1230.9754569856157,11.32494797273677,5.406627052777269,-1.395754685184915,0.0,0.0,0.0,0.0,12.62672537969498,280.1486595295935,87384.85394006374,1.086650951681775,335.53441225179535
77.7,1229.7221888775193,12.199682352975774,4.192362490875978,-1.665559416883033,0.0,0.0,0.0,0.0,13.007007378316509,280.1568057722961,87398.21009971527,1.086785436771473,335.53929059904834
77.75,1229.212937622793,13.182759096366352,3.8191425826668675,-0.48434510595402136,0.0,0.0,0.0,0.0,13.733374590435911,280.16011590545185,87403.63769570216,1.086840086897556,335.5412728397565
77.8,1228.3005511398626,14.070667681253811,5.4621605651778475,-1.0310535516044876,0.0,0.0,0.0,0.0,15.128845245501743,280.16604641759085,87413.36258641828,1.0869380046018793,335.5448242393812
77.85,1228.6111820976585,13.479997898609787,5.7378693458364864,-1.561230263187296,0.0,0.0,0.0,0.0,14.733327116137284,280.1640273163652,87410.05155329715,1.086904666798041,335.54361513464636
77.9,1228.6731017069908,12.338071419586022,5.258257422242115,-0.07754308001690802,0.0,0.0,0.0,0.0,13.412057649839872,280.1636248389045,87409.39156078394,1.0868980215017774,335.54337411728244
77.95,1228.123708780615,12.691973276447449,6.539881998736947,1.1047135992046102,0.0,0.0,0.0,0.0,14.320497000583721,280.167195892926,87415.24760459135,1.08695698417968,335.54551258136377
78.0,1228.388234621714,12.969951482156347,5.977899189912096,1.9111248626462487,0.0,0.0,0.0,0.0,14.408584885923599,280.16547647495884,87412.42795288976,1.0869285940802955,335.54448293928436
78.05,1228.0814709120848,11.966699784292468,6.946307265018415,2.3085563823024775,0.0,0.0,0.0,0.0,14.027919336726402,280.16747043907145,87415.69783614947,1.0869615173896467,335.54567698802146
78.1,1227.5144119096735,9.403660707047406,5.910059766585975,1.7860849575034987,0.0,0.0,0.0,0.0,11.249344008132468,280.1711563225871,87421.74254311538,1.0870223788101585,335.5478842003896
78.15,1226.4307076706966,8.622773981803475,6.142384336845501,2.3864773501133767,0.0,0.0,0.0,0.0,10.852483154808214,280.17820040014044,87433.29550041641,1.0871386980845783,335.5521023549166
78.2,1226.0018749274952,6.162697888935018,6.52395745872753,0.7221808802404031,0.0,0.0,0.0,0.0,9.003466633322716,280.18098781297124,87437.8674640081,1.0871847294290493,335.5537715067419
78.25,1225.320274914531,6.290669108683423,4.654781634538212,1.1832899274479969,0.0,0.0,0.0,0.0,7.914523671869206,280.1854182130555,87445.13468258565,1.0872578961387522,335.5564244911437
78.3,1224.5998422544274,7.095484753527605,5.033625501810984,2.6846226224983734,0.0,0.0,0.0,0.0,9.104421354773438,280.1901010253462,87452.81646646823,1.0873352354543209,335.55922860063896
78.35,1223.6854850133097,6.772195125591397,5.487811561175265,2.9265235530041136,0.0,0.0,0.0,0.0,9.19473994500881,280.1960443474135,87462.56680397491,1.0874333988681517,335.56278748081564
78.4,1222.9330638662818,5.696149905188605,4.331645170768863,2.125157096115361,0.0,0.0,0.0,0.0,7.4649558813830135,280.2009350848692,87470.59098036985,1.0875141822584191,335.5657160416665
78.45,1222.3061694398505,6.009002947067656,5.681149816747385,1.6659998169694745,0.0,0.0,0.0,0.0,8.435587415725058,280.2050098986409,87477.27693543001,1.0875814920294722,335.56815601002256
78.5,1222.2176369630956,5.611483471616857,7.019783936787185,1.1931602315459329,0.0,0.0,0.0,0.0,9.065855977763341,280.20558535973987,87478.22118543544,1.08759099803478,335.56850059044376
78.55,1221.5311033306346,5.5826323002514275,7.5970085103450655,-0.0008694142514952263,0.0,0.0,0.0,0.0,9.427636101480957,280.21004782835087,87485.54374335428,1.0876647154277217,335.571172660554
78.6,1221.2354397366908,5.643192289846388,7.589614464421735,-1.2336577194798515,0.0,0.0,0.0,0.0,9.53780783553399,280.2119696417115,87488.69743992282,1.0876964638472402,335.57232341168213
78.65,1220.683047592572,5.608142035238491,6.5412441865335715,-2.5154257408760192,0.0,0.0,0.0,0.0,8.975884315939563,280.21556019064826,87494.58977896206,1.0877557817326637,335.5744733644319
78.7,1219.8369666871142,6.15924664503741,7.458141485225235,-4.199016745087171,0.0,0.0,0.0,0.0,10.54475866359988,280.2210597165337,87503.61550417931,1.0878466417878856,335.577766349744
78.75,1218.7735224828289,4.606874379731243,6.706245234966978,-5.268550024497058,0.0,0.0,0.0,0.0,9.693019966077102,280.2279721038616,87514.9610620828,1.087960852575716,335.5819052770558
78.8,1217.8795229910593,4.683661740440252,4.353005943203069,-5.915177654944101,0.0,0.0,0.0,0.0,8.710607024196136,280.23378310055807,87524.49978822374,1.0880568725956274,335.5853846856583
78.85,1216.9855685856005,4.913501983028517,3.622017125081263,-6.26323294359052,0.0,0.0,0.0,0.0,8.745833104815382,280.2395938041936,87534.03887509204,1.0881528942556424,335.5888638827148
78.9,1216.8449589406532,7.389647574626523,0.40460032443797206,-6.517805957026966,0.0,0.0,0.0,0.0,9.861662496413835,280.24050776688574,87535.53934994995,1.088167998044927,335.58941112061086
78.95,1215.6602958953279,8.72779903510536,2.896573847531413,-3.4479193197576423,0.0,0.0,0.0,0.0,9.821036792872073,280.2482080766803,87548.18196341608,1.0882952567150628,335.5940216687054
79.0,1214.4855155635282,10.283216695910028,4.148273952077519,-2.458086591064818,0.0,0.0,0.0,0.0,11.35759270645414,280.25584414883707,87560.72056953935,1.088421465009351,335.59859369206714
79.05,1213.4882707278232,13.094829135971661,2.4495968382997626,-2.597267188334399,0.0,0.0,0.0,0.0,13.572798960350772,280.26232624026915,87571.36545382245,1.0885286092035418,335.6024747319021
79.1,1213.4889375020707,14.39619966625481,4.933207945069091,-0.6113075008462238,0.0,0.0,0.0,0.0,15.230259430507374,280.26232190623654,87571.3583361282,1.088528537562481,335.6024721369902
79.15,1213.031605677282,13.11969234651619,5.32122287761786,-0.7600376729003009,0.0,0.0,0.0,0.0,14.178130957384576,280.26529456309765,87576.24038048841,1.0885776760857444,335.60425194873807
79.2,1212.792452757751,12.604706380254859,3.6897464581095787,1.2156989526291442,0.0,0.0,0.0,0.0,13.189798171351725,280.2668490570746,87578.79343984717,1.088603372811176,335.6051826634484
79.25,1212.7837643183198,14.57049282916808,4.252102383913677,2.7153221624347728,0.0,0.0,0.0,0.0,15.419228593348379,280.2669055319309,87578.8861937762,1.0886043063834363,335.6052164763192
79.3,1213.3176480620475,14.203381596757069,4.022696712526929,1.8070404386866081,0.0,0.0,0.0,0.0,14.872240341358157,280.2634352875967,87573.18683524877,1.0885469417468716,335.6031387502603
79.35,1212.5226953564188,12.7011472728561,3.252961126922906,0.7287077969536043,0.0,0.0,0.0,0.0,13.13133326031262,280.26860248018323,87581.67328742374,1.0886323585123854,335.6062324789443
79.4,1212.1636705411634,14.146829270635546,4.416982652329567,1.8164065599004757,0.0,0.0,0.0,0.0,14.931237288126542,280.2709361414824,87585.50624557144,1.088670937001902,335.6076296915455
79.45,1211.2695552508553,14.28512486689601,5.862477508175152,0.7332910901264561,0.0,0.0,0.0,0.0,15.458691756404523,280.27674789086944,87595.05243373138,1.0887670174061548,335.61110928409937
79.5,1210.7731007674795,15.19223327740217,6.756463032485256,2.6152006635661236,0.0,0.0,0.0,0.0,16.831310679060692,280.27997484501134,87600.35328609968,1.0888203685257425,335.61304130049047
79.55,1210.1832843004884,13.729170949621352,6.065483153103407,1.3469876285521212,0.0,0.0,0.0,0.0,15.069658141974575,280.2838086520468,87606.65134106758,1.0888837553224522,335.6153366325771
79.6,1209.3388976781823,12.209604985284297,6.553725305613966,1.0750853079318177,0.0,0.0,0.0,0.0,13.898977577413918,280.2892971650918,87615.66833205185,1.0889745053512043,335.6186226235598
79.65,1208.244881010277,12.332946606549745,5.258379316929448,1.7176244997968024,0.0,0.0,0.0,0.0,13.516743652338032,280.2964082734332,87627.35217668503,1.089092092848725,335.6228800198887
79.7,1207.4519938893516,10.305423843115058,5.059174949120302,0.8442712323340549,0.0,0.0,0.0,0.0,11.511290356245802,280.3015620397192,87635.82081600321,1.089177320301651,335.6259655284465
79.75,1206.1338370082303,9.639996690434934,4.786820222418665,1.4099376260842762,0.0,0.0,0.0,0.0,10.855003829699966,280.31013005944646,87649.9012037729,1.0893190203042045,335.6310950537655
79.8,1205.9484309234872,10.030026084285078,3.1993242414013885,1.9229918280851337,0.0,0.0,0.0,0.0,10.702102430080728,280.3113351989973,87651.88183544058,1.0893389523276997,335.6318165436958
79.85,1205.322958660604,7.316131397257201,4.27134885755835,2.5477748208224473,0.0,0.0,0.0,0.0,8.846544874837548,280.31540076870607,87658.56381538873,1.0894061955871863,335.63425049735304
79.9,1205.6212314712166,7.437686133171904,5.17033665348055,3.2392849472991485,0.0,0.0,0.0,0.0,9.620006397903326,280.3134619954371,87655.37728700631,1.0893741284837695,335.6330898050821
79.95,1205.1989259707934,6.681130373136285,5.395058015125497,3.6416641043117233,0.0,0.0,0.0,0.0,9.327693793111273,280.3162069811898,87659.88891747093,1.089419530468398,335.63473315425915
80.0,1205.0498487177254,6.988353932655908,5.378019104796697,3.4433941689721275,0.0,0.0,0.0,0.0,9.46663317037989,280.3171759833348,87661.481604374,1.0894355580814363,335.6353132678723
80.05,1204.4564484220762,6.545647171744829,5.716379953750193,3.3374527888695265,0.0,0.0,0.0,0.0,9.30919372397745,280.3210330852565,87667.82150858665,1.0894993575994119,335.6376223935154
80.1,1203.816003889335,6.5012159066818835,4.546293476734444,3.476376823005182,0.0,0.0,0.0,0.0,8.661396449615923,280.3251959747193,87674.66445124723,1.0895682182924835,335.64011456671926
80.15,1202.1939924466722,8.45478418951431,5.98525042005032,2.903540669896271,0.0,0.0,0.0,0.0,10.758120035755102,280.3357390490966,87691.99705362084,1.08974263210317,335.6464262459239
80.2,1201.6377756638146,8.530949259494486,6.290544729583141,3.0823817890979734,0.0,0.0,0.0,0.0,11.038529148247903,280.3393544581852,87697.94135231951,1.0898024466413943,335.64859060647177
80.25,1201.4835332660987,9.783378018472522,7.549584022912031,3.449542684001355,0.0,0.0,0.0,0.0,12.830044781686743,280.3403570337703,87699.58980136343,1.0898190340323095,335.6491907947363
80.3,1200.6944008013586,9.007256512118177,6.753892382688457,1.2792740364280142,0.0,0.0,0.0,0.0,11.330590198763316,280.3454863947911,87708.02396230829,1.0899039011958511,335.6522614514532
80.35,1200.0148493301235,9.094510225487479,7.61180891230857,-0.14767759105769218,0.0,0.0,0.0,0.0,11.860504197962964,280.34990347935417,87715.2874599647,1.0899769875350975,335.654905686254
80.4,1200.6881012852805,10.500071730216169,8.160637023085659,1.1235495743968804,0.0,0.0,0.0,0.0,13.345780854201395,280.34552734164566,87708.09129348534,1.0899045786969517,335.65228596389323
80.45,1199.8302869578781,12.356162993471894,7.69686017455728,1.4267862082773712,0.0,0.0,0.0,0.0,14.627102903584865,280.3511031347738,87717.26026933831,1.0899968380227858,335.65562384201394
80.5,1199.108121556122,12.607959391525869,8.250227937053289,0.5466124065629241,0.0,0.0,0.0,0.0,15.077323573987144,280.35579720988517,87724.97992742702,1.0900745127181475,335.65843386504764
80.55,1198.2477076197458,12.607165762612558,8.413313961820856,0.7099216628868072,0.0,0.0,0.0,0.0,15.173281423396721,280.36138990047164,87734.17812498148,1.0901670626830897,335.6617817972468
80.6,1198.0229652666717,13.7867494888835,6.43871259195027,2.0141444521170393,0.0,0.0,0.0,0.0,15.348884623482002,280.36285072576663,87736.58084668376,1.0901912379642509,335.66265628032534
80.65,1196.9329836963905,13.433305632036513,6.756444611319776,1.8555709661811894,0.0,0.0,0.0,0.0,15.150788349127927,280.36993560597347,87748.23460136335,1.0903084918692574,335.6668974176223
80.7,1196.4547937553534,11.681858914177868,6.416042384348112,0.6667678315830291,0.0,0.0,0.0,0.0,13.344512239484148,280.3730438405902,87753.34765974882,1.090359935818498,335.66875804611004
80.75,1195.2326987638828,11.019752903873357,5.935369554284084,1.2221730338804904,0.0,0.0,0.0,0.0,12.576059507377197,280.3809874580347,87766.41603838281,1.090491417938633,335.67351314895313
80.8,1194.7471091833609,10.969425784831135,6.246361726477068,1.8921858644448022,0.0,0.0,0.0,0.0,12.764235355575375,280.38414379030814,87771.60909061263,1.090543664664947,335.67540253198644
80.85,1194.0399878837252,10.055066554106926,6.476931099519221,0.9540088399767441,0.0,0.0,0.0,0.0,11.998547109637599,280.38874007875575,87779.17171974739,1.0906197503915276,335.6781538549233
80.9,1193.5746529695489,9.503506351201905,5.76065741525848,1.6080937169629075,0.0,0.0,0.0,0.0,11.22888116536296,280.3917647556979,87784.14874268304,1.0906698222981752,335.67996440415135
80.95,1192.6877860003742,10.372210996015472,6.133783040698537,2.226477027180052,0.0,0.0,0.0,0.0,12.254111770699081,280.39752939099753,87793.63492468254,1.0907652576178495,335.68341504512875
81.0,1192.7807075886924,8.796923387744647,6.633125647189347,1.955203224960802,0.0,0.0,0.0,0.0,11.189595014661922,280.39692540067347,87792.6409699494,1.0907552580716895,335.6830535054885
81.05,1192.0646598933079,9.302975526914338,5.314132248177814,2.965584733539615,0.0,0.0,0.0,0.0,11.116656332607109,280.40157971069345,87800.30055569553,1.0908323157338689,335.685839496301
81.1,1191.9470740085278,8.429325967374195,6.292263519516906,2.477558986485353,0.0,0.0,0.0,0.0,10.806683811179381,280.4023440189445,87801.558427497,1.090844970168066,335.6862969960097
81.15,1191.0109406539882,6.690903425112915,6.628489032497272,2.7944130017315167,0.0,0.0,0.0,0.0,9.824143704281331,280.40842888574906,87811.57320911076,1.0909457195822732,335.68993925394307
81.2,1190.5058597716877,5.637202098999459,6.993874537334576,2.581644794211602,0.0,0.0,0.0,0.0,9.346508352985124,280.411711911484,87816.97696309548,1.0910000808230367,335.6919043793998
81.25,1189.7047872374399,6.922087313810801,6.4936704912051795,4.156901929524129,0.0,0.0,0.0,0.0,10.361606192094484,280.4169188829566,87825.54802162587,1.0910863035349174,335.69502110024473
81.3,1189.2675535170436,6.281665579716619,7.917244019399819,4.45706828891228,0.0,0.0,0.0,0.0,11.045702017080949,280.4197609021392,87830.22648026473,1.0911333669869419,335.69672222668885
81.35,1188.0741977191562,5.20969085374476,5.487862597272119,2.243993580060927,0.0,0.0,0.0,0.0,7.892592848075007,280.42751771482546,87842.99657218912,1.0912618266565028,335.7013651209314
81.4,1187.7338316844202,5.179483516174685,5.378818935601865,3.4013458846968634,0.0,0.0,0.0,0.0,8.205357790106337,280.42973009405125,87846.63910225517,1.0912984677311564,335.70268934415225
81.45,1187.2923378930197,5.205694350158725,6.071990628265266,1.942878856904222,0.0,0.0,0.0,0.0,8.230619788911474,280.4325998036953,87851.36406380597,1.0913459968104038,335.70440700579286
81.5,1186.5489750466486,5.714312730402685,6.748441668278816,2.3919165397564033,0.0,0.0,0.0,0.0,9.160573107844519,280.4374316621968,87859.3201578818,1.0914260272253071,335.70729908967877
81.55,1185.891152366039,5.358034966492356,7.431146836725121,1.072263896578519,0.0,0.0,0.0,0.0,9.223894615347158,280.4417075096207,87866.36121578295,1.091496852133809,335.709858355234
81.6,1185.228053769886,5.322478488086764,7.5599101453376285,0.737833401239935,0.0,0.0,0.0,0.0,9.274988775718839,280.4460176504957,87873.45920728699,1.0915682486356408,335.71243812704455
81.65,1184.600038609051,3.223970052694649,6.962841434489744,-0.16772785272013693,0.0,0.0,0.0,0.0,7.674846993595197,280.45009974904116,87880.18208404681,1.0916358709624532,335.714881389174
81.7,1183.7880661840816,3.8877701842411274,7.299285145210131,-0.5776613808806345,0.0,0.0,0.0,0.0,8.290236022425447,280.45537756980343,87888.87483317692,1.0917233058708176,335.7180403016449
81.75,1183.486264187936,5.554578621524144,7.125174725124965,-1.191080023065472,0.0,0.0,0.0,0.0,9.112635740969695,280.4573392827784,87892.10601821671,1.0917558059139312,335.71921443010996
81.8,1183.3785027756724,5.721110064642393,6.549818081238065,-1.7368642030180474,0.0,0.0,0.0,0.0,8.868365944681754,280.4580397319581,87893.25976836069,1.0917674105577369,335.7196336633918
81.85,1182.7434831610174,10.318597154347643,7.3341002543313145,-0.4153959646640504,0.0,0.0,0.0,0.0,12.66629494294812,280.46216735945336,87900.05887015596,1.091835796660054,335.72210412295397
81.9,1182.4146004999418,11.122962498738351,6.0975970254750775,-0.7849440117432838,0.0,0.0,0.0,0.0,12.708938639201696,280.46430509675037,87903.58035664444,1.0918712157569703,335.723383590168
81.95,1181.3063354606381,14.14860364898493,6.808739238113352,0.9380991375887596,0.0,0.0,0.0,0.0,15.7296517831972,280.47150881950586,87915.44786273607,1.0919905770976182,335.7276950882885
82.0,1180.5610305258413,12.956265470573015,6.0557621326605675,0.06927925417426428,0.0,0.0,0.0,0.0,14.301813506209175,280.47635330158204,87923.42945477298,1.092070852857035,335.7305945267824
82.05,1179.9377634612063,12.824154255374578,6.517274160424571,0.9556280362740353,0.0,0.0,0.0,0.0,14.416900491835708,280.4804045375021,87930.10457386417,1.0921379875532462,335.7330191856112
82.1,1179.871956192392,12.615721747380647,6.300688815305935,1.8865852223946928,0.0,0.0,0.0,0.0,14.227238613167783,280.48083228474945,87930.80938614879,1.0921450761130405,335.733275190697
82.15,1178.795217362448,11.81536231203348,6.330051856129647,1.1530165211062267,0.0,0.0,0.0,0.0,13.453690577824936,280.48783108714406,87942.3421777234,1.0922610641600128,335.7374639193407
82.2,1178.7147109121397,10.897324971741188,4.187179137235388,0.30743009983300884,0.0,0.0,0.0,0.0,11.678128014939583,280.4883543790711,87943.20451970713,1.0922697368235827,335.73777710337765
82.25,1177.8747370961237,11.937026182744969,6.098091222641361,2.3941907638104887,0.0,0.0,0.0,0.0,13.616587680498737,280.49381420887516,87952.20227782523,1.0923602272534074,335.7410447295961
82.3,1177.9560660592404,10.218340995273778,6.579490172900747,2.474505966218252,0.0,0.0,0.0,0.0,12.40271596900614,280.49328557061494,87951.33105338842,1.0923514654285464,335.7407283489196
82.35,1177.1573505146864,10.632380278099905,6.744996521331436,1.2784885889840414,0.0,0.0,0.0,0.0,12.65610609638934,280.4984772216545,87959.88747770555,1.0924375158938124,335.7438354476018
82.4,1176.4885237005167,11.879406122989256,6.215186651180121,2.075145155866346,0.0,0.0,0.0,0.0,13.566689440015857,280.5028245959466,87967.05295759115,1.0925095766485033,335.7464372415187
82.45,1175.0888558349816,11.673956670568383,6.149127932795476,1.531413765790364,0.0,0.0,0.0,0.0,13.28300669284804,280.5119224370726,87982.04983683296,1.0926603914653163,335.7518820048316
82.5,1174.9154111846958,11.452741875489371,4.942792388180393,0.544235855887155,0.0,0.0,0.0,0.0,12.485699248583359,280.5130498272995,87983.9083707848,1.0926790813103437,335.7525567052273
82.55,1173.8861351430348,12.199522296178735,7.221921091570195,1.9872611203327808,0.0,0.0,0.0,0.0,14.315505414347578,280.51974012157024,87994.93815992057,1.0927899978620053,335.756560565323
82.6,1173.6794573753857,13.084276085803458,6.685465740739451,1.8374837910762594,0.0,0.0,0.0,0.0,14.807770917413503,280.52108352705994,87997.15306732371,1.092812270851144,335.7573645313228
82.65,1172.9493980944567,13.333487265698185,6.518594429827531,2.432642116167907,0.0,0.0,0.0,0.0,15.03967099608459,280.52582891238603,88004.9772683158,1.0928909497395718,335.760204409368
82.7,1173.4017484754343,13.074496302686574,7.134313887177113,2.064088969156832,0.0,0.0,0.0,0.0,15.036666900690726,280.52288863490963,88000.1292664407,1.0928421991806574,335.75844480178176
82.75,1172.7778510371745,13.758873619302902,6.8294337134687995,1.917718304033297,0.0,0.0,0.0,0.0,15.479838875525736,280.52694396825837,88006.81585644234,1.0929094380886328,335.7608717115858
82.8,1172.1109607951291,13.649107215434961,7.123609306021689,2.081283217511936,0.0,0.0,0.0,0.0,15.536269731012473,280.53127875483165,88013.96367459874,1.0929813139326747,335.7634658404696
82.85,1170.6148665286294,15.231062368471605,6.919901987560896,2.56529608723671,0.0,0.0,0.0,0.0,16.92486479724175,280.54100336756386,88030.00072180007,1.093142572570506,335.7692854078867
82.9,1170.1387918564592,16.771544530870358,6.934680424004203,1.5659101501878898,0.0,0.0,0.0,0.0,18.216107518690595,280.54409785293296,88035.10439379064,1.0931938907701553,335.7711372410651
82.95,1168.7978040234786,16.2527443267373,7.327461843166201,1.1284584617829367,0.0,0.0,0.0,0.0,17.863840956337402,280.5528142738474,88049.48149806289,1.0933384517015818,335.7763533547755
83.0,1167.9368691794066,16.87354133797094,7.358935030591489,3.136514941073059,0.0,0.0,0.0,0.0,18.673726142477705,280.5584103503338,88058.71282254478,1.0934312697545763,335.7797021374113
83.05,1167.7374930362737,16.12901217549729,8.282445962681575,0.3521270680610685,0.0,0.0,0.0,0.0,18.134716384717503,280.5597062952642,88060.85073355804,1.0934527655107704,335.78047764704525
83.1,1167.6286334333097,15.971333561979353,9.52646797022661,0.4890974361615184,0.0,0.0,0.0,0.0,18.60312618991285,280.56041388268346,88062.01805316351,1.0934645023547693,335.7809010754394
83.15,1167.736095269182,13.855703562971525,8.675464817743432,0.7335845232888419,0.0,0.0,0.0,0.0,16.36405687113238,280.5597153807503,88060.86572196729,1.0934529162122917,335.78048308390726
83.2,1166.9779395134824,17.272551932346893,7.620647320095336,3.635861235424219,0.0,0.0,0.0,0.0,19.225888867778185,280.5646433931623,88068.99581344129,1.0935346598016895,335.7834320516874
83.25,1165.9515431393143,15.746367538086515,6.120863336883913,2.348426184264969,0.0,0.0,0.0,0.0,17.056616433989944,280.5713149695944,88080.00335447813,1.0936453322728878,335.7874243428883
83.3,1165.424368993774,14.269280884614314,6.129742341922564,2.3382566362461645,0.0,0.0,0.0,0.0,15.705208124674025,280.57474160154044,88085.65744254833,1.0937021788143853,335.78947483119697
83.35,1163.900725720089,15.023936152295093,6.512614919630249,2.1072232266758295,0.0,0.0,0.0,0.0,16.509791044306773,280.5846452828194,88102.00058900705,1.0938664898884234,335.7954010998463
83.4,1163.5899683532964,14.201911215724977,6.660110151963941,3.1041928422448613,0.0,0.0,0.0,0.0,15.99022709712005,280.5866652057035,88105.33418587578,1.0939000045635263,335.79660978964046
83.45,1162.839542771543,12.60832876516179,6.394015506549328,1.1503711289810794,0.0,0.0,0.0,0.0,14.183678728834515,280.59154297198495,88113.38466996713,1.0939809399774358,335.79952854962676
83.5,1161.9754231828538,11.429622161049682,6.416102458753252,1.7795462645666849,0.0,0.0,0.0,0.0,13.227600629491004,280.5971597493114,88122.65558884443,1.0940741432700873,335.80288948794913
83.55,1161.1861273918155,11.116244884331428,5.5542242585118595,2.415078028472307,0.0,0.0,0.0,0.0,12.659103812113871,280.6022901719532,88131.12443247612,1.0941592814323347,335.805959374462
83.6,1161.3225017113805,10.942446625733075,5.873184140961972,2.2833868495544105,0.0,0.0,0.0,0.0,12.627164591284236,280.601403738876,88129.66114080204,1.0941445709208095,335.80542896228184
83.65,1160.701042911142,11.648564703581554,5.880666907263202,2.297920274843079,0.0,0.0,0.0,0.0,13.249593975561723,280.60544322107756,88136.32953141825,1.0942116080587994,335.80784604778734
83.7,1160.5331069914005,11.454339400153058,5.78556380726685,1.3647830272733603,0.0,0.0,0.0,0.0,12.904932094877068,280.60653480455585,88138.13159116387,1.0942297239476688,335.8084992103488
83.75,1160.288025573504,11.556480938263705,6.315738931357333,0.5473185039612949,0.0,0.0,0.0,0.0,13.181060938721643,280.6081278337722,88140.7615249493,1.0942561622277531,335.8094524169295
83.8,1159.768689575761,11.075973033031612,6.262821481796593,0.40787885648644195,0.0,0.0,0.0,0.0,12.730533245032003,280.6115035177575,88146.33465555595,1.0943121874722823,335.8114722856877
83.85,1159.1025351746857,10.253946455049972,5.389823714928132,-0.7612084601092186,0.0,0.0,0.0,0.0,11.609179811716908,280.6158335213645,88153.48375064359,1.0943840544945005,335.8140631617901
83.9,1157.9151831456957,9.541659471276764,5.330166668562855,-2.3836734181600208,0.0,0.0,0.0,0.0,11.186413238608106,280.62355130955297,88166.22744504153,1.0945121590583722,335.81868108366166
83.95,1156.8544550024753,10.90940165879289,5.631691361742111,-1.199463295834797,0.0,0.0,0.0,0.0,12.335708505993834,280.63044604248387,88177.61336336087,1.0946266117500356,335.8228064784954
84.0,1156.0280287477515,12.518989001778776,5.637151472637383,-0.7245218954824992,0.0,0.0,0.0,0.0,13.748727007586895,280.63581781313957,88186.48509658063,1.0947157895859227,335.8260205888853
84.05,1155.3238024000532,11.587622893113208,5.506500945895838,0.053309460506225974,0.0,0.0,0.0,0.0,12.829551780118141,280.64039528439963,88194.04557714745,1.0947917854851579,335.82875941905525
84.1,1155.5511846422744,12.248842011874736,5.155725017748105,-0.2517646012904402,0.0,0.0,0.0,0.0,13.292065923134905,280.6389172998252,88191.60437421282,1.0947672473111463,335.8278751016371
84.15,1155.136613600357,10.47736258759385,5.008030126786473,-1.0695897327540294,0.0,0.0,0.0,0.0,11.661882984283674,280.64161201159766,88196.0552995421,1.0948119864608226,335.82948741749993
84.2,1154.7401440006313,11.269950433187399,4.772160618168144,1.0296892086014713,0.0,0.0,0.0,0.0,12.281920028985946,280.6441890639959,88200.31205398374,1.0948547734705585,335.83102932747
84.25,1153.7351116651287,9.84711012680911,4.571797960314941,0.403764908592383,0.0,0.0,0.0,0.0,10.864158528890169,280.65072177417665,88211.1034775452,1.094963242318687,335.83493796713344
84.3,1154.5127865839936,9.120919455808444,5.5748506943235965,1.9083225761257283,0.0,0.0,0.0,0.0,10.858721243217197,280.645666887204,88202.75318553625,1.0948793104661445,335.8319135400337
84.35,1153.3191197187675,7.991603412186656,5.197246834207561,1.1516027308867813,0.0,0.0,0.0,0.0,9.60225435005446,280.653425721828,88215.57045789974,1.0950081409585855,335.8365557750243
84.4,1153.4897868419828,7.554170625301645,5.0946564389405395,1.256323098245393,0.0,0.0,0.0,0.0,9.197791354134614,280.6523163855271,88213.73778803492,1.0949897204274834,335.8358920452842
84.45,1152.5287591532451,7.96449146019388,5.97799973249713,1.986344205959863,0.0,0.0,0.0,0.0,10.154563916081642,280.65856306550387,88224.05796603677,1.095093449649852,335.83962949469503
84.5,1152.1691450775,6.794780635850063,6.4606461131385355,2.2589679947663384,0.0,0.0,0.0,0.0,9.644269204554263,280.66090055699624,88227.92000130996,1.0951322667893646,335.841028027905
84.55,1151.3843570472945,5.246761795621219,5.952513273327034,1.3925625107403103,0.0,0.0,0.0,0.0,8.056063179707833,280.66600167919256,88236.34862022063,1.0952169813290613,335.84408003538954
84.6,1150.9643109739382,4.5941814971652555,5.61113543915365,2.7657414938349643,0.0,0.0,0.0,0.0,7.761486362555956,280.66873197866937,88240.86018049504,1.0952623255810525,335.84571356542256
84.65,1150.051696905596,5.697321033534217,5.824721038024819,3.31136191301768,0.0,0.0,0.0,0.0,8.794996296130229,280.6746639701136,88250.66287608826,1.0953608478245596,335.84926263082605
84.7,1149.042622967117,3.8463948378662915,5.078870052825708,2.3644656200184992,0.0,0.0,0.0,0.0,6.795614168749116,280.68122295071373,88261.50270619064,1.0954697913908473,335.85318677541727
84.75,1148.086497894895,4.481567021285256,4.348651771314415,2.643020783445078,0.0,0.0,0.0,0.0,6.7809124796114455,280.68743776368314,88271.77473552678,1.0955730260388228,335.85690496711743
84.8,1147.3910618850432,3.319403424923811,2.9254187390303326,1.4194959622642862,0.0,0.0,0.0,0.0,4.6466636076813606,280.6919580977472,88279.24668737703,1.0956481182667668,335.85960936192026
84.85,1146.379666371403,3.208923023000729,3.9696739328588952,1.0939335690288192,0.0,0.0,0.0,0.0,5.220362894877297,280.69853216858587,88290.11430727842,1.0957573343965785,335.8635424135665
84.9,1146.0802938460604,3.6412045136440905,4.715108843516821,1.3123775990527458,0.0,0.0,0.0,0.0,6.10024234591447,280.70047809000056,88293.33132467452,1.0957896639094398,335.86470658589377
84.95,1145.2965465951577,4.478276661901993,5.8466102332053556,1.9064201855073237,0.0,0.0,0.0,0.0,7.6073813499303045,280.70557244713143,88301.75381805054,1.0958743049479158,335.86775433096983
85.0,1145.2978078893134,3.6190095961716517,5.7884971872528785,1.6356444679686115,0.0,0.0,0.0,0.0,7.019919014462582,280.70556424871944,88301.74026310505,1.0958741687300269,335.8677494262182
85.05,1144.2690515871923,4.995369554272384,7.396171342151453,3.602420883262596,0.0,0.0,0.0,0.0,9.624682006507038,280.7122511646832,88312.79671777428,1.0959852771812066,335.87174989205516
85.1,1144.333000675564,5.3771413300998185,5.715534696395039,2.2804557804456946,0.0,0.0,0.0,0.0,8.171992677195163,280.7118354956088,88312.10939871822,1.0959783702562436,335.87150121827887
85.15,1143.969504610887,7.485553961838159,6.85441179242138,3.971725093507155,0.0,0.0,0.0,0.0,10.899132045904878,280.71419822002923,88316.01627942646,1.0960176306813252,335.8729147143055
85.2,1143.8621389774457,7.389698420132366,7.45019998088871,2.5369076833735833,0.0,0.0,0.0,0.0,10.795787284385556,280.71489609664656,88317.17027941403,1.0960292272173995,335.87333221671435
85.25,1143.350119035174,7.817306474933844,5.6150062667244125,1.6972213327318404,0.0,0.0,0.0,0.0,9.773389184447588,280.71822422627133,88322.67380061827,1.0960845316586496,335.87532325226226
85.3,1143.2008626631575,8.928699399657,6.302465753925815,0.9827448967674481,0.0,0.0,0.0,0.0,10.973082296281452,280.7191943926895,88324.27815682728,1.0961006535815285,335.87590364685303
85.35,1141.637202175852,9.738298283986502,6.511059195839658,0.14491152474351443,0.0,0.0,0.0,0.0,11.715346545007796,280.72935818585694,88341.08735644945,1.0962695632315658,335.8819839975796
85.4,1140.9409495448165,11.005695662214805,5.303139253254165,0.23475135002964026,0.0,0.0,0.0,0.0,12.218990594359243,280.73388382795866,88348.5728386139,1.0963447802033492,335.88469136586406
85.45,1140.0760521436591,11.641330965837142,6.457519984108948,-1.3825390091276462,0.0,0.0,0.0,0.0,13.384004076250305,280.7395056610662,88357.87215294519,1.096438221561816,335.8880544765066
85.5,1138.748822499067,12.649056871226339,6.189265791640034,0.3363922408961758,0.0,0.0,0.0,0.0,14.086121201765195,280.74813265375604,88372.14397146682,1.0965816239913553,335.8932152776607
85.55,1138.0727005247518,13.036791346315725,4.751958233720197,0.505793004323112,0.0,0.0,0.0,0.0,13.885058956504865,280.7525274465891,88379.41508887238,1.0966546820756373,335.8958442805757
85.6,1137.4224228563396,14.158349725288966,5.07589922094595,1.7190328602928124,0.0,0.0,0.0,0.0,15.138649009061421,280.7567542514338,88386.40872972689,1.0967249510768542,335.89837277221767
85.65,1137.1191830849855,11.417306887277547,5.504825723920178,0.6309123897954371,0.0,0.0,0.0,0.0,12.690786155814227,280.7587253099476,88389.67018215473,1.0967577203425032,335.8995518608333
85.7,1136.7633557983393,11.743668973488731,5.063178750390064,1.319340657167262,0.0,0.0,0.0,0.0,12.856523627596143,280.76103818731076,88393.49735642195,1.0967961733741558,335.9009354204519
85.75,1136.5012498848657,10.041425898646697,4.728534203114449,1.4527583286194068,0.0,0.0,0.0,0.0,11.193738274115974,280.76274187574836,88396.31657682269,1.0968244989188793,335.9019545605637
85.8,1135.7378115855483,8.299948334921455,5.675979408700271,1.462733850887127,0.0,0.0,0.0,0.0,10.160978049818137,280.7677042246939,88404.5285608408,1.0969070061819326,335.9049230016996
85.85,1136.1518128056684,7.975911781232517,5.075214380479065,2.2208052305107624,0.0,0.0,0.0,0.0,9.711073350649201,280.7650132167631,88400.07524754392,1.0968622631326723,335.9033132635351
85.9,1135.7060214356632,7.34152394782853,6.414150433045795,1.793038456415042,0.0,0.0,0.0,0.0,9.912330026813303,280.76791086066817,88404.87052748121,1.0969104419499243,335.9050466092713
85.95,1135.2594106975916,6.467303364623035,5.526776715808297,0.7770530174804813,0.0,0.0,0.0,0.0,8.542545584803204,280.7708138304656,88409.6748323898,1.0969587109436505,335.90678313194155
86.0,1134.777739806625,7.5459821214551654,7.5098769146431446,2.0985948406913297,0.0,0.0,0.0,0.0,10.850999850510886,280.77394469125693,88414.85652520559,1.0970107710054642,335.90865596628413
86.05,1133.381866432741,6.622153332869841,6.085008466974633,1.1609672949282173,0.0,0.0,0.0,0.0,9.06797043814574,280.7830178681872,88429.87436457412,1.0971616507820776,335.9140833467516
86.1,1133.0084191579535,8.16870935431463,7.76605075737257,2.8866299694064175,0.0,0.0,0.0,0.0,11.634946904117342,280.7854452754733,88433.8925370911,1.0972020193425063,335.9155353550271
86.15,1132.0643451595824,7.407464824849938,6.039914127029921,2.598228547676325,0.0,0.0,0.0,0.0,9.904639790484305,280.7915817564627,88444.05112884637,1.0973040760535222,335.9192060011896
86.2,1131.161384176886,7.86326283294671,6.74260473868264,4.093025826137113,0.0,0.0,0.0,0.0,11.137615609075944,280.7974510028502,88453.76821313742,1.0974016951415557,335.9227167586548
86.25,1130.3965518886514,7.449018178676,5.662380423217603,4.656126636536744,0.0,0.0,0.0,0.0,10.451312795000943,280.80242241272373,88461.99952162376,1.0974843863370827,335.9256904361458
86.3,1129.4010811459025,7.306362022441005,5.148823484097363,4.600532358979122,0.0,0.0,0.0,0.0,10.052771123395516,280.80889297255163,88472.71394546062,1.0975920205567462,335.9295607994023
86.35,1129.0697124730132,6.570704871892285,4.33367360708492,4.330110241950368,0.0,0.0,0.0,0.0,8.983581922245541,280.8110468689254,88476.28075692397,1.0976278512349937,335.9308491419254
86.4,1128.454080441334,6.155111262709395,4.780735492914296,4.542115447776182,0.0,0.0,0.0,0.0,9.020622996804022,280.8150484771313,88482.90765317917,1.0976944215001971,335.9332426710771
86.45,1127.7249658912344,6.39730576712823,3.9505123915092306,3.497810411099444,0.0,0.0,0.0,0.0,8.292571790801436,280.819787721707,88490.75663809801,1.0977732669891809,335.93607738931877
86.5,1127.4743115834804,8.031370425322379,5.496831215678134,4.236696130480484,0.0,0.0,0.0,0.0,10.614502269274091,280.82141697470735,88493.45508490078,1.0978003734172561,335.9370519005393
86.55,1126.64501673087,6.153900743741447,5.405889505088972,2.7674813292367224,0.0,0.0,0.0,0.0,8.645986850136106,280.8268073912493,88502.38342569683,1.097890059233022,335.94027607049645
86.6,1126.2901526485316,6.981866997519927,6.914668336021987,2.963141817496285,0.0,0.0,0.0,0.0,10.263494258722913,280.82911400778454,88506.20418046272,1.0979284384593422,335.9416557176385
86.65,1125.9238734714793,8.828299340174325,6.415374132080022,3.3387355969277137,0.0,0.0,0.0,0.0,11.412407716186634,280.8314948224354,88510.14797948053,1.0979680533263354,335.9430797386547
86.7,1125.7781699930456,9.33429061554264,7.48327446320324,4.29245124890253,0.0,0.0,0.0,0.0,12.710370400237831,280.8324418950452,88511.7168366841,1.0979838121672219,335.94364620329077
86.75,1125.0774104775614,10.323505631982915,7.7364330430160155,3.5583248024020024,0.0,0.0,0.0,0.0,13.382407861145253,280.8369968318958,88519.26255529701,1.09805960658234,335.94637059631106
86.8,1125.2800285537319,9.278854785604228,7.5515348553724895,1.2989698362753792,0.0,0.0,0.0,0.0,12.033708798196395,280.8356798144007,88517.08072762853,1.0980376909229854,335.945582865757
86.85,1124.3915343341755,9.781329078571186,7.026034884635873,1.9419007360336136,0.0,0.0,0.0,0.0,12.198792694854289,280.8414550268278,88526.64851543402,1.0981337950823584,335.94903710478366
86.9,1123.6456773923262,10.687431307378692,6.7087786366584785,2.44669099449946,0.0,0.0,0.0,0.0,12.853606325393203,280.84630309694984,88534.68095418098,1.0982144758195564,335.95193677901494
86.95,1123.1901676783348,11.317554200015032,7.573112708226193,2.4094680290799073,0.0,0.0,0.0,0.0,13.829121640398322,280.8492639100908,88539.58681502845,1.0982637513857438,335.95370765560574
87.0,1122.3012508413929,11.681158122216988,5.952635970540431,1.2311642561471048,0.0,0.0,0.0,0.0,13.168109032796698,280.8550418695309,88549.16112470842,1.0983599164024862,335.9571634540755
87.05,1121.4970134377638,11.44159948300921,7.937828738604194,2.399245574352969,0.0,0.0,0.0,0.0,14.13066534665157,280.86026941265453,88557.82409489638,1.098446926158685,335.9602900178285
87.1,1120.6717307526064,10.733660672781358,7.708208022098467,1.5438090964065894,0.0,0.0,0.0,0.0,13.304558950844783,280.86563375010803,88566.71447108552,1.098536218267734,335.96349836724215
87.15,1119.8645973098985,11.788591526243945,8.53395370656538,1.4923803317233328,0.0,0.0,0.0,0.0,14.629643026846082,280.8708801174856,88575.4100331759,1.0986235520762866,335.9666361304556
87.2,1119.2322876885576,10.974395464364088,6.220528667257972,0.1279537409903584,0.0,0.0,0.0,0.0,12.615415366458082,280.87499013002434,88582.22263323927,1.0986919732310956,335.96909423867083
87.25,1118.6533599011902,12.43283956321715,8.009727586335977,1.0558876140065658,0.0,0.0,0.0,0.0,14.827209254118648,280.87875316064225,88588.46046136312,1.0987546208866346,335.9713448088502
87.3,1117.973685948428,11.647182951014653,7.747097232265248,1.1034850307652773,0.0,0.0,0.0,0.0,14.031823311091873,280.8831710413352,88595.78426265871,1.0988281740993755,335.97398700849055
87.35,1117.2942347759356,10.504038328416177,7.708336475376011,0.4978962917321472,0.0,0.0,0.0,0.0,13.038449798184176,280.8875874739564,88603.10615342148,1.0989017069681797,335.9766283213147
87.4,1117.5133366385014,11.45199326247569,7.820794265806113,2.255346686276285,0.0,0.0,0.0,0.0,14.04989541979412,280.8861633118497,88600.7450179411,1.0988779944946732,335.9757765823796
87.45,1116.8826962247565,11.26719956588998,7.185366602738834,2.3296077478987853,0.0,0.0,0.0,0.0,13.564894084821157,280.89026247453904,88607.54120677813,1.0989462471136817,335.9782281348644
87.5,1116.3084477885577,9.827044700334888,6.213776254911073,1.235885989465155,0.0,0.0,0.0,0.0,11.692272536484639,280.89399508937436,88613.73004638997,1.0990083993924904,335.98046045353124
87.55,1115.528165581933,9.078947965947425,7.118591273185992,1.3491734239743585,0.0,0.0,0.0,0.0,11.615588956700359,280.8990669237174,88622.13993178293,1.0990928555074937,335.9834936788328
87.6,1114.7725322282606,9.871021889045748,5.727858974135816,1.4850863558121052,0.0,0.0,0.0,0.0,11.50873246912221,280.9039785405163,88630.28476769192,1.0991746484145508,335.986431059466
87.65,1113.591186092159,11.568533981497769,6.272346679584607,3.8114209814326716,0.0,0.0,0.0,0.0,13.700373763064636,280.91165729040097,88643.01949960362,1.099302531580341,335.99102326594
87.7,1113.026008685155,9.273019681336907,5.728883022527217,1.9588876453002126,0.0,0.0,0.0,0.0,11.07457608683836,280.91533094354645,88649.11255016661,1.0993637172304342,335.9932202385682
87.75,1112.6561391607795,7.945733237226312,5.423496373877959,2.1652882755863048,0.0,0.0,0.0,0.0,9.860905785526084,280.91773509545493,88653.10021394386,1.0994037604171158,335.99465799743075
87.8,1112.5359569866926,9.135318038723314,5.583015686443815,1.553853085468004,0.0,0.0,0.0,0.0,10.818436080826087,280.91851627958647,88654.3959618619,1.0994167719407812,335.99512516891883
87.85,1111.610258913978,9.544513856317884,5.540379804595444,1.110410635160777,0.0,0.0,0.0,0.0,11.091734080444379,280.9245333170591,88664.37691893888,1.0995169965956004,335.9987235156207
87.9,1111.2410969533103,9.399434019510766,7.450671379555903,2.1237692484028283,0.0,0.0,0.0,0.0,12.180815231901816,280.92693286980347,88668.35750905705,1.0995569674411991,336.0001585005399
87.95,1110.7429327883133,9.535566357172112,8.431392777107924,2.2926734986914328,0.0,0.0,0.0,0.0,12.933358484380703,280.9301709368759,88673.72933022698,1.099610907704765,336.0020949256155
88.0,1110.2036483374745,8.089972952610124,7.41728382986624,-0.18603028859367587,0.0,0.0,0.0,0.0,10.977174912291085,280.93367628580637,88679.54485814144,1.0996693026761681,336.004191177695
88.05,1109.4229584819896,8.572788146120972,7.499762329671155,0.6753283122616399,0.0,0.0,0.0,0.0,11.41031112324151,280.93875076986706,88687.96419733758,1.0997538417878898,336.0072257733254
88.1,1108.9301393032895,8.133642076988501,7.625666409602096,0.5997356409974132,0.0,0.0,0.0,0.0,11.165420030888857,280.94195409452857,88693.27933235926,1.0998072106049899,336.0091413815526
88.15,1108.5069160526707,8.50825408957279,7.194566951298139,-1.2473795987226644,0.0,0.0,0.0,0.0,11.211964017635493,280.9447050456576,88697.84406983906,1.0998530442587182,336.01078645885525
88.2,1108.50694136268,9.593316244345534,7.346762996717379,-1.4284713636882245,0.0,0.0,0.0,0.0,12.167463726300436,280.94470488114257,88697.84379684854,1.0998530415176861,336.010786360475
88.25,1107.7221988084805,8.615908449910602,6.905976179927369,-2.423701261303638,0.0,0.0,0.0,0.0,11.304897753584948,280.9498057077449,88706.30825804775,1.0999380303619082,336.0138366492836
88.3,1106.9498369676992,8.767978895194824,6.511191871225318,-2.0743261855743005,0.0,0.0,0.0,0.0,11.116469880976233,280.95482605970994,88714.63981594496,1.1000216832614005,336.01683878730785
88.35,1105.37123507049,9.985333181597385,5.366728082283744,-2.277500215451044,0.0,0.0,0.0,0.0,11.562683783969112,280.9650869720418,88731.67035105001,1.1001926734790222,336.02297466312393
88.4,1103.9646610854265,9.653843797345585,4.796850855792155,-2.5593172534160678,0.0,0.0,0.0,0.0,11.079556985723523,280.9742297029447,88746.8472162791,1.1003450471927332,336.0284417883736
88.45,1102.5533986528642,9.122941159768775,3.806163529449409,-3.112954964974018,0.0,0.0,0.0,0.0,10.363658853487527,280.9834029087564,88762.07678207179,1.100497945029536,336.03392704746636
88.5,1101.586225141291,9.701864127854236,3.059168577032562,-2.89724114508733,0.0,0.0,0.0,0.0,10.577272152631565,280.9896895365816,88772.51520724197,1.100602739134893,336.03768618127646
88.55,1101.4964660500843,11.014932367652282,3.5796040144734294,-2.1810132835669926,0.0,0.0,0.0,0.0,11.785547034715185,280.9902729706744,88773.4840016661,1.10061246499892,336.03803504770843
88.6,1101.1665977897385,9.748150824290022,2.1088628129833977,-2.970791242702421,0.0,0.0,0.0,0.0,10.406697240950555,280.9924171143667,88777.0444335767,1.1006482085041556,336.03931714272744
88.65,1099.6461355645117,10.338048273082235,2.4446001032183795,-3.0265703321370343,0.0,0.0,0.0,0.0,11.045878857592363,281.00230011883065,88793.45703209551,1.1008129725723843,336.04522664182343
88.7,1099.0299942032009,11.918721699957832,2.3316895226374434,-2.847894362181253,0.0,0.0,0.0,0.0,12.474101382030158,281.00630503767917,88800.10865698435,1.100879745770658,336.0476213358638
88.75,1097.8420080838953,11.217487213722904,2.7822609261875306,-2.1350631260619206,0.0,0.0,0.0,0.0,11.75293536967238,281.0140269474547,88812.93483664632,1.1010085003504342,336.0522385126658
88.8,1098.1283875636386,8.904882573834788,1.3122238716536163,-3.3192693636561126,0.0,0.0,0.0,0.0,9.593561082915466,281.0121654808363,88809.84278227836,1.1009774613333563,336.0511254880479
88.85,1097.3952010305625,11.627298180696707,2.5272291695361213,-2.4969482700344336,0.0,0.0,0.0,0.0,12.157948055548482,281.01693119330133,88817.75921009883,1.101056928522263,336.0539750377192
88.9,1097.3120859556473,12.49823821976347,3.2414822274014305,-1.3715072899688219,0.0,0.0,0.0,0.0,12.98438284536286,281.01747144128825,88818.65666374634,1.1010659373134595,336.05429806522415
88.95,1096.656422196059,13.800820013293029,3.3462097502647934,-0.001790360250584655,0.0,0.0,0.0,0.0,14.200695614562914,281.0217332557256,88825.73659756828,1.1011370062769783,336.0568462975847
89.0,1097.5185555211553,12.45766139145229,5.491901035232828,-0.21437434236719866,0.0,0.0,0.0,0.0,13.616176434063188,281.01612938911245,88816.42727587861,1.1010435583098144,336.0534956187818
89.05,1098.3989887922714,12.61117956526916,5.692050606778229,0.7943740673189031,0.0,0.0,0.0,0.0,13.859015848768468,281.01040657285023,88806.92116661913,1.1009481330448758,336.0500737828089
89.1,1098.358384960346,11.488429756492813,6.023759993003024,1.209354802588555,0.0,0.0,0.0,0.0,13.02813270433324,281.0106704977577,88807.35955135517,1.10095253372919,336.05023159184685
89.15,1098.263750455285,11.482864721480135,6.279370319098088,1.8533960821921454,0.0,0.0,0.0,0.0,13.218235542373584,281.01128562204065,88808.38129232705,1.1009627903646655,336.0505993937959
89.2,1097.4321757689133,11.692028213828221,6.267940532243519,1.8532123247494863,0.0,0.0,0.0,0.0,13.394961671811522,281.01669085750206,88817.35996943527,1.1010529208715274,336.0538313349579
89.25,1096.0887939310874,12.975881597621292,6.8700566374470124,1.6542549584181787,0.0,0.0,0.0,0.0,14.77524080699424,281.0254228394479,88831.86628289842,1.1011985356967608,336.0590523650403
89.3,1095.4184691054534,11.851530331684422,5.650581453096018,0.2819248351239232,0.0,0.0,0.0,0.0,13.132681507352878,281.02977995081454,88839.10540552251,1.1012712005423326,336.0616575404487
89.35,1093.6083100830274,11.164005156099329,5.000507810571627,0.12534612329766215,0.0,0.0,0.0,0.0,12.2333887839644,281.0415459844603,88858.65646871825,1.1014674445222574,336.0686925090986
89.4,1093.1985661764108,11.134964430107223,3.8789432820904906,-0.3453855331621195,0.0,0.0,0.0,0.0,11.796309804847688,281.0442093198533,88863.08249107026,1.1015118696226145,336.07028490982276
89.45,1092.1871847468244,11.075287446505508,4.921248334340599,0.5580500830409107,0.0,0.0,0.0,0.0,12.132275016918904,281.0507832991456,88874.00812007689,1.1016215311086963,336.0742154412142
89.5,1091.664531912266,10.619365306764779,5.65880996494079,1.9507495614276902,0.0,0.0,0.0,0.0,12.190097357660557,281.05418054257024,88879.65459719092,1.1016782042839512,336.0762466087758
89.55,1092.1123132364696,8.201049141019766,5.136600638019562,1.7328125606008276,0.0,0.0,0.0,0.0,9.830794092956072,281.0512699639629,88874.81697621492,1.1016296495659406,336.07450641251825
89.6,1092.1756168637503,6.828379839490769,6.723545600378106,2.6598926884039717,0.0,0.0,0.0,0.0,9.945243374928172,281.0508584903856,88874.13309049669,1.1016227854328027,336.07426039720934
89.65,1091.3025752908607,6.229461171636632,6.77405960303326,0.7305993325395204,0.0,0.0,0.0,0.0,9.231892838366505,281.0565332606094,88883.56516386551,1.1017174538831223,336.07765326103
89.7,1091.5428608610039,7.704497322743008,7.573928276617266,0.10740829606289448,0.0,0.0,0.0,0.0,10.8044067434339,281.05497140440343,88880.9691114273,1.1016913978450216,336.07671945299575
89.75,1090.775022615192,10.742504368475451,9.119747130439421,-0.5750533581801645,0.0,0.0,0.0,0.0,14.10325757385954,281.05996235300125,88889.26507403002,1.1017746621873787,336.07970344964394
89.8,1090.381204133114,12.09130024769021,8.59573141797907,-4.66714157169068,0.0,0.0,0.0,0.0,15.55211724300036,281.0625221731347,88893.52025433398,1.101817369712397,336.08123390888346
89.85,1089.068731223344,10.955555658035934,8.931851203405047,-5.962296663971482,0.0,0.0,0.0,0.0,15.341158600487018,281.07105324704827,88907.70262034853,1.1019597095799571,336.08633439696905
89.9,1088.3750090076162,7.67287402516251,6.376747410317315,-9.104313195874,0.0,0.0,0.0,0.0,13.506458533219119,281.0755624414505,88915.19960842803,1.1020349505894724,336.0890302856457
89.95,1086.8537082470914,5.197962454002543,4.173520089927814,-9.36968135323811,0.0,0.0,0.0,0.0,11.499043972238264,281.08545089639387,88931.6419489787,1.1021999644061828,336.09494216922366
90.0,1086.465461210108,5.427921912721529,2.5828181009987072,-8.385546778657636,0.0,0.0,0.0,0.0,10.317493901646104,281.0879745021343,88935.83854839057,1.1022420801618327,336.0964509083259
90.05,1085.4775134618826,7.7993640170206415,1.0512141024579233,-8.452041112773735,0.0,0.0,0.0,0.0,11.548685168936776,281.09439616249773,88946.51809342629,1.1023492550213483,336.1002900710188
90.1,1084.9586521865242,10.549111762479885,2.976579987394775,-5.766177859814093,0.0,0.0,0.0,0.0,12.385176402040496,281.0977687607876,88952.12731034814,1.1024055454869424,336.1023063471861
90.15,1083.670569087155,11.614786314695603,4.127138291659573,-3.871460712314631,0.0,0.0,0.0,0.0,12.919935745255032,281.1061413009335,88966.05353745082,1.102545297156633,336.1073117392809
90.2,1082.756414529732,10.933103265895806,4.335754258897805,-1.9438021687186113,0.0,0.0,0.0,0.0,11.920984811977874,281.1120833055567,88975.93807328929,1.1026444873541235,336.1108640285287
90.25,1082.0651406550664,12.75496248899709,3.7511643858673076,-2.4284101267526803,0.0,0.0,0.0,0.0,13.515083354875658,281.11657658574205,88983.41324377137,1.1027194984509074,336.113550206641
90.3,1081.0352632941897,12.920638320323146,1.8356536493124036,-3.471986005320973,0.0,0.0,0.0,0.0,13.504340255857802,281.1232707885877,88994.5508856127,1.1028312591269034,336.117552103144
90.35,1079.501602698916,13.730569071215326,1.5714726377581554,-2.2552651919206337,0.0,0.0,0.0,0.0,14.003009474985236,281.133239582457,89011.13879955973,1.1029977056297438,336.1235115117685
90.4,1079.4327277013306,11.862451389878656,2.4416416651443322,-3.417696401874548,0.0,0.0,0.0,0.0,12.584117596938972,281.13368726994133,89011.88380312818,1.1030051810086094,336.123779139726
90.45,1078.6428690577727,9.902832885507763,1.528772964309257,-3.45131369460173,0.0,0.0,0.0,0.0,10.597868283444665,281.1388213511245,89020.42786687992,1.1030909114429965,336.1268482825738
90.5,1078.6085641658788,9.830601501528852,1.2773875425782588,-3.1851610242231465,0.0,0.0,0.0,0.0,10.412381839234753,281.13904433292174,89020.79896501335,1.1030946349757318,336.12698157998454
90.55,1077.50331362422,9.903461332635294,1.5432239878873828,-2.825146185686765,0.0,0.0,0.0,0.0,10.413526665558308,281.14622846144255,89032.75584307138,1.1032146065852526,336.13127618803924
90.6,1077.8080864819194,9.404586736835997,0.8565647145253982,-2.0873279995525884,0.0,0.0,0.0,0.0,9.671447305267074,281.1442474378675,89029.45860387302,1.103181523414936,336.1300919552663
90.65,1077.0405790428986,10.270178886465725,1.7863695092427327,-2.1000581549982846,0.0,0.0,0.0,0.0,10.633810917913356,281.14923623622116,89037.76220821915,1.1032648379914118,336.13307419272235
90.7,1076.5590525082714,9.550382458906817,2.101403520068944,-1.696411073712898,0.0,0.0,0.0,0.0,9.924893571044926,281.1523661586962,89042.97212714405,1.1033171111854942,336.13494520533754
90.75,1076.1245570845992,9.60656813595493,1.5185658988577533,-2.5810765471324753,0.0,0.0,0.0,0.0,10.06251210593436,281.15519037895007,89047.67340066427,1.103364280437935,336.1366334656023
90.8,1075.72808174936,9.879178756374163,2.674582541568507,-2.5300682659999225,0.0,0.0,0.0,0.0,10.542903305194326,281.1577674686291,89051.96346931404,1.10340732353817,336.13817398893866
90.85,1074.9483264749501,8.60552605495441,2.9804836269234953,-1.9600773622592942,0.0,0.0,0.0,0.0,9.315592552215861,281.1628358779128,89060.401313835,1.1034919809362311,336.14120374368986
90.9,1075.0052646149954,9.072352630793423,2.6649573340835295,-2.7487890222512363,0.0,0.0,0.0,0.0,9.847102159457819,281.1624657800025,89059.78515608287,1.1034857990403522,336.1409825103294
90.95,1074.4472000333324,9.970700041508882,2.640939747212074,-1.8206323298982483,0.0,0.0,0.0,0.0,10.473973656011387,281.1660931997833,89065.82441720099,1.103546390450632,336.1431508661108
91.0,1073.6781375975447,9.336304323356057,2.9736038295421934,-3.0124200609765635,0.0,0.0,0.0,0.0,10.251027888809935,281.1710921056159,89074.14759745463,1.1036298949528327,336.14613902956535
91.05,1073.4922863056138,9.992022146588202,4.0598785369757575,-0.47833867867534174,0.0,0.0,0.0,0.0,10.79592183208189,281.1723001390135,89076.15906804279,1.103650075339547,336.14686114385387
91.1,1074.0849780585413,9.047007084996157,5.635624203640768,0.5021107199578322,0.0,0.0,0.0,0.0,10.6705535252736,281.16844764261947,89069.74448702708,1.1035857197705372,336.14455826941406
91.15,1074.7218837103137,8.635671203096367,6.031400757895472,1.9948368399618481,0.0,0.0,0.0,0.0,10.720633668230573,281.16430775588293,89062.85180501427,1.1035165665746467,336.1420835864749
91.2,1074.267210448299,6.715091678269464,4.5415441427502055,2.1161274858423678,0.0,0.0,0.0,0.0,8.378309792819197,281.167263132086,89067.77229851442,1.1035659332169814,336.1438502113216
91.25,1073.566260739135,7.037900285585965,5.717680900277108,2.6858639078424535,0.0,0.0,0.0,0.0,9.457154975926713,281.1718193051956,89075.35843752431,1.1036420429016485,336.1465737207193
91.3,1073.6630097195014,8.311075840249426,5.521693659100687,3.1802117625949946,0.0,0.0,0.0,0.0,10.47267059265582,281.1711904368232,89074.311325271,1.1036315375804653,336.14619780810574
91.35,1072.4057956097197,8.436613808796794,5.6454424482509635,1.7536329455295012,0.0,0.0,0.0,0.0,10.301587329287708,281.1793623285368,89087.91890489416,1.103768055968546,336.1510826086525
91.4,1071.9427337413338,8.060910569420232,5.929309381569235,1.5322693399312004,0.0,0.0,0.0,0.0,10.123380773271789,281.1823722306813,89092.93132437432,1.1038183421943688,336.15288177902613
91.45,1071.0354713263448,8.632899149506487,7.220913337745916,1.7601711292851046,0.0,0.0,0.0,0.0,11.391520511378431,281.18826943637873,89102.75266071818,1.103916871480853,336.1564068084937
91.5,1070.191062405618,10.259905294074084,7.140513254312147,2.0257999402065465,0.0,0.0,0.0,0.0,12.663192787607622,281.1937580943635,89111.89438036401,1.1040085808823534,336.15968759710296
91.55,1069.425551331001,11.32903405391864,6.323139382435444,1.6825322373716503,0.0,0.0,0.0,0.0,13.082813878304206,281.1987339163485,89120.18259436393,1.1040917263989007,336.1626618156201
91.6,1069.0397912376209,12.214056150450654,7.591675640916353,1.5735891123915522,0.0,0.0,0.0,0.0,14.466958539301944,281.20124135695545,89124.35946832028,1.1041336273104458,336.16416058842395
91.65,1068.3736981701227,11.136096738794619,7.499099461544445,-0.24417884385421793,0.0,0.0,0.0,0.0,13.42790998695308,281.2055709618942,89131.5720618065,1.1042059805992628,336.16674850802303
91.7,1068.1052494931573,11.633879524363353,6.13870174777685,0.7693776418308009,0.0,0.0,0.0,0.0,13.17659872240589,281.2073158782945,89134.47901322004,1.1042351414307872,336.16779148516025
91.75,1066.8578061258524,10.856317261934361,5.391208001076084,-0.17251061174757593,0.0,0.0,0.0,0.0,12.122479454047603,281.2154242601819,89147.98821614629,1.1043706554566006,336.1726380112446
91.8,1066.8697059776446,10.708352600100687,6.229798601227344,1.5421355539793111,0.0,0.0,0.0,0.0,12.484285645834301,281.2153469111453,89147.85933872667,1.104369362675029,336.17259177866055
91.85,1066.0004438681372,10.015064556550064,6.208171467730053,1.3241161110395379,0.0,0.0,0.0,0.0,11.857326617754834,281.2209971148571,89157.27399228461,1.1044638010185528,336.1759689664739
91.9,1066.4165210301414,10.542073116479388,4.99728775921761,1.9370898306672744,0.0,0.0,0.0,0.0,11.8262634654272,281.2182926133041,89152.76751534779,1.1044185968073181,336.1743524609046
91.95,1065.7677040071742,11.592361532313944,7.587109675272397,2.481655190674803,0.0,0.0,0.0,0.0,14.075002366105922,281.22250992395334,89159.7948475067,1.1044890873828475,336.1768731830599
92.0,1065.3710785836377,11.943214612643136,7.6553523502832554,2.0650741981356826,0.0,0.0,0.0,0.0,14.33559647640954,281.2250879892063,89164.09091529826,1.1045321803554788,336.17841410510334
92.05,1064.4636968598688,12.756244815846951,8.141204850098129,1.6124679704480982,0.0,0.0,0.0,0.0,15.218444439850103,281.2309859704108,89173.91989546294,1.1046307713486418,336.18193933037065
92.1,1063.0641475605762,16.162512314921212,7.719901052748042,1.571014802750376,0.0,0.0,0.0,0.0,17.980316017930857,281.24008304085623,89189.08187506524,1.10478285170193,336.1873765798307
92.15,1061.9267461616766,15.28612130332663,7.915911454557923,1.2042131291261295,0.0,0.0,0.0,0.0,17.256224613651078,281.2474761499491,89201.40541997823,1.1049064578648025,336.19179531984423
92.2,1061.4668069144511,15.060697517647965,8.532878500599622,1.1938059787022093,0.0,0.0,0.0,0.0,17.351074835262164,281.25046575505604,89206.38917264719,1.1049564443888003,336.19358214127817
92.25,1060.3645186500974,15.538735195300454,6.359757267635676,0.636753642341698,0.0,0.0,0.0,0.0,16.80191236657153,281.25763062877434,89218.33412884588,1.1050762489016943,336.1978643905781
92.3,1059.8941660563592,17.93728448324371,8.585450582496435,2.8535047606488795,0.0,0.0,0.0,0.0,20.089764203602535,281.26068792063364,89223.43150296317,1.1051273731850801,336.1996916338042
92.35,1059.5158543542,16.35079532596936,7.652425589907245,1.5295905980272082,0.0,0.0,0.0,0.0,18.11760946147096,281.2631469466977,89227.53156914472,1.1051684945320719,336.20116130595
92.4,1059.4900759902216,18.06302423695297,8.001710513434176,2.638196756443712,0.0,0.0,0.0,0.0,19.93138976216319,281.2633145060635,89227.81095542356,1.1051712966054934,336.20126144997096
92.45,1059.4507545611693,17.376214954236257,7.691788401175145,2.5036669580334916,0.0,0.0,0.0,0.0,19.16676298129199,281.26357009535235,89228.23712300044,1.1051755708023039,336.20141420615596
92.5,1058.9602325041044,16.079729004477908,8.293078314107483,1.2077590999149797,0.0,0.0,0.0,0.0,18.132609156566392,281.2667584887233,89233.5535636417,1.10522889108227,336.20331978411997
92.55,1057.715733825311,15.24370072956493,7.457300976613243,0.16757747656621985,0.0,0.0,0.0,0.0,16.970852424053056,281.27484773013543,89247.0430037256,1.1053641782698405,336.2081543587388
92.6,1057.2826310060516,13.426307236210144,6.6425612277882085,0.1643351143780023,0.0,0.0,0.0,0.0,14.980532423643751,281.2776628984606,89251.73790346387,1.1054112630610455,336.2098368415243
92.65,1055.8355054788115,11.824991062177178,6.354338405401998,-0.5946388060370222,0.0,0.0,0.0,0.0,13.437322110472088,281.2870692143877,89267.42641244823,1.1055685985022876,336.21545845660637
92.7,1055.866764386873,13.059822730375474,8.562765205694944,1.081114767878704,0.0,0.0,0.0,0.0,15.6540322874976,281.2868660314853,89267.08750625436,1.105565199767371,336.21533702684206
92.75,1054.7817786345286,13.844409841608776,7.532124704298049,0.7788704516266262,0.0,0.0,0.0,0.0,15.779962788420889,281.29391843887555,89278.85143109663,1.1056831733425447,336.2195517857802
92.8,1054.3171623478652,11.917246649526206,7.905742144170901,0.024026523919366327,0.0,0.0,0.0,0.0,14.301122467471396,281.2969384447388,89283.88940284094,1.1057336953328991,336.22135662802145
92.85,1053.2412805812642,8.965350528283171,5.827317619896457,-2.2711072481709795,0.0,0.0,0.0,0.0,10.931288527471855,281.30393167622174,89295.55639060822,1.1058506926052865,336.22553594681534
92.9,1053.3228301171366,11.48350521444753,7.322352006939654,-1.323037571576888,0.0,0.0,0.0,0.0,13.683499528248642,281.3034016042386,89294.67201466167,1.1058418241306684,336.2252191652128
92.95,1052.5952479827276,9.937516409332474,8.010080797811652,-3.169618544629258,0.0,0.0,0.0,0.0,13.151505940069406,281.30813088811226,89302.56263687206,1.1059209502769214,336.2280454691513
93.0,1051.8929385100062,10.649450070541132,7.275121243411501,-4.282017785672901,0.0,0.0,0.0,0.0,13.589475789304931,281.3126958996849,89310.17971279143,1.1059973320742749,336.23077357851463
93.05,1050.5291651368325,9.466713527456092,6.21902347577632,-5.705338313109928,0.0,0.0,0.0,0.0,12.682499882523839,281.3215604266106,89324.97236625272,1.1061456649124088,336.2360710700772
93.1,1049.8130897946687,10.688119387942978,7.603484997140526,-5.518367202051608,0.0,0.0,0.0,0.0,14.230293627657248,281.3262149163346,89332.7403267215,1.1062235560048055,336.23885258611534
93.15,1049.164147633864,11.500508862211156,6.513115375108613,-7.055374515849963,0.0,0.0,0.0,0.0,14.982012065746664,281.3304330403799,89339.78050123883,1.106294148310051,336.241373310807
93.2,1048.7551243767555,9.872781329705738,3.7343476304348204,-8.311474555481631,0.0,0.0,0.0,0.0,13.434945950599836,281.3330916915511,89344.21809995417,1.1063386438681795,336.2429620945004
93.25,1048.6118047469054,9.292735444784698,2.5415730218343775,-8.153441450846046,0.0,0.0,0.0,0.0,12.621138338693886,281.3340232691451,89345.77305377544,1.1063542352050955,336.24351879429787
93.3,1048.5356867019132,9.080364426773887,1.5511421078948051,-8.651478991294216,0.0,0.0,0.0,0.0,12.637529374791189,281.33451803643754,89346.59890939618,1.1063625159401311,336.2438144610294
93.35,1048.2321980922595,8.925832449555399,1.7264450287611515,-7.17358712936966,0.0,0.0,0.0,0.0,11.580649794270107,281.3364907124003,89349.89172192082,1.1063955323509673,336.2449933048703
93.4,1047.777367343138,8.253530510410144,1.148486237112942,-7.71569272766486,0.0,0.0,0.0,0.0,11.356570820051685,281.33944711226957,89354.826761252,1.1064450146271338,336.2467600007586
93.45,1047.0777916867921,6.622930149082221,0.8832796072457115,-7.87975595330054,0.0,0.0,0.0,0.0,10.331211957353972,281.34399435403583,89362.41778128585,1.106521126673138,336.2494773394546
93.5,1046.714186740518,5.859600672408515,0.5157645622647127,-7.0223030956462935,0.0,0.0,0.0,0.0,9.160440703967357,281.3463577861866,89366.36342559285,1.1065606875452503,336.25088966950676
93.55,1046.197774153221,4.493832684562585,1.1703950144245894,-6.28601783295238,0.0,0.0,0.0,0.0,7.815265630983264,281.34971446800404,89371.96749826038,1.1066168760232604,336.2528955314092
93.6,1045.8088285538415,2.4145766770517882,0.7434962985913648,-6.430363943257239,0.0,0.0,0.0,0.0,6.908874562338233,281.3522426144,89376.18849611109,1.106659196845743,336.25440627514297
93.65,1044.936237101221,1.9617748697471415,-0.1874487079515162,-6.089660581217396,0.0,0.0,0.0,0.0,6.400598694818877,281.35791445884206,89385.65880529955,1.1067541472455547,336.2577955729426
93.7,1044.465531621469,3.4817382371208305,-0.015408960704387801,-4.836870131411856,0.0,0.0,0.0,0.0,5.959702279144773,281.3609740444604,89390.76774924294,1.1068053693053024,336.25962386115776
93.75,1043.0493012853015,3.431463605150632,-0.5622877085190858,-4.648639947521353,0.0,0.0,0.0,0.0,5.8052530782315035,281.37017954164554,89406.14065845491,1.1069594940951002,336.2651246448271
93.8,1042.3412907301042,3.216486973512019,1.450809293465469,-3.7432226627668914,0.0,0.0,0.0,0.0,5.1441570699027,281.3747816102543,89413.82678008774,1.107036551260985,336.26787459659727
93.85,1040.832934698889,5.131912194285188,2.851758999118141,-3.1309410387195755,0.0,0.0,0.0,0.0,6.653709036833721,281.3845859244572,89430.20319005616,1.1072007286569363,336.2737330590387
93.9,1039.549796796657,8.539421151916317,3.9157809697311197,-2.283419042722426,0.0,0.0,0.0,0.0,9.667939632484865,281.3929263208217,89444.13629040253,1.1073404067905994,336.27871669278835
93.95,1037.9131597434234,9.610437747609138,3.8367645735019744,-2.310547282900936,0.0,0.0,0.0,0.0,10.602825323453711,281.4035644616677,89461.91045267394,1.1075185852312532,336.28507318971265
94.0,1038.0830740145584,11.657504617822005,3.5894425677182697,-2.2638858091902883,0.0,0.0,0.0,0.0,12.40591354228065,281.40246001890534,89460.06502117909,1.1075000858763364,336.28441326918124
94.05,1037.8483373807494,12.552501972835548,4.0788670205561015,-1.4083241505952562,0.0,0.0,0.0,0.0,13.273501379160301,281.4039858070251,89462.61449365347,1.1075256428048792,336.28532494931915
94.1,1038.6039553704393,11.525103875045701,5.752895086837661,0.34339673198922893,0.0,0.0,0.0,0.0,12.885718549087406,281.39907429009213,89454.40794355769,1.1074433765799254,336.282390239155
94.15,1039.4566743121363,9.293839890377686,7.845679010652523,2.2220307377398423,0.0,0.0,0.0,0.0,12.3639621337834,281.3935316169711,89445.14754000897,1.1073505443198648,336.27907837228315
94.2,1039.6829253698095,7.956581441624493,6.003064434011221,1.9274603574072096,0.0,0.0,0.0,0.0,10.151801528077176,281.39206098509624,89442.69061677513,1.1073259142292087,336.2781996325076
94.25,1039.4044827057066,6.691095072805356,5.371038081253204,3.307069130979202,0.0,0.0,0.0,0.0,9.195406982872903,281.3938708624129,89445.71431095296,1.107356226050025,336.279281079697
94.3,1038.8628739503674,6.62468841893765,4.781461565903511,2.4466268166770897,0.0,0.0,0.0,0.0,8.528473142028563,281.3973913193226,89451.59604340802,1.107415188471879,336.2813846312284
94.35,1037.7877143427818,6.707929727511806,5.999189256008199,2.1076147760988704,0.0,0.0,0.0,0.0,9.242761113599718,281.40437985677187,89463.27292948401,1.107532243205644,336.2855603992549
94.4,1036.867000320467,7.784068408450247,6.72783662318624,3.3452853484189267,0.0,0.0,0.0,0.0,10.818800334513321,281.41036449791693,89473.27342376465,1.1076324906692998,336.28913628123325
94.45,1035.4167250921491,8.417986939615767,7.0595192392378685,2.7125222008051297,0.0,0.0,0.0,0.0,11.31623138215952,281.419791286901,89489.0276743559,1.1077904109054288,336.2947688033028
94.5,1034.6701880635976,8.803456859770039,7.265239186624599,2.1362618235801145,0.0,0.0,0.0,0.0,11.612414378568467,281.4246437775866,89497.1381358394,1.1078717079174067,336.2976681377656
94.55,1033.4922067638063,7.283066553232202,6.996975992412172,1.3661734587716645,0.0,0.0,0.0,0.0,10.191523996765842,281.43230065603524,89509.93706654604,1.1079999979906345,336.3022430264789
94.6,1033.2397015359657,6.86487446381443,5.679635125072608,0.580522868084262,0.0,0.0,0.0,0.0,8.928704461357134,281.4339419400162,89512.68076386538,1.1080274989845478,336.30322366494545
94.65,1032.5408181886983,7.957809293440212,6.197087629138487,1.4112365451347566,0.0,0.0,0.0,0.0,10.184410263746672,281.43848468177345,89520.27511763493,1.1081036188906113,336.3059378587662
94.7,1031.6807834184287,8.34040240148772,6.329890118014798,1.411020490416385,0.0,0.0,0.0,0.0,10.565074535906428,281.4440749077802,89529.62132505685,1.10819729633117,336.3092778725999
94.75,1031.320213256105,6.021647360556031,5.8671866061691755,-0.11820744838121611,0.0,0.0,0.0,0.0,8.40821554239395,281.4464186138353,89533.53996393707,1.108236572464272,336.3106781658025
94.8,1030.5310945286164,7.407859109126675,7.251879894593226,1.2565269611091814,0.0,0.0,0.0,0.0,10.442461328167358,281.45154788556397,89542.11650845953,1.1083225331874875,336.31374272957027
94.85,1030.1231191481559,8.130534717008745,7.25758041833348,1.6708377819965747,0.0,0.0,0.0,0.0,11.025868093116717,281.45419972553697,89546.55085369537,1.1083669769903963,336.3153271019647
94.9,1029.71574314597,8.008910681797687,7.061636589388188,2.60021210899899,0.0,0.0,0.0,0.0,10.989561621893028,281.45684766955117,89550.97886162436,1.108411356858983,336.3169091392262
94.95,1028.959304421344,6.5154748044121575,5.526453337586361,1.064570640117032,0.0,0.0,0.0,0.0,8.609669509757518,281.4617645212612,89559.20150662577,1.1084937675064894,336.31984673545395
95.0,1029.0011711301433,7.5470318203758975,5.995755670847702,3.515150667139085,0.0,0.0,0.0,0.0,10.259778729337055,281.46149238765406,89558.74639088192,1.108489206191527,336.31968414861853
95.05,1027.5717979900785,8.158325239569407,6.287770611713349,3.300360050824551,0.0,0.0,0.0,0.0,10.816039314148222,281.4707833130645,89574.28557695916,1.108644942369269,336.3252349884279
95.1,1027.3558118234314,8.989666493925188,7.362802141871439,3.4904936020886206,0.0,0.0,0.0,0.0,12.13295119245806,281.47218722314767,89576.6338235569,1.1086684764205432,336.3260737429769
95.15,1026.2149103287352,8.070109005956525,5.76428779554779,3.5016449448061975,0.0,0.0,0.0,0.0,10.517375645920831,281.4796030828632,89589.03876939579,1.1087927964378068,336.3305042527517
95.2,1026.3862563792784,8.418201844370014,7.081888727888074,2.7823267409551233,0.0,0.0,0.0,0.0,11.347273343855644,281.47848933353464,89587.17564645562,1.108774124781663,336.3298388612993
95.25,1025.8829066417757,8.113159453354823,6.406692489863365,2.2812513801751004,0.0,0.0,0.0,0.0,10.586461771280486,281.48176110682846,89592.64888461817,1.108828975713403,336.33179352538343
95.3,1025.401816864581,8.547118326619268,6.574817191805242,0.8003996077666022,0.0,0.0,0.0,0.0,10.813051943230535,281.4848881903802,89597.88032929949,1.1088814028771838,336.33366173647875
95.35,1024.7006961109612,10.584668240736514,5.695739204611052,0.6320297884370694,0.0,0.0,0.0,0.0,12.036449165217762,281.4894454752787,89605.50486777951,1.1089578114977061,336.33638437307116
95.4,1024.298793646709,10.172383983905007,6.040437767466595,-0.4676463252415035,0.0,0.0,0.0,0.0,11.839889248812923,281.49205784129634,89609.87570815078,1.1090016129200515,336.33794505628083
95.45,1023.6225658766999,10.237593182364552,6.044770481903843,-1.0412645741989055,0.0,0.0,0.0,0.0,11.934479304099312,281.4964533218014,89617.2303289511,1.1090753147289922,336.34057099379544
95.5,1022.9167206678885,11.667197502422795,7.2643063702219415,-0.007954741371580809,0.0,0.0,0.0,0.0,13.743860734120457,281.5010413156587,89624.90758894349,1.1091522485282819,336.34331192031124
95.55,1022.4502859620928,11.481626897335723,5.236989876886607,-2.110046425355999,0.0,0.0,0.0,0.0,12.794769052131953,281.50407314124635,89629.98114718616,1.1092030899520648,336.3451231596389
95.6,1021.9028192228233,10.694199071067521,6.98237540745501,0.11607919771791914,0.0,0.0,0.0,0.0,12.772350389900708,281.50763167505164,89635.93641323349,1.1092627661489727,336.3472490466557
95.65,1021.0199266731518,9.588687887333279,5.266572989641645,-1.042226077451074,0.0,0.0,0.0,0.0,10.989356744251864,281.5133704766245,89645.54106897571,1.1093590103566688,336.35067740892254
95.7,1019.834483867038,10.492168624128986,6.309678483456972,-0.011847322953088046,0.0,0.0,0.0,0.0,12.243275107617968,281.52107585486425,89658.43836570265,1.1094882456461461,336.3552805498886
95.75,1019.4065231275522,9.001364637840542,5.8183544322643215,-0.12689982006958167,0.0,0.0,0.0,0.0,10.718858017865045,281.52385759967086,89663.09483176602,1.1095349041470632,336.3569423299893
95.8,1018.1291022652994,8.91732017942725,3.795356226632866,-0.1705149566154221,0.0,0.0,0.0,0.0,9.692904797834903,281.53216083527553,89676.99509121146,1.1096741841269242,336.36190253188926
95.85,1016.4999759991546,10.026335418907065,2.926644055862117,0.39092576281966807,0.0,0.0,0.0,0.0,10.452055793679037,281.54275015600547,89694.7249658435,1.1098518307194918,336.3682282933302
95.9,1015.1685195443646,8.361989666133205,2.118839817827583,-2.170242332694195,0.0,0.0,0.0,0.0,8.8950719577049,281.5514046229616,89709.21739059461,1.1099970343345238,336.37339813937365
95.95,1014.1561726050351,9.216531645113186,2.656247327885139,-2.282294986916071,0.0,0.0,0.0,0.0,9.859461234751722,281.55798487806726,89720.23769186299,1.1101074467960732,336.3773288777781
96.0,1013.5589520627785,9.95130707780439,1.9864276135006187,-1.8303794318569033,0.0,0.0,0.0,0.0,10.311386719787127,281.5618668115919,89726.73948534545,1.11017258709197,336.3796477428063
96.05,1012.8810881219475,10.20008433068658,2.5521310931790584,-2.3003707289317212,0.0,0.0,0.0,0.0,10.763215084741878,281.5662729272073,89734.11968599014,1.1102465269024964,336.3822797075625
96.1,1011.9609653782192,9.602798402340598,2.9087604978901007,-2.2504922515164827,0.0,0.0,0.0,0.0,10.28296358858752,281.57225372504155,89744.13825040804,1.1103468977632815,336.3858522656422
96.15,1011.2408522574427,9.82738467242051,1.495157976852853,-1.9074619966554955,0.0,0.0,0.0,0.0,10.121827806486202,281.5769344603266,89751.97968358832,1.1104254555750455,336.38864822043485
96.2,1010.5958754966708,8.558074520974042,1.5392085421332904,-2.8784747201616927,0.0,0.0,0.0,0.0,9.159444260288454,281.5811268092716,89759.0034152494,1.1104958203009059,336.3911524265197
96.25,1010.1285760383915,9.47622866773648,2.4057354647785747,-1.9712824144183103,0.0,0.0,0.0,0.0,9.973586478650445,281.5841642557504,89764.09253711201,1.1105468031807875,336.3929667657432
96.3,1009.5511093015065,8.095590633024374,1.6759387644091712,-1.9578660074992336,0.0,0.0,0.0,0.0,8.49591653342253,281.5879177895402,89770.3817577978,1.110609807904387,336.395208827478
96.35,1009.1176523171648,6.25712043968307,1.1936093997646633,-3.2493642994287413,0.0,0.0,0.0,0.0,7.150848057839591,281.5907352599384,89775.1027951016,1.1106571021869003,336.3968917497774
96.4,1008.4821796349179,7.106444855263342,1.6379920607706044,-2.8338603756600738,0.0,0.0,0.0,0.0,7.824023332070437,281.594865832373,89782.02446870168,1.1107264410899915,336.3993589947159
96.45,1008.1636309211486,8.150945004389376,2.868032348206553,-2.1001783852075304,0.0,0.0,0.0,0.0,8.892371071015438,281.5969363990125,89785.49431659572,1.1107612004287948,336.4005957644415
96.5,1007.6542113868993,9.520619090600261,2.8693828097397955,-3.315758617500043,0.0,0.0,0.0,0.0,10.481879639962395,281.6002476259851,89791.04348414857,1.1108167889034943,336.40257358328074
96.55,1006.9530477444978,11.981050244578485,2.9229513412280763,-2.201971767847756,0.0,0.0,0.0,0.0,12.527485349131315,281.60480518966074,89798.68179724467,1.1108933042074427,336.40529582866105
96.6,1006.963861391969,14.89690247863595,5.609876713729915,-0.41659006692208045,0.0,0.0,0.0,0.0,15.923629218400471,281.60473490095217,89798.5639918981,1.1108921241248815,336.4052538451884
96.65,1007.4528765931291,14.599290835907262,6.689924254373583,0.09933090827511601,0.0,0.0,0.0,0.0,16.059397437948924,281.6015563021446,89793.23672456163,1.110838759386087,336.4033552614225
96.7,1008.839158386665,12.519936631814284,6.931667137443167,0.4864962285916035,0.0,0.0,0.0,0.0,14.318990926367283,281.59254547048664,89778.13614388226,1.1106874893383147,336.3979730144408
96.75,1008.3556485842497,9.567421130466483,7.757589192427272,1.7045864230669985,0.0,0.0,0.0,0.0,12.43468343142942,281.59568828420237,89783.40271742719,1.110740247781823,336.39985025379013
96.8,1008.5011017276029,9.489771361914512,6.536923227409881,3.1616493236444585,0.0,0.0,0.0,0.0,11.949190442375796,281.59474283877057,89781.81835989554,1.1107243763788153,336.39928552928995
96.85,1007.6042586779517,9.664764678388591,5.827585707775922,2.369843267032735,0.0,0.0,0.0,0.0,11.531894405534691,281.60057231859327,89791.58763989693,1.1108222399179903,336.40276752380186
96.9,1006.5322563286352,9.448812902618887,5.784211879123547,1.9050527040531984,0.0,0.0,0.0,0.0,11.241280982900102,281.6075403338638,89803.26605335425,1.1109392254996633,336.4069295272763
96.95,1004.6924674489541,7.526377844415541,5.221862258019946,1.53977332471888,0.0,0.0,0.0,0.0,9.28897791956457,281.61949896158177,89823.31161419439,1.1111400201367125,336.4140723092464
97.0,1003.9807248851597,6.0601871892660215,3.884785916448804,0.36206576412658253,0.0,0.0,0.0,0.0,7.207532310238751,281.62412528824643,89831.06743177335,1.1112177071983365,336.4168355323312
97.05,1002.3890211521473,4.3231432958835825,4.905003621036596,1.6368227110045883,0.0,0.0,0.0,0.0,6.740016102828368,281.634471362511,89848.41409770818,1.1113914575050523,336.42301497735303
97.1,1001.9281492691083,4.496913776884512,5.38755549390515,3.37837909586756,0.0,0.0,0.0,0.0,7.788544988124304,281.6374670297508,89853.437266518,1.1114417701387445,336.42480419143584
97.15,1001.5792210457946,4.130697727222996,5.11556698680006,2.196135638404054,0.0,0.0,0.0,0.0,6.93214981462405,281.6397350632023,89857.24048199184,1.1114798632242275,336.4261588073215
97.2,1001.2438664313876,3.9396919766755705,5.0012862719767455,2.663585863852703,0.0,0.0,0.0,0.0,6.9013568882837,281.64191486819595,89860.89587194464,1.111516475397107,336.4274607223404
97.25,1001.7314538094957,4.768447159413294,5.944810718530391,2.0027970276240943,0.0,0.0,0.0,0.0,7.87972453358177,281.63874555023824,89855.58117340975,1.1114632435925957,336.42556780701767
97.3,1001.586169160036,5.901573618247325,8.35624184638741,2.349811192125859,0.0,0.0,0.0,0.0,10.496521404996459,281.63968990045976,89857.16474830902,1.111479104677075,336.4261318332715
97.35,1000.8716968425659,8.73718419329186,8.304224523780825,2.4902883544296253,0.0,0.0,0.0,0.0,12.308536414094073,281.6443339705233,89864.95268878648,1.1115571079065845,336.4289055547014
97.4,1000.0731140106957,8.216128543771502,9.011781276261559,1.1988909590897565,0.0,0.0,0.0,0.0,12.253746755614888,281.64952475893045,89873.65810335186,1.1116442989420519,336.43200578255244
97.45,999.2571378381338,8.368242206355475,7.803370713933589,0.2680475519891263,0.0,0.0,0.0,0.0,11.445170230863013,281.6548286040521,89882.5538294204,1.1117333944252143,336.43517350465964
97.5,998.574994621839,11.656205375503927,8.771611467171892,0.7892438232961154,0.0,0.0,0.0,0.0,14.609284626550307,281.65926253495803,89889.99106331676,1.1118078810368517,336.4378216475127
97.55,998.0053172187587,11.79631037680415,7.803485039824772,1.2580627055366442,0.0,0.0,0.0,0.0,14.199649257771421,281.66296543807806,89896.2024929056,1.111870089872422,336.4400331717384
97.6,997.0797465859598,13.226746387045242,8.651301026138905,1.6428229304328268,0.0,0.0,0.0,0.0,15.889955840493778,281.66898164719123,89906.29511540676,1.11197116796602,336.4436262653177
97.65,997.0992108986857,14.88794548989353,7.414464655226892,1.5588653606456888,0.0,0.0,0.0,0.0,16.704947418243226,281.66885512915854,89906.08286288407,1.1119690422691506,336.4435507046538
97.7,997.0208501388241,14.176480145293581,5.993587618558963,1.9878069418739508,0.0,0.0,0.0,0.0,15.51924799368219,281.6693644740976,89906.93736606133,1.1119776000637598,336.44385490183294
97.75,996.5118868706285,14.318074371748175,7.41276606966473,0.16782686821077536,0.0,0.0,0.0,0.0,16.12403548669433,281.6726727353409,89912.48763476947,1.1120331852728162,336.44583069515284
97.8,995.5774138037341,14.315621105436936,6.26089304880511,0.9676847113948535,0.0,0.0,0.0,0.0,15.65478211613547,281.6787468102757,89922.67883046041,1.1121352470536634,336.4494582855581
97.85,994.5521256552432,13.856871085271228,8.44039045081737,0.7792245135867977,0.0,0.0,0.0,0.0,16.2437759796991,281.6854111832409,89933.86151524489,1.1122472357693545,336.45343837180354
97.9,994.085037585642,15.228653375929266,6.8128889270880695,1.6408168862488506,0.0,0.0,0.0,0.0,16.763639796632486,281.6884472556933,89938.95635754817,1.1122982570610205,336.45525155456477
97.95,993.2361714883353,15.094249644989445,8.543424929166916,2.0462965040435543,0.0,0.0,0.0,0.0,17.464644606977707,281.6939648853258,89948.21610673255,1.1123909855818896,336.45854673119226
98.0,992.5783717573114,13.743778448913247,7.6072140023921175,1.232182899809854,0.0,0.0,0.0,0.0,15.756885023049026,281.69824058357744,89955.39216333174,1.1124628464426916,336.4611001933541
98.05,991.6596382439426,13.15872243855456,6.494195204317382,-0.841012673921264,0.0,0.0,0.0,0.0,14.698090008038267,281.70421235141436,89965.41556978128,1.1125632187717838,336.46466652185467
98.1,990.9174676289847,13.545993807043972,6.407698457853942,-0.023193256887940855,0.0,0.0,0.0,0.0,14.98509545096135,281.7090364604116,89973.51333078524,1.1126443065299405,336.46754744305673
98.15,989.7610319149152,14.448776474962205,7.776102493553472,1.2706732354074042,0.0,0.0,0.0,0.0,16.457506557338828,281.71655329255304,89986.13227964922,1.112770664897465,336.47203638887777
98.2,989.1912851577044,13.137608083589592,6.549867604867542,-0.08599767038432972,0.0,0.0,0.0,0.0,14.680085401611375,281.7202566464749,89992.3498449403,1.1128329225199982,336.4742479574312
98.25,988.0785069461169,13.049754334403127,6.467507160095108,0.7210881619437814,0.0,0.0,0.0,0.0,14.58234223955295,281.7274897048502,90004.49443842204,1.1129545262033826,336.4785673526445
98.3,987.6275712360432,12.263961386294538,6.627101605950253,0.5327842220042769,0.0,0.0,0.0,0.0,13.950164286033644,281.7304207869657,90009.41622003494,1.1130038070605435,336.48031770321705
98.35,986.6335899767996,11.917724795948896,6.9535670741591655,0.9758924335409833,0.0,0.0,0.0,0.0,13.832448279630333,281.7368816651508,90020.26589468925,1.1131124409652393,336.4841759054564
98.4,986.7977350840561,9.505328068777525,6.198513873354028,0.048563371673148614,0.0,0.0,0.0,0.0,11.347915858620054,281.7358147219536,90018.4741168761,1.1130945007077548,336.48353876870635
98.45,986.5940918306445,10.49272365396325,6.657376771527399,2.3092133266404993,0.0,0.0,0.0,0.0,12.63923974550869,281.7371384031008,90020.69705350159,1.1131167579524697,336.4843292191393
98.5,985.9517814402126,9.548303540131231,6.153984461965511,3.39388111516669,0.0,0.0,0.0,0.0,11.855802557249367,281.7413134206386,90027.70870043246,1.1131869616716787,336.4868223635987
98.55,985.6340391388559,9.51358221949371,6.328389099299408,2.2039844919535803,0.0,0.0,0.0,0.0,11.636765138128823,281.7433787455974,90031.17743124322,1.1132216917585487,336.488055681763
98.6,985.3044510202492,10.977299263008488,6.932701888150609,3.2557455441355514,0.0,0.0,0.0,0.0,13.385190832699108,281.74552106836836,90034.77559488051,1.113257717500927,336.4893349747436
98.65,985.0153091954909,11.476039930724117,7.24358681699049,2.565382458569461,0.0,0.0,0.0,0.0,13.811235629935096,281.74740049022927,90037.93229605854,1.1132893229817256,336.49045727183477
98.7,984.6950319581725,11.236382244241224,7.082567877382888,2.0444147264930224,0.0,0.0,0.0,0.0,13.438701025409298,281.74948229227186,90041.42902221174,1.1133243326098674,336.4917004159171
98.75,984.0127621519455,11.617777011358402,7.703467537884276,2.8115903701183877,0.0,0.0,0.0,0.0,14.220449894508508,281.7539170460123,90048.87828122424,1.1133989145932959,336.49434860526407
98.8,983.505225761254,11.407439611579521,6.5209762155519995,2.655437437634042,0.0,0.0,0.0,0.0,13.405377923834035,281.7572160325518,90054.42006372407,1.1134543981598406,336.49631856381666
98.85,983.0904159297767,12.43011404401674,7.55691242875546,2.3803659772094146,0.0,0.0,0.0,0.0,14.740447848983322,281.75991229645643,90058.94957135373,1.1134997464867153,336.49792860369433
98.9,982.5486413612749,13.237311393088447,7.13645982615167,1.6925589881091556,0.0,0.0,0.0,0.0,15.133414277554653,281.7634338311517,90064.86574569445,1.1135589771293244,336.5000314319821
98.95,980.9743433431831,15.31969906001968,6.671005746889158,3.131556536891804,0.0,0.0,0.0,0.0,17.00006303836388,281.77366676826927,90082.05885447728,1.1137311042451248,336.50614179263414
99.0,980.3935727263778,14.207150692785827,6.834015634711064,2.0447597816011887,0.0,0.0,0.0,0.0,15.89741938389542,281.7774417772785,90088.4021952291,1.1137946083980017,336.50839592354146
99.05,979.3068809181995,14.595930181135618,6.912059375614355,2.5272878444419336,0.0,0.0,0.0,0.0,16.346404085096754,281.7845052740317,90100.27232171327,1.1139134397613295,336.5126136335384
99.1,978.9002471400352,14.052317889390446,7.493708236262151,2.2877103086200643,0.0,0.0,0.0,0.0,16.089031035176497,281.78714839358975,90104.71437986576,1.1139579082626176,336.5141918625898
99.15,978.18832953142,12.483260250186941,6.132327898232881,1.0010061006810198,0.0,0.0,0.0,0.0,13.944147343561143,281.79177585804575,90112.49177865234,1.114035765146602,336.51695494294614
99.2,978.0106564603694,12.639873676183962,7.013921371298191,2.435292027506752,0.0,0.0,0.0,0.0,14.659200074079068,281.79293073300755,90114.43286656815,1.1140551965156584,336.51764452057154
99.25,977.5196867480392,11.374827089388024,6.006911593834354,1.319338985793465,0.0,0.0,0.0,0.0,12.930983472615365,281.7961220361377,90119.79691329054,1.1141088931910437,336.51955004525763
99.3,977.2350726053235,11.72955179523988,5.931883378360571,2.5245700501198347,0.0,0.0,0.0,0.0,13.384434230465162,281.7979720280654,90122.90655863417,1.1141400219510316,336.52065466909846
99.35,976.5505497923117,11.359361808810949,6.657685552535613,2.653546971107066,0.0,0.0,0.0,0.0,13.431350979993995,281.80242142634995,90130.38589334689,1.1142148921651984,336.5233113747207
99.4,976.368256939885,9.166404145419747,6.274127378383331,1.0761265095363755,0.0,0.0,0.0,0.0,11.16000392391842,281.8036063298907,90132.37777330026,1.1142348312364636,336.52401886907444
99.45,975.850253700606,6.48164277684672,5.364631869753115,0.2407930525688149,0.0,0.0,0.0,0.0,8.417181801457389,281.80697335094607,90138.0380925105,1.1142914915770687,336.52602927640635
99.5,975.4549261518515,7.546571214398026,6.8457768669488495,2.0087230977501056,0.0,0.0,0.0,0.0,10.385103104421624,281.80954298001296,90142.35810494087,1.1143347348621915,336.5275635625971
99.55,974.4754094827462,7.376132059093187,7.208992442372976,1.441589117151425,0.0,0.0,0.0,0.0,10.41417665348838,281.81590983836213,90153.06267069426,1.1144418857690326,336.5313650861426
99.6,974.6073573329085,6.9585647608288745,5.3262072685579,0.003079854192206577,0.0,0.0,0.0,0.0,8.762997026348364,281.8150521773361,90151.62062969519,1.1144274513217118,336.5308529964319
99.65,973.3796220615789,7.551297840874256,5.9361371557892895,0.11532676256323876,0.0,0.0,0.0,0.0,9.605890051218454,281.8230324565997,90165.03911144035,1.1145617650619914,336.53561780788334
99.7,973.2225921931414,7.645050258096389,6.821943507445808,-0.42622517029265194,0.0,0.0,0.0,0.0,10.255114556327134,281.82405315074453,90166.75547952374,1.114578944959092,336.53622723221
99.75,972.0373363696345,6.791148308375558,6.7793294262542885,-0.8711369273978168,0.0,0.0,0.0,0.0,9.635241686761448,281.83175731359734,90179.71141784436,1.114708624742784,336.5408271096025
99.8,971.266267623243,6.793995513768347,7.582663697782829,-1.5788395119219,0.0,0.0,0.0,0.0,10.302810199124497,281.8367692604489,90188.14071903564,1.1147929941854415,336.5438195282995
99.85,970.524458925238,7.993365165562594,7.810932139751151,-2.5487094157249746,0.0,0.0,0.0,0.0,11.463004285423265,281.84159101698594,90196.25075235646,1.1148741666383808,336.54669836739765
99.9,969.553815924477,8.330797672260353,8.25361000021105,-2.8974254658834555,0.0,0.0,0.0,0.0,12.079707869897861,281.84790019649085,90206.8634732564,1.114980386125131,336.55046523807357
99.95,968.6714903120331,6.290597725613972,6.8735067977188296,-5.063009058362137,0.0,0.0,0.0,0.0,10.604281030265263,281.8536353129718,90216.51143548732,1.1150769475733853,336.55388933011005
100.0,968.338884371916,7.393599822985064,6.872844677780334,-4.8574348404721945,0.0,0.0,0.0,0.0,11.202499075508614,281.85579725158254,90220.14859713541,1.115113349527267,336.555180084178
100.05,967.8729838122453,7.146948287883471,5.198078413620433,-6.596027477801618,0.0,0.0,0.0,0.0,11.027532249408349,281.8588256052204,90225.24358146066,1.1151643413980503,336.5569881104386
100.1,967.8205267466475,5.2488369001953386,2.7515503583092853,-8.1737198410402,0.0,0.0,0.0,0.0,10.096089055618437,281.8591665761468,90225.81725479111,1.1151700828291577,336.55719168063564
100.15,967.3221467828505,5.926682286400613,2.0724807403378884,-6.926509792495336,0.0,0.0,0.0,0.0,9.348651092459278,281.8624060459114,90231.26771258886,1.1152246316943908,336.55912573821325
100.2,966.669413850572,7.170233999998128,0.35706732856170764,-6.044985058038154,0.0,0.0,0.0,0.0,9.385179648987007,281.86664880997125,90238.40663175285,1.11529607794444,336.5616587748271
100.25,965.6212041868098,7.9065721078024485,0.10328474917099961,-5.797752439499407,0.0,0.0,0.0,0.0,9.80502338523536,281.8734621727857,90249.87182420213,1.115410819255071,336.5657264835167
100.3,964.2890781738894,7.731225231528998,2.2070731275191955,-5.179882330905769,0.0,0.0,0.0,0.0,9.564214360462534,281.88212099186967,90264.4441618863,1.1155566522398157,336.5708958941677
100.35,963.0871669124977,9.03779952583731,2.3119806873631625,-3.0794048095918063,0.0,0.0,0.0,0.0,9.823940601881839,281.88993341506875,90277.59369471499,1.1156882426295083,336.5755599289908
100.4,961.5985907280813,10.663092891525018,2.882294853315423,-2.7048687874124333,0.0,0.0,0.0,0.0,11.372136509550787,281.89960916026746,90293.88164068403,1.1158512347829894,336.5813362817919
100.45,960.5397998390047,11.160125643325376,2.048995469049463,-2.649376509167226,0.0,0.0,0.0,0.0,11.651866060606816,281.90649130104646,90305.46833985776,1.1159671785361907,336.5854448117915
100.5,960.2896602053231,10.994423206238972,2.522344513541745,-0.7764525539325356,0.0,0.0,0.0,0.0,11.306743211525967,281.9081172086654,90308.20587647549,1.1159945716250814,336.58641544579064
100.55,959.4892627658289,9.07355473655916,1.1640112004585665,-2.956127697631818,0.0,0.0,0.0,0.0,9.613688605152246,281.9133197920221,90316.96590466466,1.1160822275574511,336.5895212641355
100.6,959.2407453321446,9.379164839977204,1.910149827375096,-2.1534177690170027,0.0,0.0,0.0,0.0,9.810943560453493,281.914935155341,90319.68596804554,1.116109445142084,336.59048559173044
100.65,958.1046462082238,8.932765052619828,2.202299157511683,-1.5965856648419048,0.0,0.0,0.0,0.0,9.337745919099612,281.9223197996465,90332.12160091216,1.1162338769805789,336.5948939866497
100.7,957.9229409246524,9.36977118946728,1.0028030798030672,-1.583412622769796,0.0,0.0,0.0,0.0,9.555387050966608,281.92350088398973,90334.11065824739,1.1162537793292442,336.59559905062474
100.75,957.675091112181,11.920751983951087,2.7648204394778846,-1.2194579750133818,0.0,0.0,0.0,0.0,12.297789950972989,281.9251119077708,90336.8238312912,1.1162809269873615,336.5965607702727
100.8,957.3171475365756,11.92820210726163,3.159926305899668,-0.6609675075645367,0.0,0.0,0.0,0.0,12.357346714260856,281.92743854101224,90340.74229996206,1.1163201344036293,336.59794967657865
100.85,957.8295466423875,12.55413014011602,5.01792035265775,-0.5768137893591283,0.0,0.0,0.0,0.0,13.532125568002286,281.92410794682445,90335.13302306722,1.1162640089974483,336.5959614442668
100.9,958.6160513410422,13.954006552180642,6.4339145288010915,0.38928773120679416,0.0,0.0,0.0,0.0,15.370787226420322,281.9189956662832,90326.52363743927,1.1161778637580908,336.5929095931898
100.95,958.9668901528865,14.349411568058601,8.065245447895446,2.697155124708113,0.0,0.0,0.0,0.0,16.680181121650673,281.9167152140062,90322.68343395968,1.1161394383001386,336.59154823473017
101.0,959.0304921778308,13.07497527182906,8.409055057334177,1.0384718527956374,0.0,0.0,0.0,0.0,15.580295539727985,281.91630180084405,90321.9872745187,1.116132472426253,336.59130143945373
101.05,958.0423197762431,13.735315375060349,6.848694516540996,1.3974046457468303,0.0,0.0,0.0,0.0,15.41156204857972,281.9227249214544,90332.80386021789,1.116240703622038,336.59513582965644
101.1,956.8030424275037,12.66138209690138,7.063771830046422,0.115139143628291,0.0,0.0,0.0,0.0,14.498990519794392,281.9307802242212,90346.37053606185,1.1163764488457815,336.5999445167925
101.15,955.4619417465675,11.909464688501537,5.444791255615204,-0.6966051126375121,0.0,0.0,0.0,0.0,13.11359446020966,281.9394973786473,90361.05375583815,1.1165233615964893,336.6051482249744
101.2,954.4534505088199,11.918980755749287,6.205201919973698,0.12674015797021937,0.0,0.0,0.0,0.0,13.438106123677153,281.94605257169263,90372.09662957226,1.1166338479231441,336.60906129661174
101.25,953.756206824731,10.549894880517988,4.905587672108849,-0.2993324667925717,0.0,0.0,0.0,0.0,11.638499573587744,281.9505846556392,90379.73201400315,1.1167102400844475,336.61176666236986
101.3,953.1187635469215,9.156169213758744,5.761194909593919,0.09842053413978835,0.0,0.0,0.0,0.0,10.818340356027567,281.95472803694497,90386.71299250754,1.1167800838279158,336.61423997835726
101.35,952.27162810031,8.690551232627643,6.554786619255441,1.4702125357708544,0.0,0.0,0.0,0.0,10.98419014999439,281.960234417348,90395.99109655379,1.116872908412537,336.6175268837017
101.4,951.6810851375246,6.272516212924295,5.419991112888351,1.0596664237967357,0.0,0.0,0.0,0.0,8.357251715421105,281.96407294660605,90402.45937209425,1.1169376204525936,336.619818185223
101.45,951.559754396021,4.265200330007778,5.908242463347741,2.0844211879427044,0.0,0.0,0.0,0.0,7.579186931957037,281.96486159642586,90403.78836612789,1.1169509163007585,336.6202889455056
101.5,952.187534694104,5.188525951645644,5.604449984116367,3.176270112534694,0.0,0.0,0.0,0.0,8.271599180517843,281.9607810244883,90396.91215707458,1.1168821232415724,336.6178531663333
101.55,951.9622346233942,5.47633282845948,7.349852390734668,3.69315569956174,0.0,0.0,0.0,0.0,9.881798947299853,281.9622454749479,90399.37986720087,1.116906811571292,336.6187273296263
101.6,950.8910162734586,5.168725614008914,6.6722491210756,2.468501922333297,0.0,0.0,0.0,0.0,8.79364171132581,281.9692083942225,90411.1136606876,1.117024201142395,336.62288362110235
101.65,950.1812326107912,7.5070540694292,8.345860730887699,1.4014637653684934,0.0,0.0,0.0,0.0,11.312530787862976,281.97382198802984,90418.88909001174,1.1171019880557043,336.6256375297781
101.7,950.0131237974759,9.751545587902362,9.024776360393997,1.634027040282903,0.0,0.0,0.0,0.0,13.386906815110056,281.9749146953164,90420.73074199093,1.1171204121153098,336.6262897763732
101.75,948.4239275599884,8.66474264030818,8.717438133662352,-2.4286419281188416,0.0,0.0,0.0,0.0,12.528758687596394,281.98524447086004,90438.14207599126,1.1172945932101588,336.6324556478542
101.8,948.1444610052688,7.4127842551167875,10.779560483412851,-4.477146276393448,0.0,0.0,0.0,0.0,13.827260517133789,281.9870610034657,90441.2042098181,1.1173252258047421,336.6335399294948
101.85,947.1340695231556,6.683594428494354,8.4829233557586,-4.109351938937623,0.0,0.0,0.0,0.0,11.55496414976377,281.9936285480995,90452.27583767839,1.1174359811358106,336.63746004362724
101.9,946.0276876232048,8.987283060887256,5.52602033368199,-7.26886565218142,0.0,0.0,0.0,0.0,12.811891562694425,282.0008200304491,90464.40056436333,1.1175572682107184,336.64175252876254
101.95,944.6924446358526,14.790927889421255,5.550877590097742,-5.827542648236659,0.0,0.0,0.0,0.0,16.838766082089446,282.0094991098669,90479.03510892985,1.1177036575853625,336.6469328648075
102.0,944.1388405098212,18.096803863501638,6.83575080247455,-2.196821631025311,0.0,0.0,0.0,0.0,19.46915058203927,282.01309753668613,90485.10328897893,1.1177643562796127,336.64908065679913
102.05,944.1722705519367,19.06674740634243,10.415913527799134,-0.08969193658789731,0.0,0.0,0.0,0.0,21.726485125747875,282.0128802414124,90484.7368453767,1.1177606908453876,336.6489509602197
102.1,944.49746550007,16.39687763164821,7.841343312280118,2.2197727626520978,0.0,0.0,0.0,0.0,18.31042468448227,282.0107664742495,90481.17228174867,1.1177250353517745,336.6476893177891
102.15,943.9996685229019,14.60025052275036,5.8397368192107235,2.135696997410771,0.0,0.0,0.0,0.0,15.869185332255304,282.01400215460114,90486.62883644251,1.1177796158795301,336.6496205936813
102.2,943.8579650591676,15.154320047652181,5.176021087841833,1.7031234120056546,0.0,0.0,0.0,0.0,16.10419944501986,282.0149232271154,90488.18215433713,1.1177951532085602,336.65017035088647
102.25,942.4405048167237,14.696583183713317,3.1220953759797516,2.153708595256584,0.0,0.0,0.0,0.0,15.178125626235976,282.0241367186913,90503.72118690326,1.1179505822578812,336.65566952472443
102.3,941.4536559714411,13.338337391851747,3.0721128820663726,0.43438183417438503,0.0,0.0,0.0,0.0,13.694444476388565,282.0305512361856,90514.54087992484,1.1180588031525496,336.65949804704144
102.35,940.1253942524061,13.235865966925008,4.065617814185191,0.8407856729768237,0.0,0.0,0.0,0.0,13.871709218885275,282.0391849373593,90529.10543655249,1.1182044770913462,336.6646510264726
102.4,939.7843918715074,14.256459910388966,5.025553878006293,1.2796226475590426,0.0,0.0,0.0,0.0,15.170374915519321,282.0414014528352,90532.84487661488,1.1182418780571746,336.6659739294289
102.45,939.4536714332339,14.135739829095758,4.344865913777226,0.49866283576793935,0.0,0.0,0.0,0.0,14.796812661798606,282.04355113568397,90536.4716841284,1.1182781522189935,336.667256939099
102.5,939.8561391923689,13.600736320563419,6.41675299050907,0.8368863980245429,0.0,0.0,0.0,0.0,15.06171060158502,282.04093509524955,90532.05808343155,1.118234008768412,336.66569558944957
102.55,938.9653760441707,12.911812577425533,7.358493499622672,1.4278517272859554,0.0,0.0,0.0,0.0,14.929872443315341,282.04672505571284,90541.82673423627,1.1183317112017075,336.66915124219406
102.6,939.0256769384034,11.746134146708965,4.80791112896652,0.01501936125048764,0.0,0.0,0.0,0.0,12.692040907503205,282.0463330999004,90541.16541099804,1.1183250969545033,336.6689173102515
102.65,937.9762468998231,11.59697947485704,5.758425444080528,2.4538800592771235,0.0,0.0,0.0,0.0,13.17842645692601,282.0531543951511,90552.67512650214,1.1184402104595326,336.67298845731506
102.7,937.0833603949011,9.333408631751213,4.698428472908733,1.09688334258799,0.0,0.0,0.0,0.0,10.506707375269121,282.0589581574331,90562.46886995765,1.118538159614286,336.67645227239706
102.75,935.5345656811245,9.296928794410507,2.615485574014281,0.5193026512067467,0.0,0.0,0.0,0.0,9.671779827920316,282.06902532307265,90579.4590633842,1.1187080771002027,336.68246049739986
102.8,935.0422075399526,8.585194847604187,3.1755480681474877,1.609697042202852,0.0,0.0,0.0,0.0,9.294127214113296,282.0722256509903,90584.86074594044,1.118762097599624,336.6843704753214
102.85,934.1487143933487,8.24848722180581,4.044347100066608,3.197937014231588,0.0,0.0,0.0,0.0,9.727337048807518,282.0780333564432,90594.66396424266,1.118860134884694,336.6878365265871
102.9,933.7903628843922,5.756118902641518,4.265594074505593,2.6254768311545527,0.0,0.0,0.0,0.0,7.630290048270352,282.08036264125144,90598.59596275334,1.1188994563490477,336.68922663880966
102.95,933.8094991064374,7.187498558276685,5.830735610961517,3.6988311512034597,0.0,0.0,0.0,0.0,9.966893456603081,282.0802382558081,90598.38598778103,1.1188973565285372,336.68915240598653
103.0,934.0156303975874,7.960178185824679,6.239785281006445,3.4713943855123857,0.0,0.0,0.0,0.0,10.693452954163622,282.07889840241563,90596.1242072717,1.1188747379022401,336.6883527848547
103.05,932.8691925892277,8.246257189600799,5.944525581841744,3.089517025680929,0.0,0.0,0.0,0.0,10.624653287622431,282.08635024817,90608.70410349355,1.1190005400690073,336.6928000035523
103.1,932.9558513433176,11.096845558015021,7.753387259357851,3.662507868669624,0.0,0.0,0.0,0.0,14.023871049752179,282.0857869662684,90607.75314498822,1.1189910303578248,336.69246384220463
103.15,931.676652282434,11.500198236687082,7.252432014304499,3.001771474438122,0.0,0.0,0.0,0.0,13.92346801590609,282.09410176016416,90621.79138468657,1.1191314126879242,336.6974259990076
103.2,931.659800777126,11.653123153685172,6.364052496196821,2.344627109935807,0.0,0.0,0.0,0.0,13.483090138909121,282.09421129494865,90621.97632893163,1.1191332621018786,336.6974913674009
103.25,930.6250927022872,13.535165780234477,8.848329545578231,2.577842384407561,0.0,0.0,0.0,0.0,16.37494793287695,282.10093689743513,90633.3327726071,1.1192468234130242,336.70150506193505
103.3,930.6511856244974,12.469247084194416,8.700334916492217,1.8999635418929601,0.0,0.0,0.0,0.0,15.322787343246235,282.10076729344075,90633.0463754452,1.1192439595535075,336.70140384651654
103.35,930.3153969528475,13.716322085689779,7.930297553891394,2.0583108091424682,0.0,0.0,0.0,0.0,15.976975753836198,282.10294991980646,90636.73206392807,1.1192808148641773,336.70270638097435
103.4,929.9715870376555,14.82847155987443,8.660892197081893,2.606113973651507,0.0,0.0,0.0,0.0,17.36912353848462,282.1051846842552,90640.50592104862,1.1193185515281108,336.7040400248587
103.45,929.4422921961508,13.465012413219771,7.096639233927136,0.003082819356551081,0.0,0.0,0.0,0.0,15.220672035375168,282.108625100725,90646.31601706381,1.11937664896751,336.7060931572643
103.5,928.7012840793859,14.889706296702284,7.202830002944155,1.0701508804863897,0.0,0.0,0.0,0.0,16.574961132997384,282.11344165348396,90654.4506069475,1.11945798874665,336.7089675035187
103.55,928.0734395597746,14.666046786325373,7.490908232825912,0.3970956184980386,0.0,0.0,0.0,0.0,16.473139331090906,282.11752264286145,90661.34337956441,1.1195269102004877,336.7114028726778
103.6,926.8479816362649,15.619275932443164,7.079506849312704,0.9682236096549836,0.0,0.0,0.0,0.0,17.176107092166056,282.12548811936426,90674.79825589787,1.1196614438477166,336.71615629566827
103.65,926.3475682627746,15.386054789418958,6.273302040834167,0.21636145288070807,0.0,0.0,0.0,0.0,16.617214350089753,282.12874080629194,90680.29299354593,1.1197163839587443,336.7180973274596
103.7,925.3434292594198,15.302015613257907,7.440995462612377,0.8378823332192264,0.0,0.0,0.0,0.0,17.03590743422045,282.1352677098138,90691.3196520617,1.1198266340529766,336.7219922050576
103.75,924.5902658314366,13.365230508341678,7.219461638033126,-0.2130545010634014,0.0,0.0,0.0,0.0,15.191951984671439,282.14016327209566,90699.59100833267,1.1199093335713632,336.72491356321865
103.8,923.8655618501152,12.628352705889855,7.086139255400017,-0.11348567659561963,0.0,0.0,0.0,0.0,14.481075257385726,282.1448738479742,90707.55039524611,1.1199889125711417,336.72772450941045
103.85,923.3266099784411,13.200235046752201,7.3856207761117405,1.429786637337719,0.0,0.0,0.0,0.0,15.193350169279585,282.14837703514013,90713.47004290606,1.1200480971274396,336.72981495423267
103.9,922.6123488359918,12.889000397824,6.382155208127574,1.4087457558862808,0.0,0.0,0.0,0.0,14.451394429620443,282.153019732566,90721.31570463258,1.1201265368136963,336.73258535509495
103.95,922.2564414236842,11.860164520003991,6.171006878519799,1.2475754972579047,0.0,0.0,0.0,0.0,13.427630951052329,282.15533313074604,90725.22530504655,1.120165623899062,336.7339658027579
104.0,921.3067436393532,11.107194982177132,6.069911589769478,1.9440087162456354,0.0,0.0,0.0,0.0,12.805966459762328,282.16150616634417,90735.65828949687,1.1202699283747153,336.7376493400593
104.05,920.0156870341249,10.586629504920555,5.71636830782839,2.124482177797939,0.0,0.0,0.0,0.0,12.21748809817224,282.16989803427816,90749.84285782637,1.1204117359067678,336.7426568212518
104.1,920.1191494420583,9.779362270507265,6.485519935317183,3.2210362678773388,0.0,0.0,0.0,0.0,12.168523734956462,282.1692255286266,90748.70607185896,1.1204003712600792,336.742255535579
104.15,919.8517642984748,11.41982853182796,6.5745524847961825,1.765443879376957,0.0,0.0,0.0,0.0,13.29488684280243,282.1709635320599,90751.64397102095,1.1204297418926357,336.74329260525576
104.2,919.2940856723591,11.983537359288414,7.701470493041766,1.538305965827497,0.0,0.0,0.0,0.0,14.327742342782223,282.17458844312966,90757.77172296416,1.1204910013949192,336.7454555857295
104.25,919.1059757124332,12.793474702517472,7.938215081850796,2.0732146849134083,0.0,0.0,0.0,0.0,15.198239134170068,282.17581115786913,90759.83874375116,1.1205116653477236,336.7461851751447
104.3,918.5581636048208,9.873364783695475,6.899562908036723,0.8571706133264589,0.0,0.0,0.0,0.0,12.075679771102934,282.17937193656866,90765.85851996421,1.1205718443831665,336.74830986977327
104.35,918.0267312283057,10.91630788052557,7.636593373286033,2.226179240532076,0.0,0.0,0.0,0.0,13.507005963658889,282.182826247016,90771.69861217502,1.1206302264118548,336.7503710226439
104.4,917.5071542927202,8.012195059666716,7.139002998692967,-0.3550121318019679,0.0,0.0,0.0,0.0,10.737162898234407,282.1862034970973,90777.40871505138,1.1206873082767583,336.7523861821598
104.45,916.9008513321445,9.93996746870629,6.636492495085437,2.7185702727881242,0.0,0.0,0.0,0.0,12.25710448043713,282.19014446634105,90784.07229672038,1.1207539208658157,336.7547376900412
104.5,916.8655559780699,8.520490408442068,5.3345212061192875,2.2254571986228773,0.0,0.0,0.0,0.0,10.296044533790248,282.19037388614254,90784.46022303164,1.1207577987480561,336.7548745803453
104.55,915.7613746907688,8.382292907104889,6.089643055533829,2.6284862597726595,0.0,0.0,0.0,0.0,10.689037699537128,282.19755106451,90796.59680331238,1.1208791197570238,336.7591570340658
104.6,915.75209750512,8.829460964707275,6.461090067549375,2.1493506841933523,0.0,0.0,0.0,0.0,11.15010197944024,282.1976113662167,90796.69877882554,1.1208801391227112,336.7591930144469
104.65,914.9000885891369,9.387281315907154,6.459799352251157,1.2395408624302582,0.0,0.0,0.0,0.0,11.462395898107793,282.2031494241706,90806.06451943595,1.1209737598324214,336.76249740594847
104.7,914.0620697586266,9.367426278400645,6.290890766326888,0.6015099347279681,0.0,0.0,0.0,0.0,11.299813977084062,282.2085965465689,90815.2772365936,1.1210658491147991,336.7657475073284
104.75,913.5167986116634,8.172154092228514,7.173223479512611,-1.9053177679934274,0.0,0.0,0.0,0.0,11.039450773982812,282.21214080902416,90821.27205348967,1.121125771674244,336.76786222399926
104.8,912.754454930081,8.280489585128828,7.04672046098255,-2.436991259666682,0.0,0.0,0.0,0.0,11.142787058198182,282.21709604295444,90829.65394516103,1.1212095535223376,336.7708187874687
104.85,911.9858909235573,8.523071528689464,5.953341672643782,-2.8024832946604072,0.0,0.0,0.0,0.0,10.767494507602251,282.22209170899686,90838.10486273741,1.1212940238350029,336.7737994486723
104.9,911.2216657989352,10.530337371496621,5.929957338188313,-2.0139050733251227,0.0,0.0,0.0,0.0,12.251865687912044,282.2270591723069,90846.50870245951,1.1213780221029368,336.7767632565747
104.95,910.7720556539202,12.50214206021553,6.584960949746559,-1.8133826087466103,0.0,0.0,0.0,0.0,14.246179252318917,282.2299816382495,90851.45315699092,1.1214274423471213,336.7785069165836
105.0,910.2666757716154,12.769872471241884,7.860169271913966,-1.4669926144093393,0.0,0.0,0.0,0.0,15.06665096315878,282.2332666074845,90857.01118283218,1.1214829946778893,336.78046684977113
105.05,910.0697669021969,12.195172723555169,6.634257004441481,1.990116449369253,0.0,0.0,0.0,0.0,14.024841077187824,282.2345465151357,90859.17680574572,1.1215046398502826,336.78123048655425
105.1,910.1297453891062,12.62898552756472,6.048948678814625,1.819835733075525,0.0,0.0,0.0,0.0,14.120653585077104,282.2341566549708,90858.51715208148,1.1214980466919449,336.78099788279786
105.15,908.4949710698838,11.289383633835417,4.867160908123956,2.1878013046754656,0.0,0.0,0.0,0.0,12.487029778382874,282.24478268804575,90876.49806750889,1.1216777605009682,336.787337675936
105.2,908.5916702939701,11.230129995403036,5.64075522046768,2.157896251962593,0.0,0.0,0.0,0.0,12.751096243269384,282.2441541430892,90875.43439063751,1.1216671295607672,336.78696267148354
105.25,907.7614325034393,10.417491745452871,5.052371533819942,0.08696874854627279,0.0,0.0,0.0,0.0,11.578348584558874,282.2495506887276,90884.5672093381,1.121758406932684,336.79018236177694
105.3,907.1262771665536,11.390028814710703,5.507324450194166,0.8792744431784897,0.0,0.0,0.0,0.0,12.68213320171624,282.2536791984174,90891.55457510924,1.1218282405342836,336.7926454949217
105.35,906.9694640630528,11.932921191321107,7.262007166696442,1.3122643092356352,0.0,0.0,0.0,0.0,14.030445248270794,282.2546984835901,90893.27974842321,1.1218454822203825,336.79325361354904
105.4,906.6519277709219,11.811712466936074,7.202584684990786,1.2228916535406884,0.0,0.0,0.0,0.0,13.88845713325769,282.256762469489,90896.77319290739,1.121880396129454,336.7944850106865
105.45,905.7192778018041,11.609332733962459,6.274795598903529,0.4056613312240205,0.0,0.0,0.0,0.0,13.202811346509568,282.26282469428827,90907.03457274515,1.1219829481313521,336.7981017759655
105.5,904.785642730245,11.645173707004828,4.486320248955359,0.1905135143842429,0.0,0.0,0.0,0.0,12.480922860176106,282.2688933222534,90917.30773054308,1.1220856156357202,336.8017223225172
105.55,904.2177659663108,12.29103558497773,5.5351184622273,1.921805433971031,0.0,0.0,0.0,0.0,13.616182587939944,282.27258452121896,90923.55676406881,1.1221480659161422,336.80392447467455
105.6,903.2661354368735,11.821727411123485,5.066846718049523,1.2892485132462737,0.0,0.0,0.0,0.0,12.926265368466845,282.2787701196603,90934.02948326145,1.1222527241493707,336.8076147416918
105.65,902.6612475217331,11.969954991006915,3.7144764319047097,2.2209854033700145,0.0,0.0,0.0,0.0,12.728312292361842,282.28270189110873,90940.68679853024,1.1223192522740297,336.80996037673805
105.7,902.7995927507801,9.65928176372337,3.9333428148348877,2.7088585800228073,0.0,0.0,0.0,0.0,10.775473293390656,282.2818026471199,90939.16415468567,1.1223040362160097,336.8094239028921
105.75,902.7546704399819,8.78626164157216,5.459112733593225,2.9233615985332464,0.0,0.0,0.0,0.0,10.749248741564262,282.2820946421401,90939.65857265286,1.122308977030366,336.8095981023059
105.8,902.3457305925491,8.973103514878947,5.562204419974976,3.4879087037458962,0.0,0.0,0.0,0.0,11.118462655600748,282.2847527511484,90944.15949215046,1.1223539553542572,336.8111838821627
105.85,902.7162631217891,8.269790967531886,6.0949218688257885,3.407412120880736,0.0,0.0,0.0,0.0,10.823491700707667,282.28234428970836,90940.0812879001,1.1223132013015236,336.8097470378568
105.9,901.8175221935508,8.62236165204807,6.02370485896485,0.8369321039480769,0.0,0.0,0.0,0.0,10.551331481535628,282.2881861057419,90949.97338548915,1.122412053784221,336.8132321484928
105.95,900.3931459329444,9.444135775655663,8.040245489788601,1.5273517516066781,0.0,0.0,0.0,0.0,12.49680164915092,282.29744455143583,90965.65273478124,1.1225687345221549,336.818755478203
106.0,899.0415302646189,8.22926851956784,8.017184492484898,0.05396346344141434,0.0,0.0,0.0,0.0,11.489082626958394,282.30623005327993,90980.53316873877,1.122717427099832,336.82399657909116
106.05,898.3188043248837,6.435369694941907,7.701195629426391,-3.038566457250915,0.0,0.0,0.0,0.0,10.485956482286355,282.31092777188826,90988.4907331119,1.122796941078146,336.82679902835633
106.1,898.0025754843206,6.355945161350555,7.913368611533846,-2.7818107687476434,0.0,0.0,0.0,0.0,10.524158533071658,282.3129832593519,90991.97274380807,1.1228317337858793,336.82802523310875
106.15,897.3581329273725,6.412161460508224,7.490683202581284,-4.197206486383262,0.0,0.0,0.0,0.0,10.71646824874679,282.31717213597204,90999.06906523321,1.1229026403764497,336.83052410119114
106.2,896.7584843631507,7.760794551432288,5.41283651645082,-5.731614712676859,0.0,0.0,0.0,0.0,11.062555691970024,282.3210698516395,91005.67253716076,1.1229686214596626,336.8328492609923
106.25,895.9754701448609,8.40857940264738,4.925378518468149,-5.877781819139639,0.0,0.0,0.0,0.0,11.380328652293912,282.32615944405836,91014.29585920599,1.12305478326658,336.83588540383244
106.3,894.7401237966862,10.24244615102611,4.09757174696696,-6.024356070388552,0.0,0.0,0.0,0.0,12.569433696115304,282.3341891953215,91027.9020525431,1.1231907293623917,336.8406754118687
106.35,894.1365856476098,11.365153799368636,3.9760051310137907,-5.391841070316384,0.0,0.0,0.0,0.0,13.192698276421767,282.3381121932905,91034.55006391346,1.123257151471634,336.84301558310165
106.4,893.9451397134284,13.757944752481993,3.5228798556528145,-5.730429518408657,0.0,0.0,0.0,0.0,15.314357601778811,282.33935659186267,91036.65893527238,1.1232782215923276,336.84375789610806
106.45,893.1870478756457,13.229460673533469,3.3387148264565574,-5.802972794073272,0.0,0.0,0.0,0.0,14.827007103718673,282.3442841888083,91045.01007911641,1.1233616584908022,336.846697307479
106.5,891.6524499774272,12.618954088238063,2.156639366240835,-6.5116139551604375,0.0,0.0,0.0,0.0,14.362806548099154,282.35425907514673,91061.91711681914,1.1235305735025023,336.8526474506757
106.55,890.3868287880139,12.067292918179794,2.9859098621230205,-4.970255000888323,0.0,0.0,0.0,0.0,13.388003990577948,282.3624856128779,91075.86268565862,1.1236698965489957,336.85755460319905
106.6,889.5703744284609,9.638265786914065,1.5892719568702343,-5.19478045134799,0.0,0.0,0.0,0.0,11.063801185388302,282.367792566215,91084.85991319112,1.1237597810939994,336.86072017762
106.65,888.7606737354422,10.123096382221666,3.157311427798046,-4.559841989735805,0.0,0.0,0.0,0.0,11.542870301065125,282.3730556207196,91093.7834269351,1.1238489275513412,336.86385953720026
106.7,888.590893473854,10.98821870146019,2.364010778219115,-3.0830937473512234,0.0,0.0,0.0,0.0,11.654825792160594,282.37415919241994,91095.65462354197,1.1238676207110954,336.86451780301496
106.75,887.5838957048153,10.253945446149542,2.0223109783341924,-2.6957345617966078,0.0,0.0,0.0,0.0,10.793522304297456,282.3807046779187,91106.75367245688,1.1239784981483611,336.8684220714598
106.8,886.6754999409972,10.109486267842277,2.649006177881986,-1.274414018141181,0.0,0.0,0.0,0.0,10.52820390284037,282.3866092503835,91116.76687735904,1.1240785260004926,336.8719440075882
106.85,886.1531008723398,10.67190958549957,2.7764009467001958,0.021465889939363048,0.0,0.0,0.0,0.0,11.027171768062118,282.3900048443298,91122.52566194569,1.1241360529734392,336.8739693814154
106.9,886.0778795688209,7.953562310890836,2.876124872829595,-0.6174210197289777,0.0,0.0,0.0,0.0,8.480121251075094,282.39049378280265,91123.35490531469,1.1241443365846824,336.87426101810587
106.95,885.4588756608542,8.61805885370508,3.066711703334912,-0.6082200367532067,0.0,0.0,0.0,0.0,9.167638228595406,282.3945173082044,91130.17906704433,1.1242125050540301,336.8766609170901
107.0,885.4216725704183,8.226253657394533,1.724164544776115,-0.8843113228281272,0.0,0.0,0.0,0.0,8.451390366616726,282.39475912829226,91130.5892228816,1.1242166021850146,336.8768051541792
107.05,884.6944580751095,6.552563158159655,2.0161175471336357,-1.0715458835298073,0.0,0.0,0.0,0.0,6.938949811465785,282.3994860225118,91138.60690191272,1.1242966917246664,336.87962456620437
107.1,884.1976996862892,6.859992533990414,2.2849262971973063,-0.4819598796747785,0.0,0.0,0.0,0.0,7.246562707632091,282.4027149520391,91144.08408659545,1.1243514031965387,336.88155048588806
107.15,883.7012690910194,5.392310413395521,1.7568036259455464,-2.242972894574591,0.0,0.0,0.0,0.0,6.098712813401326,282.40594175090837,91149.55792334497,1.1244060806010165,336.88347512372513
107.2,882.8311645445266,6.810843592205247,2.7065405285788504,-1.408306205651681,0.0,0.0,0.0,0.0,7.462993932678774,282.4115974304606,91159.15267652215,1.1245019197672246,336.88684845119616
107.25,882.3892420196767,8.081488694893153,2.760858423357626,-1.841115802288265,0.0,0.0,0.0,0.0,8.736275302263898,282.4144699268721,91164.02612540236,1.1245505984790696,336.88856173742687
107.3,882.0803332929894,10.867826921275848,4.232214119122602,-0.39577222964060554,0.0,0.0,0.0,0.0,11.669530153295096,282.41647783359554,91167.4328452798,1.124584626393682,336.8897593382545
107.35,881.9172388603065,10.25695147707649,5.360409660780893,-0.03284929321918313,0.0,0.0,0.0,0.0,11.573250382263389,282.417537947408,91169.23153156514,1.1246025924176237,336.8903916334285
107.4,882.2921219310828,13.38689333590996,7.502969507459965,-0.021750671080332046,0.0,0.0,0.0,0.0,15.346137550165414,282.41510120744795,91165.09717803319,1.1245612966807432,336.88893826042596
107.45,882.6179722778561,10.780825938265568,6.047464420625502,-0.08751035922501105,0.0,0.0,0.0,0.0,12.361459941806336,282.4129831801939,91161.50369941778,1.1245254031503762,336.88767497583603
107.5,882.7169070123034,10.317792429830186,6.723854121311247,0.44805906745225155,0.0,0.0,0.0,0.0,12.32346590037322,282.41234010442,91160.41266956428,1.1245145053243963,336.8872914162291
107.55,882.4061972688531,10.585272140600837,7.427055705154098,2.7265148008339284,0.0,0.0,0.0,0.0,13.215257307264537,282.4143597177524,91163.83914181284,1.1245487307923483,336.88849600390506
107.6,881.7914237458159,10.18357301410365,6.832001824035496,3.1818565450084013,0.0,0.0,0.0,0.0,12.669081234652229,282.41835574565215,91170.6191026755,1.1246164520067643,336.89087940089036
107.65,880.4188411029343,8.30568196587198,5.762226709440868,1.7537887267871084,0.0,0.0,0.0,0.0,10.259794562631862,282.4272775328309,91185.75794988209,1.124767661975642,336.8962006644164
107.7,879.5168571772672,8.316386792130375,5.061525446245002,1.1601188019018607,0.0,0.0,0.0,0.0,9.804448212614131,282.43314042834777,91195.70745500117,1.1248670371104312,336.8996974530255
107.75,877.7530791360682,9.276329568214052,4.496271791020924,1.872093648793693,0.0,0.0,0.0,0.0,10.477188788349023,282.4446049856155,91215.1656840476,1.1250613789189854,336.90653511852406
107.8,876.7872833460501,7.098958426236367,4.995892497945546,1.692734815776633,0.0,0.0,0.0,0.0,8.844179088248001,282.45088265825063,91225.8218933166,1.1251678059701367,336.9102791751406
107.85,875.7218875386627,7.592114010677665,4.847525500595912,2.536587968115051,0.0,0.0,0.0,0.0,9.358043446684878,282.4578077309987,91237.57821916376,1.1252852175016197,336.9144092983505
107.9,875.7399057473795,7.605568507775524,4.949424255211224,3.0925969887542637,0.0,0.0,0.0,0.0,9.586742351778936,282.457690612642,91237.37938339192,1.1252832317340045,336.9143394492173
107.95,874.9361255167438,7.062051555212579,5.326105830940098,3.4865835291604537,0.0,0.0,0.0,0.0,9.507693737004125,282.46291518414114,91246.24965539164,1.1253718181058738,336.91745535820905
108.0,874.5824846259145,7.732258647046542,5.65953917341072,4.51344050183465,0.0,0.0,0.0,0.0,10.591947535925485,282.46521384993156,91250.15254895303,1.125410795329584,336.9188262621606
108.05,874.3054151017451,7.316035321701953,5.54570369733593,3.8952502491037073,0.0,0.0,0.0,0.0,9.97257122462299,282.4670148018386,91253.21047095342,1.1254413338116327,336.919900330056
108.1,874.2914735119143,8.688175823753157,5.567443166308383,4.143233213667668,0.0,0.0,0.0,0.0,11.119676434922091,282.46710542217255,91253.36434172618,1.1254428704643324,336.9199543749353
108.15,873.2853824730911,8.885297463699017,6.266559541966666,4.537249710988107,0.0,0.0,0.0,0.0,11.781549747435237,282.4736450139249,91264.4689388434,1.125553766826062,336.92385448606336
108.2,872.5890598107628,8.920878824788291,6.175744838105686,3.348240629292523,0.0,0.0,0.0,0.0,11.354850004451418,282.47817111123004,91272.15514907657,1.1256305238705564,336.9265537538857
108.25,871.6617619075486,10.497483871720727,6.231759118309425,1.2392073467767448,0.0,0.0,0.0,0.0,12.27059999323484,282.4841985476009,91282.39174438463,1.1257327479966408,336.93014835470626
108.3,871.4027783461618,11.202957001022362,6.8644581929019735,2.9608532703908867,0.0,0.0,0.0,0.0,13.468247248162598,282.48588194074995,91285.25087293125,1.1257612992794936,336.93115227822017
108.35,870.6395285094856,12.528084646734094,7.601694494087118,1.8821147305553465,0.0,0.0,0.0,0.0,14.774336531842719,282.4908430646883,91293.67742562326,1.1258454459192646,336.9341109214178
108.4,870.60029944607,13.726038239369215,7.881477834738229,1.7868314206198377,0.0,0.0,0.0,0.0,15.928420672929574,282.4910980536005,91294.11054560967,1.1258497709684667,336.93426298730805
108.45,869.8279570238341,15.184204593486701,8.032159043262066,1.4659425577892453,0.0,0.0,0.0,0.0,17.240204047976256,282.49611827934507,91302.63815762475,1.125934925194389,336.93725684898726
108.5,869.9270410203635,14.99723220429598,8.570591588078262,1.4966539600191195,0.0,0.0,0.0,0.0,17.338165619097403,282.4954742333676,91301.54411214843,1.1259240004625994,336.93687276723426
108.55,868.8410301416359,13.543438547179905,7.249678130089079,1.8160455359999554,0.0,0.0,0.0,0.0,15.468696844270877,282.50253330407935,91313.53598517041,1.1260437454930943,336.9410824742367
108.6,868.443125448844,13.326501994210245,8.160645064656753,1.2666121785633728,0.0,0.0,0.0,0.0,15.677885370287706,282.5051196845825,91317.9300196488,1.1260876214421964,336.94262486014316
108.65,867.1139707325249,12.02769697632974,6.580686813553698,1.7828376392469918,0.0,0.0,0.0,0.0,13.825680581454458,282.51375919023855,91332.60902603125,1.126234193469278,336.94777697112227
108.7,866.7543233005355,11.600972935927274,7.220294332650057,1.4996716059327069,0.0,0.0,0.0,0.0,13.746426380549106,282.5160968985465,91336.58125244653,1.1262738559608365,336.94917103417674
108.75,865.8711411452555,11.218079383483877,7.060415943845131,-0.1544143277185167,0.0,0.0,0.0,0.0,13.255890092289286,282.5218375825558,91346.33639775874,1.1263712592295272,336.952594394674
108.8,865.3782375872602,13.359012820507141,8.27011293926881,1.2745425054477582,0.0,0.0,0.0,0.0,15.763326113638854,282.5250414556828,91351.78110670953,1.1264256227512284,336.9545049554839
108.85,864.357373699847,13.385043019283904,7.718890285324792,1.7068553685737826,0.0,0.0,0.0,0.0,15.545224318554922,282.531677070951,91363.05860430496,1.1265382226743699,336.9584619274356
108.9,863.9684009893971,12.978665727847822,7.124229326617506,0.15227601758936632,0.0,0.0,0.0,0.0,14.806201253494478,282.53420539356887,91367.35588785108,1.126581128110241,336.95996961288074
108.95,862.95607484693,11.27693748202802,7.297089162880703,-0.8940853639615085,0.0,0.0,0.0,0.0,13.461657322285753,282.54078551349494,91378.54060802703,1.1266927980882078,336.96389342822505
109.0,862.6466426600059,11.320894580899513,6.53099593416669,0.5299712856243867,0.0,0.0,0.0,0.0,13.08042168920896,282.54279682270993,91381.95960140302,1.126726933328447,336.96509279025094
109.05,862.0268072568053,11.596389226819625,7.075374157527882,-0.14167088285763632,0.0,0.0,0.0,0.0,13.585184327345775,282.5468257528307,91388.80862886898,1.1267953133085236,336.96749526518147
109.1,861.4797108512914,11.626548195820959,7.57864825054547,0.345363427280773,0.0,0.0,0.0,0.0,13.882788198058295,282.55038187946656,91394.85425380408,1.1268556713908624,336.9696157903576
109.15,860.7896604871204,12.349393333522595,7.289551830529697,1.7046132828065836,0.0,0.0,0.0,0.0,14.441287617105056,282.5548672068337,91402.48003658632,1.1269318043101622,336.97229038069327
109.2,859.7863867054779,9.942911361352017,7.342762972190241,0.7076443252739563,0.0,0.0,0.0,0.0,12.380566016808904,282.5613884864144,91413.56818687693,1.1270425020357044,336.97617896675627
109.25,859.3927403453371,9.038161827426247,6.316966625129532,0.9465695588524881,0.0,0.0,0.0,0.0,11.067449141129655,282.5639471877553,91417.91905157964,1.1270859378726754,336.97770468733273
109.3,858.7383612247402,8.525457257860573,7.039119819633897,2.3947011205071087,0.0,0.0,0.0,0.0,11.312259842636584,282.5682006520392,91425.15209466714,1.1271581463909193,336.9802409578861
109.35,858.4479931776926,8.718251187581089,5.3282363061315285,2.283393293450322,0.0,0.0,0.0,0.0,10.469569754116504,282.57008804434497,91428.36176572581,1.1271901886544606,336.98136637265407
109.4,857.9508463930881,8.586224492738857,4.89635857232422,2.6614387467742153,0.0,0.0,0.0,0.0,10.236250998842918,282.5733194984449,91433.85733996451,1.127245050676109,336.98329321620685
109.45,857.2240658142282,7.364575168707937,3.801099815977365,1.7572281482413947,0.0,0.0,0.0,0.0,8.471905216156786,282.5780435722075,91441.89182000975,1.1273252573286123,336.9861100555378
109.5,856.51129304866,8.27761315204449,5.92416449401044,2.615016949574427,0.0,0.0,0.0,0.0,10.509658324301292,282.58267659518367,91449.77200045629,1.1274039223357752,336.98887258084125
109.55,856.4545701410967,8.983511352999962,5.782389376036889,4.252491277277489,0.0,0.0,0.0,0.0,11.498834079544961,282.58304529408286,91450.39913382157,1.1274101827271974,336.9890924233796
109.6,856.3105034898696,8.108262468056722,6.177320077900869,2.3522969996690324,0.0,0.0,0.0,0.0,10.461190408858181,282.5839817273158,91451.99196281527,1.1274260831887164,336.9896507858311
109.65,855.7842509915525,6.851152536993213,6.000073283079466,0.7734222364721786,0.0,0.0,0.0,0.0,9.139877047495888,282.5874023685549,91457.81050397942,1.1274841664964623,336.99169038694583
109.7,855.2178893735361,9.520386733857517,5.82175241057137,1.3503080072007894,0.0,0.0,0.0,0.0,11.24072490573959,282.591083719072,91464.07284884549,1.1275466792678086,336.99388542551253
109.75,854.0208577181085,9.434492954676264,6.467094685187088,2.1196917052592164,0.0,0.0,0.0,0.0,11.632973132624173,282.5988644248323,91477.30974880859,1.1276788116458694,336.9985246947045
109.8,853.3317321211132,9.028597802326342,6.445579152134714,1.520414512562906,0.0,0.0,0.0,0.0,11.19699643532218,282.60334374121277,91484.93087453194,1.1277548850184185,337.00119547159056
109.85,852.3864403411859,6.622500024523178,7.543670421026772,-0.15711178301124246,0.0,0.0,0.0,0.0,10.039380165540337,282.60948813778225,91495.38581025739,1.1278592432589238,337.00485901234504
109.9,852.1291988563999,6.44274081319443,6.754833085508102,-1.0179255955506337,0.0,0.0,0.0,0.0,9.390040027452132,282.6111602074334,91498.23107088495,1.1278876434609424,337.0058559618234
109.95,851.2737091151988,6.871467586805134,7.443160772824791,-0.8223253477736496,0.0,0.0,0.0,0.0,10.163362045318586,282.6167208907512,91507.69386746563,1.127982095931487,337.00917142470496
110.0,851.2602532771749,7.217905059482551,7.506467770349422,-1.7988380458370317,0.0,0.0,0.0,0.0,10.56792459048366,282.61680835369833,91507.84271235179,1.1279835816050534,337.00922357273953
110.05,850.8092783081044,6.189935158931015,7.8637885601568405,-1.794437038475244,0.0,0.0,0.0,0.0,10.167323742051087,282.6197396909973,91512.83139039867,1.1280333751029217,337.0109713193638
110.1,850.2566000935986,6.3305644189983425,6.976037324547101,-3.020273707668799,0.0,0.0,0.0,0.0,9.892582872323969,282.6233320993916,91518.94540846802,1.1280944002541071,337.0131132030065
110.15,849.2483132431097,7.195428460297647,5.582737214859441,-3.3071678547169214,0.0,0.0,0.0,0.0,9.689092050172237,282.6298859639198,91530.10046185799,1.1282057389175817,337.0170207457191
110.2,848.2345954794073,7.653939715120018,5.459381200955701,-2.872418492786861,0.0,0.0,0.0,0.0,9.830484436575032,282.6364751293838,91541.31670932591,1.128317685756622,337.0209492898705
110.25,846.767421581836,7.964989648283444,3.861119110927896,-4.380663083898159,0.0,0.0,0.0,0.0,9.876209290039533,282.646011759718,91557.55217859057,1.1284797236950133,337.0266350689184
110.3,846.3020654282145,10.64955762131048,3.6600788176298975,-3.399065501333928,0.0,0.0,0.0,0.0,11.762776065335668,282.6490365747166,91562.70220892511,1.1285311223790442,337.0284384562842
110.35,845.2431512948137,11.736215093569067,4.944994255567898,-2.1025290263793535,0.0,0.0,0.0,0.0,12.907840300254943,282.6559195165837,91574.42193512771,1.128648086339892,337.032542013571
110.4,845.3708896384184,11.887103417070959,3.6513299713544836,-0.6460010350266652,0.0,0.0,0.0,0.0,12.452018131415773,282.6550892173503,91573.00810318085,1.1286339763162363,337.03204699816985
110.45,844.9777796181882,11.638938069181291,4.504849164812888,-0.02866463695487318,0.0,0.0,0.0,0.0,12.480359251133946,282.65764443248173,91577.35917512295,1.1286773998227126,337.0335703874043
110.5,844.5837034585317,11.02836372490768,5.731264081324854,-0.02222087548224666,0.0,0.0,0.0,0.0,12.428704203819931,282.66020592751954,91581.72110863822,1.128720931333203,337.0350975137341
110.55,844.4764974662504,9.161541510016654,4.042264839463809,-0.1875695689291409,0.0,0.0,0.0,0.0,10.015434599422626,282.66090276646935,91582.90777489608,1.128732774034779,337.03551295784996
110.6,844.4228637149236,10.776775663514506,5.601582614172699,1.3379594295543278,0.0,0.0,0.0,0.0,12.219114408182522,282.66125138585295,91583.50145312757,1.1287386988186676,337.035720798898
110.65,844.2269720043012,10.038778548020073,4.337825815285823,0.509534387472292,0.0,0.0,0.0,0.0,10.947759260778659,282.662524681972,91585.66982773291,1.128760338679094,337.0364799156674
110.7,844.0233834640003,10.348204978592168,4.904939340153863,0.8817353555029491,0.0,0.0,0.0,0.0,11.485696907314448,282.663848007484,91587.92344453507,1.1287828291329738,337.03726885726985
110.75,843.202407546906,10.096436591184405,3.6586420911247344,1.0264119494454467,0.0,0.0,0.0,0.0,10.787827180703319,282.6691843509451,91597.01166669058,1.1288735259334213,337.0404502654159
110.8,843.0447350915435,10.71177513452852,6.927337824724566,2.533013512245562,0.0,0.0,0.0,0.0,13.00562544915783,282.67020922190494,91598.75718796045,1.1288909453373766,337.0410612670316
110.85,841.933952394064,9.42825397492195,7.29299395281089,0.5330781085833163,0.0,0.0,0.0,0.0,11.931634677663347,282.67742930943854,91611.05492994003,1.1290136686835717,337.0453656654903
110.9,841.8650946767291,9.723060861910513,6.516461925155592,1.2807021494352053,0.0,0.0,0.0,0.0,11.774650166437494,282.67787688460123,91611.81731426832,1.1290212766726713,337.04563249449575
110.95,840.8465333440844,10.181440232618952,6.390142827428025,1.077444656534769,0.0,0.0,0.0,0.0,12.06882502786485,282.6844975332634,91623.09530237167,1.129133820614931,337.049579474137
111.0,839.9675594449448,9.751510508385463,7.080195878373924,0.9173966689158422,0.0,0.0,0.0,0.0,12.085642205502904,282.69021086360783,91632.82861670054,1.1292309480155351,337.05298550785466
111.05,839.2329962749213,11.283551237381776,7.580340151041519,1.6110666900393125,0.0,0.0,0.0,0.0,13.688521513000088,282.694985524213,91640.96344154728,1.1293121228043388,337.0558319219762
111.1,838.3878636406649,9.759161362559075,6.587505900597584,0.8541131599519348,0.0,0.0,0.0,0.0,11.805336665291549,282.70047888633565,91650.323477055,1.1294055218782324,337.0591067603006
111.15,837.5003924142408,9.742212143988322,7.47925623726244,1.8312981510061845,0.0,0.0,0.0,0.0,12.417875190183759,282.7062474493074,91660.15325532027,1.1295036063244908,337.06254562388443
111.2,836.9539787211917,9.756248421721233,6.962938659839895,2.0680065606600637,0.0,0.0,0.0,0.0,12.163204724987741,282.70979913831223,91666.20584847139,1.129563999900599,337.0646629056709
111.25,835.8001108716088,8.011938435901332,5.9747736831648375,1.0151300930700082,0.0,0.0,0.0,0.0,10.04587314132368,282.7172992793345,91678.98823977914,1.129691541801054,337.0691339493816
111.3,835.6902374186137,7.431597099736443,6.626140232707661,2.4288114999709443,0.0,0.0,0.0,0.0,10.248585031052304,282.718013456779,91680.20547822416,1.129703687153634,337.06955968742676
111.35,835.0137335452389,5.711905133737568,5.257266404978738,1.3125441019463855,0.0,0.0,0.0,0.0,7.873212961002001,282.7224107319559,91687.70044795726,1.129778469730104,337.07218099518553
111.4,834.8032627459938,5.790471989986057,5.51905287322833,1.8233858399335163,0.0,0.0,0.0,0.0,8.20452597080252,282.723778792151,91690.0323499409,1.1298017365165731,337.07299652034084
111.45,834.1982563854395,8.055503987291646,6.711461517318047,4.234818518391652,0.0,0.0,0.0,0.0,11.307897597317794,282.7277113334946,91696.73575879444,1.1298686198253263,337.07534076759674
111.5,833.764329911089,8.049987438647012,4.753893702780254,2.6352296366270465,0.0,0.0,0.0,0.0,9.713199181395693,282.7305318555779,91701.54386431069,1.1299165921588445,337.07702211334595
111.55,833.2765032914496,7.500186852207239,6.354178296113258,1.398893672638629,0.0,0.0,0.0,0.0,9.929012445564137,282.7337027286056,91706.94945205681,1.1299705252328425,337.0789122973206
111.6,833.1463376417736,9.925841150360734,9.116612472560789,1.4309270336533286,0.0,0.0,0.0,0.0,13.552951622900649,282.7345488053285,91708.39185615195,1.1299849164032072,337.07941664895134
111.65,832.4963447246803,7.0124025828316725,7.43111818551769,-0.3256216636120022,0.0,0.0,0.0,0.0,10.222589541728137,282.73877375928953,91715.59489498376,1.1300567819987888,337.0819351591623
111.7,831.9487052483646,7.49421694855324,8.168310092271994,0.07348494884417014,0.0,0.0,0.0,0.0,11.085575198121285,282.7423334158856,91721.6640373253,1.1301173337374193,337.08405706862186
111.75,831.5796856322943,8.033685775801438,7.347298121780276,-0.7561569184636986,0.0,0.0,0.0,0.0,10.913050449804162,282.74473204339006,91725.75383199457,1.1301581371252156,337.0854868817066
111.8,830.8201312096338,10.161059732696035,6.7140801242943775,0.430075930247869,0.0,0.0,0.0,0.0,12.1865077898732,282.74966914713735,91734.17233605833,1.1302421264346374,337.08842985210885
111.85,829.8012916818567,11.616632713100342,6.528820010110842,2.51503164417083,0.0,0.0,0.0,0.0,13.560863928477321,282.7562916040679,91745.46560308873,1.1303547942320384,337.092377408518
111.9,828.9894628170406,11.168795749350288,5.975357027231064,2.2283537587186095,0.0,0.0,0.0,0.0,12.861277174821328,282.7615684916892,91754.46507844399,1.1304445760222253,337.0955228562894
111.95,828.2177279689273,12.96430145383147,5.815079535917337,4.2423969845937455,0.0,0.0,0.0,0.0,14.828560090910765,282.76658476820194,91763.02075694165,1.130529928792303,337.0985129317501
112.0,827.6683885070765,12.274426393227833,5.849647904829761,3.5513177400637415,0.0,0.0,0.0,0.0,14.0531769213989,282.770155474704,91769.11128863446,1.1305906879545597,337.10064132335805
112.05,826.4970483577248,12.858538348509876,5.581707493868415,2.261497496382765,0.0,0.0,0.0,0.0,14.199008343308748,282.77776918567474,91782.09904080175,1.130720251246409,337.10517958442455
112.1,826.6426034294622,12.555799096033095,4.6212796838086225,1.263034256346336,0.0,0.0,0.0,0.0,13.438734032215688,282.77682307770846,91780.48505356269,1.1307041506131585,337.1046156465952
112.15,825.8241066015614,11.843764822243152,4.5707811600908546,-0.5123963037068533,0.0,0.0,0.0,0.0,12.70548525441269,282.7821433070898,91789.56125341152,1.130794691251468,337.10778681427723
112.2,825.597489870282,13.112212169458923,6.057756002188663,-0.40006482938999827,0.0,0.0,0.0,0.0,14.44944869628853,282.7836163158431,91792.0743039439,1.130819760164683,337.1086648083195
112.25,824.9726377764237,11.605471098758594,6.604262016555342,-0.6875345348232234,0.0,0.0,0.0,0.0,13.370712020831622,282.78767785445325,91799.0038465184,1.1308888850784995,337.111085696346
112.3,825.1792662849115,12.783985978651188,6.907106373568739,0.37260036602508173,0.0,0.0,0.0,0.0,14.53537914850886,282.786334769148,91796.71231168773,1.130866026226762,337.1102851496488
112.35,823.9325976135684,12.82279716610546,8.541342722466396,1.7896628843660456,0.0,0.0,0.0,0.0,15.510691664313017,282.7944381155118,91810.53871945047,1.1310039477730844,337.1151151246125
112.4,824.0039657805446,12.552594819918152,7.62898965925428,2.9851755275305463,0.0,0.0,0.0,0.0,14.989342642831675,282.7939742224264,91809.74715219071,1.130996051817189,337.1148386244167
112.45,822.9326370667762,11.348458876009529,5.062939001441267,1.2906963654569963,0.0,0.0,0.0,0.0,12.49346898585811,282.8009378590659,91821.6301841862,1.1311145847872015,337.1189892269832
112.5,822.0035402305272,11.522715527957496,4.593192086618077,1.5815939423742162,0.0,0.0,0.0,0.0,12.504872093762437,282.80697698850156,91831.93660793097,1.1312173887628734,337.12258874535405
112.55,820.9806424846346,11.927686244979487,5.610744374442019,2.53232353263858,0.0,0.0,0.0,0.0,13.422474215581893,282.81362582384986,91843.28464371923,1.1313305800166338,337.1265516239125
112.6,820.0619077458903,10.725468949859998,4.545393807120652,1.4451757301498396,0.0,0.0,0.0,0.0,11.738177965392918,282.8195975996517,91853.47806220177,1.1314322522439315,337.13011091768715
112.65,819.452121171409,10.0218434885496,5.388371019643764,1.4864304647677749,0.0,0.0,0.0,0.0,11.47525009230346,282.8235612123858,91860.24418756591,1.1314997384316021,337.13247328672077
112.7,819.0375480634373,9.246407692405196,4.627279856775483,0.42234566027486237,0.0,0.0,0.0,0.0,10.348243809644375,282.82625593758763,91864.84447604035,1.1315456217488935,337.13407937145473
112.75,818.7578314387448,8.437784907835361,5.137185393036673,0.27112143238590536,0.0,0.0,0.0,0.0,9.882327395124214,282.82807409564816,91867.94844210266,1.1315765804864248,337.1351630085745
112.8,818.1999716840164,8.836582776606837,7.241007332809252,-0.15967157930667447,0.0,0.0,0.0,0.0,11.425536196383094,282.8317001840539,91874.1391670131,1.1316383257436717,337.1373241766116
112.85,818.5169602296594,7.564548158302774,7.029181367520715,-0.5081885656158965,0.0,0.0,0.0,0.0,10.338763715019558,282.8296397585072,91870.6214154891,1.131603240374068,337.13609615369177
112.9,818.1302987539831,6.7118966335744386,7.738330429812284,-0.6300285084701327,0.0,0.0,0.0,0.0,10.262955236296794,282.8321530580991,91874.91237063128,1.1316460374919308,337.1375940909858
112.95,817.1525382335539,8.079782692958549,8.307525954146595,0.6094132516740128,0.0,0.0,0.0,0.0,11.604708542465325,282.8385085014819,91885.76374000448,1.131754265156282,337.14138193269974
113.0,817.0950922207538,6.957627613863308,8.264994307040087,-0.5871872027990069,0.0,0.0,0.0,0.0,10.819588796240327,282.83888190056507,91886.4013188898,1.1317606240636624,337.14160447708036
113.05,816.1590499370171,8.587761403297883,8.806079276861002,-0.2090314329904126,0.0,0.0,0.0,0.0,12.302047483663507,282.84496617540935,91896.79072214184,1.1318642418282245,337.1452306601886
113.1,815.7935500619636,7.2689877628906805,7.645637062267718,-3.0722676669895512,0.0,0.0,0.0,0.0,10.987846822858682,282.84734192459723,91900.84776887798,1.131904703808233,337.14664657866297
113.15,815.1227483166471,7.39489527314911,6.248937428232217,-4.357162431139048,0.0,0.0,0.0,0.0,10.616899713858754,282.85170213594176,91908.29404215238,1.1319789665398152,337.14924519768823
113.2,814.1477424349912,8.192526981141352,4.968596101231715,-4.794922134995063,0.0,0.0,0.0,0.0,10.714276636085595,282.8580396741725,91919.11802200186,1.1320869135731941,337.15302223746966
113.25,812.956100208279,7.804101873508894,4.394202961387418,-6.533847487349913,0.0,0.0,0.0,0.0,11.086216158181282,282.86578534864617,91932.34838125562,1.1322188560286004,337.15763843944046
113.3,812.3017295311606,9.49920358864767,3.26794029064939,-5.537904446569409,0.0,0.0,0.0,0.0,11.470949752359637,282.87003875804743,91939.61427069985,1.1322913150557845,337.16017332374315
113.35,811.8555731432899,8.719215664955788,2.099337152956014,-6.16758674544023,0.0,0.0,0.0,0.0,10.884441398451363,282.8729387745686,91944.56849245194,1.1323407203698002,337.1619016219595
113.4,811.5286254656093,9.589550840300692,3.5123808706530664,-5.328365621564931,0.0,0.0,0.0,0.0,11.519018399860135,282.87506393447353,91948.19913088673,1.1323769261045598,337.1631681298343
113.45,810.0880940075745,10.852614608043952,3.9266185747470215,-2.808377392179791,0.0,0.0,0.0,0.0,11.877902207005405,282.88442738895077,91964.19710628167,1.132536459118425,337.1687483068347
113.5,808.7500301600251,9.791511857493278,3.3882723302134172,-2.8132849054392004,0.0,0.0,0.0,0.0,10.73632459449198,282.89312480395984,91979.05913575548,1.1326846596630953,337.1739314730119
113.55,807.2711539638638,9.584826657495583,2.293667099034396,-2.7883572830146024,0.0,0.0,0.0,0.0,10.242301848372337,282.9027374992349,91995.48744676552,1.1328484734849786,337.17966000163403
113.6,807.2262022359848,11.246531550489642,2.317526429490763,-2.624437322512784,0.0,0.0,0.0,0.0,11.77892490541243,282.9030296854661,91995.98683676816,1.1328534530323482,337.1798341237184
113.65,805.872277236697,11.620916745114888,1.8393680057755941,-2.615890129307268,0.0,0.0,0.0,0.0,12.052877740447286,282.9118301979614,92011.02925863612,1.1330034425157238,337.1850785572439
113.7,805.7055878079157,12.624634871593395,3.418050297127431,-1.0083924787632212,0.0,0.0,0.0,0.0,13.117977316109794,282.9129136792485,92012.88135467391,1.13302190962679,337.18572422372745
113.75,805.4430622786641,11.650070115383583,3.091665490271228,-0.625435268019257,0.0,0.0,0.0,0.0,12.069535967532886,282.91462009518864,92015.79835246665,1.1330509946501968,337.18674110595373
113.8,805.1623101573616,10.507604684211207,3.111082646470641,-0.5491433383329448,0.0,0.0,0.0,0.0,10.972244521467044,282.9164449839771,92018.91795410306,1.13308209961729,337.187828584768
113.85,804.029995270219,9.783977259724008,2.2519962365934396,-0.9739391974248387,0.0,0.0,0.0,0.0,10.086934897614244,282.92380503074355,92031.50063878694,1.1332075571870335,337.192214512294
113.9,803.8197064325989,9.225695427842753,3.1725979675252756,-1.4549917866670536,0.0,0.0,0.0,0.0,9.863865119218367,282.9251719081881,92033.83759633325,1.13323085781802,337.19302904233285
113.95,803.8226759504573,10.945447437077313,2.3031275431439706,-0.14856582687712822,0.0,0.0,0.0,0.0,11.186120323093542,282.925152606322,92033.80459549697,1.133230528784025,337.19301754025486
114.0,803.1422395425298,9.435706944662398,1.946650218757784,-0.3292238708343017,0.0,0.0,0.0,0.0,9.640041544353792,282.92957544297354,92041.36666964783,1.1333059256643467,337.1956531203624
114.05,802.535909245567,8.79276177184067,2.319111900236921,0.27372066339471646,0.0,0.0,0.0,0.0,9.097574544005255,282.9335165899038,92048.10558464022,1.1333731143280599,337.19800164292883
114.1,801.9887944897876,8.974747416018138,3.206627248772231,0.44188303609563273,0.0,0.0,0.0,0.0,9.540639921487546,282.93707283581637,92054.18670537064,1.1334337438155646,337.2001207896129
114.15,802.5720237901877,9.441476549220258,4.611962824074848,-0.0528033997017833,0.0,0.0,0.0,0.0,10.507828925098876,282.93328184536375,92047.70418686776,1.1333691123183398,337.1978617595259
114.2,802.315522741105,9.246891649721219,5.29524876585619,-1.0656127033025813,0.0,0.0,0.0,0.0,10.708883933791856,282.93494910218277,92050.55511743072,1.133397536549174,337.19885527043857
114.25,802.217885856342,8.77373233115716,6.13936128600785,0.5226319224979603,0.0,0.0,0.0,0.0,10.721160391736444,282.9355837419338,92051.64034027484,1.133408356349399,337.19923344867044
114.3,801.7990905506368,8.847284491151195,7.178954086609041,-0.4397219324143136,0.0,0.0,0.0,0.0,11.401981407757658,282.93830591142085,92056.29531987823,1.1334547667717916,337.20085556923294
114.35,801.457377429275,8.57542379690597,8.05239870229984,0.4540156722417342,0.0,0.0,0.0,0.0,11.772219348448383,282.9405270467097,92060.09365937249,1.1334926361107365,337.20217912146006
114.4,801.1150507927297,9.455936893038775,6.4979805575398615,1.1707415045377214,0.0,0.0,0.0,0.0,11.532958402844654,282.9427521698472,92063.89894568984,1.1335305744112227,337.2035050447971
114.45,800.6816021979237,9.696391439237479,7.481687800275054,0.9405281092220693,0.0,0.0,0.0,0.0,12.283332300639728,282.9455695857135,92068.71732201264,1.133578612683414,337.20518390056026
114.5,800.1063832055806,10.429622837073767,7.557489547560579,0.9428009455610373,0.0,0.0,0.0,0.0,12.914393303908971,282.9493085091637,92075.11198628113,1.1336423655003574,337.2074118559342
114.55,799.0197370925209,10.796550873458902,6.898024125975742,1.9072984345154604,0.0,0.0,0.0,0.0,12.953224885102347,282.9563717088986,92087.19312702326,1.1337628084227542,337.2116206459307
114.6,798.3626158658915,9.296547613096225,6.258180814464324,0.7369213440685036,0.0,0.0,0.0,0.0,11.23092505969291,282.9606429968717,92094.49950824866,1.1338356479253031,337.214165777704
114.65,796.7956067512429,10.950509826479179,6.408323947844115,1.317902901392804,0.0,0.0,0.0,0.0,12.756063238234162,282.9708285561169,92111.92461999504,1.134009359645101,337.2202349679608
114.7,796.192586599439,11.020436265279658,6.3147601140822625,1.5729141822631099,0.0,0.0,0.0,0.0,12.798447944975972,282.9747481871036,92118.63090400207,1.1340762132246394,337.22257049899747
114.75,795.2671049630229,10.496489659493953,6.796767607132914,1.3701231775420823,0.0,0.0,0.0,0.0,12.5797290351928,282.98076381774035,92128.92410300301,1.134178822227956,337.2261549100771
114.8,794.6252058932691,9.861048694017141,6.724391678413825,0.7859284219056699,0.0,0.0,0.0,0.0,11.961413305912366,282.9849361616937,92136.06384604253,1.1342499943416595,337.22864097715643
114.85,794.3125265555452,9.570195636286194,6.446849838069919,1.7373080231636318,0.0,0.0,0.0,0.0,11.669136922616092,282.98696857738895,92139.54189172678,1.134284664657911,337.2298519736877
114.9,793.6239832690015,9.251172036085123,6.670362079096725,0.9926115830299616,0.0,0.0,0.0,0.0,11.448283367486157,282.99144410875147,92147.20118325984,1.1343610141456282,337.2325186632866
114.95,793.0220828841778,9.64524622316983,7.262525227190076,0.9866765882703039,0.0,0.0,0.0,0.0,12.113982750152191,282.9953564612528,92153.89708952376,1.1344277594097922,337.2348497725045
115.0,792.6436803599865,9.018960058391901,7.379697145216881,0.6654030421349053,0.0,0.0,0.0,0.0,11.672374724042792,282.99781607766005,92158.10687124157,1.1344697223373554,337.2363152851858
115.05,792.1199541530967,9.043398631763344,8.430448534446015,0.7665593558248547,0.0,0.0,0.0,0.0,12.387216578026102,283.00122029800485,92163.9336564393,1.1345278028860424,337.2383436105082
115.1,791.7429797155661,9.521412447568188,7.999655981655393,-0.5022329255609356,0.0,0.0,0.0,0.0,12.446044702356602,283.0036706318488,92168.12792004946,1.1345696102641745,337.2398035772484
115.15,791.0779822916346,8.740297111692385,7.114274605533425,-0.9602119504930466,0.0,0.0,0.0,0.0,11.31051297481532,283.00799311510434,92175.52713937107,1.1346433629624442,337.2423789993882
115.2,790.6842623754463,10.198027154439538,9.216019681618324,0.8509694098657055,0.0,0.0,0.0,0.0,13.77167112412977,283.0105522945596,92179.90816499873,1.1346870308845305,337.2439038005204
115.25,789.7788113193076,11.685694367268107,8.526340858336114,1.6911803213655139,0.0,0.0,0.0,0.0,14.56413513247894,283.0164377264245,92189.98399809722,1.1347874603656125,337.2474104112858
115.3,789.3054133671906,11.115485984481683,8.005757919502317,0.7150691318185785,0.0,0.0,0.0,0.0,13.717051884430655,283.01951481311323,92195.25231179134,1.1348399707265688,337.249243761859
115.35,788.7495112171068,11.794192107161125,6.826417624428544,1.2185964734268746,0.0,0.0,0.0,0.0,13.681663729560775,283.0231281770888,92201.43910289298,1.1349016350109864,337.2513966176073
115.4,787.9567088311846,11.600285231572514,6.822392354344191,0.7457204836570769,0.0,0.0,0.0,0.0,13.478418079663474,283.02828139259725,92210.26300482385,1.134989582246064,337.25446689887303
115.45,787.1704607642757,11.299338444004425,7.6463600258623154,1.4849764010021276,0.0,0.0,0.0,0.0,13.723958096292582,283.03339200503217,92219.01463242054,1.1350768075461333,337.2575117696599
115.5,786.6419666240389,11.288173386619563,7.896471709100505,0.5737708888383577,0.0,0.0,0.0,0.0,13.787905457026067,283.0368272169437,92224.89761169905,1.1351354408552414,337.2595584318896
115.55,786.6424706033031,9.882248440975562,6.187465878087241,0.24908645674832586,0.0,0.0,0.0,0.0,11.662144412782464,283.0368239410785,92224.89200146454,1.1351353849406096,337.2595564801704
115.6,785.5758453484472,9.973366546041524,7.48716980801909,-0.032915558286734314,0.0,0.0,0.0,0.0,12.471039869625555,283.0437570052351,92236.76615985032,1.1352537277771424,337.26368708726085
115.65,785.5710957299399,10.177649638212246,7.314670296752264,-0.5677807333582164,0.0,0.0,0.0,0.0,12.546367150277586,283.0437878777554,92236.81903753633,1.1352542547718285,337.26370548049425
115.7,785.5376842659019,10.060664162226448,8.230500501892168,0.33152473463894194,0.0,0.0,0.0,0.0,13.002615527132695,283.0440050522716,92237.19100934715,1.1352579619514838,337.2638348687217
115.75,784.5918693775569,10.135771886956622,7.615488103423422,-0.6290081834978442,0.0,0.0,0.0,0.0,12.693509447458222,283.05015284904584,92247.72132649338,1.1353629089862305,337.26749758232864
115.8,784.5432012133875,10.388564467138577,8.834570247076527,-0.3004941317674614,0.0,0.0,0.0,0.0,13.640461863941805,283.050469192113,92248.26320431354,1.1353683093763873,337.2676860510571
115.85,783.6453161448692,10.344935632250447,9.06668921709305,-0.5774383507202216,0.0,0.0,0.0,0.0,13.767933092648251,283.05630544505834,92258.26083865161,1.1354679453778345,337.2711631153864
115.9,782.9975672291331,10.362150533604412,7.640355258663386,-1.0649822939451978,0.0,0.0,0.0,0.0,12.91833501059948,283.0605158130106,92265.47383970082,1.135539828565869,337.2736715039799
115.95,782.328486028785,9.128591050904394,7.909142086233801,-2.8907290928947424,0.0,0.0,0.0,0.0,12.419420993081546,283.0648648408129,92272.92486561078,1.1356140827348273,337.27626248163017
116.0,782.3331616860091,8.222228262774575,6.605159214630564,-3.509846157392348,0.0,0.0,0.0,0.0,11.115403092301687,283.0648344490409,92272.87279483935,1.1356135638207325,337.2762443754912
116.05,781.1765245796496,7.412132163866462,6.8878805948777755,-4.067442136364961,0.0,0.0,0.0,0.0,10.905351339438575,283.07235259023224,92285.75448690457,1.13574193532326,337.2807233380476
116.1,780.829988039396,5.46335353984951,5.227816440926608,-6.362046776596701,0.0,0.0,0.0,0.0,9.882000598513097,283.0746050777439,92289.61421513384,1.135780398481569,337.28206525487377
116.15,779.4918298760663,7.182134407245875,5.415008628088409,-4.982646562249169,0.0,0.0,0.0,0.0,10.282613473738591,283.08330310580556,92304.5198641083,1.135928934133045,337.28724704490395
116.2,778.771695557299,6.824590462488173,5.090370787309034,-4.5185582841779866,0.0,0.0,0.0,0.0,9.638686565112865,283.08798397887756,92312.5421960341,1.1360088752441682,337.2900356096983
116.25,777.4456779177444,5.634163732953331,3.9324398924995436,-5.38917649682909,0.0,0.0,0.0,0.0,8.732188030031391,283.0966030935346,92327.31557502346,1.1361560858806536,337.2951702666357
116.3,777.4022310841183,7.439715400597422,4.70700698665842,-4.074980256817338,0.0,0.0,0.0,0.0,9.701069224976633,283.0968854979532,92327.79965567846,1.1361609094691536,337.2953385018276
116.35,776.5987643503274,6.6181423397429056,4.864662689787776,-3.5522622552177165,0.0,0.0,0.0,0.0,8.94892832937863,283.1021080317229,92336.75217913567,1.1362501154080535,337.29844967729764
116.4,775.3631810937139,6.592769899009515,4.436461064259342,-3.9604685178271857,0.0,0.0,0.0,0.0,8.878744989956369,283.11013932289086,92350.52087630106,1.1363873081016078,337.30323403384403
116.45,774.8718545724159,7.0255172905087475,4.294838610110801,-3.237844444128273,0.0,0.0,0.0,0.0,8.848003646614766,283.1133329452793,92355.9964254647,1.136441865946663,337.3051365021283
116.5,774.2976923012315,6.725592452200502,3.836574831094422,-4.531622558975753,0.0,0.0,0.0,0.0,8.971538512691204,283.117065000042,92362.39546412155,1.1365056245723233,337.3073597056057
116.55,774.2381052354629,5.438346083659262,2.408668087741036,-5.6026050632224385,0.0,0.0,0.0,0.0,8.171075423529011,283.11745231596944,92363.05958254666,1.136512241655339,337.3075904307797
116.6,773.9034544319223,5.893141646764135,2.1205181815718026,-5.598924829967783,0.0,0.0,0.0,0.0,8.400813953351916,283.1196275461925,92366.78945315558,1.1365494048341174,337.30888621853467
116.65,773.7066493939222,7.136193899069829,2.7880183783887347,-4.7072247891945675,0.0,0.0,0.0,0.0,8.992011735944445,283.12090677893946,92368.9830124676,1.1365712605894758,337.30964825698715
116.7,773.5195208389008,5.986256296291327,2.0817247821689313,-3.8922547697469985,0.0,0.0,0.0,0.0,7.437640062963661,283.1221231145471,92371.06875827962,1.1365920420422733,337.3103728260414
116.75,772.1392959578537,7.004035687052725,2.879424832110514,-2.835299930094431,0.0,0.0,0.0,0.0,8.086193725287336,283.13109457627394,92386.45400351676,1.1367453310928057,337.31571706246837
116.8,770.7686771350922,6.323020912892911,2.001026583320443,-3.1361384684181868,0.0,0.0,0.0,0.0,7.3362160099828415,283.1400035986219,92401.73422418897,1.1368975689364598,337.3210240204102
116.85,769.3262905886504,7.458380153469835,2.8502771672519893,-1.6774191563076568,0.0,0.0,0.0,0.0,8.158752935944232,283.14937911117374,92417.81675076987,1.137057795033052,337.3266087687234
116.9,768.8961365927242,6.917626418656625,1.7537013777691448,-3.195321923634309,0.0,0.0,0.0,0.0,7.819149952913267,283.1521751121473,92422.61338169177,1.1371055816123194,337.328274255685
116.95,767.5604648947509,8.925884574692253,3.4629780356999404,-2.551322744259904,0.0,0.0,0.0,0.0,9.908222850836935,283.1608569781841,92437.50869102837,1.137253973570192,337.3334457088755
117.0,767.3472167262343,10.464431637765534,3.4311695458730544,-2.2535435068817926,0.0,0.0,0.0,0.0,11.240805678037676,283.16224309127944,92439.88699834714,1.1372776666266702,337.33427135571696
117.05,767.1891764680561,12.482660264717019,6.24578970382565,-0.8089898392490074,0.0,0.0,0.0,0.0,13.981457751921571,283.1632703529576,92441.64961662583,1.1372952260211735,337.33488324918767
117.1,767.1013244912898,11.662236967248429,4.177646332096272,-0.5259771856877034,0.0,0.0,0.0,0.0,12.39907867368367,283.16384139080657,92442.62943886715,1.137304987089086,337.33522339021084
117.15,768.009817656442,9.88771985231233,5.25946976107382,-0.49521971218339095,0.0,0.0,0.0,0.0,11.210453541618923,283.1579361852331,92432.4973261959,1.137204049217668,337.331705913867
117.2,768.7304777430171,10.441969899524343,6.391541259072021,1.962456105980908,0.0,0.0,0.0,0.0,12.39910355698726,283.15325189467035,92424.46069101778,1.1371239853609678,337.32891565786525
117.25,768.0672804316184,8.972135462517262,5.569468280829977,2.8508003262937605,0.0,0.0,0.0,0.0,10.938247308839184,283.15756267719445,92431.8564938118,1.1371976650630458,337.33148342999965
117.3,768.1634546120462,8.405063643658195,6.4682306007138255,2.9334929367839115,0.0,0.0,0.0,0.0,11.004021208999763,283.15693754502166,92430.7839548228,1.1371869801054986,337.3311110633258
117.35,767.7126698598299,6.338435055800117,5.955976402319436,2.55396578540597,0.0,0.0,0.0,0.0,9.064885829099346,283.1598676459111,92435.81121468949,1.137237062983765,337.3328564057499
117.4,766.581301485629,5.176622597191319,6.73785452272168,2.189122716364955,0.0,0.0,0.0,0.0,8.774301302691734,283.1672215403434,92448.42948179683,1.1373627671797513,337.3372367830415
117.45,765.417333999032,3.7283191142985164,5.46015154742502,2.383140548032525,0.0,0.0,0.0,0.0,7.028013745758347,283.1747873290063,92461.41278573705,1.137492104494801,337.34174331663695
117.5,764.8951412333766,2.5362433958308666,5.9318684893296,2.184510594238065,0.0,0.0,0.0,0.0,6.811143874118022,283.17818158198304,92467.23798780136,1.137550132976467,337.3437650711089
117.55,763.388837488816,2.623143058584459,4.710018348156866,1.5994386878519853,0.0,0.0,0.0,0.0,5.623464809347689,283.1879725563227,92484.04287997118,1.1377175331222416,337.34959690387865
117.6,763.082226284823,2.9765688445277054,5.891820739238304,3.0580007519542116,0.0,0.0,0.0,0.0,7.274948955730489,283.18996552914865,92487.46385300627,1.1377516100722311,337.35078397300185
117.65,762.1273567583715,4.2686212695935675,6.052437824619029,4.235828933210889,0.0,0.0,0.0,0.0,8.532020740453707,283.19617218107055,92498.11833703559,1.1378577398369025,337.35448079787943
117.7,761.3881059676161,2.6538375908924925,5.709769112798182,2.2009201020032485,0.0,0.0,0.0,0.0,6.6699600130510674,283.20097731121047,92506.36761850251,1.1379399096798755,337.3573428162727
117.75,760.9071610379366,4.2822659648639405,5.45188048957407,2.0404123453097514,0.0,0.0,0.0,0.0,7.226623361247142,283.20410345325337,92511.73479104183,1.1379933705238328,337.3592047873586
117.8,760.6102635069002,5.763493646953023,5.78479717260339,1.8188964659626543,0.0,0.0,0.0,0.0,8.366009903204722,283.2060332872051,92515.04818664205,1.1380263739986924,337.3603542165693
117.85,759.7227079319757,7.311265291887861,6.959209886662839,3.053523025520045,0.0,0.0,0.0,0.0,10.545577522467463,283.21180239844216,92524.95393713549,1.138125040075166,337.3637903359843
117.9,759.3070786510519,8.415962622890012,6.201546996350001,2.684068463092015,0.0,0.0,0.0,0.0,10.79313835417598,283.2145039887681,92529.59295030644,1.1381712462039892,337.3653994083659
117.95,758.4878506114053,8.825668048405165,7.4227873329143845,3.6051814012457903,0.0,0.0,0.0,0.0,12.082529587226452,283.21982897102583,92538.73725039506,1.1382623252126056,337.3685709555443
118.0,758.2836761910697,10.013552445122183,6.728564160436847,3.8968174314594886,0.0,0.0,0.0,0.0,12.67793336180839,283.22115610475805,92541.01637830236,1.138285025503557,337.36936138869976
118.05,757.6531657512783,10.380863370382599,7.3436548547711284,3.122529147241242,0.0,0.0,0.0,0.0,13.093577785155816,283.2252544226167,92548.05483354142,1.1383551283928781,337.3718023113624
118.1,757.3019174641937,10.072776325139765,6.763008068597996,2.3920132332391355,0.0,0.0,0.0,0.0,12.366116138068932,283.2275375364827,92551.97604360731,1.138394183135595,337.37316210657053
118.15,756.54244805859,11.340280926159982,7.136205840841708,0.8090143774952518,0.0,0.0,0.0,0.0,13.42318552170405,283.23247408761915,92560.45494793408,1.138478630844578,337.376102238424
118.2,756.2872304389566,12.608808120534446,8.345970774623408,2.503766271377158,0.0,0.0,0.0,0.0,15.326647250230865,283.23413300214673,92563.30440177159,1.1385070103423858,337.3770902559519
118.25,755.2866508881303,11.82802829327158,7.138113394068634,2.0399107737026143,0.0,0.0,0.0,0.0,13.96481836966321,283.24063676922714,92574.47635808196,1.138618277258442,337.38096374639946
118.3,754.9861357988428,13.01069610061372,8.657172469417697,1.7004950844250364,0.0,0.0,0.0,0.0,15.719940576221097,283.2425901173075,92577.83196810787,1.1386516969026543,337.3821271058121
118.35,754.7984377321128,11.696696698316336,8.424593042854234,0.9017703335109385,0.0,0.0,0.0,0.0,14.44298000152713,283.24381015474125,92579.92789125258,1.13867257078635,337.382853723905
118.4,754.6394219693369,10.74902397243677,8.230984616177997,0.9526661683681035,0.0,0.0,0.0,0.0,13.571963636118848,283.2448437571993,92581.70356463245,1.1386902551428835,337.383469305634
118.45,753.931787626668,11.309630599702189,6.776640481898246,1.808390878895776,0.0,0.0,0.0,0.0,13.307925386531727,283.2494433804266,92589.60580414707,1.1387689546565043,337.38620868567233
118.5,753.3863573236631,11.565766850793066,7.707208935834467,2.5094160846072655,0.0,0.0,0.0,0.0,14.123214985023631,283.25298867739616,92595.6970639667,1.138829617496699,337.3883201294692
118.55,752.3342110387971,10.486382285998037,5.70203600934565,1.0751414287935168,0.0,0.0,0.0,0.0,11.98471347975729,283.2598276282478,92607.44814627548,1.1389466443487033,337.39239311069826
118.6,751.4765762862337,10.236999623625112,6.3535334860520996,2.1737048354688846,0.0,0.0,0.0,0.0,12.242897604906561,283.2654022541395,92617.0276853598,1.1390420431135824,337.3957130786801
118.65,750.1871046579815,8.752209802584673,5.955300317086885,1.740885771417993,0.0,0.0,0.0,0.0,10.728348501250322,283.2737838197231,92631.43223107824,1.1391854886391244,337.40070465787727
118.7,750.3952026715624,10.241212220598525,5.119206031913937,3.0569563681078775,0.0,0.0,0.0,0.0,11.850471736645588,283.2724311826348,92629.10746831112,1.139162338122186,337.39989910989226
118.75,748.9293180845804,9.070773733244534,5.516066993842607,3.325746324587683,0.0,0.0,0.0,0.0,11.125040216367188,283.2819594324502,92645.48457423225,1.1393254227182372,337.4055735122329
118.8,748.7703570207941,7.408163742287509,5.672887043217779,1.614574424043558,0.0,0.0,0.0,0.0,9.469392166788058,283.28299267936484,92647.26065452382,1.1393431087452381,337.40618884077446
118.85,747.5450287386795,8.511609725565021,6.729157013351151,2.897963653862781,0.0,0.0,0.0,0.0,11.230638787254078,283.29095731319853,92660.95223698621,1.1394794459663566,337.4109319738397
118.9,746.9296752051083,8.41879205931544,6.360905531631869,2.574220506536902,0.0,0.0,0.0,0.0,10.861113669261211,283.29495711116675,92667.82869694472,1.1395479185221997,337.41331392561347
118.95,746.2684927109424,8.32820517972975,6.417284954191597,2.03605977768136,0.0,0.0,0.0,0.0,10.709159029413241,283.29925479737886,92675.21774743412,1.139621494136102,337.4158732564647
119.0,745.860483015184,10.205108381816512,7.191588803465972,2.8858279917826315,0.0,0.0,0.0,0.0,12.8137110081707,283.3019068604013,92679.77770123206,1.13966689879065,337.41745258653924
119.05,744.7649718291509,9.80609352814951,6.967098595350597,1.531238184392078,0.0,0.0,0.0,0.0,12.126195755367482,283.3090276831105,92692.02213356478,1.139788817708182,337.42169307116524
119.1,744.8169220573811,9.672251708473684,7.380743449907441,1.1013703840346856,0.0,0.0,0.0,0.0,12.21641697504847,283.308690006627,92691.44146084147,1.1397830359666978,337.4214919843773
119.15,744.9843294246066,10.026351795986844,6.864964198441587,0.6621753743127644,0.0,0.0,0.0,0.0,12.169385358723735,283.30760185874004,92689.5702881042,1.1397644047070759,337.42084399007103
119.2,743.9450626613284,10.202539174653591,5.84452319196396,0.08687398003427288,0.0,0.0,0.0,0.0,11.758307873165796,283.31435709270136,92701.18704335704,1.1398800715367907,337.42486672568145
119.25,742.3043701340675,9.333223493918785,5.094659463067285,-1.825574534538128,0.0,0.0,0.0,0.0,10.788759808857211,283.32502159412854,92719.52883788318,1.1400626932720996,337.4312173288542
119.3,740.838850977642,10.254936373902689,3.5699437773144616,-2.04176773005203,0.0,0.0,0.0,0.0,11.048847635362726,283.3345474686453,92735.91480132389,1.1402258357853505,337.43688979011245
119.35,739.5808119227976,13.328446388769377,3.8685982345357828,-0.540803128456312,0.0,0.0,0.0,0.0,13.889060568026226,283.34272472250177,92749.98280096489,1.14036589572917,337.441759099599
119.4,738.6310586378926,13.520119306402222,3.3088579651742536,-2.9440608769839365,0.0,0.0,0.0,0.0,14.227074946749758,283.3488981188537,92760.60454510983,1.1404716423351504,337.4454351254788
119.45,737.1991376526538,12.06954247449982,1.7887370791046426,-3.4857768384807093,0.0,0.0,0.0,0.0,12.68952623424561,283.35820560525775,92776.62056419306,1.1406310882199688,337.45097730868247
119.5,736.5432064484489,11.66380803387421,2.257841294019033,-3.3692438843138373,0.0,0.0,0.0,0.0,12.348848914454832,283.36246915808505,92783.95789461445,1.1407041325339224,337.4535160293335
119.55,735.710516450647,10.819762652873864,2.2444370094995274,-3.5834411812829967,0.0,0.0,0.0,0.0,11.616617926653616,283.36788164307075,92793.27314838955,1.1407968658122383,337.4567388509242
119.6,735.2359288692801,11.201930614499116,1.397571719252259,-3.775394748973312,0.0,0.0,0.0,0.0,11.903363462193429,283.37096646234966,92798.5826703986,1.140849721269733,337.45857566851737
119.65,734.4475646156609,12.624013266609095,2.2688361365398655,-2.1992948211146848,0.0,0.0,0.0,0.0,13.013463262336181,283.3760908299982,92807.4031612225,1.140937526598359,337.4616268879343
119.7,733.9000175379617,11.4080271225726,2.2629824777407865,-1.9157826290520228,0.0,0.0,0.0,0.0,11.787043548137564,283.3796498860032,92813.5297060109,1.1409985135714507,337.4637460523547
119.75,734.3791393612094,11.1098755164254,2.0449518772037463,-0.8764198981537564,0.0,0.0,0.0,0.0,11.330457802243805,283.37653559415213,92808.16875855553,1.1409451478142536,337.4618917140451
119.8,733.9386913370822,9.167182297940748,2.5823208989218367,-1.047767998919168,0.0,0.0,0.0,0.0,9.58141066274929,283.3793985063089,92813.09697126121,1.1409942059185363,337.4635963740835
119.85,734.2436703034576,9.327866322659212,3.91442644543903,-0.6080128206526794,0.0,0.0,0.0,0.0,10.134175058692756,283.3774161430275,92809.68451150891,1.1409602364946716,337.4624160190264
119.9,733.9019978948412,9.620372548831584,2.8520309361198133,0.2161848286490907,0.0,0.0,0.0,0.0,10.03655241201055,283.3796370136835,92813.50754706115,1.140998292990542,337.46373838782887
119.95,733.8850666517604,8.983993254125277,3.522102670058598,1.1709948910718517,0.0,0.0,0.0,0.0,9.720523187746572,283.3797470667635,92813.69699717646,1.1410001788683428,337.4638039163908
120.0,733.7142230607955,10.136293669891934,3.3831105476527226,-0.04643430724355857,0.0,0.0,0.0,0.0,10.686067681089222,283.3808575501048,92815.60864858395,1.141019208327271,337.4644651273088
120.05,733.3052061344796,11.490413835604437,5.9852100838017375,-0.5537584876340322,0.0,0.0,0.0,0.0,12.967613439770581,283.38351616012585,92820.1854659451,1.141064767773129,337.46604812820766
120.1,732.9964922300646,9.908772478418225,7.545903530089232,-0.447712092201895,0.0,0.0,0.0,0.0,12.462940192104565,283.38552280050453,92823.6400336292,1.1410991556198442,337.46724292564863
120.15,732.8350050611072,11.866153348940975,6.2998451304581184,-0.708857341604225,0.0,0.0,0.0,0.0,13.453479947548374,283.3865724671028,92825.44714743449,1.1411171440986096,337.46786791834654
120.2,732.4214958880685,13.248230088891427,7.8553147466871,1.1773656293349752,0.0,0.0,0.0,0.0,15.446933678981965,283.38926027672755,92830.0746302994,1.1411632069575686,337.4694682892195
120.25,731.7965385551404,13.980936531758228,7.989646213229889,1.9132258949725611,0.0,0.0,0.0,0.0,16.21608665007757,283.39332249939156,92837.06873375403,1.1412328267862188,337.4718869962808
120.3,731.5635209673547,13.962182265750643,7.684239047707395,1.8359127069890984,0.0,0.0,0.0,0.0,16.04246361479548,283.3948371137122,92839.6766195701,1.1412587856211718,337.4727888154651
120.35,730.209961881253,14.15095858376202,7.467386380105077,0.46092593556180017,0.0,0.0,0.0,0.0,16.00699662357684,283.40363524777183,92854.82655281031,1.1414095849615715,337.4780272803284
120.4,729.051013625509,15.205311017366883,6.949286347121201,-0.09092234793687477,0.0,0.0,0.0,0.0,16.718323203673812,283.4111684114342,92867.79986300325,1.1415387149201917,337.48251250917144
120.45,728.1624832902147,13.957686985201105,6.250744242681489,-0.8609035527034702,0.0,0.0,0.0,0.0,15.317636387227815,283.4169438586136,92877.74709880615,1.141637722495748,337.48595115717194
120.5,727.4433500769803,13.34072972695812,6.32126314239802,-0.8775053491279282,0.0,0.0,0.0,0.0,14.788625798259009,283.4216182244996,92885.79853907455,1.1417178592192365,337.4887342058689
120.55,727.0773775216279,12.302478623754176,6.2763680639966735,-0.7246021564760836,0.0,0.0,0.0,0.0,13.829997275771806,283.4239970461094,92889.89619742273,1.1417586430811504,337.49015051245567
120.6,726.6984525226255,11.377987194644987,6.971600514066414,0.7022172743476107,0.0,0.0,0.0,0.0,13.362444216146557,283.4264600586029,92894.13903369279,1.141800871533554,337.4916169384815
120.65,726.8239141419735,10.882659312191386,6.538970641433964,1.615151066820414,0.0,0.0,0.0,0.0,12.798403170841757,283.4256445580771,92892.73421824121,1.1417868896105572,337.49113140726297
120.7,727.160216873815,10.608062957998788,7.468808659342543,2.4582359423945404,0.0,0.0,0.0,0.0,13.204432076360442,283.4234585903202,92888.96866324444,1.1417494113932405,337.48982992631346
120.75,726.7305536551162,9.244044151907671,6.976000867442443,2.171324416470331,0.0,0.0,0.0,0.0,11.782681787544648,283.4262514012417,92893.77959012239,1.1417972940480292,337.49149270850813
120.8,726.586849310467,8.602148354892156,7.797456645908151,2.5839979447781527,0.0,0.0,0.0,0.0,11.894298291324661,283.4271854794819,92895.38868861953,1.1418133091326998,337.4920488376569
120.85,726.4765511879798,7.900854050885208,8.814616273052884,2.205882198530125,0.0,0.0,0.0,0.0,12.041049416406779,283.4279024172781,92896.62374343713,1.1418256013882098,337.4924756856537
120.9,726.1378249082799,8.073976720272194,8.997355183941558,1.4474485952821405,0.0,0.0,0.0,0.0,12.175245698608368,283.43010413809617,92900.41668824443,1.1418633516208168,337.49378653536235
120.95,724.6984683710092,11.419663285489055,8.692694627127155,3.100191177801855,0.0,0.0,0.0,0.0,14.682739348410175,283.4394599555884,92916.53552513388,1.1420237751087836,337.4993566991681
121.0,723.5137432359738,13.179221879715252,9.472642130583266,1.926177103309783,0.0,0.0,0.0,0.0,16.344203759197974,283.44716066896615,92929.80453545382,1.1421558315893394,337.5039413963005
121.05,722.1035724645214,12.069561541170502,9.315710745890806,0.613223699263304,0.0,0.0,0.0,0.0,15.258860566980276,283.4563267789806,92945.60055387534,1.142313032803767,337.5093984508712
121.1,721.1409367089072,12.52997482682817,10.290569033790918,-0.5930306504943939,0.0,0.0,0.0,0.0,16.22491188119646,283.4625839113921,92956.3847604062,1.1424203537879094,337.51312359147033
121.15,720.8389096014081,12.439208152835702,9.495985982481358,-3.1263806230449322,0.0,0.0,0.0,0.0,15.958756375394904,283.4645470875908,92959.7685155702,1.1424540273519075,337.51429234639846
121.2,720.8854623808691,11.611874332338946,7.584421216899402,-3.521611358952028,0.0,0.0,0.0,0.0,14.309466002226841,283.46424449452434,92959.24695585694,1.1424488370464363,337.5141122012745
121.25,719.823759291284,12.269932329277855,8.581467367172891,-3.1027685719598677,0.0,0.0,0.0,0.0,15.291173740104226,283.4711455646066,92971.14246447258,1.1425672139134972,337.51822064600964
121.3,718.6610636227529,12.881608177677402,8.320778869989473,-2.8896428192965384,0.0,0.0,0.0,0.0,15.605166640237478,283.4787030864521,92984.17092575636,1.1426968619300393,337.52271984172046
121.35,717.2673430879559,12.643641855732936,5.75079084407081,-4.754486675300601,0.0,0.0,0.0,0.0,14.681226728509488,283.4877622699283,92999.79005947128,1.142852285530216,337.52811293789455
121.4,716.2435158930263,14.19673343031541,4.524024297964684,-3.130715275549753,0.0,0.0,0.0,0.0,15.22548567621311,283.4944171466953,93011.26522958887,1.1429664700205073,337.53207465179133
121.45,714.2860434753771,14.500235941255456,3.2819302008310327,-3.0525386095288005,0.0,0.0,0.0,0.0,15.177150594161848,283.50714071741004,93033.20799168859,1.1431848055613192,337.5396489897232
121.5,713.0385477907569,15.636948587453597,2.7608094583939775,-3.6431085038398154,0.0,0.0,0.0,0.0,16.291361808117045,283.51524943936005,93047.19428409019,1.1433239672817102,337.54447602085804
121.55,712.6353179181227,14.735953522434084,2.6727793298867604,-3.653446011350934,0.0,0.0,0.0,0.0,15.415568212669406,283.51787043353215,93051.71545813134,1.1433689515015608,337.54603625449903
121.6,711.7259762478849,14.750584687856627,1.5547326213556927,-2.811850296883498,0.0,0.0,0.0,0.0,15.096471251574712,283.5237811543887,93061.91201228106,1.143470402391973,337.5495547805006
121.65,711.3151831974775,14.966133102722537,3.092177136466182,-2.3842660235815667,0.0,0.0,0.0,0.0,15.467107808601355,283.5264513092164,93066.51857930879,1.1435162348612435,337.55114425466667
121.7,711.5800892062459,14.480684245725316,3.6577671461343098,-0.9707319231103928,0.0,0.0,0.0,0.0,14.967023658238885,283.52472942015936,93063.54794489987,1.143486678950788,337.5501192594656
121.75,711.3864526122692,14.187730363054229,3.166239020803649,0.5759124065558058,0.0,0.0,0.0,0.0,14.548142063219464,283.52598805802023,93065.71936234563,1.143508283181799,337.5508684937377
121.8,711.1677321249601,11.80339039265297,2.6050417040905627,0.10374037296336858,0.0,0.0,0.0,0.0,12.087887702423698,283.52740974118774,93068.17211689132,1.1435326864237696,337.5517147826257
121.85,711.2871067619392,10.307755206570828,3.029716739485964,1.9691514566162969,0.0,0.0,0.0,0.0,10.922754157226262,283.52663380604736,93066.83343067055,1.143519367420193,337.55125289004076
121.9,711.3867529845056,9.662051951329671,2.635747657493309,1.0099545761937416,0.0,0.0,0.0,0.0,10.065903927126945,283.5259861056007,93065.71599397573,1.1435082496687219,337.55086733151455
121.95,711.5836278799992,9.734036499741823,3.67860094680965,1.887766764562443,0.0,0.0,0.0,0.0,10.575785307085306,283.52470641878,93063.50826302034,1.1434862841402775,337.55010556732924
122.0,711.5020279121122,7.256882985951151,4.114919800035003,0.3131397629766274,0.0,0.0,0.0,0.0,8.348231677646737,283.5252368185713,93064.42330991603,1.1434953882909105,337.55042130069876
122.05,710.7080682836759,6.030761124306197,4.733745463986506,-0.4438698157972728,0.0,0.0,0.0,0.0,7.679547269835095,283.53039755615606,93073.32700614352,1.1435839736721287,337.55349333978523
122.1,710.7690188934603,6.153923572439351,6.281978427595578,0.08788806485438383,0.0,0.0,0.0,0.0,8.794415990396677,283.5300013771925,93072.64346367952,1.1435771729727964,337.55325750680043
122.15,710.877663742675,6.53345456266109,7.7107900398177165,1.6752557699115136,0.0,0.0,0.0,0.0,10.24445183770859,283.5292951856726,93071.42505497487,1.143565050759754,337.55283713259803
122.2,709.9014064669936,4.626263370155244,6.709014867842751,-0.3029920886737626,0.0,0.0,0.0,0.0,8.15505962410908,283.5356408579645,93082.3738548317,1.143673981666073,337.5566144983537
122.25,709.4263744416793,3.9229370072997227,5.485668172278779,0.4727417196129931,0.0,0.0,0.0,0.0,6.760582430017162,283.53872856612907,93087.70175244517,1.1437269886685628,337.55845249211325
122.3,708.7254523291548,3.3046468288432918,4.3655365443822856,-0.5748495719700796,0.0,0.0,0.0,0.0,5.505365747533531,283.54328455986047,93095.5636549872,1.1438052053124723,337.5611644814479
122.35,707.5665008310488,4.734391825567662,6.120582517639123,0.32053577739854733,0.0,0.0,0.0,0.0,7.7445942113079145,283.55081774459813,93108.56422991467,1.143934542919616,337.56564861819345
122.4,707.0899120977076,3.629231025368619,4.356094560723892,-1.511525317938429,0.0,0.0,0.0,0.0,5.867843423629783,283.5539155713649,93113.9108055864,1.1439877329011803,337.5674925858004
122.45,706.0035003191646,5.467846150121622,6.0179873752650686,-0.6986824389097439,0.0,0.0,0.0,0.0,8.160984666122738,283.5609772479254,93126.09956553933,1.1441089896349597,337.5716959797189
122.5,705.1761427314274,6.430519738412917,6.4655280692771235,1.5196314868470717,0.0,0.0,0.0,0.0,9.244669662921739,283.5663550722457,93135.38279007247,1.1442013393735644,337.57489704195035
122.55,704.4266628971997,6.130840246428267,5.4990074303133065,1.990285616541132,0.0,0.0,0.0,0.0,8.472751718377925,283.5712266911682,93143.79284740431,1.1442850013120844,337.5777967674707
122.6,704.0281414622774,6.005383304771989,5.024527175174734,3.845315148292352,0.0,0.0,0.0,0.0,8.723356610903291,283.5738170804952,93148.2649834697,1.1443294888387565,337.5793386304005
122.65,703.0765075053182,5.729981654188286,4.750597680000646,5.234507939172287,0.0,0.0,0.0,0.0,9.099502263300975,283.5800027012154,93158.94475235773,1.144435726472052,337.58302043428876
122.7,702.8541269260123,5.496435884187179,3.624154670678771,5.836975231321862,0.0,0.0,0.0,0.0,8.798612638197465,283.5814481749809,93161.44057459831,1.1444605534775059,337.5838808030969
122.75,702.0866251758717,6.0590469216006015,4.075277380037883,6.252833022094402,0.0,0.0,0.0,0.0,9.61342062559422,283.5864369363568,93170.0548179469,1.1445462420481511,337.5868501757936
122.8,701.4588676266811,7.758051095487213,4.053357156916822,6.045591322557296,0.0,0.0,0.0,0.0,10.63796199847975,283.59051736042653,93177.10108762854,1.1446163323739569,337.5892788754326
122.85,701.4433462587353,8.811942032697022,3.5440386699941993,5.5479847968498595,0.0,0.0,0.0,0.0,10.999575800370847,283.5906182493182,93177.27531281472,1.1446180654058433,337.58933892505183
122.9,700.4958300941573,8.78655661482344,2.6810958017843056,3.1736934186756485,0.0,0.0,0.0,0.0,9.719268581513122,283.59677710438797,93187.91154893277,1.144723863731059,337.59300468898994
122.95,699.1132360863201,9.894133753875618,0.6221824776293319,1.4045446856697084,0.0,0.0,0.0,0.0,10.012678939679072,283.6057639654389,93203.43346633797,1.1448782556603578,337.59835361682514
123.0,698.2508805082564,11.69642586136212,2.7863272878935588,-0.33579795409047736,0.0,0.0,0.0,0.0,12.028414606737343,283.61136927669634,93213.11590211677,1.14497456151253,337.6016898228235
123.05,697.4167347025219,11.350894751946576,4.911863022632737,-1.1962297979077903,0.0,0.0,0.0,0.0,12.42578672568774,283.6167912244336,93222.48237654047,1.1450677228600994,337.6049168619485
123.1,696.1849878166514,13.586922672267132,5.778458758680449,-0.03855688806341667,0.0,0.0,0.0,0.0,14.764705888081705,283.62479757919175,93236.31483613147,1.1452053007801408,337.60968203407583
123.15,696.8798038164455,12.244995756399913,5.326554073316274,-1.2465314276000552,0.0,0.0,0.0,0.0,13.41141081207375,283.62028127519307,93228.51188081827,1.1451276929078518,337.6069940567906
123.2,697.2769319693585,12.303490851422882,8.803915946251381,-1.336319953184284,0.0,0.0,0.0,0.0,15.187842971830607,283.6176999421991,93224.0522710536,1.145083337257738,337.6054577102858
123.25,697.8001821532423,13.450408004202488,9.677313545129696,1.291740403345143,0.0,0.0,0.0,0.0,16.62024266368874,283.6142988160039,93218.17661889087,1.1450248969156573,337.6034334321668
123.3,697.7803515232043,13.177085976350877,9.150800939816817,2.2913881021480846,0.0,0.0,0.0,0.0,16.20565370797985,283.61442771509917,93218.39929444302,1.1450271117013786,337.60351015039356
123.35,697.4505592276738,12.208079503125335,6.635088593792851,2.9011561167091995,0.0,0.0,0.0,0.0,14.194305640489363,283.6165713650201,93222.10255215787,1.1450639450643985,337.6047860064496
123.4,695.7587522013094,9.195795042507697,3.8555215951710426,1.8310952693138387,0.0,0.0,0.0,0.0,10.138076894556626,283.62756811069147,93241.10182908573,1.145252911403374,337.61133096601424
123.45,694.5471487246235,11.339619022831522,5.406220157303146,3.6438563173743037,0.0,0.0,0.0,0.0,13.080208898708843,283.6354435332899,93254.71026623993,1.1453882560802535,337.61601812224967
123.5,693.4477653762749,9.891319499444547,4.135735402127776,3.167466326674008,0.0,0.0,0.0,0.0,11.179237527090955,283.6425895250542,93267.05966573002,1.145511075563912,337.62027109229314
123.55,692.6301478573258,9.469734427736435,3.9973655267044035,2.0156284588145903,0.0,0.0,0.0,0.0,10.474614998649104,283.6479040389274,93276.24484151836,1.1456024236306388,337.6234340150632
123.6,691.3405384947906,9.973426807432576,5.799164492495543,4.4025420290890915,0.0,0.0,0.0,0.0,12.348357275853811,283.65628649978385,93290.73389741946,1.145746516168429,337.62842276038924
123.65,691.1726084190814,8.635560123773098,5.575238491873095,2.926007845191058,0.0,0.0,0.0,0.0,10.687268350831426,283.65737804527595,93292.6207642978,1.145765280599908,337.6290723783351
123.7,690.2086102929275,8.232027147053742,6.585168497090406,2.15345022150892,0.0,0.0,0.0,0.0,10.759556819005999,283.6636440330959,93303.45287121514,1.1458730018675225,337.6328014686669
123.75,690.1363048960313,7.696496894115991,6.165973391821361,1.2659924113038168,0.0,0.0,0.0,0.0,9.942737505097123,283.6641140181758,93304.26538251249,1.1458810818937248,337.63308117020216
123.8,690.0000930429949,6.944015179986215,6.86651842928885,-1.5781280852705715,0.0,0.0,0.0,0.0,9.892366269662793,283.6649993952205,93305.79603996612,1.1458963034947356,337.6336080827222
123.85,689.7269785829882,6.585053089686995,7.144913705305598,-1.8344722723664615,0.0,0.0,0.0,0.0,9.888276117116742,283.66677463921053,93308.86517835972,1.14592682435417,337.63466457734984
123.9,690.0154786440369,7.283537263802998,7.9352434888633905,-2.503348510006592,0.0,0.0,0.0,0.0,11.058243895994876,283.66489938881375,93305.62314588146,1.1458945841543802,337.6335485661675
123.95,689.8610587704325,8.872853989447483,9.152218944741445,-1.9600646789646738,0.0,0.0,0.0,0.0,12.896995893473148,283.6659031179922,93307.35843484684,1.1459118406591364,337.63414591244697
124.0,689.7755506993587,8.069814228382128,7.821756802726523,-2.2338720289051195,0.0,0.0,0.0,0.0,11.458270611358502,283.66645892045415,93308.31934062048,1.1459213963180508,337.63447668501345
124.05,688.6960899597293,10.302838915745292,8.676885040642917,-1.247215544758399,0.0,0.0,0.0,0.0,13.527467255455305,283.67347541526175,93320.45058118203,1.1460420329641872,337.63865235652634
124.1,687.9272148959421,9.002011896596457,8.356251224254263,0.11171020923381397,0.0,0.0,0.0,0.0,12.283144217998993,283.6784731031764,93329.09216366742,1.1461279655979897,337.6416265598386
124.15,686.6121556816715,8.04376744244877,7.601926266720507,1.621245965745627,0.0,0.0,0.0,0.0,11.185701413603908,283.6870209880691,93343.87395069782,1.1462749534404904,337.6467134809331
124.2,685.9474421861934,8.42954008941166,6.331252100382999,3.355955984194122,0.0,0.0,0.0,0.0,11.06364948131722,283.69134162578973,93351.3463152251,1.146349255811844,337.6492847010876
124.25,685.369131604995,7.7327701261223645,5.7549526424251365,3.7653799651419533,0.0,0.0,0.0,0.0,10.348589276896584,283.6951006445675,93357.84777699335,1.1464139029721707,337.6515216847576
124.3,683.6521414655001,8.924556594488264,6.071918871489667,4.409433523412385,0.0,0.0,0.0,0.0,11.660146362184708,283.70626108047423,93377.15262013215,1.146605855261987,337.6581631478946
124.35,683.3997202603422,9.342012782689109,5.305026453777926,4.4711775235840765,0.0,0.0,0.0,0.0,11.636491608496684,283.70790181830773,93379.99097054772,1.146634076966057,337.6591395234598
124.4,682.4939030292797,8.192220193809591,5.812236249283651,1.8808667509177686,0.0,0.0,0.0,0.0,10.219208465241156,283.71378963030963,93390.17700819972,1.1467353553439965,337.66264323838453
124.45,682.1209002168832,8.144423497516222,6.18512647049074,0.41534830817675106,0.0,0.0,0.0,0.0,10.235230226036194,283.7162141485902,93394.37173694436,1.1467770623466857,337.66408600840856
124.5,682.2317554188535,6.566459800468277,7.013402201549534,-1.6494141824249928,0.0,0.0,0.0,0.0,9.748167617406382,283.71549358977745,93393.12506150473,1.1467646670422593,337.6636572225739
124.55,682.0568497814551,6.335234127953057,7.186003497628982,-2.7153208698225404,0.0,0.0,0.0,0.0,9.957248874564245,283.7166304764205,93395.09205303437,1.146784224210188,337.6643337540391
124.6,681.8652814720924,7.615721440216327,7.025454323878162,-2.3054551347882026,0.0,0.0,0.0,0.0,10.614675920177229,283.7178756704314,93397.2464717245,1.146805644816529,337.66507473482693
124.65,681.3692840665994,8.94512891804945,7.442869979316784,-0.778459856978207,0.0,0.0,0.0,0.0,11.66266027278794,283.7210996535671,93402.82475293362,1.1468611072135424,337.66699323117
124.7,681.7768037292383,9.152577378286226,9.112884952312287,-0.5023939187292039,0.0,0.0,0.0,0.0,12.925430146388653,283.71845077575995,93398.24152516514,1.1468155382414986,337.6654169636782
124.75,680.7446740303934,7.730156547445652,8.502981767943927,-0.6799167154183998,0.0,0.0,0.0,0.0,11.511659564715641,283.7251596188024,93409.84987190214,1.1469309539855594,337.66940918005605
124.8,680.3276998013563,7.129481546372624,6.842843997009083,-0.5816938362634705,0.0,0.0,0.0,0.0,9.899110505829196,283.72786995129115,93414.53990591227,1.1469775837763607,337.67102199822443
124.85,678.9808108681517,8.173038388174923,7.003918162221907,2.6637024907169287,0.0,0.0,0.0,0.0,11.08822515449314,283.736624729357,93429.69071781987,1.1471282148622446,337.67623158876125
124.9,678.1441541776621,8.703930826963953,6.435110522894288,3.546397377460121,0.0,0.0,0.0,0.0,11.390609888908243,283.74206299784515,93439.10305851595,1.1472217910777414,337.6794676271331
124.95,677.0832952597465,9.468621043700363,5.6627421998278225,4.115450732998642,0.0,0.0,0.0,0.0,11.775328803335187,283.74895858081163,93451.03876565349,1.1473404516813612,337.68357079501334
125.0,675.6084161663683,9.703434849982045,5.426653498250319,3.5072884220267726,0.0,0.0,0.0,0.0,11.65788523503305,283.7585452949186,93467.63465859322,1.1475054374217517,337.6892752186082
125.05,675.0669268813974,12.234093340917209,5.440653498407551,4.289627532953364,0.0,0.0,0.0,0.0,14.059681885998726,283.7620649752709,93473.72829809671,1.1475660150846154,337.69136952491414
125.1,674.1969545828609,11.154952599339838,6.421330461991323,1.1507626245427203,0.0,0.0,0.0,0.0,12.922488421881473,283.7677197952114,93483.51918862405,1.1476633460273324,337.69473427061547
125.15,673.7050675654588,11.890984495185414,7.3497811413658605,-0.7661090892993534,0.0,0.0,0.0,0.0,14.000061365130664,283.7709170608245,93489.05537828447,1.147718380260709,337.69663670109827
125.2,673.7619911036273,12.75503205847557,7.42269263917345,1.1605556078351198,0.0,0.0,0.0,0.0,14.803178650116223,283.7705470578264,93488.41469013102,1.147712011330475,337.69641654321515
125.25,674.1604938091556,11.051634437435217,8.39744885452788,-1.1538620625669331,0.0,0.0,0.0,0.0,13.927927651396917,283.7679567902405,93483.92954561731,1.1476674253312795,337.6948752872835
125.3,674.1879129487463,11.101558026745538,6.905348961853205,-1.6337607217906989,0.0,0.0,0.0,0.0,13.175644538398547,283.7677785658331,93483.62094984444,1.1476643576223222,337.694769240288
125.35,673.8264865711803,10.937662418589886,7.351774229847799,-1.5922510336959959,0.0,0.0,0.0,0.0,13.274649029785824,283.7701278372873,93487.68878238196,1.1477047952422512,337.6961670999105
125.4,673.7423889221931,12.565703778880883,8.337665892735762,-0.09518253821390113,0.0,0.0,0.0,0.0,15.080538575032769,283.77067447200574,93488.63531701025,1.1477142045313242,337.69649235676843
125.45,672.6780072308776,12.664836221961433,6.6137795542253555,1.2490367958618998,0.0,0.0,0.0,0.0,14.342253987376345,283.77759295299927,93500.6158008976,1.147833298276025,337.70060894233194
125.5,672.1230792523909,11.092818226837252,7.042728692175705,1.663682884726498,0.0,0.0,0.0,0.0,13.244564333573965,283.7811999848594,93506.86246082775,1.1478953929571354,337.70275515298283
125.55,670.2410475055764,11.60703122193608,6.404203335345105,1.8956111321073328,0.0,0.0,0.0,0.0,13.391427695044825,283.79343319121375,93528.05045145852,1.1481060054792454,337.7100338997245
125.6,669.7544918173687,11.681720526683844,6.210199987542815,2.83104245391043,0.0,0.0,0.0,0.0,13.529374698213758,283.7965958031871,93533.52874775151,1.1481604592744703,337.7119156254733
125.65,668.727164465371,11.920890314712285,5.01951082505009,1.7590634412166595,0.0,0.0,0.0,0.0,13.053636237019216,283.8032734309751,93545.09662997688,1.1482754410380611,337.71588871965434
125.7,667.9233232181194,13.655267088295675,5.641332790127354,2.549590151937206,0.0,0.0,0.0,0.0,14.993043881897776,283.8084983990822,93554.14882815968,1.1483654156648124,337.7189974692557
125.75,667.7768878901937,13.354448336341386,5.115355515831976,1.5875091730540165,0.0,0.0,0.0,0.0,14.388479342720498,283.80945022871373,93555.79793861024,1.148381806874951,337.71956378541825
125.8,667.2060805998959,14.705125596336416,5.4647218124848935,1.9164331487390727,0.0,0.0,0.0,0.0,15.804322804393188,283.8131604761007,93562.22642268041,1.1484457017873753,337.7217712859664
125.85,666.4910933105372,13.341691306517939,6.471985756012068,2.2040804543863164,0.0,0.0,0.0,0.0,14.991507502377713,283.8178078934815,93570.27917972831,1.1485257397286535,337.7245363578924
125.9,666.3865533961757,14.080378883596401,6.48773905979843,1.8813646154398154,0.0,0.0,0.0,0.0,15.616893430829663,283.81848740292486,93571.45663863955,1.1485374426152848,337.72494064343755
125.95,665.7056354269348,14.937397389014894,6.445556408227176,3.0089591097011814,0.0,0.0,0.0,0.0,16.544632757871696,283.8229133697249,93579.126279718,1.148613671290351,337.7275739348082
126.0,665.5762731755906,13.675275232495697,8.285993862480106,2.635483786392877,0.0,0.0,0.0,0.0,16.20545037207877,283.82375422435865,93580.58343206384,1.1486281538144947,337.7280742108109
126.05,665.301636353689,13.515770699033775,6.747307302558083,2.4490235190164236,0.0,0.0,0.0,0.0,15.303592049604209,283.825539363701,93583.67703598816,1.148658900761709,337.729136297256
126.1,665.2266276487646,13.064034627480751,6.197725769665282,2.8742590013159632,0.0,0.0,0.0,0.0,14.742529303706169,283.826026920283,93584.52197431905,1.1486672984657726,337.7294263733235
126.15,664.3447705881802,14.903776128173229,6.195462716205328,3.969806063088704,0.0,0.0,0.0,0.0,16.62124126908494,283.8317589911768,93594.45614902634,1.1487660315237955,337.7328367005261
126.2,663.2194693135596,14.304275137810762,5.420081500732681,3.6232960018921334,0.0,0.0,0.0,0.0,15.719982334917022,283.83907344946186,93607.13397796801,1.1488920301185,337.73718842782955
126.25,663.0046805046082,14.552583525325923,4.503880014028149,3.1724707489838515,0.0,0.0,0.0,0.0,15.560436789997505,283.84046957672,93609.55398199006,1.1489160809578594,337.7380190455266
126.3,662.4432009890862,15.554720394500608,6.153903144631228,3.605232509601113,0.0,0.0,0.0,0.0,17.11191257320116,283.8441191935709,93615.88035482957,1.1489789540866249,337.740190353947
126.35,661.6762030717305,14.07265857491129,5.393693245339918,2.5972164944559535,0.0,0.0,0.0,0.0,15.29304350709576,283.84910468003375,93624.52293001262,1.1490648449265655,337.743156404042
126.4,660.8296375428986,15.977773025019399,5.263763601699177,3.3463056733931884,0.0,0.0,0.0,0.0,17.152090244439425,283.85460735597115,93634.0628275388,1.1491596517007168,337.74643011902305
126.45,659.9900380371953,14.952593819056627,4.27132117503558,2.0554940758337588,0.0,0.0,0.0,0.0,15.685958765526111,283.8600647527582,93643.52500277632,1.1492536842613004,337.74967686467284
126.5,659.2169863452318,14.161694745538204,5.580232943517344,1.5248055388203579,0.0,0.0,0.0,0.0,15.297634774727035,283.86508958875595,93652.23787760045,1.149340268876583,337.752666241191
126.55,658.7424081202818,15.950063075147012,6.161948998058555,2.235207513952076,0.0,0.0,0.0,0.0,17.244427511119955,283.86817434721814,93657.58705682523,1.1493934258447278,337.7545014132551
126.6,658.5885984751319,14.228189056507528,5.7788777312781665,1.673520247390039,0.0,0.0,0.0,0.0,15.447895056583201,283.8691741099116,93659.32076584802,1.1494106542920093,337.75509618590536
126.65,657.9888718909358,12.799828416892433,5.903912166109374,1.5416190728441506,0.0,0.0,0.0,0.0,14.179858099881613,283.8730723327089,93666.08100228322,1.149477832446308,337.75741528254525
126.7,657.7342382699572,12.325575981541409,5.360395127797913,1.3343252023757959,0.0,0.0,0.0,0.0,13.506816166238632,283.87472745124523,93668.95140220925,1.1495063560467569,337.75839992638515
126.75,656.8901279153317,12.227166430814071,6.989509967521133,1.787591100963163,0.0,0.0,0.0,0.0,14.196912708654176,283.8802141685503,93678.46728628015,1.1496009156439624,337.76166399980224
126.8,657.001927635801,11.024188771091724,5.7672786302357695,0.7399285233574765,0.0,0.0,0.0,0.0,12.463616452664011,283.8794874703673,93677.20689285637,1.1495883911854479,337.76123168551555
126.85,655.4449660668172,10.848383135301045,6.287375218776181,2.048534604970491,0.0,0.0,0.0,0.0,12.704920220911527,283.88960772056566,93694.76080353957,1.149762820521956,337.7672521939682
126.9,655.2719250965006,10.84254968725355,6.298521642058014,2.048239060428357,0.0,0.0,0.0,0.0,12.705413879315373,283.8907324868727,93696.71191257329,1.1497822078778646,337.76792130766285
126.95,654.8758950618703,10.721305782730026,5.5759983979700785,2.6097287003099106,0.0,0.0,0.0,0.0,12.363205074340005,283.89330668209783,93701.17744002148,1.1498265796707512,337.7694526690279
127.0,654.2054743259741,10.668750031736304,4.416435152752775,3.2913075741461393,0.0,0.0,0.0,0.0,12.00665782996149,283.8976644168811,93708.73731552385,1.1499016975909973,337.77204502328493
127.05,653.698369207694,10.156685057560468,4.348709203428002,3.813850699574689,0.0,0.0,0.0,0.0,11.688241110325276,283.90096060015,93714.4559207212,1.1499585191535242,337.7740058624735
127.1,653.285555526785,10.385670638420013,4.520633168552113,3.7394007704912817,0.0,0.0,0.0,0.0,11.92817659899047,283.90364388907585,93719.11141360243,1.1500047768658443,337.7756020936132
127.15,652.9498769643499,11.315569155748014,4.563133647038728,3.9146411979740603,0.0,0.0,0.0,0.0,12.813614232843463,283.9058257997317,93722.8971557403,1.1500423922751495,337.77690005999256
127.2,651.8828707171456,11.637443948401197,5.824470473970373,1.9549580044647255,0.0,0.0,0.0,0.0,13.159651163824709,283.91276134033853,93734.9315452403,1.1501619649247323,337.78102581382785
127.25,651.3011244428184,10.316727690010117,4.599131484037777,-0.3715204974889885,0.0,0.0,0.0,0.0,11.301544501409683,283.91654269112166,93741.49338463508,1.150227161560943,337.7832752095359
127.3,651.6880634165993,10.015566214265318,5.4548687976185875,-0.29288246003973695,0.0,0.0,0.0,0.0,11.408459156562937,283.9140275877921,93737.12884357902,1.1501837967749737,337.7817790626161
127.35,651.3497836532254,9.674278719873588,8.512184379501399,-0.4410921055389658,0.0,0.0,0.0,0.0,12.893545435837085,283.916226406254,93740.94451611575,1.1502217081871762,337.7830870631052
127.4,651.2264840367526,9.477151534317793,7.1985098592457195,0.5107783750529924,0.0,0.0,0.0,0.0,11.91200402730379,283.9170278537611,93742.33532216147,1.150235526758395,337.7835638150426
127.45,650.3301052975334,9.644444128709996,5.813414048484016,0.14872230899109884,0.0,0.0,0.0,0.0,11.262024852401616,283.922854315566,93752.44687755739,1.1503359905274957,337.7870297447735
127.5,649.8017794035188,9.785804828590356,6.548686567608579,1.0367872364906578,0.0,0.0,0.0,0.0,11.820414530708698,283.9262884338771,93758.40704496078,1.1503952070469525,337.78907254812464
127.55,649.4732254332021,8.263622307969335,5.145574870531043,0.3204742361842581,0.0,0.0,0.0,0.0,9.739974236776343,283.92842403468416,93762.11369351289,1.15043203364231,337.79034291527415
127.6,648.9681808848222,10.803116589059842,6.666475345044366,3.5001502988462305,0.0,0.0,0.0,0.0,13.16815376874897,283.93170682424864,93767.81168786503,1.1504886442778148,337.79229568103057
127.65,647.6617566698211,10.933718345792528,6.1120839164392615,4.2499282365323285,0.0,0.0,0.0,0.0,13.227458436237491,283.94019858164614,93782.55227808563,1.1506350917514254,337.7973469463698
127.7,646.6907190470876,8.483931190662878,3.09700036022416,2.6281953843592607,0.0,0.0,0.0,0.0,9.406163439867411,283.9465103261939,93793.50986415826,1.1507439523155034,337.80110139664663
127.75,645.824222235501,8.523349740795704,4.54603316688061,4.183567957583481,0.0,0.0,0.0,0.0,10.5269249647758,283.9521425554692,93803.2886441899,1.1508410997268297,337.80445161182587
127.8,645.1150932481602,8.361682890820461,4.226959747958792,2.8782527766363373,0.0,0.0,0.0,0.0,9.801493178272292,283.9567518938869,93811.29207655657,1.1509206084909223,337.80719335679686
127.85,644.8451399473274,8.137138801307925,4.697356259005208,3.3599422401411214,0.0,0.0,0.0,0.0,9.978346333579072,283.9585065903423,93814.33899195187,1.1509508772245824,337.80823708645835
127.9,644.448318358804,8.724328687414765,4.673772801658394,3.6851939030682637,0.0,0.0,0.0,0.0,10.56118920154267,283.96108593066776,93818.81799285293,1.1509953722738788,337.80977132545684
127.95,643.9365785490141,6.943183474164878,4.7534415844048254,1.6456346465740357,0.0,0.0,0.0,0.0,8.573862434298219,283.9644122394314,93824.59435325366,1.1510527548852707,337.8117498647143
128.0,643.9638838071776,7.3248246783083575,5.732578757637076,1.195691409986227,0.0,0.0,0.0,0.0,9.377909880585431,283.9642347552533,93824.28613268763,1.151049693025955,337.811644294707
128.05,643.6777546894957,8.361050249027054,6.531110872093241,0.9593163919008204,0.0,0.0,0.0,0.0,10.652833352216653,283.96609459451827,93827.51598643645,1.1510817782583624,337.812750550803
128.1,643.4782584790388,7.643979745258154,7.578396662614831,0.526107976602061,0.0,0.0,0.0,0.0,10.776795067407232,283.96739131988625,93829.7679726384,1.1511041492710126,337.8135218574335
128.15,643.3766676091319,7.877320080362639,6.652031634393899,-1.500867217966257,0.0,0.0,0.0,0.0,10.418939433523327,283.9680516605406,93830.9147843597,1.151115541548237,337.8139146347016
128.2,642.8349507186375,8.69307915542746,7.544714426227504,-1.6505878010414412,0.0,0.0,0.0,0.0,11.628275068332346,283.97157282032884,93837.03016409071,1.151176290481122,337.816009048277
128.25,642.5534492638702,8.506250757939302,6.060468930568288,-1.7967288046221748,0.0,0.0,0.0,0.0,10.597821474844984,283.9734025797848,93840.20812909391,1.1512078594387802,337.81709739848594
128.3,640.9635516861545,8.234373985745789,6.962937975437811,-0.8447633703360805,0.0,0.0,0.0,0.0,10.816702147086355,283.98373691404,93858.15865600994,1.1513861708067956,337.823244247114
128.35,639.9669265046099,8.90827299448602,8.078776836260964,-0.2954201482334022,0.0,0.0,0.0,0.0,12.029598329885246,283.99021497772003,93869.41233757442,1.1514979558238247,337.82709733397104
128.4,639.2953454518128,8.273324218147392,7.393909353233477,-0.2535303459384645,0.0,0.0,0.0,0.0,11.098741675466156,283.9945802545632,93876.9963054965,1.1515732874203124,337.8296937317697
128.45,638.4699055749163,8.32667404112929,6.888269763777231,0.875123142936679,0.0,0.0,0.0,0.0,10.84193716275313,283.99994561376303,93886.31843567351,1.1516658826060295,337.83288493544103
128.5,637.7727338004457,8.814024718082072,6.033451771894341,1.5503079549818655,0.0,0.0,0.0,0.0,10.793193538986353,284.0044772302971,93894.19255005692,1.151744093526265,337.83558022289407
128.55,637.229342103556,8.227227526827049,6.103990188342866,1.6547862524435806,0.0,0.0,0.0,0.0,10.377103957214796,284.00800927632685,93900.33018651362,1.1518050557319617,337.83768097694116
128.6,636.8752291698164,8.989618274373381,5.250813151744568,2.3939281917995743,0.0,0.0,0.0,0.0,10.682470110464825,284.01031101039615,93904.33008468508,1.1518447843982742,337.8390499716513
128.65,635.8349639514593,8.648816123613287,4.7162725887804555,2.298225257547622,0.0,0.0,0.0,0.0,10.11568518718257,284.0170727343155,93916.08124405374,1.15196149997954,337.8430715875928
128.7,635.4939524636551,9.167671674594493,5.2677887316258,1.9339945409475807,0.0,0.0,0.0,0.0,10.748773741158617,284.01928930898623,93919.93367499478,1.1519997627241427,337.84438991139444
128.75,635.2762221145449,8.996823985210227,6.014405167504462,-0.41928511505718125,0.0,0.0,0.0,0.0,10.830129793657457,284.02070455625545,93922.39345710831,1.152024193379611,337.845231637243
128.8,635.4168106453237,6.608886535229171,4.248330992456366,-2.1916628867368333,0.0,0.0,0.0,0.0,8.156536254201189,284.01979073080537,93920.80516932956,1.152008418455059,337.84468813493095
128.85,634.3687756802141,8.110403627723795,3.197126704158121,-2.0511232143454956,0.0,0.0,0.0,0.0,8.95585688850951,284.02660295807857,93932.64578450267,1.1521260185990407,337.8487397205487
128.9,632.8608824328528,9.050714537369027,3.9825885463873814,-1.7614763385059284,0.0,0.0,0.0,0.0,10.043865991632666,284.03640426418644,93949.68396237667,1.1522952356153604,337.8545689814607
128.95,632.0738718027548,9.409534910548816,5.097550571232371,-1.2799395458392853,0.0,0.0,0.0,0.0,10.777876149785339,284.04151983328205,93958.57764617333,1.1523835621447336,337.8576113918422
129.0,632.4415282701281,9.842513535773293,5.81700458982424,-0.6903835328747083,0.0,0.0,0.0,0.0,11.453787344035218,284.0391300662441,93954.42282663815,1.152342299262304,337.8561901160337
129.05,632.2062389087152,9.908905206676739,6.27172807363491,-1.4616505491438037,0.0,0.0,0.0,0.0,11.817673110741303,284.04065944709333,93957.08177220459,1.1523687061672339,337.8570996915758
129.1,631.8949418805217,10.581812723662729,7.059264818675567,-0.1319412073138243,0.0,0.0,0.0,0.0,12.721060835521873,284.0426828777766,93960.59975482647,1.1524036442467565,337.8583030918318
129.15,631.0960894227101,10.568103061355032,5.971967397061188,0.4391054787174593,0.0,0.0,0.0,0.0,12.146687224442022,284.04787541875237,93969.62811276462,1.1524933062817342,337.86139124578
129.2,631.0516938448519,8.78355050955615,6.520310372985873,-1.9094491041029442,0.0,0.0,0.0,0.0,11.104557748742216,284.04816399000845,93970.12987704246,1.15249828933319,337.86156286660474
129.25,630.2683615440577,9.176474668876462,7.050052420190811,-1.7521068496272465,0.0,0.0,0.0,0.0,11.703879907470018,284.0532556499636,93978.98355184218,1.1525862148815433,337.8645909947517
129.3,630.6771015245902,10.557579741770397,7.302482124775655,-1.123447949795759,0.0,0.0,0.0,0.0,12.886072733087026,284.0505988400901,93974.36365186879,1.1525403350060408,337.8630109317488
129.35,629.4977771976678,11.750613279192418,7.952285815442993,0.4796179843922372,0.0,0.0,0.0,0.0,14.196682553983571,284.05826444821514,93987.69380093965,1.1526727145361393,337.86756981664314
129.4,629.5415903647884,12.068159120626996,7.131626072502318,0.05557218611426584,0.0,0.0,0.0,0.0,14.017975719291174,284.05797966262884,93987.19854418196,1.1526677962861809,337.86740045026636
129.45,628.6566454313944,13.274810753415672,8.867703472290922,0.5718795441914187,0.0,0.0,0.0,0.0,15.974473751098826,284.0637318046959,93997.20222431512,1.152767138950652,337.8708213213345
129.5,627.5479916798681,10.884066145340997,7.589075708557223,-0.16949186665268906,0.0,0.0,0.0,0.0,13.269728462151468,284.07093805408084,94009.73599194965,1.152891604093089,337.8751069193963
129.55,627.166305826182,11.336846212615374,6.411617938436449,0.917256569712681,0.0,0.0,0.0,0.0,13.056580189760743,284.0734190121298,94014.05141411007,1.152934457167392,337.876582346875
129.6,626.5465012680737,11.781148027991751,6.800643535905343,1.2493882878364244,0.0,0.0,0.0,0.0,13.66035037814506,284.0774477417575,94021.05939916111,1.1530040471755154,337.87897822146334
129.65,625.1831706174274,11.7460818467439,5.937236598135513,0.7331196099289019,0.0,0.0,0.0,0.0,13.181755631747567,284.0863093909867,94036.47574821052,1.153157129624685,337.88424816045483
129.7,624.4069803251933,11.648410228091056,6.2816665667763365,0.5126239501255234,0.0,0.0,0.0,0.0,13.244152634740141,284.09135462788623,94045.25371197006,1.1532442915913013,337.88724847840683
129.75,623.7724780414122,12.49500295730938,5.955122716112249,0.42564344861102366,0.0,0.0,0.0,0.0,13.848095819009622,284.0954788927308,94052.42981384015,1.1533155465058382,337.88970108989963
129.8,623.8328634975252,12.309514468499314,7.811443630839213,0.33952878798922226,0.0,0.0,0.0,0.0,14.582800754513718,284.09508638726606,94051.7468465628,1.153308765044783,337.88946767611833
129.85,623.3388650566764,11.792964419276053,6.318087978477572,-1.0069237993658606,0.0,0.0,0.0,0.0,13.416636725939298,284.0982973771316,94057.33415043737,1.1533642433918927,337.89137717164056
129.9,622.9452510277105,11.330286769835071,6.117630216997708,-0.6174738319786792,0.0,0.0,0.0,0.0,12.891162542292355,284.10085586831985,94061.78626212267,1.1534084495591264,337.8928986347622
129.95,622.1970986086875,11.979009878105858,5.988811471793668,0.78192439057446,0.0,0.0,0.0,0.0,13.415436864188226,284.1057188590435,94070.24897697444,1.1534924769439143,337.89579050039055
130.0,621.7830427883051,10.560711619740351,6.234662617764391,0.558839245417747,0.0,0.0,0.0,0.0,12.276479510628716,284.108410221876,94074.93282818465,1.1535389828870244,337.89739095746995
130.05,622.0774394150875,11.565755990654534,5.821624256299251,0.6282321541249568,0.0,0.0,0.0,0.0,12.963514039656436,284.1064966438019,94071.60255733282,1.1535059166840584,337.8962530219071
130.1,622.0074230911791,13.199538165332877,6.99696567367796,1.7558032967600947,0.0,0.0,0.0,0.0,15.04221332230136,284.1069517499073,94072.39458670499,1.1535137807504852,337.89652365736947
130.15,621.8980263350705,10.462253604076567,7.585475174732026,0.5921435285215937,0.0,0.0,0.0,0.0,12.936337119171677,284.107662828822,94073.63210098821,1.1535260680151949,337.8969465103506
130.2,621.8637684310912,10.9138227032941,8.075451714631338,-0.07775857702060719,0.0,0.0,0.0,0.0,13.576836626791243,284.1078855051979,94074.01963480086,1.153529915827523,337.89707892785026
130.25,620.6069459798184,9.398778884509813,9.04855473436966,-1.0782222902099643,0.0,0.0,0.0,0.0,13.091063769147896,284.11605485113114,94088.23801233103,1.1536710876131753,337.9019369033331
130.3,620.0985606213684,7.428494589562017,7.388477497761076,-2.314794165574457,0.0,0.0,0.0,0.0,10.729883672764187,284.1193593559611,94093.98984797165,1.1537281954309058,337.9039019371929
130.35,619.4722209424513,7.6492637249288205,8.443625240079795,-3.059667453855348,0.0,0.0,0.0,0.0,11.79693212901584,284.123430563874,94101.07660184486,1.1537985562375601,337.9063228776639
130.4,618.1888746637582,9.119541149106938,8.71283341934433,-3.789513819122951,0.0,0.0,0.0,0.0,13.169658763567943,284.1317723146856,94115.59844211406,1.153942733119395,337.91128323881503
130.45,617.4212366486404,10.777309189590012,8.875726318221972,-3.7465114674552407,0.0,0.0,0.0,0.0,14.455630709857425,284.1367619617838,94124.28559840965,1.1540289796074938,337.91425026118986
130.5,616.5822502646377,13.988498577221428,9.290924795772364,-2.5731617650414007,0.0,0.0,0.0,0.0,16.98883567154308,284.14221537327984,94133.7809279222,1.154123247944171,337.9174930246435
130.55,615.818867598609,13.936114227229119,9.968780278320533,-0.8524503296102028,0.0,0.0,0.0,0.0,17.155714253748307,284.147177360609,94142.42127718191,1.1542090265813314,337.92044354538234
130.6,615.7714071864602,12.459184426036742,8.898936448664674,-0.29530114310965205,0.0,0.0,0.0,0.0,15.313704621824565,284.147485853288,94142.95847921883,1.1542143597026977,337.92062698193024
130.65,615.3001761711362,11.116780160011459,7.018266224599966,0.6618025554836533,0.0,0.0,0.0,0.0,13.16346628163835,284.1505488548876,94148.29245424259,1.1542673129036316,337.9224483048051
130.7,614.7847744528772,11.484944325160765,5.02729920772889,0.7446904657521505,0.0,0.0,0.0,0.0,12.559149945989821,284.15389896605626,94154.12668806652,1.154325231785573,337.9244403376131
130.75,613.2624678771438,11.996811048459277,5.97363108480473,-0.03897549362467348,0.0,0.0,0.0,0.0,13.401838036585996,284.1637939587985,94171.36057223154,1.154496315782046,337.93032399922674
130.8,612.957366142066,12.515274714045306,5.960063576130871,-0.5720102359886615,0.0,0.0,0.0,0.0,13.873775791384967,284.16577712007654,94174.81490644456,1.1545306068881753,337.9315031944272
130.85,611.3932003333944,12.282343935847326,4.110611977744068,-0.7551525351540926,0.0,0.0,0.0,0.0,12.973949234576503,284.1759441978329,94192.5258614601,1.154706419423017,337.9375485127143
130.9,609.8490613157932,10.801835533296885,3.3198042458055483,-1.9014270356050844,0.0,0.0,0.0,0.0,11.459327026077652,284.18598110144734,94210.01269973842,1.1548800010324358,337.9435163237174
130.95,608.8948922297322,12.385669266972691,3.5018484520256985,-1.4046100688128014,0.0,0.0,0.0,0.0,12.94761272270672,284.1921832005067,94220.81964737615,1.1549872722119852,337.9472039576413
131.0,608.0490194280799,11.346947495993419,3.482143301657862,-3.366212699926977,0.0,0.0,0.0,0.0,12.337338748338787,284.19768137371744,94230.40086741826,1.1550823747009533,337.9504730188372
131.05,607.8923862659799,13.504368897589172,4.455930928657668,-1.323355508666317,0.0,0.0,0.0,0.0,14.281966586064375,284.1986994892711,94232.17514129735,1.1550999858117326,337.95107835861893
131.1,607.949012716057,13.643355507145133,5.89558751578707,-0.23746079569927714,0.0,0.0,0.0,0.0,14.86457161441748,284.1983314173456,94231.53369781947,1.1550936189709862,337.950859514647
131.15,608.6598222704287,12.198550058246065,5.75001938119338,-0.8022560177851896,0.0,0.0,0.0,0.0,13.50966176947843,284.19371115524217,94223.48221088057,1.1550137008070862,337.94811244029336
131.2,609.1117597529542,11.900089329049983,5.441334285295362,3.125349153988812,0.0,0.0,0.0,0.0,13.453180002439522,284.1907735616058,94218.36331117131,1.1549628905022542,337.9463658203806
131.25,609.238962162207,11.166458045394446,6.826685291536732,1.9919844434196712,0.0,0.0,0.0,0.0,13.23863359157826,284.18994674594563,94216.92258530215,1.1549485897326393,337.9458742147819
131.3,608.9107082324285,11.045099283983962,6.627873051747271,2.9182347541137506,0.0,0.0,0.0,0.0,13.207536237438761,284.1920803964892,94220.64050667491,1.1549854940569722,337.94714283292456
131.35,608.0263032772684,10.03177014590856,5.0406896745857965,1.9101611804918948,0.0,0.0,0.0,0.0,11.388313325127488,284.19782902869775,94230.65818464146,1.1550849287875102,337.95056080995454
131.4,607.5463758390506,9.908146107121627,5.737754023912669,1.2963547249025595,0.0,0.0,0.0,0.0,11.5227477665604,284.20094855704616,94236.09469621677,1.1551388903573776,337.9524155803893
131.45,606.654158356479,9.961475205640651,6.924390205887781,1.747347142923653,0.0,0.0,0.0,0.0,12.256891532271611,284.20674797068284,94246.20221293828,1.1552392136812504,337.9558636966939
131.5,606.0961043668286,8.091420374782953,6.114175436256417,-0.04114584410503541,0.0,0.0,0.0,0.0,10.141790666704829,284.2103753216156,94252.52459316036,1.1553019661551862,337.95802036717174
131.55,605.36698136283,8.050550522447843,6.544694196381456,-0.47010942289534197,0.0,0.0,0.0,0.0,10.38582633727954,284.2151146211416,94260.7855889213,1.1553839590554316,337.9608381348321
131.6,604.5194631721874,8.335605730859335,6.559552294835253,-0.3101511028415684,0.0,0.0,0.0,0.0,10.611608874982496,284.2206234893808,94270.38874418291,1.1554792715793123,337.964113422827
131.65,603.3123828214765,9.179353898587784,6.120568162577738,-0.031848062032276386,0.0,0.0,0.0,0.0,11.032810472736953,284.22846951166036,94284.0674348002,1.1556150311146658,337.96877820687956
131.7,603.2737308002382,8.556636119413106,6.450446344227014,0.20350974672415606,0.0,0.0,0.0,0.0,10.717541506185473,284.2287207497984,94284.50546785469,1.1556193784837638,337.96892757725743
131.75,602.1827700698549,8.770428713829835,6.563118452180356,1.0589631553043601,0.0,0.0,0.0,0.0,11.005287211427664,284.23581199454594,94296.8697146952,1.1557420889728416,337.97314355766224
131.8,601.9285142165199,8.255219511267175,6.014257605553176,1.1659084336774017,0.0,0.0,0.0,0.0,10.280043103065307,284.2374646575926,94299.7514755535,1.1557706889231454,337.974126113149
131.85,601.1173762367237,8.622926455392092,5.624821469346519,2.2216302174812173,0.0,0.0,0.0,0.0,10.53228930671523,284.24273705446126,94308.94546987575,1.1558619333360107,337.9772606849111
131.9,600.8112272050762,9.927240564408374,5.392515245471775,3.033551548650156,0.0,0.0,0.0,0.0,11.697510884568493,284.244727023167,94312.41576169785,1.155896373284917,337.9784437635041
131.95,600.4639341298986,11.237666713241643,5.37127591418679,3.217482420315598,0.0,0.0,0.0,0.0,12.864212032972027,284.24698442815566,94316.35255886929,1.1559354426449033,337.9797858336248
132.0,600.2158893296354,13.173967362541553,5.211715141553839,3.3118403981158555,0.0,0.0,0.0,0.0,14.54935316804853,284.24859671935735,94319.16439252613,1.1559633475098978,337.9807443680899
132.05,599.2213833967827,12.673808576724628,4.691011294063366,2.476840143624746,0.0,0.0,0.0,0.0,13.739204776753269,284.2550610079209,94330.43878463424,1.1560752339009281,337.9845874699809
132.1,598.9981338432248,12.741746680587049,6.591567253195437,3.41357558564687,0.0,0.0,0.0,0.0,14.746300064917094,284.256512130019,94332.96984259247,1.1561003516185735,337.9854501745463
132.15,598.3043871915896,10.92046969405567,6.153048173071546,0.3057069798736525,0.0,0.0,0.0,0.0,12.538345860458264,284.26102148325464,94340.83544101022,1.156178407440324,337.9881310097672
132.2,597.8127933426368,13.276290358963797,7.934447783690454,0.5020382575016851,0.0,0.0,0.0,0.0,15.474733914986091,284.26421684327283,94346.4093818962,1.1562337207956368,337.9900306559441
132.25,597.5568344107386,14.305410014450407,7.6082105720885105,0.8142764310911209,0.0,0.0,0.0,0.0,16.22321392009018,284.2658805763302,94349.31167991151,1.1562625216876037,337.99101974343904
132.3,597.052311907554,13.927959405729219,8.009454363062265,-1.1627623201912791,0.0,0.0,0.0,0.0,16.108737648086354,284.2691599726009,94355.03263222607,1.156319292941315,337.9929693324835
132.35,596.6056974296034,13.970905990361569,9.905818741162047,1.4204413177090953,0.0,0.0,0.0,0.0,17.18514220660781,284.27206296670755,94360.09718012148,1.1563695498900122,337.9946951424397
132.4,595.7773670116841,14.109574031171713,8.168416718726426,1.2481320249714043,0.0,0.0,0.0,0.0,16.351175633074334,284.27744711442404,94369.4909179723,1.1564627652627657,337.9978959577612
132.45,594.9812469604534,14.022431345290665,7.879373407952913,1.5664907117453508,0.0,0.0,0.0,0.0,16.16066209303722,284.282621894757,94378.52008558241,1.1565523612901503,338.0009722779596
132.5,594.6624008098721,13.718538464344665,6.472672684690059,1.811551316187108,0.0,0.0,0.0,0.0,15.276632726226552,284.2846943947358,94382.13646418347,1.1565882459962644,338.0022043366174
132.55,593.8707954172694,13.808576626529733,6.913399305478561,2.331180254607279,0.0,0.0,0.0,0.0,15.617499152783893,284.28983982978775,94391.11540111437,1.156677341320111,338.00526317262694
132.6,592.9452887432105,11.884608949105687,5.8093010082265115,1.1469442098596803,0.0,0.0,0.0,0.0,13.278079269904785,284.29585562316913,94401.61401623061,1.156781513914218,338.008839380397
132.65,592.1185718167724,12.987226796895486,6.068909668824968,2.3748888272848574,0.0,0.0,0.0,0.0,14.530651099806912,284.30122928319093,94410.9927954631,1.1568745730635517,338.0120338272529
132.7,591.7097932818922,11.078651577914894,6.321031894071006,0.4797655308556529,0.0,0.0,0.0,0.0,12.764095735902965,284.30388634366767,94415.63050634933,1.156920589215953,338.0136133426133
132.75,591.7192232387818,11.959692122039815,6.098488866252971,0.14289149654209438,0.0,0.0,0.0,0.0,13.425580809990185,284.3038250489479,94415.52351867827,1.1569195276710178,338.0135769054561
132.8,591.9646880053849,13.240347795888818,5.96608534826349,-0.6189206427858636,0.0,0.0,0.0,0.0,14.535613055558702,284.302229527965,94412.73863022735,1.156891895582061,338.0126284333224
132.85,591.2727952874442,11.463402712564843,5.520167732874108,-1.6162383681616557,0.0,0.0,0.0,0.0,12.825524551152727,284.3067268306316,94420.58857919008,1.156969783578257,338.01530188946464
132.9,590.9438370540095,10.968746903562936,6.190060662156011,-0.7705686696830791,0.0,0.0,0.0,0.0,12.618400679574648,284.3088650591489,94424.32099829287,1.1570068165900373,338.01657296842734
132.95,590.9599608750513,11.155049809669062,7.9549315559385185,0.06784733488871292,0.0,0.0,0.0,0.0,13.701119500855238,284.3087602543121,94424.13805174372,1.157005001403346,338.0165106668614
133.0,590.8771366015974,9.656149873193847,7.772416416091077,-0.5400662345679358,0.0,0.0,0.0,0.0,12.407391299399887,284.3092986120896,94425.07780815384,1.1570143256132641,338.01683069521914
133.05,589.655938566662,9.586142433603754,7.094834107422854,1.2728557302482397,0.0,0.0,0.0,0.0,11.993788370619807,284.3172363993167,94438.9348749632,1.1571518125964533,338.0215493009187
133.1,588.9202455177499,10.796089865778397,7.3747785562684305,0.9103510738202405,0.0,0.0,0.0,0.0,13.106168556125217,284.3220184041346,94447.28365871108,1.1572346456686111,338.02439192470945
133.15,587.7976352487067,9.802023008728817,6.13070888169269,-1.2054535800676531,0.0,0.0,0.0,0.0,11.624042532157764,284.32931537088336,94460.02440394473,1.157361051224652,338.0287295010542
133.2,587.8231238166653,9.717781349310712,7.3776649186382555,-0.9013782883661793,0.0,0.0,0.0,0.0,12.234283666134878,284.32914969519163,94459.73511326898,1.1573581811028908,338.028631018153
133.25,587.0284709430465,10.31230999347733,8.210180678377336,-0.5560448273851595,0.0,0.0,0.0,0.0,13.19317967827448,284.3343149388702,94468.75461836936,1.1574476649765117,338.03170138980124
133.3,586.3606381210506,9.43761005294659,7.201458301376925,-1.594789939481773,0.0,0.0,0.0,0.0,11.978014865954268,284.33865585221315,94476.33522406375,1.1575228720543909,338.03428173386334
133.35,586.2583223570895,10.218098281632853,7.2763489018642105,-2.124809935205081,0.0,0.0,0.0,0.0,12.722798555959102,284.3393209046789,94477.49665922501,1.157534394534156,338.0346770554218
133.4,584.8758148049902,9.686911479048764,6.571107191186344,-2.263958307281884,0.0,0.0,0.0,0.0,11.922298894848185,284.34830720376755,94493.19129710384,1.1576900967931012,338.0400186604806
133.45,584.6146315442767,10.97501942307153,7.481540000799465,-0.4726565757077756,0.0,0.0,0.0,0.0,13.290895242944305,284.3500048949622,94496.15656442172,1.1577195138557719,338.0410277867739
133.5,584.8169102056565,10.578855461968473,7.369587805195822,0.9855765002815466,0.0,0.0,0.0,0.0,12.930366133316504,284.3486900836632,94493.86004656402,1.157696731166382,338.04024624875916
133.55,583.2764794496959,9.207366416017328,5.718953916378544,1.0044454685298438,0.0,0.0,0.0,0.0,10.885354423063834,284.35870288357694,94511.35006254893,1.1578702388557829,338.0461979194901
133.6,583.1796612295299,8.680995822899868,4.66600011896747,1.469851767313254,0.0,0.0,0.0,0.0,9.964522557818979,284.35933220200803,94512.44942198071,1.157881144720346,338.04657198679143
133.65,582.1215105877575,8.657412449934537,5.573862677160361,2.0511881325734023,0.0,0.0,0.0,0.0,10.498862234896349,284.36621018117955,94524.4652723194,1.1580003427758672,338.05066023528286
133.7,581.5485958835434,8.564278999815173,6.047529559930413,1.6924132595441441,0.0,0.0,0.0,0.0,10.619969454098639,284.36993412675696,94530.97153262627,1.158064884119063,338.05287371581363
133.75,581.0132992385364,8.591555038469647,6.072260660548637,2.0130088068114613,0.0,0.0,0.0,0.0,10.711646557135847,284.3734135549495,94537.0509141244,1.1581251901104677,338.05494184426226
133.8,581.0197639751132,8.928843522298925,7.175865809356877,2.6130876274853545,0.0,0.0,0.0,0.0,11.749277582409631,284.3733715341617,94536.97749201115,1.1581244617852966,338.0549168677089
133.85,580.1997856577648,7.4342797970697045,5.802068388173264,0.7738962372505309,0.0,0.0,0.0,0.0,9.462104896279094,284.3787013932245,94546.29062061338,1.158216844347154,338.0580848447425
133.9,579.9399516067252,6.896799515466895,6.852976756743082,0.46772067338210677,0.0,0.0,0.0,0.0,9.733853122649547,284.3803903145563,94549.2419121018,1.1582461196332092,338.0590887044907
133.95,579.710608307821,8.306364484731517,6.755386403237236,0.5588215951177338,0.0,0.0,0.0,0.0,10.721157492799998,284.38188104599914,94551.84694030267,1.1582719600219729,338.05997476181005
134.0,579.6880705362846,8.518628827092549,6.713399852657049,0.06128275789068344,0.0,0.0,0.0,0.0,10.846221934472968,284.3820275415141,94552.10294189498,1.158274499403936,338.0600618353317
134.05,579.3105803589581,7.587807955409506,6.05703918111108,-1.684799581309349,0.0,0.0,0.0,0.0,9.853989184024444,284.38448122766675,94556.39085326217,1.1583170327136272,338.0615202458902
134.1,578.7671439458102,7.175647145232907,7.187212520084238,-1.366610668594765,0.0,0.0,0.0,0.0,10.24761242832992,284.3880135643522,94562.56402461714,1.1583782659395896,338.06361976868527
134.15,578.275407919832,6.762884909156623,7.446389256611478,-2.9349198723561165,0.0,0.0,0.0,0.0,10.478505614477099,284.39120984852104,94568.15018615163,1.1584336758132678,338.0655195399631
134.2,577.1225225352593,7.426104261795953,7.276100917120919,-3.984286349329447,0.0,0.0,0.0,0.0,11.133876538593595,284.3987036035208,94581.24810619841,1.158563593369459,338.06997355155175
134.25,575.9699823988835,6.987762543726172,7.266764850756193,-4.765245915702606,0.0,0.0,0.0,0.0,11.150886305617528,284.40619511440724,94594.34357212744,1.1586934831613298,338.0744261706686
134.3,575.2449050639866,6.29223654269208,5.54099312973829,-6.28321799461644,0.0,0.0,0.0,0.0,10.477293254503682,284.4109081170841,94602.58284496433,1.1587752041537533,338.07722733868457
134.35,574.261872147591,8.679787872355508,5.171288877035348,-6.445305394960142,0.0,0.0,0.0,0.0,11.98427752487156,284.4172978310406,94613.75427299396,1.1588860054810173,338.0810250211631
134.4,573.4906593120255,9.760610566959494,3.9024281109020613,-7.061648186801492,0.0,0.0,0.0,0.0,12.663543694983517,284.4223107144718,94622.5192732186,1.158972937446054,338.0840043640408
134.45,573.814391368124,9.25829496124313,3.263877546780944,-7.944898254194062,0.0,0.0,0.0,0.0,12.628948115312557,284.42020645610717,94618.83990850538,1.1589364454025923,338.08275372830803
134.5,573.5707264245441,10.246797556784827,4.3220538897533345,-7.25569672438754,0.0,0.0,0.0,0.0,13.27863490543932,284.42179027824045,94621.60926262858,1.158963911960371,338.08369505067304
134.55,573.7629353773568,9.602056881365776,2.309539214817603,-7.867569356937033,0.0,0.0,0.0,0.0,12.626643074229142,284.42054092004713,94619.42472192206,1.1589422456166725,338.0829525124557
134.6,573.2963372892839,10.118786728003116,1.365399204745739,-7.565454267994929,0.0,0.0,0.0,0.0,12.707881732069078,284.4235738076196,94624.727888625,1.1589948424265546,338.0847550630878
134.65,572.0470761495671,8.965044050739099,0.434219010182195,-7.224784483942529,0.0,0.0,0.0,0.0,11.52206890362633,284.4316940050278,94638.92767445915,1.1591356731479767,338.0895811316884
134.7,571.5315779007277,9.719846451057002,1.0587066753777912,-6.1215985536407125,0.0,0.0,0.0,0.0,11.535607643663639,284.4350447436452,94644.78761256211,1.1591937897054618,338.0915725526573
134.75,570.8548314701105,8.617489528368244,0.46617993217883724,-6.377990143265161,0.0,0.0,0.0,0.0,10.731132641445178,284.43944359544423,94652.48098908058,1.1592700885434282,338.09418687357106
134.8,569.9094780987003,8.204198657816661,0.5854258307306643,-5.72869993583625,0.0,0.0,0.0,0.0,10.023452597536323,284.44558839235845,94663.2287859105,1.1593766775304863,338.0978388088825
134.85,568.9409243205243,8.107515022991537,-0.08586878815624416,-5.12690413830616,0.0,0.0,0.0,0.0,9.592930696100838,284.4518839919166,94674.24137485996,1.1594858901487555,338.10158032732045
134.9,568.027347866871,8.79764404992619,0.30985631009399756,-4.337074518855694,0.0,0.0,0.0,0.0,9.81349923035683,284.45782223886533,94684.62981482198,1.159588910822263,338.10510943068107
134.95,566.1320523316889,7.0998512725655445,1.7699593657930164,-5.2773187648772275,0.0,0.0,0.0,0.0,9.02168152814287,284.470141659844,94706.1845004324,1.1598026586972785,338.1124307517272
135.0,565.2192809289104,5.436972691773011,1.8045914019548328,-4.915106598664984,0.0,0.0,0.0,0.0,7.548211381203817,284.47607467396205,94716.56662117608,1.1599056100970375,338.1159566320778
135.05,564.6075345002132,6.3971548793467985,0.9457730908365394,-3.771415299824366,0.0,0.0,0.0,0.0,7.48609715762829,284.4800510257486,94723.5253143056,1.1599746128314907,338.1183196836835
135.1,563.6757020768962,9.734051634689875,2.3294574862650497,-1.5623810833669145,0.0,0.0,0.0,0.0,10.130111946903039,284.48610793650016,94734.12582172253,1.1600797261172633,338.1219191304245
135.15,562.6682381166835,7.634147083374497,1.927038185492625,-3.4467857757891744,0.0,0.0,0.0,0.0,8.594999129908311,284.49265645224153,94745.5877927107,1.1601933790484633,338.125810680673
135.2,562.6007284013276,9.480898773575634,3.4633718265980713,-1.1008147869183948,0.0,0.0,0.0,0.0,10.153530379092752,284.49309526539133,94746.35589447136,1.1602009951857424,338.1260714501365
135.25,562.3580648288802,10.12321117211175,3.547268118384619,-1.4707080418314276,0.0,0.0,0.0,0.0,10.82707244287133,284.49467257861227,94749.1168767555,1.1602283716958202,338.12700878392855
135.3,562.8100342494955,10.898423680624315,4.986351383068314,-0.39106368026508476,0.0,0.0,0.0,0.0,11.991341444552507,284.49173477737827,94743.97450267733,1.1601773823819097,338.12526296475545
135.35,562.7116957155935,12.119281891031935,5.097861777577919,-0.9076152301402058,0.0,0.0,0.0,0.0,13.179110503503907,284.4923739778486,94745.09335012606,1.1601884763811763,338.1256428171014
135.4,563.1590307520971,12.01317945512492,5.682302264733035,-0.5855401394717414,0.0,0.0,0.0,0.0,13.30217639725764,284.48946630011136,94740.00387856184,1.1601380112181416,338.1239148921971
135.45,563.6535360714073,11.83002469005709,6.5795860744517185,-0.014132899451330616,0.0,0.0,0.0,0.0,13.536640529220174,284.48625201553585,94734.37799346368,1.1600822265929829,338.12200475195846
135.5,563.8001383637496,13.215579309848023,6.167442873902207,2.1842371719571814,0.0,0.0,0.0,0.0,14.74651755910831,284.4852991006356,94732.71018138682,1.160065688936891,338.1214384648989
135.55,562.9508570325547,11.593313318256776,5.892927657225605,1.8624895126096668,0.0,0.0,0.0,0.0,13.137746277544919,284.49081942928836,94742.37230897733,1.1601614956903716,338.12471900771783
135.6,562.4276323561713,13.160928777064253,6.5796290533714705,1.2396162725569317,0.0,0.0,0.0,0.0,14.766117067737065,284.49422038968487,94748.32534333777,1.1602205232645342,338.1267400665062
135.65,561.2979218109069,14.21459739123605,7.51378679293645,1.1454234724310897,0.0,0.0,0.0,0.0,16.119049782658934,284.5015635082291,94761.17975652173,1.1603479793573586,338.131103755706
135.7,560.1803646417492,13.46082046302914,6.348056010532849,-0.27397480353092707,0.0,0.0,0.0,0.0,14.885112187811556,284.5088276298286,94773.89727189527,1.1604740748224336,338.13542044512167
135.75,558.9758115516901,13.229605609103869,6.769670702052184,0.03125694154972687,0.0,0.0,0.0,0.0,14.86108619795509,284.516657224914,94787.60632620889,1.1606099978919324,338.1400731042924
135.8,557.9481004252364,11.305318774318994,5.632229344345095,-0.5990710945746135,0.0,0.0,0.0,0.0,12.644806291621329,284.52333734723595,94799.30400629016,1.1607259755519528,338.144042650072
135.85,557.6702444871562,10.507146623599017,6.9304703955861005,0.3145375753883014,0.0,0.0,0.0,0.0,12.590888926530752,284.52514341083344,94802.4668368613,1.1607573332413286,338.14511586375403
135.9,557.3964122924343,9.297013094210568,6.754491122067928,1.399980233978321,0.0,0.0,0.0,0.0,11.576594812273047,284.5269233200992,94805.58394881201,1.1607882374615015,338.14617353246547
135.95,557.3499135076928,6.18767261610519,5.162516292899377,0.897961267488526,0.0,0.0,0.0,0.0,8.108341465210945,284.5272255622,94806.11326631924,1.160793485295134,338.1463531323106
136.0,556.8686852601957,5.930161605785372,6.138880231558876,2.748639616011886,0.0,0.0,0.0,0.0,8.967033339230165,284.5303535458087,94811.5914540321,1.1608477975822526,338.14821185310757
136.05,556.5943968534053,3.5239487925588295,5.5452607717838465,2.6792131669205643,0.0,0.0,0.0,0.0,7.095513745562201,284.53213642045284,94814.7140025854,1.1608787551359039,338.14927127422203
136.1,556.9303739988646,3.6609504508641564,7.407626286461747,3.0001546906015744,0.0,0.0,0.0,0.0,8.790700402760873,284.5299525690074,94810.88918980652,1.1608408351714201,338.1479735839134
136.15,556.9758026752697,4.2208176752983935,8.40410204013662,2.0865986241934795,0.0,0.0,0.0,0.0,9.633178435367318,284.52965728261074,94810.37203272374,1.1608357079495717,338.14779811816425
136.2,556.2973489852855,6.786394003599261,8.58097310706866,0.839888639115738,0.0,0.0,0.0,0.0,10.972404292698991,284.5340672315956,94818.09574286288,1.1609122821479216,338.1504185985304
136.25,554.6981153159384,7.281892522987267,7.926329126436286,-0.09270210598100281,0.0,0.0,0.0,0.0,10.76388618563869,284.5444622504464,94836.30389062337,1.1610927961780528,338.15659544741527
136.3,554.4214714835,7.952975092848937,10.188088679691557,-0.12285684622600623,0.0,0.0,0.0,0.0,12.925248840057177,284.5462604353572,94839.45391880204,1.1611240246207275,338.15766393970284
136.35,552.9235485510073,8.170492542155358,8.63325444621583,-2.0050706466465176,0.0,0.0,0.0,0.0,12.054473817324638,284.55599693441843,94856.51161514901,1.1612931261225483,338.16344936736544
136.4,552.2635182838286,9.933585907364112,9.21029056717368,-2.5144047517559747,0.0,0.0,0.0,0.0,13.777801441681628,284.56028713115506,94864.02854186019,1.1613676433517053,338.1659985708162
136.45,552.1514587584263,13.329597242138929,8.587390923274045,-3.898441855040681,0.0,0.0,0.0,0.0,16.32848108073437,284.56101551807023,94865.3048088663,1.1613802952034504,338.1664313710734
136.5,551.2604992985188,15.543158867632132,8.667392068659387,-2.4528085690560584,0.0,0.0,0.0,0.0,17.964680423896937,284.5668067545596,94875.45260842309,1.1614808909127747,338.16987244645975
136.55,551.0896333019166,16.03768782300728,9.370608349000687,-0.7085253653916305,0.0,0.0,0.0,0.0,18.58810748118271,284.5679173835375,94877.39882871136,1.1615001836702925,338.1705323633658
136.6,550.6490204666673,13.909210283560467,8.974074326667544,1.3524228791880755,0.0,0.0,0.0,0.0,16.60810610446023,284.5707813669666,94882.41770399308,1.161549935113231,338.1722340878134
136.65,549.930271238078,13.58235689461013,7.407015485252927,2.2040245927673072,0.0,0.0,0.0,0.0,15.626964568234712,284.57545323695246,94890.60520043534,1.1616310956015352,338.17501000566864
136.7,548.7411814916634,13.570635910758972,6.124554066701632,1.6155684883167536,0.0,0.0,0.0,0.0,14.97606033236961,284.58318232030416,94904.15174840504,1.1617653760254396,338.1796023994656
136.75,548.0539125239771,11.872447500201917,5.970255415479025,0.6234020913864405,0.0,0.0,0.0,0.0,13.303668273775182,284.58764956859414,94911.98208347338,1.161842992713014,338.1822566784528
136.8,547.4943279245738,11.439178075490489,4.5662460384624355,-1.2705616749675641,0.0,0.0,0.0,0.0,12.382234244935466,284.5912868684903,94918.35804494195,1.1619061923026055,338.18441781643367
136.85,546.370697262502,12.799706695063966,5.365938013867156,-1.3012837940192756,0.0,0.0,0.0,0.0,13.939839373569091,284.5985904677937,94931.16184963832,1.1620331033028757,338.18875728103717
136.9,545.9136486440875,12.41082442053332,4.892782303377175,-1.6221313830452946,0.0,0.0,0.0,0.0,13.438719867956454,284.6015612838134,94936.37033230488,1.1620847287243163,338.1905223880854
136.95,545.3740262557809,12.82016810888576,5.541424571675954,-1.7789786372408423,0.0,0.0,0.0,0.0,14.079377174272475,284.6050688293374,94942.52011569473,1.1621456834334263,338.1926063805148
137.0,544.7465409803332,13.760434280598536,6.869712013902703,-0.5197012079966752,0.0,0.0,0.0,0.0,15.388716128716641,284.6091474836278,94949.67163033881,1.1622165660413952,338.19502967850593
137.05,544.8695085781852,14.155731845735284,6.9821959893093775,1.956244305304493,0.0,0.0,0.0,0.0,15.904801058282002,284.6083481942418,94948.27012153264,1.1622026749942684,338.1945547888374
137.1,545.476977097853,13.171284826232371,6.003891974272882,1.0222928587150644,0.0,0.0,0.0,0.0,14.511186908776871,284.60439964886393,94941.34681594154,1.1621340541151237,338.19220879093143
137.15,544.3679342259417,13.53568847931119,5.910335615542058,1.7288814881135222,0.0,0.0,0.0,0.0,14.870640904051319,284.61160842753134,94953.98686170284,1.1622593361892877,338.19649181913763
137.2,543.6426319109231,13.352699565455936,5.444170867656923,1.7260516031656843,0.0,0.0,0.0,0.0,14.522838436695572,284.616322892579,94962.2540549805,1.16234127492956,338.19929284497437
137.25,542.494132655229,14.634376045959659,4.953876020118784,1.0292564557070771,0.0,0.0,0.0,0.0,15.484353997790171,284.623788137741,94975.34615437093,1.1624710320481357,338.2037281564382
137.3,541.9219212399216,13.415856916415661,5.2859524286554835,1.1496649461302384,0.0,0.0,0.0,0.0,14.465415285020592,284.6275075119405,94981.86951531522,1.16253568446662,338.20593791922624
137.35,540.9049547141739,12.287065167997614,4.684545914958146,0.8023578522743584,0.0,0.0,0.0,0.0,13.174244532233248,284.63411779435785,94993.46409712617,1.162650595194291,338.20986519913725
137.4,540.7394415700156,10.32022532521843,5.247605528642899,1.7763611341235932,0.0,0.0,0.0,0.0,11.713234968459748,284.63519362979486,94995.35124475497,1.1626692979455342,338.2105043667415
137.45,540.0239322073653,8.01414647335037,4.851600179810463,1.3012955068237604,0.0,0.0,0.0,0.0,9.458220657033266,284.6398444406521,95003.50968808921,1.1627501521399473,338.21326745910613
137.5,539.8485182074625,6.760223295811062,4.786893012924601,1.061723449558637,0.0,0.0,0.0,0.0,8.351180779372198,284.64098463165146,95005.50989551042,1.1627699749796656,338.21394485432114
137.55,539.4324518723392,5.964542457629557,6.372358752932668,2.2576301541727477,0.0,0.0,0.0,0.0,9.015520878905074,284.64368906282976,95010.25434516607,1.1628169940182547,338.2155515698227
137.6,539.265240060768,4.591541844865341,6.000361938677301,2.252107363687012,0.0,0.0,0.0,0.0,7.884071758035305,284.644775939605,95012.16113367741,1.1628358907864835,338.21619728636455
137.65,538.3223825949772,6.610647226065568,6.229990474824703,2.19761148761709,0.0,0.0,0.0,0.0,9.345744181947284,284.6509045131326,95022.9135245966,1.1629424484160433,338.21983826601985
137.7,537.9623048798423,5.437114759955417,6.16564915521177,0.9171975064286637,0.0,0.0,0.0,0.0,8.271559567813535,284.653245018281,95027.02012779878,1.1629831447966372,338.2212287475412
137.75,537.3134018459397,7.282266770596065,6.613207613514843,0.4150481278794548,0.0,0.0,0.0,0.0,9.84571933410833,284.65746288800136,95034.42107991982,1.163056487284272,338.22373454682497
137.8,536.6494622842099,8.417558662008044,7.154210349770424,-0.12870883220973456,0.0,0.0,0.0,0.0,11.047831711272476,284.6617784951526,95041.994011656,1.1631315329429963,338.22629839184145
137.85,536.0279546729425,7.685572903391894,7.760029132272696,-0.9570747930032628,0.0,0.0,0.0,0.0,10.96367069673633,284.66581829462586,95049.08340498547,1.163201785838823,338.2286983655605
137.9,535.7664043669117,10.381280486167851,7.939303012047229,-0.48437467906459813,0.0,0.0,0.0,0.0,13.078154903475893,284.6675183716151,95052.06697674427,1.1632313514776655,338.22970834626716
137.95,535.7484346203784,10.844310393318354,8.728929383285566,-0.12930386798042004,0.0,0.0,0.0,0.0,13.921565844950536,284.66763517496753,95052.27196505893,1.163233382798387,338.22977773662126
138.0,535.0548415029645,10.568275138174844,7.288419653222082,-0.9068796728270563,0.0,0.0,0.0,0.0,12.869806959648825,284.6721435302307,95060.18434155053,1.163311789432342,338.2324560424292
138.05,534.55255524751,9.778521147838914,7.213842084196589,-1.512336764753695,0.0,0.0,0.0,0.0,12.245250342254515,284.67540839089116,95065.91465921918,1.1633685724717018,338.2343956046567
138.1,533.5197703022409,10.140411268354036,8.120495278321185,-0.38798722609539726,0.0,0.0,0.0,0.0,12.9969580419501,284.6821214930354,95077.69803410796,1.1634853346047702,338.2383836355746
138.15,533.7653572715236,9.356724314534903,6.160363964699763,-0.7706969840121679,0.0,0.0,0.0,0.0,11.229084910042559,284.6805251777351,95074.89594638957,1.1634575688074604,338.237435321959
138.2,533.1005465489416,10.99627433834907,6.521530618316855,0.2447933424127049,0.0,0.0,0.0,0.0,12.787037761356931,284.6848464474319,95082.48142989828,1.1635327327604672,338.24000242701845
138.25,532.7608313983975,12.565139083849889,6.67651090682044,0.7742382607679563,0.0,0.0,0.0,0.0,14.249840805069413,284.6870545959104,95086.3577654573,1.1635711426208568,338.24131419810107
138.3,532.1046381501363,11.448192572547798,5.727873403488634,-0.8804338300659575,0.0,0.0,0.0,0.0,12.831399402779716,284.6913198520241,95093.84565140957,1.1636453377930118,338.2438479986486
138.35,530.6855513955674,13.16691862240681,6.209089663926954,-0.5643975139726467,0.0,0.0,0.0,0.0,14.568427678289318,284.7005439159288,95110.04062331755,1.1638058050156177,338.2493275432995
138.4,529.7839454672547,13.46509877606098,6.183365362726814,-0.35492840312830076,0.0,0.0,0.0,0.0,14.821230260319005,284.70640435446285,95120.33113516199,1.163907765433902,338.25280888401795
138.45,529.3455098869458,11.559200828841504,5.2983922362046965,-2.123513706673052,0.0,0.0,0.0,0.0,12.891756845077115,284.70925418573484,95125.3355612927,1.1639573495152427,338.2545017876647
138.5,528.8350426191032,12.910740533500212,5.356147941414519,-0.813490118222262,0.0,0.0,0.0,0.0,14.001332367533085,284.7125722229758,95131.16244582864,1.164015081926454,338.25647281204726
138.55,528.2974575464717,13.638618070726569,5.381004423535793,1.3555254273220376,0.0,0.0,0.0,0.0,14.724284725221041,284.7160665259479,95137.29918728027,1.1640758836533933,338.2585485317151
138.6,528.6772819348184,11.7798190234543,6.370156283950776,0.7129126635192771,0.0,0.0,0.0,0.0,13.41086394581272,284.71359766742364,95132.96331180433,1.1640329246589391,338.25708195780254
138.65,527.5898873714355,11.597640604751753,6.528089727211958,1.9678705261987983,0.0,0.0,0.0,0.0,13.453391300761263,284.72066573208565,95145.37686300807,1.1641559146693885,338.2612805772385
138.7,528.0075733380512,9.98696081343088,6.218916662039132,1.0476101427578153,0.0,0.0,0.0,0.0,11.811511239024453,284.7179507733026,95140.60846062544,1.1641086710268522,338.2596678252776
138.75,527.2677736960483,10.877795508089301,7.518268269832534,2.4597709011977287,0.0,0.0,0.0,0.0,13.449954118113473,284.7227594709757,95149.0543215368,1.1641923493187962,338.2625243041283
138.8,527.1376614109516,9.765142995020332,5.572690619071102,0.11748608789213255,0.0,0.0,0.0,0.0,11.243962888142503,284.7236052008288,95150.53980036298,1.1642070667168123,338.26302668494094
138.85,525.9208828375912,7.215472377216654,6.900328563314694,1.0817970930546041,0.0,0.0,0.0,0.0,10.042303563357093,284.7315142615556,95164.43254751562,1.1643447071478255,338.2677247924953
138.9,525.6382041882447,7.84282848483416,6.12720784147108,1.6669232333339983,0.0,0.0,0.0,0.0,10.09114798429492,284.7333516727764,95167.66030740357,1.164376685175903,338.268816234572
138.95,524.0932173746469,7.603564949534097,4.454817108917519,0.3894275617327453,0.0,0.0,0.0,0.0,8.821068486386716,284.74339408706476,95185.30327141813,1.1645514737130158,338.27478147471874
139.0,523.5815965796214,7.77566885051259,5.584718943790646,0.5718374012579559,0.0,0.0,0.0,0.0,9.590469736537587,284.74671962223243,95191.14630451749,1.1646093591813413,338.27675683467606
139.05,523.0139497279974,8.337419797923877,6.014339602125488,1.0359771921476264,0.0,0.0,0.0,0.0,10.332381065328459,284.750409326768,95197.62953050407,1.1646735860893938,338.2789484968703
139.1,522.797234475235,7.537312373874258,6.5383936547143975,1.3429524592945346,0.0,0.0,0.0,0.0,10.068028144244172,284.75181797591097,95200.10477983745,1.164698107244211,338.27978522220235
139.15,522.3515608123691,7.638144676053526,6.433065294575021,1.610544365135569,0.0,0.0,0.0,0.0,10.115307030864676,284.75471485471957,95205.19527955024,1.1647485360984604,338.2815059364998
139.2,521.8712946639893,7.772738288763672,5.555690058334119,2.051389706683907,0.0,0.0,0.0,0.0,9.771865341815454,284.75783658468407,95210.68114253925,1.164802881030612,338.2833602001242
139.25,521.0982420588799,7.595285995163821,6.006522376668726,3.257637961587272,0.0,0.0,0.0,0.0,10.216598528792657,284.76286142661723,95219.51191038384,1.1648903605421446,338.2863448641028
139.3,520.4855153487333,8.056325173846929,7.9473380757486884,2.5773012455706805,0.0,0.0,0.0,0.0,11.606336179321397,284.7668441502332,95226.51170770415,1.1649597009637906,338.2887105102005
139.35,520.5579198268546,6.164023544139204,5.752057738646555,1.765402721612743,0.0,0.0,0.0,0.0,8.613826167906097,284.76637352112544,95225.68453636506,1.164951507004293,338.2884309682119
139.4,520.0428228575352,6.358221019485302,7.774397663132445,0.9705690090681285,0.0,0.0,0.0,0.0,10.090105933958643,284.769721651426,95231.56929132408,1.1650098010939027,338.29041966934057
139.45,519.909428811744,5.487394622950636,7.737473763897103,0.541245113358182,0.0,0.0,0.0,0.0,9.501207621545678,284.7705887127236,95233.09330727755,1.1650248978083224,338.2909346789864
139.5,520.2882857272829,4.904887170926003,7.312355775889756,-1.1963220423952636,0.0,0.0,0.0,0.0,8.885924351569933,284.76812614277264,95228.76494992031,1.164982021513076,338.2894719807225
139.55,519.9044228671354,7.008230353798561,7.254385109478578,-2.361845391467212,0.0,0.0,0.0,0.0,10.359522656074601,284.7706212513636,95233.15050016566,1.1650254643531364,338.2909540059939
139.6,519.1951489893303,8.415968630731482,8.341959007011988,-2.4073373341855806,0.0,0.0,0.0,0.0,12.091818767608475,284.7752315315693,95241.25423124418,1.1651057381344005,338.29369236743355
139.65,518.2882752125473,10.119696755715822,8.128805349363372,-1.8565837850394862,0.0,0.0,0.0,0.0,13.112308804568151,284.7811262111184,95251.61643172317,1.1652083819245906,338.2971935893973
139.7,517.3170552219342,10.075094351829097,8.294193412432742,-2.0800917535804273,0.0,0.0,0.0,0.0,13.214686990784706,284.7874391410574,95262.71488288016,1.165318316361585,338.3009431964634
139.75,516.9091578339446,9.933115491412892,7.997953699144096,-2.311368691922728,0.0,0.0,0.0,0.0,12.960573751551282,284.79009047407936,95267.37637308968,1.1653644894923445,338.3025179610969
139.8,515.8735822252893,11.089221141887487,8.16351483551318,-0.9744126781621029,0.0,0.0,0.0,0.0,13.804465946594648,284.7968217155356,95279.21185952496,1.165481720771652,338.3065159627025
139.85,514.9141544903664,10.36380903808612,6.805704366916292,0.41087895180538847,0.0,0.0,0.0,0.0,12.405441194121867,284.8030579958126,95290.17812228206,1.1655903398598113,338.31021994136864
139.9,514.5780707260441,10.478815368001888,4.930584012667628,1.2086580504206368,0.0,0.0,0.0,0.0,11.643757319074147,284.8052425402807,95294.01980272384,1.1656283905309472,338.31151742094534
139.95,513.4207975889481,11.060694245064163,6.2099221134672975,2.4051879720013662,0.0,0.0,0.0,0.0,12.910732706503751,284.8127648156718,95307.24923092546,1.1657594217427174,338.31598513294347
140.0,512.874611384396,11.116266768071226,5.960450206833835,2.1965883158730675,0.0,0.0,0.0,0.0,12.803255592094548,284.8163150260014,95313.49350355059,1.165821267099314,338.318093692163
140.05,512.7421044249958,9.084299052878494,4.9743234541009596,0.7103176749148877,0.0,0.0,0.0,0.0,10.381374393954035,284.8171763212375,95315.00843901429,1.165836271408704,338.3186052350886
140.1,512.3891587577314,10.125646302601417,4.7057508234885566,1.2657521072598077,0.0,0.0,0.0,0.0,11.237211943145935,284.8194704680747,95319.0437177361,1.165876237622762,338.319967777554
140.15,511.84982051675877,10.043258357719512,4.79723568170306,0.178835091033326,0.0,0.0,0.0,0.0,11.13159874481167,284.82297616664107,95325.21031684495,1.1659373122418095,338.3220498756888
140.2,511.01603327993064,11.314763199132438,5.546673323627637,1.8139491370145495,0.0,0.0,0.0,0.0,12.731058977287004,284.82839578368043,95334.74417539674,1.166031735058286,338.3252686595958
140.25,511.04115251552156,9.474504243825839,4.8891775565339035,0.16392408758750432,0.0,0.0,0.0,0.0,10.662886989557757,284.8282325086491,95334.45694067632,1.166028890327489,338.32517168879235
140.3,510.8461408855946,11.398233568475009,5.3687485121275325,1.513320012689337,0.0,0.0,0.0,0.0,12.689890721703957,284.8295000842436,95336.68688803776,1.1660509753582562,338.3259245148899
140.35,510.15363210520184,10.657117360481404,7.495478816300075,1.4524382516960053,0.0,0.0,0.0,0.0,13.109764681170562,284.8340013913162,95344.60602950801,1.1661294044346149,338.32859787361787
140.4,509.60504944968085,10.675269727179014,6.826688921250961,0.9779199423967098,0.0,0.0,0.0,0.0,12.709106687304677,284.83756717857705,95350.8796907416,1.1661915362313602,338.33071560538923
140.45,509.0638349481343,10.900161914217229,6.6638189272737005,1.4150338162800462,0.0,0.0,0.0,0.0,12.853883971502897,284.84108507283713,95357.06941638303,1.166252836001796,338.33280488037377
140.5,508.7775592031835,10.20164058829623,6.875330214734616,1.0001441287162482,0.0,0.0,0.0,0.0,12.342768106572422,284.8429458651793,95360.34360714784,1.1662852615500183,338.3339099984505
140.55,507.51234324442095,10.261025418834286,5.636925263368291,1.810546136279337,0.0,0.0,0.0,0.0,11.846587963728588,284.85116976891123,95374.81521569507,1.1664285768201947,338.3387941029411
140.6,506.75168799245785,7.230409890117218,5.16749915053051,0.41277971548806514,0.0,0.0,0.0,0.0,8.896755686392476,284.856114028049,95383.51648751603,1.1665147452854614,338.34173042125923
140.65,505.9375850454933,7.857689885142784,4.703364823728004,0.14690709896932552,0.0,0.0,0.0,0.0,9.158958057109157,284.86140569720425,95392.8298692305,1.1666069738017828,338.3448730327319
140.7,505.3924274867969,7.566463388674991,6.478566459909989,1.4103076699530126,0.0,0.0,0.0,0.0,10.060425404104837,284.8649492213358,95399.06691280134,1.1666687370121656,338.34697744117386
140.75,505.3784943327908,7.7441772256530745,4.902011370118509,1.7082344793026327,0.0,0.0,0.0,0.0,9.323092910154507,284.86503978683686,95399.22632368433,1.166670315591021,338.3470312255394
140.8,504.3025002852583,4.96901500665552,4.553015934744761,1.1041188337139236,0.0,0.0,0.0,0.0,6.829358874548127,284.8720337481458,95411.53755190756,1.1667922269845912,338.3511847213888
140.85,504.33928224772137,3.2679185019459744,4.1405710651034635,0.5464633985328159,0.0,0.0,0.0,0.0,5.303040856571716,284.8717946653898,95411.11668156453,1.1667880593840245,338.35104273842603
140.9,503.833986223912,3.621416493208912,4.906277344383179,2.1507242892900367,0.0,0.0,0.0,0.0,6.466206752481344,284.87507908954456,95416.89856307727,1.1668453132254273,338.3529932388884
140.95,503.2167699531973,4.813305702647495,6.486268920315715,2.271032770906637,0.0,0.0,0.0,0.0,8.390303101814878,284.8790909953042,95423.96148398492,1.1669152513889935,338.35537574905305
141.0,502.3593758803122,4.2369179407862285,7.836403145768767,0.9209809803005695,0.0,0.0,0.0,0.0,8.955941819040934,284.8846640567779,95433.77350676649,1.167012409961038,338.3586853392378
141.05,501.8116171004682,7.253919592259847,7.24082550416433,0.8396905093041449,0.0,0.0,0.0,0.0,10.283675587266615,284.88822448884696,95440.0424891206,1.1670744843796994,338.36079970252604
141.1,501.5884606152392,8.595288113356192,7.618022685544712,0.3696081250572385,0.0,0.0,0.0,0.0,11.491294859813861,284.8896750060009,95442.59656307177,1.1670997741719615,338.36166108863694
141.15,501.3560121664522,7.842434891126937,9.371517350312116,-1.5258093673644126,0.0,0.0,0.0,0.0,12.31491846072491,284.891185920918,95445.25704439342,1.1671261174460892,338.36255833948195
141.2,500.8088056003944,7.207984964699306,8.163404797433335,-1.8953502676231886,0.0,0.0,0.0,0.0,11.053894235746428,284.89474276359743,95451.52031680742,1.1671881339065322,338.36467054703996
141.25,500.5588214208649,5.587243493400443,8.18852901005588,-3.7797438325492627,0.0,0.0,0.0,0.0,10.609229974072884,284.8963676607644,95454.38172182965,1.167216466156171,338.36563547711427
141.3,499.7977966189941,6.429252448102561,7.109945751064378,-4.669976319126259,0.0,0.0,0.0,0.0,10.662799559483018,284.90131432197654,95463.09310142067,1.1673027210319433,338.3685729889416
141.35,498.65133863376633,4.817647461247146,3.0232048681500543,-6.480504332779121,0.0,0.0,0.0,0.0,8.622437656651176,284.9087662988805,95476.21771391858,1.1674326702754363,338.37299820247347
141.4,497.7338109103367,8.166296799887647,2.0731083582062935,-7.062565895785708,0.0,0.0,0.0,0.0,10.993908255076326,284.9147302290828,95486.72259303402,1.1675366785998305,338.37653972632546
141.45,497.00019028193793,9.362807285099564,3.4530585635058797,-4.341873528832803,0.0,0.0,0.0,0.0,10.882905836278,284.9194987631674,95495.12257223297,1.1676198448406685,338.3793713688145
141.5,496.03491490096144,9.395454219797182,6.243789004547311,-1.2276995759351785,0.0,0.0,0.0,0.0,11.347541909081542,284.9257730531437,95506.17591720079,1.1677292793182705,338.38309712050756
141.55,495.4468172081615,11.219074013224425,4.908357611425899,-0.12725539739153216,0.0,0.0,0.0,0.0,12.246460308677584,284.92959568814695,95512.91071745667,1.1677959565359963,338.38536702877036
141.6,495.29819931320054,12.727460398853882,5.070014540104824,0.2899224798794166,0.0,0.0,0.0,0.0,13.703187610392247,284.9305617044642,95514.61272657184,1.1678128069657634,338.3859406538236
141.65,494.4532940548577,13.860098666097983,4.793458394745026,-1.1958570711877399,0.0,0.0,0.0,0.0,14.714266972935905,284.9360535886434,95524.28925852453,1.1679086066138482,338.3892017421184
141.7,493.58302214460514,15.090689113898778,4.760164986846886,-0.6130537144304158,0.0,0.0,0.0,0.0,15.835526625001235,284.94171035606007,95534.25713959601,1.168007288747297,338.39256070544735
141.75,492.791115048471,13.612964241754378,4.384974835454735,-1.702369299551602,0.0,0.0,0.0,0.0,14.402737968418034,284.94685775218494,95543.32818118071,1.1680970904573285,338.3956171773957
141.8,491.500967694891,12.31045014903699,3.564911568123652,-2.7030486398120424,0.0,0.0,0.0,0.0,13.09817732776803,284.95524370998316,95558.10789863564,1.1682434035759321,338.40059661550674
141.85,491.4181727819724,12.03106239014961,2.3540214525473613,-2.271316040895468,0.0,0.0,0.0,0.0,12.467828832333026,284.9557818769172,95559.05644685296,1.1682527936657676,338.40091616731286
141.9,491.0750311411474,11.660682373477172,2.936314533919108,-1.6981883202421069,0.0,0.0,0.0,0.0,12.144023222484076,284.9580122975825,95562.98776472859,1.1682917112959086,338.4022405393166
141.95,490.92445289143086,12.67348211269725,3.9206911647100022,-0.23831304750620913,0.0,0.0,0.0,0.0,13.268223738636001,284.95899105620566,95564.71295654777,1.1683087895381674,338.4028217018253
142.0,491.3110259093036,12.356178172347859,6.110930067535235,-0.31668773299353004,0.0,0.0,0.0,0.0,13.788360904666675,284.9564783315895,95560.28399705526,1.1682649456908267,338.40132970648307
142.05,491.3924221083418,11.338431919361213,5.629797446309114,1.0433268571041152,0.0,0.0,0.0,0.0,12.70209386704462,284.95594925629575,95559.35146358039,1.1682557141605758,338.40101555348144
142.1,491.13051750895676,10.759979024081074,6.326310474355092,1.0709301628271506,0.0,0.0,0.0,0.0,12.527818813754157,284.95765163619177,95562.35205757612,1.168285418206554,338.4020263873081
142.15,491.0928532941759,9.411903055936913,6.492945173066482,1.1332400484122689,0.0,0.0,0.0,0.0,11.49027802806039,284.9578964535878,95562.78357600053,1.168289689960528,338.40217175396987
142.2,490.8798118518934,7.772448758447798,4.7671169531788875,0.7283944141226192,0.0,0.0,0.0,0.0,9.146962455947182,284.95928122296266,95565.22441876843,1.1683138526599404,338.4029939954314
142.25,489.783372733086,7.741097588921418,6.076437123734008,2.406321188632563,0.0,0.0,0.0,0.0,10.131044450734576,284.9664080772349,95577.78725901208,1.168438214459512,338.4072257118609
142.3,489.21077474981763,6.936077265162801,4.66654159535796,1.6311154796791043,0.0,0.0,0.0,0.0,8.517412517752271,284.97012996412616,95584.34853509703,1.1685031644671264,338.4094356377839
142.35,488.1053476694455,7.66315277411885,4.746705762929462,2.7692494500467753,0.0,0.0,0.0,0.0,9.429945310334391,284.9773152401486,95597.01641595089,1.1686285612956586,338.41370196190127
142.4,487.0113393328322,5.3138933334347165,4.732117580549248,2.150362300159866,0.0,0.0,0.0,0.0,7.4333341897976055,284.9844262943366,95609.5547796727,1.168752672946741,338.417924163164
142.45,486.6042181710769,5.384129791410573,3.6746371656248766,2.0759451424991457,0.0,0.0,0.0,0.0,6.841151960336233,284.98707258188796,95614.22111077732,1.1687988620792644,338.41949538772633
142.5,486.01331932363365,6.288368890940029,5.618969587237811,3.1315421294061565,0.0,0.0,0.0,0.0,8.995718906184843,284.99091342439635,95620.99418841413,1.1688659038328304,338.42177586240246
142.55,485.04356310969956,4.802728143752776,4.2377987891408075,1.273944036875399,0.0,0.0,0.0,0.0,6.5305489515911805,284.9972168397869,95632.11069622925,1.1689759360742351,338.4255184400331
142.6,484.7103437391604,3.6840398296383277,5.5847601063024666,0.8347817418241892,0.0,0.0,0.0,0.0,6.742296008615474,284.99938276569543,95635.93069752135,1.1690137462450163,338.42680442312786
142.65,484.5061119184166,4.705987383006409,6.438039323632642,0.5004707198389486,0.0,0.0,0.0,0.0,7.9903152955982835,285.0007102725303,95638.27205651235,1.169036920750461,338.4275926061907
142.7,484.2770665857577,5.462251021810764,9.046723106665773,0.9718433287046628,0.0,0.0,0.0,0.0,10.612439147034056,285.0021990671926,95640.89793833613,1.1690629113021824,338.4284765487867
142.75,483.5765493989327,3.217127143195591,7.109289309698181,-1.608787103860177,0.0,0.0,0.0,0.0,7.967439832846024,285.0067524289069,95648.9293542753,1.169142404109811,338.4311800035641
142.8,483.95371704295763,3.252512941598879,7.526438011240772,-2.07730308296206,0.0,0.0,0.0,0.0,8.458208892596694,285.0043008392208,95644.6050667044,1.1690996036254215,338.42972443072676
142.85,483.4979976099627,4.03696205536585,7.220719348256676,-2.911527690670999,0.0,0.0,0.0,0.0,8.76999680936635,285.0072630155352,95649.82998306147,1.1691513182135458,338.43148315139524
142.9,483.0160469116859,9.019188135159975,7.7902745971091285,-2.618865970507234,0.0,0.0,0.0,0.0,12.202155214848526,285.010395695074,95655.35589769011,1.169206011403624,338.4333430942929
142.95,482.26935850569515,10.368309064115053,8.323008403309776,-2.9050998265465653,0.0,0.0,0.0,0.0,13.60933160492375,285.01524916971294,95663.91773282438,1.1692907516769118,338.4362246920866
143.0,482.74500287491077,13.895357653080287,8.211392096631366,-1.1932829673427023,0.0,0.0,0.0,0.0,16.184308718996533,285.01215748131307,95658.46372790533,1.1692367711421685,338.43438910225314
143.05,481.4883603085537,11.528897127711303,8.309008473428586,0.43713622267702806,0.0,0.0,0.0,0.0,14.217812028228334,285.02032565799436,95672.87364203233,1.1693793907316818,338.4392386709588
143.1,481.04010848038513,11.738344586028079,8.835307955872121,3.372214442952661,0.0,0.0,0.0,0.0,15.073925518745622,285.0232392948775,95678.01416883504,1.1694302672021255,338.4409685239546
143.15,480.05178946551655,11.441812073774937,6.93495078762002,3.9434158482756634,0.0,0.0,0.0,0.0,13.948445594786723,285.02966336847413,95689.34894599198,1.1695424471461116,338.4447825242527
143.2,478.72574474187286,13.170784934489625,7.024157508116999,3.701168940799739,0.0,0.0,0.0,0.0,15.378784607951173,285.0382826591778,95704.55872075392,1.169692973850938,338.4498997669283
143.25,478.0427920653535,12.895714154142661,6.2728724073030335,1.3503693499511256,0.0,0.0,0.0,0.0,14.403883822252475,285.04272185157515,95712.39297318595,1.169770505386374,338.45253526970737
143.3,477.5438860744083,12.07134241638789,4.971799895961,1.8025213571536902,0.0,0.0,0.0,0.0,13.178967530962295,285.0459647405163,95718.11632674992,1.1698271456866471,338.454460526481
143.35,477.13769650613057,12.251753919341107,6.83905661396859,-0.4529913064868458,0.0,0.0,0.0,0.0,14.038638487863071,285.0486049727101,95722.77626000447,1.169873261533257,338.4560279864772
143.4,476.70329040450974,12.084760839150542,7.725914174186924,0.6381645824129241,0.0,0.0,0.0,0.0,14.357522362880554,285.05142861237067,95727.76010540243,1.1699225824214756,338.4577043242677
143.45,476.4952810164283,11.763243542736245,7.7402935018251355,-0.22561992575543147,0.0,0.0,0.0,0.0,14.083215062300946,285.0527806733932,95730.14662562906,1.1699461996137852,338.4585070126271
143.5,476.5709144446889,12.433144783622382,7.37407934305825,-0.7500264743585737,0.0,0.0,0.0,0.0,14.4748981025938,285.0522890561095,95729.27886736367,1.1699376122225398,338.45821515067223
143.55,475.87346640954723,15.640625913431291,8.026242681395953,0.3807682785384832,0.0,0.0,0.0,0.0,17.583934003131997,285.05682246833794,95737.28107713198,1.1700168020403334,338.46090652444775
143.6,475.0660284740046,15.280814299327625,8.021879112980645,-0.2740303820964286,0.0,0.0,0.0,0.0,17.260617683157303,285.06207081491897,95746.54593879783,1.1701084854803259,338.46402231018806
143.65,474.26084250778075,14.73847267226646,7.3767404131267105,0.40333967261215353,0.0,0.0,0.0,0.0,16.486405269958183,285.0673045236994,95755.78568343929,1.1701999186855996,338.46712937734304
143.7,472.9938162865029,11.84657474899492,6.46987212988057,-0.18078027729725343,0.0,0.0,0.0,0.0,13.499379992028858,285.0755401941377,95770.32664215117,1.1703438074081458,338.47201854483944
143.75,472.5625315601671,11.19371644119099,6.266326951372987,1.3850600445948917,0.0,0.0,0.0,0.0,12.902888535301937,285.0783435448589,95775.27666613543,1.170392788967867,338.47368275889994
143.8,472.3194504749633,10.89239589526654,5.690967158171535,1.4654774741754535,0.0,0.0,0.0,0.0,12.376551206290145,285.07992357191273,95778.06669439115,1.170420396689653,338.47462074111934
143.85,471.4721407330381,10.273937683205526,5.735485291543856,2.970092075947806,0.0,0.0,0.0,0.0,12.135527758919856,285.08543108523526,95787.79243339795,1.1705166330479706,338.47789025315006
143.9,470.99394539540936,12.634725748721552,6.61588772095627,3.2358026383742695,0.0,0.0,0.0,0.0,14.624523369881741,285.0885393549298,95793.28169184108,1.1705709485359326,338.4797354503895
143.95,470.4975379575465,13.285033481512542,6.105434914205863,3.430262868641779,0.0,0.0,0.0,0.0,15.017827853737561,285.09176600327595,95798.9802784985,1.1706273346724745,338.4816509114438
144.0,469.6764702860354,13.148542322590338,5.845386196947191,1.7789446298138385,0.0,0.0,0.0,0.0,14.498874059607303,285.0971029431407,95808.40645547857,1.1707206030127801,338.4848190979323
144.05,469.31066880253036,13.201070658670874,7.567333986161136,3.977047467170368,0.0,0.0,0.0,0.0,15.727355682041935,285.09948065278354,95812.60624095083,1.1707621576877854,338.48623057656886
144.1,469.1498528811865,10.039699539946456,7.387265566987611,2.1713193987905095,0.0,0.0,0.0,0.0,12.652347107994068,285.1005259562723,95814.45262391135,1.1707804265693191,338.4868510977157
144.15,468.491151919315,8.753521893584326,7.0811174491468005,0.2893175647981268,0.0,0.0,0.0,0.0,11.262773837886124,285.1048075125244,95822.01569713594,1.1708552580647058,338.489392736402
144.2,468.30064128376534,7.2768325875462425,8.117763416589671,1.1409420807967694,0.0,0.0,0.0,0.0,10.96139244013412,285.1060458316555,95824.20319242308,1.170876901641862,338.49012782999654
144.25,467.8890794827252,8.218964216781167,7.122326500823511,1.538434143823397,0.0,0.0,0.0,0.0,10.983883065471144,285.1087209833623,95828.92899576062,1.1709236594967363,338.49171585370266
144.3,467.31480703026966,7.9552961527834265,7.329283739585719,1.3715439160195368,0.0,0.0,0.0,0.0,10.903498050048738,285.1124537543032,95835.52345731127,1.1709889054219458,338.49393168894744
144.35,466.80096386223033,8.532964734050982,6.984188097632249,1.734005588567139,0.0,0.0,0.0,0.0,11.162309165976714,285.1157937348955,95841.42431130288,1.1710472880358824,338.4959143449776
144.4,466.23768949360425,10.359426067791366,4.757459892433597,2.4909749214630565,0.0,0.0,0.0,0.0,11.668594137320376,285.11945501829155,95847.8931595813,1.1711112895575662,338.4980877171994
144.45,465.9471318746731,10.286790562223135,5.570395267086818,2.1611788218593686,0.0,0.0,0.0,0.0,11.896136238404452,285.1213436428146,95851.23016746539,1.1711443049406216,338.49920881700433
144.5,465.4531814911853,12.433402406932084,6.362259224352012,1.4834800722872026,0.0,0.0,0.0,0.0,14.045232321874566,285.12455432030725,95856.90332469606,1.1712004330022572,338.50111468753227
144.55,465.35878971876184,11.258784359973001,7.038851716639607,-0.13224812032504962,0.0,0.0,0.0,0.0,13.278672686625818,285.125167866828,95857.98747133955,1.1712111590652015,338.5014788898893
144.6,464.27694608715694,11.050925282140522,5.05462181363105,-2.231201787706877,0.0,0.0,0.0,0.0,12.355177566014735,285.13219985043344,95870.4138093448,1.171334098058194,338.50565306046764
144.65,463.0723469217962,10.32564126723859,5.588607491832424,-3.6284542960513226,0.0,0.0,0.0,0.0,12.288900758652067,285.1400297450083,95884.25168416447,1.1714709984112441,338.5103008087442
144.7,462.47638599996566,11.05348774776153,3.382100212322737,-3.075173026472437,0.0,0.0,0.0,0.0,11.961391322870906,285.1439034910002,95891.09840397317,1.1715387327371651,338.51260020260435
144.75,460.92568220701855,11.847906617831814,3.9064651874621217,-3.082329108398273,0.0,0.0,0.0,0.0,12.850451907158584,285.15398306565436,95908.91557893278,1.1717149930255657,338.5185832042231
144.8,459.93735273190134,10.916174221093474,3.5939211097455463,-3.043897640593798,0.0,0.0,0.0,0.0,11.888836840278062,285.1604072072426,95920.27262089618,1.171827341788429,338.5223963704242
144.85,459.1702884476942,11.206381381931077,2.9871884568460154,-2.769743505212903,0.0,0.0,0.0,0.0,11.923831499927974,285.16539312508996,95929.08782197049,1.1719145438190852,338.5253558231346
144.9,458.4214954107033,10.717187919118455,2.994630620438007,-2.692892045513967,0.0,0.0,0.0,0.0,11.448912481775546,285.1702602798304,95937.69368025886,1.1719996735112244,338.528244757591
144.95,457.7154424529093,11.357178842840122,1.30915632311847,-2.612722449119978,0.0,0.0,0.0,0.0,11.727136058848805,285.1748496240561,95945.80890059586,1.1720799484508464,338.5309687730495
145.0,456.9179161525143,11.85086236133081,3.1612389649457175,-2.825200550037691,0.0,0.0,0.0,0.0,12.586426365280639,285.18003354500865,95954.97616431765,1.1721706285434643,338.5340456744825
145.05,456.8179844108423,12.386539421324917,3.066677000509893,-0.8085337995423652,0.0,0.0,0.0,0.0,12.786109399129,285.1806831013295,95956.12489196079,1.1721819913303173,338.53443121480467
145.1,457.09350722539057,10.511747574711855,2.8678114821057155,0.12627238626554194,0.0,0.0,0.0,0.0,10.896656573779461,285.17889220303493,95952.95775034363,1.1721506630800067,338.53336823662397
145.15,457.55996265151373,10.738209271803857,4.043217508744363,-0.7022304217751878,0.0,0.0,0.0,0.0,11.49564586064384,285.1758602427651,95947.59602655849,1.1720976263467295,338.5315686250841
145.2,458.1926510402817,9.893445789771697,5.138620504080013,1.039710266408099,0.0,0.0,0.0,0.0,11.196726651936148,285.17174776823816,95940.32390718913,1.1720256915917664,338.52912766204014
145.25,457.99614283286866,10.457861270021972,4.981056536670392,5.119089486769591,0.0,0.0,0.0,0.0,12.664235616020706,285.1730250715863,95942.58252443922,1.1720480336186014,338.5298858085035
145.3,457.7763804879991,10.471085859162255,5.53606269015457,2.435856250463807,0.0,0.0,0.0,0.0,12.092353983083393,285.17445352682796,95945.10847005429,1.1720730199136384,338.53073366952424
145.35,456.9925350378517,9.80806450588983,4.476859661169781,1.6578060653813045,0.0,0.0,0.0,0.0,10.90819520947073,285.1795485222539,95954.11841832848,1.1721621440220942,338.5337577918016
145.4,456.5369084379937,9.635676206249371,5.36008007104461,1.1906521770911713,0.0,0.0,0.0,0.0,11.090282544935535,285.182510095153,95959.35595449561,1.1722139516611207,338.53551561385575
145.45,455.37998341238347,7.814700047093892,7.205975767758171,0.1445670828090832,0.0,0.0,0.0,0.0,10.630922971830769,285.1900301078195,95972.65612309975,1.1723455092579458,338.5399790267457
145.5,454.93480409256625,6.325449983171188,6.441836845737553,-0.0951436742181495,0.0,0.0,0.0,0.0,9.02871152244029,285.1929237733983,95977.77436323822,1.172396135013098,338.54169651139813
145.55,454.98695143933344,7.634520740423012,6.087338712345857,-0.8959576272737159,0.0,0.0,0.0,0.0,9.80532200412835,285.1925848156443,95977.17481218267,1.1723902047346875,338.5414953293953
145.6,454.48058068113255,7.755414779169189,5.973766007223715,0.26168362706757226,0.0,0.0,0.0,0.0,9.792896253238503,285.1958762255726,95982.99681137445,1.1724477909853963,338.54344887882684
145.65,453.66312169834646,7.3980550990810245,7.882659411330776,0.1242532297539245,0.0,0.0,0.0,0.0,10.811243106562015,285.2011897089607,95992.39615175097,1.172540759841631,338.54660256505315
145.7,452.8944532610468,6.4538641835324695,6.320671539338947,-0.36533750728375836,0.0,0.0,0.0,0.0,9.040836416058026,285.20618605380315,96001.2351665886,1.1726281849389257,338.5495679947648
145.75,452.14427823831227,4.713088682067416,5.893291211647767,-0.2510440369978675,0.0,0.0,0.0,0.0,7.550305248056463,285.21106219145094,96009.86215877261,1.1727135114816845,338.55246205407866
145.8,451.50156093714924,3.8352674715964916,5.302192849019343,0.5121650494868139,0.0,0.0,0.0,0.0,6.563904221177655,285.2152398539085,96017.25388940502,1.1727866193268974,338.5549415384307
145.85,450.89225155043573,2.817223869345214,5.747418912518039,1.7122252454306517,0.0,0.0,0.0,0.0,6.625804839947258,285.21920036492213,96024.2618294812,1.1728559303062251,338.55729212446636
145.9,450.74145837859413,3.0136535734790884,5.876409805820084,3.4320100949485757,0.0,0.0,0.0,0.0,7.442646932288985,285.2201805205391,96025.99623319982,1.1728730840172732,338.5578738499358
145.95,450.79358270364355,2.6666696275617885,5.384831459953229,2.748973387939382,0.0,0.0,0.0,0.0,6.607903710123316,285.2198417124263,96025.39670303093,1.1728671545121592,338.5576727663586
146.0,449.64063983642825,2.9721169597416806,6.056326302209821,3.243142895035379,0.0,0.0,0.0,0.0,7.485355258024904,285.22733584106317,96038.65847539523,1.172998315152212,338.5621205250937
146.05,448.8716267463863,5.235047497314255,5.868012355671241,4.1092718976348195,0.0,0.0,0.0,0.0,8.872733898530816,285.23233442614844,96047.50490431124,1.1730858055597628,338.56508714844813
146.1,448.5488394966028,6.0271123126947375,5.816674184817643,2.501027657915947,0.0,0.0,0.0,0.0,8.741562832115378,285.2344325432721,96051.21832048794,1.173122530463806,338.5663323577298
146.15,447.9033471084275,7.336139466114645,5.889129031747396,1.6637344005741403,0.0,0.0,0.0,0.0,9.553470321014698,285.2386282437952,96058.64455690015,1.1731959735678763,338.56882244579754
146.2,448.1426348192977,4.856304703365204,7.883251132126719,-1.9458268978796203,0.0,0.0,0.0,0.0,9.461267679366017,285.23707287367455,96055.89155446789,1.1731687473799213,338.56789935808087
146.25,447.5643017940382,7.2986321735640605,6.378372797858324,-1.1053458541589332,0.0,0.0,0.0,0.0,9.755791131976423,285.24083203833874,96062.5453788383,1.1732345510170603,338.57013035890685
146.3,446.7710981260027,9.66066246930115,5.2904476318265505,-2.8099625476543264,0.0,0.0,0.0,0.0,11.3671951250114,285.245987862181,96071.67193515907,1.1733248075645815,338.57319022949036
146.35,445.47435582618493,16.16195933805324,5.978684508022294,-3.6340910032846754,0.0,0.0,0.0,0.0,17.611366088736748,285.2544166871298,96086.59369049594,1.1734723718815825,338.578192496293
146.4,445.7231384145217,19.73357193425489,7.704813295476316,-1.834411865777611,0.0,0.0,0.0,0.0,21.26365622596139,285.2527996003056,96083.73077659326,1.1734440602733895,338.577232807191
146.45,445.566445397689,17.404534963562394,8.649502901652856,2.7617779820774295,0.0,0.0,0.0,0.0,19.630566863080002,285.253818104915,96085.53394383329,1.1734618919720379,338.5778372572874
146.5,445.19468153006363,13.491746011174458,6.73375122504918,2.306436498696062,0.0,0.0,0.0,0.0,15.254188451484744,285.2562345700546,96089.81217919041,1.1735041996086333,338.57927134818493
146.55,444.11991487030997,13.008981643479867,6.29395367354433,3.176031622646397,0.0,0.0,0.0,0.0,14.7964398796862,285.263220553343,96102.18139430493,1.1736265172442542,338.5834172604617
146.6,443.11417165449717,14.603025359395138,5.850305330480302,1.223060846375784,0.0,0.0,0.0,0.0,15.778792727611362,285.26975788424573,96113.7574039446,1.1737409882558558,338.5872968688309
146.65,442.4104166589693,14.427147999535944,6.78551137132936,0.8689752531572801,0.0,0.0,0.0,0.0,15.966868257787867,285.2743322917167,96121.85822905839,1.1738210928527355,338.5900115450428
146.7,442.08861435687106,11.733524459927777,5.986103583815564,-0.3349176669866117,0.0,0.0,0.0,0.0,13.176539842141894,285.2764240066803,96125.56263445054,1.173857723248955,338.5912528633376
146.75,441.051349853457,9.720743628893162,6.5072370503861725,-0.6692626481541296,0.0,0.0,0.0,0.0,11.716864052330717,285.2831662259525,96137.5038213263,1.1739757998598639,338.5952539703171
146.8,440.95246414693486,9.373620258640342,7.446846768651544,-1.2662302423306007,0.0,0.0,0.0,0.0,12.038422761124531,285.2838089830449,96138.6422751579,1.1739870569511093,338.5956354060345
146.85,440.7390199629594,8.638369193302388,4.63762311484708,-2.219666303312096,0.0,0.0,0.0,0.0,10.05265581690823,285.2851963702407,96141.09965790203,1.1740113555942169,338.59645873119916
146.9,440.39385556264415,9.74060207049387,5.310996416512082,0.21108366635575349,0.0,0.0,0.0,0.0,11.096421402691762,285.2874399388428,96145.07364303514,1.1740506501779353,338.5977901407845
146.95,439.9538018992748,7.146396866633644,5.352516131386454,-0.894103908026635,0.0,0.0,0.0,0.0,8.973284733615216,285.2903002876547,96150.14031066264,1.1741007487081694,338.5994875610413
147.0,439.9283205062587,7.713934730393636,5.819836260294511,-0.06524266606866264,0.0,0.0,0.0,0.0,9.663308942949495,285.2904659167093,96150.43370365963,1.1741036497234048,338.59958585023105
147.05,439.71611789535126,8.760535233279292,8.105250439252615,-0.1744607049101718,0.0,0.0,0.0,0.0,11.936184431973658,285.2918452336802,96152.87703465781,1.1741278088592084,338.6004043766916
147.1,439.5764919041735,8.296732817840056,8.049192594546275,-0.4876834260111772,0.0,0.0,0.0,0.0,11.56992273088843,285.29275280262283,96154.48473557281,1.1741437053992574,338.6009429531909
147.15,438.80660465810934,7.734000699582316,8.977940277029036,-1.282369589097901,0.0,0.0,0.0,0.0,11.919003742011457,285.29775706972225,96163.34986877702,1.174231360686122,338.603912608241
147.2,437.6204619161391,8.489564960924817,8.795668421225153,-2.376805386985386,0.0,0.0,0.0,0.0,12.45334091918721,285.30546699754507,96177.00941528463,1.1743664184185758,338.60848781786825
147.25,436.49171499894675,6.944500278753157,7.766989473764738,-3.8289456867644738,0.0,0.0,0.0,0.0,11.100136696427084,285.3128038525068,96190.00945389796,1.1744949519272105,338.61284158195616
147.3,435.3107878171529,8.071673057128256,6.473785282715108,-4.275475011173379,0.0,0.0,0.0,0.0,11.195601296894997,285.3204798791885,96203.61198766605,1.1746294388656773,338.61739655405995
147.35,434.39002996373193,8.048966192399691,5.021677177182984,-4.61610549292191,0.0,0.0,0.0,0.0,10.550427875684354,285.32646480523573,96214.21883636231,1.1747343052444867,338.6209479805998
147.4,433.2178394054526,9.917302156527986,3.908417764025229,-4.363078762390812,0.0,0.0,0.0,0.0,11.518032287194213,285.33408404386455,96227.72348298489,1.1748678180028942,338.62546914653046
147.45,431.97467044528355,10.935829771249638,4.269664890016955,-4.319035993501556,0.0,0.0,0.0,0.0,12.509056038404951,285.3421646421056,96242.047539092,1.1750094279007846,338.6302640118319
147.5,431.5192276718314,11.985392009932577,4.984222495499855,-3.2925093673058248,0.0,0.0,0.0,0.0,13.391516473133246,285.3451250201331,96247.29567931629,1.1750613108463364,338.6320206239228
147.55,431.13528212295495,13.022811540707215,4.793602642463828,-0.869475360820118,0.0,0.0,0.0,0.0,13.904252375503203,285.3476206662008,96251.72012555896,1.1751050503614957,338.633501468957
147.6,430.3234066703391,12.66611648530013,3.5617002065610257,-0.09649938203802555,0.0,0.0,0.0,0.0,13.15771740505709,285.35289785664276,96261.07641977949,1.1751975442413274,338.6366327815835
147.65,429.5921250126687,12.838694421524629,3.4801123459855607,-0.4076333855321635,0.0,0.0,0.0,0.0,13.308246367082674,285.3576511874176,96269.50455754071,1.1752808611445729,338.63945322819006
147.7,429.20569078480213,13.142537690808403,2.339842105303841,-1.5584719658083508,0.0,0.0,0.0,0.0,13.43986580663225,285.36016300989877,96273.95851496047,1.1753248904694387,338.6409436391117
147.75,428.69056249024277,12.49011056153128,2.6225368495846624,-1.2927257243201509,0.0,0.0,0.0,0.0,12.827770701295831,285.3635113438134,96279.89603185136,1.175383584828443,338.6429303909035
147.8,428.0484576889444,13.990223227828213,3.709426804720991,-0.3389113109010047,0.0,0.0,0.0,0.0,14.477605259873034,285.36768502502184,96287.29753163442,1.17545675018828,338.64540685059575
147.85,427.9642928733485,12.730889612710065,3.6570193852060675,-1.6669510826780363,0.0,0.0,0.0,0.0,13.350208501249089,285.3682320963232,96288.26772807681,1.1754663407019277,338.6457314547895
147.9,427.89238007340424,12.903234199962768,4.4532848857393175,0.27530579980219755,0.0,0.0,0.0,0.0,13.652874875865807,285.36869952952287,96289.09669764082,1.1754745351555849,338.64600880555105
147.95,427.7942410619504,11.443531593097378,4.155832366369536,-0.4014290793979183,0.0,0.0,0.0,0.0,12.181399890216587,285.3693374330973,96290.2279972725,1.1754857181529503,338.64638730427765
148.0,427.9303012420618,10.696030297735325,5.589020996432333,-0.7420230642323242,0.0,0.0,0.0,0.0,12.091022208915431,285.36845304192656,96288.65956341062,1.1754702140381879,338.6458625525477
148.05,427.873998102703,11.113751759345428,6.3714251579842385,0.4625556224819778,0.0,0.0,0.0,0.0,12.818911592488567,285.3688190123324,96289.30859539661,1.1754766297856287,338.6460797004537
148.1,427.6210810088843,10.448039450595957,5.642852096846781,1.7514463477996063,0.0,0.0,0.0,0.0,12.002952655797579,285.3704629734422,96292.22412987406,1.1755054500400892,338.6470551402112
148.15,427.32718574217483,9.611297790039478,6.21757809434919,-0.27240094520494595,0.0,0.0,0.0,0.0,11.450306757598122,285.37237329267583,96295.61213532781,1.1755389404933756,338.6481886192921
148.2,426.89908502076077,9.194473842310439,7.289429673427673,-0.49973249180716345,0.0,0.0,0.0,0.0,11.744099231705535,285.37515594736504,96300.54742521001,1.175587725460947,338.64983968779256
148.25,425.5540459883845,8.394597112447101,5.837903378618059,-0.1767386271503713,0.0,0.0,0.0,0.0,10.22651519730511,285.38389870107545,96316.05482268934,1.1757410118178526,338.6550270865637
148.3,425.0829334597734,7.444616441175801,5.45089592022352,-1.0315547725151049,0.0,0.0,0.0,0.0,9.284324721703413,285.38696093251144,96321.48691214531,1.175794705416844,338.6568440028171
148.35,424.29818648497377,8.388861618575822,6.266760049630071,1.0198353988489655,0.0,0.0,0.0,0.0,10.52071029046991,285.39206178784764,96330.53586538494,1.1758841487004443,338.6598704757951
148.4,423.1252494843102,7.573976669703781,5.940801537510007,1.1281248966443727,0.0,0.0,0.0,0.0,9.691796081414802,285.399685878352,96344.06233890157,1.1760178465108821,338.6643940008062
148.45,422.5922539381452,6.058247211818612,5.172959283811556,0.42321466746406955,0.0,0.0,0.0,0.0,7.977529547813463,285.40315034940204,96350.2094262782,1.176078604117544,338.66644952063706
148.5,422.61550105920105,6.285526635372451,5.5739375614018245,0.7630130293016686,0.0,0.0,0.0,0.0,8.435568380688213,285.4029992431152,96349.9413084379,1.1760759540651335,338.6663598673932
148.55,421.90090507357525,5.295443608846747,5.451757941787294,0.6274771677110849,0.0,0.0,0.0,0.0,7.626081252275996,285.40764411702173,96358.18329038295,1.176157416425656,338.6691157181409
148.6,421.4400039658922,4.780110879545745,7.140857537805057,1.3935094948659361,0.0,0.0,0.0,0.0,8.705353244312398,285.4106399742217,96363.49951815167,1.1762099604216392,338.6708931786735
148.65,421.2626834377823,5.295934567862647,6.615600473929168,1.7660286520113402,0.0,0.0,0.0,0.0,8.656324264805432,285.4117925576544,96365.5448711725,1.1762301759286762,338.6715770110397
148.7,420.65062690746123,4.1725061268682175,6.162116502677888,0.1652857769200658,0.0,0.0,0.0,0.0,7.443709193633242,285.41577092510147,96372.605077783,1.176299955752526,338.67393738176924
148.75,419.7874406621094,4.777231530488599,6.8293630553844356,0.09777445545914937,0.0,0.0,0.0,0.0,8.334968547168286,285.42138163569626,96382.56283274064,1.1763983719537645,338.6772661959129
148.8,419.3413067452088,5.222995784906798,8.011162503454127,0.3490131279040525,0.0,0.0,0.0,0.0,9.569755471763788,285.42428150615615,96387.70978003682,1.1764492403925988,338.678986665661
148.85,419.43088776927476,4.172064949650298,7.10403539521192,0.19557657919928542,0.0,0.0,0.0,0.0,8.240855237101039,285.4236992294997,96386.67628592461,1.1764390261790911,338.6786412063197
148.9,418.5989929500002,6.574206034263416,8.726491338468442,0.7299003087721836,0.0,0.0,0.0,0.0,10.95009545721205,285.429106545825,96396.2741816306,1.1765338831561871,338.68184930339964
148.95,418.50589444042055,5.957255923061452,7.980922763536183,-1.4356607232887821,0.0,0.0,0.0,0.0,10.062064798180087,285.42971168613724,96397.34834367447,1.1765444990968443,338.6822083241279
149.0,418.32741423119677,8.216349268967289,9.175481134780485,-0.6269061657262187,0.0,0.0,0.0,0.0,12.332512343598015,285.4308718074972,96399.40765902042,1.1765648512420626,338.68289660577625
149.05,417.7270341206926,10.908149693274966,7.482088374184997,1.1708420193328135,0.0,0.0,0.0,0.0,13.279316518716028,285.43477427821546,96406.3351421604,1.1766333147208599,338.6852118696452
149.1,417.07219495825643,9.159692424375601,7.871139793703955,0.9368262171395094,0.0,0.0,0.0,0.0,12.113317065210241,285.4390307327713,96413.89146042873,1.1767079918339451,338.6877371275476
149.15,416.501831488928,10.320489768706151,8.32080247306431,1.7931910383414416,0.0,0.0,0.0,0.0,13.377735120778462,285.44273809532194,96420.47338777309,1.1767730383894845,338.68993660628155
149.2,415.62677882438294,10.94437957669193,6.341070989087324,2.6492947833682265,0.0,0.0,0.0,0.0,12.923133848124394,285.4484259376415,96430.57209988839,1.1768728382799476,338.69331102275993
149.25,415.05212665160445,10.152558139324901,6.691681432885995,2.0146042921119145,0.0,0.0,0.0,0.0,12.325245134495265,285.45216117676455,96437.20444874176,1.1769383809705751,338.69552700339335
149.3,413.70147418034793,11.737472643963162,7.192081375843241,1.8521579167383126,0.0,0.0,0.0,0.0,13.889736769754537,285.4609404178277,96452.79446047744,1.1770924423657498,338.70073534864434
149.35,413.50354259677476,9.939437427882266,5.1037357171353,0.5907104084302561,0.0,0.0,0.0,0.0,11.188810188745595,285.46222697312095,96455.07927268925,1.1771150206137382,338.7014985997082
149.4,413.0762965269995,12.922836699317104,6.820943650113055,2.926885859215532,0.0,0.0,0.0,0.0,14.902739394759287,285.46500407257446,96460.01131330236,1.177163758117361,338.70314611270663
149.45,412.5945923574808,11.661419300534892,6.364099628414609,0.9061854899941794,0.0,0.0,0.0,0.0,13.315841555288596,285.46813514967636,96465.57225190866,1.1772187097047617,338.7050036131743
149.5,412.46726665095355,11.640472712908371,7.5994808947428565,1.2170188241260227,0.0,0.0,0.0,0.0,13.954707079254769,285.46896276676875,96467.04218174556,1.1772332350256758,338.7054945923986
149.55,412.7627332110004,12.2613277089081,6.38491089716217,1.7105609239568342,0.0,0.0,0.0,0.0,13.929582298996113,285.4670422341285,96463.63115355671,1.1771995284005772,338.7043552460305
149.6,412.13361326808183,11.639486591894498,6.446610754586771,-0.4596452096035396,0.0,0.0,0.0,0.0,13.313441030130306,285.4711315137574,96470.89417700014,1.177271298865314,338.706781186078
149.65,411.3116951522697,11.836081091313366,6.394836135812413,0.8499358963292222,0.0,0.0,0.0,0.0,13.479953109410545,285.47647398151025,96480.3836715352,1.177365068930541,338.7099505461118
149.7,410.68295198978495,11.57634095513314,7.840740466893227,0.3840324923668459,0.0,0.0,0.0,0.0,13.987006896897682,285.48056081206636,96487.64336573973,1.1774368041272065,338.7123749932162
149.75,409.80990104160344,11.764602802733668,7.261741535347702,0.0774862893914468,0.0,0.0,0.0,0.0,13.825511685190047,285.4862356432296,96497.7246588388,1.1775364186782633,338.715741467598
149.8,409.29443176724,11.484180458367815,8.56807376077816,0.010418113311976396,0.0,0.0,0.0,0.0,14.328237760017014,285.48958619351293,96503.67728560715,1.1775952364176487,338.7177290954624
149.85,408.2583562076531,12.143579209458746,7.025820374340764,0.8233325897848398,0.0,0.0,0.0,0.0,14.053702163568941,285.49632068465024,96515.64276064833,1.177713464855168,338.7217241240077
149.9,408.2033601282439,9.185544252427945,7.866595508272837,0.9890587593296329,0.0,0.0,0.0,0.0,12.134075380246207,285.4966781591664,96516.27793536636,1.1777197408100712,338.7219361833895
149.95,407.4750727293268,7.454242023726564,6.69152304671533,0.04541543307217455,0.0,0.0,0.0,0.0,10.017198580170737,285.50141202725933,96524.68957676415,1.1778028527631423,338.7247443742407
150.0,406.7321249739205,8.160498303978693,6.509729869220719,1.6585968446719261,0.0,0.0,0.0,0.0,10.569827767405636,285.5062411876695,96533.27115535903,1.1778876423753928,338.7276090697195
150.05,406.1029400133887,7.456692556013591,5.79020156222043,1.697294683946013,0.0,0.0,0.0,0.0,9.5921586334985,285.51033088991295,96540.5391753341,1.1779594523533936,338.7300350939215
150.1,405.60661880574025,6.818684521455912,6.762291432045393,1.0920426018769662,0.0,0.0,0.0,0.0,9.665174652295281,285.5135569777627,96546.27273441966,1.1780161007223164,338.73194880709656
150.15,404.8949559052124,8.547477913269642,6.952963051448051,0.8470442855035254,0.0,0.0,0.0,0.0,11.050817069078573,285.5181827866161,96554.49442638154,1.1780973310764977,338.73469281497785
150.2,405.11243811244515,8.04555201085279,6.535338296946286,-1.6024591492434266,0.0,0.0,0.0,0.0,10.488537988674308,285.5167691522691,96551.98183998535,1.1780725068510534,338.7338542561437
150.25,404.5169900169731,9.507630576340087,8.998953222592148,-1.6903827859465486,0.0,0.0,0.0,0.0,13.199757279646583,285.5206395648897,96558.86121737532,1.1781404744563744,338.7361501551646
150.3,404.0902029013938,7.873887255428502,7.903198991015537,-4.036394336373398,0.0,0.0,0.0,0.0,11.863858311759106,285.52341368114094,96563.79225175924,1.1781891920481142,338.7377957300309
150.35,403.27273052525544,6.506639985686229,7.661274013690956,-5.6034205131940915,0.0,0.0,0.0,0.0,11.507814947411674,285.5287272515858,96573.23777442872,1.1782825105213055,338.74094765852385
150.4,402.7745867143698,3.5866088414324633,6.13969241955711,-6.098864667069285,0.0,0.0,0.0,0.0,9.367803169123201,285.53196518635656,96578.99396715015,1.1783393788483583,338.7428683373882
150.45,402.2137215952412,4.963481628050876,4.123700039645735,-6.644836403970652,0.0,0.0,0.0,0.0,9.262553790640379,285.5356108096309,96585.47525482581,1.1784034099818337,338.7450308359761
150.5,401.4039090454587,6.266503835012329,4.495687582804861,-6.644730699398895,0.0,0.0,0.0,0.0,10.180015875426923,285.5408745912045,96594.83396947572,1.178495866880514,338.74815316392113
150.55,400.76292934259055,6.043316075734877,4.949821927062075,-6.723242193313663,0.0,0.0,0.0,0.0,10.306521813435085,285.54504095927314,96602.24206376562,1.1785690519426528,338.7506245164769
150.6,400.19967713805283,7.219569360867109,6.720056481379007,-5.4382902251142164,0.0,0.0,0.0,0.0,11.263052048262406,285.54870209860263,96608.75220570924,1.1786333651916208,338.7527961690729
150.65,399.91191337755436,9.527530209183631,6.554097347220761,-3.8622325236148725,0.0,0.0,0.0,0.0,12.19208202032046,285.5505725630459,96612.07835363965,1.1786662236622734,338.75390565410646
150.7,399.811818814437,9.554278170436188,6.254371818292685,-1.6096430691980184,0.0,0.0,0.0,0.0,11.532230877403748,285.55122317770616,96613.23532899453,1.178677653181862,338.75429157196635
150.75,399.04528671317166,8.092134394889674,5.233828502698985,-2.070706373397906,0.0,0.0,0.0,0.0,9.857150944641736,285.5562056363644,96622.09590994872,1.1787651841601616,338.7572469469631
150.8,397.9245287804015,10.193544582084902,6.688096041548302,0.28644179823270177,0.0,0.0,0.0,0.0,12.195123152789451,285.56349056292737,96635.05228090483,1.1788931734501604,338.76156799808865
150.85,396.89661755593306,9.823560215680688,5.3477904250742245,-0.8995717606276274,0.0,0.0,0.0,0.0,11.220981556625901,285.5701719858864,96646.93654679571,1.1790105690976889,338.76553103284897
150.9,396.35008728733703,10.6245123819041,4.5866803343145595,-2.7402237927609474,0.0,0.0,0.0,0.0,11.892296930233227,285.5737244326323,96653.25577573777,1.179072990848246,338.76763812049984
150.95,395.252128647549,10.807018983157922,3.040730289828187,-2.4277522639577174,0.0,0.0,0.0,0.0,11.486151707729013,285.5808611637909,96665.95187890503,1.179198401426058,338.77187114028914
151.0,394.2884725272937,13.479787898851916,3.0569323119709058,-0.7857336106899124,0.0,0.0,0.0,0.0,13.844381324745939,285.58712492857256,96677.09610492065,1.1793084801656168,338.77558633267165
151.05,393.3386102547901,14.12168868162399,2.291243113762738,-2.071081347224811,0.0,0.0,0.0,0.0,14.45549252616094,285.59329903334384,96688.08182970593,1.179416990922895,338.77924830563325
151.1,393.7451371884714,15.787478906426951,4.381493166265579,-0.8874510676550776,0.0,0.0,0.0,0.0,16.408215685576234,285.5906566082749,96683.37997906595,1.179370548996763,338.7776810404833
151.15,393.258553194863,15.736948063900607,5.46395667254856,-0.6486619375436279,0.0,0.0,0.0,0.0,16.67114630715629,285.5938194042334,96689.00778362938,1.1794261368632681,338.77955694519005
151.2,394.4811755347538,16.506732119009264,7.329963113419745,1.4872033586925346,0.0,0.0,0.0,0.0,18.12215048836458,285.58587235902405,96674.86750281588,1.1792864670120766,338.7748434062379
151.25,394.73672575730217,16.227191598554544,7.879614569378862,0.6947887528428602,0.0,0.0,0.0,0.0,18.052501332204457,285.5842112825775,96671.9121394977,1.1792572750813062,338.77385818290264
151.3,394.47090184007334,15.117773971150385,8.44984384448702,0.8369542866364993,0.0,0.0,0.0,0.0,17.339188081248974,285.5859391380395,96674.98631660923,1.1792876406050208,338.7748830143757
151.35,393.51548698780437,16.714977795664137,6.754827580601848,0.8238464951032948,0.0,0.0,0.0,0.0,18.047074593980557,285.59214933457923,96686.03606800757,1.179396784227136,338.7785664015469
151.4,393.0013836174451,15.036727561249172,5.709665747831794,-0.8586432820493997,0.0,0.0,0.0,0.0,16.10716384063323,285.5954910064866,96691.98230041337,1.179455516995537,338.78054839494075
151.45,392.24309130857273,14.819874179496088,6.45438349777585,-0.7459353851273779,0.0,0.0,0.0,0.0,16.18159932241684,285.60041990649427,96700.75341616453,1.1795421507521353,338.78347177485335
151.5,391.28264665329533,14.222012447985959,4.909092555494108,-1.0368768308474372,0.0,0.0,0.0,0.0,15.081112072769152,285.60666279675354,96711.86373918541,1.179651887098369,338.7871744593224
151.55,390.7939924010525,11.848527157404828,5.249518125173028,-0.21480522749543046,0.0,0.0,0.0,0.0,12.961141062114834,285.60983904939314,96717.5168370305,1.1797077216651926,338.7890582925895
151.6,390.8276455585044,11.797005358896092,6.779305480540885,0.18614223938485808,0.0,0.0,0.0,0.0,13.607459982289054,285.6096203038697,96717.12750493496,1.1797038763264154,338.7889285551051
151.65,391.35811484067324,10.277128604484833,6.9074212075745915,0.8301930813053262,0.0,0.0,0.0,0.0,12.410522174518638,285.6061722535356,96710.99069369353,1.1796432641395753,338.78688351754164
151.7,392.2666251361918,10.2299374673,8.285891814295978,1.2380644314519424,0.0,0.0,0.0,0.0,13.22272389787792,285.60026693661473,96700.48119228837,1.1795394619745032,338.7833810472665
151.75,391.631826420215,10.495986144617104,7.972313041044732,0.8030326295482032,0.0,0.0,0.0,0.0,13.204861293346676,285.60439312826855,96707.82434469357,1.1796119903907334,338.78582831408
151.8,390.44262792165455,10.785423187259273,7.895833348486619,2.0234918226635115,0.0,0.0,0.0,0.0,13.51902573234216,285.6121229185092,96721.58183509162,1.1797478704902435,338.79041284732557
151.85,388.84430095962887,9.05644860400224,6.8905363259404595,0.4470976936597886,0.0,0.0,0.0,0.0,11.388531447193492,285.6225120437624,96740.0749096112,1.1799305172541805,338.7965745326047
151.9,387.7135015203951,10.960020793326546,8.630462722168986,0.780434362757513,0.0,0.0,0.0,0.0,13.971972673301057,285.6298622401174,96753.16029374018,1.1800597509760387,338.8009337921547
151.95,386.7806913063559,8.05921466102457,8.187760019233991,-0.5928773823902038,0.0,0.0,0.0,0.0,11.50399316218459,285.63592550650867,96763.95566503964,1.1801663655958539,338.8045297561717
152.0,386.18991424667314,9.174022136109137,8.144533967387428,-0.29111064918664187,0.0,0.0,0.0,0.0,12.271139356629355,285.63976555739663,96770.79320623809,1.1802338916862452,338.80680716973643
152.05,385.7342902258209,10.24049853383339,8.720489939651394,-0.8211595081946848,0.0,0.0,0.0,0.0,13.47549843036997,285.64272711353215,96776.06677910888,1.180285971740801,338.80856356520144
152.1,384.6341256124493,12.945142437393038,8.776459529898874,-1.3887935517029066,0.0,0.0,0.0,0.0,15.701328037258456,285.64987818351904,96788.80147942493,1.1804117331863029,338.8128045774109
152.15,384.6084748322796,15.877837858356397,8.720854615498348,-0.19112612712977134,0.0,0.0,0.0,0.0,18.116168730650145,285.65004491359014,96789.098410268,1.1804146654872443,338.8129034576819
152.2,384.1320643293573,14.885577111619696,7.2802482036194425,-0.07758166911310094,0.0,0.0,0.0,0.0,16.570710267446675,285.65314158185913,96794.61342425381,1.1804691279612614,338.8147399501706
152.25,383.7640352421104,16.64155345559331,6.735900249680686,-0.3369352262415001,0.0,0.0,0.0,0.0,17.956257375513985,285.65553377092624,96798.87396961256,1.180511201764188,338.8161586414115
152.3,383.3713235773781,15.651337645853943,5.615786359745052,0.12442958185709918,0.0,0.0,0.0,0.0,16.628797589232498,285.658086396747,96803.42042409763,1.1805560985927146,338.81767247335364
152.35,382.3953127454807,15.768171648996812,6.374670037345681,0.28188675506943883,0.0,0.0,0.0,0.0,17.010323788215885,285.6644304671544,96814.72052877623,1.180667686856352,338.8214347880537
152.4,381.7923044852903,15.05161550506861,6.036889532536198,0.6819015674612189,0.0,0.0,0.0,0.0,16.231455704531648,285.6683500208456,96821.70260031894,1.180736633407373,338.823759236092
152.45,381.4607172856518,14.672471577795374,5.047581186518831,0.4933151919778045,0.0,0.0,0.0,0.0,15.524266743210386,285.67050533764325,96825.54213365878,1.180774547623088,338.82503741612527
152.5,380.5680743828689,14.141644000813486,5.724134153940877,0.5309303461482873,0.0,0.0,0.0,0.0,15.265441162656177,285.6763075165113,96835.87888776949,1.1808766184822401,338.82847829198244
152.55,380.5586664584866,13.836492190218342,5.555295242377698,1.8050508966693717,0.0,0.0,0.0,0.0,15.01892240140831,285.6763686680198,96835.98783575771,1.1808776942842303,338.8285145565779
152.6,380.60030184190794,12.507738246607026,5.885016293249728,0.8464435673305212,0.0,0.0,0.0,0.0,13.848949401673984,285.6760980380276,96835.5056800772,1.18087293325799,338.82835406521417
152.65,380.25963715152596,12.599821975444122,5.9773884558556345,1.642483485953181,0.0,0.0,0.0,0.0,14.042166448476166,285.6783123585151,96839.45078110084,1.1809118888616585,338.8296672186727
152.7,379.94587667342404,10.105020479501862,4.4788860698000805,1.361293199090822,0.0,0.0,0.0,0.0,11.13665023655193,285.68035180162275,96843.08443037464,1.1809477687912946,338.8308766604929
152.75,379.3342239048093,9.01223900835226,5.0070561078003974,2.3991256583959606,0.0,0.0,0.0,0.0,10.585219257771719,285.6843275446187,96850.16827737882,1.181017716449168,338.8332343651607
152.8,378.82532891983334,8.947397498955333,5.15764103358198,0.9970048372736362,0.0,0.0,0.0,0.0,10.375509707052842,285.68763536202107,96856.06235647536,1.181075915302473,338.8351959624847
152.85,377.98031626792107,10.907126055469108,3.9168534634831036,0.9776912242930283,0.0,0.0,0.0,0.0,11.630263108560884,285.6931279442585,96865.85002985474,1.1811725584903876,338.8384531409609
152.9,377.0917446120723,11.94915153037487,4.816229536095692,0.4928663800521363,0.0,0.0,0.0,0.0,12.892680346181175,285.69890366002153,96876.14310547452,1.1812741900002892,338.84187818782505
152.95,376.73960113873676,11.208508920905253,6.641651936971059,-0.847338914273605,0.0,0.0,0.0,0.0,13.056040591141192,285.7011925925982,96880.22252563912,1.1813144687075137,338.8432355340555
153.0,376.8843878457253,10.916020906834973,6.189236072287135,-0.8320484432230477,0.0,0.0,0.0,0.0,12.57610671904578,285.70025147900276,96878.54522139742,1.1812979076560912,338.8426774505638
153.05,376.6579835209787,9.731951740543831,6.215038895735428,-2.5553380437622124,0.0,0.0,0.0,0.0,11.826552569268731,285.7017231071136,96881.1680480551,1.1813238044050178,338.84355013052226
153.1,376.14078689035716,7.610770023073207,7.581499452538412,-5.128408306727206,0.0,0.0,0.0,0.0,11.903929017490762,285.70508488521267,96887.1598326528,1.1813829644064462,338.8455436667574
153.15,375.6029666047317,7.1978872698318614,6.55097673668379,-5.57854699415009,0.0,0.0,0.0,0.0,11.218068635898105,285.7085807170692,96893.39086300119,1.1814444858670974,338.84761668450403
153.2,374.7801369454724,8.23050681983229,6.0984300218838925,-5.4893017256521395,0.0,0.0,0.0,0.0,11.621726406965884,285.7139291098544,96902.92455754135,1.1815386143984454,338.8507882407494
153.25,373.7514231472562,9.704785064030713,5.471652124339885,-6.4097769205972535,0.0,0.0,0.0,0.0,12.85329025116324,285.7206157495428,96914.84479175595,1.1816563033493452,338.8547533254754
153.3,373.15022818299957,10.743737566416497,1.6255297009107255,-8.60498202116399,0.0,0.0,0.0,0.0,13.860590149381355,285.7245235168105,96921.81169574294,1.1817250865968363,338.8570705558623
153.35,372.5718031462967,11.6669224871801,0.5985150449854573,-7.874413331791756,0.0,0.0,0.0,0.0,14.088352845554457,285.72828327954903,96928.51511487192,1.1817912676079738,338.8593000074697
153.4,372.06137442512096,11.42873225328533,2.3020527490763203,-8.502534568837921,0.0,0.0,0.0,0.0,14.429430407022243,285.7316010662367,96934.43083047071,1.1818496711157302,338.86126736540507
153.45,371.6365910774385,10.135651711138477,2.474808824564589,-8.448214060985393,0.0,0.0,0.0,0.0,13.424918441014025,285.7343621579966,96939.35416479387,1.181898276720728,338.86290460956934
153.5,371.794909289508,9.654790962282883,0.9262079150679244,-7.1062356675472556,0.0,0.0,0.0,0.0,12.02378621691331,285.73333308961816,96937.51919751946,1.181880161066102,338.86229440397295
153.55,371.4255470676547,8.128014908061,2.9086380111206336,-6.950955019653192,0.0,0.0,0.0,0.0,11.083346837063232,285.7357339440602,96941.80028751472,1.1819224258861292,338.8637180344031
153.6,371.2170748623911,5.489303888769567,2.0207190933034576,-7.892871762299433,0.0,0.0,0.0,0.0,9.824112555004936,285.73708901339444,96944.21665059708,1.1819462811378745,338.86452154483925
153.65,370.65214702846026,3.967399879565717,0.4594466760346828,-7.633579124977233,0.0,0.0,0.0,0.0,8.615270356163268,285.740761044315,96950.76487062086,1.1820109270779497,338.8666989258149
153.7,370.48495973077,1.4130652224080362,-0.017298400124862667,-7.866963205399323,0.0,0.0,0.0,0.0,7.992881997911188,285.74184776174997,96952.70284914415,1.1820300592084836,338.8673433071037
153.75,370.3773666990188,0.10668997707579342,-0.4831936911615701,-7.671079553543428,0.0,0.0,0.0,0.0,7.687022857464313,285.74254711645636,96953.95004771223,1.182042371775906,338.8677579966709
153.8,369.6206894289591,-0.7537147321871087,0.802595368634058,-7.4657435481811065,0.0,0.0,0.0,0.0,7.546494017123219,285.74746551871175,96962.72167794847,1.1821289660278471,338.8706743995483
153.85,369.16224134041124,-2.166850138757646,0.03053260481100506,-7.094804259355133,0.0,0.0,0.0,0.0,7.418383869978306,285.7504454312873,96968.03645851853,1.182181433251702,338.8724413484688
153.9,368.6272114999594,-3.475054330951013,-0.08353564631529639,-6.973591627184287,0.0,0.0,0.0,0.0,7.7919163875135045,285.75392312525025,96974.23934826806,1.1822426671490187,338.8745034468429
153.95,367.3488229830743,-2.5050251346981027,0.09913619354039571,-7.604109353568959,0.0,0.0,0.0,0.0,8.006713306430663,285.76223265061,96989.06169743271,1.1823889879001241,338.8794305284708
154.0,366.43300261523484,-1.0446245541035861,0.8684340850941191,-7.654286784675203,0.0,0.0,0.0,0.0,7.773900205253656,285.76818548300093,96999.6813571632,1.182493818638806,338.8829601795487
154.05,365.8249695704523,2.8016549229394676,-0.10684663226289945,-7.2631091163696295,0.0,0.0,0.0,0.0,7.7854634124340025,285.77213769779206,97006.7325001012,1.1825634219718029,338.8853035712993
154.1,365.1678611958379,8.801673185653247,2.365782416435429,-5.313033301960074,0.0,0.0,0.0,0.0,10.549630333651468,285.77640890222705,97014.35321882054,1.1826386466262435,338.8878360837668
154.15,363.295047763488,16.59357103249605,3.9969441045919094,-6.51461514382382,0.0,0.0,0.0,0.0,18.269164519973614,285.7885821895373,97036.0755597162,1.1828530632231016,338.8950538507598
154.2,362.36533853537696,19.36942960157722,7.090959804399346,1.0783062265576961,0.0,0.0,0.0,0.0,20.654763575415146,285.79462529952,97046.86051026199,1.1829595157784047,338.89863686524046
154.25,362.5096771342897,15.159853094442257,6.277102234738718,4.340263696161067,0.0,0.0,0.0,0.0,16.972361275398484,285.7936870986271,97045.18606864652,1.1829429883964773,338.8980805999427
154.3,363.1840459440838,7.303092849741912,5.1551479327542005,-0.5336504844673824,0.0,0.0,0.0,0.0,8.955193924204188,285.78930370136345,97037.36316842366,1.182865772647474,338.8954816436285
154.35,364.0757292848017,5.7563997541457965,8.894765693494826,2.5836033132907508,0.0,0.0,0.0,0.0,10.905411544373244,285.7835077596488,97027.02013206945,1.1827636801370722,338.8920451461941
154.4,363.68617202141553,7.071952977185171,6.275292164826084,3.1415845665909834,0.0,0.0,0.0,0.0,9.96299976184324,285.7860398818608,97031.53867226643,1.1828082813286862,338.8935464822595
154.45,362.47590574489544,8.700386405535864,6.511869868122819,5.156655032187929,0.0,0.0,0.0,0.0,12.028809746021768,285.79390661265813,97045.57784130909,1.1829468553480058,338.89821075129464
154.5,361.0981285255454,7.951208572215034,4.251964168240641,2.455688290189334,0.0,0.0,0.0,0.0,9.345122900499554,285.8028621645839,97061.5621503907,1.18310462428434,338.9035205159152
154.55,359.8390510481782,10.237752475305122,5.600334987179366,4.0382181007458104,0.0,0.0,0.0,0.0,12.348381802626308,285.8110461681868,97076.17122631875,1.1832488150184095,338.90837275524666
154.6,358.8230553918292,10.299823405473848,5.774586335151925,3.230759688932966,0.0,0.0,0.0,0.0,12.242141058397607,285.8176501399531,97087.96112190282,1.1833651775952565,338.9122881539455
154.65,357.930026140099,10.065853377062172,5.057632616706083,1.1731669635796131,0.0,0.0,0.0,0.0,11.325960119059124,285.82345483008936,97098.32503862289,1.183467463986945,338.91572963285137
154.7,357.68902772971063,12.69027419486432,6.711988556064897,1.8732795204668566,0.0,0.0,0.0,0.0,14.477673351729758,285.82502131975684,97101.12206293491,1.183495068785689,338.9166583656972
154.75,357.28556934493844,11.066689196228245,6.971026056509033,0.9492410811657396,0.0,0.0,0.0,0.0,13.113652148681371,285.8276437992579,97105.80474156215,1.183541283419328,338.9182131630104
154.8,356.6995077651208,11.60423109064198,8.241837266225488,0.6044161627413844,0.0,0.0,0.0,0.0,14.246100505954189,285.8314531995267,97112.60710223451,1.183608417018349,338.9204716409055
154.85,356.14698596091245,10.809272790183613,8.807753704769594,-1.2978329145503624,0.0,0.0,0.0,0.0,14.003616456136488,285.835044591254,97119.02052329545,1.1836717112899438,338.92260085436504
154.9,355.59739495971365,14.409117396871602,9.74135906288426,0.9899512757188764,0.0,0.0,0.0,0.0,17.42115794306345,285.83861693276185,97125.40026516811,1.1837346723914937,338.92471876033034
154.95,355.1579408983831,13.435872224850879,6.884122704802327,-1.2310901897162,0.0,0.0,0.0,0.0,15.14692678111668,285.8414733841605,97130.50176365314,1.1837850180572898,338.9264122326447
155.0,354.6475521948309,14.341001687065766,9.290145336656831,-0.23495679744551082,0.0,0.0,0.0,0.0,17.088778027152664,285.8447909107336,97136.42699476326,1.1838434923437149,338.9283790468076
155.05,354.3554056820156,16.578411878426763,9.588470023480802,2.315707927823854,0.0,0.0,0.0,0.0,19.291060131805555,285.8466898630669,97139.81872898214,1.1838769640218365,338.929504846171
155.1,354.02061143940915,16.60057245016974,8.65487560202824,0.6595822011063761,0.0,0.0,0.0,0.0,18.732883548453895,285.8488660256438,97143.70570859058,1.1839153228066135,338.9307949858282
155.15,353.4863835524298,17.244302214428068,8.45672508732898,0.02394014009602835,0.0,0.0,0.0,0.0,19.206320084688166,285.8523385069092,97149.90838462279,1.1839765335121242,338.93285363884627
155.2,352.5299925025064,17.36997508365587,8.630484903101905,-1.276501920475504,0.0,0.0,0.0,0.0,19.43786925623468,285.8585550487337,97161.01340530513,1.184086120830105,338.9365390710105
155.25,351.9804062664292,17.48702664594976,8.049333072551121,-1.3085933459860435,0.0,0.0,0.0,0.0,19.295084357788674,285.8621273592682,97167.39532540891,1.1841490982484502,338.93865687151873
155.3,351.69906625255294,20.101367916540656,8.91200791701338,-0.09204247460308057,0.0,0.0,0.0,0.0,21.98857314711826,285.8639560693584,97170.66244085404,1.1841813381620019,338.93974099475713
155.35,350.82208025079836,20.10418328179057,8.486854166507268,-0.6555859264315,0.0,0.0,0.0,0.0,21.831964455319273,285.8696564783698,97180.8471815959,1.184281839917285,338.94312037414545
155.4,350.31532689008236,18.564649954110145,8.352257751495983,-0.8307546909241332,0.0,0.0,0.0,0.0,20.373919378032273,285.87295037521443,97186.7326770886,1.184339916341379,338.94507308306964
155.45,349.7623893561303,16.220710999977793,8.412212560787475,-0.6546670996543837,0.0,0.0,0.0,0.0,18.28401964897328,285.87654446918515,97193.15489049061,1.1844032881842859,338.9472037439333
155.5,349.47253158540576,16.008563831525127,7.660427590641218,0.4051220251731621,0.0,0.0,0.0,0.0,17.75163064833065,285.8784285446948,97196.52164397664,1.1844365096478886,338.9483206615081
155.55,349.1489289624683,15.022483297469927,7.3701432487148555,1.3542560245326403,0.0,0.0,0.0,0.0,16.787734370942466,285.88053196174394,97200.28046194503,1.184473599551847,338.9495676047781
155.6,349.6096420923596,13.686393546230155,6.963211431141023,1.6132288091316282,0.0,0.0,0.0,0.0,15.440407667146477,285.87753732639965,97194.92906742553,1.1844207949149055,338.9477923299697
155.65,349.0278753189361,13.082656222627014,6.881717456850522,3.0614777347592725,0.0,0.0,0.0,0.0,15.095912523454464,285.8813188104269,97201.68659516977,1.1844874744143865,338.95003406158
155.7,347.47366063312194,13.750205912558203,7.0129818582620995,3.714615159415106,0.0,0.0,0.0,0.0,15.876033603032603,285.8914212058847,97219.74148381845,1.1846656256185575,338.95602287023735
155.75,347.35801080883186,14.307144647930858,7.054236277291301,3.593375633625362,0.0,0.0,0.0,0.0,16.351421524656555,285.89217292974257,97221.08506486866,1.18467888275035,338.9564684959938
155.8,345.3516585352861,14.557042551271987,7.0884042671695955,0.9703997719849258,0.0,0.0,0.0,0.0,16.220192311185457,285.90521421952064,97244.39658893755,1.1849088923145834,338.9641993461828
155.85,344.7618418542587,13.855304967700436,8.807096597598365,0.5087024750881568,0.0,0.0,0.0,0.0,16.425382931170095,285.9090480279473,97251.25044654876,1.1849765157902143,338.9664719865243
155.9,344.5014192268033,14.032154471843318,9.523473851565853,-0.23490972943010469,0.0,0.0,0.0,0.0,16.96033890888127,285.9107407750258,97254.27676486892,1.1850063746225503,338.96747542391086
155.95,344.2366227944808,13.628787165083228,8.347093984316782,-1.0109532619492028,0.0,0.0,0.0,0.0,16.013739228300192,285.91246195183584,97257.35398847284,1.1850367355249307,338.9684957110089
156.0,344.26909007250924,17.047278356703206,8.132978999467799,0.8985093688174416,0.0,0.0,0.0,0.0,18.9093195504904,285.91225091452867,97256.97667901905,1.1850330128753235,338.96837061150944
156.05,344.155106628403,15.000867838671704,6.1298575656928,0.152346860445841,0.0,0.0,0.0,0.0,16.205690335646427,285.91299180691533,97258.30131117946,1.185046082086214,338.9688098003193
156.1,343.340299046321,14.433282609439978,6.52154384858987,0.7767968883478052,0.0,0.0,0.0,0.0,15.857288370298047,285.9182880561989,97267.77083400454,1.185139510200017,338.9719493131322
156.15,342.2977063645856,14.57530169706982,4.421592854400904,-0.3987462345846894,0.0,0.0,0.0,0.0,15.2364333585748,285.9250649086302,97279.88871628522,1.1852590650078954,338.97596645607666
156.2,340.965853416671,13.192934863802142,4.884717111797127,-0.619848463068945,0.0,0.0,0.0,0.0,14.081839499865728,285.93372195279164,97295.37040099537,1.1854118029074638,338.9810980588274
156.25,339.99791080929674,13.204274166265437,4.631598330004651,-0.642628092669079,0.0,0.0,0.0,0.0,14.007766781821225,285.94001357973957,97306.6231819513,1.1855228167430196,338.98482747357576
156.3,338.6195478371038,12.132414157397369,3.010202400113081,-1.1802342162619641,0.0,0.0,0.0,0.0,12.555864947565269,285.9489729390588,97322.64910847342,1.1856809156284167,338.9901381382939
156.35,338.0009366261639,13.427827071763772,4.440647880593255,1.0198189399096869,0.0,0.0,0.0,0.0,14.179771653267478,285.9529939119299,97329.8422612928,1.1857518758709005,338.9925215449262
156.4,336.86530917481633,11.90552860464451,2.6882720395338118,-0.835919694442427,0.0,0.0,0.0,0.0,12.233853834753164,285.9603754903637,97343.04835073744,1.185882150960147,338.99689688596334
156.45,336.319354352958,11.987426824208942,3.445875877670313,-0.18676563208601277,0.0,0.0,0.0,0.0,12.474267266312788,285.96392419670576,97349.39771703904,1.1859447848274172,338.999000318482
156.5,335.9305285728362,9.838220386321185,2.869943383395797,-0.6184852129066256,0.0,0.0,0.0,0.0,10.266921610312764,285.96645156427655,97353.91990245497,1.1859893938385464,339.0004983626659
156.55,335.989815042826,9.118378621191356,2.700983816401533,-0.7853689354264913,0.0,0.0,0.0,0.0,9.54237636129468,285.9660662022216,97353.23036822883,1.1859825919668983,339.00026994780814
156.6,336.23715793899817,7.546978361632249,4.718616108564263,-0.919701702635209,0.0,0.0,0.0,0.0,8.948076418581685,285.96445847339646,97350.35367708735,1.1859542149098048,338.99931700035006
156.65,336.44657502981624,7.083540980962892,6.041604456297057,-0.9620371602805542,0.0,0.0,0.0,0.0,9.3596502463014,285.9630972623062,97347.91813117094,1.1859301893954548,338.99851016900203
156.7,336.3592551104133,6.413080646268976,5.37148574801861,-0.7349762427428688,0.0,0.0,0.0,0.0,8.39765756589974,285.9636648417823,97348.93366632292,1.1859402071857412,338.9988465909096
156.75,336.48638614918025,6.827978858058776,4.521565038397777,-0.8263931908363067,0.0,0.0,0.0,0.0,8.230964183400346,285.9628384900303,97347.45512865312,1.1859256220805587,338.998356786561
156.8,336.0215487966088,5.749307430539592,6.824695478969063,-2.3889599556090024,0.0,0.0,0.0,0.0,9.237864146057891,285.965859932822,97352.86128885832,1.18597895120041,339.0001476861082
156.85,335.9829351661133,5.928448016456531,6.834793269982968,-2.087930572909338,0.0,0.0,0.0,0.0,9.285491317346722,285.96611092142024,97353.31038477294,1.1859833812860738,339.0002964541346
156.9,335.8965911176285,6.531139612476322,8.16727881822756,-0.8886566008001539,0.0,0.0,0.0,0.0,10.495234084405721,285.9666721577354,97354.31461548869,1.1859932874589743,339.00062911450345
156.95,335.2538475128062,6.361286243315801,6.87497741683323,-3.1404198415663025,0.0,0.0,0.0,0.0,9.878942956241273,285.97084999116674,97361.79035520948,1.186067030828342,339.003105422281
157.0,334.3581563385466,8.167530189074117,7.229390369496512,-2.3112308872941085,0.0,0.0,0.0,0.0,11.149637784178834,285.9766719837994,97372.20889894599,1.1861698012717892,339.0065562347275
157.05,333.9198339575761,9.017827603897594,7.243989724252126,-1.241823476413696,0.0,0.0,0.0,0.0,11.63351741156818,285.97952107927574,97377.30772730209,1.1862200962957703,339.00824493827366
157.1,332.56176038219934,9.78507942378935,6.615864597524207,-0.5358174399587027,0.0,0.0,0.0,0.0,11.823897159211246,285.9883485575157,97393.1070248644,1.1863759379464434,339.0134770695832
157.15,331.19886583237405,10.456783989674516,6.795231140397977,1.5087324106549402,0.0,0.0,0.0,0.0,12.561678675444153,285.9972073720895,97408.96449445334,1.1865323485598362,339.01872769306067
157.2,330.27061435879506,9.268142949147094,5.935075555176308,1.6821525565091957,0.0,0.0,0.0,0.0,11.133428618123295,286.0032410066678,97419.76602760203,1.1866388870229516,339.0223037844997
157.25,329.6438505108873,8.229706139345849,5.166402388361142,1.9541906200044863,0.0,0.0,0.0,0.0,9.911540634924723,286.0073149716792,97427.05986965269,1.1867108269022721,339.02471837267075
157.3,328.9857301810973,7.770079953373792,4.518643590468574,2.6470205196569396,0.0,0.0,0.0,0.0,9.370112059681512,286.01159275382287,97434.71909256862,1.1867863694659189,339.0272537422011
157.35,328.4247899553242,8.400030255836356,4.880761175257146,3.8406177461650235,0.0,0.0,0.0,0.0,10.446658921445719,286.01523886529037,97441.24771558227,1.1868507600827152,339.02941471617805
157.4,328.1226142137032,5.886840794260092,3.183952271065155,2.222815907428817,0.0,0.0,0.0,0.0,7.052188111480319,286.01720300761093,97444.76479950214,1.1868854480990645,339.0305788165259
157.45,327.5249928818583,4.609685370690816,4.3046375703632975,2.901536754150168,0.0,0.0,0.0,0.0,6.942479338437274,286.0210875462679,97451.72093644668,1.1869540538333845,339.03288107824983
157.5,327.62402207624996,4.802000044730452,5.332618170339696,3.860169820128438,0.0,0.0,0.0,0.0,8.148431261320106,286.02044385650436,97450.56823788877,1.1869426852701117,339.03249958169704
157.55,327.38044472799083,4.511097540155615,6.466431318628833,3.324008276047692,0.0,0.0,0.0,0.0,8.556504311608533,286.02202710926804,97453.4034949307,1.1869706481281488,339.03343792965546
157.6,327.91782781909444,6.6158709276832,6.682716589734431,4.389711979588199,0.0,0.0,0.0,0.0,10.37776567543398,286.01853411917585,97447.14840776254,1.18690895682615,339.03136773235775
157.65,327.547522895135,6.1234129166276325,7.399372810532659,2.5572213718974455,0.0,0.0,0.0,0.0,9.939128980029444,286.0209411011816,97451.45868640977,1.1869514673778658,339.0327942844643
157.7,326.89555808055076,6.6500677090212745,6.981163931473511,2.7155186995279283,0.0,0.0,0.0,0.0,10.016690680067944,286.0251788724764,97459.0478076015,1.1870263149707574,339.0353058804969
157.75,326.03409859357396,8.356762544994021,6.242089829076886,1.7979420285815997,0.0,0.0,0.0,0.0,10.584505713816785,286.0307783591417,97469.07626127961,1.1871252187425616,339.0386244945969
157.8,324.4056937705708,10.274736984851593,6.619355648815152,2.972146296664223,0.0,0.0,0.0,0.0,12.578542957042089,286.0413629904913,97488.03518964066,1.1873121923814158,339.0448975356932
157.85,324.1495734688472,9.447521752236774,5.637386511126799,1.125631886202796,0.0,0.0,0.0,0.0,11.059061491738703,286.0430277724525,97491.01737742286,1.1873416021957204,339.04588416749067
157.9,323.3679054835984,11.173800592020708,7.241690772583177,2.3492352161150847,0.0,0.0,0.0,0.0,13.520902744143749,286.0481086143566,97500.11934115995,1.1874313631116995,339.0488953069328
157.95,322.7885849255453,13.612036553058013,6.3061249087440885,3.4050848071279054,0.0,0.0,0.0,0.0,15.383411618695101,286.0518741979839,97506.86555801528,1.1874978913091554,339.0511269468718
158.0,322.1674955783452,12.861232363918083,7.350489756639504,0.8734831766636502,0.0,0.0,0.0,0.0,14.83927122338124,286.0559112787407,97514.0985943356,1.187569219331365,339.05351947087576
158.05,321.8252322498441,12.48181987563429,7.452209415113178,1.599944145656413,0.0,0.0,0.0,0.0,14.625015345075742,286.058135990376,97518.08468493109,1.1876085274219175,339.05483791040706
158.1,321.333202803178,14.803925779384642,6.917016660790111,1.8341238631452306,0.0,0.0,0.0,0.0,16.442790162029556,286.06133418177933,97523.81522310828,1.1876650375219926,339.0567332580665
158.15,320.9152018860146,13.22259334203769,7.1455021920637485,0.6039118550725606,0.0,0.0,0.0,0.0,15.04193756782631,286.06405118774086,97528.6837846021,1.1877130469836248,339.0583434319489
158.2,320.57955521608545,14.17118306318017,6.710207837540439,0.6242348839647744,0.0,0.0,0.0,0.0,15.692003945433871,286.0662328910954,97532.59328798973,1.187751598729568,339.05963636496824
158.25,320.3370191458161,16.065589208063397,8.85972836781745,1.2919688655390074,0.0,0.0,0.0,0.0,18.39203977005472,286.0678093755522,97535.41834833309,1.1877794565627575,339.06057062677337
158.3,320.0007798006077,13.838330114002481,6.961940296590591,1.0270781458638423,0.0,0.0,0.0,0.0,15.524911676241862,286.06999493129604,97539.33497410252,1.1878180780350993,339.06186583430457
158.35,319.4996297230534,13.97027908942218,6.670276297978672,1.8013825080707058,0.0,0.0,0.0,0.0,15.58545035178983,286.0732524068001,97545.17277033163,1.18787564343806,339.06379627545135
158.4,319.05335792379105,12.5191614026568,7.602036210541424,0.8739661576742916,0.0,0.0,0.0,0.0,14.672565338648683,286.07615317349536,97550.37153870094,1.1879269069565517,339.06551531500895
158.45,318.2489363645349,12.57235487143842,7.608815132655804,1.064037337784515,0.0,0.0,0.0,0.0,14.733986228869393,286.0813819136305,97559.7430792335,1.1880193156351468,339.0686139258995
158.5,317.8346902583178,11.68207030562238,7.360013669389866,0.5667410981847227,0.0,0.0,0.0,0.0,13.818891537004024,286.0840745133209,97564.56934585642,1.1880669046889594,339.0702095800636
158.55,317.01420805163605,10.631043877528853,5.811447174111565,0.1768212088580926,0.0,0.0,0.0,0.0,12.117065565694322,286.08940764766436,97574.12912742198,1.1881611669031158,339.07337001210647
158.6,316.83535005271636,10.234231882623256,7.243415642895184,0.11976861437478359,0.0,0.0,0.0,0.0,12.538776532183284,286.0905702246573,97576.21317751045,1.188181716007114,339.07405895494725
158.65,315.9585366631487,10.584972057827855,5.499937415448525,0.7626220946307625,0.0,0.0,0.0,0.0,11.952930080029168,286.0962695116895,97586.43031233553,1.1882824575628927,339.0774363307925
158.7,315.11835066145215,9.817121859933986,4.492851741715581,1.1800392354157618,0.0,0.0,0.0,0.0,10.860667151835152,286.1017307207005,97596.22145647238,1.1883789969422034,339.0806725909454
158.75,314.13275972592754,8.134340204667952,5.325148257416432,1.0240471242342477,0.0,0.0,0.0,0.0,9.776163206564995,286.10813706178146,97607.70809719687,1.1884922513434941,339.0844688879426
158.8,314.01744273789944,5.624582347871997,5.23213425507718,0.4147112283208633,0.0,0.0,0.0,0.0,7.693057965077393,286.1088866222036,97609.05213889234,1.188505502975335,339.084913062886
158.85,313.7457776335558,6.418531073295863,5.615710811932361,0.0727648702028136,0.0,0.0,0.0,0.0,8.528718765937485,286.11065244538185,97612.21850722,1.1885367217708862,339.08595945309446
158.9,313.79391546502075,6.228571485917014,6.546481426234897,-1.2489599118196568,0.0,0.0,0.0,0.0,9.12202952640198,286.1103395494773,97611.65743496745,1.1885311898953572,339.0857740377034
158.95,313.21142670836196,7.1510055668423655,7.4962833118291705,-1.7477890346574134,0.0,0.0,0.0,0.0,10.50646994084539,286.1141257263956,97618.44682932874,1.1885981293249597,339.0880176379971
159.0,312.15829407935854,7.056826904738061,7.615049532323055,-3.216688326332017,0.0,0.0,0.0,0.0,10.868986573362266,286.12097108848417,97630.72294289744,1.1887191623256703,339.092074002518
159.05,311.5182660377641,7.626779035685249,7.967336621927863,-5.567629539246515,0.0,0.0,0.0,0.0,12.354946782263827,286.12513127075454,97638.18420641488,1.188792723207935,339.0945391830693
159.1,310.9055679800039,7.562558291360195,6.560110334032644,-6.145478851739885,0.0,0.0,0.0,0.0,11.747095207841166,286.12911380812994,97645.32729737653,1.1888631462127313,339.096899080592
159.15,309.45189696167296,6.435093377898576,5.0934994604168695,-7.719234784366911,0.0,0.0,0.0,0.0,11.266798533377665,286.1385626697491,97662.27649684898,1.1890302427185957,339.1024980446061
159.2,309.24915393766565,5.593383624033327,1.1329256039753817,-10.888632203019156,0.0,0.0,0.0,0.0,12.293566286573354,286.13988049940514,97664.64058547061,1.1890535490415275,339.10327892294987
159.25,308.73756583045173,7.7115621066439415,2.880649744904006,-8.036423770805149,0.0,0.0,0.0,0.0,11.504366132099774,286.14320582210206,97670.6061736435,1.189112360202457,339.10524933083553
159.3,308.64507146355777,9.229207163739506,1.1545854091414236,-7.230386779351972,0.0,0.0,0.0,0.0,11.780909358672218,286.1438070354869,97671.68477458443,1.1891229934101897,339.1056055764208
159.35,307.65559266178894,9.147193283942508,1.6154173025599698,-5.980254018686964,0.0,0.0,0.0,0.0,11.047359691946065,286.15023864769836,97683.22394850753,1.1892367490364795,339.1094165683851
159.4,306.6777817001346,12.328720358940608,2.746566376722917,-4.477717280617154,0.0,0.0,0.0,0.0,13.40115385315156,286.1565944189491,97694.62813800336,1.1893491714456534,339.11318257942
159.45,304.92207043571887,14.365314226132234,4.0140202254399355,-2.7388412928689556,0.0,0.0,0.0,0.0,15.164955087743653,286.1680065421678,97715.10766877283,1.1895510522291137,339.1199445463227
159.5,303.8796851572545,14.090623561569393,2.9069318154383774,-3.7286271818655425,0.0,0.0,0.0,0.0,14.862657420354171,286.17478204647784,97727.26823819663,1.189670923494603,339.1239591373898
159.55,303.44885234093346,14.709186760331912,3.1419423555573633,-1.3867405028450308,0.0,0.0,0.0,0.0,15.104801426639142,286.17758245978393,97732.29473420761,1.1897204707103655,339.1256184116932
159.6,302.87573849406925,13.91330109707634,4.459532307714086,-0.7045824184917653,0.0,0.0,0.0,0.0,14.627501912695111,286.18130769978853,97738.98153740363,1.1897863831675883,339.12782564294844
159.65,302.7929501149106,13.908584858604437,2.460721332242292,0.10059761038758785,0.0,0.0,0.0,0.0,14.124942552915696,286.18184582425306,97739.94750106186,1.189795904692626,339.12814448434176
159.7,303.55321672757526,13.96541217875629,3.546957118264458,0.8269115035492168,0.0,0.0,0.0,0.0,14.432512766530415,286.1769040912707,97731.07710307343,1.1897084683117334,339.12521647196775
159.75,304.12397611836127,12.875619690147373,5.441839045962242,1.0032853923594505,0.0,0.0,0.0,0.0,14.014341803523697,286.17319415523065,97724.41820582398,1.1896428299178279,339.1230182915376
159.8,304.1722618765628,11.608689540729866,5.96592244713706,1.4379757893873255,0.0,0.0,0.0,0.0,13.13094352547329,286.1728802978023,97723.85488564483,1.189637277092731,339.1228323266922
159.85,304.1630006370154,11.494556214280385,7.028799331207877,1.9105045446444857,0.0,0.0,0.0,0.0,13.608044320061106,286.1729404958594,97723.96293061454,1.1896383421266272,339.12286799487737
159.9,303.71688574073346,9.747039931687157,5.357923127439014,1.4833641551658678,0.0,0.0,0.0,0.0,11.221073784904936,286.1758402426852,97729.16758287416,1.1896896457867923,339.1245861307138
159.95,302.7719092456267,9.119442690794862,6.643139091319915,2.157790381607683,0.0,0.0,0.0,0.0,11.487018381994227,286.1819825899034,97740.19300432285,1.189798324620819,339.12822551861484
160.0,301.3821047275398,9.443439523240357,5.548480952721326,2.1328826196989468,0.0,0.0,0.0,0.0,11.158556321550888,286.19101631927094,97756.41024344286,1.1899581755540416,339.1335780016857
160.05,300.29414350405665,7.592557960780402,5.074542646827576,1.7126767905679237,0.0,0.0,0.0,0.0,9.291457434182849,286.19808806722364,97769.10687817149,1.1900833208878916,339.137767952163
160.1,299.46298497040476,7.6323442894916536,4.928522915875122,2.000372409123184,0.0,0.0,0.0,0.0,9.302930036328519,286.20349059769234,97778.80749516273,1.190178933664165,339.1409688706079
160.15,298.58941974446486,7.611024253218743,4.632174093367778,2.8170587596934196,0.0,0.0,0.0,0.0,9.344546381174261,286.209168771661,97789.0038891291,1.190279431051481,339.1443330711386
160.2,298.23240941708667,7.761492394053466,6.02523468800468,4.798893755068603,0.0,0.0,0.0,0.0,10.934971353456811,286.2114893387889,97793.17121897741,1.190320504386923,339.14570794951703
160.25,298.08158583357095,5.9043866589387015,5.843807347595711,4.494679143285859,0.0,0.0,0.0,0.0,9.44531665616118,286.21246969208175,97794.93180403316,1.1903378566691285,339.14628878281553
160.3,297.8032311249035,6.65352266688799,5.920918289166383,5.0783720597611115,0.0,0.0,0.0,0.0,10.252633810057763,286.2142789976881,97798.18114537216,1.1903698819398947,339.1473607457397
160.35,297.4326824918073,5.777746417078449,5.552435962310734,3.9395735000758743,0.0,0.0,0.0,0.0,8.929285421472676,286.21668756380325,97802.50683742116,1.1904125153304554,339.1487877484831
160.4,296.8320452308833,5.64950854657766,4.1651191196452455,3.2251228123555764,0.0,0.0,0.0,0.0,7.724414622058085,286.22059170599925,97809.51885564683,1.190481623998278,339.1511008221703
160.45,296.3126786786176,5.630750922683048,5.329743523520267,2.926002411763484,0.0,0.0,0.0,0.0,8.286918130007557,286.22396758858895,97815.58242360181,1.1905413842215062,339.153100906989
160.5,295.7432810695345,6.830404114097599,5.6687979198992835,4.860246966147619,0.0,0.0,0.0,0.0,10.119866144889613,286.227668673048,97822.2304503988,1.1906069038391425,339.1552936482605
160.55,295.3822194810402,5.31240237959712,6.2932989367619845,3.637721056476122,0.0,0.0,0.0,0.0,9.003346324280123,286.23001557337324,97826.44623038932,1.1906484520132472,339.15668408343583
160.6,295.1409767462356,6.113611848198168,6.71209306789024,3.548123156181267,0.0,0.0,0.0,0.0,9.747698246964713,286.23158365114944,97829.2630791718,1.1906762129788386,339.15761309734364
160.65,294.9286273540906,7.993728454105137,5.450542275222733,4.7167577000966165,0.0,0.0,0.0,0.0,10.763638273993651,286.2329639221984,97831.74261182395,1.1907006494578405,339.15843084230397
160.7,293.8625956974953,6.327353169733948,5.932748582027989,2.421157313478946,0.0,0.0,0.0,0.0,9.005271045821438,286.23989312796624,97844.19107503249,1.1908233307195932,339.16253603742234
160.75,293.8453376202793,7.7181229254542885,7.4055173732187125,2.6224384230596165,0.0,0.0,0.0,0.0,11.013096401112934,286.2400053054682,97844.39261481263,1.1908253168965213,339.1626024963668
160.8,293.3528759275512,9.00665134296265,5.548540198066483,1.5693193677424362,0.0,0.0,0.0,0.0,10.694336352538295,286.2432063064709,97850.14372281065,1.190881993806155,339.1644989063293
160.85,293.40153750784714,8.56179064058207,5.390200976190579,0.06484777069035597,0.0,0.0,0.0,0.0,10.117446850379206,286.242890006199,97849.57542682052,1.1908763933030535,339.1643115169861
160.9,291.8616107685646,10.054938645805466,5.67801595356017,-0.06618419163376404,0.0,0.0,0.0,0.0,11.547555442041327,286.2528995300043,97867.5608118185,1.1910536345659049,339.1702415220457
160.95,291.4285296067397,8.596803725110487,6.409393756646999,-1.5767470264919417,0.0,0.0,0.0,0.0,10.838426721686604,286.2557145575562,97872.6194122389,1.191103484632662,339.1719092278208
161.0,290.7497617774886,8.802456519614024,6.6876551014886605,-1.975273342298605,0.0,0.0,0.0,0.0,11.229856468938427,286.2601265484463,97880.54817941262,1.1911816178218275,339.1745230055231
161.05,289.94859613946034,8.39738961458429,6.458175509546505,-2.42198535216555,0.0,0.0,0.0,0.0,10.866931319251945,286.2653341250935,97889.90735908528,1.1912738453085339,339.17760808292064
161.1,289.8517799756929,11.48250059882294,7.3666598468179885,-0.2506644363617937,0.0,0.0,0.0,0.0,13.64471802421531,286.26596343015797,97891.03841007533,1.1912849908287972,339.17798089451145
161.15,289.6362563980511,10.990246736767421,6.638241114189529,0.35904902444652564,0.0,0.0,0.0,0.0,12.844480706789946,286.2673643334127,97893.55629371466,1.1913098022863333,339.17881081321775
161.2,289.0325546966748,10.526448874129418,8.625699273534645,0.1769239552429527,0.0,0.0,0.0,0.0,13.610294484068131,286.2712883944716,97900.60940049303,1.1913793036044245,339.1811354823353
161.25,288.53591210352135,9.313054217247407,6.254479937968282,2.372873372509624,0.0,0.0,0.0,0.0,11.466561219031739,286.27451657132707,97906.41203359597,1.1914364820399461,339.1830478878908
161.3,288.0187900682115,9.061974597618628,6.52417262115916,1.1357784286211858,0.0,0.0,0.0,0.0,11.223823084737628,286.2778778645566,97912.45423872056,1.1914960205035787,339.1850391415125
161.35,287.70551355386795,9.049807343558461,6.978556638410351,1.9332812120848792,0.0,0.0,0.0,0.0,11.590377127428866,286.27991416189985,97916.11480001523,1.1915320904708238,339.1862454526166
161.4,286.9688321221156,8.737287959657797,7.508412902651198,2.248030797922411,0.0,0.0,0.0,0.0,11.7375511788059,286.2847025912062,97924.72318339432,1.191616913638754,339.1890821213561
161.45,285.86912354050884,8.236944774252406,6.601816793798562,0.9060456590105029,0.0,0.0,0.0,0.0,10.594912124655709,286.29185069698667,97937.5748077697,1.1917435451697589,339.1933166198857
161.5,285.0177929325662,6.507621382016238,5.4069100582853835,-0.03165782834774378,0.0,0.0,0.0,0.0,8.46078097152729,286.29738434593827,97947.52472790219,1.1918415830268447,339.1965946867719
161.55,284.41292384077235,6.870758929047875,6.6807358263055505,0.5049042411143198,0.0,0.0,0.0,0.0,9.596587296256354,286.30131599503494,97954.59462827246,1.191911242523141,339.19892372901876
161.6,284.14104651628685,6.2734526449462376,5.000472999467126,-0.26556518271281015,0.0,0.0,0.0,0.0,8.026921151540732,286.3030831976441,97957.77255063922,1.1919425541762818,339.19997058466447
161.65,283.5182779722557,6.570442513788671,5.765377016478025,-0.21670081196979135,0.0,0.0,0.0,0.0,8.743983429252541,286.30713119318034,97965.0522884097,1.1920142797513074,339.2023685244597
161.7,283.7080613987954,6.367196935409168,6.4636053229890305,0.16327775301439157,0.0,0.0,0.0,0.0,9.074472448042666,286.3058976009078,97962.8338037229,1.1919924216414712,339.20163777446123
161.75,283.37766117855097,5.993864008374983,5.28022827163144,0.819093060529634,0.0,0.0,0.0,0.0,8.029827507066186,286.3080452023394,97966.69606304633,1.1920304753428352,339.202909960195
161.8,281.83285041615915,5.518886958685425,4.5964710115038345,-0.8943551993760652,0.0,0.0,0.0,0.0,7.237784899055383,286.31808647229497,97984.7559793201,1.1922084105807622,339.2088580957478
161.85,281.32621046121915,7.6987048739490564,6.034897201628028,0.2942668284336233,0.0,0.0,0.0,0.0,9.786553731355136,286.32137963200205,97990.6795411063,1.1922667710856807,339.210808838269
161.9,281.0063454742968,7.085026691053225,4.358056536878124,0.05714572115113775,0.0,0.0,0.0,0.0,8.318264580127794,286.32345875441706,97994.41950604228,1.1923036178684534,339.21204042550966
161.95,279.21469953966965,7.357446110299013,3.953728159051619,-0.4338857604059483,0.0,0.0,0.0,0.0,8.363745361661534,286.33510445299214,98015.37014701795,1.1925100222675107,339.218938779255
162.0,277.9731186201017,9.234446637403055,2.7191833139436996,0.059015511229201165,0.0,0.0,0.0,0.0,9.626652867141313,286.3431747289693,98029.89072121732,1.1926530731274942,339.22371914170577
162.05,276.55950491836523,11.092367954847486,2.787508091826888,-1.209203259694488,0.0,0.0,0.0,0.0,11.50099998830465,286.3523632180306,98046.42537892313,1.192815961019604,339.2291617865863
162.1,275.7832077552973,9.279578288135976,2.706447425884054,-2.9718252799979905,0.0,0.0,0.0,0.0,10.112723489226537,286.3574091495905,98055.50647773908,1.1929054194351312,339.23215062099575
162.15,275.1152134185179,12.222684819395564,2.8124340362077733,-2.798792998073796,0.0,0.0,0.0,0.0,12.850566199524813,286.3617511127796,98063.3211987949,1.1929824014301784,339.23472245584287
162.2,274.78184201347017,12.619745915653027,3.523127673383775,-2.213331683300223,0.0,0.0,0.0,0.0,13.287936360432512,286.3639180269124,98067.2214272937,1.1930208217341935,339.2360059567311
162.25,274.5003652056859,15.789711273970433,5.614719847345219,-1.024609527715163,0.0,0.0,0.0,0.0,16.789576699958996,286.365747626163,98070.51462057461,1.1930532620397238,339.2370896563731
162.3,275.16191254122066,16.726958973047818,6.168578717045278,2.7277208422313652,0.0,0.0,0.0,0.0,18.03560314676369,286.36144756848205,98062.7748594785,1.192977019536994,339.23454266089396
162.35,275.43066949353675,14.301706578838203,4.843154252718818,3.058172178791363,0.0,0.0,0.0,0.0,15.406082281292212,286.359700648292,98059.63068365995,1.1929460466992663,339.23350792563093
162.4,276.32499108728456,13.539960716292223,6.985662968110579,2.2383480410068817,0.0,0.0,0.0,0.0,15.399357949455148,286.35388755793264,98049.16864225468,1.19284298522725,339.23006469490053
162.45,276.3365526807025,12.250030273516739,6.980643319035381,2.067976309478936,0.0,0.0,0.0,0.0,14.250233291642493,286.3538124075754,98049.03339719595,1.1928416529157437,339.23002018133997
162.5,275.96197680222485,12.79490731796035,7.642538716496697,1.9891981805530892,0.0,0.0,0.0,0.0,15.03578932779593,286.3562471507855,98053.41518291857,1.1928848181118648,339.231462341697
162.55,275.38739664774494,11.725824549028351,7.868157978635618,0.9032471037011016,0.0,0.0,0.0,0.0,14.149866665863241,286.35998192178965,98060.13692527464,1.1929510336276106,339.2336745296811
162.6,274.5165028192694,11.02602107431217,6.37414677752877,-0.5008235008056362,0.0,0.0,0.0,0.0,12.745733091965159,286.3656427316747,98070.32581297033,1.1930514021555922,339.23702752585564
162.65,273.1192257222057,11.008180193026467,6.645381863249051,0.028150223510393146,0.0,0.0,0.0,0.0,12.858535052859768,286.37472503280566,98086.67483135404,1.193212448652342,339.2424070615783
162.7,271.8974368164549,9.86079051808075,5.95862137466548,0.5889916221485213,0.0,0.0,0.0,0.0,11.536345585108515,286.382666660693,98100.97233635308,1.1933532824687794,339.24711089548384
162.75,271.4936153363485,7.28002589897339,5.5758997419313685,0.3471733544725665,0.0,0.0,0.0,0.0,9.176598735906968,286.3852915003137,98105.69826972281,1.1933998331749582,339.24866557619805
162.8,271.20103171289503,7.633071778441946,6.846964882378735,2.3613417971526074,0.0,0.0,0.0,0.0,10.522387939928581,286.3871932938662,98109.122498711,1.1934335617541207,339.24979199552354
162.85,270.86720520561715,7.3350484282219615,6.512172740971252,3.031917888883182,0.0,0.0,0.0,0.0,10.266637976355275,286.3893631661635,98113.02952868622,1.1934720456386667,339.25107719148974
162.9,271.59206037405903,5.634490061659261,7.133490651371842,2.2595753581115536,0.0,0.0,0.0,0.0,9.366955104361898,286.38465160756857,98104.54614787275,1.1933884847500724,339.2482865712568
162.95,271.68113297785203,6.8579330142565444,7.154433834825074,3.733879998648103,0.0,0.0,0.0,0.0,10.590515972757137,286.3840726356439,98103.50372292132,1.193378216820136,339.2479436490164
163.0,270.67890690042833,6.477401370470183,6.244836405100147,3.0225626236119068,0.0,0.0,0.0,0.0,9.491606558127492,286.3905871051472,98115.23338505694,1.1934937532918293,339.25180211746186
163.05,269.34520124200327,6.103622032236202,5.209570810312436,3.727968311282547,0.0,0.0,0.0,0.0,8.84825280323666,286.39925619192695,98130.84431569805,1.1936475159504862,339.256936680519
163.1,267.8251763676455,7.818205930558899,6.242733934543317,4.003880936498052,0.0,0.0,0.0,0.0,10.776230022775941,286.4091363536103,98148.63855188902,1.1938227777926815,339.2627884493455
163.15,266.1779192511472,9.82276012137089,6.155669593693753,3.522566206273811,0.0,0.0,0.0,0.0,12.11558323921314,286.41984352486753,98167.92518762211,1.1940127319884055,339.2691299209796
163.2,265.6749778428308,11.197529282761126,6.894067462047826,2.775637163268585,0.0,0.0,0.0,0.0,13.439382049472258,286.42311264402156,98173.81440486625,1.1940707335106613,339.27106607881103
163.25,265.44793112876096,11.651219203257716,9.295574517925502,-0.7270347765099866,0.0,0.0,0.0,0.0,14.922707331678197,286.42458844766304,98176.47311329456,1.1940969182908057,339.271940129835
163.3,264.85308971056077,14.687885502356762,8.588983906565794,-0.7999098760535224,0.0,0.0,0.0,0.0,17.033627942613872,286.4284549168813,98183.43896025613,1.194165522079116,339.27423005210267
163.35,265.9065811748785,18.04937126404636,10.090684911287143,-1.604472442452371,0.0,0.0,0.0,0.0,20.740686025897254,286.42160722236326,98171.10239868252,1.1940440236787424,339.27017448406974
163.4,265.23099000446814,15.923015783634709,9.77234929781528,-2.0355931359130923,0.0,0.0,0.0,0.0,18.793213718237958,286.42599856497094,98179.01354011697,1.194121938026701,339.2727752757431
163.45,264.35725366751325,18.563652203315357,9.621904626684808,2.081816788705841,0.0,0.0,0.0,0.0,21.012477077022858,286.43167785116117,98189.2457178368,1.1942227097606832,339.27613882801444
163.5,263.572363953446,16.133231045526383,7.137926579864215,1.2362682486237024,0.0,0.0,0.0,0.0,17.685007746970978,286.4367796343026,98198.43816409825,1.194313239982255,339.2791603261792
163.55,262.63284693934946,14.420468580400906,5.8898856921049605,0.9525406787765383,0.0,0.0,0.0,0.0,15.606024519047653,286.4428864948942,98209.44248572164,1.1944216120254398,339.2827770396003
163.6,261.77836233104284,16.82783624895874,6.945366359987283,1.3286127678718622,0.0,0.0,0.0,0.0,18.253202419936205,286.4484406448482,98219.45171165359,1.194520182225673,339.2860663834357
163.65,261.15417561158944,16.45208350824716,6.5329446807693,0.27203981394208565,0.0,0.0,0.0,0.0,17.703796870295925,286.4524978585246,98226.76380591441,1.1945921900421113,339.28846917395424
163.7,261.00635925121674,13.735477500487997,7.027358768165648,-1.0047780699360915,0.0,0.0,0.0,0.0,15.461458288038394,286.45345866486707,98228.49547917572,1.194609243011303,339.2890381866914
163.75,260.9629889637675,14.384882569768068,7.587942649011783,0.6119223290284704,0.0,0.0,0.0,0.0,16.275016716657245,286.45374057173547,98229.0035681332,1.194614246499396,339.28920513857105
163.8,260.0985693656245,13.91749484081951,7.497442843176208,0.9402915388829362,0.0,0.0,0.0,0.0,15.836428259207525,286.45935929912343,98239.13080801602,1.1947139751030893,339.2925326639812
163.85,259.6804131469159,12.189298658659698,7.573684539056751,0.544417219031141,0.0,0.0,0.0,0.0,14.360922303094883,286.462077314545,98244.03008448989,1.1947622203207209,339.2941423166575
163.9,258.7780188358241,12.235252419079243,6.699606193476838,0.5451762051592215,0.0,0.0,0.0,0.0,13.960062392444007,286.4679428775671,98254.60355184317,1.1948663401012032,339.2976159718896
163.95,258.68224643122966,11.717402298232216,5.758155249499163,1.0461222524062932,0.0,0.0,0.0,0.0,13.097642546005444,286.468565398197,98255.72578320796,1.1948773908905292,339.2979846338222
164.0,257.69818487544967,12.463429738517696,5.461199133915923,0.057354852481242946,0.0,0.0,0.0,0.0,13.607537117581362,286.47496179830955,98267.25731285702,1.1949909422914338,339.3017726123556
164.05,257.11067011533305,12.917897693978894,7.668870873441032,0.32999275071862844,0.0,0.0,0.0,0.0,15.026395326928686,286.4787806442503,98274.14251016744,1.1950587398763817,339.30403413090283
164.1,256.85432363589086,10.843916581270426,6.837041938633305,-1.0026164746359172,0.0,0.0,0.0,0.0,12.8584955996957,286.4804468963667,98277.1468057595,1.1950883224760538,339.305020879802
164.15,256.8839143485935,8.010321378718185,5.944204277733633,-2.033629930782185,0.0,0.0,0.0,0.0,10.180101363991891,286.4802545567341,98276.80000863856,1.195084907654279,339.304906977065
164.2,256.20222786319454,7.250364705227775,7.034024095738247,-1.8367186620221152,0.0,0.0,0.0,0.0,10.267366691691654,286.4846855188892,98284.78948682778,1.1951635774027003,339.30753096486967
164.25,255.45068674265855,6.502008164606317,7.157369062083078,-1.4663118970990792,0.0,0.0,0.0,0.0,9.780292053054731,286.4895705361727,98293.59828240491,1.1952503132881085,339.3104238177362
164.3,254.62924960250845,8.125615502160839,6.9898703361690036,-1.7633255655649427,0.0,0.0,0.0,0.0,10.86246894842912,286.49490987758367,98303.22705878095,1.1953451214300854,339.3135856880837
164.35,254.11464448879582,7.595687624817808,6.454672234158649,-1.9964189415115208,0.0,0.0,0.0,0.0,10.165773592513998,286.4982548108228,98309.25958025402,1.1954045187472315,339.31556648763603
164.4,253.61061258840996,9.012968107860985,7.2583237735403126,-1.4586224411706084,0.0,0.0,0.0,0.0,11.663808877924321,286.5015310181753,98315.16844652109,1.1954626978601715,339.3175065779455
164.45,252.52538122518166,10.190707136294362,7.640058509925304,-0.683436350196267,0.0,0.0,0.0,0.0,12.754924194897143,286.5085850220363,98327.89180593101,1.1955879706935064,339.3216837498095
164.5,253.0521787171187,9.021564486723761,7.840491051917787,-1.7342407681351548,0.0,0.0,0.0,0.0,12.077645331983394,286.5051608383387,98321.71541372995,1.1955271589829608,339.3196560562078
164.55,251.86612831449864,10.944719477848084,8.592475882074131,-0.6387383103859324,0.0,0.0,0.0,0.0,13.929304105445022,286.51287016595575,98335.62160296405,1.1956640759407622,339.3242212598338
164.6,251.24313862948065,10.667555663585881,8.457689480215224,-0.9786160310842935,0.0,0.0,0.0,0.0,13.64869753916987,286.5169195989084,98342.92666274293,1.1957359983071723,339.3266191727571
164.65,251.04322951130425,8.683320317535165,6.531071212691372,-1.9284629466942618,0.0,0.0,0.0,0.0,11.03512176004133,286.5182190081765,98345.27085255632,1.1957590779410228,339.3273886275847
164.7,250.45652406633562,10.442076871061438,7.022163910672486,-0.6340792125255914,0.0,0.0,0.0,0.0,12.599595700547873,286.5220325935688,98352.15098473232,1.1958268154227443,339.32964686036127
164.75,250.20174121922273,8.035232439637664,5.761852844366211,-2.2444094790797307,0.0,0.0,0.0,0.0,10.139096728452657,286.52368868207503,98355.1388739531,1.1958562320319737,339.3306275163878
164.8,249.4271625191751,8.763871337208267,6.521967271865207,-1.840170450664429,0.0,0.0,0.0,0.0,11.07825460972621,286.5287234436253,98364.22296411963,1.195945666408828,339.33360884281666
164.85,248.48622265340123,9.53633497990886,5.392378608895271,-1.1074667754166356,0.0,0.0,0.0,0.0,11.011172261360565,286.5348395527529,98375.2590156829,1.1960543160557293,339.33723045234046
164.9,248.45374705270157,9.744330272003804,5.36092191433781,-1.3715520507481083,0.0,0.0,0.0,0.0,11.205918581242168,286.5350506441574,98375.63993189058,1.1960580661247,339.3373554478899
164.95,247.52955099883678,9.92740996194425,4.528026336446349,-1.975714621639682,0.0,0.0,0.0,0.0,11.088730284492563,286.54105791850753,98386.48060939625,1.1961647899825651,339.3409125727557
165.0,246.9539746209239,12.309235490231757,4.405331659087358,-0.541726802706973,0.0,0.0,0.0,0.0,13.085017894879226,286.544799164964,98393.23252054112,1.1962312597901363,339.3431278815354
165.05,245.85346418724643,11.398255179507567,3.943890801520614,-0.9566263048274743,0.0,0.0,0.0,0.0,12.099158221900309,286.5519524827829,98406.14331769956,1.1963583588988536,339.3473635439886
165.1,245.52756724027586,10.794381094623171,5.488315118900535,-0.6633646742151365,0.0,0.0,0.0,0.0,12.127667490136217,286.55407081293816,98409.96688807198,1.1963959990630162,339.34861785131153
165.15,245.0103357233067,10.26803145425964,6.298222100060134,-0.9136252961726139,0.0,0.0,0.0,0.0,12.08034696311152,286.5574328177985,98416.03552912512,1.1964557396821074,339.350608554764
165.2,245.36252605714813,10.42570278292719,6.983819771546331,0.0675756234000397,0.0,0.0,0.0,0.0,12.548847898681979,286.5551435806285,98411.90327176072,1.1964150611926483,339.3492530575943
165.25,245.20949673607873,9.357287158632175,4.794178776896892,1.0848003550099947,0.0,0.0,0.0,0.0,10.569757089175749,286.55613827121545,98413.69875107732,1.1964327361690574,339.3498420318674
165.3,244.66424122172424,9.869261022793419,6.4635370908384315,1.6203604907929643,0.0,0.0,0.0,0.0,11.90819856152879,286.55968243205876,98420.09640081892,1.1964957151249676,339.3519405852447
165.35,244.35076345112418,8.26841914227083,5.225469574723627,1.9167472735845714,0.0,0.0,0.0,0.0,9.96725676901257,286.5617200375677,98423.77468385364,1.1965319240732992,339.3531470776385
165.4,243.58516003490487,7.297876210192536,5.557861749238988,1.7535082348207982,0.0,0.0,0.0,0.0,9.339358411182879,286.5666964597731,98432.75858319987,1.1966203603255163,339.3560936631152
165.45,243.22205662979573,7.887915325401093,6.7613728659473695,0.45699575818378657,0.0,0.0,0.0,0.0,10.399241142317297,286.5690566319063,98437.01961717171,1.1966623048127392,339.3574911338546
165.5,242.95889399397674,7.926531999250099,8.857738115385448,-1.2292090510774036,0.0,0.0,0.0,0.0,11.949911671101948,286.57076718903915,98440.10793529813,1.1966927051805856,339.358503960427
165.55,242.6000049066033,8.119111934693041,6.980732197468549,-0.3254630690026761,0.0,0.0,0.0,0.0,10.712447284824028,286.57309996810704,98444.31976783565,1.1967341647549945,339.3598852018063
165.6,242.0715466116496,8.365528900997887,7.796787411633816,-0.5922606551823023,0.0,0.0,0.0,0.0,11.450883826994291,286.57653494702424,98450.52188779217,1.1967952152986459,339.3619190468498
165.65,241.7479643099408,8.483290857314575,7.4528175591429715,-0.9849210411974416,0.0,0.0,0.0,0.0,11.33493638257667,286.57863823198534,98454.31968755025,1.1968325985645536,339.3631643922009
165.7,241.088321566952,8.126970571826014,7.7104437644720045,0.9141451167667995,0.0,0.0,0.0,0.0,11.239851200746381,286.5829259098148,98462.06210709742,1.196908809455016,339.365703092368
165.75,240.04516058874762,6.245345113015501,5.684470244094832,-0.1629236422004437,0.0,0.0,0.0,0.0,8.446542585570382,286.58970645617313,98474.30699849661,1.1970293371596923,339.3697177615326
165.8,239.2990036203227,5.046494310362479,5.869732204446429,-0.26028408721132734,0.0,0.0,0.0,0.0,7.745231357583312,286.59455647646786,98483.06633698195,1.1971155544649785,339.3725893633694
165.85,238.44633614999466,5.956902122279333,6.251168929056414,1.5895941878896969,0.0,0.0,0.0,0.0,8.780011705925514,286.60009881502504,98493.07680347121,1.197214084713435,339.3758708435149
165.9,237.6779126143097,5.028177571506487,5.068498617760008,1.0346935300207356,0.0,0.0,0.0,0.0,7.214072263978422,286.60509356800696,98502.09893714126,1.1973028854433188,339.37882808474507
165.95,236.978151503923,4.682007876863208,5.927696992624144,1.9082777040347914,0.0,0.0,0.0,0.0,7.791040571777992,286.6096420152245,98510.31548092708,1.197383755774509,339.3815210594977
166.0,236.90658765936115,5.293132441818948,5.572022530221862,2.014796970173321,0.0,0.0,0.0,0.0,7.945067208964053,286.61010718021413,98511.1558096365,1.1973920265351148,339.3817964660342
166.05,236.36303687833973,6.994270453955015,7.177137205631728,2.963146015590728,0.0,0.0,0.0,0.0,10.450423530232758,286.61364026029077,98517.53857021137,1.1974548470908226,339.38388826136554
166.1,236.04451749254406,6.523961740288512,6.854262075582362,2.2124611469027964,0.0,0.0,0.0,0.0,9.717920030339279,286.61571063629845,98521.27900740852,1.1974916609495936,339.385114042159
166.15,236.12246637081748,6.834418689959705,7.05430807083102,1.7156849504435825,0.0,0.0,0.0,0.0,9.97076306192464,286.61520396858964,98520.36362742927,1.1974826516879546,339.38481406635907
166.2,236.21726717650046,6.821113668764356,6.581559568508659,-0.23564253961714632,0.0,0.0,0.0,0.0,9.481563449268746,286.61458776335274,98519.25035886149,1.1974716947655015,339.3844492378202
166.25,235.17401299732902,10.11191890690685,7.673366470077985,0.6772314629748748,0.0,0.0,0.0,0.0,12.711809447062222,286.62136891551734,98531.50210333748,1.1975922766037823,339.388464043902
166.3,234.62366175042328,9.737257889845475,7.822238924046864,0.26213741165269105,0.0,0.0,0.0,0.0,12.492811093617792,286.62494619862224,98537.96580274144,1.197655891273037,339.39058196838687
166.35,234.37921660550023,10.500566165083786,7.216486176270258,1.0397700121609883,0.0,0.0,0.0,0.0,12.783609983013069,286.6265350920642,98540.83684291613,1.1976841473248363,339.3915226658554
166.4,233.4207564918664,11.553280251501478,7.732396646741932,1.9778844046400241,0.0,0.0,0.0,0.0,14.042089203191887,286.63276508280285,98552.0947357043,1.1977949431492243,339.395211079688
166.45,233.13080237363553,11.122883211410416,7.446674753976,2.4365453252360076,0.0,0.0,0.0,0.0,13.605449237276536,286.63464978457137,98555.50068759265,1.1978284627352405,339.3963268936859
166.5,232.2115604485004,11.901188485702011,7.816199014698804,1.9726610316498796,0.0,0.0,0.0,0.0,14.374374628322952,286.64062485708473,98566.29921145947,1.1979347346670883,339.39986433603156
166.55,231.83138943824585,11.211434951944915,7.81985809329419,0.5811838650828914,0.0,0.0,0.0,0.0,13.681528751056417,286.6430959686514,98570.76543850667,1.197978687673026,339.40132730577517
166.6,231.10572962040592,12.06056621990957,7.032013520367257,0.30572518661340214,0.0,0.0,0.0,0.0,13.964237880571266,286.64781275746736,98579.29090300607,1.1980625873694721,339.40411976409985
166.65,230.584218051657,10.291128824536651,6.596467881230939,-0.281272323886417,0.0,0.0,0.0,0.0,12.227012517843637,286.6512025826642,98585.41828643589,1.1981228865285982,339.40612661219785
166.7,229.93172838700332,11.74859500211409,7.880254840521485,1.0107931317334682,0.0,0.0,0.0,0.0,14.18272201061637,286.65544376548445,98593.08500198249,1.1981983331450206,339.4086374652761
166.75,229.31507675831276,11.468298218808947,7.273403687002774,-0.3055432459842437,0.0,0.0,0.0,0.0,13.583726362998062,286.6594520010709,98600.33106642222,1.198269639191881,339.4110103925186
166.8,228.39266080945444,10.628173517746509,7.047123352442428,-0.22382589532872305,0.0,0.0,0.0,0.0,12.754219611535914,286.66544770473854,98611.17086879244,1.1983763081257641,339.4145598955697
166.85,228.41604269468496,10.992279652689113,8.475445139959335,-0.019251862778921783,0.0,0.0,0.0,0.0,13.880336916573885,286.66529572248453,98610.89608385389,1.1983736041357198,339.4144699213557
166.9,228.24834590160714,9.625398107385658,7.588228060336329,-0.21374081183570226,0.0,0.0,0.0,0.0,12.258677700142998,286.66638575163955,98612.86687762832,1.1983929974767613,339.415115223249
166.95,227.14798118059497,9.38243401952029,6.370442992008178,-0.37990130063462796,0.0,0.0,0.0,0.0,11.347111396443662,286.67353812232614,98625.79929327175,1.1985202554094316,339.4193494266631
167.0,226.91657202824575,9.221534388137147,8.376585845785732,0.8103304466862256,0.0,0.0,0.0,0.0,12.484411172988517,286.6750422818164,98628.5191838604,1.1985470193518453,339.42023988235223
167.05,225.90713666512758,9.77893578422785,7.49308879556702,1.0000326501869456,0.0,0.0,0.0,0.0,12.36017920872282,286.6816036116766,98640.38439358097,1.1986637723285325,339.42412413295625
167.1,225.77118224992418,9.151669050805156,5.710658099272624,-0.23858317023641273,0.0,0.0,0.0,0.0,10.789883422510783,286.68248731537545,98641.98253136761,1.1986794977076334,339.4246472745165
167.15,224.7725985241187,9.277937516352829,6.596329027418945,-0.1271823779748812,0.0,0.0,0.0,0.0,11.384544635275686,286.6889781095932,98653.7214788799,1.1987950052859808,339.4284897189719
167.2,224.39792836264712,12.447452604119276,9.197409782170443,1.1431207740725282,0.0,0.0,0.0,0.0,15.518960923240849,286.69141346564277,98658.12624200618,1.1988383461051562,339.4299313988645
167.25,224.02672892170153,11.881230983852417,6.3918203544131025,-0.2196139314372227,0.0,0.0,0.0,0.0,13.493229688018566,286.69382626200894,98662.49035908024,1.1988812866230159,339.43135971785745
167.3,223.61331757882152,12.142214471194643,5.863557158782693,-1.1563379341151274,0.0,0.0,0.0,0.0,13.533358498047482,286.69651343573764,98667.35093697428,1.198929111617607,339.4329504547546
167.35,223.08452914814447,12.805794363490314,7.7906290861018626,1.0216568984653005,0.0,0.0,0.0,0.0,15.024182295732382,286.69995056053705,98673.56831401902,1.198990285999365,339.43498513229747
167.4,222.86771373074927,14.445213993165146,5.372972797601968,2.2432338172324866,0.0,0.0,0.0,0.0,15.574502943942715,286.70135986075013,98676.11767329421,1.1990153695930215,339.43581939335695
167.45,222.28624951449342,12.622396845387565,5.423501078574861,2.4990682391780066,0.0,0.0,0.0,0.0,13.963688915749337,286.70513937815576,98682.95490978529,1.19908264175493,339.4380567377492
167.5,221.93066856150142,11.633489124036787,4.225669328215146,1.7977210936135966,0.0,0.0,0.0,0.0,12.507044079274836,286.7074506543502,98687.13625217587,1.1991237819078013,339.4394249265452
167.55,220.8923321271793,14.513230873255916,6.365993283369205,4.128113208484014,0.0,0.0,0.0,0.0,16.37684522508504,286.7141998411733,98699.34706404949,1.1992439219687232,339.44342016037416
167.6,220.55414755704948,12.225233501153205,6.153677037456654,2.775159796802137,0.0,0.0,0.0,0.0,13.965156180180257,286.71639804087914,98703.32437069484,1.1992830533886423,339.4447213916989
167.65,220.0810951680876,10.557312589096092,4.7252307361836206,1.3111978450605628,0.0,0.0,0.0,0.0,11.640614004551164,286.7194728814074,98708.88804275656,1.1993377920359607,339.44654154498494
167.7,220.04361014698964,13.59083581336481,6.573411032991499,1.8900760521850875,0.0,0.0,0.0,0.0,15.214891987705252,286.71971653404455,98709.32892310308,1.1993421296485793,339.44668577485993
167.75,218.95346552816193,13.647212897970105,6.491604549992903,-0.3509787604058266,0.0,0.0,0.0,0.0,15.116564940695561,286.7268024740669,98722.15136441895,1.1994682819544848,339.45088026142054
167.8,218.37565950885326,12.00758994072188,6.1594668099715335,-1.1760362989541573,0.0,0.0,0.0,0.0,13.5463762292402,286.7305582131924,98728.94815064987,1.1995351501915341,339.4531034312923
167.85,218.05358091480446,11.953313963382952,6.994724051421778,-0.5074593672207273,0.0,0.0,0.0,0.0,13.858765972196954,286.73265172405377,98732.73695573548,1.1995724248863466,339.45434265648373
167.9,217.6424901511421,14.400169636730945,7.22946649052338,0.2800995263075202,0.0,0.0,0.0,0.0,16.11547476957679,286.73532381401753,98737.57303578616,1.1996200023958483,339.45592435710887
167.95,217.42632405174484,13.954347221302452,7.833621512998719,0.8923223374640906,0.0,0.0,0.0,0.0,16.027653338387537,286.7367288936636,98740.11609509467,1.199645020916414,339.45675606842264
168.0,216.59841762139123,10.676747471833966,6.278773608520101,-0.2406581425974258,0.0,0.0,0.0,0.0,12.388456358479857,286.7421102854609,98749.85638832879,1.1997408444160824,339.4599414664684
168.05,215.89286417123873,11.570053618546181,7.147811725308575,0.7878126427363459,0.0,0.0,0.0,0.0,13.622701712822883,286.7466963828869,98758.15781662003,1.1998225111653638,339.46265608368583
168.1,215.31178211148804,8.893762596884722,5.612348325776591,0.9209050637822296,0.0,0.0,0.0,0.0,10.55677663854326,286.7504734162753,98764.99515890858,1.1998897737322523,339.46489178087114
168.15,214.88326273294624,8.268153958262543,5.377895226391399,1.5819558591847211,0.0,0.0,0.0,0.0,9.989329871617256,286.75325879223584,98770.03760740392,1.1999393784081493,339.4665404879188
168.2,214.32872914010306,8.771894979532293,5.804914351468442,1.527204484545043,0.0,0.0,0.0,0.0,10.628994576037877,286.7568632605893,98776.56319251301,1.2000035726043072,339.4686740165181
168.25,213.5630783715033,8.775916410364358,5.6836982658771875,2.0174873546846834,0.0,0.0,0.0,0.0,10.648539338592425,286.7618399905852,98785.5737150343,1.2000922105710097,339.4716197814134
168.3,213.61051796923988,10.077385751014297,6.0863397091299785,1.8282043319643082,0.0,0.0,0.0,0.0,11.913839251437441,286.7615316331999,98785.01540517596,1.2000867184313806,339.47143726303995
168.35,213.33336326368263,11.038978408309273,6.9028182980299535,2.0385181817440894,0.0,0.0,0.0,0.0,13.178144828921736,286.76333313878604,98788.27723551018,1.2001188052389746,339.47250358237255
168.4,213.3093162259704,9.818041168575153,8.229350111319912,-0.38208593712764166,0.0,0.0,0.0,0.0,12.816478662482465,286.76348944453116,98788.56024891404,1.2001215892481678,339.4725961002946
168.45,213.01659913836164,7.980992507651008,7.620948842257997,-2.2214727557200993,0.0,0.0,0.0,0.0,11.256555595203254,286.76539210560065,98792.00533541835,1.2001554785196165,339.4737222900732
168.5,212.71447402668548,9.505171118114074,8.426180910895306,-1.1331062056690362,0.0,0.0,0.0,0.0,12.752753914394024,286.7673559188265,98795.56125016596,1.200190457771249,339.47488467204585
168.55,211.8395643722142,7.728046899119838,6.803512670479161,-3.5470389606507537,0.0,0.0,0.0,0.0,10.889994440803935,286.7730428315806,98805.8592381617,1.200291756911935,339.4782507359305
168.6,211.33181532138755,8.742678797886278,7.5202047809488715,-2.256587121682236,0.0,0.0,0.0,0.0,11.750748824996586,286.77634320041096,98811.83601795667,1.2003505483157075,339.48020419746
168.65,211.03896298745715,8.842046714213023,8.329923556505454,-2.6720828260323084,0.0,0.0,0.0,0.0,12.438225081687765,286.7782467405815,98815.2833537978,1.2003844581938459,339.4813308823292
168.7,210.23392595657808,8.7496085358644,7.673605290890002,-2.2688000094313407,0.0,0.0,0.0,0.0,11.856952440405665,286.7834794812822,98824.76041663552,1.2004776786000575,339.48442806576986
168.75,209.5536427613219,7.558977466005815,6.96717601821275,-2.972886607504202,0.0,0.0,0.0,0.0,10.701296032790626,286.78790132205137,98832.76942518438,1.2005564572761054,339.48704526725726
168.8,208.61482827828624,7.925470181785327,7.212183748332959,-2.698903055139129,0.0,0.0,0.0,0.0,11.050463778644122,286.7940036161911,98843.82299882185,1.2006651810855675,339.49065706325223
168.85,207.90694928272066,9.222845355022164,5.692095239386291,-2.0964616787711456,0.0,0.0,0.0,0.0,11.03883944205431,286.7986048296623,98852.15820688056,1.2007471653100175,339.49338038155673
168.9,206.89144930055565,9.846924941645383,4.724723179611267,-1.3630183551836899,0.0,0.0,0.0,0.0,11.006487131093262,286.80520557954634,98864.11661677847,1.2008647846673042,339.4972871264987
168.95,205.44878690853503,10.141748165392787,5.119458594137909,-1.4065970723131553,0.0,0.0,0.0,0.0,11.4473764448969,286.8145828850945,98881.10725574614,1.2010318948756227,339.50283713694193
169.0,205.14254582809156,11.105519584464709,4.6287031576692295,-2.425762570510678,0.0,0.0,0.0,0.0,12.273621397584206,286.8165734521174,98884.71424691164,1.2010673704749306,339.50401525343176
169.05,204.5735218390953,11.676259216653527,3.151916263727675,-1.7196645716411871,0.0,0.0,0.0,0.0,12.215844287931773,286.82027210804586,98891.41664991486,1.2011332895177702,339.50620429096784
169.1,204.39238191575984,14.129582333167683,4.25926475181698,0.7593079994935003,0.0,0.0,0.0,0.0,14.77711006164364,286.82144951754753,98893.5503326964,1.2011542743990231,339.50690113400765
169.15,204.2228494391716,12.22577989727325,4.76105103708706,0.07759207043914157,0.0,0.0,0.0,0.0,13.120339995736144,286.8225514786454,98895.54732285069,1.2011739148231286,339.50755332204795
169.2,204.2406435871019,10.202435356577247,4.391641460036283,-1.0775534380927656,0.0,0.0,0.0,0.0,11.159629175317281,286.8224358166838,98895.33771700431,1.2011718533504514,339.50748486837625
169.25,204.0738399407888,9.571392177837964,4.8271266897203775,-0.466016834287481,0.0,0.0,0.0,0.0,10.729858898905796,286.82352004038484,98897.30259168346,1.2011911778525879,339.5081265575678
169.3,203.83948889928672,8.851199356939244,5.180937547421634,0.6467042301371303,0.0,0.0,0.0,0.0,10.27638410569799,286.8250433221546,98900.0631988146,1.2012183282436435,339.50902809774334
169.35,204.0292357359398,8.235490114971856,5.3567385711233335,1.6524266522012416,0.0,0.0,0.0,0.0,9.96235210149012,286.8238099677164,98897.82801524668,1.201196345370168,339.50829814855217
169.4,203.75820436163423,8.208213950767682,5.736254786584938,1.9535626659775958,0.0,0.0,0.0,0.0,10.202735041551225,286.82557167164936,98901.02072854612,1.2012277454524112,339.5093407959282
169.45,203.4029698560117,6.59056610801279,5.519894901448702,1.5363610072952347,0.0,0.0,0.0,0.0,8.732995276070145,286.8278806959359,98905.20546983893,1.201268901759287,339.5107073646953
169.5,202.94753229777737,5.186287994834335,6.404534143978618,0.9427602413493117,0.0,0.0,0.0,0.0,8.294844039487403,286.8308410400644,98910.57083506913,1.2013216688419142,339.51245940137557
169.55,202.464315247838,6.097606112572227,7.048731112374599,1.0060787582731283,0.0,0.0,0.0,0.0,9.374305577827311,286.83398195088904,98916.26371934866,1.2013776564005205,339.5143182939473
169.6,201.77219072773175,4.728633322443337,6.66786792754792,-0.14741026834392407,0.0,0.0,0.0,0.0,8.175705815680805,286.8384807602697,98924.4182497549,1.2014578523340036,339.5169808170566
169.65,200.57110291109075,5.766092323726462,6.0320434352716426,0.9708135036136146,0.0,0.0,0.0,0.0,8.40094325356025,286.84628783107786,98938.57061834578,1.2015970311717574,339.5216012136419
169.7,200.20670313244386,6.417875135039212,6.358324337574971,1.839242633958449,0.0,0.0,0.0,0.0,9.219556556436062,286.8486564296391,98942.86465016106,1.2016392592803065,339.52300299004645
169.75,199.0988215013681,6.340002116550751,6.022505624968677,1.9288395811367671,0.0,0.0,0.0,0.0,8.954698374060804,286.8558576602411,98955.92068640533,1.2017676520223126,339.52726476370214
169.8,198.58324724689862,6.286174113440434,5.692675086273736,1.9828554817662285,0.0,0.0,0.0,0.0,8.709434567406813,286.85920889289514,98961.9970423264,1.2018274056591722,339.52924804468284
169.85,198.48108359367222,7.127836290230583,6.524987749118132,1.9592622647357074,0.0,0.0,0.0,0.0,9.86003163932485,286.8598729566411,98963.20113893278,1.2018392464151693,339.529641040492
169.9,197.51092890540625,5.9500581859829005,7.288837696130782,0.5233219088843132,0.0,0.0,0.0,0.0,9.42359873919924,286.8661789621148,98974.63593332573,1.2019516916829702,339.5333729392519
169.95,197.120421472788,7.235450578563781,7.395002846762443,0.704881399494649,0.0,0.0,0.0,0.0,10.36989247609719,286.8687172604269,98979.23897779212,1.2019969555129242,339.53487509451475
170.0,197.29090235257044,7.148660797867516,6.842820803796134,0.022127777023827733,0.0,0.0,0.0,0.0,9.895859608662049,286.8676091347083,98977.22944012415,1.2019771948642453,339.53421931075695
170.05,196.26578325664778,8.68315422232542,7.9859903164197865,0.7715210548825786,0.0,0.0,0.0,0.0,11.822370884080971,286.87427240883176,98989.31349512447,1.2020960214268022,339.53816258697225
170.1,195.4652068979957,9.143787717403002,8.27577280362667,-0.45274074647891954,0.0,0.0,0.0,0.0,12.341079511197515,286.879476155163,98998.75148180845,1.2021888263932945,339.5412420936157
170.15,195.32484608208028,9.473195455183186,8.505960277368434,-0.00340363838013108,0.0,0.0,0.0,0.0,12.731567223128001,286.88038850046644,99000.40626913408,1.202205097961631,339.54178200433955
170.2,194.51502690001897,11.743423117865973,7.50853210973771,1.0474777597474976,0.0,0.0,0.0,0.0,13.977955881507025,286.88565232514986,99009.9540898949,1.202298980929696,339.5448970311702
170.25,194.8010457820617,11.823525495229788,7.280219903178791,0.9693512979707104,0.0,0.0,0.0,0.0,13.918943886440053,286.8837932024166,99006.58182353334,1.2022658218974502,339.5437968425504
170.3,193.95028901510867,11.941952210953257,7.707812571959961,1.9245030724752334,0.0,0.0,0.0,0.0,14.343092739333523,286.8893231214018,99016.61282751746,1.2023644547517094,339.5470693185228
170.35,193.79880393541865,11.139234267153745,7.092942187072185,0.2538793095491567,0.0,0.0,0.0,0.0,13.208210462871104,286.89030777441974,99018.39902649312,1.202382017889283,339.54765200970843
170.4,193.34013900713734,13.331487119166258,7.770756268203433,1.9048985848206108,0.0,0.0,0.0,0.0,15.548049408423243,286.8932890964536,99023.8074200297,1.202435196568966,339.549416269844
170.45,193.12633838138106,13.151058408662914,8.331678644204942,1.8868770765115586,0.0,0.0,0.0,0.0,15.682076118940024,286.894678800521,99026.32855330322,1.2024599857261449,339.55023865337716
170.5,192.53603391907885,13.07314862656668,8.1550566392903,1.4672229696511827,0.0,0.0,0.0,0.0,15.477884449917797,286.89851577952595,99033.28968315321,1.2025284307274253,339.5525092475656
170.55,191.5953039244812,13.599523580385728,8.15883521653617,1.02394111398741,0.0,0.0,0.0,0.0,15.892202147876551,286.90463052449087,99044.38400388433,1.2026375132532785,339.5561277151057
170.6,191.45596121538642,13.08604991308101,7.364489694103584,0.9339501080830053,0.0,0.0,0.0,0.0,15.045021554873017,286.9055362521,99046.0274012608,1.2026536714073361,339.5566636860944
170.65,190.8397238716395,11.181324593126435,7.45491092821302,0.1014713233969401,0.0,0.0,0.0,0.0,13.439048070228631,286.9095417948343,99053.29552265284,1.2027251321639838,339.5590339853882
170.7,190.21903179197477,10.806448662733722,7.344738761106849,0.5756695230867005,0.0,0.0,0.0,0.0,13.078834641091525,286.91357629335215,99060.61662133485,1.202797112789065,339.5614214026815
170.75,189.43739689592636,12.456706275563668,7.516507493113666,0.8784535808255831,0.0,0.0,0.0,0.0,14.57529062569136,286.91865692017643,99069.8366730644,1.202887762372344,339.5644278432464
170.8,188.59123831920928,12.137898377352542,7.356227494959005,1.1154848946998968,0.0,0.0,0.0,0.0,14.23681728922697,286.9241569509251,99079.8186200412,1.2029859009377517,339.5676824343982
170.85,188.2341274803688,12.075035138647241,6.500910590187017,0.029472753871851887,0.0,0.0,0.0,0.0,13.713831730934725,286.9264781713776,99084.0316225851,1.203027320952456,339.569055985276
170.9,187.20898689244393,10.012759592951072,6.133285081285269,-0.18839337714646048,0.0,0.0,0.0,0.0,11.74342508040575,286.9331415851991,99096.12648846618,1.2031462294206867,339.5729989396153
170.95,186.4835654960635,8.98168335982222,6.057141199084364,-0.9130031217176799,0.0,0.0,0.0,0.0,10.87166823362536,286.93785682427557,99104.68591439338,1.2032303781872313,339.5757890692027
171.0,186.5165731330837,8.160611562535975,7.228038094036217,-0.011273861717541966,0.0,0.0,0.0,0.0,10.901387199039972,286.9376422746349,99104.29643614563,1.2032265492088174,339.5756621150985
171.05,186.0613991423198,7.685618676917533,6.837169387233584,-0.1296229696183881,0.0,0.0,0.0,0.0,10.28748860465762,286.9406009055749,99109.6674348635,1.2032793514896483,339.57741280291805
171.1,185.28622750365338,7.343511970754946,6.701814570561368,0.6416878030003309,0.0,0.0,0.0,0.0,9.96259252601095,286.9456395212262,99118.81491010322,1.2033692790526611,339.5803942432413
171.15,184.9298169957633,6.84878910561764,5.741584096296914,-0.22876622057430185,0.0,0.0,0.0,0.0,8.940024280266378,286.94795618952753,99123.02099037362,1.203410627915701,339.5817650491343
171.2,183.62056267978417,9.925780440314874,7.811281811270735,1.8728336701882116,0.0,0.0,0.0,0.0,12.768897636077165,286.9564663425814,99138.47303454118,1.2035625300106019,339.586800581373
171.25,183.79213611872018,9.714059415910508,6.993424237307317,1.2213226563350628,0.0,0.0,0.0,0.0,12.03173146017124,286.95535111522827,99136.44798431781,1.203542622909356,339.5861406958134
171.3,183.06590424487683,9.855094896614684,5.9730090050674125,1.136499318900675,0.0,0.0,0.0,0.0,11.57978249786061,286.9600716224083,99145.01979675447,1.2036268869261746,339.588933834566
171.35,182.63700827074544,9.764354645877347,7.347248653540047,2.5772536290603103,0.0,0.0,0.0,0.0,12.48867169461657,286.96285944624015,99150.08239546444,1.2036766534516437,339.5905833877914
171.4,183.06816591898368,8.318743680889598,6.964050021389157,0.6572647385128447,0.0,0.0,0.0,0.0,10.868830942895528,286.9600569215266,99144.99310097938,1.2036266244992007,339.5889251360443
171.45,182.0016003924075,7.7315039760239355,6.167537145049241,-0.10398668224986063,0.0,0.0,0.0,0.0,9.890676488335941,286.96698959744936,99157.58300243283,1.2037503852778673,339.5930271803692
171.5,181.78821610946594,9.879793052779817,7.517071335712101,1.2690938915797858,0.0,0.0,0.0,0.0,12.479073344507036,286.9683765952885,99160.1019783145,1.2037751468614801,339.5938478570373
171.55,181.27876206975054,8.734517626781637,6.426746377744315,0.19939833801550388,0.0,0.0,0.0,0.0,10.845949791217555,286.9716880465466,99166.11623172119,1.2038342666095314,339.5958072109632
171.6,180.28747772606783,9.20151915156112,6.584279502560825,0.855050887786164,0.0,0.0,0.0,0.0,11.34688517986732,286.9781313947805,99177.8194787991,1.2039493068668037,339.5996196458713
171.65,179.7313700515377,10.648596999752764,8.830770299841923,1.7550145169941367,0.0,0.0,0.0,0.0,13.944719362775785,286.98174609466497,99184.38545653396,1.204013847803704,339.60175839218357
171.7,178.90243658955822,9.979781042288813,7.643049038174899,1.3681694069481805,0.0,0.0,0.0,0.0,12.64452908486838,286.9871341621679,99194.17334878954,1.2041100573635486,339.6049463799819
171.75,178.0392418003043,10.299600922319543,7.492876826603295,2.2306210794639787,0.0,0.0,0.0,0.0,12.930609138700438,286.992744928298,99204.36662370528,1.2042102496904583,339.6082661013055
171.8,177.56809756617548,8.053765475346552,7.1538771228922995,0.3388045567875465,0.0,0.0,0.0,0.0,10.777563952444257,286.9958073658198,99209.93061878305,1.2042649388060576,339.61007803965714
171.85,177.24118110935456,7.616780945504961,7.838050186186565,-0.09145294654892377,0.0,0.0,0.0,0.0,10.929718492917335,286.99793232278915,99213.79149914223,1.2043028874780288,339.61133529751226
171.9,176.85482966003923,7.732772168583296,6.615633795584938,-1.2693962981373734,0.0,0.0,0.0,0.0,10.255425046785085,287.0004436072097,99218.35446307075,1.204347736581501,339.61282112492364
171.95,176.43822461436073,8.435842813518198,7.102147581777527,0.02580071029234754,0.0,0.0,0.0,0.0,11.027448024107237,287.0031515400066,99223.27492438539,1.2043960990659597,339.61442329409755
172.0,175.95508474196805,8.861250736022559,5.929172502515891,-0.6868338720534727,0.0,0.0,0.0,0.0,10.684034441120586,287.0062919491772,99228.98146625794,1.204452187248165,339.61628133176396
172.05,174.7652705664891,10.089056247498739,6.7877789111245175,-0.19159546093203284,0.0,0.0,0.0,0.0,12.161402358780414,287.0140257413178,99243.03593008095,1.2045903224641827,339.62085702244997
172.1,174.30119338598064,10.291620681746211,6.6414509213346475,-0.38264274111021623,0.0,0.0,0.0,0.0,12.254498850004742,287.0170422429911,99248.51819442055,1.2046442042483683,339.6226417160535
172.15,172.9876389141521,10.041751563756748,6.042511880761266,-1.496826228609538,0.0,0.0,0.0,0.0,11.814787897207701,287.025580347058,99264.03688414724,1.2047967247778062,339.62769317897533
172.2,172.2316626395788,9.100427095515816,3.4844526299321945,-2.6796679748614847,0.0,0.0,0.0,0.0,10.10642389307603,287.0304941928427,99272.96908419947,1.2048845100213543,339.6306003605648
172.25,171.39213215333402,11.090170841747478,4.712433208060202,0.21732215366978358,0.0,0.0,0.0,0.0,12.051810858043293,287.0359511410033,99282.88927757906,1.2049820034557253,339.6338288289831
172.3,171.29099866914498,11.96192435961478,3.4364242971102863,-0.8315335282271072,0.0,0.0,0.0,0.0,12.473495674568586,287.03660850865054,99284.08436127732,1.204993748345034,339.6342177422225
172.35,170.51982235690733,11.433632306748988,3.7488498000151553,-0.11916429213493879,0.0,0.0,0.0,0.0,12.033121900717532,287.04162115468006,99293.1976533563,1.2050833098959954,339.6371833198351
172.4,170.7150737744887,13.055991968618644,3.5250657579661837,0.8323665665746836,0.0,0.0,0.0,0.0,13.549090337870346,287.0403520204658,99290.8902269589,1.2050606336405298,339.63643247812
172.45,170.55977242272542,12.992813155316803,5.794052365674612,1.0816087575773272,0.0,0.0,0.0,0.0,14.26723918666891,287.04136147925226,99292.72553116929,1.2050786701187481,339.6370296915033
172.5,170.1731143904534,11.669238334930466,4.261219828361111,0.42988334182420723,0.0,0.0,0.0,0.0,12.430362723211521,287.043874756462,99297.2950577016,1.2051235769301427,339.63851658547117
172.55,170.10553519595874,11.128034119376995,4.723833917834296,1.5972620891491576,0.0,0.0,0.0,0.0,12.19421979573656,287.0443140212262,99298.09372643681,1.2051314257699621,339.6387764606836
172.6,169.72545062013594,10.426008889295254,4.287440087107459,1.969024974661183,0.0,0.0,0.0,0.0,11.443813315981659,287.04678457096907,99302.58576304745,1.2051755706019314,339.6402380689534
172.65,169.19923228084554,10.426360247597017,6.37689589473399,0.985984917247354,0.0,0.0,0.0,0.0,12.261564154788159,287.0502049901745,99308.80515585757,1.2052366901468214,339.64226162155
172.7,169.00773102076343,6.336083730862779,5.204487455301728,0.21227080585141345,0.0,0.0,0.0,0.0,8.20229880045307,287.05144974836503,99311.06859417222,1.2052589333463986,339.64299802936534
172.75,168.49470761524498,6.218061777506114,6.42689950120667,1.0534264755106624,0.0,0.0,0.0,0.0,9.004389863105654,287.05478440050086,99317.13245115618,1.2053185234418495,339.6449708254625
172.8,168.4394547927913,5.259893366721581,7.079816829404392,1.1669832792123607,0.0,0.0,0.0,0.0,8.896748537592854,287.05514354384684,99317.7855488204,1.2053249414530023,339.6451832956942
172.85,168.08054151355526,5.288054090965184,6.988512298527368,1.1945155510070609,0.0,0.0,0.0,0.0,8.844754808203538,287.0574764801619,99322.02804887551,1.20536663243811,339.6465634642616
172.9,167.05091151358573,6.361798069436781,6.865569061484899,0.9701463626692559,0.0,0.0,0.0,0.0,9.410084865680467,287.06416907516166,99334.19950603721,1.2054862392867498,339.6505227822198
172.95,166.5877852901121,8.595535521274336,7.239850238106192,1.3447015799922408,0.0,0.0,0.0,0.0,11.31843119460152,287.06717939561423,99339.67460529346,1.205540041250818,339.6523036631954
173.0,165.48464206920303,9.706397158925892,7.936350032967198,1.0295005457459192,0.0,0.0,0.0,0.0,12.58012992883119,287.07434982655013,99352.7169988153,1.2056682022049743,339.6565455939215
173.05,164.7794360064486,10.566902230291843,7.05117370459061,-0.4385600411440206,0.0,0.0,0.0,0.0,12.71105063582649,287.07893366595806,99361.0553326114,1.2057501370841774,339.6592573040496
173.1,163.90546886124363,11.937657788510913,6.02961385990753,-0.18439092387751232,0.0,0.0,0.0,0.0,13.375272587427617,287.08461445240187,99371.38987830396,1.2058516855032788,339.66261791664203
173.15,163.15865011019028,12.638144125695938,7.0413808833048455,0.5041469941099049,0.0,0.0,0.0,0.0,14.476114667869403,287.0894687742837,99380.22160072238,1.2059384654180063,339.665489586919
173.2,163.28702024699075,12.526127671666977,7.358147451615644,1.24781920435888,0.0,0.0,0.0,0.0,14.580921134598658,287.08863436839454,99378.70347708794,1.205923548540985,339.664995979313
173.25,162.43806092647395,12.326040324298361,6.845797080644089,1.2980838271624442,0.0,0.0,0.0,0.0,14.159139428931585,287.0941526039779,99388.74374024435,1.2060222020008389,339.66826037615084
173.3,161.87216306378136,12.292094388881079,6.723725739093786,0.8737312427197407,0.0,0.0,0.0,0.0,14.038072466126486,287.0978309400854,99395.43681803816,1.2060879656860661,339.6704363348275
173.35,161.65430696440828,11.369809582570673,6.665685046359161,-0.009068640890914692,0.0,0.0,0.0,0.0,13.179681685132598,287.0992470047313,99398.01357786795,1.2061132837421409,339.67127401914837
173.4,161.10946596162114,12.422785224414628,7.4453718365222255,1.093517521925599,0.0,0.0,0.0,0.0,14.524287765214893,287.1027884712494,99404.45808872549,1.2061766039928943,339.6733689928326
173.45,160.43576959866664,10.283445578392636,6.394954038561473,0.2567488940387105,0.0,0.0,0.0,0.0,12.112415535873382,287.10716749760866,99412.4271996951,1.20625490305323,339.67595941170754
173.5,159.80599314797684,9.851372321372768,5.9839754090028,-0.6710037727779741,0.0,0.0,0.0,0.0,11.545897296136925,287.11126104453814,99419.87725266899,1.2063281011229379,339.67838093698066
173.55,159.4348076105842,11.063461937284917,6.141416887085571,0.4889915122966254,0.0,0.0,0.0,0.0,12.663186965287613,287.1136737505312,99424.26847000927,1.2063712451102584,339.6798081578091
173.6,158.87097663193467,11.410867609254993,8.802185658842118,1.9309941822632157,0.0,0.0,0.0,0.0,14.540120718226689,287.1173386518924,99430.93903135897,1.2064367831025722,339.68197609534127
173.65,158.26514945509632,11.512518163506543,8.002510005462206,1.9263872174551695,0.0,0.0,0.0,0.0,14.152356996774971,287.12127652854184,99438.10684445067,1.206507205640514,339.6843054933876
173.7,158.3130446011627,12.171165116002696,6.494215798919321,0.9775455650454489,0.0,0.0,0.0,0.0,13.829956415537769,287.12096521009244,99437.54016026172,1.2065016381004208,339.6841213377214
173.75,157.3807576412516,11.657081546793805,6.557724572168267,0.7657481030245306,0.0,0.0,0.0,0.0,13.396927704153136,287.12702507533186,99448.57123193123,1.2066100147238987,339.68770594035874
173.8,157.09417387037863,11.562838738525564,7.254982517465415,0.4085382216326132,0.0,0.0,0.0,0.0,13.65653376594555,287.1288878698425,99451.96236779365,1.2066433310502833,339.68880783483814
173.85,156.09664748336917,10.450940398797053,7.5857223335961645,-0.27887751074754263,0.0,0.0,0.0,0.0,12.916776347356516,287.13537179135807,99463.76679326624,1.2067593023329326,339.6926432258919
173.9,156.04782100964582,11.484971002428189,7.968082731874712,0.5292744076192222,0.0,0.0,0.0,0.0,13.988389212027846,287.1356891634373,99464.3446201087,1.2067649790621047,339.69283095777945
173.95,155.37820164928152,11.860337533190359,7.938904638155783,0.8839827935449935,0.0,0.0,0.0,0.0,14.299483866007856,287.14004168927966,99472.26936671221,1.2068428333102883,339.6954055527846
174.0,154.76870496829636,11.933868339625985,7.5127150191725045,0.6633623197369724,0.0,0.0,0.0,0.0,14.117299673594607,287.1440034177061,99479.48302369399,1.2069137006500603,339.6977489673335
174.05,153.8804913519241,11.482231991527241,8.203769474420875,0.8725382660662336,0.0,0.0,0.0,0.0,14.138769682063616,287.14977680621246,99489.99617466578,1.2070169806388829,339.70116397373823
174.1,153.64622958616664,12.610328216480566,7.315350388257754,2.2040227492275286,0.0,0.0,0.0,0.0,14.744234307330485,287.1512995076899,99492.7691140023,1.2070442213306705,339.702064658364
174.15,152.6019424409477,10.961700854464178,7.060161439008589,-0.725996969716765,0.0,0.0,0.0,0.0,13.05878389313731,287.1580873741338,99505.13102563636,1.2071656600319556,339.70607968219105
174.2,152.28211270924757,11.46247274257497,6.211594122849789,-0.5790581798686397,0.0,0.0,0.0,0.0,13.050191236030566,287.16016626738985,99508.91730864502,1.2072028544567486,339.70730933831254
174.25,151.73825330331783,11.175403866960792,5.190401752823353,-0.8112474047549363,0.0,0.0,0.0,0.0,12.348604953480194,287.16370135352844,99515.3560199091,1.2072661043037305,339.7094003158324
174.3,150.08981818355704,11.783337743572147,4.696784585970102,-2.353146237787115,0.0,0.0,0.0,0.0,12.901322840798533,287.17441618180686,99534.87378220596,1.2074578297591152,339.7157379795389
174.35,148.84989980006787,12.203802123568634,2.6533078396411036,-2.6940987285595086,0.0,0.0,0.0,0.0,12.776188661817155,287.1824756512995,99549.55667686794,1.2076020569817323,339.7205049595737
174.4,148.05434504570763,10.970727379632418,2.343849028761773,-3.2161176746781406,0.0,0.0,0.0,0.0,11.670214239902412,287.18764675720286,99558.9784194847,1.2076946027977833,339.72356350762175
174.45,147.41788612560848,11.742098339767908,3.1916761590588276,-3.315518420570214,0.0,0.0,0.0,0.0,12.61175374490896,287.1917837401835,99566.5165124873,1.2077686451158076,339.7260103843501
174.5,147.16286841918944,10.984269500757028,1.7325278333160594,-3.5893491387853067,0.0,0.0,0.0,0.0,11.685001343541844,287.19344135527524,99569.53702122119,1.2077983135229218,339.7269907991481
174.55,146.14323024048363,9.61182199826219,1.575651401708547,-3.183568201283172,0.0,0.0,0.0,0.0,10.247190149411908,287.20006900343685,99581.61467317454,1.207916942389133,339.7309107667584
174.6,145.69228441292023,10.436928585516865,1.0579077318468122,-3.4364288467541915,0.0,0.0,0.0,0.0,11.038917079455063,287.203000151316,99586.95652150708,1.207969410109527,339.73264439969466
174.65,145.20126346424578,10.554205156671408,2.911529637101996,-2.0921246173412436,0.0,0.0,0.0,0.0,11.14653474095505,287.2061917874824,99592.77335863002,1.2080265425684764,339.7345320888584
174.7,144.47341026916465,11.409059842125068,2.3737409198092045,-1.3998597944383262,0.0,0.0,0.0,0.0,11.737158935605006,287.2109228332504,99601.39631459775,1.2081112353099963,339.7373302405821
174.75,144.94163135791499,10.239690658815,2.6936726374529614,-1.3905746664131635,0.0,0.0,0.0,0.0,10.6789903534396,287.20787939617355,99595.84917907414,1.208056752747798,339.7355302186397
174.8,144.59255294432907,9.263073425321204,2.4452049721176663,-1.2496396735556818,0.0,0.0,0.0,0.0,9.661529690079373,287.21014840586184,99599.98477698806,1.2080973715993455,339.7368722112213
174.85,144.1359407465387,10.243985870141968,3.0498697372853227,-0.018169798178373997,0.0,0.0,0.0,0.0,10.6883713475741,287.2131163851475,99605.39455786151,1.2081505046861263,339.73862759730343
174.9,143.95927161537819,9.385354433021947,2.8109992128528525,0.2793430879847316,0.0,0.0,0.0,0.0,9.801256397468077,287.21426473450003,99607.48773548551,1.2081710630403317,339.73930677631864
174.95,144.08558469333434,8.695372328495234,3.078639690276124,-0.5908528834941413,0.0,0.0,0.0,0.0,9.243193679872634,287.2134436994933,99605.99117325176,1.208156364412462,339.73882118403156
175.0,144.51804443501234,8.178083652348178,5.062372501936473,-1.4330252503551117,0.0,0.0,0.0,0.0,9.724311232232461,287.2106327111724,99600.8675113814,1.2081060415634386,339.7371586500936
175.05,143.82075299967337,7.819720692125058,5.523930795323168,1.3689007030561253,0.0,0.0,0.0,0.0,9.671387298066188,287.2151651055021,99609.12893033413,1.2081871821428367,339.7398392902253
175.1,143.72022858258018,8.414479532393472,6.3655325884554035,1.6974963199759263,0.0,0.0,0.0,0.0,10.686672292724626,287.2158185142132,99610.31997641774,1.2081988800481738,339.74022574064855
175.15,143.6394632446841,5.781502168006687,6.6963575164446665,1.7948374683221653,0.0,0.0,0.0,0.0,9.027093266628198,287.21634348890956,99611.27691884055,1.2082082786760404,339.7405362300591
175.2,143.22995448499924,7.530230892396496,7.145764011621321,3.809886938005948,0.0,0.0,0.0,0.0,11.058099252718494,287.21900529584747,99616.12906912416,1.2082559338962355,339.74211051655374
175.25,142.43816309326056,5.063810673402423,6.043348519044937,3.138555295305978,0.0,0.0,0.0,0.0,8.486151613092952,287.2241519398938,99625.51131798139,1.2083480800647197,339.7451544026568
175.3,141.86486004035308,4.550525115966619,4.919789750374914,2.176805678762676,0.0,0.0,0.0,0.0,7.046282209933867,287.2278784097377,99632.3050588325,1.2084148026095014,339.7473583363398
175.35,140.9721446291843,3.283441651536908,4.157481956522862,1.9207666854218173,0.0,0.0,0.0,0.0,5.635156604539655,287.2336810599103,99642.88463853019,1.2085187048315944,339.7507901499953
175.4,139.61918876254833,0.7369546716396763,3.811020801636654,2.0708327167820957,0.0,0.0,0.0,0.0,4.399469272475255,287.2424752730434,99658.92026670066,1.2086761869917608,339.7559911730446
175.45,138.80198026718827,0.6547529243593453,3.7152357814610806,3.954073833433175,0.0,0.0,0.0,0.0,5.465014014990882,287.24778712826327,99668.60707275048,1.208771316516384,339.75913264139814
175.5,137.84326666490466,0.0780011604104412,4.027881058574,4.864808535285709,0.0,0.0,0.0,0.0,6.316349585641478,287.2540187666781,99679.9721857928,1.2088829256547982,339.76281803894454
175.55,137.391814579214,-0.9586739468257328,2.4352097689247403,4.8835830205007005,0.0,0.0,0.0,0.0,5.540639446229258,287.2569532052351,99685.32430803051,1.2089354844123819,339.76455345516524
175.6,137.22138332859885,0.25531838391353257,2.4754175535211393,6.532998507867083,0.0,0.0,0.0,0.0,6.990919041530829,287.2580610083641,99687.34489056877,1.2089553267395714,339.7652086035757
175.65,136.30694590616625,0.7752883252374543,1.9668753951491913,6.20038292251829,0.0,0.0,0.0,0.0,6.550909798886658,287.2640048516099,99698.18675673577,1.209061793667434,339.76872373677435
175.7,136.57346586439968,2.3463268108868647,2.7626178092727782,7.57414612384678,0.0,0.0,0.0,0.0,8.396725324135645,287.2622724718814,99695.02671123097,1.2090307623057257,339.7676992273912
175.75,136.11612357583041,1.5975329609604887,2.626495343110626,6.154359920364926,0.0,0.0,0.0,0.0,6.879442955511091,287.26524519675706,99700.44932847777,1.2090840118028143,339.76945726068544
175.8,135.52776425685113,4.149574542576732,2.7547412044373596,6.550358494303648,0.0,0.0,0.0,0.0,8.22889812743613,287.26906953233043,99707.4257400507,1.209152518576553,339.77171891279835
175.85,134.69937686895605,5.729635169774515,3.4247030162248415,6.223957246726729,0.0,0.0,0.0,0.0,9.126606912601131,287.2744540503518,99717.24893042837,1.2092489785240945,339.77490320683614
175.9,134.17674690319916,5.848081677536311,5.114839678090704,3.648652658552898,0.0,0.0,0.0,0.0,8.583374072150885,287.2778511451292,99723.44678869164,1.2093098381758343,339.776912163986
175.95,133.58013710265206,7.059465384368037,4.744386951386978,3.2686904707015367,0.0,0.0,0.0,0.0,9.112057750631118,287.28172910883274,99730.52235361312,1.2093793155575734,339.77920548051
176.0,133.55316972362291,10.169890026155462,4.926717837748603,2.1889152306249127,0.0,0.0,0.0,0.0,11.510454451660385,287.28190439679645,99730.84218605595,1.2093824560791022,339.77930914041923
176.05,132.96689596435445,10.255443349991019,3.903324817069822,0.5078057056768119,0.0,0.0,0.0,0.0,10.984895519172957,287.2857151762317,99737.79558352285,1.2094507329016584,339.78156271032753
176.1,132.58961055628086,13.339289093665599,5.401795550669225,-0.1258667313028538,0.0,0.0,0.0,0.0,14.392076678841892,287.28816753138415,99742.27051876842,1.209494672721107,339.78301294478706
176.15,130.92529597823898,14.621438687905737,5.658307811804247,0.6460413960813114,0.0,0.0,0.0,0.0,15.691408033785951,287.29898557614143,99762.01268719854,1.2096885184940163,339.7894102727217
176.2,130.3530033011938,14.501409989400774,4.877896121211875,1.8602098950051114,0.0,0.0,0.0,0.0,15.412499573511797,287.30270547854224,99768.80197765633,1.2097551799635249,339.79161003571255
176.25,130.14331998483968,14.810923958172257,5.142374170274165,2.4964177225617585,0.0,0.0,0.0,0.0,15.875754534742098,287.30406842009853,99771.28961132954,1.2097796048795606,339.7924160071631
176.3,128.83403588036674,15.192424941327793,6.849481790005468,2.7254551498023813,0.0,0.0,0.0,0.0,16.886482231746186,287.3125787667776,99786.82378673015,1.2099321250896222,339.7974485322174
176.35,129.05238019796,16.46121178047522,6.553585353107985,2.7375986420858944,0.0,0.0,0.0,0.0,17.92806237682361,287.31115952871323,99784.23307547251,1.2099066888537757,339.7966092823823
176.4,128.7984430599737,14.24615926295359,6.355225227457186,2.395934234966762,0.0,0.0,0.0,0.0,15.782345905961902,287.31281012011016,99787.24610982416,1.2099362715489907,339.79758534010904
176.45,127.63246571620704,16.193313165754848,7.693867139085238,2.293662713300309,0.0,0.0,0.0,0.0,18.07428757878133,287.3203889728446,99801.08169911367,1.210072110507121,339.80206696916525
176.5,127.48264217289072,16.201349969742573,8.193860985260375,2.2261947518477534,0.0,0.0,0.0,0.0,18.291501900090225,287.3213628258762,99802.85963101851,1.210089566129575,339.8026428367426
176.55,126.70378957335534,13.889765848083096,6.301253103955153,-0.2700899615741017,0.0,0.0,0.0,0.0,15.254649605350595,287.32642536777314,99812.10256283249,1.2101803116934795,339.8056364490545
176.6,125.93537985623202,14.259723168489314,7.291479461982768,-0.35673045864410113,0.0,0.0,0.0,0.0,16.019757620095003,287.33142003093445,99821.22224434973,1.2102698456395355,339.8085898970649
176.65,124.97831156303498,14.487594359543952,5.708777067998302,0.10606718063491394,0.0,0.0,0.0,0.0,15.572147449391842,287.33764097484027,99832.58191724493,1.21038136888608,339.81226843443875
176.7,124.7286085619797,15.180535426823946,6.193277774704699,0.08328464485889997,0.0,0.0,0.0,0.0,16.39549577694366,287.3392640443471,99835.54587417055,1.2104104670467606,339.8132281732154
176.75,124.62641508699998,16.737683337481016,6.908293565047502,0.3379188065326834,0.0,0.0,0.0,0.0,18.110459756904984,287.3399283019345,99836.75892402422,1.210422375917217,339.8136209552207
176.8,124.6780453883895,16.354708954883527,7.478858302067431,1.4564738262410497,0.0,0.0,0.0,0.0,18.04248160613932,287.3395927049755,99836.14606413277,1.2104163592932018,339.81342251351475
176.85,124.39500664259323,17.34597904104812,7.807341441501306,2.4316500333878195,0.0,0.0,0.0,0.0,19.176821716894054,287.3414324568231,99839.50581649973,1.210449342874195,339.81451037503314
176.9,124.19932981148386,16.14720790731064,6.625999927732335,2.5251999270787873,0.0,0.0,0.0,0.0,17.635555928746417,287.34270435622534,99841.82861101515,1.2104721462411794,339.8152624583485
176.95,123.40881637063411,16.25038602561863,6.845615728737009,3.588923717796667,0.0,0.0,0.0,0.0,17.9949402371699,287.34784269359085,99851.2128975692,1.210564272747337,339.81830077744985
177.0,122.46646560462888,15.037254150964918,6.386512105940893,3.023965734487794,0.0,0.0,0.0,0.0,16.614780108186732,287.35396797356987,99862.40059766806,1.2106741013971372,339.8219226441086
177.05,121.62573281535465,14.07182177442252,8.425215329043276,3.532382716148656,0.0,0.0,0.0,0.0,16.77731054267052,287.35943273670017,99872.3827338079,1.2107720931573303,339.8251539158008
177.1,121.1271862448379,15.37525890971213,6.751138488235562,3.310006628687244,0.0,0.0,0.0,0.0,17.115273918636863,287.3626732894085,99878.30242746856,1.210830204207614,339.82707001475706
177.15,120.3567734029842,14.521200182408517,7.541246969755582,2.544699635265495,0.0,0.0,0.0,0.0,16.55932235419521,287.3676809728806,99887.45079364722,1.2109200084386964,339.8300309751502
177.2,119.74939439410626,15.196038283806166,8.134714283326492,2.2595729862275755,0.0,0.0,0.0,0.0,17.383866833197615,287.3716289364383,99894.66367196906,1.2109908119992114,339.832365322502
177.25,118.76211902958207,14.815365570985772,7.888594138926594,2.4006153868846623,0.0,0.0,0.0,0.0,16.955468991638213,287.3780462263077,99906.38887742347,1.2111059077051052,339.8361596960604
177.3,118.15187319629632,14.497894307428814,7.524938842807207,2.4005958810399517,0.0,0.0,0.0,0.0,16.509891111737577,287.38201282422403,99913.63691401035,1.2111770538201345,339.83850501917954
177.35,117.32263816697433,12.684488406038163,7.428819039080632,1.190734350602222,0.0,0.0,0.0,0.0,14.747930252480431,287.38740285191466,99923.48662035738,1.2112737361319015,339.8416919450863
177.4,116.72527652015668,14.983217553687888,7.101759256343619,3.405186969082334,0.0,0.0,0.0,0.0,16.927111126551136,287.391285702619,99930.58260714199,1.211343387481327,339.84398771393836
177.45,116.5777599913771,13.164769000622863,6.098522855677878,1.645931828775956,0.0,0.0,0.0,0.0,14.60178809070875,287.39224456005604,99932.33500097563,1.2113605881287919,339.8445546442516
177.5,115.32972954786133,12.678165808435244,7.036466050523698,1.4534005701888808,0.0,0.0,0.0,0.0,14.572580964392492,287.4003567579389,99947.16173104198,1.2115061178192332,339.84935099292585
177.55,114.49152704287611,13.098622891523153,6.864199767125886,2.263047309809649,0.0,0.0,0.0,0.0,14.960365744987055,287.4058050742213,99957.12066290756,1.211603866012775,339.8525722797715
177.6,113.95987501952224,12.274913521819938,6.567256434446605,0.8632327408344118,0.0,0.0,0.0,0.0,13.948029603094007,287.4092608123731,99963.43779428628,1.2116658685070119,339.85461545000146
177.65,114.12903258662752,13.37555767596442,7.310003889418809,0.06849052895453918,0.0,0.0,0.0,0.0,15.242912810841807,287.4081612881869,99961.4278156344,1.2116461406952137,339.8539653687796
177.7,114.09272241659114,12.895518600149552,6.693740659773226,-0.9956797634278155,0.0,0.0,0.0,0.0,14.56337674368153,287.4083973042921,99961.85926071402,1.2116503753074122,339.85410491073355
177.75,113.02592701915535,12.585620791308607,7.1434079529574985,-2.7045948351316405,0.0,0.0,0.0,0.0,14.722124884241971,287.4153314743755,99974.53582102344,1.2117747935702614,339.85820463776844
177.8,112.33019242105901,12.10302574627714,6.0654549742403905,-4.151066636431921,0.0,0.0,0.0,0.0,14.159955172234234,287.4198537492631,99982.80382604829,1.2118559410026588,339.86087834026495
177.85,110.58870696690941,11.756852773218036,3.3827348580442207,-5.3273138222475565,0.0,0.0,0.0,0.0,13.343416159726937,287.4311734047151,100003.5018040112,1.212059078455436,339.86757076272056
177.9,110.15966606043635,12.38306128212651,2.750986618576915,-4.769904961600139,0.0,0.0,0.0,0.0,13.552126306789924,287.4339621706071,100008.60159212649,1.212109128394859,339.86921952054126
177.95,108.97997654746071,12.068929715978834,1.9951631820717317,-4.992519290256999,0.0,0.0,0.0,0.0,13.212304472571006,287.44163015244146,100022.6250389006,1.212246753699831,339.87375289857505
178.0,107.92872623616492,12.802050797621726,3.9695382725194457,-4.13914933236221,0.0,0.0,0.0,0.0,14.027911316995066,287.44846327946493,100035.12301852269,1.2123694050635296,339.87779265218046
178.05,107.84951128375363,11.618184530894863,3.069953754026125,-4.632505842097907,0.0,0.0,0.0,0.0,12.878933893100587,287.4489781766556,100036.06483105423,1.2123786476065972,339.8780970581255
178.1,107.08485880740753,11.748221208204546,1.7648459891972164,-3.981870224834724,0.0,0.0,0.0,0.0,12.529591909153224,287.4539484177518,100045.15640412291,1.2124678675427283,339.8810354383456
178.15,106.58709288498558,11.387385291356507,1.4871445451704501,-3.054637196716137,0.0,0.0,0.0,0.0,11.883389713191878,287.45718389624756,100051.07510615392,1.2125259497553573,339.8829482224506
178.2,106.20425293431177,10.560683879932185,1.3626589868811887,-3.3084026443559313,0.0,0.0,0.0,0.0,11.150354773888088,287.45967235592695,100055.62747003947,1.2125706231876867,339.8844193688148
178.25,105.87881138063128,9.93712765373752,1.3543935110149175,-3.169144018435227,0.0,0.0,0.0,0.0,10.517811635456209,287.4617877260259,100059.49743937109,1.2126085998154303,339.88566994425935
178.3,105.60808584425982,8.799360825029284,2.0331649446765176,-2.8011483152947423,0.0,0.0,0.0,0.0,9.455630201398534,287.46354744201227,100062.71684871093,1.2126401921810306,339.8867102587588
178.35,104.60461252016175,7.642591578991466,2.607700694331133,-1.9510594018942142,0.0,0.0,0.0,0.0,8.307583387737143,287.4700700186189,100074.6506674023,1.2127572981753534,339.89056626858945
178.4,104.40614592566806,6.166587729791273,1.6923528963767582,-2.085491856315437,0.0,0.0,0.0,0.0,6.726079009188421,287.47136005148315,100077.01107029,1.2127804603817054,339.8913289036505
178.45,103.59538120695198,5.421542565719131,1.3098287230170018,-2.5618438865376176,0.0,0.0,0.0,0.0,6.13773730087358,287.4766300221548,100086.6541254363,1.2128750848569987,339.89444436030925
178.5,102.95396984978012,4.7428973991749555,0.9974861351932838,-2.3578719048869843,0.0,0.0,0.0,0.0,5.389769405907711,287.48079919597643,100094.28346243454,1.2129499480769521,339.8969090369712
178.55,102.29073726048422,8.274562990663021,3.5265356767932285,-1.069365133124497,0.0,0.0,0.0,0.0,9.058056543988231,287.4851102078068,100102.17284965802,1.2130273619098972,339.89945754474417
178.6,102.13333136144496,7.609648030677485,3.784236992575506,-1.4551605268205476,0.0,0.0,0.0,0.0,8.622336395988462,287.4861333461506,100104.0453226663,1.2130457351959045,339.9000623827797
178.65,102.17439174227749,7.501652983994982,4.097818547392852,-0.15990033298291648,0.0,0.0,0.0,0.0,8.549414158650038,287.48586645367516,100103.55687283263,1.2130409423809212,339.8999046068393
178.7,102.50808304607827,9.529919781687973,5.401586048304809,-0.6353157336850226,0.0,0.0,0.0,0.0,10.972699256068063,287.48369746020046,100099.58738887403,1.213001992459184,339.8986223836907
178.75,102.89122843448577,8.324821582877124,6.9595018236309105,-0.3663054503606872,0.0,0.0,0.0,0.0,10.856864174466894,287.4812070151758,100095.0297722919,1.212957271218433,339.8971501251352
178.8,102.60045520812677,8.685996655293332,5.974391280861248,0.3842560951464429,0.0,0.0,0.0,0.0,10.549291057661412,287.4830970411472,100098.48858199811,1.2129912105418335,339.8982674388409
178.85,102.5834130411639,9.588956112982556,6.481139051555839,0.4733227284128571,0.0,0.0,0.0,0.0,11.583491578429186,287.4832078152324,100098.69130522065,1.2129931997420647,339.89833292428403
178.9,102.13271915433458,9.01845833887038,7.066524298740559,0.9052217488486876,0.0,0.0,0.0,0.0,11.492944918045163,287.4861373254968,100104.05260543026,1.2130458066565162,339.9000647352063
178.95,101.36871194706235,8.130352928360388,7.117017282526474,0.330311877282774,0.0,0.0,0.0,0.0,10.810350580612681,287.49110337234407,100113.14150482039,1.2131349888265452,339.9030004460742
179.0,100.94628713481102,9.281287750503125,7.670761854418704,1.0205127917471013,0.0,0.0,0.0,0.0,12.084052966325656,287.4938491336237,100118.167106341,1.2131843004119014,339.90462360981405
179.05,99.83768554147693,9.703770582469941,7.712569833164029,0.2448456679181375,0.0,0.0,0.0,0.0,12.397856522388825,287.5010550439804,100131.3571465468,1.2133137198522574,339.90888336512245
179.1,98.56888226922564,9.527381096205668,7.0202403842030225,0.40451726130823346,0.0,0.0,0.0,0.0,11.841385046481195,287.50930226525,100146.45497841168,1.2134618543847069,339.91375862317784
179.15,97.96992285337137,7.769517222848949,6.0588536834297075,0.9432214274708386,0.0,0.0,0.0,0.0,9.897715518976907,287.5131955014531,100153.58279826898,1.2135317885301424,339.9160600444894
179.2,96.38118846405249,6.083167302144651,5.228327823859386,0.6909029278758095,0.0,0.0,0.0,0.0,8.050942995411868,287.52352227498363,100172.49126539234,1.213717303149715,339.92216446805537
179.25,96.0832763045772,4.831055227965584,4.8266132897824985,1.2357241479767112,0.0,0.0,0.0,0.0,6.939906673338728,287.52545870402025,100176.03721592475,1.2137520924127219,339.9233091292573
179.3,95.15924328981708,4.021025307671827,5.148121747686909,2.1758058919726824,0.0,0.0,0.0,0.0,6.885196680813648,287.53146491861617,100187.03632378191,1.2138600029905482,339.92685949604555
179.35,95.40107873752854,3.7360913463044465,5.313048340947213,3.6096588622159107,0.0,0.0,0.0,0.0,7.430780465250388,287.52989298820603,100184.15757223823,1.213831760213846,339.92593030713374
179.4,95.62950320132109,6.375046322246601,5.482286504877564,5.624737610385483,0.0,0.0,0.0,0.0,10.116044390869268,287.52840822919137,100181.4385233628,1.2138050841019075,339.9250526440573
179.45,96.47134313600374,6.80115569435336,7.441602416286443,5.9161947668847485,0.0,0.0,0.0,0.0,11.68907720141457,287.52293626961597,100171.41820399209,1.2137067753155881,339.92181806802364
179.5,96.09635890033562,8.000736020876476,8.087186424117304,2.184688262065826,0.0,0.0,0.0,0.0,11.583920922407309,287.5253736671478,100175.88149595301,1.2137505646515303,339.92325886237427
179.55,95.14793820468765,9.57310007692777,10.383893624383,0.8663369259617553,0.0,0.0,0.0,0.0,14.149912775514245,287.5315384016695,100187.17089846013,1.2138613232683333,339.9269029327907
179.6,93.78535105289411,6.705717487629904,9.7506651472545,-4.038475923300923,0.0,0.0,0.0,0.0,12.504055566929889,287.54039521815616,100203.3920807944,1.214020462672448,339.93213826633166
179.65,93.01459775040739,6.365411791640473,9.235094793406084,-5.1329705753495345,0.0,0.0,0.0,0.0,12.335024525624416,287.5454051146223,100212.56860424441,1.2141104876306381,339.9350996196381
179.7,91.76270383302295,9.176567169049589,6.033098978193082,-7.387641230593177,0.0,0.0,0.0,0.0,13.235743698059187,287.5535424250853,100227.47499730038,1.2142567213040774,339.9399095345662
179.75,90.27545027877265,15.30067416962776,6.225633941613827,-6.861827877596616,0.0,0.0,0.0,0.0,17.887253278294303,287.563209573188,100245.18616830595,1.2144304648386024,339.94562363880647
179.8,90.19950496186055,21.079094579905014,11.642061182637,-2.0338262999383843,0.0,0.0,0.0,0.0,24.166138837372536,287.5637032177479,100246.09064194541,1.2144393374123408,339.94591542202176
179.85,90.56149664538412,21.267854453280172,10.51540446822823,3.5584499439373127,0.0,0.0,0.0,0.0,23.990788444314433,287.561350271805,100241.7795475423,1.214397046929817,339.9445246414925
179.9,90.19309448131118,16.18593301818233,8.804615129099854,4.236916249224106,0.0,0.0,0.0,0.0,18.906536820464986,287.5637448858715,100246.1669881097,1.2144400863411235,339.94594005118694
179.95,89.49848211060814,15.934344381760232,5.336956748216722,3.7770535229946094,0.0,0.0,0.0,0.0,17.2236050675936,287.56825986628104,100254.43981226755,1.214521239167802,339.9486087520618
180.0,88.61133107669994,13.65424040195702,4.373871515504269,2.288845647847948,0.0,0.0,0.0,0.0,14.519223374142555,287.57402634800144,100265.00657326411,1.2146248926696668,339.95201715605594
180.05,87.0183255957531,15.63353395526044,5.573835880579765,1.3459240484185861,0.0,0.0,0.0,0.0,16.651923069064154,287.5843808836276,100283.982954595,1.2148110342173,339.95813734297263
180.1,86.83167360782615,16.7678548216175,6.092240457909445,0.8105638535645321,0.0,0.0,0.0,0.0,17.858705520740727,287.5855941215491,100286.20660199005,1.214832845796433,339.9588544362787
180.15,86.56358258163152,15.834569526186383,7.43245730827702,0.7820122979697683,0.0,0.0,0.0,0.0,17.509613272518813,287.5873367132194,100289.40052966928,1.2148641746161313,339.95988440541254
180.2,86.2410194256655,13.818932129700901,8.24796039701508,-0.9543983154172712,0.0,0.0,0.0,0.0,16.121495341948908,287.58943337373313,100293.24352536515,1.2149018698076677,339.96112364489875
180.25,85.5910976925565,14.676834605090873,7.871078554312931,0.3944505207260507,0.0,0.0,0.0,0.0,16.65889980901077,287.59365786499836,100300.98701125324,1.2149778233082584,339.96362053344313
180.3,85.28756624680227,13.699447377433552,6.533482991053536,1.0798382012608956,0.0,0.0,0.0,0.0,15.216021457081323,287.59563081939575,100304.60359941996,1.2150132969406422,339.96478664325014
180.35,84.7725000303588,12.122018135912025,5.294467827092775,0.39217905429761424,0.0,0.0,0.0,0.0,13.233613175173677,287.59897874980265,100310.74087365923,1.2150734943936572,339.9667654200675
180.4,84.21361799228694,10.946561704024996,4.240055466396062,1.097828671704791,0.0,0.0,0.0,0.0,11.790271892138826,287.6026114830501,100317.4005795218,1.2151388153243863,339.9689125150906
180.45,84.0447788251185,9.396755845204696,6.275470773027931,1.923273626348012,0.0,0.0,0.0,0.0,11.462091226269411,287.6037089376367,100319.4125578439,1.2151585494115311,339.969561153301
180.5,84.41537982646312,8.920223371238716,6.287442755125115,1.172440549773361,0.0,0.0,0.0,0.0,10.976198715152782,287.60130003112795,100314.9963198456,1.2151152335252453,339.96813739453495
180.55,84.50805147213205,9.73325862962705,6.89470839303633,1.1918288347343367,0.0,0.0,0.0,0.0,11.987234182559346,287.60069766543114,100313.89202999466,1.2151044022376103,339.9677813717159
180.6,83.58242853581645,9.479302243784423,7.1604758934743815,-0.06854654911322397,0.0,0.0,0.0,0.0,11.879995146440063,287.6067142145172,100324.92233980702,1.2152125906209623,339.97133738212113
180.65,82.77737065583618,8.287012203024391,7.190618815282884,-1.884390368520684,0.0,0.0,0.0,0.0,11.132407523116862,287.61194709073703,100334.51671849877,1.2153066931473349,339.97443018167485
180.7,81.95760714853186,8.615484890186714,8.971087505976861,-2.389104850555379,0.0,0.0,0.0,0.0,12.665496947213597,287.6172755535345,100344.28711679159,1.215402520330294,339.9775794470849
180.75,81.37025890762742,6.740932079715979,9.377750216947614,-3.919171771917784,0.0,0.0,0.0,0.0,12.19599408874087,287.6210933171004,100351.28793415058,1.2154711826221587,339.9798358305138
180.8,80.30482336228873,7.501551101116104,8.747430347266453,-3.9279132172901545,0.0,0.0,0.0,0.0,12.174535261992428,287.6280186481451,100363.98825743572,1.2155957419376884,339.9839288174223
180.85,79.33340124002358,9.020844596304462,8.745541483718025,-4.168036453039138,0.0,0.0,0.0,0.0,13.237547391717673,287.63433289193983,100375.5690457498,1.2157093187210932,339.9876605985633
180.9,79.20671369241346,9.832165546904475,8.379200673745581,-4.138446386911862,0.0,0.0,0.0,0.0,13.564999880942779,287.6351563609993,100377.0794284281,1.215724131380925,339.9881472739819
180.95,78.81682818155278,9.876177935436015,7.039128407533746,-2.812299655925112,0.0,0.0,0.0,0.0,12.449789102826532,287.6376906168199,100381.72780122906,1.2157697187437644,339.9896450308177
181.0,78.49102891555036,9.684946030451181,7.144410971258512,-1.6749490496153832,0.0,0.0,0.0,0.0,12.150977000134539,287.6398083120489,100385.61224557349,1.2158078138255022,339.99089659336926
181.05,77.93834574316905,8.932956989302639,7.302742013852489,0.6002907700866995,0.0,0.0,0.0,0.0,11.553705487949243,287.6434007526694,100392.20206311098,1.2158724400947174,339.99301972316323
181.1,76.50346227527355,8.976508612745706,6.913448267169148,-0.4778858069424488,0.0,0.0,0.0,0.0,11.340275510850649,287.6527274952107,100409.31227105694,1.2160402359504756,339.99853175933026
181.15,76.33898213022886,10.11415881452758,5.992812451624877,-0.908007772038945,0.0,0.0,0.0,0.0,11.791288636952249,287.6537966161535,100411.27375851566,1.2160594714571633,339.99916359622654
181.2,75.85105227971769,11.692631424881874,6.2986966285285115,-1.9034833332327896,0.0,0.0,0.0,0.0,13.416946659216716,287.6569681601818,100417.09268764478,1.2161165348988041,340.0010379315514
181.25,74.69597556817666,10.869181463039736,7.30850502974679,-2.6095827139916192,0.0,0.0,0.0,0.0,13.355271370791558,287.66447615880685,100430.8689313806,1.2162516293930568,340.00547500582945
181.3,73.64242281844047,12.635018744053585,5.208294990411886,-2.714748357864205,0.0,0.0,0.0,0.0,13.93340927469876,287.6713242516801,100443.43566461783,1.2163748599442763,340.0095220387551
181.35,72.43726355627577,13.553528163005188,5.1358793937765155,-1.647088463839956,0.0,0.0,0.0,0.0,14.58726441868069,287.67915778688416,100457.81231527393,1.2165158351160454,340.01415138169637
181.4,72.81276914186608,13.759560292757428,6.4976429946940675,-0.035811321988333145,0.0,0.0,0.0,0.0,15.216640443517955,287.67671700057787,100453.33263516448,1.2164719084902325,340.01270896985926
181.45,72.1403456851106,13.60683490629368,4.849918811682649,0.2385635747821877,0.0,0.0,0.0,0.0,14.44730359708199,287.68108775304677,100461.3545797197,1.2165505694138115,340.01529191393274
181.5,72.7700712634483,12.99826849204092,5.740592200095176,1.778840401090999,0.0,0.0,0.0,0.0,14.320393003389636,287.67699453678756,100453.8420011588,1.2164769032249043,340.0128729835075
181.55,72.68493997310495,11.016314010469522,4.295713791528676,0.6088579490850162,0.0,0.0,0.0,0.0,11.839891864293389,287.6775478901748,100454.85758442625,1.2164868618041753,340.01319999468336
181.6,71.9955275327471,12.799418040834443,5.530932948275195,2.4826057561893635,0.0,0.0,0.0,0.0,14.162614617471553,287.6820290710371,100463.08231367345,1.21656751092878,340.0158481935477
181.65,71.81078368511359,11.663748188609581,6.3329513652348774,0.4619048725827306,0.0,0.0,0.0,0.0,13.280160048472279,287.68322990604673,100465.28641081731,1.2165891234031132,340.01655783556043
181.7,71.08140123461988,11.074856080503793,5.201533946251944,1.098712685794031,0.0,0.0,0.0,0.0,12.284769520174478,287.68797089197494,100473.98873273584,1.216674453928285,340.01935954053846
181.75,70.51277777369917,10.665544924253021,6.103681549873185,1.4808891509671651,0.0,0.0,0.0,0.0,12.377471861045533,287.6916669444709,100480.77344934743,1.2167409804194615,340.0215437218273
181.8,70.13641504238706,12.073875236485689,6.863172375364188,0.4884392647875345,0.0,0.0,0.0,0.0,13.896768372379626,287.6941133022245,100485.26434827872,1.2167850147654558,340.0229893886073
181.85,69.58958570119457,10.31782821270099,5.917417177942982,-0.5378035842301802,0.0,0.0,0.0,0.0,11.906411624827777,287.6976676929422,100491.78960729462,1.216848995834943,340.0250898327397
181.9,68.6288680527074,11.591507004871971,7.700579433493668,0.7679756416004941,0.0,0.0,0.0,0.0,13.937422460470707,287.7039123576574,100503.25458440564,1.2169614096108854,340.0287800454129
181.95,68.38727240750987,11.533053530906768,6.680661090867241,-0.22698864630329807,0.0,0.0,0.0,0.0,13.330194304785625,287.70548272935116,100506.1378963329,1.2169896800187294,340.0297080321723
182.0,67.84859439336726,10.810129980808485,5.970672203831821,0.5208607096707019,0.0,0.0,0.0,0.0,12.360385618841471,287.70898413644306,100512.56696506302,1.2170527154438395,340.0317771251863
182.05,67.21467440261694,9.703935779192673,6.247084353807761,1.4305570670613048,0.0,0.0,0.0,0.0,11.629227233673117,287.71310461638296,100520.13316386806,1.2171268991648043,340.0342120319452
182.1,67.11994402456541,6.388448078260306,5.7658196635793555,-0.5390990947072035,0.0,0.0,0.0,0.0,8.622503875062062,287.7137203638403,100521.26386488976,1.2171379851699247,340.0345758928296
182.15,67.29463685938744,6.33947664052288,6.754859105708692,0.042306077354120175,0.0,0.0,0.0,0.0,9.263847765258882,287.712584860414,100519.17874065031,1.2171175414642668,340.03390489457746
182.2,66.68244502646213,7.7538480325523285,7.688138840727088,-0.16392318851971405,0.0,0.0,0.0,0.0,10.920462854565576,287.716564107328,100526.48598298736,1.2171891853358467,340.0362563283685
182.25,66.4525520021842,7.575707327870698,7.940213401691517,-1.0254916226799118,0.0,0.0,0.0,0.0,11.022248565975186,287.7180584119858,100529.23014250924,1.2172160901972477,340.0371393451379
182.3,65.57303867351092,8.716053381070543,8.788313603721079,-2.272241153469284,0.0,0.0,0.0,0.0,12.584399961799514,287.72377524862213,100539.72917182396,1.2173190256812996,340.0405175257263
182.35,65.17680425642845,7.795604690300699,8.855068226952824,-4.574135228544248,0.0,0.0,0.0,0.0,12.653315726734919,287.7263507723332,100544.45943771845,1.217365401891755,340.042039437593
182.4,63.90520127450878,7.4298290214756335,7.084743585612159,-5.543689784027456,0.0,0.0,0.0,0.0,11.667409626123726,287.73461619171565,100559.64111362968,1.2175142424324217,340.04692353992084
182.45,63.35467351908319,5.906382505622228,6.831523182947768,-6.6879259079782525,0.0,0.0,0.0,0.0,11.237589432457472,287.73819462212595,100566.21444367348,1.2175786857697402,340.049038041271
182.5,62.73547365615698,6.472573845602537,6.422491533808533,-6.853875233254878,0.0,0.0,0.0,0.0,11.406937161291145,287.74221942123495,100573.60813798691,1.2176511708021858,340.0514162870252
182.55,62.08139260898499,8.455657192304246,5.162251782204846,-6.3356221054775315,0.0,0.0,0.0,0.0,11.759553115661292,287.7464709480416,100581.41881692548,1.2177277426957687,340.05392848765837
182.6,61.46118173871142,9.838077377359143,5.5377282256896265,-5.821004776672634,0.0,0.0,0.0,0.0,12.701901314155725,287.75050231869835,100588.82549037128,1.217800352881477,340.0563105822553
182.65,61.30492250159028,9.747306302511433,6.123136088796615,-5.055078446587802,0.0,0.0,0.0,0.0,12.572056069635513,287.75151800373965,100590.69163686394,1.2178186472016015,340.0569107372512
182.7,60.419700570239115,9.242927346485487,6.305908826775925,-5.589739612412879,0.0,0.0,0.0,0.0,12.507652897270434,287.75727194629343,100601.26404548269,1.2179222900578213,340.0603106465924
182.75,59.84287373798098,7.841933663220492,5.1522212152862545,-5.205794388161219,0.0,0.0,0.0,0.0,10.730405502188972,287.7610213207031,100608.1537048472,1.217989829273306,340.06252607153135
182.8,58.76574268455852,9.524634984520986,4.1913244781752566,-5.486950198894694,0.0,0.0,0.0,0.0,11.764033957570112,287.76802267255033,100621.02005508779,1.218115955533395,340.06666298156574
182.85,58.17279705771255,10.775546534000696,3.5410052081351964,-5.415727273651179,0.0,0.0,0.0,0.0,12.569058154572451,287.7718768191248,100628.10337008342,1.218185390545048,340.0689402713833
182.9,57.983953522666326,9.443384456730708,1.0243566452744086,-6.136241554102639,0.0,0.0,0.0,0.0,11.308416199655765,287.77310430210264,100630.35937543726,1.218207505102296,340.0696655479374
182.95,57.07736169767314,8.885087472641494,2.2085103594464086,-5.442901097508177,0.0,0.0,0.0,0.0,10.651172224761396,287.7789971489651,100641.19047802745,1.218313675982883,340.0731474025178
183.0,56.56900300424746,9.408220522549733,3.240368893695108,-3.773524348620472,0.0,0.0,0.0,0.0,10.642090489080818,287.78230148047237,100647.2642804598,1.2183732129176394,340.0750997882048
183.05,55.87844690817088,9.697672327037749,1.1016108182840942,-4.546941835890955,0.0,0.0,0.0,0.0,10.767222251654774,287.7867900950969,100655.51542881051,1.2184540916480888,340.0777518972927
183.1,54.653212936466076,10.111928070752793,1.6005522389122908,-3.11592617560537,0.0,0.0,0.0,0.0,10.701488340851853,287.79475411591295,100670.15655388984,1.2185976025800478,340.08245740784974
183.15,53.83134571920848,7.811375557256419,0.6864800609250452,-2.5937286967426494,0.0,0.0,0.0,0.0,8.25931422836406,287.80009625282514,100679.9785511169,1.2186938746481482,340.085613752071
183.2,52.89097474771846,8.248725159349126,1.6271885737462837,-2.3725345360826684,0.0,0.0,0.0,0.0,8.736024813032227,287.80620866413983,100691.21771867695,1.2188040351733003,340.0892251687164
183.25,52.002203286232806,8.431394741140178,1.0498675064251966,-2.0139862774450368,0.0,0.0,0.0,0.0,8.731940207520356,287.8119856786395,100701.84111075429,1.2189081580339773,340.0926383864768
183.3,51.53300389010029,8.372676485868563,2.003905399105014,-1.4403977729527433,0.0,0.0,0.0,0.0,8.728808288071505,287.8150354747143,100707.44976795283,1.218963129221412,340.09444027537916
183.35,51.79056365225093,7.711780557852923,1.5157563843592508,-2.172664041588369,0.0,0.0,0.0,0.0,8.154112203472263,287.81336133626036,100704.37095088996,1.2189329534022488,340.09345115747664
183.4,51.27019312739001,8.273255655808683,2.1340283747784503,-2.06856185764814,0.0,0.0,0.0,0.0,8.79089212819988,287.81674374467195,100710.59143297496,1.2189939208392921,340.0954495559612
183.45,50.78578753889368,8.781598172402335,2.5454493483524168,-1.659605914011935,0.0,0.0,0.0,0.0,9.292473870632683,287.81989238099715,100716.38227170456,1.2190506766638722,340.0973098263956
183.5,50.38303105764064,6.353580635863269,0.6493699217997471,-3.1492294884164878,0.0,0.0,0.0,0.0,7.120906863768608,287.82251029812534,100721.19723941742,1.2190978675351867,340.0988565307264
183.55,50.16115200006842,8.120707770251906,2.7070422690827396,-1.5343710300447115,0.0,0.0,0.0,0.0,8.696451402398036,287.82395251199955,100723.84989087773,1.2191238656432217,340.09970860910374
183.6,49.798145106623515,7.338483496329515,2.4935471875583763,-2.036260606938773,0.0,0.0,0.0,0.0,8.013580651734381,287.8263120568069,100728.18990314606,1.219166400957166,340.1011026537094
183.65,49.755657086881996,8.500044165933911,3.696746025097963,-1.5610309792122221,0.0,0.0,0.0,0.0,9.399654233798442,287.82658822893524,100728.69788832097,1.2191713795628993,340.10126581881786
183.7,49.94203304066841,10.680171527124223,3.885222593073096,-1.3401023126719878,0.0,0.0,0.0,0.0,11.443639834202639,287.8253767852356,100726.46959979634,1.2191495407601225,340.10055008582776
183.75,49.822683998790424,11.72481899470866,4.656545247239356,-0.2179761424485704,0.0,0.0,0.0,0.0,12.617539684777899,287.8261525540078,100727.89651801415,1.2191635255779671,340.1010084179098
183.8,50.20506525317565,10.297488091531873,7.289001123465646,-1.1765968886708769,0.0,0.0,0.0,0.0,12.67091861750971,287.82366707585436,100723.32488616345,1.2191187201870406,340.0995399699529
183.85,50.44318875104746,9.580120317852003,5.430136118461732,1.5272643266272838,0.0,0.0,0.0,0.0,11.117446644483243,287.8221192731182,100720.47804026376,1.2190908187852387,340.09862550779
183.9,50.3248887538834,8.875844220809292,6.471635323503559,2.177661629552241,0.0,0.0,0.0,0.0,11.1984322369391,287.8228882230997,100721.89234807278,1.2191046801691117,340.09907981383463
183.95,49.681182440411156,8.252673418496736,6.535657147943929,0.8426574229329822,0.0,0.0,0.0,0.0,10.56084771409271,287.8270723141373,100729.58830941346,1.219180106293364,340.1015518207501
184.0,48.784083471259216,8.236844391934195,7.332232159708005,2.2828055427546428,0.0,0.0,0.0,0.0,11.261369149744867,287.83290345743677,100740.31455221637,1.21928522959259,340.1049968942534
184.05,47.45410472868104,7.236249649837272,6.684262487861367,1.9665742550277991,0.0,0.0,0.0,0.0,10.045401350963475,287.84154831926355,100756.2182620959,1.2194410911036837,340.1101042648725
184.1,46.87422684590147,6.16413664967503,5.67772060488984,1.418754002197658,0.0,0.0,0.0,0.0,8.499762045010991,287.8453175255016,100763.15300152195,1.2195090523320276,340.1123310819138
184.15,46.37806032103555,7.366617211305219,6.931461370056969,2.3058445242517704,0.0,0.0,0.0,0.0,10.374445760256892,287.84854260791326,100769.08694654939,1.2195672049558919,340.1142364233554
184.2,45.77631996610872,7.877773264255542,6.492386401363995,2.717773028757217,0.0,0.0,0.0,0.0,10.563933122822945,287.8524539202203,100776.28389030087,1.2196377340849986,340.1165471671717
184.25,44.54348282500577,4.70616846672851,5.4277261464740905,1.7232598488903275,0.0,0.0,0.0,0.0,7.387682807561906,287.86046736163746,100791.0301869147,1.2197822429141667,340.12128133743886
184.3,44.334121142581544,5.683312350981262,5.237252822766055,0.7866933617249264,0.0,0.0,0.0,0.0,7.768380967342503,287.8618282125732,100793.53459184985,1.219806784854537,340.12208529260016
184.35,43.51257012758734,8.655033262787823,6.332915906166208,1.9898799350767775,0.0,0.0,0.0,0.0,10.90756832710929,287.86716829417065,100803.3625523161,1.219903092927171,340.12524005486324
184.4,43.12005315196285,11.486962175908996,6.79532329409689,2.9103268501452795,0.0,0.0,0.0,0.0,13.660041034957995,287.8697196545122,100808.05838530793,1.2199491086216419,340.1267473127611
184.45,42.73554786766915,13.650882144536403,7.066598094569217,2.7887230759435577,0.0,0.0,0.0,0.0,15.622431576054101,287.8722189388601,100812.65854306887,1.2199941863740822,340.1282237994367
184.5,41.735741789679174,12.195411112178892,6.286297334426764,2.5862168330156994,0.0,0.0,0.0,0.0,13.961880384792414,287.8787176783671,100824.62085360703,1.220111405320406,340.1320629893709
184.55,41.41718944883933,11.905999189038573,6.4130931439356935,3.266156071689823,0.0,0.0,0.0,0.0,13.912165749688956,287.88078826858253,100828.43245617009,1.2201487547425798,340.13328620041773
184.6,41.278535605670434,11.169349858457188,6.2738906930870915,3.735332629216774,0.0,0.0,0.0,0.0,13.344241849588682,287.8816895185631,100830.09153973647,1.220165011813373,340.1338186167688
184.65,40.46566811780398,11.844871518912106,4.801218332635892,3.843014656116269,0.0,0.0,0.0,0.0,13.346214460449023,287.88697315723425,100839.81847349252,1.2202603233186018,340.1369399266973
184.7,40.23590628047033,10.93779103149508,4.984786538949097,4.407425509268413,0.0,0.0,0.0,0.0,12.802686011431048,287.88846660917693,100842.5679869884,1.2202872647157563,340.13782217834864
184.75,39.87609929292105,11.690064670874616,4.794304339630908,4.991204735065972,0.0,0.0,0.0,0.0,13.585105476866184,287.890805354596,100846.87384649496,1.2203294558521638,340.1392037796459
184.8,39.283660446866335,10.416376291989726,5.346366834558335,5.039803114003953,0.0,0.0,0.0,0.0,12.746927034148854,287.89465620709535,100853.96396769008,1.220398927941143,340.1414786378536
184.85,38.50386772078628,10.17907160564304,6.09475989336277,4.584213158018134,0.0,0.0,0.0,0.0,12.71906471359818,287.89972485981485,100863.29689629503,1.2204903746152869,340.14447287794314
184.9,39.06621119670584,10.488865088589545,4.710768460908224,4.042714034816494,0.0,0.0,0.0,0.0,12.188156837939955,287.8960696272214,100856.56643297258,1.2204244277939265,340.14231359989816
184.95,37.65123364420192,10.433244981144492,4.974297079671579,4.27402042675275,0.0,0.0,0.0,0.0,12.32329026200818,287.90526698131265,100873.50242504259,1.2205903694297178,340.1477467833355
185.0,37.77356036775733,11.868068217864215,6.528725527834663,3.593875755432242,0.0,0.0,0.0,0.0,14.013966004923887,287.90447185760956,100872.03819468805,1.2205760228692242,340.1472770807045
185.05,37.04906169586807,12.168883724256995,7.376168542824279,3.0175083642879996,0.0,0.0,0.0,0.0,14.546303660902494,287.90918109897683,100880.71057310933,1.2206609944418374,340.150058956699
185.1,37.241157179440386,9.72090485377053,6.819614287505141,-1.1679794189989516,0.0,0.0,0.0,0.0,11.931777157222173,287.90793247833363,100878.41109706835,1.2206384644147066,340.1493213649969
185.15,36.70157557394277,10.32439490513905,7.732673734949506,0.7297198609813722,0.0,0.0,0.0,0.0,12.919747068884506,287.91143975876935,100884.87025823323,1.2207017503558795,340.1513931999348
185.2,35.845136073138036,9.445767710420913,6.401371314023015,1.2038360554140428,0.0,0.0,0.0,0.0,11.473853040175385,287.9170066155246,100895.12311290517,1.2208022047827003,340.15468165024697
185.25,35.14012919690614,10.315980367509285,6.590353650949573,1.3837865269650098,0.0,0.0,0.0,0.0,12.319378123088487,287.9215891602201,100903.5637269576,1.2208849019562449,340.1573886244684
185.3,34.70113764845247,12.213964983261448,6.471236959486042,2.8618111753349362,0.0,0.0,0.0,0.0,14.115516696225715,287.92444260528504,100908.81979182958,1.220936397747113,340.15907418410274
185.35,33.850980266598214,9.857585687745981,4.78615852393889,2.301285432419725,0.0,0.0,0.0,0.0,11.197107825192832,287.9299686282671,100918.99939348447,1.2210361299655594,340.16233843951875
185.4,33.02677870654739,11.04677646975344,6.013112179477078,2.0242248119081676,0.0,0.0,0.0,0.0,12.739163023716216,287.9353259384074,100928.86899953133,1.221132823248549,340.16550300532793
185.45,32.07860950413023,10.311515690439315,5.0949439267446435,1.7842012687524078,0.0,0.0,0.0,0.0,11.639122974617374,287.94148903822315,100940.2240536027,1.2212440673536138,340.16914351509126
185.5,31.3903650889257,10.091861615325158,4.604038529877306,0.5524187829364344,0.0,0.0,0.0,0.0,11.106214843915504,287.945962626922,100948.46695674583,1.2213248205971468,340.1717860153619
185.55,31.01220998965472,11.058336163217762,5.775291405155671,0.35965644858817547,0.0,0.0,0.0,0.0,12.480790931435626,287.94842063506724,100952.99624236976,1.2213691921124221,340.1732379253466
185.6,30.255254702659588,10.794677923795833,5.537895828758626,-0.08986872682658775,0.0,0.0,0.0,0.0,12.13265997531987,287.9533408444327,100962.06303441024,1.221458014540661,340.17614420348787
185.65,29.5833319962402,9.663236302874362,3.8293376897184013,-0.7585832065693432,0.0,0.0,0.0,0.0,10.421967734951776,287.95770834202443,100970.11186068515,1.2215368632405745,340.17872398403955
185.7,28.779073793254376,9.019054264141369,3.1598562628747673,-0.5859243028941228,0.0,0.0,0.0,0.0,9.574515063974648,287.9629360203438,100979.74659026804,1.2216312463492232,340.18181182787475
185.75,27.426973284533013,10.883453064272194,3.3923432647618124,-0.4531992022250695,0.0,0.0,0.0,0.0,11.40889709591107,287.9717246736505,100995.94595522317,1.2217899336480966,340.18700297718595
185.8,27.050521419097088,9.00634827038909,2.891363969038599,-1.630001268955779,0.0,0.0,0.0,0.0,9.598499825795313,287.97417161077584,101000.45655739341,1.221834118177147,340.18844828303986
185.85,26.315145365514837,11.223666406223073,3.930971279563913,-0.40290197380619747,0.0,0.0,0.0,0.0,11.898972762362037,287.9789515551241,101009.2682177098,1.2219204335206895,340.19127158329286
185.9,25.921874506509564,11.067444501240324,4.156895326161932,-0.2631740761443149,0.0,0.0,0.0,0.0,11.825285076270085,287.9815078157077,101013.98085020045,1.2219665959119568,340.19278144296135
185.95,26.075152289062544,11.0817462672405,5.38983010541648,-0.8880777584965055,0.0,0.0,0.0,0.0,12.354920113132613,287.98051151012106,101012.14407493977,1.221948603906687,340.19219297416623
186.0,26.434293097231894,10.78721761096969,5.575027796840941,-0.671606405631104,0.0,0.0,0.0,0.0,12.161252151240369,287.978177094868,101007.8404850429,1.2219064481451556,340.1908141457006
186.05,26.618045691677704,10.53339189245586,7.173027307995769,0.929532014777986,0.0,0.0,0.0,0.0,12.7776639213827,287.97698270300407,101005.63863225743,1.221884879791321,340.1901086728658
186.1,26.287329305617973,8.64365395732889,5.472300839251783,-0.299902189695615,0.0,0.0,0.0,0.0,10.234684730498902,287.97913235951347,101009.60153649935,1.221923698544192,340.19137837593365
186.15,26.127112345035606,8.71511189541603,5.783217530904476,2.1786029422209054,0.0,0.0,0.0,0.0,10.683870606631121,287.98017376975724,101011.52142759346,1.2219425047934618,340.1919934872841
186.2,25.574613111228004,8.594528796027593,6.488586000286171,1.6724191967281068,0.0,0.0,0.0,0.0,10.897919961095415,287.983765014777,101018.14229136753,1.2220073587913745,340.1941146558659
186.25,25.555708877273975,7.325244460215666,6.0644053115454675,1.8212176858619726,0.0,0.0,0.0,0.0,9.682615971106033,287.9838878922977,101018.36883610293,1.222009577872986,340.19418723322957
186.3,24.28505936099493,8.979225687413667,5.560798478937594,3.1936653382827065,0.0,0.0,0.0,0.0,11.033969003119978,287.9921471141535,101033.59700080802,1.2221587406793086,340.19906549072834
186.35,23.570834561302693,8.313218600826104,4.9374275494272375,1.8220423109198758,0.0,0.0,0.0,0.0,9.839086974600153,287.9967895753515,101042.1574808135,1.222242590351569,340.20180750055766
186.4,22.201429235743333,8.556600178271829,4.522983839618424,2.5287943271757163,0.0,0.0,0.0,0.0,10.003378937809314,288.00569070996767,101058.5723968031,1.2224033702332693,340.20706477910585
186.45,21.676553962370704,7.470787577431378,4.389000450436189,1.0750473288864213,0.0,0.0,0.0,0.0,8.731077753655496,288.00910239924457,101064.86459328535,1.222464999362643,340.20907980414694
186.5,21.121140479175374,9.07474312590726,6.4459133568181635,2.0772927503055225,0.0,0.0,0.0,0.0,11.323246309044052,288.01271258688536,101071.52322679471,1.222530216776733,340.2112120540586
186.55,20.452523416839508,9.41153359788818,6.6385511759657945,1.263683916863187,0.0,0.0,0.0,0.0,11.586380945827456,288.01705859779054,101079.53948464432,1.222608730241381,340.21377887836064
186.6,20.62345992875289,7.772198700323227,6.972022011511447,-0.2770226925819035,0.0,0.0,0.0,0.0,10.444754910408932,288.0159475104631,101077.49002467174,1.22258865737166,340.2131226540649
186.65,20.66949432960157,5.012337955518063,7.351902018147479,-2.068823131440974,0.0,0.0,0.0,0.0,9.135317411779036,288.0156482868576,101076.93809648637,1.2225832516502344,340.2129459280459
186.7,20.362189766854414,7.0563675083917845,6.898000900933293,-1.2246797971064738,0.0,0.0,0.0,0.0,9.943569753775781,288.01764576651544,101080.62256233614,1.2226193381154558,340.2141256682173
186.75,19.545259470045117,6.073518486755889,7.360011446975775,-1.9961282374264488,0.0,0.0,0.0,0.0,9.748944724883366,288.0229558134447,101090.41777743501,1.2227152733796929,340.217261838298
186.8,18.892110781635342,6.479873498781761,7.748294025264905,-0.7204200310898979,0.0,0.0,0.0,0.0,10.126392540454155,288.0272012799193,101098.24975967588,1.2227919792829949,340.2197692350654
186.85,18.62774537655491,5.926135642629268,6.641845351390029,-2.2776507023349084,0.0,0.0,0.0,0.0,9.188083916055025,288.0289196550524,101101.41993581751,1.2228230274518468,340.22078411198794
186.9,17.902928620387446,6.129527035278241,7.777829955004405,-3.476561315964483,0.0,0.0,0.0,0.0,10.49534273231853,288.0336309639675,101110.11209408545,1.2229081560293509,340.22356660803143
186.95,18.078631899013402,7.289478638748665,7.123996878216524,-3.4711052687616193,0.0,0.0,0.0,0.0,10.767376752600262,288.0324888926564,101108.00496705549,1.222887519541868,340.22289210353233
187.0,17.36702281711237,7.874105189955955,6.459256081548165,-1.9805153107402438,0.0,0.0,0.0,0.0,10.37525722888762,288.03711435168873,101116.53918071321,1.2229711002305812,340.22562387996754
187.05,16.665444012485533,9.67738488275747,6.764806638589026,-0.5046345908344473,0.0,0.0,0.0,0.0,11.818165809328775,288.0416746139188,101124.95367387202,1.223053507110403,340.22831712997606
187.1,16.04139913841458,10.406989079568952,8.073046564629433,-1.5333516783530943,0.0,0.0,0.0,0.0,13.260115757656521,288.0457309056003,101132.4387283827,1.2231268104871003,340.230712721579
187.15,15.024200720734003,11.754736977657432,7.466752194851483,-0.06801161146506482,0.0,0.0,0.0,0.0,13.925905907068326,288.0523426953152,101144.64039207454,1.2232463028148866,340.2346175199789
187.2,14.561341915595706,13.968345086985693,6.688606904036878,-0.3077748726089863,0.0,0.0,0.0,0.0,15.490217950631186,288.0553512775486,101150.19294580488,1.2233006787186742,340.2363943171107
187.25,14.24182673056634,12.624020956102632,6.389601006981799,-1.1261525239037202,0.0,0.0,0.0,0.0,14.1937002094463,288.0574281262513,101154.02606265216,1.223338215924649,340.2376208491598
187.3,13.470799079026559,12.668287292894084,6.826035039705514,-0.6758232992493625,0.0,0.0,0.0,0.0,14.406144329083943,288.0624398059863,101163.27630797744,1.2234288012382815,340.24058059677674
187.35,12.693908060224192,15.939625970925974,7.829627271191599,0.14343211473249956,0.0,0.0,0.0,0.0,17.759372513417855,288.0674895976085,101172.597590629,1.223520080608368,340.24356282608926
187.4,12.229457093347564,15.190155882872107,7.059604818819856,1.3194422882784491,0.0,0.0,0.0,0.0,16.802374352928698,288.07050852889324,101178.170491699,1.2235746529021316,340.2453456882347
187.45,11.305675142603057,15.224610819912067,6.067372583437485,0.15754836965952018,0.0,0.0,0.0,0.0,16.3898324022186,288.07651311157304,101189.25559853914,1.2236832014345331,340.24889173096193
187.5,10.613891632809967,14.92268616095547,6.784921090170593,-0.9232768290974356,0.0,0.0,0.0,0.0,16.41871360860411,288.0810097043867,101197.55743749547,1.2237644939311578,340.2515471969259
187.55,10.333623078136249,15.559772526812226,8.12028510106195,0.511226002063075,0.0,0.0,0.0,0.0,17.558670315085212,288.0828314499921,101200.92099411109,1.223797429876767,340.2526230241412
187.6,9.916419646004647,13.182597639916528,6.335262656198299,-0.9214624627767607,0.0,0.0,0.0,0.0,14.654880638519721,288.0855432723009,101205.92810009797,1.2238464590716542,340.25422447758024
187.65,9.070974687389473,13.530560849270808,7.220919767315785,0.8165611161215104,0.0,0.0,0.0,0.0,15.358532847840427,288.09103866453194,101216.0754019367,1.2239458192517612,340.2574697315482
187.7,8.605952751168653,14.308671770106825,6.528991302982501,0.5021950052969535,0.0,0.0,0.0,0.0,15.735883041075843,288.0940613071174,101221.65709569637,1.2240004731792002,340.2592547124784
187.75,8.180844066400656,11.20879362248808,6.291331683086184,-0.3122760084762272,0.0,0.0,0.0,0.0,12.857504622733112,288.0968245135684,101226.75992572714,1.2240504377443948,340.2608864786955
187.8,7.7605466489597505,11.916403192386,5.983802339141929,1.4076098296441986,0.0,0.0,0.0,0.0,13.408501814518228,288.0995564467817,101231.80520805834,1.2240998383578439,340.26249976932246
187.85,7.651940374232675,9.403755139942106,5.707737664175404,2.17363227751802,0.0,0.0,0.0,0.0,11.213097576178594,288.10026238756745,101233.10895918883,1.2241126038914905,340.2629166478353
187.9,7.776044631589444,7.268264024327796,6.203222329362144,2.5969324138101184,0.0,0.0,0.0,0.0,9.90210518812704,288.09945570989464,101231.61916547439,1.224098016740102,340.2624402812267
187.95,7.814480653744967,5.712369407490817,6.769626544854968,1.211675895513044,0.0,0.0,0.0,0.0,8.940199454162604,288.0992058757506,101231.15776875366,1.2240934990165468,340.26229274676894
188.0,8.024720950112693,8.19883867589138,8.214761203930525,0.804512969835621,0.0,0.0,0.0,0.0,11.634023310511637,288.09783931382424,101228.63401578114,1.2240687878521102,340.26148575036603
188.05,7.300272317123641,10.412056681301816,8.097298047925918,-2.6051877721224126,0.0,0.0,0.0,0.0,13.444856389697987,288.1025482299387,101237.3306099167,1.2241539394986716,340.264266500562
188.1,6.1690168826102285,11.685865984382612,8.61454227162706,-5.28921542517006,0.0,0.0,0.0,0.0,15.45139482922034,288.109901390263,101250.9118984498,1.224286916254176,340.26860870745185
188.15,5.161771329899802,9.617069030352056,8.453571527996486,-7.504045302784563,0.0,0.0,0.0,0.0,14.841212356804029,288.11644848635564,101263.00562775067,1.2244053252023712,340.27247486861427
188.2,4.127560638827981,6.056127177716327,5.414397155828935,-9.084088195185558,0.0,0.0,0.0,0.0,12.186592275596668,288.1231708558476,101275.42433733305,1.224526913212248,340.2764444857144
188.25,3.1104890235923017,4.694294887198335,2.022202748857517,-9.462153619893822,0.0,0.0,0.0,0.0,10.754443712806957,288.1297818213466,101287.6384451472,1.2246464952581702,340.28034827263326
188.3,2.1195184281666566,6.665162714779193,2.3440522894973546,-8.397404249049977,0.0,0.0,0.0,0.0,10.974305138474287,288.1362231302169,101299.54025062299,1.2247630170733175,340.28415183393463
188.35,1.4504317294234426,7.912804102862007,1.6827395404561907,-8.489856612555222,0.0,0.0,0.0,0.0,11.72696663391826,288.1405721937587,101307.57679014755,1.2248416954419776,340.2867199105863
188.4,0.43696104379528766,10.669858643947917,3.2357520750556397,-6.469250501207239,0.0,0.0,0.0,0.0,12.890584820729705,288.1471597532153,101319.7507806176,1.2249608775264866,340.2906097588128
188.45,-0.5351908959397469,13.374697866352175,0.5379917625316486,-4.2335260204956695,0.0,0.0,0.0,0.0,14.039042728012877,288.15,101325.0,1.2250122659906946,340.29228686527705
188.5,-1.6094058015917727,12.561943283827508,3.5877698616678004,-3.3222544118860164,0.0,0.0,0.0,0.0,13.480055119460266,288.15,101325.0,1.2250122659906946,340.29228686527705
188.55,-2.518584321105583,11.97440597848091,3.0083193170461797,-3.2780157135305354,0.0,0.0,0.0,0.0,12.7742620400924,288.15,101325.0,1.2250122659906946,340.29228686527705
188.6,-3.094686322742153,11.482172271750715,2.0319510054120666,-3.8450175298413973,0.0,0.0,0.0,0.0,12.278162108855858,288.15,101325.0,1.2250122659906946,340.29228686527705
188.65,-3.6138375211689087,12.74215143423489,1.5577294891350986,-3.928181039270882,0.0,0.0,0.0,0.0,13.424587539719148,288.15,101325.0,1.2250122659906946,340.29228686527705
188.7,-4.0163858834648085,10.898908235111996,0.6626577931160147,-2.8979023516004476,0.0,0.0,0.0,0.0,11.297041829947382,288.15,101325.0,1.2250122659906946,340.29228686527705
188.75,-4.55156191333556,9.75709637772992,0.9206981461968272,-3.2798473648768565,0.0,0.0,0.0,0.0,10.334699489468004,288.15,101325.0,1.2250122659906946,340.29228686527705
188.8,-4.659803046169329,9.672798575171154,0.9122110645447206,-2.7650014104882943,0.0,0.0,0.0,0.0,10.101504546458075,288.15,101325.0,1.2250122659906946,340.29228686527705
188.85,-5.468267972081036,9.360208412964514,1.483326705852663,-3.436596295773893,0.0,0.0,0.0,0.0,10.080870684149966,288.15,101325.0,1.2250122659906946,340.29228686527705
188.9,-5.806277471747119,12.3274477380875,3.118066992335276,-1.2116207755414266,0.0,0.0,0.0,0.0,12.773266395393662,288.15,101325.0,1.2250122659906946,340.29228686527705
188.95,-6.659644250328955,11.36920577869896,1.978801552810181,-1.8644042158613412,0.0,0.0,0.0,0.0,11.68976042115181,288.15,101325.0,1.2250122659906946,340.29228686527705
189.0,-7.092585787757636,12.065693158588697,2.72948618020186,-1.604894588352766,0.0,0.0,0.0,0.0,12.47424277641136,288.15,101325.0,1.2250122659906946,340.29228686527705
189.05,-7.236645590865456,12.2345824522592,4.861193191390206,1.2403716904923696,0.0,0.0,0.0,0.0,13.223264685988937,288.15,101325.0,1.2250122659906946,340.29228686527705
189.1,-6.491040340194365,10.600710622013146,6.49460741429953,0.6715078787809301,0.0,0.0,0.0,0.0,12.450137107229047,288.15,101325.0,1.2250122659906946,340.29228686527705
189.15,-5.954758945154814,12.34188930304066,5.497540348696918,2.027303911879702,0.0,0.0,0.0,0.0,13.662179277303562,288.15,101325.0,1.2250122659906946,340.29228686527705
189.2,-5.971325685994753,11.412193148233818,7.548851005546426,-0.3712265589720455,0.0,0.0,0.0,0.0,13.687991566136372,288.15,101325.0,1.2250122659906946,340.29228686527705
189.25,-6.678232220036422,14.427714984039877,6.2870728002584775,2.576305391174907,0.0,0.0,0.0,0.0,15.947526250959289,288.15,101325.0,1.2250122659906946,340.29228686527705
189.3,-7.058413550212146,6.494403798824584,8.281905311415855,-4.851831484822586,0.0,0.0,0.0,0.0,11.589111486501503,288.15,101325.0,1.2250122659906946,340.29228686527705
189.35,-8.612042301807097,22.657573497576262,4.632867432869542,7.05520746602467,0.0,0.0,0.0,0.0,24.178607276625005,288.15,101325.0,1.2250122659906946,340.29228686527705
189.4,-9.844112876885863,5.785872585623354,9.1968248338219,-13.027573597618957,0.0,0.0,0.0,0.0,16.963949494220078,288.15,101325.0,1.2250122659906946,340.29228686527705
189.45,-11.271970306623212,94.17484231826288,-11.082103916933896,67.65052533447354,0.0,0.0,0.0,0.0,116.48307830292623,288.15,101325.0,1.2250122659906946,340.29228686527705
189.5,-12.356198458089015,6.288600860186343,-38.131817242322725,54.220311767995376,0.0,0.0,0.0,0.0,66.58396349872284,288.15,101325.0,1.2250122659906946,340.29228686527705
189.55,-12.988671240563558,-9.78790300331076,-0.5675382630232755,-6.426176120006244,0.0,0.0,0.0,0.0,11.722665413955726,288.15,101325.0,1.2250122659906946,340.29228686527705
189.6,-13.384548317048468,11.302639926241532,-7.755887623614613,13.322863396598747,0.0,0.0,0.0,0.0,19.115495055499824,288.15,101325.0,1.2250122659906946,340.29228686527705
189.65,-13.255952516023651,-0.7478571516723598,-3.136015949099262,3.51789543501912,0.0,0.0,0.0,0.0,4.771737067781586,288.15,101325.0,1.2250122659906946,340.29228686527705
189.7,-12.894736510824668,6.8588793046442476,-6.107898139610851,9.233286603417163,0.0,0.0,0.0,0.0,13.023218745777932,288.15,101325.0,1.2250122659906946,340.29228686527705
189.75,-12.355978450489308,2.090685362031964,-4.2800625356597815,5.618585533716686,0.0,0.0,0.0,0.0,7.366030409376789,288.15,101325.0,1.2250122659906946,340.29228686527705
189.8,-11.88297129199533,4.809290185883512,-5.716132501799186,7.8084450652662944,0.0,0.0,0.0,0.0,10.806260093457034,288.15,101325.0,1.2250122659906946,340.29228686527705
189.85,-12.092198539871276,3.45252835071598,-4.749676339018392,6.78216466911184,0.0,0.0,0.0,0.0,8.970904911817852,288.15,101325.0,1.2250122659906946,340.29228686527705
189.9,-12.002769637831843,4.668401079776535,-4.891945692768566,7.661094577664236,0.0,0.0,0.0,0.0,10.218486748563702,288.15,101325.0,1.2250122659906946,340.29228686527705
189.95,-11.61002852511548,4.168377097683434,-4.626869687199304,7.419208891403793,0.0,0.0,0.0,0.0,9.686482917194487,288.15,101325.0,1.2250122659906946,340.29228686527705
190.0,-12.024862574616066,4.447754038512981,-4.511258009441592,7.5548000643783935,0.0,0.0,0.0,0.0,9.85946087915517,288.15,101325.0,1.2250122659906946,340.29228686527705
190.05,-12.24925246657214,4.050258644683804,-5.0642808897931815,7.239332807188344,0.0,0.0,0.0,0.0,9.719026469394647,288.15,101325.0,1.2250122659906946,340.29228686527705
190.1,-11.896342654172017,3.6094511120298955,-5.3332205537656305,6.703243904602922,0.0,0.0,0.0,0.0,9.295421327182446,288.15,101325.0,1.2250122659906946,340.29228686527705
190.15,-12.611389521719897,3.826885633135991,-5.397633204089617,7.015107537781047,0.0,0.0,0.0,0.0,9.643196131035907,288.15,101325.0,1.2250122659906946,340.29228686527705
190.2,-11.682048051236247,3.004486826255998,-5.699698527430215,6.036436095718303,0.0,0.0,0.0,0.0,8.82904667166432,288.15,101325.0,1.2250122659906946,340.29228686527705
190.25,-12.99005250567351,3.5922334383390524,-6.01969278310064,7.035084221652777,0.0,0.0,0.0,0.0,9.931427504854629,288.15,101325.0,1.2250122659906946,340.29228686527705
190.3,-8.343287646281865,1.6340035615796162,-4.656592732940658,3.834559071013876,0.0,0.0,0.0,0.0,6.249613331145009,288.15,101325.0,1.2250122659906946,340.29228686527705
