time,baro_altitude,accl_x,accl_y,accl_z,gps_altitude,gyro_roll,gyro_pitch,gyro_yaw,At,T,P,rho,a
0.0,0.055869272570816905,-5.596842249633462,-2.1021111525693383,-4.285127405719109,0.0,0.0,0.0,0.0,7.355666614813611,288.14963684972827,101324.3288293373,1.2250056954363289,340.2920724330796
0.05,-0.21353994079513267,-7.698981785558938,-2.4084668374959564,-5.742254049172688,0.0,0.0,0.0,0.0,9.901944991107868,288.15,101325.0,1.2250122659906946,340.29228686527705
0.1,-0.3528210235477351,-6.847893410617324,-2.1077845452072883,-5.090013394331416,0.0,0.0,0.0,0.0,8.78889277478478,288.15,101325.0,1.2250122659906946,340.29228686527705
0.15,-0.3424349373146953,-6.912487306017465,-1.8454885267304735,-4.95178940675322,0.0,0.0,0.0,0.0,8.701064704217515,288.15,101325.0,1.2250122659906946,340.29228686527705
0.2,-0.47085472741227724,-7.486055563092489,-2.620364727856486,-5.625304448331188,0.0,0.0,0.0,0.0,9.723753870657003,288.15,101325.0,1.2250122659906946,340.29228686527705
0.25,-0.42087663790153595,-8.190006471643594,-3.191734621778639,-6.259790033846074,0.0,0.0,0.0,0.0,10.791123536002312,288.15,101325.0,1.2250122659906946,340.29228686527705
0.3,-0.5722302002561928,-7.2720895841915825,-2.382004084779787,-5.493595943597453,0.0,0.0,0.0,0.0,9.420022652410433,288.15,101325.0,1.2250122659906946,340.29228686527705
0.35,-0.058248248745964126,-8.056612048017993,-3.160812146313989,-6.3590784530885465,0.0,0.0,0.0,0.0,10.739534900967069,288.15,101325.0,1.2250122659906946,340.29228686527705
0.4,-0.5202635482950292,-7.054184782779963,-2.1530735110376216,-5.261844780512948,0.0,0.0,0.0,0.0,9.060036367904248,288.15,101325.0,1.2250122659906946,340.29228686527705
0.45,-0.16809039666058667,-8.467399379719295,-3.4905980923724105,-6.613141576995121,0.0,0.0,0.0,0.0,11.296670696073518,288.15,101325.0,1.2250122659906946,340.29228686527705
0.5,-0.35776456599483886,-7.360984080088556,-2.428411041508399,-5.469653488466017,0.0,0.0,0.0,0.0,9.486747392954317,288.15,101325.0,1.2250122659906946,340.29228686527705
0.55,-0.45018360456079154,-6.82945460911793,-1.8188228164737508,-4.884962029542615,0.0,0.0,0.0,0.0,8.591415525150715,288.15,101325.0,1.2250122659906946,340.29228686527705
0.6,0.027530002551328536,-6.816436027728471,-1.8744693850455458,-5.0446509769542995,0.0,0.0,0.0,0.0,8.684810825508734,288.1498210549834,101324.66927517865,1.2250090282974446,340.2921812022224
0.65,-0.31361812080148865,-8.354776613228776,-3.412470001291076,-6.520001795127772,0.0,0.0,0.0,0.0,11.133627763453177,288.15,101325.0,1.2250122659906946,340.29228686527705
0.7,-0.15455694711836115,-7.171784804853625,-2.2642342355530354,-5.371366416381893,0.0,0.0,0.0,0.0,9.241906250315195,288.15,101325.0,1.2250122659906946,340.29228686527705
0.75,-0.24852905373141457,-7.627944471465202,-2.735650724446821,-5.796238855661697,0.0,0.0,0.0,0.0,9.963217683951575,288.15,101325.0,1.2250122659906946,340.29228686527705
0.8,-0.35124734312557643,-7.4922328391676585,-2.511706022408744,-5.661142359923421,0.0,0.0,0.0,0.0,9.720635415374138,288.15,101325.0,1.2250122659906946,340.29228686527705
0.85,-0.12267084349582219,-7.067127051535535,-2.0577033193775134,-5.166319065832003,0.0,0.0,0.0,0.0,8.992734867830912,288.15,101325.0,1.2250122659906946,340.29228686527705
0.9,-0.21954626683347928,-8.098169929253089,-3.1766709234799384,-6.304725841370195,0.0,0.0,0.0,0.0,10.743424141956929,288.15,101325.0,1.2250122659906946,340.29228686527705
0.95,-0.4031618368875075,-7.614629243383221,-2.644011478911079,-5.793134261947307,0.0,0.0,0.0,0.0,9.92641827608268,288.15,101325.0,1.2250122659906946,340.29228686527705
1.0,-0.5497852360438072,-7.297345981337875,-2.306308735764445,-5.462121188924115,0.0,0.0,0.0,0.0,9.402397898329191,288.15,101325.0,1.2250122659906946,340.29228686527705
1.05,0.017721793907098105,-6.60925762547719,-1.5988304217187688,-4.818521635269437,0.0,0.0,0.0,0.0,8.334068383862798,288.1498848083396,101324.7871035474,1.2250101818007977,340.2922188471659
1.1,0.10190188071214318,-7.737730709518679,-2.8244325647279505,-5.903174545688846,0.0,0.0,0.0,0.0,10.133970868449982,288.1493376377754,101323.77583153434,1.2250002817516934,340.2918957549427
1.15,-0.27573750259571883,-7.456033239536343,-2.4573604934567386,-5.704530863808831,0.0,0.0,0.0,0.0,9.704263219844167,288.15,101325.0,1.2250122659906946,340.29228686527705
1.2,-0.43957719253869054,-6.997163125751717,-1.9793127322617248,-5.211183880699607,0.0,0.0,0.0,0.0,8.946195176662329,288.15,101325.0,1.2250122659906946,340.29228686527705
1.25,-0.6646938473706412,-7.233991521308881,-2.301454038002135,-5.363951508320434,0.0,0.0,0.0,0.0,9.2951223662208,288.15,101325.0,1.2250122659906946,340.29228686527705
1.3,0.049364515949101295,-6.863025597082612,-1.866295863905851,-4.9982769920858745,0.0,0.0,0.0,0.0,8.692925484982501,288.1496791306463,101324.40697231755,1.2250064604324982,340.2920973990328
1.35,0.07512635631481568,-7.275455591167644,-2.25723725371655,-5.393330784302593,0.0,0.0,0.0,0.0,9.333562611753583,288.14951167868395,101324.09749031223,1.225003430696504,340.29199852231716
1.4,-0.3035596481798999,-7.864046926555989,-2.9107085512605453,-5.955337128128944,0.0,0.0,0.0,0.0,10.285013303011672,288.15,101325.0,1.2250122659906946,340.29228686527705
1.45,-0.26598659185176277,-7.211222020935966,-2.280405669694981,-5.344809220750266,0.0,0.0,0.0,0.0,9.261153203560875,288.15,101325.0,1.2250122659906946,340.29228686527705
1.5,-0.5273393280879859,-7.864349637525836,-2.87076013765864,-5.93752717787426,0.0,0.0,0.0,0.0,10.263697578222873,288.15,101325.0,1.2250122659906946,340.29228686527705
1.55,-0.4610151681697865,-7.491737744054231,-2.536947113014283,-5.6508067867334635,0.0,0.0,0.0,0.0,9.720794845119984,288.15,101325.0,1.2250122659906946,340.29228686527705
1.6,-0.1556298806830123,-7.237127154801462,-2.2761545550445508,-5.362970512797766,0.0,0.0,0.0,0.0,9.29076647722636,288.15,101325.0,1.2250122659906946,340.29228686527705
1.65,0.10822628201457082,-8.518942874488603,-3.5256447832805327,-6.668028125653706,0.0,0.0,0.0,0.0,11.378275700701854,288.14929652916686,101323.69985558205,1.2249995379691931,340.29187148119814
1.7,0.19278228594278604,-8.47736608707823,-3.461366739122025,-6.626381356421044,0.0,0.0,0.0,0.0,11.30290782753574,288.1487469151414,101322.68407644666,1.2249895937763717,340.2915469458327
1.75,-0.1586879285959306,-7.553684786936035,-2.5943010213135445,-5.7804849354681656,0.0,0.0,0.0,0.0,9.85913575009249,288.15,101325.0,1.2250122659906946,340.29228686527705
1.8,-0.1545811762241666,-8.224539654339669,-3.301152362491764,-6.394761295431129,0.0,0.0,0.0,0.0,10.928569507110007,288.15,101325.0,1.2250122659906946,340.29228686527705
1.85,-0.23900700118331086,-8.148199369136687,-3.2002962090470968,-6.328447854194281,0.0,0.0,0.0,0.0,10.802050778814962,288.15,101325.0,1.2250122659906946,340.29228686527705
1.9,-0.2612044962875212,-8.013549110625137,-3.017992257591495,-6.14132749932423,0.0,0.0,0.0,0.0,10.53760646775344,288.15,101325.0,1.2250122659906946,340.29228686527705
1.95,-0.25874053996365187,-6.6624588558658715,-1.6386127451961858,-4.8260099330840704,0.0,0.0,0.0,0.0,8.38831220264548,288.15,101325.0,1.2250122659906946,340.29228686527705
2.0,-0.17809219993146647,-7.760677933865396,-2.809227843940261,-5.823418485307904,0.0,0.0,0.0,0.0,10.101093303567703,288.15,101325.0,1.2250122659906946,340.29228686527705
2.05,-0.532205316858774,-7.768059248739135,-2.857999896740254,-5.973470974720932,0.0,0.0,0.0,0.0,10.20751014633453,288.15,101325.0,1.2250122659906946,340.29228686527705
2.1,-0.37532967965615677,-7.945922913537485,-2.9937081597076594,-6.143226543412871,0.0,0.0,0.0,0.0,10.480420404596025,288.15,101325.0,1.2250122659906946,340.29228686527705
2.15,-0.18235507486883434,-8.366775177595738,-3.486592181553272,-6.546418480123856,0.0,0.0,0.0,0.0,11.181003838198418,288.15,101325.0,1.2250122659906946,340.29228686527705
2.2,-0.2819719766727405,-7.858681572763594,-2.9384264267115343,-6.017348910855897,0.0,0.0,0.0,0.0,10.324810595951357,288.15,101325.0,1.2250122659906946,340.29228686527705
2.25,-0.6862381967859388,-7.966528500234736,-3.0715834371355726,-6.128491343686135,0.0,0.0,0.0,0.0,10.509928986723638,288.15,101325.0,1.2250122659906946,340.29228686527705
2.3,-0.434078741750476,-6.595141341469386,-1.6248464164479468,-4.70058857402006,0.0,0.0,0.0,0.0,8.260238987657093,288.15,101325.0,1.2250122659906946,340.29228686527705
2.35,-0.4362096599393726,-7.366249707778584,-2.395740719079498,-5.52378770369361,0.0,0.0,0.0,0.0,9.513855104313937,288.15,101325.0,1.2250122659906946,340.29228686527705
2.4,-0.36381791346591896,-8.104598666116297,-3.1379961579408295,-6.2554700776046195,0.0,0.0,0.0,0.0,10.70805516038614,288.15,101325.0,1.2250122659906946,340.29228686527705
2.45,-0.28778714956655893,-7.098603225215296,-2.1124260160815496,-5.227788931724151,0.0,0.0,0.0,0.0,9.065444751202927,288.15,101325.0,1.2250122659906946,340.29228686527705
2.5,0.22741521637315248,-7.907254452044014,-2.935284651599418,-6.077629751016228,0.0,0.0,0.0,0.0,10.396064271911875,288.1485218010936,101322.26803021433,1.2249855207949776,340.2914140206971
2.55,0.440974340586035,-7.374423189096609,-2.3854183307236143,-5.489031988351263,0.0,0.0,0.0,0.0,9.497463353631929,288.14713366678615,101319.70256984532,1.2249604055534775,340.2905943552824
2.6,-0.5354353244444434,-7.592330025843064,-2.6716505273218623,-5.768793479448284,0.0,0.0,0.0,0.0,9.902533512691706,288.15,101325.0,1.2250122659906946,340.29228686527705
2.65,-0.24062495467138073,-7.956924342219076,-2.9435297813017143,-6.057630900965529,0.0,0.0,0.0,0.0,10.424581751492049,288.15,101325.0,1.2250122659906946,340.29228686527705
2.7,-0.18273198904657617,-8.02944307390429,-3.099777097751329,-6.218023185260104,0.0,0.0,0.0,0.0,10.61811595647954,288.15,101325.0,1.2250122659906946,340.29228686527705
2.75,-0.05163326707806851,-7.635619033993528,-2.647219867628757,-5.759954530872536,0.0,0.0,0.0,0.0,9.924088233060594,288.15,101325.0,1.2250122659906946,340.29228686527705
2.8,-0.19149302743388136,-6.83859254802181,-1.8352926069602515,-4.983584789070888,0.0,0.0,0.0,0.0,8.658565951754431,288.15,101325.0,1.2250122659906946,340.29228686527705
2.85,-0.2620435530103106,-7.464982327430763,-2.499314668898899,-5.582871736743681,0.0,0.0,0.0,0.0,9.650958076375538,288.15,101325.0,1.2250122659906946,340.29228686527705
2.9,-0.5320213802652404,-8.37050354646044,-3.423263745150258,-6.582026139341807,0.0,0.0,0.0,0.0,11.18512996746778,288.15,101325.0,1.2250122659906946,340.29228686527705
2.95,-0.5930514727618157,-7.377026267332335,-2.43793770428518,-5.611036969535436,0.0,0.0,0.0,0.0,9.583725406770581,288.15,101325.0,1.2250122659906946,340.29228686527705
3.0,-0.6175476076143357,-7.670241026984517,-2.680394079980006,-5.767056929532886,0.0,0.0,0.0,0.0,9.96373702305022,288.15,101325.0,1.2250122659906946,340.29228686527705
3.05,-0.31091003875479306,-7.23794229786573,-2.298139823994218,-5.3966292721621585,0.0,0.0,0.0,0.0,9.316268719772927,288.15,101325.0,1.2250122659906946,340.29228686527705
3.1,-0.4261591831022483,-7.094978541035093,-2.1462783991219188,-5.2565205140178985,0.0,0.0,0.0,0.0,9.087146932815426,288.15,101325.0,1.2250122659906946,340.29228686527705
3.15,0.19364518792932636,-6.932703326839811,-1.9110272204752206,-5.10525130882083,0.0,0.0,0.0,0.0,8.819183147071492,288.14874130627845,101322.67371036735,1.224989492295265,340.2915436339171
3.2,-0.28041241195087296,-7.456022919472964,-2.548585129714142,-5.626711793607589,0.0,0.0,0.0,0.0,9.682326659818338,288.15,101325.0,1.2250122659906946,340.29228686527705
3.25,-0.549355595257364,-8.130648254281525,-3.225343246769081,-6.277676144023779,0.0,0.0,0.0,0.0,10.7665917477898,288.15,101325.0,1.2250122659906946,340.29228686527705
3.3,-0.5784289282443755,-7.816730381524743,-2.8028281932532084,-5.907881971593229,0.0,0.0,0.0,0.0,10.191181929914865,288.15,101325.0,1.2250122659906946,340.29228686527705
3.35,-0.26493827833938743,-7.316990778261082,-2.3592226381187835,-5.488745052775297,0.0,0.0,0.0,0.0,9.446195411896536,288.15,101325.0,1.2250122659906946,340.29228686527705
3.4,-0.5058751838759161,-7.119903435958712,-2.155370969449247,-5.292703709670965,0.0,0.0,0.0,0.0,9.129696682348547,288.15,101325.0,1.2250122659906946,340.29228686527705
3.45,-0.5266195154140181,-7.70506158363635,-2.6880787377896347,-5.857770467938969,0.0,0.0,0.0,0.0,10.045258392059576,288.15,101325.0,1.2250122659906946,340.29228686527705
3.5,-0.5260076036424948,-7.46316189816549,-2.469772498476584,-5.622635992914665,0.0,0.0,0.0,0.0,9.665019256125664,288.15,101325.0,1.2250122659906946,340.29228686527705
3.55,-0.6778103712324262,-7.6718958256976295,-2.759935014005715,-5.841912122949225,0.0,0.0,0.0,0.0,10.030112865474274,288.15,101325.0,1.2250122659906946,340.29228686527705
3.6,-1.2670718567594463,-8.161935709902094,-3.250494652677155,-6.364875199764102,0.0,0.0,0.0,0.0,10.848711735880435,288.15,101325.0,1.2250122659906946,340.29228686527705
3.65,-0.8147346471771904,-6.796025927086794,-1.7914946742293405,-4.974440582599533,0.0,0.0,0.0,0.0,8.610486669128592,288.15,101325.0,1.2250122659906946,340.29228686527705
3.7,-0.4474606703230521,-7.0534927492428885,-2.0473260219663194,-5.198438312987048,0.0,0.0,0.0,0.0,8.998170074952688,288.15,101325.0,1.2250122659906946,340.29228686527705
3.75,-0.35603106428450376,-7.366120244083353,-2.4310442911671597,-5.523237170707484,0.0,0.0,0.0,0.0,9.522386919244346,288.15,101325.0,1.2250122659906946,340.29228686527705
3.8,-0.08482976248370035,-7.166769578565938,-2.2251154993527074,-5.347567199174842,0.0,0.0,0.0,0.0,9.214673088471914,288.15,101325.0,1.2250122659906946,340.29228686527705
3.85,-0.1290744323100983,-7.013512402415796,-2.165738265753776,-5.265129027411788,0.0,0.0,0.0,0.0,9.0333472273507,288.15,101325.0,1.2250122659906946,340.29228686527705
3.9,-0.04188902801542893,-7.911886481007201,-2.994347830047996,-6.10456413810041,0.0,0.0,0.0,0.0,10.432150781686357,288.15,101325.0,1.2250122659906946,340.29228686527705
3.95,-0.2620276405471788,-7.370015793288287,-2.5195027165797885,-5.527704594934296,0.0,0.0,0.0,0.0,9.550944708301344,288.15,101325.0,1.2250122659906946,340.29228686527705
4.0,-0.12556038706893186,-6.973010329897193,-2.012590399255096,-5.125060891404049,0.0,0.0,0.0,0.0,8.884798383566507,288.15,101325.0,1.2250122659906946,340.29228686527705
4.05,-0.738199728872576,-7.78296418786746,-2.855413228439419,-5.996826405441919,0.0,0.0,0.0,0.0,10.231805470774924,288.15,101325.0,1.2250122659906946,340.29228686527705
4.1,-0.6672119217829212,-6.8726496973913145,-1.8564839331615683,-4.901562185675408,0.0,0.0,0.0,0.0,8.643214582386754,288.15,101325.0,1.2250122659906946,340.29228686527705
4.15,-0.5253818576886291,-7.607632978145968,-2.8214524628143627,-5.970342419632806,0.0,0.0,0.0,0.0,10.073810705873038,288.15,101325.0,1.2250122659906946,340.29228686527705
4.2,-0.06456831154879039,-7.88736114401237,-2.814260300148344,-5.8712255902133395,0.0,0.0,0.0,0.0,10.227502959385696,288.15,101325.0,1.2250122659906946,340.29228686527705
4.25,-0.39105026352074623,-6.889790768541657,-2.151830979314717,-5.376481066663116,0.0,0.0,0.0,0.0,9.000341218976496,288.15,101325.0,1.2250122659906946,340.29228686527705
4.3,-0.38845279735240235,-8.090532183251035,-2.690651729773857,-5.564579967242374,0.0,0.0,0.0,0.0,10.18139813340933,288.15,101325.0,1.2250122659906946,340.29228686527705
4.35,-0.504563035958974,-6.5862405188765845,-4.326702175844789,-8.48662916246761,0.0,0.0,0.0,0.0,11.581096253472614,288.15,101325.0,1.2250122659906946,340.29228686527705
4.4,-0.4606562301609507,-8.07545967638318,-2.655495233530845,-7.549696484793779,0.0,0.0,0.0,0.0,11.369372055338118,288.15,101325.0,1.2250122659906946,340.29228686527705
4.45,-0.48396317460586225,-10.303608103779004,-0.2593815961404822,-4.517155065032634,0.0,0.0,0.0,0.0,11.25327990633072,288.15,101325.0,1.2250122659906946,340.29228686527705
4.5,-0.7841748663849464,-7.109854624465621,-0.270068557842831,-7.453912647829204,0.0,0.0,0.0,0.0,10.304551594729324,288.15,101325.0,1.2250122659906946,340.29228686527705
4.55,-0.6414459061209057,-25.42340645530945,-5.524573062284524,-17.140874810551946,0.0,0.0,0.0,0.0,31.155739320122134,288.15,101325.0,1.2250122659906946,340.29228686527705
4.6,-0.4892932405337596,-73.40989912362966,-10.890212319217374,-43.49694652165051,0.0,0.0,0.0,0.0,86.02089496399373,288.15,101325.0,1.2250122659906946,340.29228686527705
4.65,-0.5328010387038649,-122.02712886067494,-9.974958729888565,-84.9912065282165,0.0,0.0,0.0,0.0,149.04236030996253,288.15,101325.0,1.2250122659906946,340.29228686527705
4.7,0.3412314595912786,-157.04628969193539,-10.869787527894081,-103.22746109786814,0.0,0.0,0.0,0.0,188.24876656067826,288.1477819955126,101320.9007626699,1.2249721355888148,340.29097718061325
4.75,2.107458636091352,-125.4541049712337,-9.233277215037186,-79.36383339769215,0.0,0.0,0.0,0.0,148.73669323283912,288.13630151886537,101299.68509872573,1.2247644351584086,340.2841981217853
4.8,3.7513080430329766,-86.43322400587908,-1.2873801262535374,-57.163821877186706,0.0,0.0,0.0,0.0,103.6342708337675,288.1256164977203,101279.94265081991,1.2245711500148624,340.2778886468218
4.85,6.2497513610282365,-75.19510494534886,-5.865490662425868,-45.56039145483178,0.0,0.0,0.0,0.0,88.1161566227814,288.10937661615327,101249.94259168326,1.2242774257156928,340.2682988183494
4.9,7.244073365123514,-73.31220589502671,-11.409876732219148,-43.27945076982667,0.0,0.0,0.0,0.0,85.89514351333884,288.1029135231267,101238.0052716827,1.224160545309343,340.26448221573014
4.95,9.002591015883125,-68.9291220097203,-5.408131826021519,-46.46814493228577,0.0,0.0,0.0,0.0,83.30522339161243,288.0914831583967,101216.89620072932,1.2239538562527708,340.25773222200974
5.0,11.044505555701367,-65.00141468923147,-5.077106841356322,-42.35692597693283,0.0,0.0,0.0,0.0,77.750048898347,288.0782107138879,101192.3897337013,1.2237138913709664,340.2498942536061
5.05,13.417456287102475,-64.6019600781227,-5.962881806374143,-38.709234289688254,0.0,0.0,0.0,0.0,75.54716423973917,288.0627865341338,101163.91630246125,1.2234350684841544,340.2407853630607
5.1,16.22917216980818,-60.16549671025004,-6.125645421491605,-40.07904496766947,0.0,0.0,0.0,0.0,72.55163934565104,288.0445103808962,101130.18645313985,1.2231047533908381,340.22999189779074
5.15,18.758067665650543,-59.9381121637294,-4.166034091926451,-37.582172044399435,0.0,0.0,0.0,0.0,70.86855992174343,288.02807256017326,101099.85714710497,1.2228077217867133,340.22028381587836
5.2,21.9924502751735,-58.463744608433984,-4.989562569712823,-37.1555435844702,0.0,0.0,0.0,0.0,69.45098694284148,288.00704907321136,101061.07759527248,1.2224279075711266,340.20786706225863
5.25,24.650328301540046,-55.84798669203603,-6.167097872866961,-37.93458182896496,0.0,0.0,0.0,0.0,67.79427123486019,287.98977286603997,101029.21922598039,1.2221158599698068,340.1976631631609
5.3,27.905482005007368,-55.11296503490622,-3.2193298574914904,-32.92574185941541,0.0,0.0,0.0,0.0,64.27991503310339,287.9686143669674,100990.21275520646,1.2217337723690924,340.1851658371558
5.35,31.260050269171387,-58.12430469807321,-4.820691520512936,-37.092602600881484,0.0,0.0,0.0,0.0,69.11971521264624,287.94680967325036,100950.02776080208,1.2213401111838982,340.1722863541196
5.4,34.35464789689854,-19.204265254526472,-1.7672849521330392,-13.568633730642091,0.0,0.0,0.0,0.0,23.580392731771173,287.92669478867015,100912.96848521534,1.2209770438118004,340.16040456632055
5.45,37.374434849884246,10.866786374404972,1.2389337038656891,7.402477589579685,0.0,0.0,0.0,0.0,13.206766345088315,287.90706617347576,100876.81572369619,1.2206228330548934,340.14880961593076
5.5,39.96890912513654,11.830123932771974,2.4232763254681426,3.7978240231123177,0.0,0.0,0.0,0.0,12.658892831715088,287.8902020906866,100845.76316427204,1.2203185728208301,340.13884740526805
5.55,42.47769890915675,12.574093851433513,2.1350181413614657,7.325369034720138,0.0,0.0,0.0,0.0,14.708064799402988,287.87389495709044,100815.74350066489,1.2200244161952203,340.1292139267163
5.6,45.64960316357232,11.734707533969603,0.6366703595219538,3.7907525721603186,0.0,0.0,0.0,0.0,12.348219107135929,287.85327757943674,100777.79950349778,1.2196525867784984,340.1170337705071
5.65,48.228928440110046,11.46416122339799,1.8161823811590647,5.2839989547621204,0.0,0.0,0.0,0.0,12.753280203603381,287.83651196513927,100746.95277547232,1.219350286901072,340.10712880419095
5.7,51.58058928674241,11.68003962497617,0.7028100709875557,3.7007429606740123,0.0,0.0,0.0,0.0,12.272439288824094,287.8147261696362,100706.88093605035,1.2189575540516067,340.09425753133746
5.75,54.66454720908708,9.607099466132432,0.932376516443274,3.575066604232587,0.0,0.0,0.0,0.0,10.293045581618498,287.7946804431409,100670.02110532345,1.2185962749441301,340.0824138788788
5.8,57.11251311406287,10.501830600501183,0.2510201527398014,3.990111569626783,0.0,0.0,0.0,0.0,11.237101379660775,287.77876866475856,100640.77050452479,1.2183095592720115,340.0730124007292
5.85,60.06838854072381,9.621007034853772,2.5669380532979256,4.83309523916913,0.0,0.0,0.0,0.0,11.068502921581311,287.7595554744853,100605.46009504492,1.2179634239662485,340.06165993615247
5.9,62.988600283274415,9.306594674821506,1.0076279121393745,3.2936769640929806,0.0,0.0,0.0,0.0,9.923523889956385,287.7405740981587,100570.58556975066,1.2176215387885387,340.0504440709158
5.95,65.06312138461075,10.371439054159165,1.0117474090525418,3.8652274446680797,0.0,0.0,0.0,0.0,11.114421445710875,287.727089711,100545.8166226833,1.2173787078526537,340.0424760852085
6.0,68.2162109871617,7.763109134310307,0.9744895895005012,3.606997282874254,0.0,0.0,0.0,0.0,8.615446755097453,287.70659462858345,100508.17946135503,1.2170096971407856,340.03036509022076
6.05,70.48356006410339,9.351602425676047,1.0477716565487816,3.850739236564144,0.0,0.0,0.0,0.0,10.167521135468158,287.6918568595833,100481.12208001659,1.2167443988405726,340.021655951736
6.1,72.72175604531692,8.206900120851822,0.7126699471719297,2.8019495789241873,0.0,0.0,0.0,0.0,8.701265970539753,287.6773085857054,100454.41838194714,1.2164825550865903,340.01305857472215
6.15,75.46130198460473,8.677018566147051,1.0150586558797432,3.2184094098953246,0.0,0.0,0.0,0.0,9.31016403732178,287.6595015371,100421.74094816322,1.2161621177039437,340.0025351121876
6.2,77.71300313159811,8.598128501194253,0.07616740736268213,3.1240468899117677,0.0,0.0,0.0,0.0,9.148403367110607,287.6448654796446,100394.88899538129,1.2158987905787506,339.99388537193545
6.25,80.2676624677653,8.286851605547476,0.18340938465888737,3.04440547269971,0.0,0.0,0.0,0.0,8.830286134489056,287.6282601939595,100364.43125035171,1.2156000865677987,339.9840715741643
6.3,82.77682174628053,7.671542549709464,0.7417704138244433,3.115879447179641,0.0,0.0,0.0,0.0,8.313332254167674,287.61195065864916,100334.52326045101,1.2153067573108047,339.974432290417
6.35,85.14209235526371,7.560729135290668,0.4455227489825382,3.332142264052746,0.0,0.0,0.0,0.0,8.274435790129784,287.5965763996908,100306.33696353626,1.2150302987132025,339.9653455247222
6.4,86.82189870368438,8.030632840569055,0.9430495628502494,3.06468561939825,0.0,0.0,0.0,0.0,8.647121153526456,287.58565765842604,100286.32305478402,1.214833988070023,339.9588919901812
6.45,89.55760507502713,7.537086677807176,0.7516201725555924,2.823575944343639,0.0,0.0,0.0,0.0,8.083637150815651,287.5678755670123,100253.73563701865,1.214514331562804,339.9483816024357
6.5,91.32863270494418,7.215429686977622,0.8194078922631957,2.7133362324880594,0.0,0.0,0.0,0.0,7.752164108953944,287.55636388741783,100232.64393335574,1.2143074282793482,339.94157726797204
6.55,93.79271452411544,5.942229700046138,0.16918000435000324,2.0172722849478255,0.0,0.0,0.0,0.0,6.277587367261479,287.5403473555932,100203.30441521194,1.2140196026343464,339.9321099746128
6.6,95.74547770463819,7.006959819077761,-0.27800585392850347,2.4500249482500074,0.0,0.0,0.0,0.0,7.4281488547306465,287.5276543949198,100180.05804461194,1.2137915404141215,339.9246070405707
6.65,97.51487906888723,5.6688992659845825,0.4055288363867967,1.3011022440395044,0.0,0.0,0.0,0.0,5.83041504307081,287.5161532860522,100158.9982479735,1.2135849212330752,339.9178084788524
6.7,100.23583145372056,5.454369329266839,-0.2222912274912751,1.5628284825027263,0.0,0.0,0.0,0.0,5.678203152018088,287.4984670955508,100126.61988103624,1.2132672386196144,339.90735351223134
6.75,102.18124396785149,6.328643828927221,0.4592740374571235,2.1402566108589407,0.0,0.0,0.0,0.0,6.6965187758436215,287.48582191420894,100103.47535968889,1.2130401425492878,339.89987827691726
6.8,104.01549803450625,5.735857046964605,-0.1316803345660433,2.335639694508733,0.0,0.0,0.0,0.0,6.194562822047234,287.47389926277566,100081.65725545795,1.2128260522522403,339.8928300166564
6.85,106.04970455451384,6.2006878303883095,0.24793871388989858,2.173920579860771,0.0,0.0,0.0,0.0,6.575403703447663,287.46067692039566,100057.46525800854,1.2125886577296792,339.8850132530109
6.9,107.95884547098825,5.527521452331785,0.18040163225217115,1.3780172861612163,0.0,0.0,0.0,0.0,5.699558736943278,287.44826750443855,100034.76492295237,1.2123658908632917,339.8776769103978
6.95,109.39357249605821,4.740849556083255,0.1266556336666716,1.4803849455406857,0.0,0.0,0.0,0.0,4.9682225946446685,287.4389417787756,100017.70827518642,1.2121985012797707,339.8721635153967
7.0,110.9626843560303,5.745525528154282,0.43310494112673475,2.09321707138725,0.0,0.0,0.0,0.0,6.130269259392115,287.4287425516858,99999.05669932035,1.212015453262481,339.8661336015196
7.05,113.55786352742363,4.4910557952372,-0.5237599161825879,0.7673315006794843,0.0,0.0,0.0,0.0,4.58614263163154,287.41187388707175,99968.21474126096,1.2117127536329488,339.8561603958321
7.1,114.84504192112549,4.7417465398780365,0.9611421113665672,1.0175872912750703,0.0,0.0,0.0,0.0,4.944030572524006,287.40350722751265,99952.9203501085,1.2115626396298973,339.8512136943467
7.15,116.43376695469439,3.805573881249984,-1.0448712440724481,0.4353354332668107,0.0,0.0,0.0,0.0,3.970348274622665,287.39318051479444,99934.04556217093,1.21137737811203,339.84510803229233
7.2,118.5478970358023,4.682583651237165,0.95596639924562,2.497216980066648,0.0,0.0,0.0,0.0,5.392267987855704,287.37943866926724,99908.93319508761,1.2111308826242804,339.8369830051144
7.25,119.96736671195745,4.244949425059668,0.16251374101018565,0.7243963398132675,0.0,0.0,0.0,0.0,4.309380047578351,287.3702121163723,99892.07511152944,1.2109654021031326,339.8315275886075
7.3,121.3106232603865,4.56315813896232,0.37085171766894676,1.1743797779346654,0.0,0.0,0.0,0.0,4.726426880900407,287.36148094880747,99876.12428108772,1.2108088223709794,339.82636499968226
7.35,122.75737560341953,3.9012558335419194,0.07703523521285753,1.0228128087151367,0.0,0.0,0.0,0.0,4.033841537279433,287.3520770585778,99858.94677134742,1.210640195743314,339.8208045537098
7.4,124.56987321279165,4.001198914183184,0.38986772469246433,0.9393592864883633,0.0,0.0,0.0,0.0,4.128436200636931,287.3402958241168,99837.43008856114,1.210428964926853,339.81383827448497
7.45,126.54431659602979,4.957623625139544,0.6309821310114551,1.4801060098680412,0.0,0.0,0.0,0.0,5.212186130468194,287.3274619421258,99813.99517311517,1.2101988928285554,339.8062493990982
7.5,127.62605821000327,3.582840512928086,0.4391444320180893,0.9914416982517397,0.0,0.0,0.0,0.0,3.743334157443545,287.32043062163496,99801.15773543488,1.2100728570281019,339.8020915973244
7.55,128.90081236729202,4.418634041039529,0.6489884451375978,1.524376392937095,0.0,0.0,0.0,0.0,4.719029156288329,287.3121447196126,99786.03146082649,1.209924345853731,339.7971918637214
7.6,130.36897089844666,4.139614236245017,0.3289599206086433,1.2543953146507083,0.0,0.0,0.0,0.0,4.337986659696744,287.3026016891601,99768.61254388651,1.2097533199968495,339.7915486600907
7.65,132.01219238699244,3.1349752273120606,-0.580191534620109,0.2996663451164612,0.0,0.0,0.0,0.0,3.2022635449164083,287.2919207494845,99749.11951858249,1.2095619229824983,339.78523245072813
7.7,133.23627516612632,3.521341888828692,-0.08039758655848023,0.6577950812241117,0.0,0.0,0.0,0.0,3.5831559886260442,287.28396421142014,99734.60060982946,1.209419360918258,339.7805272490515
7.75,134.58587657255504,3.2553865482290893,-0.7067250753233912,0.09656990280349981,0.0,0.0,0.0,0.0,3.3326157379165746,287.27519180227836,99718.59490164845,1.2092621953024365,339.77533949594044
7.8,136.02703758351677,3.246842748229444,-0.25318737530900093,0.5091048998363021,0.0,0.0,0.0,0.0,3.296252338305325,287.2658242557071,99701.50563129659,1.2090943845146602,339.7697997080391
7.85,136.8192926146078,2.78527260638474,-0.1542216529290335,0.28992867569819797,0.0,0.0,0.0,0.0,2.8045652866534447,287.26067459800504,99692.11209065872,1.2090021408288039,339.76675426047836
7.9,138.75612814863732,3.059835852364659,-0.19211524022827087,0.34502328619361206,0.0,0.0,0.0,0.0,3.0852138948474814,287.2480851670338,99669.15060483683,1.2087766542349083,339.75930890275237
7.95,139.58379171868873,2.597647061774582,-0.44043510244607476,0.246815524658957,0.0,0.0,0.0,0.0,2.646256079865567,287.2427053538285,99659.33983085379,1.2086803073686214,339.75612724503304
8.0,140.89794021487478,1.9011174899036474,-0.6965796333519476,-0.2030155355902869,0.0,0.0,0.0,0.0,2.0348676133127896,287.2341633886033,99643.76407676974,1.2085273417141742,339.7510754081258
8.05,141.9410348021519,2.5569968862948547,-0.19310234143412258,0.28706888748596926,0.0,0.0,0.0,0.0,2.580296521129181,287.227383273786,99631.40235305122,1.2084059370243345,339.747065500552
8.1,143.25265257765884,2.675860834732034,-0.5001282773402579,0.17066690751188254,0.0,0.0,0.0,0.0,2.727542244213244,287.2188577582452,99615.86012101076,1.2082532924435354,339.7420232578036
8.15,144.04231696393157,3.15984340974048,0.3356088962880813,1.1251292281655172,0.0,0.0,0.0,0.0,3.3709285791040395,287.21372493973445,99606.50380893321,1.208161399317142,339.7389875206128
8.2,145.22406900245537,1.9308902225953424,-0.8726760169047623,-0.07110167793232813,0.0,0.0,0.0,0.0,2.1201311117003696,287.206043551484,99592.50318870561,1.2080238889974708,339.73444441509736
8.25,146.28095625373322,2.542651997972785,-0.3012280468384154,0.46334153751739593,0.0,0.0,0.0,0.0,2.6020190044244615,287.1991737843507,99579.98323416016,1.2079009182621023,339.73038128597955
8.3,147.44316227893904,1.5812867460898299,-1.0060600701448124,-0.4537471638800655,0.0,0.0,0.0,0.0,1.9283441411813271,287.19161944518686,99566.2171379367,1.207765704553471,339.7259132101012
8.35,148.7555195644422,2.124794171026372,-0.5759557206400016,0.3717270696016585,0.0,0.0,0.0,0.0,2.2326343801975788,287.1830891228311,99550.67438278782,1.2076130358241264,339.720867810313
8.4,149.69062070142996,2.119262684570912,-0.09255634590434514,0.933983019319027,0.0,0.0,0.0,0.0,2.3177931926205493,287.1770109654407,99539.60081691656,1.207504262944808,339.7172727382016
8.45,150.1507586459467,2.3161522731596373,-0.14965579315327232,0.6282592474757932,0.0,0.0,0.0,0.0,2.404509906597546,287.1740200688013,99534.15218121986,1.2074507415084212,339.71550368661303
8.5,151.0117528441259,1.5323341814100877,-0.57795158889887,0.005353011896186866,0.0,0.0,0.0,0.0,1.6377132646970936,287.16842360651316,99523.95753139233,1.2073505989239912,339.71219347375427
8.55,152.01707616841128,1.7238551682926426,-0.7277123746205658,0.11319689010381903,0.0,0.0,0.0,0.0,1.8745814139040038,287.1618890049053,99512.0550145003,1.207233677401489,339.70832832652377
8.6,152.1210842203417,2.0786119145620643,-0.2427301484917908,0.545413678096105,0.0,0.0,0.0,0.0,2.162642248870705,287.1612129525678,99510.8236778562,1.2072215815091654,339.7079284462587
8.65,153.0351372862172,1.3381551619824783,-1.025087809168494,-0.09992733146354094,0.0,0.0,0.0,0.0,1.6886236186964931,287.1552716076396,99500.00286327985,1.2071152832708272,339.70441416172696
8.7,154.01550535895447,1.6781309839141618,-1.1276353069980125,-0.23848921228269573,0.0,0.0,0.0,0.0,2.0358197585091946,287.14889921516675,99488.398052196,1.2070012810009514,339.70064487368734
8.75,154.98413203150483,1.4792749096165594,-0.6266771199942343,0.02980591459318198,0.0,0.0,0.0,0.0,1.6068188645550823,287.1426031417952,99476.93330277446,1.2068886521714224,339.6969206875347
8.8,155.5908990461218,1.6052853652276373,-0.2436043388883204,0.35099033915494043,0.0,0.0,0.0,0.0,1.661167780785356,287.13865915620016,99469.75210067513,1.2068181033282381,339.69458776245193
8.85,156.57627841413245,2.5339641551536607,0.7931391088143804,0.9213281893901618,0.0,0.0,0.0,0.0,2.810496329494032,287.1322541903081,99458.09084433802,1.2067035399224322,339.6907990974426
8.9,157.22924060690107,2.400962042248147,-0.2522189080872391,0.9359573884717355,0.0,0.0,0.0,0.0,2.589256522430318,287.1280099360551,99450.36411609981,1.2066276290006115,339.68828851316385
8.95,157.88708088941206,2.5202137940050013,1.0071445192170705,1.443453322885277,0.0,0.0,0.0,0.0,3.0739835955044743,287.1237339742188,99442.58015526751,1.2065511546649001,339.6857591542797
9.0,158.5793991306873,1.8166609946235326,-0.23247773503508584,0.9356913137384284,0.0,0.0,0.0,0.0,2.0566529365158215,287.1192339056505,99434.38876334684,1.206470676250017,339.6830972092426
9.05,159.39353905382418,0.870274747354263,-0.7751427154820797,-0.7285502296665044,0.0,0.0,0.0,0.0,1.3744125299176282,287.1139419961501,99424.75669701352,1.2063760419489722,339.6799668364221
9.1,159.53433826064648,2.1295882638747714,0.7383299643545945,0.7118884333126808,0.0,0.0,0.0,0.0,2.3636967765306536,287.11302680130575,99423.09098222406,1.2063596762540796,339.67942545971306
9.15,160.27035126468513,0.6336196653648741,-1.8489676863313171,-1.7027966478020575,0.0,0.0,0.0,0.0,2.5922329774154953,287.1082427167795,99414.38400163702,1.2062741290746235,339.6765954560193
9.2,160.41109869216538,2.5426284078615686,1.1237450446227224,2.838642893995533,0.0,0.0,0.0,0.0,3.973116613618346,287.1073278585009,99412.7190400809,1.2062577704555564,339.676054273032
9.25,160.86012572708393,-3.154367208430886,-4.520015713295654,-6.303060425104222,0.0,0.0,0.0,0.0,8.3731204014142,287.1044091827739,99407.40745803298,1.2062055826274725,339.67432772919614
9.3,160.57115123666821,-3.213608407858684,3.31430632507715,8.600145481457478,0.0,0.0,0.0,0.0,9.760861013135056,287.10628751696163,99410.82573747016,1.2062391682712996,339.67543885956985
9.35,160.67021362529314,74.08482610166921,17.99679793297747,19.197826982227898,0.0,0.0,0.0,0.0,78.61935356637414,287.1056436114356,99409.65391768873,1.2062276548073114,339.67505795705347
9.4,161.00978840149753,-149.9401582278575,-43.163540355703034,-93.89715515742628,0.0,0.0,0.0,0.0,182.10386599984946,287.10343637539023,99405.63713557005,1.2061881885799646,339.6737522626352
9.45,161.35244158546243,-117.6677105853282,-2.850740087130923,-23.504862975355575,0.0,0.0,0.0,0.0,120.02622803757174,287.1012091296945,99401.58407261736,1.2061483655737488,339.67243472638506
9.5,161.69102812023172,-26.422472540137726,-8.87876883460071,-11.373825923050394,0.0,0.0,0.0,0.0,30.105539478316317,287.0990083172185,99397.5792433452,1.2061090161797834,339.67113282179366
9.55,161.67336810828206,7.465332965008867,-1.785734503452074,11.582404076634607,0.0,0.0,0.0,0.0,13.895039697305986,287.0991231072961,99397.78812418364,1.2061110685429943,339.67120072671617
9.6,161.69406723110453,-44.07554284374042,75.23671492652345,-101.90651695073969,0.0,0.0,0.0,0.0,134.11992747886777,287.0989885629978,99397.54329708446,1.2061086629889357,339.67112113603645
9.65,161.90341848538424,-81.788142340607,-44.04253084817117,-88.66476664250148,0.0,0.0,0.0,0.0,128.41528567428702,287.09762777984497,99395.0671393902,1.2060843333835813,339.6703161535996
9.7,162.13683771648869,-73.46680885826132,-5.80127283093483,-25.36585695049973,0.0,0.0,0.0,0.0,77.93878026443872,287.0961105548428,99392.30637018538,1.206057207178312,339.6694186244541
9.75,162.34451285845586,-102.28225995426729,-24.865244618469106,-10.156341118881599,0.0,0.0,0.0,0.0,105.7501411640273,287.09476066642003,99389.85014175133,1.2060330731473798,339.66862008288933
9.8,162.49738663471683,25.381052045307985,10.011693179248487,7.740429519141323,0.0,0.0,0.0,0.0,28.36099526432099,287.0937669868743,99388.04209486616,1.2060153078463405,339.6680322594624
9.85,162.34799760153504,-56.57103032000775,23.195995423907938,-35.60196882960923,0.0,0.0,0.0,0.0,70.75193184442148,287.09473801559,99389.80892719919,1.206032668186815,339.668606683522
9.9,162.71742495227173,-108.35212799636953,-14.78589354801431,-27.841517571136027,0.0,0.0,0.0,0.0,112.844833244676,287.09233673781023,99385.43973586966,1.2059897377759332,339.66718617615066
9.95,162.57602140821598,20.06207632457515,15.58077586572202,6.5074666562902745,0.0,0.0,0.0,0.0,26.222025194741807,287.09325586084657,99387.11208728091,1.2060061698598443,339.6677298961419
10.0,163.19495152982051,-8.40102907115406,4.909044664048872,-26.516722218077106,0.0,0.0,0.0,0.0,28.24557604579284,287.08923281505616,99379.79229302723,1.2059342471031913,339.6653500011248
10.05,163.0287110410943,23.542195624825734,22.138214328482864,-0.5538075966560909,0.0,0.0,0.0,0.0,32.32092528603601,287.09031337823285,99381.75829789936,1.205953564751985,339.6659892266378
10.1,162.94210174287124,3.639168329010451,-5.002735503084363,-6.01874734368716,0.0,0.0,0.0,0.0,8.631119755155453,287.0908763386713,99382.78257530557,1.2059636291088156,339.66632225497693
10.15,163.11911825767484,-48.1406262102912,9.061799755612602,-1.4129868336453595,0.0,0.0,0.0,0.0,49.006455069938,287.0897257313251,99380.68911385738,1.205943059129959,339.66564159427077
10.2,162.92595195320467,-14.588616061900144,10.584351744595795,-1.9124505942385428,0.0,0.0,0.0,0.0,18.12494655799741,287.09098131230417,99382.97357034776,1.2059655057879357,339.66638435378866
10.25,162.68707039190025,-24.55398856837387,10.422617209468767,6.658047620844579,0.0,0.0,0.0,0.0,27.492888211906426,287.0925340424526,99385.79873125842,1.205993265174378,339.6673028945242
10.3,162.83550858558817,-3.8931065474799182,-30.269291573788696,-23.531847243881316,0.0,0.0,0.0,0.0,38.53743797501893,287.09156919419365,99384.04320183404,1.2059760157605046,339.66673212440253
10.35,162.28971139469184,-13.530620987338219,-8.83258619678831,5.0725993383230366,0.0,0.0,0.0,0.0,16.935865707835788,287.0951168759345,99390.49828827893,1.2060394416166964,339.6688308027862
10.4,162.5896728941298,-6.596902095415796,-1.6792974282899749,-1.941808638085053,0.0,0.0,0.0,0.0,7.078826025274556,287.0931671261881,99386.95063289585,1.206004583453932,339.66767740396085
10.45,161.83637747705365,-16.11093845649051,-1.7938323423807532,-2.80807582202883,0.0,0.0,0.0,0.0,16.451913634700947,287.09806354639915,99395.86007932758,1.2060921244652518,339.670573935087
10.5,162.2621666818708,-3.8020463080697606,0.8976472115010024,1.4310734568600374,0.0,0.0,0.0,0.0,4.160444433465223,287.0952959165678,99390.82406572298,1.206042642593071,339.6689367163137
10.55,161.72356092820198,-26.72587557266791,-5.226910132629989,-0.9645700518462428,0.0,0.0,0.0,0.0,27.249282743684024,287.0987968539667,99397.19444950733,1.2061052353774309,339.6710077291019
10.6,162.04813555373514,-56.78541348093054,-5.2686659202743575,-7.295838102493937,0.0,0.0,0.0,0.0,57.49409777009733,287.0966871189007,99393.35548893533,1.2060675154131093,339.6697596967864
10.65,162.04587642156585,-7.745425741356793,-1.0289921706783203,-0.681045690728365,0.0,0.0,0.0,0.0,7.843103214611508,287.0967018032598,99393.38220878324,1.2060677779517233,339.6697683834639
10.7,161.27487313385095,0.9277904386501304,-2.7850946847720643,-0.4281986884431347,0.0,0.0,0.0,0.0,2.966631358625575,287.10171332462994,99402.50157701294,1.206157380457879,339.6727329853973
10.75,160.78831602282293,12.334009800287648,-3.2356149153805065,3.3121583729571484,0.0,0.0,0.0,0.0,13.174497892586825,287.10487594585163,99408.25688618488,1.206213928540094,339.6746038436777
10.8,159.9335977268604,7.54632411664955,-6.355000858451449,-36.99945766146003,0.0,0.0,0.0,0.0,38.29220430879657,287.1104316147754,99418.36769499905,1.2063132695398826,339.67789029171416
10.85,160.623489916889,-16.07251742285049,4.546304978583493,8.182612508424649,0.0,0.0,0.0,0.0,18.59972722190175,287.1059473155402,99410.20661612935,1.2062330852305414,339.67523761336525
10.9,160.0911695879016,-8.032190520774474,11.041724382619476,-2.79166389605834,0.0,0.0,0.0,0.0,13.93661182685047,287.10940739767864,99416.50365104708,1.2062949550279631,339.67728441994046
10.95,159.90062819465962,-22.52350954848592,-3.544988712212449,-9.897241260979705,0.0,0.0,0.0,0.0,24.856202685214996,287.1106459167347,99418.75772162457,1.2063171016018186,339.67801706109594
11.0,159.69935752990403,-6.005146919433407,1.3545256315984475,-6.270198626745106,0.0,0.0,0.0,0.0,8.787031354756504,287.1119541760556,99421.13876250733,1.206340495573779,339.67879095511904
11.05,159.82799805819002,-11.565533781130405,0.8367678969558671,-9.931491433124608,0.0,0.0,0.0,0.0,15.267490764433822,287.1111180126217,99419.61693403249,1.2063255434645324,339.67829632717525
11.1,159.58460912035918,1.5371592970166865,5.63004900430126,-1.970803594020692,0.0,0.0,0.0,0.0,6.159900754187792,287.11270004071764,99422.49626194405,1.2063538330978791,339.67923216670636
11.15,158.7525506875887,-16.072730042774243,3.2610406558880114,12.22918864312626,0.0,0.0,0.0,0.0,20.45776361326967,287.11810842053063,99432.34014893092,1.206450548919075,339.6824314428973
11.2,158.63847396058952,-30.015676523135483,23.025161598895092,-8.174438512223531,0.0,0.0,0.0,0.0,38.702975968094016,287.11884991925615,99433.68982528702,1.206463809296742,339.68287006714286
11.25,158.4695729644981,-6.120919019100185,10.807059554175458,-14.657103811673542,0.0,0.0,0.0,0.0,19.211685974740803,287.11994777573074,99435.6881714405,1.2064834426997468,339.683519489293
11.3,158.13153736519973,-14.1715851396416,-3.332707524831496,0.4665248993255958,0.0,0.0,0.0,0.0,14.565658594717572,287.12214500712616,99439.6877253348,1.2065227373948733,339.6848192280806
11.35,158.5289098991854,-16.02648186453463,0.7822440563023212,-7.890245962203279,0.0,0.0,0.0,0.0,17.8806042420815,287.1195620856553,99434.98612489374,1.2064765452232198,339.68329133968643
11.4,157.64791346733168,-11.573128766229047,1.728778497599018,-4.375970168016572,0.0,0.0,0.0,0.0,12.493002018924434,287.12528856246234,99445.4100705946,1.206578957595186,339.68667874174395
11.45,157.59950989996184,-8.036131571821722,0.45578496366854127,-6.457987837712268,0.0,0.0,0.0,0.0,10.319532813300016,287.1256031856502,99445.9828070216,1.2065845845123473,339.6868648508759
11.5,157.56165231816627,-16.217470222469956,4.294383865206147,-4.382011986539921,0.0,0.0,0.0,0.0,17.339264755133712,287.1258492599319,99446.43075967088,1.206588985472143,339.6870104111855
11.55,156.92506788277456,-13.608120946031123,-0.8287582178260693,-0.1660384558187758,0.0,0.0,0.0,0.0,13.634345038696795,287.12998705876197,99453.96343703092,1.2066629905197541,339.68945803381166
11.6,157.09192422275285,-8.419805752085276,1.7271403820009188,-0.043913780253103635,0.0,0.0,0.0,0.0,8.595235379097113,287.1289024925521,99451.9889881667,1.2066435925821637,339.6888164845612
11.65,156.30212759392333,-7.592889359043515,-3.896671979695671,-0.5570184498718523,0.0,0.0,0.0,0.0,8.552560487334729,287.1340361706395,99461.3351110269,1.2067354127517904,339.6918531785755
11.7,156.45728183556062,-15.4153530489838,-6.887524218799857,-9.931754929845283,0.0,0.0,0.0,0.0,19.588538880576948,287.13302766806885,99459.49902451503,1.206717374409425,339.69125662720086
11.75,156.23423578612417,-12.094835185587097,0.48625743784959585,-2.6951233532253642,0.0,0.0,0.0,0.0,12.401015053272069,287.1344774673902,99462.13854746937,1.2067433059664818,339.6921142149463
11.8,156.15963992297606,-9.835954470513615,-1.816706667423062,-2.0656364215741045,0.0,0.0,0.0,0.0,10.213387160369946,287.13496234050064,99463.02132623497,1.2067519786513583,339.6924010274251
11.85,155.9310328873104,-13.019635112822304,-3.577174592546795,-3.3600020982217504,0.0,0.0,0.0,0.0,13.913902782348751,287.13644828623245,99465.7267361043,1.206778557322766,339.6932799935675
11.9,155.36556688433333,-8.072514066019684,-3.7509166500345215,0.37207471481011734,0.0,0.0,0.0,0.0,8.909169358306805,287.1401238152518,99472.4189003237,1.2068443023461557,339.695454131543
11.95,155.66222896034876,-8.966702369312419,-3.0425653796429515,-0.44215557836330416,0.0,0.0,0.0,0.0,9.47915908847998,287.1381955117577,99468.90792525731,1.2068098100013762,339.69431350894007
12.0,155.30491104740543,-10.274183927821129,-2.3212084432028117,2.0156510650603376,0.0,0.0,0.0,0.0,10.724258167144844,287.14051807819186,99473.13677029737,1.2068513547797477,339.69568734395637
12.05,155.08208898783778,-11.472913086931557,-2.2602870556598003,-1.3634583502169013,0.0,0.0,0.0,0.0,11.77266541387484,287.141966421579,99475.77393529905,1.2068772624957032,339.6965440593118
12.1,155.14558127340177,-11.651055681406719,0.3276413867372553,-0.49903312782104536,0.0,0.0,0.0,0.0,11.666339675845451,287.14155372172286,99475.0224795464,1.2068698801487239,339.69629994179917
12.15,154.86388502940017,-12.96326879399562,1.6884107712629106,1.5575900159645042,0.0,0.0,0.0,0.0,13.16522523224459,287.14338474730886,99478.35649857218,1.206902633673346,339.69738301670947
12.2,154.44612171625644,-7.905180160496228,-1.4311098525604788,-1.5064219200229565,0.0,0.0,0.0,0.0,8.173692909641547,287.1461002088443,99483.30110750334,1.206951209307432,339.69898924036886
12.25,154.28783989569493,-11.652178898062107,-1.5425262178493209,-2.9554675506808494,0.0,0.0,0.0,0.0,12.119713224673422,287.14712904067795,99485.17456885333,1.2069696139944244,339.6995978030843
12.3,154.37347806627912,-12.680778656611055,-1.1820500079533354,-3.6420704967631035,0.0,0.0,0.0,0.0,13.24628502874135,287.14657239256917,99484.16093151,1.2069596561361056,339.6992685411639
12.35,154.249752954445,-9.452083796415106,-0.47264424298110863,-1.8681809579450634,0.0,0.0,0.0,0.0,9.646521692636405,287.14737660579607,99485.62537923103,1.2069740426982534,339.699744239779
12.4,154.2186745612433,-9.571534830148982,0.10527348257523658,-3.8806836490521563,0.0,0.0,0.0,0.0,10.328846358374655,287.1475786153519,99485.99323520475,1.2069776564657364,339.69986372995714
12.45,154.10467880120183,-10.057106744655098,-2.943521125681802,-4.179939586244364,0.0,0.0,0.0,0.0,11.281915069498389,287.1483195877922,99487.34254287566,1.2069909118605862,339.7003020203927
12.5,153.94769886682684,-9.18856233417439,0.09378313611687561,-5.541366090683924,0.0,0.0,0.0,0.0,10.730573665774346,287.1493399573656,99489.20065579434,1.2070091656253903,339.7009055752818
12.55,153.68891278468044,-10.763859207287501,-1.8798067716493663,-2.8521753121112736,0.0,0.0,0.0,0.0,11.292884598014085,287.15102206689954,99492.26387145014,1.2070392579596305,339.70190055109333
12.6,153.84050303629996,-9.51561331019473,-1.6720208765663154,-2.9459706999280173,0.0,0.0,0.0,0.0,10.100559085796345,287.15003673026405,99490.46950899495,1.2070216305721706,339.7013177201278
12.65,154.03410983226863,-8.794537690815131,-0.7832871224497473,-3.8966902956285696,0.0,0.0,0.0,0.0,9.65099099426631,287.14877828609025,99488.17783795692,1.2069991176562156,339.7005733433947
12.7,153.7323933846056,-8.828788159262055,-0.7056580302065389,-3.3790874106743676,0.0,0.0,0.0,0.0,9.479645844951111,287.150739443,99491.74919216504,1.2070342018796567,339.7017333779126
12.75,153.1262373417097,-7.730905266357051,-1.007223704447761,-2.494017416197237,0.0,0.0,0.0,0.0,8.185445540743876,287.15467945727886,99498.92444768401,1.2071046893380564,339.70406390488864
12.8,153.0306119081204,-11.619210480147474,-0.8301273271812707,-3.539852726056508,0.0,0.0,0.0,0.0,12.174798597244708,287.1553010225972,99500.05643361819,1.2071158095242964,339.70443156066
12.85,153.12257744326567,-9.786386203901088,-1.4795572882445747,-3.686709875937775,0.0,0.0,0.0,0.0,10.561925696123804,287.15470324661874,99498.96777230017,1.2071051149425511,339.7040779762861
12.9,153.3387332143793,-8.830204233300671,-0.19408498153449733,-2.3473402054194987,0.0,0.0,0.0,0.0,9.138937674688302,287.1532982341065,99496.40902098351,1.207079978685666,339.7032469102119
12.95,152.8416772018442,-7.892663876654382,-1.8814288461229733,-3.8095133777624945,0.0,0.0,0.0,0.0,8.963610307695221,287.156529098188,99502.2930181068,1.207137780783129,339.7051579659762
13.0,152.51780371801883,-10.371256815098853,-2.566559260237195,-1.2595816677834344,0.0,0.0,0.0,0.0,10.75810114931347,287.15863427583287,99506.12708500415,1.207175444814019,339.70640317254686
13.05,152.50430831170547,-12.67851930083347,0.9163583119790268,-3.8920353097721976,0.0,0.0,0.0,0.0,13.294077744245874,287.1587219959739,99506.28684841187,1.207177014246976,339.70645505866094
13.1,152.19289207591916,-7.718054480979397,0.32324815939448404,-6.16691716318698,0.0,0.0,0.0,0.0,9.884519292384846,287.1607462015065,99509.97356199022,1.2072132304782037,339.70765236597106
13.15,151.7978819119084,-10.796033107237792,-2.5113750265474066,0.4834974950374903,0.0,0.0,0.0,0.0,11.09482335164684,287.16331376757256,99514.65006475868,1.2072591694826607,339.70917106221077
13.2,152.07944040201008,-7.850580946878317,-2.535810382146014,-2.0442530210147147,0.0,0.0,0.0,0.0,8.499466213334586,287.16148363738694,99511.31669166168,1.2072264245763662,339.7080885545069
13.25,151.63392299293918,-9.75835091366954,-1.9681013393603835,-0.5194809819288271,0.0,0.0,0.0,0.0,9.968384820365484,287.16437950054586,99516.59121729752,1.207278238016438,339.7098014333475
13.3,151.30587730495444,-10.278657411308703,-2.871216460104457,-1.8209047172690913,0.0,0.0,0.0,0.0,10.826374098893819,287.1665117975178,99520.47512806622,1.20731639064474,339.71106266365314
13.35,151.30016294400218,-10.071876446453803,-1.8613505875426104,0.05446995759748274,0.0,0.0,0.0,0.0,10.242572339927934,287.16654894086395,99520.5427845715,1.2073170552490273,339.7110846334941
13.4,151.32756811440547,-7.676369742535562,-1.6780547168237983,0.3800702144343478,0.0,0.0,0.0,0.0,7.866827405293081,287.1663708072563,99520.21831502265,1.2073138679146345,339.7109792696022
13.45,151.1770029929471,-10.691016697515204,0.44675025423732645,0.04073883912916959,0.0,0.0,0.0,0.0,10.700424452759975,287.1673494805458,99522.00097450327,1.2073313793389675,339.71155814270867
13.5,151.03732126062505,-8.604804209154045,-0.6320479238745536,0.3056066510799393,0.0,0.0,0.0,0.0,8.63339652055514,287.16825741180594,99523.65480005824,1.2073476251482478,339.7120951719006
13.55,151.30841242839134,-9.710506816217105,-4.0466945646141514,-1.9927875682816192,0.0,0.0,0.0,0.0,10.707048230925942,287.1664953192154,99520.44511289461,1.2073160957992775,339.7110529169357
13.6,150.83301203360983,-12.035629033501914,-2.253705291594195,-3.7011992927575346,0.0,0.0,0.0,0.0,12.791967400605069,287.1695854217815,99526.07385238225,1.2073713878175216,339.7128806705029
13.65,150.88709167712844,-9.308611953790276,-2.785436876107238,-3.3623418042953186,0.0,0.0,0.0,0.0,10.281743894200885,287.16923390409863,99525.43353654405,1.2073650979214854,339.7126727530784
13.7,150.98213287162287,-9.039413463457404,-2.0830859890793545,-2.2922909379560084,0.0,0.0,0.0,0.0,9.555356651924036,287.16861613633444,99524.30823428498,1.2073540439294677,339.7123073524254
13.75,150.82171672688253,-11.106128763374855,-3.3257099224763857,-3.7655817764913535,0.0,0.0,0.0,0.0,12.189587717087234,287.16965884127524,99526.20759192086,1.2073727015554008,339.71292409701357
13.8,150.58124417989282,-10.770965249134766,-2.5778026181945455,-3.3268070777494083,0.0,0.0,0.0,0.0,11.564013320167136,287.1712219128307,99529.05488754994,1.2074006707670664,339.71384862867933
13.85,149.99797880458738,-10.450731747905902,-2.8977529295176065,-2.8541828955715878,0.0,0.0,0.0,0.0,11.214326823692522,287.1750131377702,99535.96126778607,1.207468512057557,339.71609106675487
13.9,150.04499344883635,-6.420470079868608,-3.1379087746794,-3.2765446209889983,0.0,0.0,0.0,0.0,7.861593488474834,287.17470754258255,99535.40455825003,1.2074630435396279,339.7159103135113
13.95,149.53622831356304,-5.772293541851315,-3.3941162060803087,-0.02830667200996584,0.0,0.0,0.0,0.0,6.696282462781545,287.1780145159618,99541.4290790397,1.2075222216669266,339.7178663148725
14.0,149.62330385022932,-8.254812199777145,-4.412044485030807,-4.978051809736816,0.0,0.0,0.0,0.0,10.601370704390275,287.1774485249735,99540.39795681993,1.2075120931284238,339.7175315445629
14.05,149.6031834551666,-11.159745585400454,-0.2931833249515116,-2.94070316082706,0.0,0.0,0.0,0.0,11.54441913103439,287.1775793075414,99540.63621569615,1.2075144335066872,339.71760889939407
14.1,149.11928985175683,-10.101042159977442,-0.8485762311850726,-1.6458773222030614,0.0,0.0,0.0,0.0,10.26937420184484,287.1807246159636,99546.36645830018,1.2075707204285093,339.719469270481
14.15,149.41951782389515,-9.428931200838386,-1.7726336589078877,-2.014880751257672,0.0,0.0,0.0,0.0,9.803403394771912,287.17877313414465,99542.81114299239,1.2075357974151808,339.7183150191033
14.2,149.29676049378898,-9.227340456399387,-1.6290665350791764,-0.7206846402163665,0.0,0.0,0.0,0.0,9.397715468381852,287.17957105679034,99544.26482927342,1.2075500766570866,339.7187869703298
14.25,148.85294408598955,-12.186901357164409,-1.090240281517954,-1.723416172763783,0.0,0.0,0.0,0.0,12.35634864615125,287.182455863441,99549.52062482372,1.2076017028544606,339.720493255619
14.3,148.84804676537777,-10.514012659195018,1.0041470731214854,0.07783362744741473,0.0,0.0,0.0,0.0,10.562141431344932,287.182487696025,99549.57862149016,1.2076022725364652,339.7205120836856
14.35,149.02910020982452,-4.718932984443067,-1.5971472792318369,0.9206277961857581,0.0,0.0,0.0,0.0,5.066237606185902,287.18131084863614,99547.43450882833,1.2075812115874642,339.7198160112851
14.4,148.75577620459376,-9.249879592102035,-2.226645435173096,-3.360692510682025,0.0,0.0,0.0,0.0,10.090216871490778,287.1830874546701,99550.67134349128,1.2076130059701893,339.7208668236443
14.45,148.69759931935207,-10.02517462773314,-3.54787873276502,-6.657894634227256,0.0,0.0,0.0,0.0,12.546678077460292,287.1834656044242,99551.36031321867,1.2076197734721783,339.7210904881385
14.5,148.43296496244372,-11.744088606022093,-1.8201938122460823,-4.2113673691953375,0.0,0.0,0.0,0.0,12.608423288364019,287.1851857277441,99554.49433964043,1.2076505577747647,339.72210788879863
14.55,147.88108032078748,-9.487104537374874,-4.992930399245982,-4.62905624695624,0.0,0.0,0.0,0.0,11.677442708584708,287.1887729779149,99561.03048668415,1.207714759170036,339.7242296284365
14.6,148.03378144388563,-12.784151869261494,6.805471825837781,-1.6559191764840357,0.0,0.0,0.0,0.0,14.57707289230803,287.18778042061473,99559.22196347485,1.2076969950058989,339.72364256500083
14.65,147.53106181032396,-8.03365476907144,4.996133501438527,-1.0399874640142173,0.0,0.0,0.0,0.0,9.517485636349939,287.1910480982329,99565.17604838003,1.2077554785918654,339.72557527986737
14.7,147.3477823398741,-7.946603775506825,-4.264657599240018,-2.871701299456226,0.0,0.0,0.0,0.0,9.464802393972814,287.1922394147908,99567.34683605292,1.2077768008376748,339.72627989842346
14.75,147.44424361413056,-11.899540256615335,-2.218030134600031,-5.299497203682095,0.0,0.0,0.0,0.0,13.21375747501963,287.1916124165081,99566.20433045682,1.2077655787538528,339.72590905290417
14.8,147.41266507066535,-12.543708051097559,-2.857403950442507,-2.2628538475377926,0.0,0.0,0.0,0.0,13.06253714032962,287.19181767704066,99566.5783515359,1.2077692525205257,339.7260304567084
14.85,147.50619218875693,-10.531778367349897,-1.1924000646889608,-5.397060115138957,0.0,0.0,0.0,0.0,11.894050251267364,287.19120975077306,99565.4706054076,1.2077583718405622,339.72567089129893
14.9,147.37299398751173,-8.204266074158092,-1.8076004108060346,-3.8875164085611167,0.0,0.0,0.0,0.0,9.256899312813092,287.19207553908115,99567.0482235001,1.207773867764605,339.7261829722439
14.95,147.52307066320228,-9.91948481586125,0.05430645095672612,-2.9466117721507374,0.0,0.0,0.0,0.0,10.348026340249367,287.19110004068915,99565.27069584467,1.2077564082546484,339.7256060018905
15.0,147.3488316285764,-7.597673493997408,-0.3600257507066673,-1.366086704505048,0.0,0.0,0.0,0.0,7.727901005239918,287.19223259441424,99567.33440802181,1.2077766787654007,339.7262758644336
15.05,146.92618791884556,-12.752283607435716,-1.1342731993375463,-2.1881672554989553,0.0,0.0,0.0,0.0,12.988278901888693,287.19497977852745,99572.34040479083,1.2078258491037068,339.7279007140815
15.1,147.11243086149776,-13.196136620622331,-2.3621162923118444,-2.8017000775845586,0.0,0.0,0.0,0.0,13.695515266439308,287.19376919940026,99570.13442807156,1.2078041814246383,339.7271847058504
15.15,146.72721446315626,-9.386755967127202,0.09089187235907678,-2.063535542453444,0.0,0.0,0.0,0.0,9.611328100415037,287.19627310598946,99574.69721331297,1.2078489981911953,339.728665662914
15.2,146.68290571792755,-7.863764030902596,-2.2824609283215134,-2.82900850002438,0.0,0.0,0.0,0.0,8.663238523568534,287.1965611128334,99575.22204941005,1.207854153231652,339.72883600662215
15.25,146.12830442390626,-9.374177244559062,-2.274518429253237,-2.215551670709432,0.0,0.0,0.0,0.0,9.897338142298914,287.20016602124457,99581.79147883329,1.2079186789857306,339.73096814826516
15.3,146.19590323975507,-12.57430666043006,-1.1087568853206795,-5.146084262696502,0.0,0.0,0.0,0.0,13.631753851212778,287.19972662894156,99580.990730493,1.2079108139791355,339.73070826814103
15.35,146.72798727996303,-10.419920506786005,-0.8708124214123864,-4.313268708309226,0.0,0.0,0.0,0.0,11.310939156016406,287.1962680826802,99574.68805933499,1.207848908279028,339.728662691841
15.4,146.7876246179559,-8.05139680744946,-0.10801215564533412,-5.717620064183895,0.0,0.0,0.0,0.0,9.875618278119743,287.1958804399833,99573.98165998813,1.2078419698813474,339.728433417658
15.45,146.1815528596984,-10.32439990941589,-2.1083040060794507,-1.1027546448755956,0.0,0.0,0.0,0.0,10.595010480334231,287.19981990641196,99581.16071887819,1.2079124836180333,339.73076343744583
15.5,145.79255346241544,-10.372880949930964,-1.6874462253375424,-0.12007325005310998,0.0,0.0,0.0,0.0,10.509926334195923,287.2023484024943,99585.76872672519,1.2079577436163362,339.7322589223908
15.55,145.72568162885779,-9.887487604469838,-3.6803889928006304,-2.9599914713933884,0.0,0.0,0.0,0.0,10.957610313275168,287.2027830694124,99586.5608942744,1.2079655242708336,339.73251600649706
15.6,145.5709769737174,-11.16975935317269,-3.212136457368583,-1.0318201397024123,0.0,0.0,0.0,0.0,11.668161698795602,287.2037886496708,99588.39355398729,1.207983524574302,339.7331107570223
15.65,145.55385560800417,-9.595857095117555,-3.216320144499455,-0.7074337779375424,0.0,0.0,0.0,0.0,10.145228001972056,287.203899938548,99588.59637850353,1.2079855167039475,339.7331765787738
15.7,145.6676159983466,-10.843147436241779,-0.056632237402753915,0.09622621767950057,0.0,0.0,0.0,0.0,10.843722286159803,287.2031604960107,99587.2487471794,1.2079722803393411,339.73273923561123
15.75,145.3902272202257,-8.671027158617086,-2.2876643685058102,-0.052370309313119284,0.0,0.0,0.0,0.0,8.967879509544257,287.2049635230685,99590.53478330359,1.2080045555550722,339.7338056346697
15.8,145.47445751628265,-6.921805654112873,-1.2189100402677815,0.58626575721177,0.0,0.0,0.0,0.0,7.052718818842393,287.20441602614414,99589.53695501274,1.2079947549771906,339.7334818183609
15.85,145.20461355734602,-11.067876828189023,-3.0196629673859205,-0.9502977677436516,0.0,0.0,0.0,0.0,11.511703947198434,287.20617001187725,99592.7336711103,1.2080261527633245,339.73451920973986
15.9,145.19134260096712,-9.264193134511954,-3.7994628626043045,-0.5291330032251338,0.0,0.0,0.0,0.0,10.027022200681007,287.2062562730937,99592.89088811258,1.2080276969260995,339.7345702286833
15.95,144.83349959039504,-8.620135128680761,-2.5571861317532845,-0.9034472863091942,0.0,0.0,0.0,0.0,9.036711102402624,287.2085822526624,99597.13022168708,1.2080693348756253,339.7359459195883
16.0,144.9705415336448,-9.168559005369584,-0.7876157836375648,1.776213798689064,0.0,0.0,0.0,0.0,9.372179485916398,287.20769148003126,99595.50668099523,1.2080533887993634,339.73541907649275
16.05,144.58140381608106,-8.1931239819955,-0.3164570410923909,-0.9689895795321583,0.0,0.0,0.0,0.0,8.256292536511086,287.21022087519543,99600.11686510817,1.208098668931916,339.73691507269973
16.1,144.59622335293878,-9.011413676046756,-1.184281423549297,-0.8633594598443584,0.0,0.0,0.0,0.0,9.129813168291516,287.2101245482059,99599.94129224056,1.2080969445042469,339.73685810077706
16.15,145.01017594482684,-9.994706178396555,-1.3518206637217394,-1.4809485080701643,0.0,0.0,0.0,0.0,10.193859876557976,287.2074338563586,99595.03713473582,1.208048777005235,339.73526670608516
16.2,144.76704617397195,-9.323139342211661,-2.6444403416302973,0.014663735461374977,0.0,0.0,0.0,0.0,9.690934265584218,287.20901419986916,99597.91750534977,1.2080770673928813,339.7362013923471
16.25,144.55475082025225,-9.303560869999446,-2.6458877619341963,0.34605270414306766,0.0,0.0,0.0,0.0,9.678673431032928,287.21039411966836,99600.432634238,1.2081017703266612,339.7370175369048
16.3,144.09863413888647,-12.81951374884578,-2.7348866494815463,0.17236237495870377,0.0,0.0,0.0,0.0,13.109128366549006,287.2133588780972,99605.83656395364,1.208154845900187,339.7387710172934
16.35,144.28937428566692,-10.931165849841278,-3.553701355178148,0.024243754176940607,0.0,0.0,0.0,0.0,11.494336340917982,287.21211906714313,99603.57670466225,1.208132650391712,339.7380377430717
16.4,143.9740010150753,-7.699589563374564,-3.424092765790984,-0.10268294661891522,0.0,0.0,0.0,0.0,8.427255454814158,287.214168993402,99607.3132200503,1.2081693490226029,339.739250151316
16.45,143.50101074542917,-8.910427967117853,-3.2205023820183714,0.1136077959046811,0.0,0.0,0.0,0.0,9.475245056518185,287.21724343015467,99612.91738085361,1.2082243904643537,339.7410684878651
16.5,143.77556591024936,-10.544339279198454,-3.5592155334152173,-0.8889987807050423,0.0,0.0,0.0,0.0,11.16429240392093,287.21545882158335,99609.66432028236,1.2081924404992854,339.74001300498844
16.55,143.02314197619955,-9.644232072094761,-3.7274718335760877,-0.4001086169826569,0.0,0.0,0.0,0.0,10.347238541558228,287.2203495771547,99618.57960317012,1.2082800015607376,339.7429055691541
16.6,143.5323949343259,-8.372384137635677,-2.5671397879130855,1.3245796573683546,0.0,0.0,0.0,0.0,8.8567225375719,287.21703943292687,99612.5455216569,1.2082207382557968,339.7409478365985
16.65,143.8556882945378,-9.688128467987683,-4.528983547145923,0.14300918501707316,0.0,0.0,0.0,0.0,10.695418496232444,287.21493802608546,99608.71500826534,1.2081831167849413,339.7397049868369
16.7,143.57612619767036,-11.186216157325159,-3.2086959762665566,-1.0522921201354563,0.0,0.0,0.0,0.0,11.6847969812321,287.2167551797151,99612.02736859293,1.2082156492202718,339.7407797189971
16.75,142.9018297114326,-11.901879349690804,-2.0266210533918807,-0.15456078691954578,0.0,0.0,0.0,0.0,12.074179640269595,287.2211381068757,99620.01706231729,1.2082941193633838,339.74337193094755
16.8,142.69401896166372,-10.003929177992639,-2.859647178556929,-1.1115941998339354,0.0,0.0,0.0,0.0,10.463834031999243,287.22248887674914,99622.47950251948,1.2083183037830976,339.7441708181307
16.85,142.56209024622595,-12.347154045106985,-1.9008864398397907,-5.6659203667400115,0.0,0.0,0.0,0.0,13.71744275996834,287.2233464133995,99624.04280898084,1.2083336574612205,339.74467799091843
16.9,142.71200583643272,-14.478069815897378,1.3423399009872803,0.897277482580258,0.0,0.0,0.0,0.0,14.567823752521406,287.22237196206316,99622.26636624774,1.2083162105075023,339.7441016712348
16.95,142.5570821978665,-10.907737710171409,-0.29537188507047263,-0.5050073682368765,0.0,0.0,0.0,0.0,10.923416084099289,287.22337896571383,99624.10215289216,1.2083342402937767,339.7446972433145
17.0,142.60621965387966,-8.355579938788297,-4.908244902382875,-0.6054212623465032,0.0,0.0,0.0,0.0,9.709434537610836,287.2230595722498,99623.51988961812,1.2083285217262885,339.74450834457946
17.05,142.02406001671218,-10.958808505318215,-0.5988241964053235,-1.2125513345871866,0.0,0.0,0.0,0.0,11.041936198576973,287.2268436098914,99630.41847381316,1.208396274207199,339.7467463295374
17.1,142.47276917875485,-6.511121854641553,-0.9705065073116399,-2.0192851833502186,0.0,0.0,0.0,0.0,6.885789957472042,287.22392700033805,99625.10124185681,1.2083440526060052,339.7450213669449
17.15,142.37396090665177,-9.26080124626562,-2.9255490115826444,-4.354788048366589,0.0,0.0,0.0,0.0,10.643564050082263,287.22456925410677,99626.27210640276,1.2083555519470075,339.7454012141266
17.2,142.08879610071625,-9.680823285233515,-1.8877579644735871,-0.6232229606355482,0.0,0.0,0.0,0.0,9.88283241135942,287.2264228253453,99629.6513329375,1.2083887399955746,339.74649746659867
17.25,141.95255286482399,-9.996185075807452,-2.283745726592093,-0.19063249619894307,0.0,0.0,0.0,0.0,10.255513217880923,287.2273084063786,99631.26585931478,1.2084045965011307,339.7470212220725
17.3,142.10797850025614,-8.440531716968724,-1.4386256138552842,0.3318304422449979,0.0,0.0,0.0,0.0,8.568683140622952,287.22629813974834,99629.4240170049,1.2083865074878013,339.74642372425444
17.35,141.66437699890753,-9.131700636217388,-2.1268276754399635,-0.5086373519577481,0.0,0.0,0.0,0.0,9.389891608869455,287.2291815495071,99634.68090625791,1.2084381360279797,339.7481290445915
17.4,141.499866439365,-7.451938526390491,-2.3978233645254075,0.3772417379983674,0.0,0.0,0.0,0.0,7.837299025650027,287.2302508681441,99636.6304919008,1.2084572830107811,339.74876146408695
17.45,141.1016991067929,-11.71954244890422,-2.8917929547233254,-0.6823561109531364,0.0,0.0,0.0,0.0,12.090316437827855,287.23283895580585,99641.34923063239,1.2085036256961836,339.75029211344275
17.5,141.24304644991352,-8.219742443868434,-3.7331819028199913,-3.789378108376346,0.0,0.0,0.0,0.0,9.790822203028549,287.23192019807556,99639.67408207853,1.2084871741269692,339.74974874162984
17.55,141.3184554795125,-9.963103173470085,-2.643960000778414,-2.401135743361089,0.0,0.0,0.0,0.0,10.583921871828611,287.23143003938316,99638.78039702187,1.2084783972590363,339.7494588515586
17.6,140.932461037894,-11.116964977476695,-1.6121055712128167,-4.4934883580644,0.0,0.0,0.0,0.0,12.098645887339586,287.2339390032537,99643.35495030311,1.2085233237223392,339.7509427025002
17.65,140.7762867567517,-7.3226518642918865,-1.6324082026967723,-3.424478450245914,0.0,0.0,0.0,0.0,8.247001850493778,287.2349541360811,99645.20587390682,1.2085415014407148,339.75154307032506
17.7,140.60188810141887,-10.014985077160265,-2.8590837674682104,-3.1432906284486317,0.0,0.0,0.0,0.0,10.879088291765814,287.23608772734076,99647.27281939764,1.2085618006105026,339.7522134953449
17.75,140.60279696664645,-9.299175769920247,-2.682815697876374,-1.626219065200862,0.0,0.0,0.0,0.0,9.814110174471574,287.2360818197168,99647.26204757963,1.2085616948222586,339.75221000147974
17.8,140.19345589508288,-7.640535094271613,-2.258228647553902,-2.43803666006982,0.0,0.0,0.0,0.0,8.331950306337266,287.2387425366819,99652.11362966357,1.2086093411876118,339.75378358925803
17.85,140.1580614769016,-10.37041801059409,-3.1626072014239646,-2.5634150675393856,0.0,0.0,0.0,0.0,11.140859519509299,287.23897260040013,99652.53313949204,1.2086134610845094,339.753919652037
17.9,140.03982643922396,-8.524736136682161,-2.4818034242814155,-1.178371861225597,0.0,0.0,0.0,0.0,8.956507951213906,287.239741128145,99653.93452224824,1.208627223676091,339.75437416929253
17.95,139.72875427922477,-8.508426547137434,-2.3282854061920633,-1.3486742685000295,0.0,0.0,0.0,0.0,8.923741229060493,287.241763097185,99657.62158643514,1.2086634331355217,339.7555699850493
18.0,139.77995887782896,-8.856291499626833,-3.3327832587036075,-2.838108141405947,0.0,0.0,0.0,0.0,9.879078965074235,287.2414302672941,99657.01466293474,1.2086574727545425,339.7553731459114
18.05,139.92797694911582,-8.865541604131614,-2.891706339962343,-2.528095537023726,0.0,0.0,0.0,0.0,9.661835257107537,287.24046814983075,99655.26023488374,1.2086402430985,339.75480413876784
18.1,139.56282248556303,-9.884108859228704,-3.141226884223682,-3.4138688906610994,0.0,0.0,0.0,0.0,10.918672771077839,287.2428416538438,99659.58838162124,1.2086827482877758,339.75620785414685
18.15,139.15524748251968,-9.514649248755042,-2.175673953669974,-4.2601928193424605,0.0,0.0,0.0,0.0,10.649476528801303,287.2454908913636,99664.41951539236,1.20873019271895,339.757774634389
18.2,139.3718379358692,-9.933479052465206,-1.1402773365058227,-4.909141804701802,0.0,0.0,0.0,0.0,11.138846966745918,287.24408305341683,99661.85216688243,1.208704979977543,339.75694202867527
18.25,139.11024858822432,-8.581332330266113,-2.0772294162601623,-3.5279505964227305,0.0,0.0,0.0,0.0,9.507922066416324,287.2457833841765,99664.95291516901,1.208735430975766,339.75794761653333
18.3,139.01147652256938,-8.160428062956518,-0.8147484125261473,-3.1072551148351626,0.0,0.0,0.0,0.0,8.769916504452674,287.2464254026033,99666.12372977089,1.20874692895132,339.7583273100811
18.35,138.82218899135685,-9.608166857246832,-1.1916545478397156,-4.920754308903761,0.0,0.0,0.0,0.0,10.860512597786464,287.24765577155614,99668.3675188232,1.2087689639921761,339.7590549564724
18.4,138.88103855076153,-7.8414898701908315,-1.6363698881325217,-4.178159092576055,0.0,0.0,0.0,0.0,9.034582624447475,287.24727324942,99667.66991964346,1.2087621132573776,339.7588287311228
18.45,138.8450834051144,-9.785617753508,-2.923940861656132,-3.0747401383352013,0.0,0.0,0.0,0.0,10.66591636468817,287.24750695786673,99668.0961293333,1.208766298827537,339.7589669473904
18.5,138.99045584880633,-7.7239312449845805,-2.590052100922949,-0.8317956765504722,0.0,0.0,0.0,0.0,8.188978435084104,287.2465620369827,99666.37290400433,1.2087493759615955,339.7584081164177
18.55,138.0876822050926,-9.129066964414653,-3.6225494730642254,-1.564041516438346,0.0,0.0,0.0,0.0,9.945298094612731,287.2524300656669,99677.07465124187,1.2088544711449252,339.76187848328357
18.6,138.36332695832505,-11.6594696394526,-2.5142931115503333,-0.04022227200054698,0.0,0.0,0.0,0.0,11.927552974322575,287.25063837477086,99673.80697769235,1.208822381589222,339.7608188765579
18.65,138.05634604469307,-8.006885211875666,0.4163858636416401,1.0649142856789773,0.0,0.0,0.0,0.0,8.088116617571545,287.2526337507095,99677.44613611471,1.2088581192275554,339.7619989424916
18.7,138.3368623128785,-7.945615997502294,1.6280979114060958,-3.640118932483914,0.0,0.0,0.0,0.0,8.890105861659753,287.25081039496627,99674.12070317887,1.2088254624783332,339.7609206095149
18.75,138.0157001683268,-9.801685312408662,0.1264148349305957,-3.9076745306962914,0.0,0.0,0.0,0.0,10.552674348800435,287.25289794890585,99677.92798776318,1.2088628511381279,339.76215518907753
18.8,137.6753074876619,-8.697917146070031,-0.45510827954095884,-3.6382297905869576,0.0,0.0,0.0,0.0,9.439152622726267,287.2551105013302,99681.96337335181,1.2089024795205818,339.76346368785676
18.85,137.68328409534305,-8.555501150393289,-0.9759545513138748,-4.2107095751689,0.0,0.0,0.0,0.0,9.585361878772767,287.2550586533803,99681.86880844276,1.2089015508756713,339.76343302514755
18.9,137.6853244854214,-8.77704232779036,-1.9334906642714336,-2.6329858900126473,0.0,0.0,0.0,0.0,9.365226792216731,287.2550453908447,99681.84461906076,1.2089013133314357,339.76342518172663
18.95,137.66896265734994,-8.740202983361073,-1.9791629023663213,-4.04355996912328,0.0,0.0,0.0,0.0,9.831511135545396,287.2551517427272,99682.03859313688,1.2089032181926742,339.76348807788304
19.0,137.48618021935783,-9.642918790732988,-2.053086115519507,-2.853907587082043,0.0,0.0,0.0,0.0,10.263811861000512,287.25633982857414,99684.20555115415,1.2089244980725165,339.76419070718606
19.05,137.33176943170417,-9.953340044706373,-3.6451683389567906,-3.1426384964725353,0.0,0.0,0.0,0.0,11.055876581456562,287.2573434986939,99686.0361817699,1.2089424750940434,339.76478427262015
19.1,137.2099593260774,-8.819726659918668,-2.6780118567998046,-1.658439285096897,0.0,0.0,0.0,0.0,9.36534819017388,287.2581352643805,99687.48033135239,1.2089566567791827,339.7652525181123
19.15,136.53893403229176,-9.73211495275133,-2.1453989354944003,-1.6298575989389137,0.0,0.0,0.0,0.0,10.098179728981131,287.2624969287901,99695.43614001307,1.2090347828699732,339.7678319687914
19.2,137.07817431170727,-8.400870956492115,-2.6412176124219346,-1.4531484160122141,0.0,0.0,0.0,0.0,8.925374144693285,287.2589918669739,99689.0427599904,1.208971999931784,339.76575910703656
19.25,136.81251296188893,-10.559768060794985,-3.202897226326828,-3.1953206413159063,0.0,0.0,0.0,0.0,11.488138497642579,287.2607186657477,99692.19247201593,1.2090029301731888,339.7667803217437
19.3,136.5045070097349,-11.26441300495178,-3.140642284502059,-4.237342668080693,0.0,0.0,0.0,0.0,12.438074898957085,287.2627207044367,99695.84432746957,1.2090387912413565,339.7679643072489
19.35,136.35100907495712,-9.806613833279833,-1.9573752777330347,-1.7551954322822239,0.0,0.0,0.0,0.0,10.152916027351957,287.26371844101277,99697.6643076447,1.2090566632774156,339.76855435706494
19.4,136.20537961328475,-8.414149832711153,-0.6629430230783329,-0.5951985724167548,0.0,0.0,0.0,0.0,8.46118621706013,287.2646650325136,99699.39101850218,1.209073619360066,339.7691141593306
19.45,135.76459233775964,-10.053756284782112,-1.8707603384674223,-2.547099250500911,0.0,0.0,0.0,0.0,10.538760566104578,287.26753014980454,99704.61752731983,1.2091249426763855,339.7708085479121
19.5,136.14748246727595,-9.004676970769188,-1.1982918993916125,-4.478159293958308,0.0,0.0,0.0,0.0,10.127883366533883,287.26504136396267,99700.07750466505,1.209080360552005,339.7693367167433
19.55,135.7872632368748,-9.033451096721453,-0.985490787966741,-4.330032726881547,0.0,0.0,0.0,0.0,10.065963154407559,287.2673827889603,99704.34870821776,1.2091223029367375,339.770721401064
19.6,135.46300940800447,-7.783662051676066,-2.4532311651145204,-3.245592373140253,0.0,0.0,0.0,0.0,8.78280182725179,287.2694904388479,99708.19358831769,1.2091600586160511,339.7719678293956
19.65,135.58783565101132,-9.34456403093596,-1.8080629154780647,-2.418762432068206,0.0,0.0,0.0,0.0,9.82040631223442,287.2686790682684,99706.71343140512,1.2091455239095878,339.7714879991625
19.7,135.1302279807739,-8.501823118326355,-2.5125883290994673,-3.654641395185671,0.0,0.0,0.0,0.0,9.589082342656152,287.27165351812494,99712.13971031198,1.2091988081752572,339.77324703297177
19.75,135.3926420440379,-10.155668546456567,-2.9275499542526537,-4.400789486330733,0.0,0.0,0.0,0.0,11.448803451152923,287.26994782671375,99709.02799394101,1.2091682522162843,339.77223832020394
19.8,134.897768478173,-10.854590393666372,-2.408033772426436,-4.428731019761633,0.0,0.0,0.0,0.0,11.968058226329763,287.27316450489184,99714.89628999635,1.209225876665481,339.7741405986937
19.85,134.70079659564348,-10.113934348292092,-3.2758968678673823,-3.1016889921935844,0.0,0.0,0.0,0.0,11.074459033955598,287.2744448221283,99717.23209434294,1.2092488132017642,339.7748977494787
19.9,134.6753122542997,-7.197896311948288,-3.068596086914353,-2.878904887501744,0.0,0.0,0.0,0.0,8.337510816392761,287.27461047034706,99717.53430535956,1.2092517807690237,339.77499570998214
19.95,134.1867241044411,-4.148818334168052,-4.128460031028952,-0.5333929511131577,0.0,0.0,0.0,0.0,5.87719183267228,287.2777862933211,99723.32846634202,1.2093086763204124,339.7768738123549
20.0,133.97929826803258,-10.476002849949893,-4.569036223226316,-4.435691115022332,0.0,0.0,0.0,0.0,12.259611877592233,287.27913456125776,99725.7884092718,1.209332831449645,339.7776711411929
20.05,134.12970191439757,-10.689389779601088,-1.9492677315387674,-19.167887642021398,0.0,0.0,0.0,0.0,22.033397722698492,287.2781569375564,99724.00470957131,1.2093153166250277,339.77709300142027
20.1,133.77409780188643,-8.614931541593773,-3.2364469083202234,-0.21572620261171194,0.0,0.0,0.0,0.0,9.205333880485599,287.28046836428774,99728.22200902585,1.2093567277935164,339.77845991403916
20.15,134.1546935380641,-9.478996699111809,0.43359112876023664,-3.2819367126330907,0.0,0.0,0.0,0.0,10.040442633392267,287.27799449200256,99723.7083259644,1.2093124063160818,339.7769969354916
20.2,133.59814306475442,-9.769657476713471,-1.9272945568899318,-5.059218820051602,0.0,0.0,0.0,0.0,11.169438955940683,287.28161207007906,99730.30880381394,1.2093772186530907,339.77913626737393
20.25,133.55483234572776,-8.80481404565237,-2.668045320201473,-4.9359532965947785,0.0,0.0,0.0,0.0,10.440634614587903,287.28189358975277,99730.82246737524,1.209382262456082,339.779302749467
20.3,133.80752094334457,-8.201348833133936,-2.201487505735588,-2.421393139234577,0.0,0.0,0.0,0.0,8.83016504123165,287.28025111386825,99727.82561995772,1.2093528355219727,339.77833143849864
20.35,133.1586654593088,-10.68465798406896,-3.2484955648206153,-2.9176375526941127,0.0,0.0,0.0,0.0,11.54241086428995,287.28446867451447,99735.52109173962,1.2094283993043686,339.7808255717605
20.4,133.2421288876021,-8.972946227212388,-2.598264007698593,-2.638128855881923,0.0,0.0,0.0,0.0,9.706928644549926,287.28392616223056,99734.5311826496,1.2094186791989936,339.7805047480146
20.45,132.91969706020268,-9.702094403051971,-2.2150812438790837,-2.467067235655377,0.0,0.0,0.0,0.0,10.252982076838014,287.2860219691087,99738.35539495095,1.2094562297644242,339.78174413691755
20.5,132.74801899837414,-9.126445759846181,-1.4770979426328283,-3.267564128865973,0.0,0.0,0.0,0.0,9.805651731312718,287.28713787651054,99740.39163616214,1.2094762238378192,339.78240404475525
20.55,132.81383755987903,-7.137891730489894,-2.1723209894740414,-3.1711712075923626,0.0,0.0,0.0,0.0,8.107083548685575,287.28671005586074,99739.6109706009,1.2094685584071472,339.782151047033
20.6,132.64609636288455,-9.216483024238256,-2.2135566367537507,-2.183438428143493,0.0,0.0,0.0,0.0,9.726808093597933,287.28780037364123,99741.60053730199,1.2094880941325425,339.7827958213235
20.65,132.44153594466897,-8.348153208154732,-2.5929507673937597,-0.5338910688035056,0.0,0.0,0.0,0.0,8.757859061568656,287.28913001635965,99744.0268577228,1.20951191827968,339.7835821220243
20.7,132.65447294364898,-8.48314071018071,-1.0848054084157592,-1.9570367356926237,0.0,0.0,0.0,0.0,8.773281704567783,287.28774592586626,99741.5011824963,1.2094871185609768,339.78276362291814
20.75,132.3990421681027,-11.988072363685912,-2.7603642746305606,-5.195570175510478,0.0,0.0,0.0,0.0,13.353929735260726,287.2894062259073,99744.53088848852,1.209516867366149,339.7837454617354
20.8,132.21726374013753,-7.429252264869628,-2.054905271801953,-3.1372707497270547,0.0,0.0,0.0,0.0,8.322192778843982,287.29058778568907,99746.68703738734,1.2095380385743222,339.7844441898935
20.85,132.15939726635585,-9.120420725229055,-1.820144963374082,-3.0383243768902797,0.0,0.0,0.0,0.0,9.783987781681322,287.29096391776864,99747.37342341612,1.2095447781747808,339.78466661936596
20.9,131.48046675896978,-9.495214238397425,-2.163990895845367,-4.311631983323136,0.0,0.0,0.0,0.0,10.650451651924525,287.29537696606667,99755.42687674763,1.209623854092831,339.7872763088006
20.95,131.5418523549144,-8.969218537010294,-0.5164210898908517,-3.091577989674115,0.0,0.0,0.0,0.0,9.501127636916081,287.29497795969303,99754.69870099875,1.2096167042701127,339.7870403541928
21.0,131.3695418717815,-10.093982108456041,-1.9304544231466456,-3.2801372959072057,0.0,0.0,0.0,0.0,10.787698075385617,287.29609797783337,99756.74271447204,1.2096367740343859,339.78770268264844
21.05,131.445747101304,-8.138036163381091,-2.1729028597540756,-2.748132730077463,0.0,0.0,0.0,0.0,8.860100052287722,287.2956026438415,99755.8387344369,1.2096278980427517,339.7874097645182
21.1,130.68008122353223,-7.939687170092802,-3.2644947896114345,-2.1676490522868854,0.0,0.0,0.0,0.0,8.85405336578771,287.300579472047,99764.9217021924,1.2097170811152538,339.79035282425474
21.15,130.9630051145517,-7.553423053074103,-4.827123109263328,-4.105517942256609,0.0,0.0,0.0,0.0,9.859543341599869,287.2987404667554,99761.5653448317,1.2096841261785733,339.7892653268714
21.2,130.9113309468737,-9.533271379502592,-5.38084851833962,-0.8469731345636126,0.0,0.0,0.0,0.0,10.97971572779703,287.2990763488453,99762.17835436402,1.2096901451273914,339.78946395129805
21.25,130.43998302675854,-7.416062469219943,-6.059680426820585,-0.321794602448051,0.0,0.0,0.0,0.0,9.58234111210459,287.30214011032604,99767.77008533578,1.2097450482595928,339.79127570633227
21.3,130.40976585005265,-8.689509453813042,-4.136220884645266,-0.8475565186089017,0.0,0.0,0.0,0.0,9.660965262680449,287.3023365219746,99768.12856873148,1.2097485680551079,339.79139185401084
21.35,130.22833658656612,-8.408476432253977,-5.744414123494687,0.11196285419615781,0.0,0.0,0.0,0.0,10.183972958266118,287.3035158121873,99770.28098825802,1.2097697016935096,339.79208922434276
21.4,130.6479120405594,-7.260663929598829,-7.324212221434552,0.5927167917619591,0.0,0.0,0.0,0.0,10.330180954776415,287.30078857173635,99765.30333455157,1.2097208282208365,339.7904764753181
21.45,130.39476307555572,-9.602960881951557,-6.482368606222672,0.9917727628349429,0.0,0.0,0.0,0.0,11.628481141590862,287.30243404000885,99768.30655548745,1.2097503156302325,339.79144952111193
21.5,130.05401466008317,-8.478370121648723,-4.383015455336142,0.9507841256453726,0.0,0.0,0.0,0.0,9.591536626368088,287.30464890470944,99772.34912400214,1.209790007705676,339.7927592744371
21.55,129.97701599526474,-8.105365672305725,-0.6712797552768032,0.007439219057422675,0.0,0.0,0.0,0.0,8.133118991728617,287.30514939603074,99773.26263856069,1.2097989770323057,339.793055237718
21.6,130.01581402793323,-8.69284178523741,-0.10947818410730237,2.1281495249016142,0.0,0.0,0.0,0.0,8.95022369420474,287.30489720881843,99772.80233664573,1.2097944575680006,339.792906107982
21.65,130.24748228900575,-8.327543692117597,-0.9500624070725983,0.9346329237249239,0.0,0.0,0.0,0.0,8.433512982356211,287.30339136512146,99770.05384791172,1.2097674715087927,339.79201563294765
21.7,129.98058908156403,-8.450807918267898,-4.698757723918599,0.0812727486803917,0.0,0.0,0.0,0.0,9.669595848804757,287.3051261709698,99773.22024720362,1.2097985608138573,339.79304150368887
21.75,130.01355968378633,-7.827944447490312,-4.9904939853000805,1.8482605406380843,0.0,0.0,0.0,0.0,9.465612051863866,287.30491186205535,99772.82908225697,1.2097947201693093,339.7929147731073
21.8,129.4780833710281,-8.506743861425107,-5.298779348635039,0.37877882664038554,0.0,0.0,0.0,0.0,10.02921866891564,287.3083924580883,99779.18215488979,1.2098570973206408,339.7949730015615
21.85,129.13820159545764,-7.7432061924466575,-5.715092821562457,-0.8211220563320638,0.0,0.0,0.0,0.0,9.658869992354902,287.3106016896295,99783.2147975188,1.2098966911177378,339.79627941019515
21.9,129.16734585691123,-8.193734346332452,-2.869909693584162,-1.123141590882101,0.0,0.0,0.0,0.0,8.754148229311953,287.3104122519301,99782.86900036888,1.2098932959807704,339.796167388161
21.95,129.06993828196775,-10.716294963037518,2.4999600056901174,0.411906458417506,0.0,0.0,0.0,0.0,11.011741219959697,287.3110454011672,99784.02474667417,1.2099046434252962,339.7965417943023
22.0,128.89841541092488,-9.273855148344646,-1.7550040998963505,-1.0379311599287868,0.0,0.0,0.0,0.0,9.495353063255868,287.312160299829,99786.05990144706,1.209924625090414,339.7972010768957
22.05,128.5803370645205,-9.842938346621407,-0.015483772664656809,0.44860070165368615,0.0,0.0,0.0,0.0,9.853167898302061,287.3142278090806,99789.83405657338,1.2099616804963136,339.79842367149854
22.1,128.75739570074546,-9.34071166921826,-0.8673171548060009,-2.219821766518928,0.0,0.0,0.0,0.0,9.639955508694124,287.31307692794513,99787.73315500679,1.2099410534596613,339.79774311350764
22.15,128.66377864968098,-8.6066340007749,-2.9749311727219108,0.3819392271937879,0.0,0.0,0.0,0.0,9.114287787808575,287.31368543877704,99788.84397017719,1.209951959656898,339.7981029483263
22.2,128.47758450382952,-10.160168846611834,-4.5240817052382285,-4.0559353797733,0.0,0.0,0.0,0.0,11.838368049365151,287.31489570072506,99791.05329065467,1.2099736511221069,339.79881861956255
22.25,128.22232398531898,-7.452854266247673,-2.6189161619714825,0.12875969574319468,0.0,0.0,0.0,0.0,7.900654253706428,287.3165548940954,99794.08219510007,1.2100033892465591,339.799799757578
22.3,127.72875285231132,-11.275175337001468,-0.6841506827235285,-1.2818000715091324,0.0,0.0,0.0,0.0,11.368405889134943,287.31976310645996,99799.93908868506,1.2100608923993166,339.8016968756823
22.35,127.80497747579889,-10.77904246225489,-1.8929935665384579,-2.157322030664133,0.0,0.0,0.0,0.0,11.154605299607816,287.3192676464073,99799.03456155994,1.2100520117674334,339.80140389507176
22.4,127.85622302892375,-9.582508746375288,-2.8252858098380633,-0.5365413682710122,0.0,0.0,0.0,0.0,10.004728403185032,287.31893455031195,99798.42645480539,1.2100460413770828,339.80120692506944
22.45,127.59130324235015,-9.628179616653304,-2.7677119760118853,-1.5268009936610407,0.0,0.0,0.0,0.0,10.133765025248124,287.3206565289247,99801.57016501905,1.2100769062402326,339.8022251829422
22.5,127.41565277909376,-7.824887331972336,-3.235958107909137,-0.84111289139357,0.0,0.0,0.0,0.0,8.509274794615136,287.3217982569359,99803.65459168376,1.2100973709837257,339.802900319457
22.55,127.34854789945392,-7.178955443276481,-2.7611455824903253,-1.1800474181361875,0.0,0.0,0.0,0.0,7.781634667170178,287.32223443865354,99804.45092795578,1.210105189331604,339.8031582458611
22.6,126.86456966723684,-7.451961793472709,-2.165630249661433,-3.8934063451972483,0.0,0.0,0.0,0.0,8.682183015719481,287.32538029716295,99810.19446923085,1.2101615784795128,339.8050184738608
22.65,126.67709201841285,-7.824692977605738,-2.178625263601021,-2.256721175215681,0.0,0.0,0.0,0.0,8.430007040071795,287.3265989018803,99812.41940487619,1.2101834223675085,339.8057390638049
22.7,126.4979152566227,-9.17199884764268,-2.5829152670649207,-1.5780296031726737,0.0,0.0,0.0,0.0,9.658529472258445,287.32776355083195,99814.54586530084,1.2102042993626703,339.8064277469937
22.75,126.58303504416187,-9.300078391687983,-2.8991453381199523,-0.8969385624485215,0.0,0.0,0.0,0.0,9.782688820967966,287.32721027221294,99813.53566354643,1.2101943814942457,339.80610058104344
22.8,126.84167950011475,-9.246520427174262,-2.6722191800067145,-1.202690198235395,0.0,0.0,0.0,0.0,9.699760773806648,287.32552908324925,99810.46612158814,1.210164245502591,339.8051064546932
22.85,126.25343830759681,-9.858754614176297,-1.9489711444502036,-1.0133568928809717,0.0,0.0,0.0,0.0,10.100515989630992,287.3293526510006,99817.44736410126,1.2102327853318624,339.8073674155074
22.9,126.56455985190183,-9.208558522011348,-2.7060672655694518,-1.04762355969997,0.0,0.0,0.0,0.0,9.654939938805047,287.3273303609626,99813.75492644987,1.2101965341555894,339.8061715922182
22.95,126.13790305331,-9.402965194613268,-1.1651404225240078,-0.3196845069614147,0.0,0.0,0.0,0.0,9.480269238755781,287.3301036301535,99818.81858217643,1.210246247449021,339.8078114844475
23.0,126.17751980096916,-8.088004866817519,-0.5102651980704314,-0.8458802141471102,0.0,0.0,0.0,0.0,8.148110617481287,287.32984612129366,99818.3483932342,1.2102416313100524,339.8076592143919
23.05,125.82186991467587,-9.018663041701137,-1.302515848101163,-2.260715430747114,0.0,0.0,0.0,0.0,9.388485759328754,287.3321578455546,99822.56946633532,1.2102830720770066,339.80902617998987
23.1,125.61167136465015,-10.342205319175836,-3.1184218042528924,-1.8093440220609376,0.0,0.0,0.0,0.0,10.9526020288969,287.33352413612977,99825.06430085724,1.210307565183813,339.80983409046075
23.15,124.98812868321319,-8.137612037433643,-1.2825952085005023,-1.5333311437092978,0.0,0.0,0.0,0.0,8.379551571350476,287.3375771635591,99832.46539017993,1.2103802248973856,339.8122307020739
23.2,124.81833168955792,-9.14115402650631,-3.2457013300864697,-3.6246435073426886,0.0,0.0,0.0,0.0,10.355351979327361,287.33868084401786,99834.48085880338,1.2104000114521,339.81288332078503
23.25,125.25386154715261,-9.87707393102112,-3.3001751081182116,-3.063580878011397,0.0,0.0,0.0,0.0,10.855103545301498,287.33584989994347,99829.31124116045,1.2103492593696337,339.81120934908887
23.3,124.55139125592413,-8.04988655388807,-1.0158075486619378,-2.479053911328154,0.0,0.0,0.0,0.0,8.483999457900616,287.34041595683647,99837.64947426412,1.21043111869572,339.8139093100426
23.35,123.98911989501087,-8.978603849936592,-3.5470316443819954,-2.192518967775018,0.0,0.0,0.0,0.0,9.899691914620206,287.3440707206824,99844.32397021702,1.2104966435998705,339.8160703976794
23.4,124.30215869161351,-6.939367579860284,-3.676794849546454,-2.209935332529469,0.0,0.0,0.0,0.0,8.158275366033525,287.3420359685045,99840.60796866847,1.2104601629486529,339.81486723606264
23.45,124.15921617964055,-9.274780305375005,-3.006720559740914,-3.475430906322848,0.0,0.0,0.0,0.0,10.350871375008234,287.3429650948323,99842.3047878884,1.210476820958189,339.81541663476696
23.5,123.92646950140961,-8.896034165823169,-2.4151630092010286,-3.1401630451971143,0.0,0.0,0.0,0.0,9.738226747767158,287.3444779482408,99845.06769007674,1.2105039447996049,339.81631119335566
23.55,124.53633109669241,-7.512328807271928,-2.469273581280372,-3.430998836353348,0.0,0.0,0.0,0.0,8.619985449108071,287.3405138478715,99837.82824261529,1.210432873712377,339.8139671938811
23.6,123.9892018864476,-10.789519086678297,-4.491358337623273,-4.903471844845662,0.0,0.0,0.0,0.0,12.67399139860555,287.34407018773805,99844.32299690352,1.2104966340447119,339.81607008254673
23.65,123.77115587687868,-8.213042570449685,-1.5974096476673791,-1.5160474580961742,0.0,0.0,0.0,0.0,8.50318679917591,287.34548748680027,99846.91143011331,1.2105220450034693,339.81690813778005
23.7,123.5487047522889,-7.764661057762392,-2.3983887725076833,-0.6236671838447522,0.0,0.0,0.0,0.0,8.15053316061149,287.3469334191101,99849.55221262034,1.210547969752383,339.81776312185
23.75,123.32645665316764,-8.109191044936736,-1.131440435971475,1.0034647549479132,0.0,0.0,0.0,0.0,8.249004690134207,287.3483780317544,99852.19064143047,1.2105738712646104,339.8186173234497
23.8,123.09190985187423,-8.120769802012562,-4.548587840298299,-0.9879301882696034,0.0,0.0,0.0,0.0,9.360158095624406,287.3499025859628,99854.97513609004,1.2106012065671867,339.8195187922861
23.85,122.85926610691801,-9.018878297863477,-3.7169060212004643,-1.994173981860484,0.0,0.0,0.0,0.0,9.956519773095335,287.351414770305,99857.73710014134,1.2106283205441695,339.8204129444587
23.9,123.05266429061653,-8.179490647635065,-2.709621922308123,-1.0256805895630619,0.0,0.0,0.0,0.0,8.677450022236295,287.350157682111,99855.44105800986,1.210605780494873,339.8196696303937
23.95,122.85233745931161,-8.680789135079085,-1.5283266764693677,0.357504936708835,0.0,0.0,0.0,0.0,8.821547042185184,287.35145980651447,99857.8193585159,1.21062912806577,339.820439574261
24.0,122.61457153551952,-9.912527509814606,-3.371978532830733,-2.9221186337944514,0.0,0.0,0.0,0.0,10.87047460641307,287.3530052850191,99860.64219926068,1.2106568395125326,339.82135341071586
24.05,122.1993823203501,-7.907389710570382,-1.6942618971851648,-3.6718621435765844,0.0,0.0,0.0,0.0,8.881436089536347,287.3557040149177,99865.57162670662,1.2107052306793706,339.8229491551078
24.1,121.98205639276749,-9.534115999246191,-2.603956324697057,-5.250857179453449,0.0,0.0,0.0,0.0,11.19157976100916,287.357116633447,99868.15195627681,1.2107305610583745,339.8237844258158
24.15,122.04660487219617,-8.589908103882074,-2.5666910134001144,-4.414553181393058,0.0,0.0,0.0,0.0,9.99313283123743,287.3566970683307,99867.38556095121,1.2107230375812401,339.82353634033365
24.2,122.1827998523886,-9.027484779794548,-3.8685132599303373,-4.536489005069958,0.0,0.0,0.0,0.0,10.818530805280341,287.35581180095943,99865.76850988313,1.2107071634312412,339.8230128882557
24.25,122.18429131444086,-9.216053069557512,-2.405566087023294,-4.652136275755769,0.0,0.0,0.0,0.0,10.600224257445678,287.3558021064561,99865.75080178324,1.210706989595376,339.8230071559628
24.3,121.48495770259763,-10.699254352179235,-0.9702462775568159,-3.105584327783929,0.0,0.0,0.0,0.0,11.183026224985628,287.3603477749331,99874.05425506775,1.210788501818756,339.8256949677472
24.35,121.98631062148552,-7.127689517465857,0.23972630946228735,-1.9244412907526374,0.0,0.0,0.0,0.0,7.386805861967319,287.3570889809603,99868.10144493252,1.210730065203726,339.8237680751282
24.4,122.03322438239722,-11.364158093401041,-1.1996708553444793,-5.4942377945836895,0.0,0.0,0.0,0.0,12.679508991928953,287.3567840415144,99867.54442944314,1.210724597147326,339.82358776689324
24.45,121.58885008132901,-8.989119960026068,-2.4231434623344668,-1.3208582340366,0.0,0.0,0.0,0.0,9.403221169855339,287.3596724744713,99872.82066608539,1.2107763921699035,339.82529567016604
24.5,120.94143533034793,-6.114135375632401,-3.530501649026939,-0.6336295577883425,0.0,0.0,0.0,0.0,7.088623258563298,287.3638806703527,99880.50808847294,1.2108518560519363,339.82778392149555
24.55,120.93503494862425,-11.088806934456167,-3.3106816916439463,-1.9003552287213,0.0,0.0,0.0,0.0,11.727472126948673,287.3639222728339,99880.58408919134,1.2108526021104395,339.827808520409
24.6,121.08988888739368,-13.188417748924358,-0.5987732575846649,-4.789546247232684,0.0,0.0,0.0,0.0,14.043954051068463,287.36291572223195,99878.74530409873,1.2108345517079466,339.82721336186916
24.65,120.53378727725894,-11.397020429220767,-0.9332190301771245,0.058068427424504424,0.0,0.0,0.0,0.0,11.435311292860542,287.3665303826978,99885.348759639,1.210899374122439,339.8293506524926
24.7,120.30915813085907,-11.188443979920006,-1.4046428925859944,0.10513758844384688,0.0,0.0,0.0,0.0,11.276761692081834,287.3679904721494,99888.01622957086,1.2109255589454841,339.83021397610116
24.75,120.39914573397307,-10.270059083552063,-1.9642623727259725,-0.5023325138048353,0.0,0.0,0.0,0.0,10.468274843687606,287.36740555272917,99886.947620332,1.210915069117321,339.8298681244415
24.8,120.0424402234278,-10.187559285768325,-3.2852779663836706,-0.4980887429081369,0.0,0.0,0.0,0.0,10.7157597916929,287.3697241385477,99891.18357822497,1.2109566505811094,339.8312390577979
24.85,120.05868994863282,-8.531510316282167,-1.2003857371916502,0.4544873342453186,0.0,0.0,0.0,0.0,8.627522989356308,287.36961851533385,99890.99060593353,1.210954756313117,339.8311766050273
24.9,119.57772303136557,-9.54860599814177,-2.7084976985281504,-1.505732875342228,0.0,0.0,0.0,0.0,10.038877814903799,287.3727448002961,99896.7024172407,1.2110108246967741,339.8330251062939
24.95,119.13363350159105,-9.263214062595564,-5.204092801419984,-5.650372451561522,0.0,0.0,0.0,0.0,12.03396964831742,287.37563138223965,99901.97651915556,1.211062595888094,339.83473186768396
25.0,118.91362986098692,-9.168752589406413,-3.6047855864448692,-2.2960211419964915,0.0,0.0,0.0,0.0,10.115938723345568,287.3770614059036,99904.58941280238,1.211088244160184,339.83557740058717
25.05,119.30141817723596,-12.882963321771076,-1.83107636114379,-1.66507360971136,0.0,0.0,0.0,0.0,13.118538589194898,287.37454078184794,99899.98384608341,1.2110430356410302,339.83408702483223
25.1,119.15022303888117,-8.825471484759005,-0.7639513478224584,-0.04195406026213583,0.0,0.0,0.0,0.0,8.858573741483815,287.37552355024724,99901.77949422057,1.2110606618780093,339.8346681095645
25.15,119.12732874292021,-9.6721693913636,-0.5128150860302448,-2.69102389945337,0.0,0.0,0.0,0.0,10.052633967031742,287.375672363171,99902.05139743662,1.2110633308981735,339.8347560985891
25.2,118.82325175791104,-8.73246987653116,-2.141026855653412,-1.3216418621650732,0.0,0.0,0.0,0.0,9.08772597259515,287.37764886357354,99905.66281276305,1.211098780661602,339.835924747229
25.25,118.62525732342355,-11.044355766815201,-1.1128998493173974,-4.227885942096444,0.0,0.0,0.0,0.0,11.878188410610921,287.3789358273977,99908.01437979979,1.2111218635845762,339.83668569028316
25.3,118.4502722061516,-12.25466977570464,-1.8482574869316457,-5.3060640707827424,0.0,0.0,0.0,0.0,13.48136873514033,287.38007323066,99910.09270397999,1.211142264276481,339.83735820125094
25.35,118.67240779880512,-7.880592250928495,0.19652510010500157,1.038645896232082,0.0,0.0,0.0,0.0,7.951172343631175,287.37862934930774,99907.45437260083,1.2111163665773528,339.83650447914846
25.4,118.54470877467274,-8.881101099779732,0.17304996796309435,-2.9716520380197915,0.0,0.0,0.0,0.0,9.366675977687494,287.3794593929646,99908.97106250653,1.2111312543284172,339.83699525838955
25.45,118.47183927410835,-9.818042403777575,-1.6129883096269122,-3.0635467235111564,0.0,0.0,0.0,0.0,10.41061988819607,287.37993304471826,99909.83654682495,1.211139749859249,339.83727531376087
25.5,118.1396856292822,-8.729233819074196,-1.0244049490374803,-2.238656335027401,0.0,0.0,0.0,0.0,9.069758031724962,287.38209204340967,99913.78167301277,1.2111784747522754,339.83855185879816
25.55,118.19799942297277,-9.833122672767013,-1.4385664517390988,-2.7228022950789423,0.0,0.0,0.0,0.0,10.304049071692209,287.38171300375063,99913.08904684309,1.2111716760365971,339.83832774544027
25.6,118.07267320366101,-9.39920911943628,-1.6809699927028485,-4.6202686635816566,0.0,0.0,0.0,0.0,10.607434878939214,287.3825276241762,99914.57762259366,1.2111862876641486,339.83880940282216
25.65,118.20393285838792,-9.384086158103447,-3.302393398601356,-2.3958920415075875,0.0,0.0,0.0,0.0,10.232652337316749,287.38167443642044,99913.01857226618,1.211170984268108,339.8383049418713
25.7,117.62521491796569,-10.796329531965108,-2.317316990390399,-1.14508747662755,0.0,0.0,0.0,0.0,11.101437507181815,287.3854361030332,99919.89250338945,1.2112384573677017,339.8405290819886
25.75,117.38843276218257,-7.712938481602002,-1.0812441399819332,-0.7380973413339782,0.0,0.0,0.0,0.0,7.823253581247801,287.3869751870458,99922.70507926021,1.2112660647816098,339.84143908360863
25.8,116.91221816315412,-8.875837017076986,-0.7586605924557428,-3.3469441865527974,0.0,0.0,0.0,0.0,9.516201134704906,287.3900705819395,99928.36190610005,1.2113215900751237,339.8432692650599
25.85,116.93307695274743,-9.702509231705125,-0.733698735394233,-4.22575138511833,0.0,0.0,0.0,0.0,10.608203146361394,287.3899349998071,99928.11412464388,1.21131915795768,339.84318910105065
25.9,116.91714494560826,-7.991918786182069,0.6180403539449414,-0.6874298584970164,0.0,0.0,0.0,0.0,8.045203513546907,287.39003855785353,99928.30338083128,1.2113210156160679,339.84325033056723
25.95,116.75277253498241,-9.023520575259438,-1.372351765003761,-1.547074478747601,0.0,0.0,0.0,0.0,9.25746792496909,287.3911069785226,99930.25597634766,1.2113401814256133,339.84388204212075
26.0,116.14579873647747,-10.166627362570457,-1.5573392698802335,-3.000317472247863,0.0,0.0,0.0,0.0,10.71389389835242,287.3950523082129,99937.46654357217,1.2114109565306015,339.8462147370506
26.05,116.4110986393302,-10.821950882433269,-1.1477654241603024,-3.870798373826764,0.0,0.0,0.0,0.0,11.550543988120905,287.3933278588443,99934.3148519404,1.2113800213160304,339.8451951501356
26.1,116.14984147659746,-8.35771930199213,-0.013949908629189711,-2.484935165770366,0.0,0.0,0.0,0.0,8.719321608297562,287.3950260304021,99937.41851630085,1.2114104851235836,339.84619920022305
26.15,116.44591813943556,-9.741776466795477,-1.4253242131741555,-4.7375579278952795,0.0,0.0,0.0,0.0,10.926033725091374,287.3931015320936,99933.90121160049,1.2113759612436648,339.8450613334001
26.2,116.29292488552935,-8.46574292324896,-0.8912181610910366,-2.8312949062023236,0.0,0.0,0.0,0.0,8.971025799711288,287.39409598824403,99935.71871447361,1.2113938008560436,339.8456493097942
26.25,116.0785089142489,-10.5140440126242,-3.0597941212314583,-0.27810836012995543,0.0,0.0,0.0,0.0,10.95375761205695,287.39548969205737,99938.26594139347,1.2114188029359638,339.84647334134144
26.3,115.61319070290642,-10.191759248931886,-0.08498444400791916,2.4820922699524792,0.0,0.0,0.0,0.0,10.48999337370953,287.3985142604311,99943.79402702562,1.211473062953119,339.84826161956374
26.35,115.82778265287295,-6.164583714002594,-1.1563953692298639,2.045101207469065,0.0,0.0,0.0,0.0,6.597104028716973,287.3971194127563,99941.24459534376,1.2114480394958522,339.8474369160438
26.4,115.71589319106793,-9.905520897998588,-1.0446412851436566,-2.00889772338644,0.0,0.0,0.0,0.0,10.161018144769773,287.397846694258,99942.57387693545,1.2114610868192905,339.8478669213939
26.45,114.94226068096135,-10.379532423237391,-2.8558072284239113,-4.356097813508153,0.0,0.0,0.0,0.0,11.613178566258465,287.40287530557373,99951.76526338253,1.2115513023098883,339.8508400740697
26.5,115.21596761664983,-8.661399969888004,-2.5493151661322266,-1.2332953825168294,0.0,0.0,0.0,0.0,9.112621727866522,287.40109621049174,99948.51332306802,1.211519383976996,339.84978819194566
26.55,115.24643455546907,-9.747410157344007,-4.056347582477179,-1.8152405252106432,0.0,0.0,0.0,0.0,10.712658803944452,287.40089817538944,99948.15134752663,1.2115158311148726,339.8496711043631
26.6,114.62980220889261,-9.303875000322167,-5.2531398119733055,-4.985141575648768,0.0,0.0,0.0,0.0,11.790216471084006,287.4049062856422,99955.47771942294,1.2115877404393887,339.8520408781019
26.65,114.7446247126064,-7.350399805033938,-2.4021155689371376,-1.5368850436991428,0.0,0.0,0.0,0.0,7.884196353333627,287.404159939368,99954.11344995952,1.211574350027289,339.8515996061131
26.7,114.4215090863197,-9.739871197593068,-3.568720662333768,-4.136823427937345,0.0,0.0,0.0,0.0,11.16754969478096,287.4062601909389,99957.95260332042,1.2116120315307661,339.8528413636299
26.75,114.48686706278974,-8.47215620192255,-3.309143870820717,-4.801092417165515,0.0,0.0,0.0,0.0,10.284860342548615,287.40583536409184,99957.17603175514,1.2116044094599356,339.85259018840446
26.8,114.11595501580702,-8.11569376128458,-2.2142731045850805,-5.782706668239434,0.0,0.0,0.0,0.0,10.208192152361903,287.4082462923972,99961.58320590855,1.211647665843499,339.8540156266006
26.85,114.0697703153286,-7.901433042387491,-0.9204290545051445,-4.286412694545163,0.0,0.0,0.0,0.0,9.036214226968504,287.40854649295034,99962.13198318797,1.211653052063263,339.8541931168747
26.9,113.85605231185411,-8.011022886451887,-2.254562854061083,-5.0610611191770625,0.0,0.0,0.0,0.0,9.740322428041782,287.4099356599729,99964.6714616362,1.2116779768357007,339.8550144453857
26.95,113.76378746340805,-9.372938431980591,-1.474852587874228,-4.500352697203151,0.0,0.0,0.0,0.0,10.501444634186374,287.4105353814878,99965.76780373497,1.2116887373061414,339.85536902299856
27.0,113.8090589326851,-8.704929841698874,-1.793437731949777,-3.128794182190447,0.0,0.0,0.0,0.0,9.422397544244753,287.4102411169375,99965.22986181316,1.2116834574714266,339.8551950429237
27.05,113.54871968400496,-8.996054034156236,-3.5416070705542824,-2.577778952383171,0.0,0.0,0.0,0.0,10.005843950162747,287.4119333220539,99968.32339616334,1.2117138200620141,339.8561955358969
27.1,114.0796578152732,-8.435867074745257,-2.697138935423449,-3.318204596644217,0.0,0.0,0.0,0.0,9.457742515259074,287.4084822242007,99962.01449742452,1.2116518989472265,339.8541551186914
27.15,113.69588155591015,-9.65984271378716,-3.549321718130038,-3.878376191301088,0.0,0.0,0.0,0.0,10.997820138334122,287.4109767698866,99966.57470560788,1.2116966569400183,339.8556299879617
27.2,113.33499786254453,-10.169803239013122,-2.8182820708085887,-3.9891344940857794,0.0,0.0,0.0,0.0,11.281879531478252,287.41332251389343,99970.86304734315,1.211738746236067,339.8570168742413
27.25,112.86181281431415,-7.516532087253773,-2.589897742662954,-4.003760858610121,0.0,0.0,0.0,0.0,8.901456394832515,287.4163982167069,99976.48607958386,1.211793934756748,339.8588353292408
27.3,113.13215814032745,-8.034074972133427,-3.3506186623892384,-3.0407694382452526,0.0,0.0,0.0,0.0,9.220590266093495,287.41464097208785,99973.27343512439,1.2117624036039927,339.85779639056824
27.35,112.83502480932367,-9.15405609881141,-1.3411151319136536,-2.7289064470604965,0.0,0.0,0.0,0.0,9.645841759745101,287.4165723387394,99976.80441897489,1.2117970591529792,339.8589382755281
27.4,112.58393441530858,-8.92463377965969,-3.0698563692145657,-1.5297330283584,0.0,0.0,0.0,0.0,9.561024493572882,287.41820442630046,99979.7883303208,1.21182634516763,339.859903214247
27.45,112.41687830273189,-9.556537137541703,-3.865655031804095,-2.374104627498515,0.0,0.0,0.0,0.0,10.578613504067343,287.4192902910322,99981.77363391116,1.2118458301148647,339.860545208262
27.5,112.78297674137549,-8.581005691967086,-1.181054776810985,0.4652842977300131,0.0,0.0,0.0,0.0,8.67438980845994,287.416910651181,99977.42294256848,1.2118031297528373,339.8591382961331
27.55,112.9416339877612,-8.592239574966236,-1.556700527851833,0.4141809968405579,0.0,0.0,0.0,0.0,8.741935903744317,287.4158793790795,99975.53751721863,1.2117846249184583,339.8585285763338
27.6,112.57280818132848,-9.981396153647754,-4.2452870540281635,-0.633603116409381,0.0,0.0,0.0,0.0,10.865182200786004,287.41827674682133,99979.92055407587,1.2118276428922934,339.8599459722271
27.65,112.04800352988019,-9.08415149958202,-0.9857491864580805,0.584342820462821,0.0,0.0,0.0,0.0,9.156143645541363,287.42168797705574,99986.15747409214,1.211888855462416,339.8619627839211
27.7,111.92595106501602,-8.164094309924796,-0.2878485568865222,0.7914391839090442,0.0,0.0,0.0,0.0,8.207415468640216,287.42248131807736,99987.60802365538,1.2119030918510787,339.8624318269022
27.75,112.14956039741062,-8.982958202304543,-1.7855237908604527,-0.9263696393897456,0.0,0.0,0.0,0.0,9.205421988201422,287.4210278574168,99984.95052030549,1.211877009809509,339.8615725042478
27.8,111.29562016436863,-8.369742084895263,-2.4864110039006837,-1.0642792400309142,0.0,0.0,0.0,0.0,8.795880430562145,287.4265784689316,99995.09955051329,1.2119766166608386,339.8648541542793
27.85,111.51673256777559,-6.648477281388523,-2.425024252321947,-1.4096585590475619,0.0,0.0,0.0,0.0,7.21596355579662,287.42514123830944,99992.47156237594,1.2119508246644328,339.86400443330183
27.9,110.96941647933627,-7.450401082446825,-3.4534194957720272,-1.7681445202511747,0.0,0.0,0.0,0.0,8.400054615750864,287.4286987928843,99998.97668259869,1.2120146679581538,339.8661077305244
27.95,110.72271280082929,-9.772876037740497,-6.0115956587782815,-8.392361874781137,0.0,0.0,0.0,0.0,14.215488955746975,287.4303023667946,100001.90898889168,1.2120434462750442,339.86705579114863
28.0,110.86331981579626,-11.015362675735457,-2.774291953061381,-1.580087200532078,0.0,0.0,0.0,0.0,11.468722085746615,287.4293884211973,100000.23773314722,1.21202704421301,339.866515451032
28.05,110.38215330156585,-9.911393126030944,-2.724091281124312,-2.7578299778230493,0.0,0.0,0.0,0.0,10.642462740982955,287.4325160035398,100005.95697468088,1.2120831738589397,339.8683645271247
28.1,110.40203944166802,-9.163712282392277,-2.7296358215307306,-1.613115096390745,0.0,0.0,0.0,0.0,9.69673526641078,287.43238674362914,100005.72059879088,1.2120808540363315,339.8682881068227
28.15,110.63483537385429,-10.088795140416018,-1.904114082487256,-3.2077669942871414,0.0,0.0,0.0,0.0,10.756356581763459,287.43087357006993,100002.95351195117,1.2120536974217124,339.8673934957633
28.2,110.37204852494254,-7.494477748810356,-1.5735076006263768,-5.245400125402991,0.0,0.0,0.0,0.0,9.2820981126155,287.43258168458783,100006.07708491867,1.2120843526354665,339.86840335869016
28.25,110.1080519343007,-9.652910894175761,-0.4067867971805357,-6.272407531679632,0.0,0.0,0.0,0.0,11.518995636457584,287.434297662427,100009.21511683108,1.2121151495680376,339.8694178675091
28.3,109.92185716262976,-9.072138923391774,1.4875610560809607,-7.288818313833136,0.0,0.0,0.0,0.0,11.732153039956396,287.43550792844286,100011.42839463151,1.212136870768497,339.87013339098115
28.35,109.95368768342676,-8.396824354456696,-0.8236350336410091,-3.8584085486553823,0.0,0.0,0.0,0.0,9.27751854951392,287.4353010300577,100011.05002574537,1.2121331574469802,339.8700110703345
28.4,109.49691383176858,-6.572773138803683,0.8349434976681139,-5.124675651952009,0.0,0.0,0.0,0.0,8.376203072764367,287.4382700600935,100016.47980016834,1.2121864451301323,339.8717663899868
28.45,109.48686952628464,-8.52465265561979,4.0715326610996,-2.4108780348039893,0.0,0.0,0.0,0.0,9.749841742719042,287.43833534807914,100016.59920178901,1.212187616928747,339.87180498878183
28.5,109.37891289368027,-10.962431351628613,1.3537415943731081,-3.5811411754132805,0.0,0.0,0.0,0.0,11.611722075633148,287.4390370661911,100017.88254289293,1.2122002115259805,339.8722198500345
28.55,109.47701599134669,-11.279774819514941,-2.0687161770966918,-3.7570596891819728,0.0,0.0,0.0,0.0,12.067659429583726,287.43839939605624,100016.71633573812,1.2121887664723434,339.8718428544694
28.6,109.41512142309331,-6.981117472026927,-1.456885914245439,-2.533159051703506,0.0,0.0,0.0,0.0,7.568052094600948,287.4388017107499,100017.45211028842,1.2121959873015122,339.8720807061078
28.65,109.61715553836693,-9.743108119901681,-2.4965205445062715,-2.3548285614453044,0.0,0.0,0.0,0.0,10.329859060947275,287.4374884890006,100015.0504365703,1.2121724174415462,339.87130431837676
28.7,109.11991194566777,-11.98960372601508,-2.509482390906439,-1.6873948826986966,0.0,0.0,0.0,0.0,12.365087984616281,287.44072057235314,100020.9614869461,1.2122304278879763,339.8732151500197
28.75,108.86959411948263,-8.88918711610013,-1.218121541348959,-0.7125732372812048,0.0,0.0,0.0,0.0,9.000512668344417,287.44234763822334,100023.93728096403,1.2122596317805807,339.87417707936095
28.8,108.59275291456021,-9.486153202503067,-1.0564031573501738,-1.0911514456939178,0.0,0.0,0.0,0.0,9.606961105867898,287.4441471060553,100027.22847005846,1.21229193070967,339.8752409304191
28.85,108.11500199518589,-8.994427782909382,-1.8989387278993386,-2.1590141997048913,0.0,0.0,0.0,0.0,9.442830176849284,287.4472524870313,100032.90835326562,1.2123476712260872,339.8770768336153
28.9,108.29536270154546,-8.179642981134725,-2.1992818530240803,-1.1978027322523948,0.0,0.0,0.0,0.0,8.554421742774839,287.44608014243994,100030.76405094068,1.2123266278150349,339.876383743917
28.95,108.07739437956766,-9.760115248100602,-4.360444125600442,-3.9397634077266344,0.0,0.0,0.0,0.0,11.392763419713017,287.4474969365328,100033.35547362265,1.2123520590934906,339.87722135189415
29.0,107.61110639213142,-8.318358913435183,-2.911119127369363,-3.463478694604092,0.0,0.0,0.0,0.0,9.469181287441845,287.4505278084511,100038.89934826801,1.2124064642393837,339.87901319496365
29.05,107.55932935189965,-10.057948999621715,-2.5659780699010457,-1.8791901866430007,0.0,0.0,0.0,0.0,10.548835826373445,287.45086435921263,100039.51496047348,1.2124125055512491,339.87921216225743
29.1,107.32405589929333,-9.59103795508795,-0.7086550121000148,-0.5701565467187738,0.0,0.0,0.0,0.0,9.634068687209906,287.45239363665456,100042.31232411115,1.2124399573969693,339.8801162627234
29.15,106.66801392456918,-10.514754373764506,-0.6219504748784557,-0.9347443024321416,0.0,0.0,0.0,0.0,10.574527357982989,287.4566579094903,100050.11289257841,1.2125165072745894,339.88263726481654
29.2,106.65018745335692,-9.974893846825324,-1.3853931364173726,-3.0261464204980446,0.0,0.0,0.0,0.0,10.51548303960209,287.4567737815532,100050.3248624273,1.2125185873976518,339.88270576714075
29.25,106.51217236934961,-7.609770961374504,-1.1100753359230888,-1.016930544180281,0.0,0.0,0.0,0.0,7.757256542598691,287.4576708795992,100051.96597555187,1.2125346920996243,339.88323612144296
29.3,106.3671790635079,-10.434059041710919,-0.13594846117016568,-1.6971628059759618,0.0,0.0,0.0,0.0,10.572059007591289,287.4586133360872,100053.69008896494,1.2125516112524997,339.8837932902558
29.35,106.39915504028279,-9.237173014625585,0.5751637731358572,-3.4719010076017325,0.0,0.0,0.0,0.0,9.884850796781958,287.4584054922381,100053.30986099546,1.212547879985824,339.8836704155787
29.4,106.62469438288902,-9.406941922489903,-2.5956105971879966,-3.6842522437338867,0.0,0.0,0.0,0.0,10.430794087738038,287.4569394865112,100050.62799440968,1.2125215621203396,339.88280373011554
29.45,106.37929317896274,-9.914948327328336,-2.792650618020817,-3.771672443239062,0.0,0.0,0.0,0.0,10.969531021288555,287.4585345943367,100053.54603926298,1.2125501976591424,339.8837467391256
29.5,105.95794967327328,-10.050831530469988,-3.911570645819637,-1.7088042449160183,0.0,0.0,0.0,0.0,10.919689158514107,287.4612733271237,100058.55635980805,1.2125993648769438,339.8853658396772
29.55,105.65195454834233,-10.221344568295812,-3.3804426063906345,-3.8076909118006173,0.0,0.0,0.0,0.0,11.419360186925553,287.46326229543575,100062.19516590564,1.212635072871896,339.8865416851141
29.6,105.68920849863358,-8.401775671143831,-2.4942817666470876,-3.549786374771074,0.0,0.0,0.0,0.0,9.455805585256225,287.46302014475884,100061.75214690508,1.212630725492083,339.88639852982385
29.65,105.370676514431,-9.888066881151264,-3.971491841460924,-3.0631577792874096,0.0,0.0,0.0,0.0,11.087359905483368,287.4650906026562,100065.54013797904,1.2126678972240774,339.88762254676095
29.7,105.28898667597852,-8.462954841820883,-2.5761788672296944,-5.537939091957364,0.0,0.0,0.0,0.0,10.436813287440279,287.4656215866061,100066.51161448142,1.2126774303248908,339.8879364540751
29.75,105.20868321929663,-9.149532817730092,0.2435778934243184,-2.553765287345556,0.0,0.0,0.0,0.0,9.502368026746602,287.46614355907457,100067.46661122004,1.2126868016925874,339.8882450336953
29.8,104.95332181910554,-10.114049790480385,-0.7930769143269331,-2.8041292398775077,0.0,0.0,0.0,0.0,10.525498323133716,287.46780340817577,100070.50350717905,1.2127166025908878,339.88922630122244
29.85,104.26474214698086,-12.004687447612108,-0.6795806091912057,-5.300500336670773,0.0,0.0,0.0,0.0,13.140382579601377,287.4722791760446,100078.69284120241,1.212796963231892,339.89187226598557
29.9,104.73058453879588,-7.083776432295,-0.25601473246524575,-4.876837914194674,0.0,0.0,0.0,0.0,8.60400953784362,287.4692512004978,100073.15248038682,1.2127425966833876,339.8900822029735
29.95,105.01223374508916,-7.9895620197906,-1.24565068069279,-2.435053090739353,0.0,0.0,0.0,0.0,8.444775333963014,287.46742048065687,100069.80288805277,1.212709727467986,339.8889999228595
30.0,104.30635365324963,-7.8628343052481,-2.2868191962782083,-2.5037067933270265,0.0,0.0,0.0,0.0,8.562841412475462,287.47200870125386,100078.19793676969,1.2127921068484004,339.8917123684732
30.05,104.4676172550871,-10.966923541695298,-2.7912972868184696,0.8668000867633594,0.0,0.0,0.0,0.0,11.34971783363814,287.4709604878419,100076.27997466021,1.2127732862837148,339.8910926918342
30.1,104.09106108059771,-11.295772265110662,-1.2275065021230254,-0.25822987016206644,0.0,0.0,0.0,0.0,11.36520681482926,287.47340810297607,100080.75852994465,1.21281723331158,339.89253965679063
30.15,104.41213260958938,-7.326743953497499,-1.1821385210511597,-4.648598243317669,0.0,0.0,0.0,0.0,8.757173863230152,287.47132113803764,100076.93986880177,1.2127797616959077,339.89130589902294
30.2,103.86294184628267,-10.612945820660306,-0.23330100264277742,-3.082025383773191,0.0,0.0,0.0,0.0,11.053864881403584,287.47489087799914,100083.47173555827,1.2128438571891522,339.89341623094367
30.25,103.68535588738912,-7.44789330972572,-0.5521801670714886,-3.241880744410184,0.0,0.0,0.0,0.0,8.141609696549066,287.47604518673194,100085.5839494956,1.2128645836195637,339.89409862366244
30.3,103.27274634712397,-10.818011416739154,-2.75239438989719,-4.492276961458025,0.0,0.0,0.0,0.0,12.032688734804152,287.47872714874364,100090.491681931,1.2129127411921925,339.895684113914
30.35,103.17110984548127,-10.547909148578432,-2.51573229395201,-3.76401669554127,0.0,0.0,0.0,0.0,11.478463227532293,287.47938778600434,100091.70061446623,1.212924603884112,339.89607466041963
30.4,102.87034138010053,-7.362107702248344,-1.5172508540212117,-4.005912926533367,0.0,0.0,0.0,0.0,8.517629855100514,287.4813427810293,100095.27822504405,1.212959709150771,339.89723038502717
30.45,103.089122810601,-8.983575106613758,-1.0445511509859406,-1.3630034862640388,0.0,0.0,0.0,0.0,9.146228037107122,287.4799207017311,100092.67583171614,1.2129341732169223,339.89638970192766
30.5,103.00925528531005,-10.915188709052641,-2.442953312176179,1.1548062950557085,0.0,0.0,0.0,0.0,11.244685100917817,287.4804398406455,100093.62584527665,1.2129434952211229,339.89669659877575
30.55,102.65196998277807,-8.524284152062593,-2.6515155973086237,0.2300674275592472,0.0,0.0,0.0,0.0,8.930111213702778,287.48276219511195,100097.87579568372,1.2129851976361194,339.89806949047187
30.6,102.88900512311558,-9.130129069503422,-2.6573334502421453,1.5143716901992836,0.0,0.0,0.0,0.0,9.628810908292065,287.4812214666997,100095.05621868894,1.2129575307226632,339.8971586683575
30.65,102.40754933684448,-9.196993108636494,-2.9793719777717538,0.6668490842044249,0.0,0.0,0.0,0.0,9.690512232247738,287.4843509293105,100100.78329198826,1.213013727096726,339.89900868928993
30.7,102.5719630776295,-8.842999270045942,-2.1854018644619395,2.562373871346056,0.0,0.0,0.0,0.0,9.462577727859559,287.4832822399954,100098.8275071892,1.2129945362090795,339.8983769213777
30.75,102.52510028987406,-8.900342239027124,-2.8845034301577663,1.6015819337705102,0.0,0.0,0.0,0.0,9.492181872519213,287.4835868481158,100099.38496065466,1.2130000061570236,339.89855699407184
30.8,102.0695979508118,-10.06858921977941,-1.8022810688675701,-2.9884511994211875,0.0,0.0,0.0,0.0,10.656244483830996,287.4865476133197,100104.8034922241,1.2130531745721957,339.9003072804801
30.85,101.5263704681213,-9.378473778856101,-0.7509173152823689,-3.541549224461547,0.0,0.0,0.0,0.0,10.052970612926634,287.4900785919572,100111.26588869316,1.2131165850173906,339.90239464256473
30.9,101.1759224649025,-7.983813845299608,-3.249700846037429,-4.511762394431358,0.0,0.0,0.0,0.0,9.72922602311916,287.4923565039781,100115.43510212388,1.2131574938366116,339.9037412389774
30.95,101.29090497548543,-9.020541512977427,-3.342665669082223,-2.131738769110094,0.0,0.0,0.0,0.0,9.85331888971107,287.4916091176593,100114.06716150542,1.2131440714759105,339.90329941928155
31.0,101.56265862674374,-8.549935201778714,-2.9625019592942006,-3.0570771665746737,0.0,0.0,0.0,0.0,9.551101015894924,287.4898427189261,100110.83418338487,1.2131123490549198,339.90225520501457
31.05,100.85097880432059,-10.031743939757561,-3.2119314183925733,-4.265571704329741,0.0,0.0,0.0,0.0,11.364307804441871,287.4944686377719,100119.30102084558,1.213195426402371,339.9049898301897
31.1,101.04744113682999,-10.359795442021493,-2.3122585892862375,-3.892840071403397,0.0,0.0,0.0,0.0,11.306020750280856,287.4931916326106,100116.96365533791,1.2131724921017737,339.9042349271295
31.15,100.59874941288149,-8.986420884588485,-3.3477215031182146,-4.941138057631161,0.0,0.0,0.0,0.0,10.787856361760626,287.4961081288163,100122.30192691754,1.2132248712335723,339.905959014736
31.2,100.20221097725481,-10.020479700287998,-2.8396390992922056,-1.4812430142961244,0.0,0.0,0.0,0.0,10.519869034617967,287.4986856286478,100127.01990104288,1.2132711635631435,339.907482697255
31.25,100.34045163513935,-10.604962439879635,-2.4334898576526647,-0.3590000536790522,0.0,0.0,0.0,0.0,10.886504594087938,287.49778706437155,100125.37510726387,1.213255025044502,339.90695151402684
31.3,100.10575762738277,-8.669655439434626,-0.42669318023778385,1.2168657764271635,0.0,0.0,0.0,0.0,8.765030223930749,287.499312575422,100128.16752044501,1.2132824238367492,339.9078533142252
31.35,100.0092759269027,-11.06447709485052,-1.8395296112862412,-2.290025196458358,0.0,0.0,0.0,0.0,11.447739426353346,287.4999397064751,100129.31548782357,1.2132936875000828,339.90822403972686
31.4,100.3958723783288,-8.990225200408974,-2.969551986393273,-1.5016615383797078,0.0,0.0,0.0,0.0,9.5863118836083,287.4974268295408,100124.71571482673,1.2132485551510896,339.9067385621938
31.45,99.42912565057975,-9.575518631818866,-1.0319626561725361,-2.6725620490255255,0.0,0.0,0.0,0.0,9.994903296077279,287.5037106832712,100136.21850952679,1.2133614182729042,339.91045322597273
31.5,99.72865441979549,-9.756297981138761,-0.8921517756883045,-4.683460993081791,0.0,0.0,0.0,0.0,10.858917623840542,287.5017637462713,100132.65446484054,1.2133264488427622,339.9093023097692
31.55,99.66117470127128,-7.901401634864853,0.08643450696803812,-3.6539392305610154,0.0,0.0,0.0,0.0,8.705796380577288,287.5022023644417,100133.45738620248,1.2133343269078822,339.90956159572534
31.6,99.1710749966983,-10.58401869334707,-0.8541904379582873,-2.2141265561332335,0.0,0.0,0.0,0.0,10.846817478504652,287.50538801252145,100139.2890951525,1.2133915458280264,339.9114447625911
31.65,99.3433300360982,-7.826487438625711,-1.7883090218043982,-0.9852244277295619,0.0,0.0,0.0,0.0,8.088425184016236,287.5042683547653,100137.23939667981,1.213371434894362,339.910782888289
31.7,98.98926131208798,-8.272048606172053,-0.3675138252272817,-1.5558509143077979,0.0,0.0,0.0,0.0,8.425112855158595,287.5065698014714,100141.45257078139,1.2134127730189,339.91214336371877
31.75,98.82859491921792,-9.884583642675198,-1.4307794800946243,-1.5017875140912131,0.0,0.0,0.0,0.0,10.09987571444234,287.5076141330251,100143.36443761007,1.213431531448364,339.91276070727145
31.8,98.77041925682245,-6.581602942665892,-0.5068275838128035,-3.0032985624261044,0.0,0.0,0.0,0.0,7.252184067554585,287.50799227483066,100144.05671238012,1.213438323739084,339.9129842407998
31.85,98.45927746801199,-10.37768233886638,-1.3698146982539718,-4.488357732611097,0.0,0.0,0.0,0.0,11.38938269485496,287.5100146964579,100147.75928195176,1.2134746515456716,339.91417976610734
31.9,98.63400509035567,-8.49362267146855,-1.9566204686100261,-0.6463260262151835,0.0,0.0,0.0,0.0,8.74000726976994,287.5088789669127,100145.68001954857,1.2134542508686579,339.9135083965231
31.95,98.29006867620926,-6.940909354152271,-1.1425434284777274,1.1639964588087537,0.0,0.0,0.0,0.0,7.129973064790319,287.5111145536046,100149.77290347258,1.2134944081105485,339.91482992899427
32.0,98.3385237722176,-8.306033447948078,-0.9246965879909157,1.1324890554687308,0.0,0.0,0.0,0.0,8.433729120562905,287.51079959548053,100149.19627391391,1.213488750541031,339.914643746685
32.05,98.20007269932577,-8.1857352866738,-1.0139474525320336,1.312572043198268,0.0,0.0,0.0,0.0,8.352077405566742,287.51169952745437,100150.84388857752,1.2135049160061449,339.9151757263834
32.1,98.22657745540964,-8.941843836045768,-2.3735618462481094,0.08812485880453007,0.0,0.0,0.0,0.0,9.251925908530275,287.5115272465398,100150.52847130368,1.2135018213138014,339.91507388547353
32.15,97.91916881628232,-9.621320713015542,-3.5057323306875103,-0.16203879511611563,0.0,0.0,0.0,0.0,10.24139775656879,287.51352540269414,100154.18680737473,1.213537714683057,339.91625505936116
32.2,97.75050000263532,-8.537038599854178,-1.4120624174167353,-0.807878918218549,0.0,0.0,0.0,0.0,8.690662614126897,287.51462174998284,100156.19410729746,1.2135574089834726,339.9169031434971
32.25,97.2137372700278,-8.603493444250331,-1.2308910984499621,-2.5655271396450785,0.0,0.0,0.0,0.0,9.061849802648311,287.5181107077448,100162.5822494455,1.2136200847131555,339.9189655640318
32.3,96.89802911627751,-10.09402775028181,-2.3017758997543436,-4.973093203328699,0.0,0.0,0.0,0.0,11.485609453796663,287.5201628107442,100166.33972207089,1.2136569499024095,339.92017861367657
32.35,96.51864913910697,-8.539715931247784,-1.8642429432413552,-4.193389006139053,0.0,0.0,0.0,0.0,9.694671799222514,287.52262878059577,100170.85515041805,1.2137012511733152,339.9216363046901
32.4,96.73377145746908,-8.002489435072633,-0.7289275303588637,-2.2211459397190128,0.0,0.0,0.0,0.0,8.336945591071974,287.5212304855264,100168.29471721493,1.2136761305810604,339.9208097413551
32.45,96.89410383352862,-9.595904966052238,-2.714089219810682,-3.828787209544382,0.0,0.0,0.0,0.0,10.682101099810337,287.520188325082,100166.38644043746,1.2136574082624227,339.9201936958155
32.5,96.73140667116778,-8.390864189920459,-1.740796536782231,-5.137838996199889,0.0,0.0,0.0,0.0,9.991714767097529,287.5212458566374,100168.32286313419,1.21367640672334,339.9208188275718
32.55,96.45370479045592,-10.601528547494436,-0.18997484820532212,-3.883656490475184,0.0,0.0,0.0,0.0,11.292089519761173,287.523050918862,100171.62814277093,1.2137088350322562,339.92188583961916
32.6,96.19106724430007,-7.343077302951534,-0.46945803187456425,0.7988109877786023,0.0,0.0,0.0,0.0,7.401302190493869,287.52475806291204,100174.7542040578,1.2137395048312112,339.92289496699465
32.65,95.96818535012437,-9.727490393846022,-0.44201691449003083,0.8578381176306469,0.0,0.0,0.0,0.0,9.7752408947873,287.52620679522414,100177.40713295084,1.2137655325836432,339.9237513396155
32.7,96.182271086185,-9.242304135824968,0.03770882261760087,0.7722429257775719,0.0,0.0,0.0,0.0,9.274587151501894,287.5248152379398,100174.85890229608,1.213740532022866,339.9229287642581
32.75,95.97860638588428,-9.23191487562778,-0.7199723189461409,0.5706113034468225,0.0,0.0,0.0,0.0,9.277510963103598,287.5261390584917,100177.28309169786,1.2137643156240485,339.9237112992209
32.8,95.31471694083854,-9.666519411641113,-1.6731772419627557,3.5636533356691795,0.0,0.0,0.0,0.0,10.437468309675609,287.5304543398845,100185.18559479843,1.2138418459271128,339.9262621298469
32.85,95.48959778703832,-8.356628704706933,-1.2851622623508494,1.3815013676980816,0.0,0.0,0.0,0.0,8.566996636969941,287.52931761438424,100183.10387931102,1.2138214226335695,339.9255901954023
32.9,95.27837461003207,-9.810327447475373,-1.846748656270903,1.4656568916156387,0.0,0.0,0.0,0.0,10.08965585885205,287.5306905650348,100185.6182045626,1.2138460901646961,339.9264017656918
32.95,94.6649732800427,-9.292983250566756,-2.3762977955807494,-4.622377932366663,0.0,0.0,0.0,0.0,10.64766202779871,287.5346776736797,100192.92020454865,1.2139177279263336,339.9287585902694
33.0,95.14188116772064,-9.503804437751256,-1.3934122679688796,-3.9067856635615525,0.0,0.0,0.0,0.0,10.369516418838284,287.5315777724098,100187.24300092312,1.2138620306470371,339.9269262053218
33.05,95.39407722068833,-9.21474527813686,-0.8807866210623975,-3.530936514726759,0.0,0.0,0.0,0.0,9.907311859622611,287.5299384980655,100184.24091568482,1.2138325778796166,339.92595720865097
33.1,95.30474113067619,-7.550679866714295,-1.3206238239048593,-3.7284624264524417,0.0,0.0,0.0,0.0,8.523980631098203,287.5305191826506,100185.30434412783,1.213843010950556,339.92630045927865
33.15,94.89053712049181,-9.209338585846755,-1.4675903400765782,-3.58474455569691,0.0,0.0,0.0,0.0,9.990802376418554,287.53321150871676,100190.23501655078,1.2138913844567552,339.92789192563765
33.2,94.63146711130753,-9.025434639994188,-1.406118431095107,0.7335343459049847,0.0,0.0,0.0,0.0,9.163717156246948,287.5348954637765,100193.31907824762,1.2139216411295781,339.92888732796433
33.25,94.07105577793692,-8.440794558830419,-1.4277827401747372,-2.52236563745488,0.0,0.0,0.0,0.0,8.924567482322896,287.53853813744337,100199.99067743174,1.213987093297472,339.93104053806906
33.3,94.10444915373508,-8.643472122697512,-0.6231196198920352,-3.2403070301256327,0.0,0.0,0.0,0.0,9.251890511999427,287.5383210805007,100199.59312503836,1.213983193106486,339.930912234561
33.35,93.56670914455698,-6.7141841821061465,0.18926729632675154,-2.6725917263730525,0.0,0.0,0.0,0.0,7.229027450257809,287.54181639056037,100205.99514367682,1.2140459998043283,339.93297832495523
33.4,93.53145132859046,-7.6277208152526015,0.9448994309029345,-1.7335135102122852,0.0,0.0,0.0,0.0,7.8790880728703,287.54204556636415,100206.41491422163,1.2140501179165228,339.93311379116153
33.45,93.86042861166189,-9.852933929384236,0.030782544531596234,-2.0090056876569062,0.0,0.0,0.0,0.0,10.055712726350963,287.5399072140242,100202.4982501159,1.2140116937918157,339.9318498053689
33.5,93.657763195042,-8.856283411224416,1.2285813208272105,-3.4341138940465554,0.0,0.0,0.0,0.0,9.577907190983733,287.5412245392322,100204.91108401222,1.2140353647424993,339.93262848038177
33.55,93.64016295062352,-10.551828718265503,0.8487807516954937,-5.957304040538643,0.0,0.0,0.0,0.0,12.147056824411393,287.54133894082094,100205.12062601006,1.2140374204355815,339.9326961034312
33.6,93.76004037379613,-8.95155514128433,0.7549871600543913,-1.6031966616997226,0.0,0.0,0.0,0.0,9.125271754604686,287.5405597375703,100203.69341678736,1.2140234189106012,339.9322355142821
33.65,93.35959254055456,-12.337748391667162,-0.34791647717861385,-1.1270712042498303,0.0,0.0,0.0,0.0,12.394005436122221,287.5431626484864,100208.46104140977,1.214070191172505,339.93377409952546
33.7,93.30345510714785,-9.546642214064256,-0.15697831332930187,1.5436121246309442,0.0,0.0,0.0,0.0,9.671905610866819,287.54352754180354,100209.1294133322,1.2140767481285895,339.9339897880537
33.75,92.77069013304843,-8.26721813300108,-0.4630412103145669,0.7311509850558953,0.0,0.0,0.0,0.0,8.312393432942141,287.5469905141352,100215.47268939,1.2141389774118716,339.9360367450258
33.8,92.79784101326109,-7.854904398003291,0.6985431346624869,3.131544265464484,0.0,0.0,0.0,0.0,8.484931060375153,287.5468140334138,100215.14941416435,1.2141358060110925,339.9359324278738
33.85,92.29284178274544,-9.248865672902417,-1.0018067488267275,1.4216871376391,0.0,0.0,0.0,0.0,9.41096845785363,287.55009652841215,100221.16238654232,1.21419479426871,339.9378726942219
33.9,92.10766144899885,-9.164881238724272,-2.4256547920575353,0.41395464563985174,0.0,0.0,0.0,0.0,9.489478791735543,287.55130020058147,100223.36738237544,1.2142164254752836,339.93858417603565
33.95,92.21456780692156,-8.692296231437014,-1.8350942572373845,-1.0049425113873989,0.0,0.0,0.0,0.0,8.940553347483217,287.550605309255,100222.09441263544,1.2142039375391915,339.93817343103774
34.0,91.5650704040914,-10.351225584031855,-1.120314662455222,-5.334033071620358,0.0,0.0,0.0,0.0,11.69849925603996,287.5548270423734,100229.82839717517,1.2142798080876764,339.9406688578444
34.05,91.36030943375461,-9.88256231804667,-1.7061357197737108,-4.461251459449497,0.0,0.0,0.0,0.0,10.97627904386564,287.5561579886806,100232.26671832283,1.214303727837681,339.94145556391186
34.1,91.0014488497589,-9.70509589537604,-3.3676445202695557,-4.8312751797622155,0.0,0.0,0.0,0.0,11.352142344770561,287.55849058247657,100236.54019423168,1.2143456500530259,339.9428343271554
34.15,91.27029017002575,-8.942414747970963,-2.5867876569063957,-1.8901559281216271,0.0,0.0,0.0,0.0,9.49899685963024,287.5567431138948,100233.33869501056,1.2143142438146175,339.94180142368623
34.2,90.87782554368724,-8.226822847583238,-2.2320719420049677,-1.6386566861516019,0.0,0.0,0.0,0.0,8.680319985742043,287.55929413396603,100238.01239124828,1.2143600920260538,339.94330929379527
34.25,90.7124224692314,-11.160144134849626,-1.558614917475015,-2.3048673093014465,0.0,0.0,0.0,0.0,11.501761207966398,287.56036925395,100239.98215977997,1.2143794150179903,339.94394477926045
34.3,90.56732590563944,-10.265680258735856,-2.0203647160067693,-1.4958163687206505,0.0,0.0,0.0,0.0,10.568989136583347,287.56131238161333,100241.71012592905,1.2143963659227568,339.94450224529146
34.35,89.88166934834727,-7.850314275355095,0.061997408730016634,-0.527908246469498,0.0,0.0,0.0,0.0,7.868288569773209,287.56576914923573,100249.87598896654,1.2144764701928148,339.94713654920434
34.4,90.04043597138968,-9.215813882224879,-3.535665591493787,-0.4617195898307269,0.0,0.0,0.0,0.0,9.881565749733964,287.5647371661859,100247.98510155082,1.2144579213568192,339.94652656701044
34.45,90.1306144095736,-10.762126994044133,-2.8386693929535665,-1.9837222900836426,0.0,0.0,0.0,0.0,11.30559929780812,287.56415100633774,100246.91110231305,1.2144473858317504,339.94618010049317
34.5,89.77753135815134,-10.248053097216866,-0.5408663625938006,-3.5592714364990123,0.0,0.0,0.0,0.0,10.862022917681559,287.566446046172,100251.11627298521,1.2144886368381171,339.94753664731144
34.55,89.87339449787402,-11.13463602870108,-2.5517870421410724,-4.087271124826711,0.0,0.0,0.0,0.0,12.1324985822348,287.5658229357638,100249.9745420253,1.2144774369563869,339.947168341193
34.6,89.83512318186449,-8.509582624007834,-2.4735406699248856,-1.9810239812785007,0.0,0.0,0.0,0.0,9.0805206841342,287.56607169931783,100250.43035252183,1.214481908261059,339.9473153796112
34.65,89.23815237641658,-7.653254920928991,-2.5981983253378145,-0.7120620513272753,0.0,0.0,0.0,0.0,8.113567512965702,287.5699520095533,100257.5404783784,1.2145516550329318,339.94960893355824
34.7,89.45792047399746,-12.029929523305556,-0.06729235148597212,3.8776338283919642,0.0,0.0,0.0,0.0,12.639611414254668,287.568523516919,100254.9229179066,1.2145259781857847,339.9487645892308
34.75,88.83585785553532,-9.406845878435439,-0.6684131657440211,2.627155306814979,0.0,0.0,0.0,0.0,9.78966141124931,287.572566923939,100262.3321736023,1.214598658631202,339.9511545350646
34.8,89.0402791592803,-8.537376339392866,-1.911212226662682,-0.8601702551891955,0.0,0.0,0.0,0.0,8.790871390464218,287.57123818546467,100259.89730597041,1.2145747741229582,339.9503691564295
34.85,88.80853086216563,-9.899414818623086,-1.5391583893171132,-2.904804796589809,0.0,0.0,0.0,0.0,10.430978535347043,287.5727445493959,100262.65766978147,1.2146018515340569,339.95125952416436
34.9,88.86228902494155,-7.412897911459288,-2.100596702234845,-3.894001650109934,0.0,0.0,0.0,0.0,8.632891219181223,287.5723951213379,100262.01734853935,1.2145955704030835,339.95105298765003
34.95,88.81394736306183,-11.028542689433264,-1.589137594756989,-3.4987025839614696,0.0,0.0,0.0,0.0,11.678828362414638,287.57270934214006,100262.59315290683,1.2146012186662218,339.95123871421004
35.0,88.70785653260599,-9.649359005639315,-2.212394513217863,-3.9293769593084504,0.0,0.0,0.0,0.0,10.651047929202704,287.57339893253805,100263.8568251704,1.21461361444057,339.95164631020555
35.05,88.6482925970034,-8.872160149325863,-2.131844844512086,-3.6069522180684266,0.0,0.0,0.0,0.0,9.811732388308775,287.57378609811946,100264.56631054933,1.2146205740015648,339.95187515183864
35.1,88.10328415529513,-9.57664579646552,-3.6363188015798174,-4.467233166400374,0.0,0.0,0.0,0.0,11.175470070680298,287.57732865299056,100271.0582718535,1.2146842552179957,339.9539690396
35.15,88.09992594232266,-7.86037014046478,-1.5987648132972196,-4.894537023940772,0.0,0.0,0.0,0.0,9.396699439275185,287.5773504813749,100271.09827483696,1.2146846476144904,339.9539819416006
35.2,87.85932652588292,-8.348510411968201,-2.304908579677656,-1.8951940698568386,0.0,0.0,0.0,0.0,8.865776346256073,287.5789143775817,100273.9643251723,1.214712761142727,339.9549063051139
35.25,86.96960212938366,-9.484753978413512,-4.570637100046359,-0.3329273810002553,0.0,0.0,0.0,0.0,10.53385599732457,287.584697586159,100284.56340965223,1.2148167278633235,339.95832453250756
35.3,87.34314908793237,-7.450830663787194,-3.81109619897505,0.6344248801513206,0.0,0.0,0.0,0.0,8.39296293014741,287.58226953092844,100280.11331917351,1.2147730770540974,339.956889408634
35.35,87.08614878563225,-10.615225534257718,-4.047304910867336,-0.4639394149424284,0.0,0.0,0.0,0.0,11.370089268137917,287.5839400328934,100283.17496419903,1.2148031086814517,339.9578767744893
35.4,86.60282656557472,-8.268787199968708,-2.91641203717963,-2.222880302581285,0.0,0.0,0.0,0.0,9.045413078935448,287.58708162732376,100288.93298762609,1.2148595885691187,339.9597336355772
35.45,86.72103886328594,-8.003898401057715,-1.491148112339952,-2.144674894280725,0.0,0.0,0.0,0.0,8.41935524310189,287.5863132473886,100287.52464945285,1.2148457743749546,339.95927948024604
35.5,86.75904399739248,-11.38203546108055,-1.777176745400046,-4.879194364218806,0.0,0.0,0.0,0.0,12.510620530793442,287.5860662140169,100287.07187355703,1.2148413331510364,339.9591334696378
35.55,86.40306487243018,-9.293641828228994,-0.9633833526335773,-3.472447997393102,0.0,0.0,0.0,0.0,9.967837328635456,287.5883800783292,100291.31291193143,1.2148829328332564,339.9605010910505
35.6,86.05835554176147,-8.918887625167567,-0.023396651630552212,-3.9116489582209404,0.0,0.0,0.0,0.0,9.738998996099427,287.5906206889785,100295.41982344606,1.2149232165670998,339.9618254102654
35.65,85.93604853749024,-10.496693559820248,-2.1858250448960375,-3.352853536446103,0.0,0.0,0.0,0.0,11.233878833801162,287.5914156845063,100296.8770376321,1.2149375099645605,339.96229529336415
35.7,85.6711308036917,-7.5774810081036765,-2.4417917677099514,-2.221860013485286,0.0,0.0,0.0,0.0,8.265423605874828,287.593137649776,100300.03343142747,1.2149684699936831,339.9633130608588
35.75,85.66534591028312,-9.043783791450117,-3.043344629337886,-1.552653327193019,0.0,0.0,0.0,0.0,9.667611088260593,287.59317525158315,100300.10235712423,1.214969146061116,339.9633352853712
35.8,85.44279154312471,-9.896383888080017,-4.357533808296207,-1.8948473573696711,0.0,0.0,0.0,0.0,10.97802174612644,287.59462185496966,100302.75407120159,1.2149951557061085,339.9641902978263
35.85,85.32401594240838,-7.333477396582148,-2.9889046227961042,-1.6171901180470605,0.0,0.0,0.0,0.0,8.082619961885024,287.59539389637433,100304.16929439838,1.2150090370333848,339.9646466106968
35.9,85.53217097283985,-11.522172208077967,-3.669913759972185,-3.4312864650559485,0.0,0.0,0.0,0.0,12.569902394351104,287.59404088867655,100301.68911699261,1.2149847099949895,339.96384691895173
35.95,84.75002887797119,-8.785613095685122,-2.66867350128072,-2.2722433991547835,0.0,0.0,0.0,0.0,9.45895902245666,287.59912481229316,100311.00863571707,1.2150761207217886,339.96685174927904
36.0,84.9241699880268,-9.579715298322439,-2.22689242711846,-3.767009574253599,0.0,0.0,0.0,0.0,10.531873347671286,287.5979928950778,100308.93361788719,1.215055767998612,339.96618273696714
36.05,84.756244119608,-10.539729470246025,-0.20928380704491162,-4.347123791802508,0.0,0.0,0.0,0.0,11.402946210480833,287.5990844132225,100310.93457599978,1.2150753943116142,339.96682787169357
36.1,84.56522718616344,-7.35421206687365,0.138683763435145,-1.4103553072604629,0.0,0.0,0.0,0.0,7.489510691861538,287.60032602328994,100313.21072013711,1.2150977196845418,339.96756171579005
36.15,84.32809748204689,-9.197967834400526,-0.6911453384324503,-1.0927552623321906,0.0,0.0,0.0,0.0,9.288401812198819,287.60186736636666,100316.03639893989,1.2151254349890326,339.96847271257633
36.2,84.1617123211223,-9.573702559443511,-0.3092213432000726,-0.5379737652497514,0.0,0.0,0.0,0.0,9.593790403583075,287.60294886991267,100318.0191119371,1.2151448820839434,339.96911192393907
36.25,84.10948822095983,-10.451897604670206,-2.1047766182485415,-2.3729525929751474,0.0,0.0,0.0,0.0,10.922598233009582,287.60328832656376,100318.64144201897,1.2151509860850207,339.96931255599554
36.3,83.78749678135311,-10.737620772472548,-0.8707538702600857,-5.297868419992431,0.0,0.0,0.0,0.0,12.005087336273734,287.60538127092116,100322.4785318822,1.2151886212601417,339.9705495647308
36.35,83.7268107172579,-9.207910969946385,-0.07956762965611142,-3.572252012132103,0.0,0.0,0.0,0.0,9.876889180117894,287.6057757303378,100323.20172553998,1.2151957145009127,339.97078270455955
36.4,83.53665657715158,-9.274845653167816,-1.151572542873093,-0.34854073077848113,0.0,0.0,0.0,0.0,9.35255910714264,287.6070117322485,100325.46781297105,1.2152179407165626,339.9715132255035
36.45,83.44781200865904,-9.315254431648476,-0.3256840534743237,0.47125387777625616,0.0,0.0,0.0,0.0,9.332851410279348,287.60758922194367,100326.52659749857,1.2152283254434364,339.9718545418466
36.5,83.15050534205338,-10.299823840656481,-1.6614727704440235,0.4774367831329391,0.0,0.0,0.0,0.0,10.443888586028237,287.6095217152766,100330.06974650349,1.2152630770601978,339.9729967096184
36.55,83.015487436133,-9.340577227275851,0.6161655311973571,2.247430888884764,0.0,0.0,0.0,0.0,9.626888827697831,287.6103993316651,100331.67885440191,1.2152788593001644,339.97351540879805
36.6,83.58368365114082,-8.90638670463662,0.7000354855095914,3.069078782666389,0.0,0.0,0.0,0.0,9.446323008859775,287.60670605626757,100324.90738239208,1.215212443915959,339.97133256030907
36.65,82.74199848940562,-8.78853191946141,0.8763186912010513,2.154741867619462,0.0,0.0,0.0,0.0,9.091157256587996,287.6121770098188,100334.93828778632,1.2153108278974354,339.9745660706634
36.7,82.99452399141032,-10.482879572796575,3.0679490988960207,-5.1837062534090945,0.0,0.0,0.0,0.0,12.090239300063716,287.6105355940558,100331.92869309774,1.2152813097308066,339.973595944131
36.75,82.07533577769091,-10.14637190192918,-1.8312206179547026,-6.346542665738976,0.0,0.0,0.0,0.0,12.107057261445721,287.616510317445,100342.88391401166,1.2153887579534883,339.97712717368444
36.8,82.17559660607479,-8.177973572928016,-1.8337862329075818,-4.201439431514222,0.0,0.0,0.0,0.0,9.375186238373772,287.6158586220605,100341.68892177184,1.2153770376417634,339.9767420051664
36.85,81.99500787353887,-8.848319679371595,-3.3172798316203638,-3.4197740964920262,0.0,0.0,0.0,0.0,10.049475682873597,287.617032448822,100343.84133733752,1.2153981482043703,339.97743576626976
36.9,81.68103997213689,-9.390697625103616,-1.6155797944773926,-2.748763954046195,0.0,0.0,0.0,0.0,9.917207431203302,287.6190732401811,100347.58357231299,1.215434851267438,339.9786419218589
36.95,81.50592030839428,-7.0458347217943125,-1.5430472489239215,-2.3151080299389437,0.0,0.0,0.0,0.0,7.5752562286395175,287.6202115179954,100349.67090143717,1.2154553232446383,339.9793146689028
37.0,81.10246118888034,-7.702384443828855,-1.6520847978962845,-1.725877232347739,0.0,0.0,0.0,0.0,8.064413340170073,287.62283400227227,100354.48004385462,1.2155024897451803,339.9808646093088
37.05,81.00286742118165,-7.270897121370087,-0.3841505384265957,-3.0355247346960597,0.0,0.0,0.0,0.0,7.888467975511649,287.6234813617623,100355.66720799747,1.2155141329977692,339.98124721056513
37.1,81.03112399602955,-8.73221368716688,0.7358843243160732,-3.897121975475834,0.0,0.0,0.0,0.0,9.590653851998589,287.6232976940258,100355.33038664496,1.2155108295852235,339.9811386596294
37.15,80.59079919683161,-11.413649105676638,-1.286009607077349,-1.7624134853681355,0.0,0.0,0.0,0.0,11.62029723847096,287.6261598052206,100360.5792087059,1.2155623077465223,339.982830214886
37.2,80.83000406311572,-6.093211344863797,-1.1161915884778888,1.037667768884607,0.0,0.0,0.0,0.0,6.280912557419315,287.6246049735897,100357.72777738776,1.2155343422132945,339.98191128461013
37.25,80.57595355852729,-10.088063869253892,-2.009501245135628,0.38035035406000595,0.0,0.0,0.0,0.0,10.293288797861498,287.62625630186955,100360.75617766067,1.2155640433720474,339.9828872458617
37.3,80.58885177905316,-11.192969937971823,-2.7654898033701527,-0.390238094687449,0.0,0.0,0.0,0.0,11.53615168309738,287.62617246343615,100360.60242308497,1.2155625354219064,339.982837696083
37.35,80.29599570180588,-9.342401061102137,-2.705750038304847,-1.3653009790996578,0.0,0.0,0.0,0.0,9.821689651979414,287.6280760279382,100364.09349133227,1.2155967740140161,339.9839627296375
37.4,79.91224269080124,-11.546484449679669,-4.706644329938695,0.15155963195595745,0.0,0.0,0.0,0.0,12.469834574575442,287.6305704225098,100368.66826934491,1.2156416407280917,339.9854369464875
37.45,79.40345806894695,-10.241414708932652,-4.924504723943009,-1.9598720524283086,0.0,0.0,0.0,0.0,11.531626965800127,287.6338775225518,100374.73382854176,1.2157011275414213,339.98739147207783
37.5,79.65297547306675,-10.854748412374027,-2.229593651747293,-4.267437446315135,0.0,0.0,0.0,0.0,11.874665187114157,287.632255659425,100371.75912885582,1.2156719538278686,339.9864329379235
37.55,79.21614984110963,-9.166929657565628,-1.3712783246146718,-2.511658162172391,0.0,0.0,0.0,0.0,9.603198962529179,287.6350950260328,100376.96692900597,1.2157230280754596,339.98811102465305
37.6,79.33490988459081,-6.32398357428715,-1.5911310740244722,-4.002732674833697,0.0,0.0,0.0,0.0,7.6515576981920015,287.6343230857501,100375.55105963649,1.2157091423270123,339.987654803039
37.65,79.14297626610012,-10.39012834440294,-3.32659593867031,-4.046515802406053,0.0,0.0,0.0,0.0,11.635948508457103,287.63557065427034,100377.83931989351,1.2157315837899927,339.98839212366005
37.7,79.06306509381689,-10.599035412884914,-3.1713139350472384,-3.839671832027985,0.0,0.0,0.0,0.0,11.710673060754555,287.6360900768902,100378.79204485887,1.2157409273409734,339.98869910513184
37.75,79.04870801021737,-8.277393733958007,-0.41946905508325427,-5.032534012939323,0.0,0.0,0.0,0.0,9.696267318227715,287.63618339793356,100378.96321509185,1.2157426060375047,339.9887542583248
37.8,78.9298623329823,-9.884778511579011,-1.4747335879441021,-4.607628514696184,0.0,0.0,0.0,0.0,11.005177232004309,287.6369558948356,100380.38014440278,1.2157565020911476,339.9892108074278
37.85,79.00018144895871,-9.580129856460147,-0.3397984975709841,-4.229800128016965,0.0,0.0,0.0,0.0,10.477860478578771,287.6364988205817,100379.54176768288,1.215748280000324,339.98894067458605
37.9,79.08651505625392,-10.054318856156387,-2.167269926746489,-5.16169398352535,0.0,0.0,0.0,0.0,11.507800457785294,287.6359376521343,100378.51246661371,1.2157381854668592,339.9886090213365
37.95,78.61796046108314,-8.766151494274496,-2.4012850634859966,-4.157729091906969,0.0,0.0,0.0,0.0,9.994913365226408,287.63898325700296,100384.09884977814,1.2157929718553593,339.990408984565
38.0,77.75348239978996,-9.925558765352209,-2.7090622625573046,-3.198452527483775,0.0,0.0,0.0,0.0,10.774313607717176,287.64460236440135,100394.4063258228,1.215894057095116,339.99372987186393
38.05,77.73806030655206,-9.227346390468666,-3.1612058597913704,-2.423410502622516,0.0,0.0,0.0,0.0,10.050376229867991,287.6447026080074,100394.59021664635,1.2158958604913215,339.9937891154483
38.1,77.24413489042604,-8.567449648572499,-2.214787658418654,-1.2501498130982267,0.0,0.0,0.0,0.0,8.936965503340502,287.6479131232122,100400.47985658125,1.2159536191819391,339.99568651208693
38.15,77.26658206981162,-11.576006544886068,-3.143399510515415,-1.7858784803607601,0.0,0.0,0.0,0.0,12.12741728302318,287.6477672165462,100400.21218701584,1.2159509942063156,339.9956002822881
38.2,77.18489445136215,-9.282676123016142,-3.734341982202653,-1.1942195474302364,0.0,0.0,0.0,0.0,10.076683302174366,287.64829818606614,100401.18626715476,1.2159605467862085,339.9959140813819
38.25,77.160245908443,-7.329818599621021,-2.8371826407158887,-0.8624893332433549,0.0,0.0,0.0,0.0,7.906942132714038,287.6484584015951,100401.48018904074,1.2159634292070818,339.9960087675281
38.3,77.35544116804078,-8.633646459844048,-3.9932686336451426,-1.0089742394625885,0.0,0.0,0.0,0.0,9.565776214711011,287.64718963240773,100399.15259959553,1.215940603056157,339.99525893396765
38.35,76.90685684665964,-16.13626837843282,0.13545239461467884,-2.8303077308753077,0.0,0.0,0.0,0.0,16.383166555445573,287.6501054304967,100404.5017707587,1.2159930610353669,339.99698214742097
38.4,76.27733030067803,-10.057719261649867,-2.2976847895402224,-3.5790037904270444,0.0,0.0,0.0,0.0,10.919997265115883,287.65419735304556,100412.0089877153,1.21606668153133,339.99940042633665
38.45,76.87645128157908,-9.000516877248273,-1.5317800923311067,-3.674790493847431,0.0,0.0,0.0,0.0,9.8417345769211,287.6503030666697,100404.8643521293,1.2159966167606346,339.9970989485095
38.5,76.54482604379622,-9.418642152115714,1.2975213602651667,-4.164271949897342,0.0,0.0,0.0,0.0,10.379573331435985,287.65245863071533,100408.81899747612,1.2160353986066077,339.99837286364414
38.55,76.38323283453703,-8.222102318352825,-0.6831262713900282,-2.8772351626717043,0.0,0.0,0.0,0.0,8.737740567071135,287.6535089865755,100410.74604920886,1.21605429643447,339.99899361091514
38.6,76.00817481156422,-8.663487867062479,-2.925620881146966,-1.4452031093663997,0.0,0.0,0.0,0.0,9.257639633851829,287.6559468637248,100415.21885389641,1.2160981591803977,340.00043436167124
38.65,75.41886377945465,-9.92507704821453,-2.0228358590994935,-2.0272482457094645,0.0,0.0,0.0,0.0,10.32999297074232,287.65977738543353,100422.24708744112,1.216167081095159,340.00269813324155
38.7,75.09820494508428,-8.175847202127418,-0.2001301820350314,0.3603965314899287,0.0,0.0,0.0,0.0,8.186233274357999,287.66186166785695,100426.0714919817,1.2162045844837712,340.0039299014964
38.75,75.63003383980073,-5.72816289471795,-1.3500135254339778,-1.4019913867546165,0.0,0.0,0.0,0.0,6.0497906175182905,287.6584047800413,100419.72858802964,1.2161423837001326,340.00188694910975
38.8,75.2228517892126,-7.416336744459583,-4.631878931783438,-1.9777958393311272,0.0,0.0,0.0,0.0,8.964821778931032,287.6610514633701,100424.5848513579,1.2161900060214301,340.0034510877567
38.85,75.01967569114743,-11.898608717425718,-1.7514424263241226,-3.2632847327116496,0.0,0.0,0.0,0.0,12.461679952152373,287.6623721080075,100427.00810550283,1.2162137691874473,340.00423156049834
38.9,74.89849030979266,-12.99239017929088,-2.1658575909497597,-4.854976034080226,0.0,0.0,0.0,0.0,14.037946216120867,287.66315981298635,100428.45348987929,1.2162279430136222,340.00469707644453
38.95,75.07702164311065,-8.861964427231621,-2.1512149566590546,-2.8237771566913183,0.0,0.0,0.0,0.0,9.546510185922601,287.66199935931974,100426.32414320836,1.2162070620565388,340.00401127417575
39.0,74.53014396939321,-9.489383914976496,-2.8583734610087363,-1.9795188198204314,0.0,0.0,0.0,0.0,10.106295101887586,287.66555406419894,100432.84687934197,1.2162710255286784,340.00611202121
39.05,74.10887069046791,-11.353729484559048,-2.181778839438361,-1.5275268042181884,0.0,0.0,0.0,0.0,11.661932526402797,287.6682923405119,100437.87173680132,1.216320299914149,340.0077302693007
39.1,74.00196727192258,-10.052505735081391,-2.344242753942928,-0.35416752070060575,0.0,0.0,0.0,0.0,10.32829997027475,287.6689872127325,100439.14689026875,1.216332804155128,340.00814091897973
39.15,74.22129202804936,-8.761799245265825,-3.153253596808579,1.1739606442691548,0.0,0.0,0.0,0.0,9.38564424290735,287.6675616018177,100436.53077924711,1.2163071503612704,340.0072984230228
39.2,74.39247550630634,-10.346611456724133,-2.8818554798575815,-1.1995605340915831,0.0,0.0,0.0,0.0,10.807238551922056,287.666448909209,100434.48893689716,1.2162871278035878,340.0066408515337
39.25,73.68439397389574,-9.657218422302295,-2.1719734893769034,-2.097591989176778,0.0,0.0,0.0,0.0,10.118262135745915,287.6710514391697,100442.9350100763,1.216369950535532,340.0093608150504
39.3,73.73676487941677,-8.641644842599774,-1.951857814967678,-3.2684862506720793,0.0,0.0,0.0,0.0,9.443027951156033,287.6707110282838,100442.31030455002,1.216363824678703,340.009159642702
39.35,73.61080757083118,-7.963141892094787,-2.591316982710508,-4.034463446772275,0.0,0.0,0.0,0.0,9.29534549125854,287.6715297507896,100443.81278964883,1.2163785580219568,340.00964348228393
39.4,73.63610337959011,-8.44847451324431,-3.596586449633332,-4.224979451212575,0.0,0.0,0.0,0.0,10.10755198125606,287.67136532803266,100443.51104646221,1.2163755991367802,340.0095463135947
39.45,73.58829570538983,-8.80567614008801,-2.8903847975435384,-2.724886704061197,0.0,0.0,0.0,0.0,9.660189651966238,287.6716760779149,100444.08132495018,1.2163811912701252,340.0097299569994
39.5,73.64459637123942,-7.982017220554907,-3.231493758636998,-1.8647716178612872,0.0,0.0,0.0,0.0,8.810932073743729,287.6713101235869,100443.40973726007,1.2163746057012221,340.00951368949353
39.55,73.58997097044076,-8.785003036090762,-2.6335152190443134,-3.298668436119061,0.0,0.0,0.0,0.0,9.74642981837504,287.6716651886921,100444.06134134387,1.2163809953115974,340.009723521813
39.6,73.02287429035775,-8.291844492058857,-2.7868221905553288,-3.9048908880316437,0.0,0.0,0.0,0.0,9.579626080891204,287.67535131711264,100450.82620812356,1.2164473309292312,340.01190190022476
39.65,73.18185876235961,-7.766415567769247,-2.3247022928758985,-2.765646262235146,0.0,0.0,0.0,0.0,8.565643628450008,287.67431791804466,100448.92965341733,1.2164287335862447,340.01129119740216
39.7,72.86240055784951,-8.402977124105393,-2.6966458181574637,-2.5039104012128712,0.0,0.0,0.0,0.0,9.173412152199784,287.67639439637395,100452.74055789357,1.2164661027003076,340.01251832259175
39.75,72.43547049975376,-8.691554151124521,-2.593128923406199,-3.667221224375122,0.0,0.0,0.0,0.0,9.783452493053924,287.6791694417516,100457.83370634151,1.2165160448706245,340.0141582692649
39.8,71.98795032006207,-7.435530891746897,-2.6823445967544597,-2.8015728689649686,0.0,0.0,0.0,0.0,8.386352169923516,287.68207832291955,100463.17271327697,1.2165683973520607,340.015877299328
39.85,72.08327494862668,-9.328614523745983,-2.641137629903233,-3.372116953808414,0.0,0.0,0.0,0.0,10.264980743425557,287.6814587128339,100462.03545177597,1.2165572457979519,340.0155111357812
39.9,72.02564596852733,-8.442791978693387,-1.3075430278138744,-3.1859645140867077,0.0,0.0,0.0,0.0,9.118156340516093,287.68183330120456,100462.72298764801,1.2165639875163141,340.0157325018286
39.95,71.30204482763074,-9.252664317862127,-1.4543874723146937,-3.549959660578442,0.0,0.0,0.0,0.0,10.016449145800081,287.6865367086204,100471.35615151562,1.216648640329438,340.018512006469
40.0,70.73925576932068,-8.188150206344485,-0.5947904503619021,-1.1459809980848994,0.0,0.0,0.0,0.0,8.289321560264906,287.6901948374994,100478.07110869241,1.2167144831378254,340.0206737822656
40.05,70.22662212887023,-8.021405725656022,-0.3711571015183095,-0.27265671167163874,0.0,0.0,0.0,0.0,8.034615677928489,287.6935269561623,100484.18794924114,1.216774460447678,340.02264288995957
40.1,70.482019850682,-9.697602068939302,-2.107369371822709,-0.04653744892508996,0.0,0.0,0.0,0.0,9.924044401903124,287.69186687097056,100481.14045813169,1.216744579043063,340.02166186794176
40.15,70.45018592296474,-8.668534769309812,-3.384164045655109,-2.9921034007920904,0.0,0.0,0.0,0.0,9.774903789586343,287.6920737915007,100481.52030713057,1.2167483035659203,340.0217841471196
40.2,70.21982741347846,-8.905179141624764,-2.8651141920655414,-1.0122555420628179,0.0,0.0,0.0,0.0,9.409344087684381,287.69357112181234,100484.2690270817,1.2167752554336178,340.02266898947005
40.25,70.05004949505476,-8.490573163608273,-1.4369600388803847,-0.30405364190918066,0.0,0.0,0.0,0.0,8.616677748243946,287.6946746782821,100486.29491677221,1.2167951196850029,340.02332113100897
40.3,69.76701528525577,-9.911248919513461,-1.25936038537347,-2.299004090083073,0.0,0.0,0.0,0.0,10.252037042998989,287.6965144006458,100489.67232047788,1.2168282356307387,340.02440830356215
40.35,69.77484803585281,-10.061202696110096,-1.7832840914059487,-4.475472490546403,0.0,0.0,0.0,0.0,11.155167226739016,287.69646348776695,100489.57885223272,1.2168273191635404,340.024378216958
40.4,69.63128181353102,-8.774286057967634,-1.34253579743156,-4.804985721627148,0.0,0.0,0.0,0.0,10.093482351471724,287.69739666821204,100491.29203973545,1.2168441171438684,340.02492967289083
40.45,69.92832108832442,-10.32271206887613,-2.7545425935044223,-3.347804249281076,0.0,0.0,0.0,0.0,11.196145883644757,287.69546591292584,100487.74747186752,1.2168093622297387,340.02378870665433
40.5,69.52701261557222,-7.996880388588918,-1.8468417256593592,-1.8118925934290742,0.0,0.0,0.0,0.0,8.404991081444264,287.6980744179988,100492.53630745005,1.2168563172831075,340.02533018344553
40.55,69.52760593760593,-10.722864205483656,-3.0435750367174763,-1.9632681199278421,0.0,0.0,0.0,0.0,11.318020475511494,287.69807056140553,100492.52922716983,1.2168562478605047,340.02532790442547
40.6,69.09743416153913,-10.232115784566947,-2.8019311730429592,-1.4350952380653592,0.0,0.0,0.0,0.0,10.705443011364444,287.70086667795,100497.66269501827,1.2169065815985916,340.0269802410799
40.65,68.91559980764376,-9.146894217291157,-3.941037417379261,-1.5883391784368275,0.0,0.0,0.0,0.0,10.0856467860646,287.7020486012503,100499.83268460563,1.2169278582356822,340.0276786842278
40.7,69.60048215790331,-9.400497574707941,-1.9344337802646792,-0.1726013630048878,0.0,0.0,0.0,0.0,9.599019738120665,287.6975968659736,100491.65957763254,1.2168477208837944,340.02504797812884
40.75,68.82378896786545,-7.538784605463185,-3.621370843435226,2.349667332227133,0.0,0.0,0.0,0.0,8.687262899520587,287.70264537170885,100500.92835867999,1.21693860123082,340.0280313379011
40.8,68.41450382213915,-7.25724742160358,-5.705343720963432,0.03291806197050437,0.0,0.0,0.0,0.0,9.231450087148419,287.70530572515605,100505.81290093936,1.2169864934990926,340.0296034344193
40.85,68.29582539482982,-10.712934736166147,1.0691305244330507,-1.3375942641620855,0.0,0.0,0.0,0.0,10.848924792584242,287.7060771349336,100507.22928390295,1.217000380857356,340.0300592862575
40.9,68.03467570903773,-8.091583248671773,-1.62946035127902,-3.3603899701365134,0.0,0.0,0.0,0.0,8.911850607924825,287.7077746078912,100510.34606534944,1.217030940159447,340.0310623776499
40.95,67.9859610511734,-9.038533915503418,-0.7979935532971902,-5.127550687402903,0.0,0.0,0.0,0.0,10.422267752494916,287.70809125316737,100510.92747598077,1.217036640732694,340.0312494932052
41.0,67.94687546047133,-7.699995972927835,-2.852579841505892,-3.7246905904844834,0.0,0.0,0.0,0.0,9.016677310967399,287.7083453095069,100511.3939654293,1.2170412145304361,340.03139962293415
41.05,67.60337105537668,-10.435879076178265,-2.752960997036327,-2.6500739708710332,0.0,0.0,0.0,0.0,11.113471932519861,287.71057808814004,100515.49379160677,1.2170814119984206,340.0327190378609
41.1,67.55430340789945,-9.190736336920379,-1.9920969734333145,-2.314742998947899,0.0,0.0,0.0,0.0,9.684839694983552,287.7108970278486,100516.07943947411,1.2170871540606405,340.0329075083491
41.15,66.93372249366239,-11.583767153220451,-0.7779267564155103,-7.680677067996412,0.0,0.0,0.0,0.0,13.920547105671607,287.71493080379116,100523.48663358953,1.2171597783287806,340.0352911715482
41.2,67.0927690508564,-9.905432671737831,0.4390439324686509,-4.623646126130588,0.0,0.0,0.0,0.0,10.940222095033134,287.7138970011694,100521.58822705578,1.2171411653878716,340.03468027226273
41.25,66.88382378781904,-6.653521269366791,-0.3549366786748053,-2.7169360549730843,0.0,0.0,0.0,0.0,7.1956283154841785,287.71525514537916,100524.08223894199,1.2171656179320838,340.03548283270896
41.3,66.71111380537053,-9.1587483848763,0.1331780361757633,-4.8099115540091235,0.0,0.0,0.0,0.0,10.345803860705283,287.71637776026506,100526.14377719407,1.2171858302006016,340.03614621171926
41.35,66.50893040814843,-8.690512316067515,-0.589579820142494,-2.4383082832459784,0.0,0.0,0.0,0.0,9.045327852774955,287.717691952347,100528.5571658907,1.2172094920723882,340.0369227964659
41.4,66.146240002453,-11.307420623443559,-1.297480541586033,-0.21781542714219654,0.0,0.0,0.0,0.0,11.383701527691784,287.72004943998405,100532.8865851589,1.217251939238121,340.0383158828522
41.45,65.75104248482518,-9.56513481056452,-0.5881450315489526,1.3338760591950831,0.0,0.0,0.0,0.0,9.675584936514314,287.7226182238486,100537.60421226002,1.2172981921354988,340.0398338218892
41.5,65.5720135280817,-8.854305715597663,-0.17350159715866054,0.15676690568346174,0.0,0.0,0.0,0.0,8.857392865409077,287.72378191206747,100539.74140982791,1.2173191456649948,340.04052146325523
41.55,65.55744012066117,-9.957483692279986,-2.9227254129668383,-1.1910675174815095,0.0,0.0,0.0,0.0,10.445690362672234,287.7238766392157,100539.91538470512,1.2173208513471476,340.04057743893094
41.6,65.54558717336772,-10.607808728992921,-0.6129337631319146,0.3198668410430153,0.0,0.0,0.0,0.0,10.630315546816298,287.7239536833731,100540.05688336848,1.2173222386260274,340.04062296545857
41.65,65.15367914821509,-6.588914761365581,-5.503526665611089,-6.1248551694457545,0.0,0.0,0.0,0.0,10.545921218097542,287.7265010855366,100544.73551195938,1.2173681085506904,340.0421282594917
41.7,65.21279244103891,-6.986149434769674,-3.707721294608697,-3.638010997045098,0.0,0.0,0.0,0.0,8.705665117499551,287.72611684913323,100544.02980156607,1.2173611896939653,340.04190120948505
41.75,65.30418494130764,-8.573484518178079,-1.2217039085689496,-4.272139883778689,0.0,0.0,0.0,0.0,9.656519891256085,287.72552279788147,100542.938741204,1.2173504928086298,340.0415501770109
41.8,64.82767741256018,-10.470493699468149,-0.7687129251669708,-4.877625327336151,0.0,0.0,0.0,0.0,11.576415105972663,287.72862009681836,100548.62748043929,1.2174062656409208,340.04338040654227
41.85,64.75374596082727,-9.870955758271876,-1.6995554495970022,-1.268834986034006,0.0,0.0,0.0,0.0,10.096246754601408,287.7291006512546,100549.51012731006,1.2174149191241959,340.04366437079767
41.9,64.50616271363408,-10.510408024374673,-2.2383390136032544,0.13791714241724262,0.0,0.0,0.0,0.0,10.746993045351356,287.73070994236133,100552.46599995776,1.2174438984391125,340.0446153147212
41.95,64.14496313365865,-11.3186276528439,-3.208368496618117,-0.6823290208065353,0.0,0.0,0.0,0.0,11.784334230089073,287.7330577396312,100556.77845331196,1.2174861773527732,340.0460026435035
42.0,63.98270307794257,-6.611111371043888,-1.6361145099811434,0.13455994690261242,0.0,0.0,0.0,0.0,6.811884513805785,287.73411242999333,100558.71576600114,1.217505170483808,340.0466258651031
42.05,63.843767312943775,-8.914404864620115,-3.5406951377921856,1.2421519969035486,0.0,0.0,0.0,0.0,9.671922132263033,287.73501551246585,100560.37462108125,1.21752143360173,340.047159499965
42.1,63.392061535437236,-9.227862467523677,-3.8600176608996466,1.2534171248906325,0.0,0.0,0.0,0.0,10.080884710726457,287.73795160001964,100565.76801780109,1.2175743091438676,340.0488944394613
42.15,63.59290139844557,-8.83720656867536,-2.3332849654472927,1.9673179322986498,0.0,0.0,0.0,0.0,9.349373161563566,287.73664614091007,100563.3699476963,1.2175507991177794,340.0481230423828
42.2,63.66643139940846,-11.149123432747047,-2.5524024738413633,3.432566404704665,0.0,0.0,0.0,0.0,11.941533562730037,287.7361681959038,100562.49199563624,1.2175421918882574,340.04784062376854
42.25,63.204431008783224,-7.446480407718969,-2.866090757396525,-0.02918121928698203,0.0,0.0,0.0,0.0,7.979059984467802,287.7391711984429,100568.00840749497,1.2175962732177847,340.04961509979427
42.3,63.057036970699095,-9.879079679205391,-2.7234831112023095,0.018432866493327982,0.0,0.0,0.0,0.0,10.247629742318965,287.74012925969043,100569.76838444502,1.2176135274113966,340.0501812168195
42.35,62.837645320652115,-10.760615402170282,-0.15850310311290938,-3.417968367055408,0.0,0.0,0.0,0.0,11.291522254563914,287.7415553054157,100572.3881040766,1.2176392101127935,340.05102386345993
42.4,62.675553884774295,-9.933551000671969,-1.224761772203818,-2.536600182413433,0.0,0.0,0.0,0.0,10.325203018198856,287.7426088997489,100574.32364676276,1.2176581853306223,340.0516464282185
42.45,62.14142901476093,-6.177400053837479,-3.8988733199755323,-1.4511456501092053,0.0,0.0,0.0,0.0,7.447637765640807,287.74608071140403,100580.70187445685,1.2177207142063748,340.0536979000404
42.5,61.96220983214045,-9.670129804745631,-1.3027355809276893,-0.16165935957867963,0.0,0.0,0.0,0.0,9.758824938638062,287.74724563609107,100582.84208551176,1.2177416955697464,340.0543862439888
42.55,61.51568011326141,-10.962008141308857,-1.598045433736418,-1.7195098481493578,0.0,0.0,0.0,0.0,11.210534591012603,287.7501480792638,100588.17464295856,1.2177939724395823,340.05610126656126
42.6,61.54976838781348,-11.858700638746384,-1.9319650778573882,-2.170985437996569,0.0,0.0,0.0,0.0,12.209604730434869,287.7499265054792,100587.76754511382,1.2177899815398845,340.0559703412909
42.65,61.43986480565979,-9.351352818958173,-0.6006067242856599,-0.542988260352373,0.0,0.0,0.0,0.0,9.38633923490807,287.7506408787632,100589.08006899683,1.2178028485858545,340.05639245564635
42.7,61.69586223949171,-7.673669667061124,-2.4226409678936647,-0.5526662360576171,0.0,0.0,0.0,0.0,8.065967727865567,287.74897689544326,100586.02284029014,1.217772877651437,340.0554092276313
42.75,61.42290220469847,-8.350595397751514,-1.4186618687417614,0.5081251564243212,0.0,0.0,0.0,0.0,8.485472065204261,287.7507511356694,100589.28264614864,1.217804834504605,340.05645760504456
42.8,61.60086787230415,-10.752626314697494,-1.7004645230665674,0.39103813717266855,0.0,0.0,0.0,0.0,10.89327604912574,287.74959435883,100587.1572940789,1.2177839990640607,340.05577407975744
42.85,61.299245829737366,-7.6090926876503895,3.472771025115172,3.317536917444803,0.0,0.0,0.0,0.0,8.998026523674136,287.7515549021067,100590.75943179199,1.2178193118117233,340.0569325399934
42.9,61.42186432082646,-6.408522797579142,-0.8670158811473516,2.552771614062457,0.0,0.0,0.0,0.0,6.952519248360003,287.7507578819146,100589.29504116645,1.2178049560163013,340.0564615913143
42.95,60.87938977344789,-9.691614788693492,-1.6004028342072354,0.2305239052295553,0.0,0.0,0.0,0.0,9.825570096184915,287.75428396647254,100595.77375956548,1.217868468246758,340.0585451030547
43.0,60.74770433923958,-8.28958384560739,-1.8361627078184553,1.450553825927019,0.0,0.0,0.0,0.0,8.613524262742267,287.7551399217949,100597.34651629104,1.2178838861922345,340.0590508725973
43.05,60.92396091199615,-10.157241571126542,-2.3601487266408827,0.9898002702655045,0.0,0.0,0.0,0.0,10.474710636628748,287.753994254072,100595.24143824658,1.2178632498189643,340.0583739167202
43.1,60.31760498484487,-7.5698305991622945,-0.4278106518850559,1.4181429238007934,0.0,0.0,0.0,0.0,7.713396567414796,287.7579355675985,100602.48345435168,1.2179342439666567,340.06070276724245
43.15,60.22495032259323,-10.301605198457384,-3.0558003852192845,0.7917918459990516,0.0,0.0,0.0,0.0,10.774410424082662,287.7585378229031,100603.59011311772,1.2179450925583308,340.0610586275501
43.2,59.80532017604824,-9.195468255338533,-4.295305201408333,1.891286413671563,0.0,0.0,0.0,0.0,10.323916287277944,287.76126541885566,100608.6022604205,1.2179942264255754,340.062670303395
43.25,59.46676464483964,-9.440677857073867,-4.145184267163766,2.2676054919382445,0.0,0.0,0.0,0.0,10.557034890387325,287.7634660298085,100612.64618350011,1.2180338684924044,340.06397058994526
43.3,59.5346202861612,-8.692925371812855,-4.54934390435429,0.22781913686013336,0.0,0.0,0.0,0.0,9.814040097692331,287.7630249681399,100611.8356619189,1.2180259230760784,340.06370997791925
43.35,59.58836008385169,-8.683842909973395,-2.394425477593166,-0.16721448561322566,0.0,0.0,0.0,0.0,9.009459569643528,287.76267565945494,100611.193754918,1.2180196305534772,340.063503580236
43.4,59.57014871919332,-10.400050513275154,-2.8874529637223736,-0.7965872948250605,0.0,0.0,0.0,0.0,10.82279938900563,287.76279403332524,100611.41128425403,1.2180217629633292,340.0635735243815
43.45,59.256784557368455,-10.851002832219107,-0.40180869469622915,0.07453823347424798,0.0,0.0,0.0,0.0,10.858695531241773,287.7648309003771,100615.15438564912,1.21805845592873,340.0647770556876
43.5,59.02207752221781,-8.124099434610173,-2.038313347988157,0.6132608049400519,0.0,0.0,0.0,0.0,8.398321364588028,287.7663564961056,100617.9580099364,1.2180859391949685,340.06567848739155
43.55,58.79744201445553,-9.133262859120668,-1.4223664818225297,0.006715108822928695,0.0,0.0,0.0,0.0,9.243357720822653,287.76781662690604,100620.64138698194,1.218112243569456,340.0665412354687
43.6,58.53208731860491,-9.637476138132273,-1.2678453696937382,0.01602720917976968,0.0,0.0,0.0,0.0,9.72052648090405,287.76954143242904,100623.81124858136,1.2181433166403481,340.0675603691864
43.65,59.005380231830365,-8.321571672230872,-1.0887226326006956,1.4581943546110905,0.0,0.0,0.0,0.0,8.518227682014139,287.7664650284931,100618.15746494853,1.2180878943997588,340.0657426160426
43.7,58.02168173423927,-10.473095602390817,-1.5039898560896805,0.7516895847719045,0.0,0.0,0.0,0.0,10.60720294026154,287.7728590687274,100629.90865486854,1.2182030869085219,340.0695206482779
43.75,58.336740143409806,-7.629679233356092,-1.8385575212970298,0.5799296048287512,0.0,0.0,0.0,0.0,7.869473763192804,287.7708111890678,100626.14486932002,1.218166192208598,340.0683106267779
43.8,57.6619301222518,-9.630028205003514,-2.3340209673127217,-1.6555254614625976,0.0,0.0,0.0,0.0,10.046186423642036,287.77519745420534,100634.20649868736,1.2182452164208233,340.07090231438724
43.85,57.65825332041245,-10.459733982823465,-3.599830080112618,-1.9371782106404505,0.0,0.0,0.0,0.0,11.230203516272347,287.7752213534173,100634.2504250954,1.218245647006631,340.07091643552496
43.9,57.56636629497607,-8.781159811577425,-2.2573164988884846,-0.26325652670279887,0.0,0.0,0.0,0.0,9.070476801771132,287.77581861908266,100635.34819584496,1.2182564078226383,340.07126933695935
43.95,57.03070170238233,-9.889994042073921,-0.9276198848422417,-1.281921590303596,0.0,0.0,0.0,0.0,10.015776743053875,287.7793004389345,100641.74795310874,1.218319140521938,340.07332660382906
44.0,56.82540565684838,-10.593429893011034,-0.07693652718929911,-2.7320380351551212,0.0,0.0,0.0,0.0,10.940324855912186,287.7806348632305,100644.20077838066,1.2183431837873757,340.0741150580068
44.05,56.281170512640585,-7.359288843213253,2.262805763140482,-2.1811378057312822,0.0,0.0,0.0,0.0,8.002298690197405,287.7841723916678,100650.70339660437,1.2184069236935071,340.07620522324044
44.1,56.03355804515826,-10.59941476787983,0.40038766719997254,0.14569709745946904,0.0,0.0,0.0,0.0,10.607974893908969,287.7857818727064,100653.66202697033,1.2184359244942506,340.07715618839285
44.15,56.428254431330544,-9.185123087186417,1.7832066263890929,-3.8777977039723845,0.0,0.0,0.0,0.0,10.128357568337346,287.78321634619635,100648.94597825855,1.2183896972203951,340.0756403405659
44.2,56.26527293925601,-7.61873235244592,-2.2219880929511877,-2.900769539190387,0.0,0.0,0.0,0.0,8.449661393388366,287.7842757258948,100650.89334875019,1.2184087856289523,340.076266278559
44.25,56.08149663679876,-7.870156243471199,-2.1805484023016195,1.101217377398832,0.0,0.0,0.0,0.0,8.240560074637768,287.7854702718608,100653.08922086118,1.2184303098022065,340.0769720786056
44.3,55.7406625512794,-9.644586988491751,-1.1710631860138576,-1.9139928937871038,0.0,0.0,0.0,0.0,9.902162186193925,287.7876856934167,100657.1618184929,1.2184702296032026,340.07828106130705
44.35,55.34141399570803,-9.555362516114286,-0.5327684580287679,-1.7075206435850776,0.0,0.0,0.0,0.0,9.721338477416651,287.7902808090279,100661.9325753753,1.2185169924044545,340.07981437998353
44.4,55.36870538879845,-9.698040346451975,-1.770224893748662,0.21420091293339105,0.0,0.0,0.0,0.0,9.860606713938008,287.7901034149728,100661.60645540014,1.218513795800666,340.0797095672941
44.45,55.324958220815105,-7.6162766373679585,-1.447009579523081,0.47634856888107413,0.0,0.0,0.0,0.0,7.767136827636268,287.79038777156467,100662.12921495925,1.2185189198501074,340.0798775784282
44.5,54.97056147325276,-8.92208116632841,-1.9945437236913803,-0.7040827142652126,0.0,0.0,0.0,0.0,9.169376722154883,287.7926913504238,100666.36418241516,1.2185604304923914,340.08123863717447
44.55,54.83910827955685,-10.855366092686504,-2.00818344119516,-1.8275026499030074,0.0,0.0,0.0,0.0,11.189796230277869,287.79354579618285,100667.93505743198,1.218575827936127,340.08174348105194
44.6,54.88630917369252,-8.708403650856987,-1.3997262280334213,-1.3765366339448977,0.0,0.0,0.0,0.0,8.926946889295147,287.793238990371,100667.371001105,1.218570299159361,340.08156220686294
44.65,54.6496124350123,-10.371920057504767,-0.3954675637676272,-0.2877768484125887,0.0,0.0,0.0,0.0,10.38344527542493,287.7947775191724,100670.19958118649,1.2185980243237131,340.0824712354781
44.7,53.81668118337363,-9.931262953028536,-2.1073078551831306,-0.7156084854695245,0.0,0.0,0.0,0.0,10.177564823826453,287.80019157230805,100680.15381157032,1.2186955924787,340.0856700702978
44.75,53.91613861382357,-9.161003203275355,-2.2593152164929435,-1.0554854748019271,0.0,0.0,0.0,0.0,9.494342237638989,287.7995450990101,100678.96516956175,1.2186839418896873,340.08528811011394
44.8,53.63943401588608,-10.295064044558721,-3.1157321476368898,-1.095839742306346,0.0,0.0,0.0,0.0,10.811891381169245,287.8013436788967,100682.27216743398,1.2187163556826373,340.0863507761496
44.85,54.07985521639275,-9.211858756082325,-2.172500182221691,0.630960732268525,0.0,0.0,0.0,0.0,9.485579066637351,287.79848094109343,100677.00857397012,1.2186647640727464,340.0846593655721
44.9,54.0654757034929,-9.161216486979548,-3.5147193496887588,-0.9609703897450486,0.0,0.0,0.0,0.0,9.85923951014221,287.7985744079273,100677.18042391798,1.2186664484843914,340.08471458934133
44.95,53.2882873671904,-9.469571278642272,-1.2981677119200272,0.9220410857162828,0.0,0.0,0.0,0.0,9.602509014487161,287.80362613211327,100686.46897612205,1.218757490732806,340.0876993272652
45.0,53.40783653882322,-9.096586483023891,-0.3473559759827858,0.7687567286800112,0.0,0.0,0.0,0.0,9.135618683213234,287.8028490624976,100685.04014122207,1.2187434860340105,340.0872402086646
45.05,53.29808075065563,-8.503078175080137,-2.1342397194088325,0.15076788209091854,0.0,0.0,0.0,0.0,8.76812685729949,287.8035624751207,100686.35192636163,1.2187563434731705,340.08766171661796
45.1,53.284691567844874,-10.112338167913675,-3.121248286571999,-0.8767388115029099,0.0,0.0,0.0,0.0,10.619333549346111,287.80364950480896,100686.51195286484,1.2187579119679688,340.0877131366224
45.15,52.92473077581414,-8.28899497157959,-1.5458480229694385,-1.0963676889178329,0.0,0.0,0.0,0.0,8.502888089249046,287.8059892499572,100690.81425430135,1.218800080664015,340.08909553215653
45.2,52.7736972443417,-10.183032034903405,-1.1086947444320236,-0.007846339563635396,0.0,0.0,0.0,0.0,10.243212729668594,287.80697096791175,100692.61947240181,1.218817774276432,340.08967556054193
45.25,52.5168648757239,-10.11876219701984,-0.4050874852876978,-1.0654501729535855,0.0,0.0,0.0,0.0,10.182761331859906,287.80864037830776,100695.6893041425,1.2188478626977841,340.09066189595757
45.3,51.848326685054964,-8.232065740234395,0.7712082280050513,0.6020019665523495,0.0,0.0,0.0,0.0,8.2899984831251,287.81298587654715,100703.68047379627,1.2189261859374467,340.0932293272067
45.35,51.80057947548898,-10.18709030304603,-1.1789898930059952,-0.5816191389807266,0.0,0.0,0.0,0.0,10.271567885822176,287.8132962334093,100704.25122531367,1.2189317799553754,340.093412693219
45.4,51.11404971039418,-9.032602525598113,-1.1895284866755207,-0.2638892787756628,0.0,0.0,0.0,0.0,9.114412979315054,287.8177586768824,100712.45802391418,1.219012215305007,340.09604919710364
45.45,50.91551013052917,-9.58382844409058,-1.9343468861501294,-0.4818081397336174,0.0,0.0,0.0,0.0,9.788953192514098,287.81904918415154,100714.83147330346,1.219035477399376,340.0968116516751
45.5,50.98627203664194,-9.594383000435142,-3.136861706545225,-0.9132135616257674,0.0,0.0,0.0,0.0,10.135385810819727,287.8185892317618,100713.98554205749,1.2190271864688131,340.0965399038457
45.55,51.395930111420924,-9.566883855321322,-2.938128603571328,-1.0683841656825839,0.0,0.0,0.0,0.0,10.064755889628572,287.81592645427577,100709.08835112689,1.218979189080831,340.0949666845715
45.6,51.17613876193075,-10.117393527886929,-1.655950834482447,-0.5838280090208015,0.0,0.0,0.0,0.0,10.268626008793417,287.8173550980474,100711.7157871481,1.2190049406470396,340.0958107552228
45.65,50.956242478761894,-10.291999326375631,0.12397037010650964,2.175934046443587,0.0,0.0,0.0,0.0,10.520233256028744,287.818784423888,100714.34453311615,1.2190307049241522,340.0966552267574
45.7,50.25091713105831,-9.26971511221921,-1.1292887098949762,-0.7318917596125192,0.0,0.0,0.0,0.0,9.36688725243291,287.8233690386481,100722.7767065934,1.21911334759373,340.0993638858525
45.75,50.765712543823774,-10.392518963428643,-1.729750889908825,-1.3573827786449062,0.0,0.0,0.0,0.0,10.622569206840975,287.8200228684651,100716.62226455378,1.219053028812688,340.0973869204968
45.8,50.00937705198481,-10.117462244211959,-1.914057550815415,-1.3880636602239422,0.0,0.0,0.0,0.0,10.390061563615602,287.8249390491621,100725.6644527004,1.2191416497267957,340.10029146663015
45.85,50.04112374570783,-8.791195834795197,-1.9982103514742071,-0.10241596129231056,0.0,0.0,0.0,0.0,9.016011193625843,287.82473269565287,100725.28489947741,1.219137929822075,340.1001695506811
45.9,50.02799240345161,-8.573405034297862,-3.15178619889235,-0.4871087645451747,0.0,0.0,0.0,0.0,9.14736601837649,287.82481804937754,100725.44189342644,1.219139468480212,340.1002199786165
45.95,49.72427572700093,-9.87654832448833,-4.058204657391014,-2.794474506364484,0.0,0.0,0.0,0.0,11.03740547474561,287.8267922077745,100729.07308401792,1.2191750567369237,340.10138633139724
46.0,49.433200147455345,-8.651654327775441,-2.067378190510432,-0.03353305506988391,0.0,0.0,0.0,0.0,8.895296490600863,287.8286841990415,100732.55323904184,1.219209164508318,340.10250413525154
46.05,49.73722327799479,-8.988193263794992,-1.084633557784049,0.8542985613356922,0.0,0.0,0.0,0.0,9.0936172194513,287.82670804869304,100728.91828289587,1.219173539580541,340.101336609441
46.1,49.09657874462678,-10.478073624052149,-3.4668303913715484,-0.8155129224449161,0.0,0.0,0.0,0.0,11.06679724040652,287.8308722381599,100736.57807000137,1.2192486101767888,340.1037968420072
46.15,49.25052765886739,-9.642437846731502,-5.042801501030441,-1.843480285865684,0.0,0.0,0.0,0.0,11.03652455129106,287.82987157021734,100734.73735580356,1.219230570151515,340.10320564193927
46.2,49.05528929005799,-9.092150930037457,-2.449447922708036,-0.14243543861270286,0.0,0.0,0.0,0.0,9.417393031769063,287.8311406196146,100737.07175843498,1.2192534485879865,340.1039554030569
46.25,49.01907448194589,-9.966740705738868,-3.4642429931731487,-1.3500014059916179,0.0,0.0,0.0,0.0,10.637640885429471,287.8313760158673,100737.50477211032,1.2192576923503258,340.10409447623033
46.3,48.74047628668612,-9.662400163316276,-3.7074044784101945,-2.619045110339364,0.0,0.0,0.0,0.0,10.675496343148776,287.83318690413654,100740.83596892827,1.2192903397195776,340.105164355329
46.35,48.10836210645567,-9.050224278110354,-3.693061602739661,-2.4152548021277984,0.0,0.0,0.0,0.0,10.068699977898314,287.837295646308,100748.3944848755,1.219364416136284,340.10759180203814
46.4,48.021529602359834,-7.332871319734375,-3.803617597231872,-4.3410026572690805,0.0,0.0,0.0,0.0,9.331817223251436,287.83786005758463,100749.43282187668,1.2193745921629722,340.1079252551189
46.45,47.760077583383264,-8.741763389273045,-4.48870469020395,-5.66540198511974,0.0,0.0,0.0,0.0,11.343001216736784,287.839559495708,100752.55929913014,1.219405232495371,340.1089292778714
46.5,47.48707867574231,-8.432469890877824,-3.811168224141549,-6.215976228495927,0.0,0.0,0.0,0.0,11.147641551758548,287.84133398860763,100755.82393942295,1.219437226670284,340.10997763958903
46.55,47.64128621309885,-8.058055743311575,-2.9116399394687997,-6.00092130710793,0.0,0.0,0.0,0.0,10.4604476975667,287.8403316396148,100753.97984774494,1.2194191542006472,340.1093854571085
46.6,47.272928637536275,-8.408279032156322,-3.2009769431170367,-6.000201827933003,0.0,0.0,0.0,0.0,10.814242074639216,287.84272596385597,100758.38489915567,1.2194623244867688,340.11080000948925
46.65,47.04844841165744,-6.925348588754334,-2.779400027167353,-7.05872841588318,0.0,0.0,0.0,0.0,10.271862753949558,287.8441850853242,100761.06945126422,1.2194886333980806,340.11166204680376
46.7,47.43498088172686,-7.223169702779801,-2.762966816619781,-5.696134491546659,0.0,0.0,0.0,0.0,9.604900537261466,287.84167262426877,100756.44695735375,1.219443332357189,340.1101777035126
46.75,46.607747223843575,-9.075712788564687,-2.612119099121104,-5.03683788476768,0.0,0.0,0.0,0.0,10.703338950343523,287.847049643045,100766.33995166144,1.219540284504302,340.1133543982807
46.8,46.883646746585924,-9.686271862746434,-1.9121659742765353,-1.0012366421666274,0.0,0.0,0.0,0.0,9.923845833437323,287.84525629614717,100763.04034616928,1.2195079483039792,340.11229490821506
46.85,46.81835437500027,-8.03342978876903,-1.1622968214658207,0.976918312992124,0.0,0.0,0.0,0.0,8.175652723943854,287.84568069656245,100763.8211988704,1.2195156006943841,340.1125456397155
46.9,46.59637682535831,-7.1543985474314375,-2.923866205009337,0.16253966535769993,0.0,0.0,0.0,0.0,7.730513003876222,287.84712355063516,100766.47593720723,1.219541617161069,340.11339806201954
46.95,46.544433318413816,-9.818789612740577,-2.744869890509723,0.5230199303871084,0.0,0.0,0.0,0.0,10.208647805790504,287.8474611834303,100767.09716324807,1.2195477051646906,340.11359753144995
47.0,46.39818157621213,-11.32677396851359,-2.1121168997071575,-0.5486848799517905,0.0,0.0,0.0,0.0,11.535072666841478,287.8484118197546,100768.84629921141,1.2195648466261721,340.11415915542943
47.05,45.82592755341753,-8.080819426109104,-2.958093929423092,-1.1079164004835755,0.0,0.0,0.0,0.0,8.676257317710931,287.85213147090275,100775.69055717159,1.2196319195323975,340.1163566696134
47.1,45.75469353892188,-8.849485133888578,-2.1109616958107957,0.113539225067331,0.0,0.0,0.0,0.0,9.098485454828415,287.85259449199697,100776.54255475783,1.2196402689457828,340.1166302145469
47.15,45.57200480925414,-9.408966334551643,-2.7418671771789493,-0.2578047858212577,0.0,0.0,0.0,0.0,9.803721049153213,287.85378196873984,100778.72763806378,1.2196616822828545,340.11733175446597
47.2,44.85665316317368,-8.642712265189184,-1.4809011023854977,-0.1284398698475091,0.0,0.0,0.0,0.0,8.769608895159726,287.8584317544393,100787.28410673676,1.2197455329486833,340.120078750368
47.25,45.240651494124506,-9.346409120288637,-0.749247114775779,0.00585879502369302,0.0,0.0,0.0,0.0,9.376394243433538,287.85593576528817,100782.69095032032,1.219700521648149,340.1186041750677
47.3,45.076239701796695,-9.450758483102605,-1.6567660244944333,-0.07738113491711035,0.0,0.0,0.0,0.0,9.595191368904322,287.8570044419383,100784.6575242608,1.21971979342165,340.11923552642793
47.35,44.74179133910594,-8.92305200305831,-1.651309194395591,0.942656662819555,0.0,0.0,0.0,0.0,9.12339195084462,287.8591783562958,100788.65804752817,1.2197589970043257,340.1205198250241
47.4,44.55122097073017,-10.920229588161149,-3.3964845833561728,-0.15172371594958423,0.0,0.0,0.0,0.0,11.437243630748972,287.86041706369025,100790.9376234238,1.2197813358351195,340.12125162269
47.45,44.54400259799908,-8.13800335595311,-1.8269393695705178,-0.045810132290374506,0.0,0.0,0.0,0.0,8.340677709263874,287.860463983113,100791.02396940194,1.219782181985446,340.1212793414926
47.5,44.12716520071725,-10.038859976234901,-1.5088573541102865,-0.7444278103890618,0.0,0.0,0.0,0.0,10.178876799646627,287.8631734261953,100796.01026860424,1.2198310451587917,340.12288000777767
47.55,44.335746491512005,-10.104999590453886,-2.2170967163627195,-0.4428093937689908,0.0,0.0,0.0,0.0,10.35483533099342,287.86181764780514,100793.51514907283,1.2198065943253027,340.1220790512187
47.6,43.95666549697219,-8.36485718313193,-4.33282578217387,-1.7503308427516737,0.0,0.0,0.0,0.0,9.581642500738182,287.86428167426965,100798.04988053802,1.2198510321765321,340.1235347288375
47.65,43.710417266967525,-8.82454949550292,-1.7538428068607481,0.4272033189591933,0.0,0.0,0.0,0.0,9.007282668235064,287.8658822877647,100800.99569730504,1.2198798993418885,340.12448032299
47.7,43.18553787500077,-9.428928434895381,-1.9491500492309957,0.02815215611197363,0.0,0.0,0.0,0.0,9.62832643239154,287.86929400381246,100807.27495382844,1.2199414316002144,340.1264958531048
47.75,43.3561379227982,-8.345142894408358,-0.40954046192875776,0.09705552375923829,0.0,0.0,0.0,0.0,8.35574970261456,287.8681851035018,100805.23399029477,1.2199214316857958,340.1258407524254
47.8,43.1499354696,-9.985958717598727,-0.6226248300768528,0.4799639072389509,0.0,0.0,0.0,0.0,10.016855721276329,287.8695254194476,100807.70088530982,1.219945605400091,340.12663256545113
47.85,42.98402581653339,-8.305430456923439,-0.8782197566353062,-0.08784365601707646,0.0,0.0,0.0,0.0,8.35219501230895,287.8706038321925,100809.68577446889,1.2199650557380946,340.1272696536448
47.9,42.98678123827086,-9.878919331533483,-1.2379180232750164,-0.2592099421864601,0.0,0.0,0.0,0.0,9.959552097630867,287.8705859219512,100809.65280924046,1.2199647327056213,340.127259072916
47.95,42.533475217330185,-8.317365317233918,-3.7050865913326216,-0.07195075551969177,0.0,0.0,0.0,0.0,9.105570239189763,287.87353241108735,100815.07617504447,1.2200178770168044,340.128999748689
48.0,42.680526209104706,-7.494362923281715,-0.24904816913813563,-3.036032150393147,0.0,0.0,0.0,0.0,8.08980789849991,287.8725765796408,100813.31682701278,1.2200006369818557,340.128435080133
48.05,42.01120736755941,-10.698209438068334,0.1797444112579875,-0.8247084753315999,0.0,0.0,0.0,0.0,10.731455507219728,287.87692715211085,100821.32489497942,1.2200791084128042,340.1310052238972
48.1,41.598507105604675,-9.26244910905302,-1.3555288766146938,-1.93927531799499,0.0,0.0,0.0,0.0,9.559875040612086,287.87960970381357,100826.26290563277,1.2201274956180872,340.13258995819785
48.15,41.44904130084856,-8.162135822199266,-0.8800663667138964,-1.42674283757744,0.0,0.0,0.0,0.0,8.332501011966816,287.88058123154445,100828.05133113159,1.220145020157545,340.1331638924978
48.2,41.33040321373702,-9.004629581262684,-1.8939211509399612,-1.0405870137533897,0.0,0.0,0.0,0.0,9.260297649369642,287.8813523791107,100829.47090742635,1.2201589303514615,340.13361945064065
48.25,41.706055240066156,-9.36180408972729,-2.058344250514045,-1.2332819839035374,0.0,0.0,0.0,0.0,9.664426590330121,287.8789106409395,100824.9760597807,1.2201148859531281,340.1321769831169
48.3,40.74312156680632,-9.758244328807377,-2.02493763518922,-0.624688423652515,0.0,0.0,0.0,0.0,9.985686778271814,287.8851697098157,100836.49832502512,1.2202277903083814,340.13587454322374
48.35,41.202223794601416,-10.737968374006357,-2.6188153115708506,-1.4251549493041091,0.0,0.0,0.0,0.0,11.144201410007119,287.88218554533506,100831.00466970414,1.2201739593931105,340.1341116458386
48.4,41.18827833420691,-6.785971438034332,-2.527725243002359,0.7209670471628148,0.0,0.0,0.0,0.0,7.277265746489113,287.8822761908276,100831.17153867027,1.2201755945074004,340.13416519486526
48.45,41.25153409425178,-9.59351495337339,-3.2346865234502915,0.5260379390529776,0.0,0.0,0.0,0.0,10.13782234895211,287.8818650283873,100830.4146329836,1.2201681777418858,340.13392229967013
48.5,41.06728923687333,-10.786870366574185,-5.661604169457683,0.4975624870450321,0.0,0.0,0.0,0.0,12.19253470388382,287.8830626199603,100832.61928266093,1.2201897806280217,340.1346297792735
48.55,41.250489935540244,-8.995176600999441,-1.1932907003077267,0.9117747011703765,0.0,0.0,0.0,0.0,9.119675316824777,287.88187181541895,100830.42712713909,1.2201683001696708,340.1339263091267
48.6,40.54710249139008,-7.450793003680823,-1.4403282421314636,0.8949812316954527,0.0,0.0,0.0,0.0,7.641325358461562,287.88644383380597,100838.84397936394,1.2202507746018498,340.1366272301347
48.65,39.96978772440149,-9.192864879021103,-2.144772187421874,0.8981870568850532,0.0,0.0,0.0,0.0,9.482381157126827,287.89019637979135,100845.75264986666,1.2203184697952103,340.1388440315907
48.7,39.62861335421539,-8.104418190105134,-1.7871618119365564,1.6392022891379843,0.0,0.0,0.0,0.0,8.459463676077021,287.8924140131976,100849.83563104046,1.2203584768174047,340.1401540828188
48.75,39.516660206201706,-10.644113486874716,-2.8161364054783666,1.020514125195197,0.0,0.0,0.0,0.0,11.057541555673746,287.89314170865964,100851.17545192695,1.2203716049626174,340.14058396265955
48.8,39.15978966140515,-9.090182824152965,-2.9048396224761786,-1.9692814125458233,0.0,0.0,0.0,0.0,9.744105207284639,287.8954613672008,100855.44646518816,1.22041345397849,340.1419542773825
48.85,38.91832670710197,-10.275994547778083,-3.8855966050582498,-2.6134592490817385,0.0,0.0,0.0,0.0,11.29265664800874,287.8970308764038,100858.33636781953,1.2204417701547259,340.1428814458718
48.9,38.88208793296969,-8.549871333772055,-1.4501707083639594,-0.8977076213166689,0.0,0.0,0.0,0.0,8.718324029354724,287.89726642843567,100858.77009036009,1.2204460198914686,340.1430205951541
48.95,38.789712055746726,-10.47808516844496,-1.159041084223713,1.0766067975740603,0.0,0.0,0.0,0.0,10.596826280952584,287.89786687163763,100859.87569474896,1.220456852901822,340.1433752988657
49.0,38.9288890556263,-9.767623023797602,-1.0717104981065453,0.6446198043676792,0.0,0.0,0.0,0.0,9.847362977922355,287.8969622211384,100858.20995299325,1.2204405315056688,340.1428408886609
49.05,37.975483464213205,-8.697874454345374,-0.4207004156466518,1.4814969083323508,0.0,0.0,0.0,0.0,8.833167152990903,287.9031593574826,100869.6212467574,1.2205523414747568,340.14650174739637
49.1,38.01941052007854,-10.90523415882998,1.1859341981130385,0.0888446799262389,0.0,0.0,0.0,0.0,10.969889031267247,287.90287383161944,100869.09546167069,1.2205471897880193,340.14633307844565
49.15,38.45575873622656,-11.614676160905505,-1.8146885666160115,-5.166064551167676,0.0,0.0,0.0,0.0,12.840639386858616,287.9000375682145,100863.87271030637,1.2204960165511014,340.14465760546403
49.2,37.78083341482359,-7.9813919582633295,-2.869142252100501,-2.1119155260555633,0.0,0.0,0.0,0.0,8.74041086239162,287.90442458280364,100871.95113807713,1.2205751698854308,340.14724915408516
49.25,37.94486985004745,-8.527849331706761,-1.118943350607245,-1.8908848745298459,0.0,0.0,0.0,0.0,8.80634396641906,287.90335834597465,100869.98767785777,1.2205559317946406,340.14661929599833
49.3,37.58506189211703,-8.876254903640879,-2.7625274232658246,-1.6078841424116574,0.0,0.0,0.0,0.0,9.434232893782267,287.9056970977012,100874.29449698444,1.2205981301511193,340.14800086528976
49.35,37.53089255764661,-10.664840740719066,-0.881145199046165,-0.851207928087754,0.0,0.0,0.0,0.0,10.734980196700075,287.9060491983753,100874.94290444918,1.2206044832392502,340.14820886100676
49.4,37.15746570181776,-8.276828210133884,-2.846602895470313,-2.2761703323463376,0.0,0.0,0.0,0.0,9.0437815457043,287.90847647293816,100879.41291940061,1.2206482801777516,340.1496427165251
49.45,36.46365068106821,-10.230691202448902,-1.7956719906264196,-3.0800953745269126,0.0,0.0,0.0,0.0,10.834134386002773,287.912986270573,100887.71848844943,1.2207296566649655,340.15230675765696
49.5,36.62953687648452,-8.983467358008443,-2.0333721289847806,-4.081959046051794,0.0,0.0,0.0,0.0,10.074704841382667,287.91190801030285,100885.73263609195,1.2207101997529828,340.1516698064268
49.55,36.411232243375444,-6.98808224231643,1.6245647548583815,-0.8272978193353981,0.0,0.0,0.0,0.0,7.221975197270025,287.91332699041806,100888.34600522109,1.2207358049108108,340.152508027854
49.6,36.37176965648961,-8.850771945945057,-1.7021153556185888,-5.174042423485342,0.0,0.0,0.0,0.0,10.392500936876875,287.9135834972328,100888.8184257189,1.2207404335589707,340.1526595516092
49.65,36.183958506397076,-9.630102652681545,-2.8172757302463967,-5.650496448230895,0.0,0.0,0.0,0.0,11.515382310322547,287.9148042697084,100891.06680355678,1.2207624624999065,340.15338068563676
49.7,35.980092877375846,-9.149236425320794,-0.0965005710393563,-2.345443787118266,0.0,0.0,0.0,0.0,9.445578123395064,287.91612939629704,100893.50742322709,1.2207863748637233,340.1541634619366
49.75,35.813440049107214,-8.681343310052744,1.4379350993261681,-0.6739779536045952,0.0,0.0,0.0,0.0,8.82539660858461,287.91721263968077,100895.50257764685,1.220805922628334,340.15480335210395
49.8,35.505202734284914,-11.072503839580092,-0.544285885513184,-2.013249203627435,0.0,0.0,0.0,0.0,11.267198443206334,287.9192161822271,100899.19285448047,1.2208420783641936,340.15598687536226
49.85,35.016744537826554,-9.693910855569694,-1.1575890329601937,-0.40335561031637424,0.0,0.0,0.0,0.0,9.771111287532005,287.9223911605041,100905.04099444029,1.2208993753941133,340.1578623752092
49.9,34.884003857471896,-8.698508942561071,-1.5999194447676046,-1.4902900150141467,0.0,0.0,0.0,0.0,8.96910053363275,287.9232539749264,100906.63029982866,1.2209149464714972,340.15837204882035
49.95,34.656790378056144,-9.35530178563725,-1.5977470705607209,-3.5435350800554466,0.0,0.0,0.0,0.0,10.130701262272837,287.9247308625426,100909.35077595271,1.2209415999846893,340.159244460194
50.0,34.43938409078987,-10.638791465821022,-2.6405172410326134,-4.670753192495937,0.0,0.0,0.0,0.0,11.915206693071996,287.92614400340983,100911.95388404439,1.220967103471759,340.1600792136701
50.05,34.12630155718238,-9.156401899492309,-1.731992095833507,-4.062008063956973,0.0,0.0,0.0,0.0,10.165598943333716,287.9281790398783,100915.70266452596,1.2210038312597278,340.1612813221926
50.1,34.225332062982076,-7.3015654819232,-2.2651344314404627,-2.73913903825318,0.0,0.0,0.0,0.0,8.120749666760577,287.9275353415906,100914.51688312711,1.2209922138756788,340.16090108612576
50.15,33.96007048486411,-10.108419640587687,-1.9098252597401837,-2.4269374440562985,0.0,0.0,0.0,0.0,10.56965493809155,287.92925954184835,100917.69312416979,1.2210233322106638,340.1619195796064
50.2,33.74173911119701,-10.869800540040048,-0.3418643944789538,-0.6329905820578159,0.0,0.0,0.0,0.0,10.893581234903483,287.9306786957772,100920.30748387202,1.22104894553025,340.16275787844853
50.25,33.656955485608925,-7.747199289645078,-0.36491082035051414,-0.5164179678470283,0.0,0.0,0.0,0.0,7.7729623862335355,287.93122978934355,100921.32272102284,1.2210588919445131,340.16308341065394
50.3,33.5763358354075,-9.291472700780977,-3.5554269780527843,-3.129861237061969,0.0,0.0,0.0,0.0,10.429216524211528,287.9317538170698,100922.28810453575,1.2210683499183548,340.16339295471795
50.35,32.98624225604616,-7.975196334359524,-2.442580356273968,-3.8856782747258625,0.0,0.0,0.0,0.0,9.201546121338174,287.93558942533565,100929.3544334786,1.2211375790355254,340.16565864643013
50.4,33.1603385055603,-10.318828910781075,-1.4933906058769548,-3.7475612530833335,0.0,0.0,0.0,0.0,11.079379988848853,287.9344577997138,100927.26960152268,1.2211171539464547,340.1649901973614
50.45,32.952046245822444,-14.391989822799388,-1.3718568038253496,-2.0997479725029233,0.0,0.0,0.0,0.0,14.608911790335144,287.9358116994021,100929.76394056696,1.221141590965152,340.1657899431375
50.5,33.17257061406187,-12.614092621717882,0.2457046310866633,-3.1864938513900496,0.0,0.0,0.0,0.0,13.01266485005902,287.93437829100856,100927.12312127104,1.2211157188770856,340.1649432316734
50.55,33.0824704344105,-6.962853329430766,-0.8740207543542134,-4.417871940363517,0.0,0.0,0.0,0.0,8.29233569313606,287.9349639421763,100928.20208049963,1.2211262894486201,340.1652891748986
50.6,32.74446530086115,-1.1965764018738012,-3.495733549211681,-4.735220166211812,0.0,0.0,0.0,0.0,6.006184991748454,287.9371609755444,100932.24981114408,1.2211659449040282,340.1665869559237
50.65,32.36241668912181,-6.513132330875347,-3.1665577278946224,-1.8605119804081678,0.0,0.0,0.0,0.0,7.477264568866425,287.93964429152066,100936.82513622406,1.2212107688167404,340.1680538372664
50.7,32.424935284262425,-12.02540697606467,-3.7144268217481686,-0.6877906024973637,0.0,0.0,0.0,0.0,12.60477827916821,287.93923792065226,100936.07641661589,1.2212034337267221,340.16781379662086
50.75,31.80783095705064,-13.043166540216083,-2.9724586625786933,-5.694703754454277,0.0,0.0,0.0,0.0,14.53923501246015,287.9432490987791,100943.46702445422,1.221275837913618,340.17018316620045
50.8,31.734243458270548,-11.529390959653936,-1.56891607489755,-3.7423598179777233,0.0,0.0,0.0,0.0,12.222667898533288,287.94372741752125,100944.34835742494,1.2212844720748486,340.17046570400447
50.85,31.628485197905615,-8.731180207143902,0.03594067978517168,-1.1708076319939287,0.0,0.0,0.0,0.0,8.8094035015556,287.9444148462136,100945.61499980738,1.2212968809745224,340.1708717604255
50.9,31.50202300805093,-9.460724572605951,0.010194932622927644,-1.082525088096111,0.0,0.0,0.0,0.0,9.522461548450524,287.94523685044766,100947.12962529152,1.2213117192482728,340.1713573084739
50.95,31.42435645026838,-10.788813673957375,-2.2582061806605775,-3.5752770437156998,0.0,0.0,0.0,0.0,11.587950706879267,287.9457416830732,100948.05983930484,1.2213208322194455,340.17165550671126
51.0,31.413493563875704,-11.867431372595608,-1.9108556551107265,-4.42959501355992,0.0,0.0,0.0,0.0,12.810488230434078,287.9458122918348,100948.18994487934,1.221322106815558,340.1716972143915
51.05,31.094274706012577,-8.374758552523012,-0.3282021204373722,-5.000470673487203,0.0,0.0,0.0,0.0,9.759559641772904,287.9478872144109,100952.0133128063,1.2213595627951284,340.17292284197947
51.1,30.879251110978036,-11.289861268486344,-2.8089747893157195,-5.043810150466638,0.0,0.0,0.0,0.0,12.680352032283238,287.9492848677786,100954.58877285344,1.2213847933769286,340.17374841368076
51.15,31.25288860307205,-10.233936123182607,5.688891168560681,-2.6198350219577797,0.0,0.0,0.0,0.0,11.998352672070698,287.94685622408,100950.11353793275,1.2213409515075873,340.1723138510408
51.2,30.622692345705328,-7.6425058647819455,1.3154823128299822,-7.425538590868946,0.0,0.0,0.0,0.0,10.736713322664386,287.9509524997529,100957.66179289894,1.2214148981619104,340.17473345484626
51.25,30.3314959149298,-8.975047811421163,3.406329264581513,-2.216149180373191,0.0,0.0,0.0,0.0,9.852201757257562,287.9528452765529,100961.14978916079,1.221449068042598,340.1758514816834
51.3,30.513067340370835,-7.403971226421013,3.27485915927481,-6.617237404105608,0.0,0.0,0.0,0.0,10.456161977372515,287.9516650622876,100958.97488685703,1.221427761809822,340.17515435225647
51.35,30.031232788231176,-7.112007534059928,-0.01647591827425063,-4.561687748109827,0.0,0.0,0.0,0.0,8.449255454279001,287.9547969868765,100964.74648990373,1.2214843026029631,340.1770043155711
51.4,29.74865093923733,-8.278207163138005,-0.8435289010919667,-3.9053023809709764,0.0,0.0,0.0,0.0,9.191933503329121,287.95663376889496,100968.13149029505,1.2215174630532106,340.1780892601783
51.45,29.770965324534927,-8.559746447429292,-2.4733742777651098,-2.587487610597372,0.0,0.0,0.0,0.0,9.278034904934524,287.9564887253905,100967.86418668882,1.2215148444768817,340.1780035864645
51.5,29.52205219565086,-10.619617539501508,-2.4546285927439766,-3.4790640083370175,0.0,0.0,0.0,0.0,11.441388228170146,287.9581066607282,100970.84594488202,1.22154405448854,340.17895926077915
51.55,29.459577438556554,-10.862706915496199,-2.4745233099718016,-4.650716448233986,0.0,0.0,0.0,0.0,12.072730868591286,287.9585127466494,100971.59434817445,1.22155138599923,340.1791991252492
51.6,28.961311063534545,-6.674023753672872,-1.8246350635998294,-2.591431530969437,0.0,0.0,0.0,0.0,7.38832887462451,287.961751478087,100977.56338682336,1.221609859544374,340.1811121542447
51.65,29.162087325906683,-7.114389908525522,-1.403144291722121,-4.9025563343039,0.0,0.0,0.0,0.0,8.753194633100845,287.96044643238156,100975.15813040793,1.2215862973921334,340.180341301171
51.7,28.543902786795496,-8.181144598683531,-2.4316807826609814,-3.946752396296671,0.0,0.0,0.0,0.0,9.403246931300112,287.9644646318858,100982.56399663405,1.2216588457176736,340.1827147307987
51.75,28.742611316360914,-9.07053053401607,-0.14732223442623305,-6.2989178873719744,0.0,0.0,0.0,0.0,11.044120361582847,287.96317302644366,100980.18341551947,1.221635525507617,340.181951820106
51.8,28.105896023445684,-9.932866709946897,0.7318235612394619,-6.838815594841614,0.0,0.0,0.0,0.0,12.081672299090277,287.96731167584755,100987.8115948184,1.2217102509026552,340.18439638403885
51.85,27.810122624597923,-9.78174135842125,-1.0184655659200992,-3.655122766031398,0.0,0.0,0.0,0.0,10.491885366642869,287.9692342029401,100991.35527219006,1.2217449642850138,340.18553195151543
51.9,27.70664743468781,-9.322605553238535,-0.9181768761824197,-5.557599889224521,0.0,0.0,0.0,0.0,10.89224217532545,287.96990679167453,100992.59503791046,1.2217571088069485,340.18592922454957
51.95,27.639505662178134,-9.516702940992076,4.753949953039907,-8.492399545602193,0.0,0.0,0.0,0.0,13.612072768878356,287.9703432131958,100993.39948920153,1.221764989051883,340.18618700218707
52.0,27.586678184836362,-11.444397919702212,-3.5071298192947626,-2.281392734291657,0.0,0.0,0.0,0.0,12.185194135587237,287.97068659179854,100994.03243908724,1.2217711892947474,340.1863898227648
52.05,27.343910316435284,-11.593642185354382,-3.014913926436393,-6.057444553887731,0.0,0.0,0.0,0.0,13.423668635260368,287.9722645829431,100996.9411919555,1.2217996827259927,340.18732188008914
52.1,27.396791051640086,-7.238212612261967,-2.8434912551190625,-3.6581019256840173,0.0,0.0,0.0,0.0,8.594118572427304,287.9719208581643,100996.30758918868,1.22179347612165,340.1871188555947
52.15,27.130532005600347,-8.711134128824035,-4.518452544224179,-3.0694833030864084,0.0,0.0,0.0,0.0,10.282120352957122,287.9736515419636,100999.49786626475,1.2218247271529088,340.18814110014023
52.2,26.75545590640908,-8.47884228758588,-3.3003252827570453,-2.972128692356633,0.0,0.0,0.0,0.0,9.571648890013124,287.9760895366083,101003.99211184857,1.2218687511637738,340.18958111922944
52.25,26.334747565556942,-7.918812765737986,-1.7879464312688271,-0.890967971109724,0.0,0.0,0.0,0.0,8.16689488027397,287.97882414082386,101009.03332582602,1.2219181326365043,340.19119632564406
52.3,26.0969598626477,-8.299960620006871,-3.5914870236968137,-2.799768608558625,0.0,0.0,0.0,0.0,9.46714474361292,287.98036976089276,101011.88275021188,1.2219460441132965,340.1921092497737
52.35,26.133295532071973,-10.316214045572636,-4.025639714793821,-2.2379072988070665,0.0,0.0,0.0,0.0,11.297711114444791,287.98013357904154,101011.44733348068,1.2219417790075373,340.19196974856624
52.4,26.27127507775346,-8.269012491581837,-4.135947684488011,-3.318982204652136,0.0,0.0,0.0,0.0,9.823353485931154,287.9792367119946,101009.79391410763,1.2219255829777167,340.19144001201624
52.45,25.383030541656563,-9.80914936422505,-2.9331581608019426,-1.9158326235588312,0.0,0.0,0.0,0.0,10.416008961567192,287.98501030147924,101020.43819939674,1.2220298479361877,340.1948501812681
52.5,25.847440409097615,-10.658873924634038,-2.8407257667150327,-3.182135667264419,0.0,0.0,0.0,0.0,11.480736197117261,287.98199163734085,101014.87282685681,1.221975333185266,340.193067212279
52.55,25.430072197598296,-8.422148125402975,-2.358840455093331,-1.8393869905956035,0.0,0.0,0.0,0.0,8.937564088720489,287.9847045307156,101019.87445257143,1.222024325866858,340.1946695786968
52.6,24.876800251577112,-9.006656591037894,-4.646599663648084,-2.8125039487968344,0.0,0.0,0.0,0.0,10.51764849408358,287.9883007983647,101026.50502032244,1.2220892738967097,340.19679369717585
52.65,25.149195184519595,-8.253219813920865,-2.98837829012481,-1.912852475201622,0.0,0.0,0.0,0.0,8.983598760723355,287.9865302313006,101023.24051823413,1.222057297403144,340.1957479217704
52.7,25.18250798354131,-10.049415262042169,-1.7738483354657806,-1.501309430124664,0.0,0.0,0.0,0.0,10.314611724693375,287.986313698107,101022.84128868884,1.2220533868511874,340.1956200274458
52.75,24.817813546964025,-10.832479317266015,-2.3466367161601416,-1.5923124712559882,0.0,0.0,0.0,0.0,11.19753415010395,287.9886842119447,101027.21195449021,1.2220961984416232,340.1970201578112
52.8,24.427554516669936,-8.4305052524975,-1.8326242293144928,-0.7202944706087244,0.0,0.0,0.0,0.0,8.657410380861473,287.9912208956416,101031.88916772722,1.2221420123383155,340.1985184290659
52.85,24.368538547269523,-5.252743731188394,-2.4297612842174905,-0.9590219778894049,0.0,0.0,0.0,0.0,5.866411148044101,287.9916044994427,101032.59648314613,1.2221489405473993,340.1987450009054
52.9,23.722825601741906,-8.701073359994156,-3.2625056517786786,-2.435172482467923,0.0,0.0,0.0,0.0,9.606387758322938,287.99580163358866,101040.33571349687,1.2222247463027351,340.20122398734884
52.95,23.654453372626595,-11.109366792308009,-2.4040620949738667,-4.1363175175778295,0.0,0.0,0.0,0.0,12.09572931611597,287.9962460530779,101041.15522096121,1.2222327733130338,340.2014864772793
53.0,23.87603025291123,-9.377560214056928,-2.2087616324606745,-5.013576258672953,0.0,0.0,0.0,0.0,10.860626612623363,287.99480580335603,101038.49942673657,1.2222067599752957,340.2006358139189
53.05,23.832744108257323,-8.16288639788677,-1.7357079338185797,-3.792592188013685,0.0,0.0,0.0,0.0,9.166741617440083,287.9950871632963,101039.01824489332,1.2222118417768018,340.2008019954008
53.1,23.361830334853956,-8.584114251224433,-3.0269539585019767,-3.253603219213659,0.0,0.0,0.0,0.0,9.666198924760584,287.99814810282345,101044.66265262639,1.2222671281866977,340.20260989310714
53.15,23.131285153420336,-8.374722435922404,-3.0097323486829692,-2.863548006335188,0.0,0.0,0.0,0.0,9.348495701129515,287.99964664650275,101047.42607752186,1.2222941954432356,340.20349498179775
53.2,22.75804043303043,-10.690660992967636,-5.351212394855025,-1.1236114432020732,0.0,0.0,0.0,0.0,12.007839490795357,288.0020727371853,101051.90009713164,1.2223380173729035,340.2049279050682
53.25,22.478242675903847,-7.787013688757245,-4.377937139599369,-1.4674223209478263,0.0,0.0,0.0,0.0,9.053024028201412,288.0038914226066,101055.25408942088,1.2223708686663475,340.2060020722782
53.3,22.497656402302365,-7.337190520751979,-4.414023000358955,-0.3279347065728164,0.0,0.0,0.0,0.0,8.568868359199222,288.003765233385,101055.0213702469,1.2223685892623564,340.2059275414531
53.35,22.358502085377634,-10.61123714623902,-4.227277519858591,-1.8239862443369914,0.0,0.0,0.0,0.0,11.566985554722336,288.004669736445,101056.68947163319,1.2223849277176495,340.2064617654773
53.4,22.109989928810975,-7.195622683196858,-2.363692889719244,0.9199541602415446,0.0,0.0,0.0,0.0,7.629570468433474,288.0062850654627,101059.66854695154,1.2224141065651561,340.2074158204925
53.45,22.45131408513007,-8.616010440081318,-1.6653353256995296,0.7749488186248007,0.0,0.0,0.0,0.0,8.809626741360896,288.00406645844663,101055.57689263852,1.2223740304108024,340.2061054532325
53.5,22.011905494543253,-9.226532314460586,-0.929944879947573,-0.9691007757872591,0.0,0.0,0.0,0.0,9.323778866058417,288.00692261428543,101060.84436782562,1.2224256232138224,340.2077923725482
53.55,21.91620060392615,-8.645127828665995,-2.2998964143511635,-1.9546593020803311,0.0,0.0,0.0,0.0,9.156880018758011,288.00754469607443,101061.99167377996,1.222436860546809,340.2081597889907
53.6,21.83128895026398,-9.18036199614934,-1.7474521708275779,-2.8803818113164152,0.0,0.0,0.0,0.0,9.779020137449127,288.00809662182326,101063.0095997215,1.2224468306418852,340.208485769259
53.65,21.209511222643865,-10.808300888317987,-3.187634081982436,-4.916998001353274,0.0,0.0,0.0,0.0,12.29460241237363,288.0121381770528,101070.46376099144,1.2225198399845931,340.2108727968761
53.7,20.778282057228825,-7.261284892864264,-2.2229186624382256,-3.0809766856462546,0.0,0.0,0.0,0.0,8.195123123702945,288.014941166628,101075.63379870988,1.2225704770122645,340.21252829170294
53.75,20.608885785370585,-8.759251158346357,-1.9704890738497662,-1.9651285929426874,0.0,0.0,0.0,0.0,9.190703913844368,288.0160422423951,101077.66476147239,1.2225903687860182,340.2131786041677
53.8,20.233558032591255,-11.233491142084372,-2.124817079496032,-1.9602285918898823,0.0,0.0,0.0,0.0,11.59951149803597,288.01848187278813,101082.16484062209,1.2226344434523548,340.2146194833746
53.85,20.50608765113761,-8.553549721128299,-1.0026222725839653,1.4602084083362143,0.0,0.0,0.0,0.0,8.735025635284146,288.0167104302676,101078.89726741577,1.2226024402304219,340.2135732457064
53.9,20.528913579381307,-11.760663596075533,4.6202256978823275,0.7252806236200462,0.0,0.0,0.0,0.0,12.656449964442132,288.016562061734,101078.62359318537,1.22259975980499,340.2134856171181
53.95,20.050520909097692,-10.617053899248004,1.5286614575674482,-0.766626779977925,0.0,0.0,0.0,0.0,10.753899570442753,288.01967161409084,101084.35946551774,1.2226559379077533,340.2153221587098
54.0,19.81594838903502,-9.292971495153079,-2.5670261580425695,0.8212558005401138,0.0,0.0,0.0,0.0,9.675918746854132,288.02119633547125,101087.1720589798,1.2226834847017238,340.2162226751332
54.05,19.307486292702826,-11.253879299280637,-1.9734931108993556,0.40807126278822053,0.0,0.0,0.0,0.0,11.432890994715992,288.0245013390974,101093.26888651398,1.2227431970796754,340.218174636722
54.1,19.505493568403946,-8.61657340276534,-2.3220356308140913,-1.0776627159207195,0.0,0.0,0.0,0.0,8.988801010440651,288.02321429180535,101090.89460096223,1.2227199433893272,340.21741449762357
54.15,19.002501101018467,-10.897495776714273,-2.119749797010472,-3.405087020526798,0.0,0.0,0.0,0.0,11.612207844453673,288.02648374284337,101096.92602195524,1.2227790147648656,340.21934545486454
54.2,18.41715302209426,-9.249545476610857,-1.1718140878814338,-2.3497816595311694,0.0,0.0,0.0,0.0,9.61502540963459,288.03028850535634,101103.94534221453,1.22284776072234,340.22159255645073
54.25,18.725847046917846,-9.96357394844976,-1.3889381649552144,-3.5115961367195445,0.0,0.0,0.0,0.0,10.65519884749785,288.028281994195,101100.24352599989,1.222811505914714,340.2204075081434
54.3,18.510471887434612,-9.641726644434032,-0.023929819794713925,-2.495034671551301,0.0,0.0,0.0,0.0,9.959350547827286,288.02968193273165,101102.82626366436,1.2228368007295678,340.22123431424274
54.35,18.39127192488942,-10.092239590558615,-1.4686282785306497,-3.3959177661691102,0.0,0.0,0.0,0.0,10.749066305885439,288.0304567324882,101104.25570975301,1.222850800385108,340.22169191144326
54.4,18.242712476410247,-10.03983619828501,-0.7520467199005103,-2.0615401542806993,0.0,0.0,0.0,0.0,10.276859100183227,288.0314223689033,101106.0372577386,1.2228682483902982,340.2222622160272
54.45,17.981467967215128,-7.6575698873939935,0.8501398228541092,0.707830716404684,0.0,0.0,0.0,0.0,7.7370626611015405,288.0331204582131,101109.17020413274,1.2228989314887166,340.2232651047575
54.5,18.16558166994209,-8.968105928992024,-0.1390170233920905,-1.1049023130656086,0.0,0.0,0.0,0.0,9.0369828376418,288.03192371914537,101106.96223237732,1.2228773073218162,340.22255831295627
54.55,17.863465798727958,-9.278515325287104,-0.9704802814927014,-2.757737142621756,0.0,0.0,0.0,0.0,9.728195761093083,288.03388747230827,101110.58535809074,1.2229127910052546,340.2237181010409
54.6,17.391215278134162,-9.796986147865343,-0.5156454606572112,-2.055713665760433,0.0,0.0,0.0,0.0,10.02361144987953,288.0369571006921,101116.24903482829,1.2229682586794122,340.2255310085578
54.65,16.83521356183609,-9.42923536901665,0.11410641625185247,-1.3937673519860585,0.0,0.0,0.0,0.0,9.532370500038626,288.04057111184807,101122.9174647056,1.2230335657266442,340.2276654134969
54.7,17.048816161098372,-9.830150866198093,-1.1227127337886051,-1.9440456201404115,0.0,0.0,0.0,0.0,10.08323674759317,288.03918269495284,101120.35557086019,1.2230084760010151,340.22684542760686
54.75,17.00577389668122,-8.242614315076937,0.13203301952113197,-1.1126023943780696,0.0,0.0,0.0,0.0,8.31841376425403,288.03946246967155,101120.87180432143,1.2230135317065247,340.2270106600693
54.8,16.864956786690417,-10.079058122843893,-0.8244821925759895,-2.0273334507274203,0.0,0.0,0.0,0.0,10.31393544918615,288.0403777808865,101122.56072907728,1.2230300720688234,340.2275512341775
54.85,16.60841018325549,-11.29818492556463,-0.9944930813127447,-2.2190760326476546,0.0,0.0,0.0,0.0,11.55691557205927,288.0420453338088,101125.63774278277,1.223060206444628,340.228536072884
54.9,16.441596056924933,-10.384592844856193,-1.0376847257524497,-1.5250609410804983,0.0,0.0,0.0,0.0,10.54714980539803,288.04312962562994,101127.63854802164,1.2230798010044008,340.22917644236793
54.95,15.781690129531784,-9.126737618977327,-0.3037163187900375,-1.0627329082087864,0.0,0.0,0.0,0.0,9.193420712778524,288.04741901415804,101135.55391875817,1.223157318173621,340.23170969093945
55.0,15.856642036942144,-8.047489308972539,-1.4816640585660301,0.06384190596154232,0.0,0.0,0.0,0.0,8.182999960248715,288.0469318267599,101134.65486818964,1.2231485136087534,340.231421966314
55.05,15.564235812960646,-8.114838099260542,-1.3833105953543863,0.2506984497297434,0.0,0.0,0.0,0.0,8.23571461945635,288.04883246721573,101138.16232698658,1.22318286270302,340.2325444509975
55.1,15.747228821232817,-10.478455899850157,-2.8005320904123794,-0.6002211540580856,0.0,0.0,0.0,0.0,10.862839567457163,288.047643012662,101135.96728544447,1.2231613663433656,340.23184198058016
55.15,15.78414358815617,-9.64953575363047,-1.6564435060017515,2.1288048869117677,0.0,0.0,0.0,0.0,10.019438886270407,288.04740306667696,101135.52448933966,1.2231570299662369,340.2317002726311
55.2,15.588452986102071,-9.407167833176876,-2.714567020319323,-0.8155801107059953,0.0,0.0,0.0,0.0,9.824909753597854,288.0486750555903,101137.8718344324,1.223180017872471,340.23245148661243
55.25,15.380877177048749,-7.356465630176457,-4.142184768762196,-0.3743415802854226,0.0,0.0,0.0,0.0,8.450764039142474,288.0500242983492,101140.36179300521,1.2232044023031796,340.23324832352523
55.3,15.174778327582086,-9.384445720263333,-3.6411358800283193,-2.1399721928652085,0.0,0.0,0.0,0.0,10.291023902393519,288.0513639408707,101142.83408393992,1.223228613599814,340.2340394888755
55.35,15.328900952622876,-9.570882194102678,-5.625748959922357,-2.719482107990438,0.0,0.0,0.0,0.0,11.430066503268444,288.05036214380794,101140.985277308,1.2232105081337838,340.23344784828566
55.4,14.91067393558132,-8.075368229646305,-5.230250673930676,-2.7535043357364737,0.0,0.0,0.0,0.0,10.00744124556586,288.0530806194187,101146.0022609503,1.2232596395868351,340.23505332126757
55.45,14.420169118207145,-10.544969211723226,-4.2727950280554365,-1.6019832136286447,0.0,0.0,0.0,0.0,11.48997403150738,288.05626890073165,101151.88653415181,1.223317263838582,340.23693624169766
55.5,14.137398951853147,-7.032554575429505,-2.99427149104027,-1.1880657876437,0.0,0.0,0.0,0.0,7.735243107635366,288.05810690681295,101155.27887330153,1.2233504844748475,340.2380217180921
55.55,13.667370807417248,-9.877502745365794,-3.69894503478195,-2.5758755965465014,0.0,0.0,0.0,0.0,10.857365700018152,288.06116208975175,101160.91791413171,1.2234057062333301,340.23982601836684
55.6,13.686638328463536,-9.460817004725728,-2.746538916807091,-2.2192488375920316,0.0,0.0,0.0,0.0,10.09829687727574,288.061036850865,101160.68675203902,1.2234034425305624,340.2397520561892
55.65,13.575262143390724,-10.414835185782112,-3.113555246159024,-3.5585282673041836,0.0,0.0,0.0,0.0,11.437925583211863,288.0617607960679,101162.02299378149,1.2234165279415488,340.24017959540845
55.7,13.257729117421205,-11.580726742143353,-2.4426251918334136,-4.302351919483603,0.0,0.0,0.0,0.0,12.593247466124758,288.06382476073674,101165.83269171785,1.2234538349799469,340.2413985049398
55.75,13.201743314051319,-7.1842445701744975,-0.5492073404367686,-3.4131065575534034,0.0,0.0,0.0,0.0,7.972721939217837,288.06418866845866,101166.50441027153,1.2234604128569042,340.2416134163978
55.8,13.341506105927238,-7.842296886646692,-0.5072824671811469,-4.027462172672103,0.0,0.0,0.0,0.0,8.830594969316762,288.06328021031146,101164.82754083122,1.2234439919151017,340.2410769118242
55.85,12.701910036501522,-11.868958680535089,-1.7447688039466658,-2.6777234857097314,0.0,0.0,0.0,0.0,12.291728983564361,288.06743758476273,101172.50157788766,1.2235191404044437,340.24353210926523
55.9,12.788110846890326,-9.16957579961225,-1.2722024207810203,-2.16892920284123,0.0,0.0,0.0,0.0,9.508095142099348,288.0668772794952,101171.46729105811,1.2235090121490098,340.2432012139416
55.95,12.747063185102567,-9.187688407402835,-2.453486980339903,-2.4405247550566935,0.0,0.0,0.0,0.0,9.817809211543397,288.0671440892968,101171.95980341075,1.2235138350794683,340.24335878186616
56.0,12.600690949588596,-9.80343530690639,-1.7099482578643397,-0.5712870052806189,0.0,0.0,0.0,0.0,9.96783003986698,288.06809550882764,101173.71607355346,1.223531033330048,340.2439206541868
56.05,12.524389217289228,-6.560866998610603,-3.3435566640911887,-2.0650644369903057,0.0,0.0,0.0,0.0,7.647799557282368,288.0685914700876,101174.63160160148,1.223539998603011,340.2442135497445
56.1,12.099980944981361,-8.237289951200625,-1.3359736287720574,-1.3333245586244298,0.0,0.0,0.0,0.0,8.450770713701573,288.0713501238576,101179.72410746163,1.2235898664877705,340.2458426994732
56.15,12.01632266370168,-7.962489701781519,-2.93455502319195,-1.8712519028998151,0.0,0.0,0.0,0.0,8.689904436714137,288.07189390268593,101180.7279537779,1.22359969650208,340.24616383241175
56.2,12.100443259922177,-8.674846452302,-2.740663554266935,-4.13022571499304,0.0,0.0,0.0,0.0,9.991144186002595,288.0713471188105,101179.71855999796,1.223589812165014,340.24584092481774
56.25,11.94071617464615,-9.051501360047332,-2.3209272486890975,-3.391800415622702,0.0,0.0,0.0,0.0,9.940859632047149,288.07238534486476,101181.6351906318,1.2236085804667738,340.24645405726244
56.3,11.43832656241353,-6.929112889815757,-1.2799575669034942,-1.5161433414027317,0.0,0.0,0.0,0.0,7.207606221524885,288.0756508773443,101187.66376074997,1.223667613843351,340.24838253557994
56.35,10.950242885911702,-9.470437061970161,-3.4183766790661787,-2.587097513124304,0.0,0.0,0.0,0.0,10.39555437709483,288.07882342124157,101193.52094117903,1.223724968285196,340.2502560885066
56.4,11.321393619952419,-9.207294613985203,-3.1483711226363513,-3.3088096603632433,0.0,0.0,0.0,0.0,10.277876055055565,288.0764109414703,101189.06697329304,1.2236813543811689,340.248831394097
56.45,11.08695717696797,-8.19326956763713,-2.4324346059123836,-3.602172493474419,0.0,0.0,0.0,0.0,9.274807329144501,288.0779347783497,101191.88029262237,1.2237089028574077,340.24973129949035
56.5,11.335148174456199,-8.503036770861328,-3.4468178869146575,-4.412593848686398,0.0,0.0,0.0,0.0,10.181020201612396,288.07632153686603,101188.90191579418,1.2236797381070152,340.2487785959273
56.55,10.846790150256465,-8.856946840827849,-2.4683377950621455,-3.346311085020517,0.0,0.0,0.0,0.0,9.784477333486642,288.07949586402333,101194.76244663792,1.2237371252228753,340.2506531997772
56.6,10.420180341758538,-8.69487512798739,-3.4369786654380814,-2.7358879284678763,0.0,0.0,0.0,0.0,9.741599385886616,288.08226882777853,101199.88219414704,1.2237872579699862,340.2522907693927
56.65,10.119894951142808,-6.549807001200507,-2.929991694206166,-1.6599438844822552,0.0,0.0,0.0,0.0,7.364797130995689,288.08422068281754,101203.48604714501,1.2238225467355104,340.2534434297527
56.7,10.257025379111377,-8.672418346868035,-3.0901427861339634,-2.2307859773286984,0.0,0.0,0.0,0.0,9.47292080081088,288.0833293350357,101201.84027352187,1.223806431424307,340.25291704829044
56.75,9.69517042112255,-9.651453748490082,-2.187889178975816,-2.456479288625254,0.0,0.0,0.0,0.0,10.196651853141185,288.08698139226266,101208.5835247485,1.2238724605973483,340.25507374925155
56.8,9.67184287465549,-9.000289725178815,-2.0700084105112144,-2.5144945572028496,0.0,0.0,0.0,0.0,9.571459284505643,288.08713302131474,101208.86350434786,1.2238752021086388,340.25516329260273
56.85,9.878526308789949,-8.257772250408314,-2.154617312167206,-3.664250364320531,0.0,0.0,0.0,0.0,9.287621279634918,288.08578957899283,101206.38289046375,1.2238509123209076,340.25436993242255
56.9,9.361350375887737,-7.259509316400634,-2.359925823048593,-2.152664087316231,0.0,0.0,0.0,0.0,7.931184531835091,288.0891512225567,101212.59012681207,1.2239116924068933,340.256355123323
56.95,8.954937519376067,-9.074879888116401,-2.316161583232648,-3.2899576985572896,0.0,0.0,0.0,0.0,9.92682583314922,288.09179290612406,101217.46818157581,1.22395945690017,340.25791513965413
57.0,8.610763732944001,-10.248449037870962,-3.729205499236707,-3.0120824510636015,0.0,0.0,0.0,0.0,11.314164663349251,288.09403003573584,101221.59934783935,1.2239999077359962,340.2592362456325
57.05,8.746538948296045,-10.83101401986469,-2.3119187697399766,-5.214912596553884,0.0,0.0,0.0,0.0,12.241370286290577,288.093147496836,101219.96960256698,1.2239839499170027,340.2587150750932
57.1,8.720134385737351,-6.741933875129236,-1.678588596105649,-5.664127401372723,0.0,0.0,0.0,0.0,8.964020932069065,288.0933191264927,101220.28654174416,1.2239870532634871,340.2588164285587
57.15,8.673207822274735,-9.253120202498721,-3.844862367259905,-5.7706422446644305,0.0,0.0,0.0,0.0,11.563023480948534,288.0936241491552,101220.84981253267,1.2239925685897743,340.25899655530196
57.2,8.41470795745667,-8.914521669604671,0.5490369780382897,-4.950441092369012,0.0,0.0,0.0,0.0,10.211611293528577,288.0953043982765,101223.95269386731,1.2240229506801914,340.2599888005279
57.25,7.756852502654131,-8.60224976730408,-2.252244507999384,-3.7446332992578943,0.0,0.0,0.0,0.0,9.64850169346555,288.0995804587327,101231.84955377568,1.2241002725644983,340.26251394908445
57.3,7.613452945095631,-9.413741983606785,-1.995610608340545,-3.9528516946574266,0.0,0.0,0.0,0.0,10.403174340267418,288.1005125558569,101233.57098022527,1.2241171277113834,340.2630643793449
57.35,7.564138425335786,-9.354755541810695,-2.1719724903075126,-3.15892393071002,0.0,0.0,0.0,0.0,10.109783189846505,288.1008331002353,101234.16297719891,1.224122924168302,340.2632536698484
57.4,7.558817303443887,-7.697588958588275,-1.5543716315054845,-1.9356891213163445,0.0,0.0,0.0,0.0,8.0880058925913,288.10086768752757,101234.22685486278,1.224123549617274,340.2632740946144
57.45,7.2819284653576215,-7.468311863299819,-2.041264234279514,-1.2175383649226486,0.0,0.0,0.0,0.0,7.837400170446324,288.1026674649751,101237.55082528532,1.2241560956926736,340.2643369119802
57.5,7.413619650092141,-10.82864650118815,-3.93125481327367,-2.319484644679436,0.0,0.0,0.0,0.0,11.751355601439583,288.1018114722744,101235.96989967843,1.2241406163612756,340.2638314255027
57.55,7.005133145755275,-9.873058690299331,-3.8443524975288423,-2.063243520329046,0.0,0.0,0.0,0.0,10.79413302917521,288.1044666345526,101240.87376137578,1.2241886314373744,340.2653993670641
57.6,6.936758167114454,-9.292068577197513,-4.070009488105358,-1.9579977495947438,0.0,0.0,0.0,0.0,10.331566718752153,288.10491107191376,101241.6946186421,1.224196668636326,340.2656618180418
57.65,6.795402719846624,-9.859381217701573,-3.479547538390243,-1.9777947043670887,0.0,0.0,0.0,0.0,10.64078573041045,288.10582988232096,101243.39164022321,1.2242132845187248,340.26620439709893
57.7,6.736514317549599,-8.441288071396059,-3.377882817685804,-0.9833646037674256,0.0,0.0,0.0,0.0,9.145077505316895,288.1062126569359,101244.09862288463,1.2242202067136783,340.2664304342155
57.75,6.25750312800287,-9.6303685391442,-4.292672542405048,-1.2545313192708967,0.0,0.0,0.0,0.0,10.61813941267905,288.10932622966794,101249.84952353688,1.2242765144791918,340.26826906415573
57.8,6.56287424643593,-10.089734579524935,-4.064930449340486,-2.7673286745005834,0.0,0.0,0.0,0.0,11.224282223641287,288.10734131739815,101246.18327597876,1.224240617875174,340.26709693301643
57.85,5.9856866969898395,-8.108432752310906,-3.9058414588054498,-2.6895145344065248,0.0,0.0,0.0,0.0,9.393389570908663,288.1110930364695,101253.11300813338,1.2243084673819031,340.2693123961754
57.9,5.596001003813351,-9.206286954540479,-3.70269667054395,-2.686079588603636,0.0,0.0,0.0,0.0,10.28011214334321,288.1136259934752,101257.79180418857,1.2243542773114937,340.27080814844794
57.95,5.708889097405892,-9.098792877916607,-2.7898582063400243,-2.0491092681571885,0.0,0.0,0.0,0.0,9.734998173577457,288.11289222086685,101256.43638520606,1.2243410064927722,340.2703748444753
58.0,5.408417668560561,-9.218100124411956,-3.6364223488736873,-2.8837129030721416,0.0,0.0,0.0,0.0,10.32050083621994,288.11484528515433,101260.04410266376,1.2243763293440002,340.2715281576538
58.05,5.082608178501832,-8.159528785347131,-2.1033143283033024,-2.7737309673011863,0.0,0.0,0.0,0.0,8.8710441686151,288.1169630468397,101263.95616821737,1.2244146317706581,340.2727787226499
58.1,5.420459013859564,-8.288223099882623,-2.3031857281164627,-4.62385229501314,0.0,0.0,0.0,0.0,9.76623349596586,288.11476701640987,101259.89952195148,1.2243749137712912,340.27148193888456
58.15,5.070712343065839,-8.467495528227657,-3.1801373259750467,-3.8081904770089197,0.0,0.0,0.0,0.0,9.813973132314787,288.11704036977005,101264.09900642175,1.2244160302720204,340.27282438272897
58.2,4.642956552467875,-8.669384853830378,-1.2793620331267672,-3.760044173254145,0.0,0.0,0.0,0.0,9.535876107650113,288.1198207824089,101269.23535510359,1.2244663190238014,340.27446624427563
58.25,4.652090403456414,-9.48943804002502,-2.2186936845817047,-5.0722096855782475,0.0,0.0,0.0,0.0,10.98632545831182,288.1197614123775,101269.1256766671,1.2244652451937392,340.27443118575945
58.3,4.646543942909772,-8.538835171875933,-0.767954147272599,-3.6150791693738933,0.0,0.0,0.0,0.0,9.304313895479865,288.11979746437106,101269.19227804008,1.2244658972686744,340.27445247477334
58.35,4.4792445186180245,-7.688572545802279,-0.3677457882392,-3.2769698856427336,0.0,0.0,0.0,0.0,8.36587810024994,288.12088491062894,101271.20121035242,1.2244855661102432,340.27509462056497
58.4,4.196435522251813,-7.758687309831856,-0.8079511957578558,-2.909759793304705,0.0,0.0,0.0,0.0,8.325666097148329,288.1227231691053,101274.59725555808,1.2245188155809001,340.27618012427547
58.45,3.921411424403015,-10.334311287618378,-1.2268223778045142,-4.617788466433151,0.0,0.0,0.0,0.0,11.385387707794653,288.12451082574137,101277.89990608668,1.224551150454032,340.27723574394554
58.5,3.8621630237838542,-7.893514052741483,-0.04114036378019398,-4.080488974222943,0.0,0.0,0.0,0.0,8.885924088079655,288.12489594034537,101278.61140701777,1.2245581164364745,340.27746315550576
58.55,3.6912366244167965,-7.553444958342183,0.27829991496501955,-4.067242363081903,0.0,0.0,0.0,0.0,8.583381735739273,288.12600696194124,101280.66404700224,1.2245782128500455,340.27811921690665
58.6,3.4173492542285606,-7.979903191104735,3.6111989378538283,-2.5202664288987098,0.0,0.0,0.0,0.0,9.114348884083492,288.1277872298475,101283.95320639729,1.2246104152705155,340.27917046751304
58.65,3.3677877303811306,-8.854128045378378,1.5507053504902946,-2.72923225657192,0.0,0.0,0.0,0.0,9.394092784207947,288.1281093797525,101284.54840829688,1.2246162425563367,340.2793606971207
58.7,2.8049874299005193,-9.969048996407697,0.9722304795234089,-2.283091554145136,0.0,0.0,0.0,0.0,10.273250558742372,288.1317675817056,101291.30747519885,1.2246824163079548,340.28152085892066
58.75,2.5632837108461883,-9.757664559042258,1.7688579430265665,-1.587748689735095,0.0,0.0,0.0,0.0,10.042998654343883,288.13333865587947,101294.21037823743,1.2247108365387764,340.2824485712395
58.8,2.6220078807520024,-7.362226175850554,0.6176187296033678,-1.1578326365049392,0.0,0.0,0.0,0.0,7.478262069070054,288.1329569487751,101293.50508470973,1.224703931532575,340.282223175123
58.85,2.3406753755940697,-8.387496029987638,1.270125309852186,0.8098479856026676,0.0,0.0,0.0,0.0,8.521687726945302,288.1347856100586,101296.88400204015,1.2247370119248109,340.2833029890157
58.9,2.4529738588010637,-9.651559242403943,1.259805457800003,1.3347645955992333,0.0,0.0,0.0,0.0,9.824525542070763,288.13405566991776,101295.5352408301,1.2247238072617692,340.2828719640027
58.95,2.2422391724672837,-9.712785435417128,-0.10408932074347044,0.7848984045666335,0.0,0.0,0.0,0.0,9.745003899775268,288.1354254453789,101298.06628226119,1.2247485866755634,340.2836808072559
59.0,1.7409094189529615,-9.962044980435632,-2.6454226754069503,-3.296298603076562,0.0,0.0,0.0,0.0,10.821561153753397,288.13868408877676,101304.08773878086,1.2248075374941956,340.28560500667186
59.05,1.739744896679614,-8.573286705153885,-2.732790821077911,-3.2044272484516627,0.0,0.0,0.0,0.0,9.55184508831438,288.1386916581716,101304.10172616014,1.224807674431626,340.2856094763183
59.1,1.3827912699513467,-8.122528885114681,-2.876838157767845,-2.729737213652967,0.0,0.0,0.0,0.0,9.038978843382326,288.1410118567453,101308.38926251016,1.2248496495456926,340.2869795259146
59.15,1.520616704454936,-8.777314131767849,-0.741442993734045,-2.483398286207833,0.0,0.0,0.0,0.0,9.15195324117365,288.140115991421,101306.73375957599,1.224833442160594,340.2864505287749
59.2,1.332873174436165,-9.67443058356123,-1.2269010477658777,-1.7007306824026522,0.0,0.0,0.0,0.0,9.899109967629396,288.14133632436614,101308.9888637279,1.2248555196333029,340.2871711197368
59.25,1.4999456921609857,-9.139928637500148,-0.7489817158390961,-0.7470511934735814,0.0,0.0,0.0,0.0,9.20094313616419,288.1402503530009,101306.98204995273,1.2248358729283002,340.28652986764035
59.3,1.2481408999097579,-8.316836109036867,0.6871265132836428,0.7317497427770469,0.0,0.0,0.0,0.0,8.377193049935707,288.14188708415054,101310.00664901918,1.2248654837220636,340.2874963358301
59.35,1.378175261920234,-8.077427622397998,1.4247381777246662,0.18260302964305397,0.0,0.0,0.0,0.0,8.204148934324584,288.1410418607975,101308.44470849598,1.2248501923614026,340.2869972429136
59.4,1.0315816823925748,-8.422917932816437,3.7286121923746705,3.2759404110847354,0.0,0.0,0.0,0.0,9.776496354065898,288.14329471906444,101312.60794793793,1.2248909502771994,340.2883275235141
59.45,0.8194313183119791,-8.813331026206809,0.9277692336505198,-0.836271985461659,0.0,0.0,0.0,0.0,8.90139934853369,288.14467369643097,101315.15634036482,1.2249158987604223,340.2891417873699
59.5,0.46888400209279224,-19.703728797097554,0.1864789941263135,3.413713526713387,0.0,0.0,0.0,0.0,19.998128486618135,288.1469522539864,101319.3672982861,1.224957123316413,340.29048723452365
59.55,0.15433673499983583,-19.327777579063028,9.571329025583005,14.177821475132708,0.0,0.0,0.0,0.0,25.810539460507858,288.1489968112225,101323.14592540174,1.22499411515045,340.29169450417976
59.6,-0.02854246930001042,-13.847439148520392,-4.582018610101852,-4.841033553889881,0.0,0.0,0.0,0.0,15.368216272072129,288.15,101325.0,1.2250122659906946,340.29228686527705
59.65,-0.6021059196992263,-7.804701860966919,-3.8117008333276985,-5.354652791388508,0.0,0.0,0.0,0.0,10.20366311173082,288.15,101325.0,1.2250122659906946,340.29228686527705
59.7,-0.5044092035089852,-15.674144472004114,-2.0111159627408033,-2.9676913121073616,0.0,0.0,0.0,0.0,16.078886281978782,288.15,101325.0,1.2250122659906946,340.29228686527705
59.75,-0.9472747476840037,-11.111478921070898,1.984787896171059,-6.368332831854399,0.0,0.0,0.0,0.0,12.95993865199464,288.15,101325.0,1.2250122659906946,340.29228686527705
59.8,-0.7415613505030483,-18.997828036540515,-8.58593729853886,22.545793935794027,0.0,0.0,0.0,0.0,30.707468368390323,288.15,101325.0,1.2250122659906946,340.29228686527705
59.85,-0.8223773373807157,-13.896698735075985,-2.0917676115324646,19.984144224029464,0.0,0.0,0.0,0.0,24.430713207782716,288.15,101325.0,1.2250122659906946,340.29228686527705
59.9,-0.7503449705245779,6.364391053582131,2.270478364075005,10.089480932960996,0.0,0.0,0.0,0.0,12.143235605934377,288.15,101325.0,1.2250122659906946,340.29228686527705
59.95,-0.980554872338659,-8.169054779661899,3.3237567942164743,10.29835272389628,0.0,0.0,0.0,0.0,13.558646099297636,288.15,101325.0,1.2250122659906946,340.29228686527705
60.0,-1.1778039178347464,0.260110042547076,1.279858055782036,8.050658914437143,0.0,0.0,0.0,0.0,8.155906009376903,288.15,101325.0,1.2250122659906946,340.29228686527705
60.05,-1.1851668992323927,-4.939990832653058,0.6501163882416556,9.420635169800676,0.0,0.0,0.0,0.0,10.657135062831944,288.15,101325.0,1.2250122659906946,340.29228686527705
60.1,-1.0238421354941205,-4.126252204574048,2.2698787747284253,7.481205228791707,0.0,0.0,0.0,0.0,8.840064399257235,288.15,101325.0,1.2250122659906946,340.29228686527705
60.15,-0.9432828159226121,-4.787032341193547,1.9565295986059759,8.311403987545253,0.0,0.0,0.0,0.0,9.788928590506591,288.15,101325.0,1.2250122659906946,340.29228686527705
60.2,-0.8322189874802639,-4.899017695439625,1.621343244382716,6.590332558931983,0.0,0.0,0.0,0.0,8.37028144889137,288.15,101325.0,1.2250122659906946,340.29228686527705
60.25,-1.0724373694464298,-3.598489517397402,2.1629409417414487,10.1848009818,0.0,0.0,0.0,0.0,11.016243069356932,288.15,101325.0,1.2250122659906946,340.29228686527705
