time,baro_altitude,accl_x,accl_y,accl_z,gps_altitude,gyro_roll,gyro_pitch,gyro_yaw,At,T,P,rho,a
0.0,-0.27011069757867273,-5.809978844129165,-3.048512205373393,1.1648299641809405,0.0,0.0,0.0,0.0,6.663790939172145,288.15,101325.0,1.2250122659906946,340.29228686527705
0.05,0.4226157739114512,-9.719581769820179,-5.48526896503092,0.927210653171549,0.0,0.0,0.0,0.0,11.19902518053723,288.14725299746954,101319.92310705764,1.2249625645646276,340.2906648177306
0.1,0.39875359853462505,-8.242984562017233,-4.402340958928967,1.2894587208488197,0.0,0.0,0.0,0.0,9.433456641183607,288.1474081016095,101320.2097584285,1.224965370817616,340.29075640368757
0.15,0.0995415608151535,-9.138347307482235,-5.10782021963078,0.9657090822034617,0.0,0.0,0.0,0.0,10.51341109914794,288.14935297985465,101323.8041864121,1.2250005593376816,340.29190481410836
0.2,-0.09115828126131428,-8.591573027797251,-4.653742081744831,1.2245412087065666,0.0,0.0,0.0,0.0,9.847433352259687,288.15,101325.0,1.2250122659906946,340.29228686527705
0.25,0.19817189617856665,-8.898687127842292,-4.9610570579763955,1.1269971089676147,0.0,0.0,0.0,0.0,10.250309371689465,288.14871188267483,101322.61933083743,1.2249889599343746,340.2915262598975
0.3,0.21264563198854908,-9.19265620779265,-5.278500183603907,0.6255839992291777,0.0,0.0,0.0,0.0,10.61879690374888,288.148617803392,101322.44545742011,1.2249872577602803,340.2914707080522
0.35,0.5468753343783148,-7.99828153252361,-4.021409584476085,1.9793650430573324,0.0,0.0,0.0,0.0,9.168540150607495,288.1464453103265,101318.43041330608,1.224947951401303,340.29018789389283
0.4,-0.15410386342230145,-8.8596086714839,-4.940978650312355,1.0859265839931809,0.0,0.0,0.0,0.0,10.202214092073264,288.15,101325.0,1.2250122659906946,340.29228686527705
0.45,-0.04617575804013624,-8.505137685103142,-4.593651376562063,1.3494928777270416,0.0,0.0,0.0,0.0,9.760129663021296,288.15,101325.0,1.2250122659906946,340.29228686527705
0.5,0.5124682304938334,-9.064736376843527,-5.134877803946975,0.8465259409074006,0.0,0.0,0.0,0.0,10.452417032044156,288.14666895650174,101318.84373399755,1.2249519977295502,340.2903199527565
0.55,-0.33502234545110293,-9.159678281498465,-5.183187552207314,0.8236154428438114,0.0,0.0,0.0,0.0,10.556679488343024,288.15,101325.0,1.2250122659906946,340.29228686527705
0.6,0.2702545395614636,-9.575397079903002,-5.626236111513132,0.3219717327387863,0.0,0.0,0.0,0.0,11.110644797535027,288.1482433454928,101321.75340230063,1.2249804827208746,340.2912495984186
0.65,0.31781108768185606,-8.514347342777166,-4.520021451033606,1.4920051801260625,0.0,0.0,0.0,0.0,9.754526336464703,288.14793422793,101321.18210893938,1.2249748899010011,340.29106707079194
0.7,0.3280562816892364,-8.978818580334616,-5.166516808877112,0.9424961020331433,0.0,0.0,0.0,0.0,10.401941065845334,288.147867634169,101321.05903450886,1.2249736850321606,340.29102774851924
0.75,0.2555117361408526,-9.195979259993432,-5.217515219159477,0.6572211878025923,0.0,0.0,0.0,0.0,10.593414902763262,288.14833917371504,101321.93050705781,1.2249822165311668,340.29130618301264
0.8,0.24285375068651288,-8.318785872037207,-4.3699385057578715,1.586759216184304,0.0,0.0,0.0,0.0,9.52976210296233,288.1484214506205,101322.08256717325,1.2249837051603596,340.2913547658254
0.85,-0.019531420663719212,-8.83748935322402,-4.863370803634453,1.0960725329429561,0.0,0.0,0.0,0.0,10.146672786655925,288.15,101325.0,1.2250122659906946,340.29228686527705
0.9,0.27719181747334154,-8.900481493248614,-4.932587280513366,1.0287951373812252,0.0,0.0,0.0,0.0,10.227776274745286,288.1481982531864,101321.67006512215,1.2249796668710047,340.2912229723359
0.95,0.16641407638507832,-8.364960886677773,-4.392324818649287,1.6067551136391254,0.0,0.0,0.0,0.0,9.583671005589505,288.1489183085035,101323.00083931445,1.2249926947980343,340.2916481499925
1.0,-0.09246652784284828,-8.453600342780122,-4.5019921800264795,1.4903941985484355,0.0,0.0,0.0,0.0,9.692913246879836,288.15,101325.0,1.2250122659906946,340.29228686527705
1.05,-0.21325862175726382,-9.002232473347865,-5.0215142144694624,0.8780633765203075,0.0,0.0,0.0,0.0,10.345375285774022,288.15,101325.0,1.2250122659906946,340.29228686527705
1.1,0.10219489408212615,-9.072463010477515,-5.082871112032754,0.8959293314481025,0.0,0.0,0.0,0.0,10.437808830639161,288.1493357331884,101323.77231152104,1.2250002472917882,340.2918946303253
1.15,-0.0226306977550782,-7.715088537469679,-3.749204545846109,2.207702830255186,0.0,0.0,0.0,0.0,8.857374196357853,288.15,101325.0,1.2250122659906946,340.29228686527705
1.2,-0.22035416804875146,-8.557022892946684,-4.596759838932751,1.361974105255967,0.0,0.0,0.0,0.0,9.808558266668271,288.15,101325.0,1.2250122659906946,340.29228686527705
1.25,0.2807591458157042,-9.23513147703868,-5.297961740301073,0.7731351908303657,0.0,0.0,0.0,0.0,10.674914052262196,288.14817506555215,101321.62721100361,1.2249792473399883,340.29120928051236
1.3,0.27014940185825886,-8.981789800258467,-4.943588352822157,0.9487549076757293,0.0,0.0,0.0,0.0,10.296200740711338,288.1482440288879,101321.75466531518,1.2249804950854661,340.2912500019493
1.35,0.48102985073037385,-8.423926978490893,-4.494682724970648,1.4374371956587648,0.0,0.0,0.0,0.0,9.655617237057381,288.14687330597025,101319.22139362221,1.2249556949402236,340.29044061723255
1.4,0.06459484056096866,-9.411120575789889,-5.440879275145234,0.5459358499617626,0.0,0.0,0.0,0.0,10.884411041991855,288.14958013353635,101324.2240073695,1.2250046692607552,340.29203894341146
1.45,-0.0050614128738554615,-8.51012207240807,-4.616852323993827,1.3893010464646944,0.0,0.0,0.0,0.0,9.780984636863618,288.15,101325.0,1.2250122659906946,340.29228686527705
1.5,0.22716594821366545,-8.803390821943923,-4.855505024722312,1.041589922348262,0.0,0.0,0.0,0.0,10.10744916263879,288.14852342133656,101322.2710246737,1.2249855501099458,340.2914149774169
1.55,-0.04758122281967657,-8.84453614168833,-4.866432671001203,1.1327692798681936,0.0,0.0,0.0,0.0,10.158304619592391,288.15,101325.0,1.2250122659906946,340.29228686527705
1.6,0.3779801975288908,-8.562518035406827,-4.638693511948944,1.4732281264908087,0.0,0.0,0.0,0.0,9.849091009689577,288.14754312871605,101320.45930552718,1.2249678138268256,340.2908361345294
1.65,-0.003035334914188337,-8.70559252986068,-4.738431717320801,1.1763215149340442,0.0,0.0,0.0,0.0,9.981172713773395,288.15,101325.0,1.2250122659906946,340.29228686527705
1.7,0.10877057596966841,-8.013735163005734,-4.073965902961974,1.9197650647697193,0.0,0.0,0.0,0.0,9.192532150893006,288.1492929912562,101323.69331690184,1.2249994739574088,340.2918693921383
1.75,0.23445340643193688,-9.55804812377083,-5.593257749985361,0.40847283571933835,0.0,0.0,0.0,0.0,11.0818620390082,288.14847605285814,101322.18348043565,1.224984693074858,340.2913870073148
1.8,0.25838289575497475,-8.658892436494515,-4.786003975494174,1.2902860118014434,0.0,0.0,0.0,0.0,9.977328814491303,288.1483205111776,101321.89601590304,1.2249818788716251,340.2912951631689
1.85,-0.317168434691913,-8.12477226466313,-4.194296387034166,1.8469386286931435,0.0,0.0,0.0,0.0,9.32819536850971,288.15,101325.0,1.2250122659906946,340.29228686527705
1.9,-0.4816462771593847,-8.620858633056503,-4.715647604445509,1.283800189029033,0.0,0.0,0.0,0.0,9.909827386277144,288.15,101325.0,1.2250122659906946,340.29228686527705
1.95,0.3204884036420285,-7.980022663839529,-3.966696779375579,1.9696732165123259,0.0,0.0,0.0,0.0,9.12661260461663,288.1479168253763,101321.14994661458,1.2249745750396646,340.2910567949354
2.0,-0.04022269061815252,-8.319618386580455,-4.386465838318549,1.6305165262796857,0.0,0.0,0.0,0.0,9.54545529514095,288.15,101325.0,1.2250122659906946,340.29228686527705
2.05,0.09376270329665831,-7.99851679256458,-4.025927711453936,1.885154060471137,0.0,0.0,0.0,0.0,9.150856279633132,288.14939054242853,101323.87360872359,1.2250012389618135,340.291926993994
2.1,0.05528666566565246,-9.235115900615453,-5.25085790484655,0.6995304799882334,0.0,0.0,0.0,0.0,10.646511979381906,288.14964063667315,101324.335828312,1.2250057639541816,340.29207466918746
2.15,0.2275312700204728,-8.41347890508615,-4.536707575978278,1.4885602436200849,0.0,0.0,0.0,0.0,9.673890350585674,288.14852104674486,101322.26663606135,1.2249855071465874,340.29141357526987
2.2,0.5324730366207957,-9.177011097181026,-5.185098859345613,0.8228680798634316,0.0,0.0,0.0,0.0,10.572601133866208,288.14653892526195,101318.60342298375,1.2249496451323894,340.2902431717592
2.25,0.6644142580731518,-8.260191413677795,-4.285970900696977,1.64928111360374,0.0,0.0,0.0,0.0,9.450948997000651,288.1456813073225,101317.01846898663,1.2249341287205324,340.28973676409004
2.3,0.5713054195871617,-7.9103396035081595,-3.988779937668916,2.0051245012892664,0.0,0.0,0.0,0.0,9.083191195810544,288.14628651477267,101318.13694393344,1.2249450783919797,340.2900941280714
2.35,0.42662910393485076,-9.385127767409207,-5.378493046150861,0.5721623889635128,0.0,0.0,0.0,0.0,10.832182626665455,288.14722691082443,101319.87489581988,1.2249620925872142,340.2906494140752
2.4,0.6808268598074657,-9.475934113267153,-5.528370157348084,0.39519314940978123,0.0,0.0,0.0,0.0,10.977813149301523,288.14557462541126,101316.82131275923,1.2249321985936337,340.2896737703247
2.45,0.3024807795906149,-9.678836789090884,-5.6964022036783435,0.1965625295748169,0.0,0.0,0.0,0.0,11.232431459126001,288.14803387493265,101321.3662705331,1.224976692797841,340.29112591032873
2.5,-0.028323009111430042,-8.475374376176601,-4.505647071938456,1.4796787481870195,0.0,0.0,0.0,0.0,9.711965586381307,288.15,101325.0,1.2250122659906946,340.29228686527705
2.55,0.13716977629929297,-8.88151317277892,-4.944612844661752,1.041847422855931,0.0,0.0,0.0,0.0,10.218410760698113,288.14910839645404,101323.35215376648,1.22499613406808,340.29176039287665
2.6,-0.10252436146437313,-8.670279763431637,-4.682487070651119,1.3243835946046885,0.0,0.0,0.0,0.0,9.942506135207818,288.15,101325.0,1.2250122659906946,340.29228686527705
2.65,0.07931302633266862,-9.06955114658225,-5.096092038572633,0.8454701896721244,0.0,0.0,0.0,0.0,10.437515600357155,288.14948446532884,101324.04719510229,1.22500293832132,340.2919824534244
2.7,0.14579379954687846,-8.520516739892768,-4.549830256117381,1.3634457309386538,0.0,0.0,0.0,0.0,9.75495490176602,288.14905234030294,101323.24855248384,1.2249951198407885,340.2917272929178
2.75,0.3244505768330637,-7.923746689550683,-3.9579459243206934,2.026655226132233,0.0,0.0,0.0,0.0,9.086166900603427,288.14789107125057,101321.10234944557,1.2249741090749229,340.2910415876437
2.8,0.6660142054348898,-8.567171392500788,-4.618150957494902,1.35761834027902,0.0,0.0,0.0,0.0,9.826844432092987,288.1456709076646,101316.99924961998,1.2249339405661392,340.2897306232781
2.85,0.9013328219263714,-8.304568731238986,-4.353855603397861,1.587805726361719,0.0,0.0,0.0,0.0,9.510154964656376,288.14414133665747,101314.17251704009,1.2249062672517923,340.2888274377555
2.9,0.8177294275588116,-7.99975592615054,-4.07322440517684,1.8964106747739233,0.0,0.0,0.0,0.0,9.175163507006586,288.14468475872087,101315.17678402535,1.224916098901141,340.2891483194655
2.95,0.33620878078055727,-9.02161402208987,-5.06255527204533,0.9016392293638726,0.0,0.0,0.0,0.0,10.384215846466715,288.1478146429249,101320.96109948712,1.2249727262718393,340.29099645825517
3.0,-0.00464393934311369,-8.927366985460987,-5.01009650783008,1.0655237099258543,0.0,0.0,0.0,0.0,10.29243844223924,288.15,101325.0,1.2250122659906946,340.29228686527705
3.05,0.31476492811956586,-8.799882102628558,-4.847220718150845,1.1454606645909677,0.0,0.0,0.0,0.0,10.111654357460917,288.1479540279672,101321.21870215503,1.2249752481396583,340.2910787623137
3.1,0.22764070681345075,-8.215738033847646,-4.270801371612772,1.6234770395537244,0.0,0.0,0.0,0.0,9.400732604139874,288.1485203354057,101322.26532139667,1.2249854942763665,340.2914131552389
3.15,0.11466077139026697,-8.858118975034982,-4.89158699655763,1.1195073872146113,0.0,0.0,0.0,0.0,10.180726492288976,288.14925470498594,101323.6225571732,1.2249987812401186,340.2918467849218
3.2,0.212535351553271,-7.815467487866461,-3.812549483286639,2.1861051229415747,0.0,0.0,0.0,0.0,8.966388415909625,288.1486185202149,101322.44678222133,1.2249872707297307,340.29147113132115
3.25,0.39929457984642486,-8.526219838224334,-4.675392630486075,1.3051172362914132,0.0,0.0,0.0,0.0,9.811169755915888,288.14740458523096,101320.20325972467,1.2249653071967719,340.29075432733515
3.3,0.257705245120681,-8.426044806822055,-4.482895870575187,1.5213023933448109,0.0,0.0,0.0,0.0,9.664830440571095,288.1483249159067,101321.90415649905,1.22498195856597,340.2912977640707
3.35,0.49404068696454606,-8.260517966992323,-4.432155781964415,1.6505232295062977,0.0,0.0,0.0,0.0,9.518633772225058,288.1467887355347,101319.06509829428,1.2249541648411693,340.2903906800034
3.4,0.21913401739585048,-8.460982701656452,-4.584221081737807,1.4109920313843627,0.0,0.0,0.0,0.0,9.725955465485601,288.14857562888693,101322.36751233245,1.2249864946986093,340.29144580488764
3.45,0.4708956345825632,-9.148956098637129,-5.198999666852652,0.7427246042538744,0.0,0.0,0.0,0.0,10.549153286803998,288.1469391783752,101319.34313309896,1.2249568867443044,340.29047951362617
3.5,0.3971741779312091,-8.801749737575904,-4.8218144490142105,1.0716358825236263,0.0,0.0,0.0,0.0,10.093022168228497,288.14741836784344,101320.22873170426,1.224965556561701,340.29076246569673
3.55,0.26259752055870134,-7.590175542064641,-3.7280044245552055,2.274548070405187,0.0,0.0,0.0,0.0,8.756845931809204,288.14829311611635,101321.84538575808,1.2249813832154774,340.2912789869492
3.6,0.2907786968566149,-7.925859019751754,-3.9872108868933642,1.983325337841119,0.0,0.0,0.0,0.0,9.091241458308309,288.1481099384704,101321.5068467686,1.224978069004293,340.29117082430025
3.65,0.36689079020411164,-8.908011244806366,-4.9443433657860485,1.051524845018439,0.0,0.0,0.0,0.0,10.242309317535778,288.14761520986366,101320.5925207698,1.2249691179732145,340.290878697017
3.7,0.4359639807827321,-8.231384586126351,-4.312581338362429,1.7088494545976594,0.0,0.0,0.0,0.0,9.448503398061996,288.1471662341249,101319.76275809942,1.2249609947834306,340.2906135856641
3.75,0.4435570064811847,-8.261398162710782,-4.3159436677965,1.759220262044653,0.0,0.0,0.0,0.0,9.485405909966229,288.1471168794578,101319.67154490882,1.2249601018260523,340.29058444269026
3.8,0.6606498715376691,-9.241647200955656,-5.283328223645369,0.7120474895390565,0.0,0.0,0.0,0.0,10.6690492422267,288.145705775835,101317.0636886891,1.2249345714138493,340.2897512123085
3.85,0.6220183822407688,-7.922710406707116,-3.9784144828372883,1.9910747428700617,0.0,0.0,0.0,0.0,9.086335929157023,288.1459568805154,101317.52775049316,1.2249391144990482,340.28989948509013
3.9,0.09274570787005781,-8.502751680636102,-4.569470333208544,1.317980118350776,0.0,0.0,0.0,0.0,9.74237737213053,288.1493971528988,101323.88582605138,1.2250013585658712,340.29193089733326
3.95,0.40485010975919394,-7.640274893193277,-3.5591311373944197,2.291866163345701,0.0,0.0,0.0,0.0,8.734635963073618,288.14736847428657,101320.13652223934,1.2249646538518018,340.2907330045318
4.0,0.6144280362470022,-8.387657076067427,-4.53954824908727,1.6335719698068083,0.0,0.0,0.0,0.0,9.676200024391486,288.14600621776435,101317.61892993074,1.2249400071295855,340.2899286178375
4.05,0.37859728630371364,-8.935119273940431,-4.837330203119951,0.8347974961687998,0.0,0.0,0.0,0.0,10.194753885855606,288.147539117639,101320.45189254438,1.2249677412554305,340.2908337660678
4.1,0.3373238207069368,-8.376719149941662,-4.763103236088459,1.880198805057521,0.0,0.0,0.0,0.0,9.817928686906187,288.1478073951654,101320.94770464832,1.2249725951395736,340.2909921785987
4.15,0.8369763183904295,-9.435905652625909,-5.145130297124646,-0.19916152632845863,0.0,0.0,0.0,0.0,10.749341680922464,288.14455965393046,101314.94558436063,1.2249138354867137,340.2890744471897
4.2,0.48379826206322896,-8.723596458640717,-5.298141121576849,2.122546328367292,0.0,0.0,0.0,0.0,10.424808748049909,288.1468553112966,101319.18813749921,1.22495536936967,340.29042999172157
4.25,0.43857029364604627,-8.766491010600172,-1.958724080600815,-2.2947848836572695,0.0,0.0,0.0,0.0,9.271138135370492,288.1471492930913,101319.7314490827,1.224960688274956,340.29060358231254
4.3,0.3734745489875605,-14.909590049550467,-16.444919201071563,12.026610620860003,0.0,0.0,0.0,0.0,25.246199832870076,288.14757241543157,101320.51343113158,1.224968343704003,340.2908534277545
4.35,0.7845288756722335,-80.8404223543236,-57.82481055694076,21.144545520641202,0.0,0.0,0.0,0.0,101.61680179796045,288.1449005623081,101315.57560042929,1.2249200032591754,340.28927574781835
4.4,0.6569023330119996,-165.1365301961301,-79.62670297782996,49.95380127278347,0.0,0.0,0.0,0.0,190.01544067242983,288.1457301348354,101317.10870602101,1.2249350121259548,340.2897655958614
4.45,1.5361455973361726,-95.24930745945409,-53.564660671190566,40.59697376928825,0.0,0.0,0.0,0.0,116.57494466457912,288.1400150536173,101306.54723421826,1.2248316160729016,340.2863909262273
4.5,2.9576989218431256,-8.940351827560907,-7.529568455697872,1.118397716053825,0.0,0.0,0.0,0.0,11.742023053157682,288.130774957008,101289.47341876704,1.224664460303799,340.2809347171434
4.55,3.9573798702726792,-16.932282775149663,-8.68801873379063,8.458551412177052,0.0,0.0,0.0,0.0,20.826208524087367,288.1242770308432,101277.4679709545,1.2245469215688025,340.27709768714226
4.6,4.957840757404785,-7.870630866193817,-2.667614078529064,4.1498424978760475,0.0,0.0,0.0,0.0,9.288928240708259,288.1177740350768,101265.45431024018,1.224429299772131,340.27325762021957
4.65,6.365968458570912,-9.890839261195126,-4.258182373080897,5.687029020146969,0.0,0.0,0.0,0.0,12.177976740378904,288.1086212050193,101248.54728999709,1.2242637642060188,340.2678527331977
4.7,7.219212235267439,-8.691766402316155,-4.161269738133323,3.5733671124211175,0.0,0.0,0.0,0.0,10.277739126192536,288.10307512047075,101238.30372776506,1.2241634675774633,340.2645776431387
4.75,8.592401925373633,-10.182636956401312,-4.627799662656429,4.580983909920527,0.0,0.0,0.0,0.0,12.086688491332252,288.09414938748506,101221.81975102899,1.2240020658328168,340.25930672701463
4.8,9.421586721900121,-8.65006613033225,-4.654179672423798,4.215027919219758,0.0,0.0,0.0,0.0,10.688848995197102,288.08875968630764,101211.8671437503,1.2239046131297924,340.25612390541403
4.85,10.270196734681942,-9.293464685813367,-3.75709861333476,4.668804893452993,0.0,0.0,0.0,0.0,11.058119866863116,288.08324372122456,101201.68219837066,1.2238048835598017,340.2528664893927
4.9,11.666012955723698,-7.789223200085111,-4.205200179335237,3.774547721986575,0.0,0.0,0.0,0.0,9.623040949438971,288.07417091578776,101184.9315356836,1.2236408592451278,340.2475085374287
4.95,12.843894261770423,-8.009259655867279,-4.636340755023187,3.8474884509626506,0.0,0.0,0.0,0.0,10.022328233104481,288.0665146872985,101170.79797417216,1.2235024578518334,340.24298708038737
5.0,13.736931507224334,-7.804631891945332,-4.058032223127781,4.261739335111539,0.0,0.0,0.0,0.0,9.774575522914052,288.06070994520303,101160.08336161856,1.223397533700006,340.23955899583274
5.05,14.971812920969784,-7.830331726471507,-3.622735441171159,2.6774477504089496,0.0,0.0,0.0,0.0,9.033661133752682,288.0526832160137,101145.26883499595,1.223252457156069,340.2348186238725
5.1,16.19403895642709,-7.9813156614996705,-3.847520671338119,3.4962458044335665,0.0,0.0,0.0,0.0,9.525153527890948,288.0447387467832,101130.60786129477,1.2231088803536845,340.23012676741274
5.15,17.296448698678606,-9.172864145306692,-3.3601635072422074,1.4499511626527732,0.0,0.0,0.0,0.0,9.875955335952742,288.03757308345854,101117.38559659512,1.2229793896173757,340.2258948038046
5.2,18.93319042317633,-9.322048450160572,-2.8730845836800025,4.82192969004078,0.0,0.0,0.0,0.0,10.881461678828705,288.0269342622493,101097.75715441523,1.2227871547737754,340.2196115334478
5.25,19.69780719775034,-10.231112463953812,-3.1605208250241104,5.673552142103721,0.0,0.0,0.0,0.0,12.11832282309115,288.0219642532146,101088.58863058231,1.2226973586765084,340.2166762144962
5.3,20.988836374181478,-8.607160822102536,-4.4863990489824275,5.02154833543319,0.0,0.0,0.0,0.0,10.928263426974071,288.0135725635678,101073.10942099078,1.2225457524990069,340.2117199717273
5.35,22.843110113430107,-9.08245397456201,-3.6845007179765368,6.457291885462468,0.0,0.0,0.0,0.0,11.737254118185662,288.00151978426265,101050.88036754097,1.222328029403028,340.2046013147112
5.4,23.423915095546484,-6.7077628242805,-3.7587200748619076,6.151614163209262,0.0,0.0,0.0,0.0,9.84705110786809,287.99774455187895,101043.9184854265,1.2222598391769417,340.2023715423859
5.45,24.50016255996014,-11.527913851312755,-6.37184438611709,3.812299973699628,0.0,0.0,0.0,0.0,13.712287545615814,287.99074894336024,101031.01895472524,1.2221334885221802,340.19823967485223
5.5,25.08430070372489,-7.584286554719064,-2.839960594992562,2.4200977337800973,0.0,0.0,0.0,0.0,8.452434665009275,287.98695204542577,101024.01823481824,1.2220649153206424,340.1959970641854
5.55,26.325086277969536,-14.421095358621502,-9.630097409634907,5.152471556450225,0.0,0.0,0.0,0.0,18.090183266112597,287.97888693919316,101009.14909634933,1.221919266667156,340.19123341769637
5.6,27.288613244615497,-8.979281010779705,-4.887423198753153,3.7943207046314757,0.0,0.0,0.0,0.0,10.904644084235606,287.97262401391,100997.60375006133,1.2218061729612186,340.18753418147173
5.65,28.5605343768267,2.836902837687782,1.8463518157169994,-0.890984887300402,0.0,0.0,0.0,0.0,3.5001266844616015,287.9643565265506,100982.36474401274,1.2216568938398709,340.1826508764445
5.7,29.599201753104023,-8.93276670109597,-2.6094474040309756,4.201117345826203,0.0,0.0,0.0,0.0,10.210432098790667,287.9576051886048,100969.92175408501,1.2215350009134769,340.1786630539085
5.75,31.02571612552773,-66.86765930679012,-42.59561510609543,21.345197662923862,0.0,0.0,0.0,0.0,82.10534544537809,287.94833284518404,100952.83447218944,1.221367607324206,340.1731860692346
5.8,31.918310568375766,-152.55159360576113,-75.12905526691928,65.59413549518605,0.0,0.0,0.0,0.0,182.2606766922529,287.94253098130554,100942.14385863501,1.2212628752183237,340.16975898139043
5.85,33.81887604872545,-138.8397159695542,-70.49211926483939,58.514227103344595,0.0,0.0,0.0,0.0,166.34157743167103,287.9301773056833,100919.38381877761,1.221039896243142,340.16246170592507
5.9,36.11933328775178,-91.18606566721543,-61.260802477645825,24.33104469760777,0.0,0.0,0.0,0.0,112.51570658422693,287.91522433362957,100891.84047259313,1.2207700426586565,340.15362882520554
5.95,38.91874553091861,-76.62332002059127,-45.17689013963323,25.505271009329693,0.0,0.0,0.0,0.0,92.53433645369586,287.897028154049,100858.3313551497,1.2204417210391416,340.142879837676
6.0,42.19938397053004,-74.12919191318072,-47.56426623961583,20.898554521964577,0.0,0.0,0.0,0.0,90.52207519562155,287.8757040041915,100819.07340320898,1.2200570460599311,340.1302826391153
6.05,45.443849615977925,-70.99807140835523,-42.71643535263755,22.564857924153586,0.0,0.0,0.0,0.0,85.87544937919806,287.8546149774961,100780.26048552834,1.219676703799038,340.1178238802053
6.1,48.7139815039232,-67.76845157948294,-41.75103257015338,21.577015157226587,0.0,0.0,0.0,0.0,82.46986924477278,287.8333591202245,100741.15277151897,1.219293444530279,340.1052661010185
6.15,51.40042837202726,-65.11427240592137,-39.886693229288035,18.848985917181963,0.0,0.0,0.0,0.0,78.65177072276242,287.8158972155818,100709.03457847117,1.2189786620523517,340.094949409758
6.2,55.21199422038776,-66.15464330183178,-40.817538525919524,19.273913714376953,0.0,0.0,0.0,0.0,80.0874024524255,287.79112203756745,100663.4790956159,1.2185321512542269,340.08031141663764
6.25,58.78421164674091,-51.889959894227964,-31.149471737763754,15.926757706985391,0.0,0.0,0.0,0.0,62.58209918517713,287.76790262429614,100620.79943176873,1.2181137928329473,340.0665920487131
6.3,62.79863924368959,9.041528735249079,6.180525721867353,-4.094176971982775,0.0,0.0,0.0,0.0,11.692323342557408,287.741808844916,100572.8538750156,1.2176437763346475,340.05117367906024
6.35,67.07720524153083,21.09347025735781,14.24958575801941,-7.4044502798051255,0.0,0.0,0.0,0.0,26.510584032029442,287.71399816593004,100521.77399802771,1.217142986783693,340.0347400530456
6.4,71.10659612245776,21.036272525476388,13.802537162837657,-6.985809823727591,0.0,0.0,0.0,0.0,26.111995955708103,287.687807125204,100473.68812028231,1.2166715062995128,340.0192627622819
6.45,75.19188069612103,19.397625043072846,12.214687374555368,-7.992745885785167,0.0,0.0,0.0,0.0,24.276540770144845,287.6612527754752,100424.95423638393,1.2161936283302144,340.0035700590219
6.5,79.31362199271196,18.075569212117042,12.234561764214256,-7.18403599334361,0.0,0.0,0.0,0.0,22.97870921218299,287.63446145704734,100375.80485486842,1.2157116313565124,339.98773658140027
6.55,83.38607722216919,17.77750990232632,10.896329530684898,-7.467050251261098,0.0,0.0,0.0,0.0,22.14783725385945,287.60799049805587,100327.26231281811,1.215235541443908,339.972091709678
6.6,87.40168795445729,16.67380022032723,10.348399355078877,-6.5732395882441175,0.0,0.0,0.0,0.0,20.69571119058345,287.581889028296,100279.41595614354,1.2147662366068366,339.9566645085831
6.65,91.43576982337422,15.59007729118967,9.777628783897413,-6.939782988422165,0.0,0.0,0.0,0.0,19.667565240958545,287.55566749614803,100231.36812027504,1.2142949126702172,339.9411656399928
6.7,95.26761702271807,15.745483851263309,9.386770502232405,-6.917006764498747,0.0,0.0,0.0,0.0,19.59277174756281,287.5307604893523,100185.74626040684,1.2138473464912576,339.9264430988799
6.75,98.40464732622036,16.615254987087905,10.93452845630571,-4.998264648625559,0.0,0.0,0.0,0.0,20.50885809462362,287.51036979237955,100148.40938896837,1.2134810300522345,339.91438967549396
6.8,100.99042586672968,14.721447615482749,9.11050240257417,-6.2682409141042905,0.0,0.0,0.0,0.0,18.412308874227683,287.49356223186624,100117.64197687646,1.213179147823585,339.9044540074756
6.85,103.69701335305788,15.14507465563922,10.399322156248024,-4.638967856837439,0.0,0.0,0.0,0.0,18.948330016418,287.4759694132051,100085.44529406258,1.2128632230439413,339.8940538286669
6.9,106.29544087767421,13.407297526905742,8.937334806156992,-5.348262426088034,0.0,0.0,0.0,0.0,16.977499562380295,287.4590796342951,100054.54313564574,1.212559982390806,339.8840689597472
6.95,109.50829832195713,12.353003260235795,8.18959700773338,-5.2011792778179124,0.0,0.0,0.0,0.0,15.707273938417009,287.4381960609073,100016.34446724973,1.212185116982624,339.87172264105294
7.0,111.61775621365153,12.18898174052817,7.35923816884692,-5.503490743307906,0.0,0.0,0.0,0.0,15.264929500604264,287.42448458461126,99991.27088424472,1.2119390407456225,339.863616205115
7.05,114.50785221888313,12.489013545437794,8.233765405474744,-4.5434872587499955,0.0,0.0,0.0,0.0,15.63373367308478,287.40569896057724,99956.92669099095,1.2116019621712297,339.85250954095835
7.1,117.36447118439982,11.381176162003813,6.920106137011193,-4.8467592300117,0.0,0.0,0.0,0.0,14.174276518107279,287.3871309373014,99922.98970628812,1.2112688585881983,339.84153117265305
7.15,120.1492324505663,12.307969804056667,7.4143546588521785,-3.7378566954059975,0.0,0.0,0.0,0.0,14.846896927648052,287.3690299890713,99889.91538133532,1.2109442016060885,339.8308286216954
7.2,122.482796855996,10.624746483440383,7.205947020867,-4.006869141792005,0.0,0.0,0.0,0.0,13.448639731376765,287.353861820436,99862.20670247186,1.2106721979652986,339.8218598762867
7.25,125.34881726779751,10.731511643546249,6.919318570853958,-3.7406339685085177,0.0,0.0,0.0,0.0,13.305437013750918,287.3352326877593,99828.18417208621,1.210338194441863,339.8108443829152
7.3,127.67408100516381,8.89983784526104,5.548121678807057,-5.160102174786077,0.0,0.0,0.0,0.0,11.688260019738674,287.32011847346644,99800.58786172046,1.210067262032479,339.8019070148547
7.35,129.9002883730596,9.682515686196322,6.045102391136483,-4.136145955788759,0.0,0.0,0.0,0.0,12.14092567724346,287.3056481255751,99774.17294419832,1.2098079148366594,339.7933501589236
7.4,132.55856168233078,9.466460307973799,5.627620049132725,-4.457447874860952,0.0,0.0,0.0,0.0,11.880775216161041,287.28836934906485,99742.63879283628,1.2094982888228853,339.7831322922147
7.45,134.44835602626412,8.801393293701842,6.048017725661818,-3.5966569755309443,0.0,0.0,0.0,0.0,11.26849518436134,287.2760856858293,99720.22574262875,1.2092782093168628,339.7758681168576
7.5,136.97665606858533,7.921085828002256,4.846782310555198,-4.202348401029046,0.0,0.0,0.0,0.0,10.192871604416508,287.2596517355542,99690.24636263793,1.2089838193582196,339.76614934829394
7.55,139.28673438462135,7.616786082390965,4.420143713071228,-4.382407321544436,0.0,0.0,0.0,0.0,9.836594664874328,287.24463622649995,99662.86093291406,1.2087148866165658,339.75726917954756
7.6,141.4464002173853,7.729525264347275,5.18701558460984,-3.2946556521248325,0.0,0.0,0.0,0.0,9.874484662667024,287.23059839858695,99637.264117324,1.2084635058639308,339.7489670012849
7.65,143.30452624655126,8.379169530541077,5.102706922890589,-2.7586895944469676,0.0,0.0,0.0,0.0,10.19109749933605,287.2185205793974,99615.24547574134,1.208247255748368,339.74182383869436
7.7,146.04506388025433,8.051918589338566,5.504415606844916,-2.501227167274649,0.0,0.0,0.0,0.0,10.06916687142122,287.20070708477834,99582.77751994295,1.2079283639344252,339.7312881619235
7.75,147.59008329034205,7.29479832825793,4.464478183634009,-2.7272184049093324,0.0,0.0,0.0,0.0,8.976823955618988,287.19066445861273,99564.47699787638,1.2077486122512606,339.72534837127284
7.8,150.24629603046606,7.562623751741876,4.92379431834814,-2.388040023593208,0.0,0.0,0.0,0.0,9.33486816479434,287.17339907580197,99533.02092378285,1.2074396292030511,339.71513638134013
7.85,151.9140350994653,6.5520446255249825,3.7117940516111463,-3.3517932525431653,0.0,0.0,0.0,0.0,8.242646532773353,287.16255877185347,99513.27491533554,1.2072456609273932,339.70872448856056
7.9,153.60179776722617,6.571026930968897,4.058999822471014,-2.623260433757008,0.0,0.0,0.0,0.0,8.156921587808311,287.151588314513,99493.29505724409,1.2070493880547917,339.7022354886016
7.95,155.6712112093279,5.224964125579039,2.8701924950784368,-3.617006630654254,0.0,0.0,0.0,0.0,6.972875449811888,287.1381371271394,99468.80162252965,1.206808765663849,339.6942789734374
8.0,157.06785923991814,6.190013852391368,3.9972625359865455,-2.4914784578241638,0.0,0.0,0.0,0.0,7.778293140541855,287.1290589149405,99452.27375260055,1.206646390249778,339.6889090125657
8.05,159.16259247216988,6.1600159964840016,3.78512824861312,-2.4476240211608733,0.0,0.0,0.0,0.0,7.633076462629701,287.11544314893086,99427.48894270418,1.2064028862271565,339.68085483032576
8.1,160.85452443702152,5.912967963936626,3.437241792543825,-2.47360451187728,0.0,0.0,0.0,0.0,7.273000795004107,287.10444559115933,99407.47371479229,1.2062062336225412,339.67434926664566
8.15,162.62489233683456,6.109108935057778,3.8463763987943174,-1.9368111108262145,0.0,0.0,0.0,0.0,7.474427112536759,287.09293819981053,99386.53409801373,1.2060004906956892,339.66754197944476
8.2,164.37814002490882,5.08551242361936,3.197421513297496,-2.5004565416959945,0.0,0.0,0.0,0.0,6.5067829118078615,287.0815420898381,99365.80049635512,1.2057967638512752,339.6608003871557
8.25,166.32942554080788,5.329258636266312,3.2883970033890813,-2.393308328969275,0.0,0.0,0.0,0.0,6.703915066707742,287.0688587339847,99342.72905216963,1.2055700560306548,339.6532971419922
8.3,167.84950803284957,5.449344701082012,3.2291972206448367,-1.815108065280369,0.0,0.0,0.0,0.0,6.589210092998764,287.0589781977865,99324.75903564626,1.2053934696253419,339.6474518796578
8.35,169.33337661981608,5.294407151039294,3.5927441852207664,-1.4860828776343848,0.0,0.0,0.0,0.0,6.568637619827397,287.0493330519712,99307.21966930751,1.20522110923898,339.6417457757448
8.4,171.46399129514433,5.247319607152311,3.511571838025978,-1.2363594588234528,0.0,0.0,0.0,0.0,6.433823477889679,287.03548405658154,99282.04013277066,1.2049736583236388,339.6335524912379
8.45,173.0657002584671,4.334080070704527,2.7273505399812104,-1.932994595553434,0.0,0.0,0.0,0.0,5.473496061353543,287.0250729483199,99263.11459128786,1.204787660441201,339.6273929849318
8.5,174.00807976443704,4.8167999575367935,2.8078829132725804,-1.6624342981132987,0.0,0.0,0.0,0.0,5.818028539042931,287.01894748153114,99251.98094816158,1.2046782372206022,339.62376893321664
8.55,175.13137826634247,2.931722447305922,1.2994883703361586,-2.7972627155717413,0.0,0.0,0.0,0.0,4.255390138706925,287.01164604126876,99238.71117770625,1.2045478167493424,339.6194490817696
8.6,176.47653705066423,4.563668446266502,3.1798480959025435,-1.1507018939064917,0.0,0.0,0.0,0.0,5.680019229642055,287.00290250917067,99222.8224135491,1.2043916514231185,339.61427595341223
8.65,177.544251401845,3.1134505658686438,1.6250341389951182,-2.277494645797994,0.0,0.0,0.0,0.0,4.185844268561112,286.995962365888,99210.2122376518,1.204267706853175,339.610169747579
8.7,179.09715353047932,3.050838646782392,2.1898410206468033,-2.08710523850493,0.0,0.0,0.0,0.0,4.2963971442364555,286.98586850205186,99191.87409706054,1.204087457154813,339.6041975225271
8.75,180.0868386618211,2.7389987031163296,1.7395458157010837,-2.2359570406640534,0.0,0.0,0.0,0.0,3.9405123306863583,286.9794355486981,99180.18838884725,1.203972592399531,339.6003912894614
8.8,181.4379829608536,3.7294316740330764,2.661086487181665,-1.1882096464857241,0.0,0.0,0.0,0.0,4.733062863257126,286.9706531107544,99164.23655097024,1.2038157895344692,339.5951948506028
8.85,182.8288330300325,3.2694089218541365,2.196567508797256,-1.2564336172600903,0.0,0.0,0.0,0.0,4.134316020043036,286.96161258530475,99147.81811010234,1.2036543950584657,339.58984562212163
8.9,183.98158668192474,3.1182324784781628,2.2497761096094324,-1.7596773151414424,0.0,0.0,0.0,0.0,4.228632235916102,286.9541196865675,99134.21197254631,1.2035206418768785,339.58541205187373
8.95,185.00059469175685,3.70876049666001,2.6131088663450805,-0.2924146755795438,0.0,0.0,0.0,0.0,4.546289554290549,286.9474961345036,99122.1857154226,1.203402416575071,339.5814928284122
9.0,186.0545260171331,2.298890326410071,1.7918907841059744,-2.402077064734803,0.0,0.0,0.0,0.0,3.777001924801031,286.9406455808886,99109.748538726,1.2032801488174336,339.57743923822693
9.05,187.12451328298064,6.284736170789635,3.6472405599369413,0.934279276530663,0.0,0.0,0.0,0.0,7.326196162063596,286.9336906636606,99097.12318261777,1.2031560281143237,339.5733238447998
9.1,186.63422689850051,36.6795991740334,27.012325098202446,-11.793717149140896,0.0,0.0,0.0,0.0,47.05476030087359,286.93687752515973,99102.9081741029,1.2032129011180799,339.5752095943341
9.15,187.53085198945308,54.63361462226302,25.57122548249777,-22.488438253601647,0.0,0.0,0.0,0.0,64.37739723269922,286.93104946206853,99092.32891454798,1.2031088945626538,339.57176096860803
9.2,188.63696964029813,-0.2526550125762377,-2.7868117114636415,-31.959561344175683,0.0,0.0,0.0,0.0,32.0818284295434,286.92385969733806,99079.27911686849,1.2029805968034484,339.5675065381982
9.25,189.90280988492822,30.2164174825401,-79.13552550384831,-32.68278345182918,0.0,0.0,0.0,0.0,90.79442502934054,286.9156317357479,99064.34664533887,1.2028337857833278,339.562637705689
9.3,190.7978881543158,52.02992538441324,-17.399356398872566,37.35074109391503,0.0,0.0,0.0,0.0,66.36963612125103,286.9098137269969,99053.78896356797,1.2027299836787564,339.55919490196146
9.35,191.68843154546335,-8.982436216672921,11.19422016276423,3.600315386423246,0.0,0.0,0.0,0.0,14.797195555940677,286.90402519495444,99043.28567607263,1.2026267142846445,339.555769506419
9.4,192.68251318060447,-67.28439969372056,29.322876653468438,-19.69705793685285,0.0,0.0,0.0,0.0,75.99339200711208,286.89756366432607,99031.56229831491,1.202511446377816,339.55194581946176
9.45,193.08449067035005,-14.322429807283513,20.059300306014112,-20.428529442879505,0.0,0.0,0.0,0.0,32.01300266376174,286.8949508106427,99026.82202686869,1.2024648378132916,339.5503996202522
9.5,193.61467284196078,49.61453545241253,-0.47252448570743655,-17.487393800778282,0.0,0.0,0.0,0.0,52.60831065042663,286.89150462652725,99020.5701980244,1.2024033662607916,339.54836027326434
9.55,193.8574094951438,42.4087502391376,1.5310604593313144,24.08858572137566,0.0,0.0,0.0,0.0,48.79657984973686,286.88992683828155,99017.70799038764,1.202375223153879,339.5474265820611
9.6,194.05423728986716,-5.576245329547632,23.89246473574933,1.6936248815775194,0.0,0.0,0.0,0.0,24.592941027128607,286.88864745761583,99015.38716215346,1.2023524031314863,339.5466694782796
9.65,194.39059957967615,-0.35771958711397833,3.63853171208049,22.981753918550183,0.0,0.0,0.0,0.0,23.270751803403712,286.8864611027321,99011.42116216465,1.2023134063828746,339.5453756471364
9.7,194.5921121352641,2.7489778472235673,-19.54923343728689,0.8899681499651607,0.0,0.0,0.0,0.0,19.76161558420804,286.8851512711208,99009.04521785628,1.2022900441368474,339.54460051858473
9.75,194.93509784453812,-3.7903985010893364,12.129217124094069,-14.158967826109345,0.0,0.0,0.0,0.0,19.02528314483852,286.8829218640105,99005.00133310494,1.2022502810780547,339.54328120210226
9.8,195.1889982302504,0.3480965610005168,5.545295074863086,5.066817383997223,0.0,0.0,0.0,0.0,7.51958157651459,286.88127151150337,99002.00787208644,1.2022208465173143,339.5423045547165
9.85,195.0370918845562,14.558641291672881,-4.6614564210230665,9.351826325858136,0.0,0.0,0.0,0.0,17.920375773228447,286.8822589027504,99003.79882441951,1.202238456887323,339.54288887451065
9.9,195.20947454121313,9.997672793605473,-10.90791368989917,-9.967587481078052,0.0,0.0,0.0,0.0,17.840651404789924,286.8811384154821,99001.76646155193,1.2022184727315575,339.54222579088713
9.95,195.3411181349621,-1.2162335725981404,-5.30824256057406,-4.995788704131815,0.0,0.0,0.0,0.0,7.390166977906231,286.88028273212274,99000.21442821472,1.2022032115873564,339.541719412443
10.0,195.41882850101385,5.420258405736501,4.66732197044048,-10.108346158980236,0.0,0.0,0.0,0.0,12.383123904349988,286.8797776147434,98999.29825859402,1.2021942028698762,339.5414204924591
10.05,196.02159790358616,1.5133538907879243,6.097913967218347,-1.4511161157743095,0.0,0.0,0.0,0.0,6.448296886141291,286.8758596136267,98992.19211658431,1.2021243274692912,339.5391018762466
10.1,195.50964125211766,-0.3555875349420383,4.994565580792838,0.6051349102825875,0.0,0.0,0.0,0.0,5.043641154512222,286.8791873318612,98998.22762655429,1.202183675299689,339.54107117262714
10.15,195.6757382313664,-2.7720124897284864,2.92400187685168,-1.676385258021372,0.0,0.0,0.0,0.0,4.363955516770794,286.8781077014961,98996.26945941585,1.2021644205032491,339.54043226396504
10.2,196.0919931524519,1.093335797401135,3.146417792664654,0.8552017447284694,0.0,0.0,0.0,0.0,3.438996672877441,286.87540204450903,98991.36224300867,1.2021161671777172,339.53883109244936
10.25,196.13691444845597,2.7534167484326435,2.378755344447384,-0.009421888592889921,0.0,0.0,0.0,0.0,3.638663154411389,286.875110056085,98990.83267901304,1.2021109598758053,339.5386582971649
10.3,196.22396517653024,2.0257353745879376,3.4959625364955667,-3.3110640873480333,0.0,0.0,0.0,0.0,5.223839895609677,286.87454422635255,98989.80647001744,1.2021008689555424,339.5383234455933
10.35,195.94365881971746,0.9706588570412311,3.5918963800674133,3.3159019966754353,0.0,0.0,0.0,0.0,4.98388445627004,286.87636621767183,98993.11092928598,1.2021333622996166,339.5394016780612
10.4,196.49024584797917,6.028109255064459,-4.148994921205029,0.6867401631069343,0.0,0.0,0.0,0.0,7.350093339461959,286.87281340198814,98986.66743865931,1.2020700021028166,339.5372991614573
10.45,195.92001326637637,0.3459460991900869,2.4655563888454295,-0.334605410480044,0.0,0.0,0.0,0.0,2.5120923133602933,286.8765199137685,98993.38968469438,1.202136103342393,339.5394926333992
10.5,195.91573384441088,3.2906447788602446,3.363801502377346,7.3581624301787665,0.0,0.0,0.0,0.0,8.734189026860511,286.8765477300113,98993.44013450235,1.2021365994225903,339.53950909468495
10.55,195.65798844828797,6.915718871914172,-2.683152922435733,3.010102431592559,0.0,0.0,0.0,0.0,8.005447755697658,286.8782230750861,98996.47871543898,1.2021664781360333,339.54050054034036
10.6,195.71961807324655,3.610985469982478,-4.805691086406993,-1.2410019271615218,0.0,0.0,0.0,0.0,6.137912402895207,286.87782248252387,98995.75215202764,1.2021593337708882,339.5402634755588
10.65,194.94226754272296,3.1463762572832135,-3.7782489202510616,-2.4694868234964997,0.0,0.0,0.0,0.0,5.502109925037546,286.8828752609723,99004.91680205046,1.2022494498905139,339.54325362334464
10.7,194.7382810452793,4.515554119658308,-0.056050048548120346,-0.4008316295720342,0.0,0.0,0.0,0.0,4.533655987254739,286.88420117320567,99007.32183457998,1.202273098342899,339.5440382711441
10.75,194.4708592558888,6.4118479343514245,8.967856697220599,-4.065069909458265,0.0,0.0,0.0,0.0,11.749852809457403,286.8859394148367,99010.4748507294,1.2023041014803468,339.5450669243192
10.8,194.39333829429688,2.744893339716982,3.6513615506605026,-3.9051159460871974,0.0,0.0,0.0,0.0,6.009726380830414,286.88644330108707,99011.38887089747,1.202313088869191,339.5453651125397
10.85,193.90198416320956,0.721953405941562,2.9751521913781214,-1.824943352951102,0.0,0.0,0.0,0.0,3.5641500422531416,286.8896371029391,99017.18239943791,1.2023700551813514,339.5472551244644
10.9,193.6958901572814,1.0473831998021366,3.8746865363773058,-7.9008674523849765,0.0,0.0,0.0,0.0,8.86193623439977,286.89097671397764,99019.61252382334,1.2023939497957639,339.5480478695853
10.95,193.40345386848463,2.592161181855441,3.0708331654099457,-7.041636964735723,0.0,0.0,0.0,0.0,8.107648676751625,286.8928775498548,99023.06082225675,1.2024278555894796,339.54917272901747
11.0,193.03328869418397,2.1196044217748415,1.1501939295479189,-6.893667346398855,0.0,0.0,0.0,0.0,7.303308733935748,286.8952836234878,99027.42580983465,1.2024707745132193,339.55059656812716
11.05,193.26288078232557,3.304775821440216,3.8378749132532253,-8.286400866264,0.0,0.0,0.0,0.0,9.711604728168002,286.89379127491486,99024.71844168042,1.202444154244493,339.5497134436282
11.1,192.62803251692523,3.46354415460998,1.8201585298624807,-6.286753091840855,0.0,0.0,0.0,0.0,7.40488890008045,286.89791778864,99032.20476916045,1.2025177634188045,339.55215537781635
11.15,192.62565823402164,2.02663143531966,5.1770847259644155,-2.5400285966131952,0.0,0.0,0.0,0.0,6.112379774363883,286.8979332214788,99032.23276830037,1.2025180387178345,339.5521645104264
11.2,192.32520758337586,1.2405047380631884,5.2013642163471685,-6.650671884465868,0.0,0.0,0.0,0.0,8.533725928987806,286.899886150708,99035.7759360567,1.202552876477252,339.5533201831268
11.25,191.7475320083539,2.4868227231681805,0.5880066182829726,-3.3558665415103004,0.0,0.0,0.0,0.0,4.2180421150147955,286.90364104194566,99042.5886626087,1.202619861103441,339.55554218054914
11.3,191.40363877621857,1.3741873431176044,4.841877813866897,2.34883140933421,0.0,0.0,0.0,0.0,5.554203868051301,286.9058763479546,99046.6444938547,1.202659738750326,339.55686494010473
11.35,191.2898132885073,-1.3456807833071147,8.03383077770165,-6.075731687872448,0.0,0.0,0.0,0.0,10.162077015961144,286.90661621362466,99047.98696620904,1.202672938106433,339.5573027601812
11.4,191.0780128159224,7.036687952993271,-0.5707778633052174,-7.550701401700282,0.0,0.0,0.0,0.0,10.33701390028467,286.90799291669646,99050.48500727593,1.2026974990680674,339.55811743121797
11.45,190.28073537062212,5.82663575032361,2.4585879345455273,5.348048882451653,0.0,0.0,0.0,0.0,8.282268146343391,286.9131752200909,99059.88880447231,1.202789956980454,339.5611840680527
11.5,190.07199709911495,-0.019902837828336017,7.030927275185759,0.8801942794562534,0.0,0.0,0.0,0.0,7.085836326185651,286.9145320188557,99062.35096816,1.2028141646399364,339.5619869514512
11.55,189.60673812379818,0.8341938735062001,5.870663050969465,-1.3734773128986313,0.0,0.0,0.0,0.0,6.086625009449869,286.91755620219527,99067.83908956844,1.202868122693425,339.56377650005044
11.6,189.1004124206257,3.286675607022925,3.601832489991259,-4.76254368385575,0.0,0.0,0.0,0.0,6.815955998419477,286.92084731926593,99073.81190736471,1.2029268455334123,339.56572399491887
11.65,188.80784465986883,1.3565678351938952,-3.8434708186216335,-8.009088942442537,0.0,0.0,0.0,0.0,8.986548275786093,286.92274900971086,99077.26328504061,1.202960778071099,339.56684930147776
11.7,188.4981262609037,3.282829002056347,-0.6853207465435525,-14.094000792240324,0.0,0.0,0.0,0.0,14.487494231717788,286.9247621793041,99080.91709228967,1.2029967005687194,339.5680405706593
11.75,187.9724239262175,-0.3242619901164383,2.5544127663257568,-16.622383276465598,0.0,0.0,0.0,0.0,16.82063602271702,286.92817924447957,99087.11915315078,1.2030576757086462,339.5700625688004
11.8,188.21023502741906,2.2180115394992517,-9.60199792424412,-5.058957677624608,0.0,0.0,0.0,0.0,11.077499361793581,286.9266334723217,99084.31349813435,1.203030092191943,339.56914788231563
11.85,188.3350016293419,7.499881931756272,-10.878272156853518,5.882122691401619,0.0,0.0,0.0,0.0,14.463208546707763,286.92582248940926,99082.84154866525,1.2030156208085134,339.56866799488273
11.9,187.18162875933535,5.021293121076109,-8.961003082512487,1.6349268038857117,0.0,0.0,0.0,0.0,10.401247353400866,286.9333194130643,99096.44928296213,1.2031494028780756,339.5731041654037
11.95,186.62121295714144,3.3276657367176803,-9.198627715183365,-2.1107487707465955,0.0,0.0,0.0,0.0,10.007166005971552,286.93696211577856,99103.06173204145,1.2032144107575415,339.57525964867926
12.0,186.15359910251738,5.9529470913427955,-7.954924669579747,-2.4083105385523296,0.0,0.0,0.0,0.0,10.223422382994714,286.94000160583363,99108.57946731105,1.2032686557261445,339.5770581846429
12.05,185.77978641937833,3.7509653803798555,-10.327377627893211,5.914573135706188,0.0,0.0,0.0,0.0,12.478246885341495,286.94243138827403,99112.99054937655,1.2033120207511157,339.57849593577873
12.1,185.10979856851836,11.028702529761762,6.025589192145034,-1.9092351045784528,0.0,0.0,0.0,0.0,12.711616076920482,286.9467863093046,99120.89696943866,1.2033897472692108,339.5810728149027
12.15,184.82248854946775,10.914399662387265,12.124706437072286,-18.758628861001803,0.0,0.0,0.0,0.0,24.85998356637251,286.94865382442845,99124.28762573282,1.203423079807614,339.5821778486366
12.2,184.98030456102083,6.312391046994521,2.272648061619014,21.811981895615688,0.0,0.0,0.0,0.0,22.820468096794677,286.94762802035336,99122.4251665163,1.2034047705491924,339.581570867059
12.25,184.9992216680946,8.137122345566898,-7.474796460499611,14.232353951797265,0.0,0.0,0.0,0.0,18.017914452063003,286.9475050591574,99122.2019189514,1.2034025758672882,339.5814981092515
12.3,184.17743227093518,1.7891088413608425,-0.7620080397658073,-0.3445257929560145,0.0,0.0,0.0,0.0,1.9749087879988876,286.9528466902389,99131.90052568572,1.2034979191833413,339.584658810445
12.35,182.8753658837401,2.139034834463692,15.048720789720424,1.5959575500688765,0.0,0.0,0.0,0.0,15.283538462399166,286.9613101217557,99147.26884602732,1.2036489956644896,339.5896666546701
12.4,182.40362948153805,21.327433488117233,-8.482776360744865,1.396008451480029,0.0,0.0,0.0,0.0,22.994907122514757,286.96437640836996,99152.83723800197,1.2037037339928522,339.59148096975525
12.45,182.21922715569883,7.631590961940705,-9.146367910105399,-20.899412592729156,0.0,0.0,0.0,0.0,24.055824103083786,286.96557502348793,99155.01399794997,1.2037251317888265,339.5921901850646
12.5,181.66298101669318,0.4473816484702722,-2.8877152141902687,-9.689419992546933,0.0,0.0,0.0,0.0,10.120469815656886,286.96919062339146,99161.58038770204,1.2037896795997813,339.5943295107006
12.55,181.253377470771,12.449246086786351,-16.95711355738325,-2.702860208423128,0.0,0.0,0.0,0.0,21.209264052145542,286.97185304643995,99166.4159120351,1.2038372124310892,339.59590483952076
12.6,180.40300391608633,10.467733380643669,-18.06310398429634,-2.459954137347813,0.0,0.0,0.0,0.0,21.02143054203492,286.97738047454544,99176.45550223223,1.2039358994203144,339.5991753395546
12.65,180.3238589463806,4.549625618650994,-8.233892148551929,4.189368940127605,0.0,0.0,0.0,0.0,10.297906840731102,286.9778949168485,99177.38993705396,1.2039450846147937,339.5994797260943
12.7,180.70985102825549,10.867321160103096,-1.6863252540263558,14.78780323855912,0.0,0.0,0.0,0.0,18.428822172931483,286.9753859683163,99172.83274145098,1.2039002886885501,339.5979952224207
12.75,180.49483255875438,10.866793647344755,-4.549683081897676,5.413822478677875,0.0,0.0,0.0,0.0,12.965195492175045,286.97678358836805,99175.3713249995,1.2039252422853455,339.59882217207036
12.8,180.1622865429205,11.144591989741294,-9.541351245701074,-3.1414837988753277,0.0,0.0,0.0,0.0,15.00360738856637,286.978945137471,99179.29758364556,1.2039638361175922,339.60010112247534
12.85,179.62108640761969,3.7428689458214652,-2.820191894492282,-5.788178757280485,0.0,0.0,0.0,0.0,7.447520633982005,286.98246293835047,99185.68762020044,1.2040266474555124,339.6021825327907
12.9,179.02488745115903,0.8513078397038477,2.9443743654598835,-2.621229503278706,0.0,0.0,0.0,0.0,4.032977752328576,286.98633823156746,99192.72742254124,1.2040958448230632,339.6044754491908
12.95,178.61693770781304,4.246179627208932,3.219848588551847,-0.5401979466354023,0.0,0.0,0.0,0.0,5.356237502321252,286.9889899048992,99197.54464759653,1.2041431949454142,339.60604437065285
13.0,177.92362597852625,5.561646003449198,1.8404719126145728,-2.119099153601988,0.0,0.0,0.0,0.0,6.22975315334422,286.99349643113953,99205.73196958905,1.2042236698783733,339.60871074043735
13.05,177.4103197174016,11.107887733028608,8.308029657193229,-5.564057746803024,0.0,0.0,0.0,0.0,14.945476415428463,286.99683292183687,99211.7939585419,1.2042832536457158,339.61068482351754
13.1,177.31751765610866,10.873166498361167,1.3364823305560531,1.1926670752068218,0.0,0.0,0.0,0.0,11.019727286700636,286.99743613523526,99212.88995433708,1.204294026200855,339.6110417222429
13.15,177.02548242681777,9.143316234731879,-5.162982133989579,-4.38864968462389,0.0,0.0,0.0,0.0,11.38054754124583,286.99933436422566,99216.33896522476,1.2043279264203717,339.6121648306364
13.2,176.87456432224795,3.137766380260718,0.811590092392402,-7.4169833170023844,0.0,0.0,0.0,0.0,8.09418914159137,287.00031533190537,99218.12138476079,1.204345445678043,339.6127452296701
13.25,176.53893521515,2.019364920544369,6.685661278901761,-1.3210414457448336,0.0,0.0,0.0,0.0,7.107816255356289,287.0024969211015,99222.08542808772,1.2043844077250978,339.61403598450266
13.3,176.2518608340581,1.3180971099310448,9.192059579949694,-0.22270203973152802,0.0,0.0,0.0,0.0,9.288753173115007,287.0043629045786,99225.47610372458,1.2044177339834827,339.6151400047751
13.35,175.7607651188802,-0.5210155880354731,5.078890279820288,-2.7575033358621046,0.0,0.0,0.0,0.0,5.802620818623218,287.00755502672723,99231.27672138804,1.2044747465674928,339.61702863459436
13.4,175.51752151117483,2.1449849622087447,3.4187865049931743,-10.024164669284563,0.0,0.0,0.0,0.0,10.806152829372625,287.00913611017734,99234.14991506244,1.2045029861176764,339.6179640840528
13.45,174.95973677384305,11.538432868021847,-6.939348199921308,-10.294359939236209,0.0,0.0,0.0,0.0,16.94885934357086,287.01276171097,99240.7387231412,1.2045677444701448,339.6201091643242
13.5,174.35978400934286,6.572629441950228,-10.964097811703107,-3.098861277097524,0.0,0.0,0.0,0.0,13.15347253847737,287.0166614039392,99247.82603463458,1.2046374014693224,339.6224163956217
13.55,174.09158261391727,0.9276011297779843,-4.3099721246855305,-11.62563140638452,0.0,0.0,0.0,0.0,12.433487409759412,287.0184047130095,99250.99446133866,1.2046685417581235,339.6234478095073
13.6,174.21349561295182,11.052386279499244,-10.115014738738335,-12.918055669793075,0.0,0.0,0.0,0.0,19.782439888042877,287.0176122785158,99249.55421855304,1.2046543866249344,339.62297897281206
13.65,173.72556232462634,15.360386204574443,-1.4801375083239745,4.39254653706697,0.0,0.0,0.0,0.0,16.04452356654841,287.02078384488993,99255.31861447294,1.204711040582611,339.62485539746046
13.7,173.68735832193167,3.939321684737779,6.067627963349057,2.575019210792891,0.0,0.0,0.0,0.0,7.67887285826593,287.0210321709074,99255.76996425028,1.2047154765372536,339.6250023165588
13.75,173.53503845846257,0.8956031759715213,5.197845529583434,3.5741720277799756,0.0,0.0,0.0,0.0,6.371374175355391,287.02202225002,99257.5695182984,1.2047331628712548,339.6255880843131
13.8,172.92149998512576,-1.1136768833732809,6.845408438927416,-3.552092488664336,0.0,0.0,0.0,0.0,7.792127690452994,287.02601025009665,99264.8183193939,1.204804404746781,339.6279475237666
13.85,172.26550216338336,-1.741403717197497,3.3625751912694444,-17.773532712254397,0.0,0.0,0.0,0.0,18.17244793352803,287.030274235938,99272.56924107605,1.204880580414005,339.63047022785867
13.9,172.2418783017586,2.8723673915700365,-6.0103169214634224,-18.0526715753259,0.0,0.0,0.0,0.0,19.242488272964184,287.03042779103856,99272.8483772136,1.2048833237287706,339.63056107539063
13.95,171.16070490599242,5.216838899787602,-5.9257690831196745,-9.705657594723775,0.0,0.0,0.0,0.0,12.511192456309406,287.03745541811105,99285.62404608195,1.2050088798209648,339.6347187919343
14.0,170.78227910351922,7.5265360410219655,-2.0866346780291676,-5.983593216928462,0.0,0.0,0.0,0.0,9.839013001415783,287.0399151858271,99290.09602330618,1.2050528285731787,339.636174038821
14.05,170.5030585451724,9.253222883563526,4.127683420982232,-3.215868121292962,0.0,0.0,0.0,0.0,10.630226334857767,287.04173011945636,99293.39576539767,1.205085256839344,339.6372477852009
14.1,169.2884702355477,10.31090478961516,2.8185370540274484,-6.000992947747615,0.0,0.0,0.0,0.0,12.258500114791826,287.0496249434689,99307.75042716623,1.205226325112705,339.6419184612404
14.15,169.02393579712287,11.723824158342657,3.1459123554625164,-3.3050720131882976,0.0,0.0,0.0,0.0,12.58047369761374,287.05134441731866,99310.87706111648,1.2052570511216871,339.64293571482955
14.2,169.13043963319274,5.052178206368891,4.135926034618208,-3.034525880879726,0.0,0.0,0.0,0.0,7.1999122296365785,287.05065214238425,99309.61824185884,1.2052446804946078,339.64252616016734
14.25,168.70640763465403,8.419987707936329,5.58709404362037,-2.788822092161434,0.0,0.0,0.0,0.0,10.482811718035613,287.05340835037475,99314.63015347112,1.20529393320999,339.644156749038
14.3,168.6247985955934,11.214688774941328,-0.9511258673839078,4.4734990562898025,0.0,0.0,0.0,0.0,12.11140283125896,287.0539388091286,99315.59476759822,1.2053034125457696,339.64447057066087
14.35,168.2150689746879,15.17662532755949,-7.806421431013441,-0.03607697703778434,0.0,0.0,0.0,0.0,17.066677281766896,287.0566020516645,99320.4378627078,1.2053510057419277,339.646046151729
14.4,169.09279353764012,7.0804593783947976,-8.10999943148612,-3.872828968692664,0.0,0.0,0.0,0.0,11.441319854306544,287.05089684200533,99310.06319740752,1.2052490531505051,339.64267092622015
14.45,168.55907261936983,6.920618455884683,0.6827928975125019,0.29221153441284253,0.0,0.0,0.0,0.0,6.960355848206981,287.0543660279741,99316.37165035559,1.2053110470184847,339.64472331491027
14.5,167.97220153141976,1.48054677578966,1.6827122421354699,-1.6067422819202701,0.0,0.0,0.0,0.0,2.7577454570072444,287.05818069004573,99323.30870009468,1.2053792173120679,339.64698007476625
14.55,166.69062366816084,1.4163437757919435,2.2155106980570105,0.050102186830704665,0.0,0.0,0.0,0.0,2.6300242534157094,287.06651094615694,99338.4588242102,1.2055280942266116,339.65190821476637
14.6,166.14482235900374,5.927276283579508,0.4427793820078797,0.5244061338357808,0.0,0.0,0.0,0.0,5.96688021634589,287.07005865466647,99344.91156182227,1.2055915025382735,339.65400700058115
14.65,165.72002506174317,3.490615659312635,-0.5874271459370459,-1.756720908655689,0.0,0.0,0.0,0.0,3.951649868565078,287.0728198370986,99349.93396401312,1.2056408550089892,339.655640477138
14.7,165.38347454776053,4.929069221493069,-0.6649476795475671,3.4148059487656393,0.0,0.0,0.0,0.0,6.033140017812547,287.07500741543953,99353.91316552043,1.2056799561653109,339.6569346120327
14.75,165.29174012943452,9.104245152843262,-11.037210645411728,4.16355525814482,0.0,0.0,0.0,0.0,14.901090262859471,287.07560368915864,99354.99780884483,1.2056906142338877,339.6572873567741
14.8,165.9514687541625,1.9531386247246438,-11.717686974731688,-10.476204305160488,0.0,0.0,0.0,0.0,15.838869756666702,287.0713154530979,99347.19756680769,1.205613965950288,339.6547505057694
14.85,165.0919991130683,-1.9693828692154014,-2.5154042499795035,-10.142543251580081,0.0,0.0,0.0,0.0,10.63376278823948,287.076902005765,99357.35952657892,1.2057138211867564,339.6580554161152
14.9,164.02544736838618,-2.359221075458916,0.9236380603789529,-10.331828737999164,0.0,0.0,0.0,0.0,10.637937601848185,287.08383459210546,99369.97109681448,1.2058377445143056,339.66215657257055
14.95,163.55580666064574,-0.02265478834054946,-5.357404964012712,-9.440769588468955,0.0,0.0,0.0,0.0,10.854972667419439,287.0868872567058,99375.52483126376,1.2058923154576189,339.6639624420765
15.0,163.04680387508418,1.5682066191483095,-3.5463337662264616,1.7267313361003351,0.0,0.0,0.0,0.0,4.244685652541231,287.09019577481195,99381.54432563588,1.2059514622983423,339.66591965639367
15.05,162.61469932664215,-7.335356730046102,0.9733527208108017,2.322977787315012,0.0,0.0,0.0,0.0,7.755714001721658,287.0930044543768,99386.65464901774,1.2060016751973393,339.6675811732412
15.1,162.4370345444951,-5.113172301000405,-7.02059549202408,4.967823002309421,0.0,0.0,0.0,0.0,10.00562628847496,287.09415927546075,99388.75587930325,1.2060223212754653,339.6682643227498
15.15,162.03331242427512,7.149936041950415,-10.161724520338476,-5.353360664053785,0.0,0.0,0.0,0.0,13.529253528213157,287.0967834692422,99393.53080935738,1.2060692380417035,339.6698166937775
15.2,161.60800494174143,-0.07318153050999943,-20.841070596327786,18.642738385397436,0.0,0.0,0.0,0.0,27.962604915205905,287.09954796787866,99398.56123621126,1.2061186647648592,339.6714520560293
15.25,160.78588871166926,2.6493039963741847,-20.559076136975595,2.9273922619796453,0.0,0.0,0.0,0.0,20.934756954086232,287.1048917233741,99408.28559865241,1.2062142106493499,339.6746131768937
15.3,160.53875527084483,-7.495994330984064,40.784330318676,-3.0143836912883137,0.0,0.0,0.0,0.0,41.57689309690329,287.1064980907395,99411.20895530433,1.2062429334903528,339.67556342446164
15.35,159.13387055025066,27.744687372203572,4.373839840186777,-4.337616625866809,0.0,0.0,0.0,0.0,28.420293283530935,287.11562984142336,99427.82874565144,1.2064062247768572,339.68096526648765
15.4,158.10668080847788,10.577096331706638,-3.7551355947306138,-8.707648672954472,0.0,0.0,0.0,0.0,14.205602963500727,287.12230657474487,99439.98182712891,1.2065256268653417,339.6849148007499
15.45,157.22587090614672,-3.718917662854574,18.173353266534136,-7.556903861561665,0.0,0.0,0.0,0.0,20.030175074277913,287.12803183911,99450.40398969057,1.2066280207399342,339.68830146942526
15.5,157.24361985409547,-5.596755679548455,2.484055971892739,-14.034139440760184,0.0,0.0,0.0,0.0,15.311801920438835,287.1279164709484,99450.19396694754,1.2066259573646794,339.6882332259686
15.55,156.82162777020787,-1.3089643177798354,2.5361000365140844,-19.083551626892934,0.0,0.0,0.0,0.0,19.29578020388695,287.1306594194936,99455.18748325018,1.2066750161031743,339.6898557521433
15.6,156.31506903572787,1.6873118518345902,16.118244915093737,-5.359695320615922,0.0,0.0,0.0,0.0,17.06959795537431,287.1339520512677,99461.181961688,1.2067339081626856,339.6918034201634
15.65,155.867199982447,5.1990240860697385,17.770547722421657,5.012590434504445,0.0,0.0,0.0,0.0,19.181978017568582,287.1368632001141,99466.48216606346,1.2067859788445188,339.6935254228874
15.7,155.73252901797207,15.951167604633206,0.3073570680000144,-3.675100941755129,0.0,0.0,0.0,0.0,16.371945005112828,287.1377385613832,99468.07594366482,1.2068016364556833,339.6940432148657
15.75,155.887863464076,10.378786460288575,-9.531317220586164,-6.7332855176810655,0.0,0.0,0.0,0.0,15.617373345422891,287.13672888748346,99466.23762376067,1.206783576404543,339.6934459744741
15.8,155.80952687551738,8.76745688624024,-5.901219895102069,-14.728903382958276,0.0,0.0,0.0,0.0,18.128245678138565,287.13723807530914,99467.16470194233,1.2067926842284455,339.693747168423
15.85,155.96065712161962,7.009477237611172,-6.6763713684359285,-4.67096228257693,0.0,0.0,0.0,0.0,10.748236806058772,287.13625572870944,99465.37614993859,1.2067751130780997,339.69316609213155
15.9,154.7895036620146,8.678966839673132,-1.4165342494851991,1.1068408909207128,0.0,0.0,0.0,0.0,8.863189687800018,287.1438682261969,99479.23685517244,1.2069112822938695,339.69766900004146
15.95,154.65394136546163,5.805537426144226,5.413116510305685,5.08068286785342,0.0,0.0,0.0,0.0,9.424406271177224,287.1447493811245,99480.84134798599,1.2069270447888623,339.6981902127129
16.0,154.7316717987492,4.739550605648298,9.648752913772606,3.068067758540809,0.0,0.0,0.0,0.0,11.179213411753715,287.1442441333081,99479.92134093231,1.2069180066697993,339.6978913532619
16.05,154.39841352250474,9.45424037115478,6.068016869667549,2.5093936071503506,0.0,0.0,0.0,0.0,11.51088814999737,287.1464103121037,99483.86579004674,1.2069567566962094,339.69917266917963
16.1,154.07795758020333,10.856454269405617,-2.113809944696593,2.4693951051442773,0.0,0.0,0.0,0.0,11.33263887941834,287.14849327572864,99487.65883001513,1.2069940190127446,339.7004047579529
16.15,153.58076686400904,11.826691488366706,3.1852978446125517,0.02397126250608643,0.0,0.0,0.0,0.0,12.248156128222933,287.15172501538393,99493.54400262963,1.2070518336250986,339.702316347611
16.2,152.43833453890866,9.810838609472944,9.60444229741862,-2.5208710326788095,0.0,0.0,0.0,0.0,13.958963314980378,287.1591508254971,99507.06787232948,1.2071846866144569,339.7067087095021
16.25,151.8086189369733,7.918788729743393,6.284985814425465,-6.707269346407336,0.0,0.0,0.0,0.0,12.132424478194611,287.16324397690965,99514.52294737945,1.2072579207673826,339.7091297816423
16.3,151.71876843757065,5.222975128998064,5.85266229910844,-7.227680464833907,0.0,0.0,0.0,0.0,10.666418803294727,287.1638280051558,99515.58670605233,1.2072683704047613,339.7094752291021
16.35,150.97109179227897,-0.24528305161771707,4.7732091308795415,-3.694984253150115,0.0,0.0,0.0,0.0,6.041241413281714,287.1686879033502,99524.43896182196,1.207355328084469,339.7123498015922
16.4,150.70868924674912,1.7640252332448025,9.310419042038147,1.9144068341656417,0.0,0.0,0.0,0.0,9.667504398166624,287.1703935198961,99527.54587638898,1.2073858476492463,339.71335864790575
16.45,150.6764210947386,1.757318838703302,6.261824705065514,3.3610611879531525,0.0,0.0,0.0,0.0,7.320884539930636,287.1706032628842,99527.92794514622,1.2073896007403109,339.7134827074947
16.5,150.62412425754394,4.192933482128058,7.740805131135707,4.339380771379739,0.0,0.0,0.0,0.0,9.814834728246199,287.1709431923259,99528.54716464691,1.207395683375718,339.71368377017143
16.55,149.7912866756294,6.208221677151137,6.632392994315311,-3.6965381988174086,0.0,0.0,0.0,0.0,9.807907415907247,287.1763566366084,99538.40877934697,1.2074925537194245,339.71688571743647
16.6,149.71262746302602,-0.362907008504823,8.471678757784359,-11.398698830059391,0.0,0.0,0.0,0.0,14.206737045863626,287.1768679214903,99539.3402225479,1.2075017031635076,339.71718813096476
16.65,149.62077217770997,-3.1011998158977248,9.90163281861621,-9.286900825222922,0.0,0.0,0.0,0.0,13.925024226562332,287.1774649808449,99540.42793599963,1.2075123876090978,339.7175412778271
16.7,150.35168589338585,2.2690201185631476,5.3060470383051355,-10.386427268320471,0.0,0.0,0.0,0.0,11.881938346551966,287.172714041693,99531.77301530163,1.2074273710103567,339.71473119653666
16.75,150.45620506428813,-0.6399227910551615,5.939140415901095,5.032191392070051,0.0,0.0,0.0,0.0,7.810623551594685,287.17203466708213,99530.53542909064,1.2074152141843408,339.7143293587427
16.8,149.26594743947052,-3.914467732124832,6.985984319754709,3.7233145034118964,0.0,0.0,0.0,0.0,8.831200679014296,287.1797713416434,99544.62971865003,1.207553660879274,339.71890543369267
16.85,149.0177653696791,-2.6923055455736606,8.022473146684543,3.462915862594145,0.0,0.0,0.0,0.0,9.143323838266227,287.1813845250971,99547.56873977701,1.2075825300986807,339.71985958889826
16.9,148.62295977777922,-0.7489997544013344,6.801265367191132,-7.503433454182933,0.0,0.0,0.0,0.0,10.154788270978298,287.1839507614444,99552.24425042754,1.2076284560566084,339.7213774440779
16.95,148.3048050591773,-2.937147266203799,1.770233247762569,-11.085217204249416,0.0,0.0,0.0,0.0,11.603559810689118,287.18601876711534,99556.01214755644,1.2076654665356266,339.7226006051712
17.0,148.01442757351504,-0.8098189301009666,8.459408920997072,-5.890157510495277,0.0,0.0,0.0,0.0,10.339795041036288,287.1879062207721,99559.45118051166,1.207699246486659,339.7237169715145
17.05,148.50450958212193,10.296043004813757,11.464116411087794,-6.605786295962437,0.0,0.0,0.0,0.0,16.765168631179108,287.1847206877162,99553.64703917548,1.2076422350954417,339.72183283205766
17.1,147.39596998071437,13.811789057713801,9.065481322881514,-20.555812467949984,0.0,0.0,0.0,0.0,26.37214240079528,287.19192619512535,99566.77609118412,1.2077711947878824,339.72609464101373
17.15,146.04804848857643,9.090710432702542,13.18988560678952,-14.76151549132965,0.0,0.0,0.0,0.0,21.783398221861653,287.20068768482423,99582.7421650816,1.207928016677395,339.7312766877673
17.2,144.93897915124572,21.35898399395484,19.74913413757261,-6.831458817431164,0.0,0.0,0.0,0.0,29.88148801536016,287.2078966355169,99595.88059974331,1.2080570613552897,339.73554041476905
17.25,144.51356632196953,8.24903462633239,12.648234734103971,-16.307623885454046,0.0,0.0,0.0,0.0,22.22527864718137,287.21066181890717,99600.92056571665,1.2081065626474405,339.73717586564504
17.3,144.3102205258435,4.291261331498734,10.331437671403807,-10.015008776855623,0.0,0.0,0.0,0.0,15.015123341944719,287.211983566582,99603.32972420052,1.2081302246344636,339.7379576024768
17.35,144.1561193794783,2.68730184542042,5.916527729839148,-13.088339495213011,0.0,0.0,0.0,0.0,14.612717828258656,287.2129852240334,99605.15548348412,1.2081481565878938,339.73855002337064
17.4,143.33218651074156,7.412783053741803,-2.8056322034312604,-13.481814510456525,0.0,0.0,0.0,0.0,15.639061581729521,287.2183407876802,99614.91773363661,1.2082440368495029,339.74171750367225
17.45,142.8323229290966,7.984458850473088,-0.7852471850243469,-2.764082386501095,0.0,0.0,0.0,0.0,8.48577325385567,287.22158990096085,99620.84067300818,1.20830220832237,339.74363913618623
17.5,142.3172453426056,4.620065257013095,1.606866843902482,-0.030356910313617147,0.0,0.0,0.0,0.0,4.891619933631024,287.22493790527307,99626.9441831335,1.2083621525618549,339.74561924474034
17.55,142.07205240887916,8.923454640745636,5.877448029069107,-1.2940282527905378,0.0,0.0,0.0,0.0,10.763221970157138,287.22653165934224,99629.84974995522,1.2083906886814815,339.7465618338762
17.6,141.6282931022784,5.633854356176752,11.788788614455088,-0.3412199851369033,0.0,0.0,0.0,0.0,13.070282436932054,287.2294160948352,99635.10852751175,1.2084423357248335,339.748267760163
17.65,141.38765001642787,-1.923206104663861,12.746356409954009,-6.414681228427334,0.0,0.0,0.0,0.0,14.398488070381903,287.23098027489317,99637.96036667045,1.2084703437397148,339.7491928512433
17.7,141.49414958096853,-2.8926743785041285,4.333005867108998,-6.59525940316725,0.0,0.0,0.0,0.0,8.404757670481718,287.2302880277237,99636.69824193741,1.208457948386161,339.74878344109095
17.75,140.854109588292,1.313559028555169,4.441475572338502,-8.391348746439563,0.0,0.0,0.0,0.0,9.584720985273972,287.23444828767606,99644.2835411242,1.208532443319313,339.75124390260646
17.8,140.3331836049634,0.5345647636153552,7.170522713024641,-8.411627192728085,0.0,0.0,0.0,0.0,11.066057450327284,287.2378343065677,99650.45753086913,1.2085930770399287,339.75324644921403
17.85,139.37306586538716,5.0734342846522145,-3.2494967487686957,-12.404405096077209,0.0,0.0,0.0,0.0,13.790149758016739,287.244075071875,99661.83761180907,1.208704837038552,339.75693730832694
17.9,139.603379953429,2.597050415086726,-2.6711786997619003,-5.4573849111727375,0.0,0.0,0.0,0.0,6.607792110323968,287.2425780303027,99659.10764967483,1.2086780272076996,339.75605194468244
17.95,138.91538718253713,-1.0340101016407464,-4.426453090986994,-6.06696339745135,0.0,0.0,0.0,0.0,7.580943788409057,287.2470499833135,99667.2627548311,1.2087581147132693,339.7586966904515
18.0,138.8922581172133,1.032289314265494,-2.9243981922915046,-7.333317889270861,0.0,0.0,0.0,0.0,7.962115126053163,287.2472003222381,99667.53692401829,1.2087608071800393,339.75878560163505
18.05,138.28023929820395,-1.0031487435188644,-2.5475972596069187,-4.133433958649622,0.0,0.0,0.0,0.0,4.958007209484275,287.2511784445617,99674.79194413449,1.2088320542826205,339.7611382744001
18.1,138.17227308294002,4.810198271698306,-1.0705310410034687,-17.086012251975024,0.0,0.0,0.0,0.0,17.78245930116085,287.25188022496087,99676.07184631356,1.2088446233144856,339.76155330761753
18.15,137.51341971905362,7.117563314786482,2.3273594025488378,-3.2260493862956205,0.0,0.0,0.0,0.0,8.153753980311471,287.25616277182615,99683.88261370473,1.2089213267798695,339.76408599661295
18.2,137.22870265891908,1.0192995722756284,-0.005175557742200382,0.8099559939794719,0.0,0.0,0.0,0.0,1.3019320706636335,287.258013432717,99687.25811407011,1.2089544745870517,339.7651804676371
18.25,136.71502059135437,1.77266093044013,-3.015542138410107,-6.912105132104761,0.0,0.0,0.0,0.0,7.74680698869572,287.2613523661562,99693.34837317222,1.209014281101344,339.76715508622544
18.3,136.97109303337785,-6.3585172255445785,0.7978213591090637,-9.171397463370663,0.0,0.0,0.0,0.0,11.18846690390241,287.25968789528304,99690.31231845259,1.2089844670461891,339.76617073286945
18.35,137.2725701963831,-5.892397128402973,8.572704240766123,-6.243631831395425,0.0,0.0,0.0,0.0,12.132375709830093,287.25772829372346,99686.73803070752,1.2089493673217047,339.7650118381801
18.4,137.0555916237572,-5.44778027507788,9.591099495068157,-1.9656628866944645,0.0,0.0,0.0,0.0,11.204076491793167,287.25913865444556,99689.31049984547,1.2089746291502836,339.76584591606917
18.45,136.83481207573308,4.119984907429167,5.354568205150473,6.477323933283049,0.0,0.0,0.0,0.0,9.359562043051687,287.26057372150774,99691.92808801698,1.2090003339236493,339.76669460302065
18.5,136.2157187351961,3.6825183151544616,-11.9304336192947,-0.26833316683499936,0.0,0.0,0.0,0.0,12.488722519708292,287.2645978282212,99699.2684279896,1.2090724155385502,339.76907441559075
18.55,136.70946013614028,-9.74387266742769,-13.396621758910179,-3.9640263358174037,0.0,0.0,0.0,0.0,17.033086446719043,287.2613885091151,99693.41430005933,1.2090149285014116,339.7671764608201
18.6,136.25599064921443,4.264967078036026,8.005135240741986,14.140906263001163,0.0,0.0,0.0,0.0,16.79992155750395,287.26433606078007,99698.79092684442,1.2090677265420735,339.76891960970426
18.65,135.39413550505935,15.090716070887568,3.8861977370608325,-0.11598447107806106,0.0,0.0,0.0,0.0,15.583507204131307,287.2699381192171,99709.01028464598,1.209168078316724,339.77223257937044
18.7,134.09367914299114,13.725725581975533,-6.304927108331121,-12.450191692045506,0.0,0.0,0.0,0.0,19.57434345672276,287.27839108557055,99724.43191631974,1.209319511535726,339.7772314702064
18.75,134.08233627228608,4.811701553977162,-5.155817429687239,-11.718790463743343,0.0,0.0,0.0,0.0,13.677169851469085,287.2784648142301,99724.56643572991,1.2093208324338922,339.7772750713247
18.8,133.07141101615036,15.29163489937575,-6.6223023045491205,-7.3769870514355045,0.0,0.0,0.0,0.0,18.223855894560025,287.285035828395,99736.55597226328,1.209438560973167,339.7811609674043
18.85,132.77338246211923,10.474394165545425,-4.6751246310451995,-16.240452074365532,0.0,0.0,0.0,0.0,19.88270623005785,287.2869730139962,99740.09080276845,1.209473269926974,339.7823065510249
18.9,131.67573037128184,-2.6651103358690706,7.776711528925437,-14.164766461222037,0.0,0.0,0.0,0.0,16.377443762914854,287.2941077525866,99753.1106116943,1.2096011110811244,339.7865257518785
18.95,131.8778307109571,8.372682659733053,-8.182168727417958,-12.331838447858686,0.0,0.0,0.0,0.0,17.00364488892357,287.2927941003787,99750.71329356116,1.2095775721172333,339.785748914105
19.0,131.481469115664,5.66604711254955,-8.899844942856507,-15.561765215369201,0.0,0.0,0.0,0.0,18.801060249538974,287.2953704507482,99755.41498643451,1.2096237373441299,339.78727245593257
19.05,130.4813673420176,-0.3211351319668982,1.1167082515393585,-15.448206631169542,0.0,0.0,0.0,0.0,15.491844732353538,287.30187111227684,99767.2791215747,1.2097402276919882,339.7911166347506
19.1,129.8227948640021,3.479041351373275,-1.7819046227589757,-15.098412644741275,0.0,0.0,0.0,0.0,15.596184700113621,287.306151833384,99775.09234323486,1.209816941908487,339.793648023741
19.15,129.18847562989512,12.320682574379717,-6.356376238527485,-6.107689806931107,0.0,0.0,0.0,0.0,15.149475659640204,287.31027490840563,99782.61829586545,1.2098908344896573,339.79608617145806
19.2,128.96923165134052,10.55062676836,-8.087076373186202,0.18580184032173455,0.0,0.0,0.0,0.0,13.294775357065948,287.3116999942663,99785.21964785566,1.2099163752771938,339.79692888061214
19.25,128.59697653024884,13.07194471522734,-0.6423388789237625,-6.536431819618681,0.0,0.0,0.0,0.0,14.62919269152815,287.31411965255336,99789.63661831035,1.2099597420147765,339.7983597146573
19.3,127.90481677107196,3.5045323236443062,10.148534220521023,-6.475333035236948,0.0,0.0,0.0,0.0,12.53811913924034,287.318618690988,99797.84981860977,1.2100403799581951,339.8010201475966
19.35,127.28788683474919,2.142914739898526,10.545373012920518,-3.9755381129260052,0.0,0.0,0.0,0.0,11.471786210152016,287.3226287355741,99805.17079964763,1.2101122569478595,339.803391404449
19.4,126.89156870007088,7.347810240671114,3.709145325859285,-10.503936635019024,0.0,0.0,0.0,0.0,13.344690300405995,287.32520480344954,99809.87405508706,1.2101584327221673,339.8049147001295
19.45,126.45274540487543,-0.5070860482178574,-2.3271693927919737,-13.19326968104626,0.0,0.0,0.0,0.0,13.406536410268666,287.3280571548683,99815.08194452523,1.2102095624255722,339.80660136146105
19.5,126.45830686599943,9.540912175943161,1.2072067031970177,-9.468282254826063,0.0,0.0,0.0,0.0,13.49572977020355,287.328021005371,99815.01594055719,1.210208914418964,339.80657998548
19.55,126.03705670894763,8.637722064882066,2.3316659701929248,0.5603873987054502,0.0,0.0,0.0,0.0,8.964426512796795,287.3307591313918,99820.0154789285,1.2102579981144759,339.8081990949195
19.6,125.6640430293546,6.2841587609208585,6.667407703367607,2.0128720816706327,0.0,0.0,0.0,0.0,9.380651940699705,287.3331837203092,99824.44269985311,1.2103014626096855,339.80963279707163
19.65,125.35488268409678,4.207955496968668,9.63129690311589,-6.884899605372255,0.0,0.0,0.0,0.0,12.564657260605783,287.33519326255333,99828.11217947907,1.2103374876582889,339.8108210702277
19.7,124.86794625829133,-1.8466257838710325,6.436759153149592,-7.19913325838512,0.0,0.0,0.0,0.0,9.832060559887694,287.3383583493211,99833.89193680363,1.2103942298083699,339.81269262616087
19.75,124.28984784894783,-3.47194257097055,5.064158328375842,-10.843083034133022,0.0,0.0,0.0,0.0,12.46084003894117,287.3421159889818,99840.75410534117,1.210461597603362,339.81491455274903
19.8,123.98525361449963,-4.1137048505114,2.5053923361893413,-14.765130524621972,0.0,0.0,0.0,0.0,15.530893012460064,287.34409585150576,99844.36986652033,1.2104970941704662,339.81608525766495
19.85,124.28238989287149,-2.341632262868224,-2.315421720698546,-12.152649126050605,0.0,0.0,0.0,0.0,12.590921339603648,287.3421644656963,99840.84263558677,1.2104624667233645,339.81494321737733
19.9,124.01926334237902,-0.5580882695196783,0.941582813285321,-10.579578800090582,0.0,0.0,0.0,0.0,10.636048528385711,287.3438747882745,99843.96614037712,1.2104931307316313,339.8159545418135
19.95,123.98942275048377,6.259172801704438,-3.6290797064893647,-6.882474981716967,0.0,0.0,0.0,0.0,9.985786175940754,287.3440687521218,99844.3203750449,1.2104966083055482,339.8160692336594
20.0,123.02320202098733,3.389593567637897,7.689179463045497,-7.277326900002659,0.0,0.0,0.0,0.0,11.116308388048397,287.3503491868636,99855.79083419316,1.210609214224126,339.8197828669262
20.05,122.22485307479315,-3.4015888326515786,7.785253593404393,-5.276185039624616,0.0,0.0,0.0,0.0,10.000955387981419,287.3555384550138,99865.26921376624,1.2107022619673427,339.82285126064784
20.1,121.67479828727433,-4.091038784444996,6.954775734803826,-14.681192717285649,0.0,0.0,0.0,0.0,16.752400528262523,287.3591138111327,99871.80015050605,1.21076637415578,339.8249653384517
20.15,121.62716309656086,6.9152411984850986,-9.293459502357871,-16.06327297988229,0.0,0.0,0.0,0.0,19.80448659221965,287.35942343987233,99872.36575119618,1.2107719264454968,339.8251484186853
20.2,121.17994954637133,13.542397359992323,-11.192232797771872,9.856962756409276,0.0,0.0,0.0,0.0,20.145032043575583,287.36233032794854,99877.67590769664,1.2108240539673312,339.82686722637555
20.25,120.21713837521533,12.471700828974805,4.362680757688097,15.343653976317107,0.0,0.0,0.0,0.0,20.248556054837703,287.36858860056105,99889.10898033965,1.2109362857329553,339.8305676376207
20.3,120.5093645653039,7.967002564970373,2.292254496847443,5.735485314782628,0.0,0.0,0.0,0.0,10.080840855040268,287.3666891303255,99885.63877642016,1.2109022210356128,339.82944451710466
20.35,120.18710462650427,8.581163696878853,5.067374332259006,-0.970546021670226,0.0,0.0,0.0,0.0,10.012822409093694,287.36878381992767,99889.46563847866,1.21093978679732,339.8306830668978
20.4,119.77770318618344,14.420196887889727,3.8096116199285563,9.116161035994372,0.0,0.0,0.0,0.0,17.480263470965795,287.3714449292898,99894.32748392028,1.2109875119081923,339.8322565233231
20.45,119.14641376081292,10.981589326781625,-13.181336908412566,-6.009008146590591,0.0,0.0,0.0,0.0,18.178314711241953,287.3755483105547,99901.82473492192,1.2110611059638572,339.8346827496608
20.5,119.43798150966282,6.01559057548752,-8.909140344002454,-10.851542527231931,0.0,0.0,0.0,0.0,15.27468778277807,287.37365312018716,99898.36199302773,1.2110271153397494,339.8335621733227
20.55,118.43049893138885,9.897108555715059,-9.086752210322675,0.2993942357744113,0.0,0.0,0.0,0.0,13.439176329069696,287.38020175694595,99910.32755629728,1.211144569566128,339.83743419473944
20.6,117.93373744697016,12.871184300885666,-3.4881027837381073,4.767177658560262,0.0,0.0,0.0,0.0,14.161928864584912,287.38343070659465,99916.22786808838,1.2112024861683,339.8393433639772
20.65,117.29007467492305,9.572116929083107,8.250266137235009,4.019996626223546,0.0,0.0,0.0,0.0,13.260945920789164,287.387614514613,99923.87342762788,1.2112775329005905,339.8418170928756
20.7,116.446288762646,-0.6254460829017741,10.274793543909583,-3.718523364539852,0.0,0.0,0.0,0.0,10.94486094864672,287.39309912304276,99933.89680876728,1.2113759180277914,339.8450599090374
20.75,116.38827138183682,-0.8586587565840459,6.981648388466965,-7.9033100869755035,0.0,0.0,0.0,0.0,10.580312821997778,287.39347623601805,99934.58603046737,1.2113826830576924,339.84528287879556
20.8,116.23885329943494,1.2540261481158588,1.0789678760935129,-12.91340717213519,0.0,0.0,0.0,0.0,13.018941510397557,287.39444745355365,99936.36107117859,1.2114001058627437,339.8458571148979
20.85,115.39993168192264,2.5330758506723194,-3.9542588189930896,-7.369521381635736,0.0,0.0,0.0,0.0,8.738562894848911,287.3999004440675,99946.32767518934,1.2114979313699725,339.84908119848933
20.9,115.827407156507,9.837474932563909,-5.664206444479671,-1.1662584417159687,0.0,0.0,0.0,0.0,11.411367422328583,287.3971218534827,99941.2490563334,1.2114480832819459,339.84743835912474
20.95,115.95732772197339,10.479329066886688,-5.744893688610314,-6.139856028788233,0.0,0.0,0.0,0.0,13.43569772061645,287.39627736980714,99939.70557753138,1.2114329335031684,339.84693905728267
21.0,115.68989576393153,6.8627782834570965,-3.7383594800842443,5.0062370688134,0.0,0.0,0.0,0.0,9.280919510446552,287.39801567753443,99942.88273650188,1.2114641183698678,339.8479668327159
21.05,115.26817191687776,0.7778324290396633,12.334091925149256,5.025743706123679,0.0,0.0,0.0,0.0,13.341399728114723,287.4007568825403,99947.89308812475,1.2115132962458453,339.84958756542056
21.1,114.39609538345076,-0.45589342842885394,3.3365390761669538,-14.109850548459425,0.0,0.0,0.0,0.0,14.5061440198536,287.40642538000753,99958.2545656255,1.2116149952958817,339.85293903019823
21.15,113.82323469701315,9.539091846975198,3.150805955090368,-5.346648469406497,0.0,0.0,0.0,0.0,11.380180195720474,287.4101489744694,99965.06141762054,1.2116818042109954,339.85514056487364
21.2,113.15236743815233,5.191024770097132,4.855440612978382,-6.122590440059606,0.0,0.0,0.0,0.0,9.3812661942102,287.41450961165197,99973.03328160732,1.211760046560689,339.85771872599065
21.25,112.64221552094747,10.233886533688864,0.03552199614949256,3.4188126641224335,0.0,0.0,0.0,0.0,10.789901548623725,287.4178255991138,99979.0957221201,1.2118195474825317,339.8596792405888
21.3,112.4715136304568,5.385971335985068,10.054211705953234,8.966522718288669,0.0,0.0,0.0,0.0,14.508424791057319,287.41893516140203,99981.1243413026,1.2118394575801066,339.8603352456898
21.35,112.08060675982999,2.847766147353778,11.970548722620373,1.466632596498398,0.0,0.0,0.0,0.0,12.391723847946018,287.42147605606107,99985.76999933658,1.2118850525927978,339.8618374908387
21.4,111.49689584545261,3.366286432580169,8.160927974972461,-3.240581641752876,0.0,0.0,0.0,0.0,9.403935300486026,287.42527017700456,99992.70732556794,1.2119531385322748,339.86408066465754
21.45,110.45816792757118,7.547464324301007,0.41136000761366665,-3.499998384187759,0.0,0.0,0.0,0.0,8.329671270330978,287.43202190847074,100005.05343199965,1.2120743063722017,339.86807241098296
21.5,110.16036670818265,7.831372942302053,4.745762787377839,-3.095344425507853,0.0,0.0,0.0,0.0,9.666117302619678,287.4339576163968,100008.5932637163,1.2121090466592268,339.86921682803427
21.55,109.91776750903203,8.74368299481331,6.670388560891532,-0.5039572470314281,0.0,0.0,0.0,0.0,11.009089370783379,287.4355345111913,100011.47700836185,1.2121373478646436,339.87014910699713
21.6,109.54620014249755,5.103294962602806,2.5363692929169437,-3.0195515592975117,0.0,0.0,0.0,0.0,6.449378286675019,287.4379496990737,100015.89391112054,1.212180695254785,339.87157698984885
21.65,109.37140627500442,9.86232889049959,4.50124705963083,0.4586356042423764,0.0,0.0,0.0,0.0,10.850672921699227,287.43908585921247,100017.97177877952,1.2122010872780153,339.87224869683274
21.7,109.38607871717844,8.532084407322797,1.9418061937152973,-3.3652813449936083,0.0,0.0,0.0,0.0,9.37508368808481,287.43899048833833,100017.79735831261,1.2121993755329201,339.87219231285826
21.75,108.75586984740075,11.856986023338884,2.9476876197811164,-1.7453728962779445,0.0,0.0,0.0,0.0,12.341932847351186,287.4430868459919,100025.28926592707,1.2122728998565662,339.87461410172835
21.8,108.43914594963617,11.08624444158852,-0.2731113790290427,-0.19660117163170554,0.0,0.0,0.0,0.0,11.091350578928358,287.44514555132736,100029.05464344034,1.2123098522437445,339.87583121297683
21.85,108.42006188189649,8.611967281793701,-2.7787021068630233,-4.02661938577933,0.0,0.0,0.0,0.0,9.904586288144705,287.44526959776766,100029.2815283745,1.2123120788221078,339.87590454937356
21.9,107.7329016488233,6.533352718059087,-4.026116961894889,-8.022840969424262,0.0,0.0,0.0,0.0,11.10226520806003,287.4497361392826,100037.45125428618,1.2123922533377072,339.878545163259
21.95,108.12645935724326,5.104247834579827,-3.0177182543807874,-7.39726429722171,0.0,0.0,0.0,0.0,9.480479339283793,287.4471780141779,100032.77213596935,1.2123463344411336,339.8770328053334
22.0,107.62925561507517,8.486304358415516,-2.195711828402401,-3.9174980836799373,0.0,0.0,0.0,0.0,9.601317791464064,287.45040983850197,100038.68356062313,1.2124043466051355,339.87894345163363
22.05,106.72403869747467,8.733144303856449,0.8314405441682737,-4.555958888633635,0.0,0.0,0.0,0.0,9.885133494565817,287.4562937484664,100049.44671920616,1.2125099699120379,339.88242197662447
22.1,106.02123700425292,5.517793238140209,6.932282847359247,-3.515422957721911,0.0,0.0,0.0,0.0,9.532092439036422,287.4608619594723,100057.80377842626,1.2125919796842024,339.8851226453625
22.15,106.13234614205099,4.898780732029541,5.102906663709943,-5.594319334265291,0.0,0.0,0.0,0.0,9.01854300276789,287.4601397500766,100056.48253505134,1.2125790141013997,339.8846956857035
22.2,105.67032661756294,3.9461294829038076,-7.39459583001669,-11.601243984617996,0.0,0.0,0.0,0.0,14.31226213342175,287.46314287698584,100061.97668751415,1.2126329289269526,339.8864710870003
22.25,105.92832267607339,8.334508383290585,-8.71779700179786,2.797202838104552,0.0,0.0,0.0,0.0,12.380967582269044,287.4614659026055,100058.90867086027,1.2126028221539311,339.88547968732064
22.3,105.39724677848234,9.753585009015428,-5.6780550233518206,5.6676755120819164,0.0,0.0,0.0,0.0,12.629143877815089,287.46491789593983,100065.22415923285,1.2126647965202293,339.8875204458695
22.35,104.96833491587931,6.345620860290199,-5.007133184003648,3.310819399770644,0.0,0.0,0.0,0.0,8.73497635502228,287.46770582304674,100070.32496124314,1.2127148505338887,339.88916861104565
22.4,104.47457884651598,4.052510858974873,-0.6420220222812265,7.420352621620056,0.0,0.0,0.0,0.0,8.479190384015858,287.47091523749765,100076.19717878842,1.2127724738234393,339.89106594097643
22.45,104.56929757115917,1.4253473652115816,-0.9480317570120154,6.0341861567814625,0.0,0.0,0.0,0.0,6.272302758836815,287.47029956578746,100075.07067185418,1.212761419610629,339.89070197124107
22.5,104.79132757421038,3.1582372454583774,1.2837629218940618,10.035002761414836,0.0,0.0,0.0,0.0,10.598291851040614,287.4688563707676,100072.4300690898,1.2127355077511057,339.8898487888692
22.55,104.39198089490368,1.7327963645377733,-5.405634774913637,12.934410805223639,0.0,0.0,0.0,0.0,14.125241712586618,287.4714521241831,100077.1795395564,1.212782113536153,339.8913833346551
22.6,103.42106339024373,2.3422137787538544,2.9785258723003816,16.948422587196138,0.0,0.0,0.0,0.0,17.366824981887948,287.4777630879634,100088.72752102742,1.21289543025397,339.8951141928343
22.65,102.28792134882688,-7.148105954018534,19.010695155201827,4.2240576985113805,0.0,0.0,0.0,0.0,20.744749033291356,287.48512851123263,100102.20634700084,1.2130276905967905,339.89946836499917
22.7,101.7175678909099,-0.3298135361282134,13.923157579483387,10.309677420080932,0.0,0.0,0.0,0.0,17.327796814882895,287.48883580870904,100108.99130849123,1.213094266428622,339.9016599642401
22.75,100.92772595141977,11.640462692599746,8.57124941759096,-5.338165917319107,0.0,0.0,0.0,0.0,15.409824906117112,287.49396978131574,100118.38793401943,1.2131864671791202,339.9046949308252
22.8,100.53841066229737,-0.7942021173236404,-0.09535946541102724,-11.043077734865339,0.0,0.0,0.0,0.0,11.07201048992835,287.496500330695,100123.01981964575,1.2132319151579753,339.9061908643272
22.85,100.22114260347388,6.278956079461953,0.9454724108358817,-11.680498250294367,0.0,0.0,0.0,0.0,13.294857912087434,287.4985625730774,100126.79465038035,1.2132689534337278,339.9074099534204
22.9,100.12211779528049,14.237337085547535,-7.868340280423315,-2.4206069887313832,0.0,0.0,0.0,0.0,16.44602943722084,287.49920623433064,100127.97286345821,1.2132805138926144,339.90779045116113
22.95,99.9758167402081,8.340302015349224,-11.151057229689052,-1.9609390884774625,0.0,0.0,0.0,0.0,14.06243212092978,287.50015719118863,100129.71359746263,1.213297593679336,339.9083526046734
23.0,99.68468393494972,8.150627905748557,-2.015945686440249,-11.277855582039692,0.0,0.0,0.0,0.0,14.060113754802554,287.5020495544228,100133.17765614038,1.2133315822673056,339.90947126321134
23.05,99.29542113337183,1.1692148139556244,7.1205516808336675,-5.865411785578994,0.0,0.0,0.0,0.0,9.299052367580549,287.50457976263306,100137.80947124859,1.2133770282770495,339.9109669740142
23.1,98.591095205152,-1.8298619932711215,5.441528188400878,-6.713381039982023,0.0,0.0,0.0,0.0,8.833352077641285,287.5091578811665,100146.19064485231,1.2134592608748038,339.9136732726478
23.15,97.50754295287766,7.860812053375444,-0.29731293005356363,-7.114069176910824,0.0,0.0,0.0,0.0,10.60616525284904,287.51620097080627,100159.08555660704,1.2135857778414267,339.9178366666538
23.2,97.15441606011667,10.747166632790574,-3.4105013137032496,4.791388240761972,0.0,0.0,0.0,0.0,12.251143257567874,287.5184962956092,100163.28826565211,1.2136270115757302,339.9191934950371
23.25,97.27913690141739,6.251984489806934,1.741455750495989,6.4684659690722155,0.0,0.0,0.0,0.0,9.163025165564447,287.51768561014075,100161.80389508113,1.2136124481160537,339.9187142776156
23.3,96.75235426786615,3.1305580861281346,13.49826464479514,1.8800701682365122,0.0,0.0,0.0,0.0,13.98349763789595,287.52110969725885,100168.07354300033,1.2136739606193785,339.92073834062757
23.35,96.4888789920865,-2.8270723213283078,9.589606165608155,-0.7141027309430659,0.0,0.0,0.0,0.0,10.023114637268742,287.5228222865514,100171.20948543765,1.2137047275697697,339.92175069020874
23.4,96.10761522482827,0.5580209678700477,8.368404864708944,1.8466863863265466,0.0,0.0,0.0,0.0,8.587889029890334,287.5253005010386,100175.74751394277,1.213749250160077,339.92321561251504
23.45,95.80437092976531,7.04601606566309,5.476369329009047,-4.443970007452748,0.0,0.0,0.0,0.0,9.96924434711242,287.5272715889565,100179.357027064,1.2137846628134612,339.92438075762374
23.5,95.49633483189406,4.972694348885721,-1.2273512861373392,-5.849176882368744,0.0,0.0,0.0,0.0,7.774763692116944,287.5292738235927,100183.02368477636,1.213820635859443,339.9255643100224
23.55,94.37918473753365,4.148288952993378,-2.95712480399394,-6.582982782221188,0.0,0.0,0.0,0.0,8.323974450642176,287.53653529920604,100196.32241139057,1.2139511056319139,339.92985664794423
23.6,94.8290932220365,8.695609686079498,-1.6647812383613758,3.5843829423367484,0.0,0.0,0.0,0.0,9.551592823270592,287.5336108940567,100190.96645965693,1.2138985604105341,339.928128006487
23.65,95.02904988882638,2.275036211896229,6.11650411675215,13.124440664702536,0.0,0.0,0.0,0.0,14.657365218107335,287.5323111757226,100188.58614274024,1.2138752078479471,339.9273597287921
23.7,95.0545231722151,-2.4260843792960225,7.180092511146459,8.022491823762119,0.0,0.0,0.0,0.0,11.036303228274207,287.53214559938056,100188.28290789032,1.2138722328958282,339.9272618546842
23.75,95.10258709699522,0.9677082424460647,2.8306701235907012,10.168777227816443,0.0,0.0,0.0,0.0,10.599678433803797,287.5318331838695,100187.7107552849,1.2138666196623193,339.9270771821533
23.8,94.75293835506638,4.499247182423612,-0.8439504882687259,8.674247349669939,0.0,0.0,0.0,0.0,9.808060191416638,287.53410590069205,100191.87303170982,1.2139074544844217,339.9284206098559
23.85,94.29870614795318,4.517175514520428,-3.080626911892256,6.857883058262714,0.0,0.0,0.0,0.0,8.770729550046818,287.5370584100383,100197.2804960986,1.2139605049831006,339.93016586240486
23.9,93.58308111759611,6.852090572495973,-5.448361354305138,6.341191732931769,0.0,0.0,0.0,0.0,10.80955592309768,287.5417099727356,100205.80022363456,1.2140440875618392,339.9329154211802
23.95,93.69376748850596,1.0407317248962689,-9.458604136936,7.976571852291765,0.0,0.0,0.0,0.0,12.416682860460021,287.5409905113247,100204.4824313216,1.2140311594809594,339.93249014589065
24.0,92.91764311756914,-9.3747167295352,-0.09017916704798176,5.66598603922466,0.0,0.0,0.0,0.0,10.954307090723967,287.5460353197358,100213.72298606216,1.2141218124156992,339.9354721324949
24.05,91.85174077402033,-14.169362348761986,-0.21408642563050395,-0.5394626941960924,0.0,0.0,0.0,0.0,14.181244034519057,287.55296368496886,100226.41476858535,1.2142463204578469,339.9395674470367
24.1,91.31829761045987,-6.571989752344464,4.751155940968415,-16.594984556340044,0.0,0.0,0.0,0.0,18.470464111805224,287.55643106553197,100232.76700669792,1.2143086356159272,339.94161697607035
24.15,91.01008335990753,-4.205498111786642,-3.29649298543022,-12.721677776235387,0.0,0.0,0.0,0.0,13.798339241140326,287.5584344581606,100236.43736880485,1.2143446413536167,339.9428011529307
24.2,90.70300497771177,0.18902300242745318,-7.318818813922748,-7.917466001896813,0.0,0.0,0.0,0.0,10.783649958046125,287.56043046764484,100240.09431267968,1.2143805152108607,339.9439809616173
24.25,90.38678286195425,-1.0017974494709143,-4.812076974939666,0.9184491097649803,0.0,0.0,0.0,0.0,5.000323160530628,287.5624859113973,100243.86026061725,1.2144174581149956,339.9451958966522
24.3,89.11504489126621,8.070972577900772,6.0503780989158145,-6.798730882768266,0.0,0.0,0.0,0.0,12.164309068310184,287.5707522082067,100259.00678128982,1.2145660386126957,339.95008190896505
24.35,88.27130964677356,21.579841996885172,-11.013552719034333,-3.471981992403919,0.0,0.0,0.0,0.0,24.475346433933364,287.57623648729594,100269.05677117182,1.2146646220980328,339.9533234977261
24.4,88.30332427217526,11.691111180170605,-19.647225743912074,3.9987227318845324,0.0,0.0,0.0,0.0,23.20959593672069,287.57602839223085,100268.67542023826,1.2146608813420987,339.95320049969496
24.45,87.92337902879508,11.091366636954461,2.2794840568034624,1.3131842461873913,0.0,0.0,0.0,0.0,11.39907515130076,287.5784980363128,100273.20131726886,1.2147052766958646,339.9546602208198
24.5,87.2302623872943,3.7177074464878355,17.286618495000422,6.966588327160147,0.0,0.0,0.0,0.0,19.004785728060334,287.5830032944826,100281.4581293031,1.2147862682967507,339.95732310681836
24.55,86.86549663108757,19.334998257664544,-0.9491823934516543,-10.173282243391894,0.0,0.0,0.0,0.0,21.868671117460302,287.58537427189793,100285.80365406955,1.2148288933193925,339.9587244926178
24.6,86.48372647065841,-2.3276404801487725,-2.126766553426055,-15.264231302901875,0.0,0.0,0.0,0.0,15.58646218505304,287.5878557779407,100290.35191888647,1.2148735066320822,339.96019120108906
24.65,85.91368105929313,10.272122808494046,4.385366238879044,-9.469386648524308,0.0,0.0,0.0,0.0,14.642992438061771,287.5915610731146,100297.14353449816,1.214940123951878,339.9623812254123
24.7,85.62804599223836,14.305737243371436,-4.679942611947224,-5.953737303520584,0.0,0.0,0.0,0.0,16.186505762728302,287.59341770105044,100300.54677813369,1.2149735052252437,339.96347858486376
24.75,85.00978997971781,7.600678511685541,4.259709965859941,-3.8645344706258906,0.0,0.0,0.0,0.0,9.53153028143438,287.5974363651318,100307.91340623364,1.2150457612670942,339.96585380307755
24.8,84.86577346488033,4.728163508705884,14.146136964306741,9.898511616780887,0.0,0.0,0.0,0.0,17.90109643026174,287.5983724724783,100309.62945100878,1.215062593056797,339.9664070838689
24.85,85.17178427605343,1.767415063789825,1.7303596725605008,8.84414325562944,0.0,0.0,0.0,0.0,9.183505350912068,287.5963834022056,100305.98317361495,1.2150268285548846,339.9652314544009
24.9,84.91190889379281,8.04777226438501,-6.161547278215711,5.767192158052271,0.0,0.0,0.0,0.0,11.661552583982617,287.5980725921903,100309.07971659444,1.2150572010041225,339.96622984147047
24.95,84.76871992315482,7.083378215496743,-10.045227131514766,3.1748454858353496,0.0,0.0,0.0,0.0,12.694899721006989,287.5990033204995,100310.7859166707,1.2150739361954348,339.9667799424072
25.0,83.60520450475929,8.690022401895671,-8.255099119890163,5.932169881359398,0.0,0.0,0.0,0.0,13.373622931949575,287.606566170719,100324.65091513455,1.2152099284385371,339.9712498830259
25.05,82.76714868545312,6.998842866514299,-0.7739723363614135,5.86286268065717,0.0,0.0,0.0,0.0,9.162750321811318,287.61201353354454,100334.63854489496,1.215307888020543,339.974469451348
25.1,82.08304738061715,9.04187512709784,7.687941489569249,6.708096838650541,0.0,0.0,0.0,0.0,13.63299355819492,287.61646019202595,100342.79200028208,1.2153878564778133,339.9770975483047
25.15,82.24193968230091,7.642445160551973,12.282784537141564,0.8039035017157816,0.0,0.0,0.0,0.0,14.488617078864328,287.61542739206504,100340.89819594866,1.2153692823022098,339.9764871370507
25.2,81.55468160409019,-0.7196435737492247,11.656368531920162,-0.1578257188504722,0.0,0.0,0.0,0.0,11.679628554997278,287.6198945695734,100349.08969034442,1.2154496228866485,339.97912734559816
25.25,81.26292001431688,0.6638351382576801,11.023483199978763,8.156752371175415,0.0,0.0,0.0,0.0,13.729183085518066,287.62179101990694,100352.56738821242,1.2154837310938766,339.98024818681745
25.3,81.92631904534309,4.012236250424964,3.095580919063509,6.066863030455669,0.0,0.0,0.0,0.0,7.904902781565628,287.61747892620525,100344.66004110339,1.2154061779030485,339.97769964524747
25.35,81.95447310483146,7.331013221721281,-5.879780308851489,-2.7971761548507583,0.0,0.0,0.0,0.0,9.805088769545925,287.61729592481856,100344.32447154912,1.2154028866989712,339.9775914870079
25.4,81.39403852014493,2.661395742013054,-1.7511574256706002,-10.19023797776522,0.0,0.0,0.0,0.0,10.676634753918254,287.62093874961903,100351.0044886161,1.2154684026758922,339.9797444779753
25.45,80.89178443854095,-3.543862506566013,2.145541705460297,-9.266981280352377,0.0,0.0,0.0,0.0,10.15082522387787,287.6242034011495,100356.99133773978,1.2155271195257416,339.9816739484938
25.5,80.46891396902846,2.906715510542731,3.420958712450404,-9.466296432926024,0.0,0.0,0.0,0.0,10.476770577212617,287.6269520592013,100362.03216155025,1.2155765575848418,339.9832984486609
25.55,80.27575044244111,8.667220213780757,-3.9612517053328107,-5.715267568608018,0.0,0.0,0.0,0.0,11.111998231099323,287.62820762212414,100364.33483392962,1.2155991409690365,339.9840405035257
25.6,79.30403661370397,12.374216150741214,-2.6093916966465374,2.5246855413974236,0.0,0.0,0.0,0.0,12.895898086396844,287.63452376201093,100375.91913237015,1.215712752102445,339.98777340404365
25.65,77.64305818596362,8.486237615311127,5.948383269241347,0.3146542997923293,0.0,0.0,0.0,0.0,10.368148325988091,287.6453201217912,100395.72301429526,1.215906969694018,339.9941540634842
25.7,77.90394048726034,5.396530588954291,6.819378068810366,-3.257858609040981,0.0,0.0,0.0,0.0,9.286554924157482,287.6436243868328,100392.6122995193,1.2158764632520436,339.9931518903528
25.75,77.33967092345532,6.321465591609195,7.175290724656223,3.967631952053303,0.0,0.0,0.0,0.0,10.353155437652374,287.6472921389975,100399.34064892733,1.2159424472177809,339.9953195146941
25.8,77.54408302819475,-0.918350576065676,12.718872809625847,-0.12260223369915041,0.0,0.0,0.0,0.0,12.752573255453498,287.6459634603167,100396.90319712833,1.2159185435718316,339.9945342734166
25.85,77.69152302792553,-3.1195040439118094,11.154971691667393,-2.0199503715422296,0.0,0.0,0.0,0.0,11.757759073283337,287.6450051003185,100395.14512212256,1.2159013023818428,339.99396788717445
25.9,77.39890408731534,-5.713584964142673,9.514518452214002,-8.79298070982751,0.0,0.0,0.0,0.0,14.15936525001727,287.6469071234324,100398.63433562014,1.215935520543154,339.9950919729486
25.95,76.72074144975757,0.5646842524510254,0.817260296343773,-12.849521515262339,0.0,0.0,0.0,0.0,12.887861958763207,287.65131518057655,100406.72118292165,1.216014826097402,339.99769709752195
26.0,76.15900978980132,9.38100993527371,-7.9106213915301336,-3.9542442476413004,0.0,0.0,0.0,0.0,12.892529843899625,287.6549664363663,100413.42003176679,1.2160805190007629,339.9998549437669
26.05,75.64923503855226,9.334957342650418,0.40173031179245894,3.0116605823645557,0.0,0.0,0.0,0.0,9.816970780025995,287.6582799722494,100419.49958931643,1.216140138042907,340.00181318994146
26.1,74.93140892068328,6.798259877347856,3.87335104659218,-2.4073810052539835,0.0,0.0,0.0,0.0,8.186248774289242,287.6629458420155,100428.06086622045,1.2162240928447443,340.00457062447083
26.15,74.37906199414375,6.241364794685541,2.1826052948089485,-7.416913534052036,0.0,0.0,0.0,0.0,9.936247115730989,287.66653609703803,100434.64892937835,1.2162886967123694,340.00669237724816
26.2,73.56341691809247,5.5956801346522,-0.48890285499406183,-8.04864107944512,0.0,0.0,0.0,0.0,9.81485024830711,287.6718377900324,100444.37809501965,1.2163841013859258,340.00982552373443
26.25,73.28980800678984,8.683585531514806,2.758181548667791,-0.7781141363288098,0.0,0.0,0.0,0.0,9.14427059681085,287.67361624795586,100447.64192375814,1.2164161062561247,340.0108765342162
26.3,72.68082443535359,5.768920423120051,4.706495396700437,2.856355207202026,0.0,0.0,0.0,0.0,7.974353066999489,287.67757464117017,100454.9066814056,1.2164873432375383,340.0132158035141
26.35,72.45522804808142,10.56022555843554,1.0719930108834461,-0.8926206827543297,0.0,0.0,0.0,0.0,10.651962473821385,287.67904101768744,100457.5980000596,1.2165137336029976,340.0140823756835
26.4,72.16852220688097,7.6933166717818775,0.03453052772729803,-6.42908913685344,0.0,0.0,0.0,0.0,10.026041137920242,287.68090460565526,100461.01842622203,1.2165472732115057,340.0151836813684
26.45,71.69053844076967,5.151076206057358,7.865123881575131,-2.3967112308498244,0.0,0.0,0.0,0.0,9.702473111388425,287.684011500135,100466.72102468646,1.2166031905909782,340.01701972336514
26.5,71.28204683168403,5.892265239583637,6.150764070722835,2.3944541228860254,0.0,0.0,0.0,0.0,8.847830177727557,287.68666669559406,100471.59475278194,1.2166509799234786,340.0185888226677
26.55,71.25611484076293,8.020651442869386,2.285617786719596,-1.9660713541627632,0.0,0.0,0.0,0.0,8.568566671540298,287.68683525353504,100471.90415476165,1.2166540137491721,340.0186884324715
26.6,70.46663137948991,4.60768175615085,4.434916199988973,-5.486269342926529,0.0,0.0,0.0,0.0,8.426052703966757,287.6919668960333,100481.32407640229,1.2167463794705353,340.0217209775118
26.65,70.23739069354843,6.813718805587781,6.883378649147034,-2.6303982279575053,0.0,0.0,0.0,0.0,10.036267255648179,287.6934569604919,100484.05945361141,1.2167732005197063,340.02260152629987
26.7,70.205094433658,6.12823353835482,3.561141012194585,-4.699801603105755,0.0,0.0,0.0,0.0,8.504416894644013,287.6936668861812,100484.44482832668,1.2167769792028127,340.0227255810259
26.75,69.60705852297224,6.323909096505059,5.795791890829705,-0.345159709257688,0.0,0.0,0.0,0.0,8.584996512961531,287.6975541196007,100491.5811005797,1.2168469514099156,340.0250227175111
26.8,69.69073271905158,8.223794572340179,0.5537371912768524,1.898085643281981,0.0,0.0,0.0,0.0,8.458141116952833,287.69701023732614,100490.58260433614,1.216837161063148,340.0247013145872
26.85,69.42382884341224,9.156414740743932,-5.030384383328592,0.5921191049720305,0.0,0.0,0.0,0.0,10.464000333668851,287.69874511251777,100493.76763481609,1.2168683905129545,340.0257265242845
26.9,69.22131385205614,8.834834578784914,-6.386899893933542,-3.451799648292246,0.0,0.0,0.0,0.0,11.435108792730063,287.7000614599616,100496.1843512303,1.2168920864631856,340.0265044065165
26.95,69.02881934536781,1.419611929852971,-3.140845631096316,-10.957042788233887,0.0,0.0,0.0,0.0,11.486383067482379,287.70131267425506,100498.48153162954,1.2169146102600186,340.02724379732115
27.0,69.062998220188,3.085202636895945,-7.035070051736974,-14.738357718946434,0.0,0.0,0.0,0.0,16.620164686163132,287.70109051156874,100498.07364654099,1.216910610963995,340.02711251293493
27.05,68.46988879183556,3.7189837179365974,-7.2588155776276135,-13.114402004517705,0.0,0.0,0.0,0.0,15.443729582597102,287.70494572285304,100505.15190742245,1.216980012574043,340.02939069680866
27.1,66.98349172556644,8.422051230943115,-0.0820811107530915,-14.103397946300104,0.0,0.0,0.0,0.0,16.426914435677652,287.7146073037838,100522.89257652189,1.2171539538990543,340.0351000075898
27.15,66.47260246440754,4.140359120879229,6.366845539408642,-8.402295907125586,0.0,0.0,0.0,0.0,11.325982177428806,287.71792808398135,100528.99080413846,1.217213743631613,340.0370623316076
27.2,65.97486041452856,6.326433468971139,-2.3468323490406906,-9.103703101062939,0.0,0.0,0.0,0.0,11.331760351513132,287.72116340730554,100534.9323882149,1.2172719968976191,340.0389741463379
27.25,65.40823680304982,10.314081266565406,-8.406611010103699,2.5408762973657915,0.0,0.0,0.0,0.0,13.546491553425465,287.72484646078016,100541.69656274338,1.2173383143166279,340.04115052033586
27.3,64.77301461887741,7.549203593392023,-2.8591001291937936,9.81793137849922,0.0,0.0,0.0,0.0,12.71049585957049,287.7289754049773,100549.28008360036,1.2174126637735783,340.04359036158615
27.35,64.42272857353248,5.231878966026691,1.6794872829780496,5.997601449760375,0.0,0.0,0.0,0.0,8.134153809647643,287.73125226427203,100553.46212800706,1.217453664421598,340.0449357767926
27.4,63.885004331673805,5.380439790588669,8.494516254969371,-0.47560919794885526,0.0,0.0,0.0,0.0,10.066386782518455,287.7347474718441,100559.88226003025,1.2175166065875487,340.0470011138313
27.45,63.328000118042084,3.967092421229178,8.795412458768045,-5.83475853790688,0.0,0.0,0.0,0.0,11.275704403455395,287.7383679992327,100566.53293430658,1.2175818081544914,340.04914048979987
27.5,62.826913153878344,7.348509088219801,6.6006196582291485,-6.511877950218434,0.0,0.0,0.0,0.0,11.831032082231504,287.7416250644998,100572.51625653359,1.2176404664658365,340.05106508386433
27.55,63.12644118228206,7.630069992051603,1.8940144046308645,-8.356790559369712,0.0,0.0,0.0,0.0,11.473500211431833,287.73967813231513,100568.93965166752,1.2176054028145378,340.04991464641404
27.6,62.512779900548196,8.05693913186649,2.4392886012853205,-11.435255421743955,0.0,0.0,0.0,0.0,14.199628995698674,287.74366693064644,100576.26737014967,1.21767724067856,340.0522716133784
27.65,62.58104429092129,9.413513181537201,3.1043452834940117,-5.670053845266829,0.0,0.0,0.0,0.0,11.419312617944712,287.743223212109,100575.45220490386,1.2176692491912378,340.0520094224562
27.7,62.04089167751675,8.732620676616142,4.886195357589391,-0.5476010171897274,0.0,0.0,0.0,0.0,10.021648358838934,287.74673420409613,100581.90247309612,1.2177324841758097,340.0540840434064
27.75,61.45229176941301,5.6131666630978865,3.594514207517127,-4.01028056966224,0.0,0.0,0.0,0.0,7.7788509834786295,287.7505601034988,100588.93165924693,1.2178013936843501,340.05634472656595
27.8,61.201600323727966,2.2199191400159988,4.112783042687747,-8.499108489861694,0.0,0.0,0.0,0.0,9.699374746181755,287.7521895978957,100591.92559096012,1.2178307439395364,340.05730757286534
27.85,60.86195559060771,4.749898057894,4.53510514058366,-9.343623489639459,0.0,0.0,0.0,0.0,11.42068343457062,287.75439728866104,100595.98197984365,1.217870509460753,340.05861206326506
27.9,60.48940296710458,8.307468047910975,0.12841497064768714,-4.645301937318013,0.0,0.0,0.0,0.0,9.51889415113955,287.7568188807138,100600.43154113188,1.2179141289720055,340.06004293887935
27.95,59.44441806065083,5.53808642443789,-0.11593999035129232,-1.866274513284978,0.0,0.0,0.0,0.0,5.845239420660457,287.7636112826057,100612.91310997699,1.218036485128254,340.0640564160534
28.0,59.18186181657963,6.517656305079603,2.223326255733643,-1.7091028934307668,0.0,0.0,0.0,0.0,7.095354540184155,287.7653178981922,100616.04934647698,1.2180672290340295,340.0650648092899
28.05,58.959332412413744,6.415010749778734,7.247751847547194,-1.8435892714501998,0.0,0.0,0.0,0.0,9.852973721938303,287.7667643393193,100618.70752402212,1.2180932864797174,340.0659194700967
28.1,58.83255228042062,4.51235681372325,6.396504201595602,3.039119937335708,0.0,0.0,0.0,0.0,8.397194770213218,287.76758841017727,100620.22197448146,1.2181081321979732,340.0664063891021
28.15,59.10124549962409,7.964169022315689,3.264292264810865,3.68143096634952,0.0,0.0,0.0,0.0,9.361438253073832,287.7658419042524,100617.0123249317,1.2180766688846694,340.06537442977327
28.2,58.34437334116981,8.302779203728509,-1.1302151624816852,6.062267547974617,0.0,0.0,0.0,0.0,10.342369972235392,287.77076157328236,100626.05368218465,1.218165298338792,340.0682813104671
28.25,57.97811200229626,6.177097782504596,-8.466867442617882,-1.4732259805179788,0.0,0.0,0.0,0.0,10.583703326112229,287.7731422719851,100630.42916138229,1.2182081891795213,340.06968798298186
28.3,58.167956369096444,0.6243217696956522,-10.041356155482571,-3.012854586576361,0.0,0.0,0.0,0.0,10.502185671240909,287.77190828360085,100628.16119850129,1.2181859574109524,340.0689588626558
28.35,57.513964970987004,0.5334279591417723,-9.952765117846857,-5.633801193100416,0.0,0.0,0.0,0.0,11.44909580543385,287.77615922768854,100635.97423678351,1.2182625445323094,340.07147058939125
28.4,57.37675953881186,-0.9238473750283707,-5.692149576189445,-10.495793117295035,0.0,0.0,0.0,0.0,11.975630836457775,287.7770510629977,100637.61345109751,1.218278612747938,340.0719975397664
28.45,56.50929208367728,-3.818964518644597,-4.974303210373902,-11.132620131336353,0.0,0.0,0.0,0.0,12.777457235774177,287.78268960145607,100647.97771812024,1.2183802061676536,340.0753291112679
28.5,55.93501921012375,-2.7762247200236465,-4.376933837588319,-9.08626324289633,0.0,0.0,0.0,0.0,10.460647840067312,287.7864223751342,100654.83945088166,1.2184474656800486,340.07753462981816
28.55,55.783507455018906,0.32392304502029756,11.016535856086023,6.297948687863524,0.0,0.0,0.0,0.0,12.693823146809873,287.78740720154235,100656.64986103322,1.218465211388053,340.07811651455
28.6,55.46431873861772,7.0315287764183605,-6.161328339284574,-15.91074842835048,0.0,0.0,0.0,0.0,18.45416699253391,287.78948192819894,100660.46392526329,1.2185025967895313,340.07934236363917
28.65,55.04266472407846,0.7339677049957934,-12.595167012881992,-18.084786249138148,0.0,0.0,0.0,0.0,22.050769472999885,287.79222267929345,100665.50255186763,1.21855198492019,340.0809617254804
28.7,55.11693919487065,6.850852891012847,1.2120100416666322,-11.77042896449898,0.0,0.0,0.0,0.0,13.672825299977921,287.7917398952333,100664.61498158515,1.2185432850762523,340.0806764750056
28.75,54.894672897908954,6.751783266911463,13.434055561218917,-4.170346040529626,0.0,0.0,0.0,0.0,15.602955239409734,287.79318462616357,100667.27105386773,1.2185693194942397,340.0815300861197
28.8,53.68789518471041,28.783709629629772,-6.137636695727396,-7.194373330463894,0.0,0.0,0.0,0.0,30.297384901500514,287.8010286812994,100681.69298392441,1.2187106787857367,340.0861646644182
28.85,52.666019395339916,19.921790449773273,-5.657169566757329,13.67543289548881,0.0,0.0,0.0,0.0,24.817307813514752,287.80767087393025,100693.90650063321,1.2188303888808185,340.0900890853868
28.9,51.86583769921379,6.88547468593356,13.452315465015703,0.7815321690324346,0.0,0.0,0.0,0.0,15.132261746089545,287.8128720549551,100703.47115462032,1.2189241343685062,340.09316207875275
28.95,51.625358231110134,6.140585841672415,10.257266517781657,-1.6436017172351887,0.0,0.0,0.0,0.0,12.067300340202477,287.81443517149773,100706.34577416089,1.2189523088789895,340.0940856033368
29.0,51.10750634994753,8.450577358079054,7.104372660574429,6.43078554034769,0.0,0.0,0.0,0.0,12.77651639732602,287.8178012087253,100712.53624605798,1.219012981959162,340.0960743256976
29.05,51.06222382998443,12.663854906688112,-0.6470510249278447,5.8225857279736,0.0,0.0,0.0,0.0,13.953293542605294,287.81809554510505,100713.07757411679,1.2190182875049118,340.09624822498614
29.1,50.82241020390913,8.368168098815953,1.5042045952431182,7.132185824993826,0.0,0.0,0.0,0.0,11.097609807369981,287.8196543336746,100715.94445571786,1.2190463856651312,340.09716918415216
29.15,50.11453812389743,7.465017245846074,-0.5422300940288671,5.227817937034376,0.0,0.0,0.0,0.0,9.129653681187925,287.82425550219466,100724.40718530426,1.2191293275582151,340.0998876193095
29.2,49.70247751178354,8.483252925849749,-3.961231112847017,-7.412127291821427,0.0,0.0,0.0,0.0,11.941380285523513,287.8269338961734,100729.33370425491,1.2191776109916712,340.1014700421849
29.25,49.42555687155356,0.1742789666238262,1.362510206158408,-11.091286672677219,0.0,0.0,0.0,0.0,11.176021084250003,287.8287338803349,100732.64462481496,1.2192100601450133,340.10253348731493
29.3,49.202398860763594,-3.2678836888869194,4.938673608321938,-6.23230093099205,0.0,0.0,0.0,0.0,8.597158583396794,287.830184407405,100735.3128123563,1.2192362099532679,340.1033904679632
29.35,49.17000491928219,-3.2476056356871403,8.453721992055112,-3.2823909404359677,0.0,0.0,0.0,0.0,9.632572250949341,287.8303949680246,100735.7001350978,1.2192400059331379,340.1035148683413
29.4,48.75681885912921,-3.082383393236653,10.833920470063433,-3.0403689999688526,0.0,0.0,0.0,0.0,11.66699463403203,287.83308067741564,100740.64055843264,1.2192884246061624,340.10510159630513
29.45,48.27422832076976,-2.868620523241758,10.719229798597516,-5.30361995587482,0.0,0.0,0.0,0.0,12.298750172999629,287.836217515915,100746.41109238898,1.2193449782154158,340.10695484379727
29.5,47.813479689077596,-1.0004111766717396,7.9142885692291465,-11.460028777518303,0.0,0.0,0.0,0.0,13.963131656651688,287.83921238202095,100751.9207034191,1.2193989740974032,340.10872420442666
29.55,47.348943228402845,7.864938449576656,6.695142757868171,-5.866597454204963,0.0,0.0,0.0,0.0,11.878516702583198,287.84223186901534,100757.47585613078,1.2194534157330932,340.11050810170684
29.6,47.176358203937916,7.603615594758158,7.419229078064555,-1.4144900826411322,0.0,0.0,0.0,0.0,10.717309010173132,287.8433536716744,100759.53977489879,1.2194736424147337,340.11117085452486
29.65,46.6806461296375,3.15786875199813,4.8568404361662365,-11.046631858322176,0.0,0.0,0.0,0.0,12.473536366665392,287.8465758001573,100765.46811261677,1.2195317404836763,340.11307445731813
29.7,46.500390292245825,3.459814503094212,-0.982785494112024,-13.397499726099863,0.0,0.0,0.0,0.0,13.87188461003421,287.8477474631004,100767.62390475208,1.219552867216018,340.1137666619747
29.75,46.40958327273295,5.957181838573595,-0.9344570798511391,-9.801420148433742,0.0,0.0,0.0,0.0,11.507782689034318,287.84833770872723,100768.70993675618,1.2195635102816775,340.11411537160023
29.8,45.889527208632146,5.827533294653844,-4.559870272128358,-2.013634976854331,0.0,0.0,0.0,0.0,7.6685909409063004,287.85171807314384,100774.92987560615,1.219624464987202,340.1161124411108
29.85,45.39020263356588,7.297246866143272,-3.4978816675886923,1.4339649083967352,0.0,0.0,0.0,0.0,8.218347969294323,287.8549636828818,100780.90215565695,1.2196829919905634,340.1180298885075
29.9,45.122207626085185,11.003380736585598,-1.104429905025224,3.2456740316535337,0.0,0.0,0.0,0.0,11.525127026160153,287.8567056504304,100784.10768634942,1.2197144051993707,340.119059006899
29.95,45.106560184138466,9.45251899969215,5.6816193231050836,4.514222783281843,0.0,0.0,0.0,0.0,11.91675798652146,287.85680735880305,100784.29485042952,1.2197162393435625,340.1191190940053
30.0,44.70786478645592,5.575862500540952,11.34857045503335,-1.4744405823405327,0.0,0.0,0.0,0.0,12.730053771632205,287.859398878888,100789.06386911622,1.2197629738825855,340.12065010442797
30.05,44.06534378673907,7.296635901546997,12.617704440551126,0.32234898785615984,0.0,0.0,0.0,0.0,14.579138167217568,287.86357526538615,100796.74980675295,1.2198382922139739,340.12311740294973
30.1,43.501818697484666,6.922718887092978,9.579129091456315,5.500429561265714,0.0,0.0,0.0,0.0,13.036045270669486,287.8672381784663,100803.49117348976,1.2199043533250917,340.12528134024416
30.15,43.211723286280964,2.096123730378787,4.17741737407886,2.0679506493437945,0.0,0.0,0.0,0.0,5.110867881136668,287.8691237986391,100806.96168404292,1.2199383617958883,340.12639530174533
30.2,42.336608497466,1.1768073179423983,5.081430964265222,-6.617286768270596,0.0,0.0,0.0,0.0,8.425811550330643,287.87481204476643,100817.43156751993,1.220040957663839,340.1297557057163
30.25,42.2983446529364,2.9545678791354626,8.166400328952317,-11.402038562441684,0.0,0.0,0.0,0.0,14.332691619669305,287.8750607597559,100817.88937669044,1.2200454437543458,340.129902636512
30.3,41.79253191352035,5.73695503367219,12.310665792804148,-0.999331147979732,0.0,0.0,0.0,0.0,13.61850975928781,287.8783485425621,100823.94134995823,1.2201047469199642,340.13184492017126
30.35,41.4820128764963,7.109821273632262,6.174837293224844,6.387271106156987,0.0,0.0,0.0,0.0,11.378726041360785,287.88036691630276,100827.65680920889,1.2201411542956944,340.133037284905
30.4,40.88240400108271,5.7926966889774665,0.21037189206343027,2.28649342633282,0.0,0.0,0.0,0.0,6.2311831502632025,287.88426437399295,100834.83163425862,1.2202114588932742,340.135339716379
30.45,41.30493528557228,7.317104892162273,2.5538738477295344,-0.6203751751913592,0.0,0.0,0.0,0.0,7.774777230957531,287.8815179206438,100829.77564866334,1.2201619164557098,340.1337172448052
30.5,40.18577406434344,6.844282043961329,8.408425543085368,0.43437186737306593,0.0,0.0,0.0,0.0,10.850552784539003,287.88879246858176,100843.16791715978,1.2202931431760604,340.1380146783787
30.55,40.16546394144875,4.520263911867225,5.247221913969504,2.758747670667588,0.0,0.0,0.0,0.0,7.454985738268372,287.88892448438054,100843.41096838887,1.2202955247296712,340.1380926661082
30.6,39.40905158298203,8.52990715908173,1.5555782860788938,-1.2964754029669843,0.0,0.0,0.0,0.0,8.766982857127775,287.8938411647106,100852.46329246047,1.2203842237505462,340.14099715979876
30.65,38.79745092936466,9.557145297665993,8.59019147865619,-1.839257320696349,0.0,0.0,0.0,0.0,12.981266632051424,287.8978165689591,100859.78307135325,1.2204559453536463,340.143345583252
30.7,39.34538218798781,10.549826000978065,1.5025489439699928,2.644178087080284,0.0,0.0,0.0,0.0,10.979442596786676,287.89425501577807,100853.22528253074,1.2203916900262677,340.1412416382211
30.75,38.192633921657574,9.65084539254221,-8.276511449605664,-6.0621073735393916,0.0,0.0,0.0,0.0,14.0850489659968,287.90174787950923,100867.02208504132,1.2205268746186912,340.14566794292466
30.8,38.02947053293038,7.359100384825726,-8.106218991124642,-9.294362789336308,0.0,0.0,0.0,0.0,14.361487543629014,287.9028084415359,100868.97504861532,1.220546009970002,340.14629445049087
30.85,38.05621565495131,8.53483469877694,-3.210295006495329,-6.3056722431586225,0.0,0.0,0.0,0.0,11.086518831550181,287.9026345982428,100868.65492415712,1.220542873360278,340.1461917558329
30.9,38.09381617101023,7.904465204789979,-1.2093815474835903,-7.113263712302394,0.0,0.0,0.0,0.0,10.702415360183295,287.9023901948884,100868.2048679707,1.2205384636639862,340.14604737909247
30.95,36.99619324513294,8.253535636020825,6.931539007359363,-7.6529803771355756,0.0,0.0,0.0,0.0,13.218743970530342,287.9095247439066,100881.34344153632,1.2206671952037276,340.15026195614456
31.0,36.85573589641064,-3.4703392081869837,12.289135611673064,-0.12200964420052268,0.0,0.0,0.0,0.0,12.770316936366493,287.9104377166733,100883.02481947909,1.2206836690884617,340.15080127084735
31.05,36.95911442452893,-0.8395430915255329,13.174427551092752,-1.2487264538781826,0.0,0.0,0.0,0.0,13.260078870735844,287.9097657562405,100881.78730013139,1.2206715440676448,340.150404327939
31.1,37.075914164192056,-3.5533605001073845,13.66641366274119,-0.784646810477615,0.0,0.0,0.0,0.0,14.142591836791274,287.90900655793274,100880.38913349723,1.2206578450158185,340.1499558509988
31.15,35.98631125520675,-0.7598170049157055,6.8487159813663325,5.52599020078319,0.0,0.0,0.0,0.0,8.832825152437556,287.91608897684114,100893.43297792002,1.2207856454754795,340.15413958545787
31.2,35.813916783702616,3.0434885451655007,3.75659482197221,4.772526981531897,0.0,0.0,0.0,0.0,6.7935146257641925,287.9172095409059,100895.4968701726,1.2208058667087758,340.154801521607
31.25,34.89122490182368,8.584049569028526,2.3274479438095113,2.765275300484067,0.0,0.0,0.0,0.0,9.313950205049906,287.9232070381381,100906.5438416768,1.220914099406688,340.1583443227824
31.3,34.50279884823699,10.384708044358803,4.641377978529874,0.004591555802105851,0.0,0.0,0.0,0.0,11.374733921658878,287.92573180748644,100911.19458360515,1.2209596643741139,340.1598357264928
31.35,34.557788680166794,11.158626019437012,8.670733526893319,6.543911621700223,0.0,0.0,0.0,0.0,15.573032262493768,287.9253743735789,100910.53616326707,1.2209532136209214,340.1596245875018
31.4,33.6002362164426,4.12333558609855,7.887880513883235,2.0311593358679243,0.0,0.0,0.0,0.0,9.12941200760317,287.9315984645931,100922.00190760217,1.221065546015717,340.1633011877766
31.45,32.805582869283846,5.175107500306502,6.49261440456204,-5.927567052966879,0.0,0.0,0.0,0.0,10.201560204864428,287.9367637113496,100931.51789697897,1.2211587743926042,340.16635229352136
31.5,31.752052482173873,5.386271735235329,2.4746541937399784,-9.047982891888589,0.0,0.0,0.0,0.0,10.816738463894671,287.94361165886585,100944.13506410393,1.221282382503909,340.1703973266169
31.55,31.505728423019097,9.654364593107843,0.5578446519044206,-6.412055518334693,0.0,0.0,0.0,0.0,11.603120370078004,287.94521276525035,100947.0852456311,1.2213112844763472,340.1713430816464
31.6,31.19509499729324,6.641818628209713,5.346373674159931,3.5397812146217404,0.0,0.0,0.0,0.0,9.231875064209484,287.9472318825176,100950.80574908458,1.2213477328139544,340.17253574712254
31.65,30.937617242616856,1.9327833825752934,9.118329603425032,4.256476569459767,0.0,0.0,0.0,0.0,10.246813121503509,287.94890548792296,100953.88968319634,1.221377944733475,340.1735243202087
31.7,30.425819458699916,2.623146318715596,9.734350663012185,-0.28079655923636215,0.0,0.0,0.0,0.0,10.085500788139175,287.95223217351844,100960.01995635868,1.2214379997491243,340.1754893339199
31.75,30.302727450225266,0.7905211948521504,5.652751616210247,-6.476307837224874,0.0,0.0,0.0,0.0,8.63255974764023,287.95303227157353,100961.49438761397,1.2214524438620153,340.17596193584467
31.8,30.519886955760462,5.536616007264943,0.6859037375033834,-6.690191003131197,0.0,0.0,0.0,0.0,8.711098461583425,287.9516207347875,100958.89320074936,1.22142696157759,340.17512816884346
31.85,29.886114895888763,7.5661020415268085,4.506943058556136,-6.637985878619711,0.0,0.0,0.0,0.0,11.028204403284253,287.9557402531767,100966.48482122459,1.2215013318295656,340.1775614815653
31.9,29.981864263166088,3.3403602204099205,8.952310171318347,-7.894655876900422,0.0,0.0,0.0,0.0,12.39465430015155,287.9551178822894,100965.3378605286,1.2214900958571828,340.1771938613105
31.95,29.650313051911464,-3.20739429321237,2.009314904438417,-10.237922558716212,0.0,0.0,0.0,0.0,10.915117170951486,287.95727296516253,100969.30948484414,1.2215290029814772,340.17846681780117
32.0,29.3901306373386,8.07925257981137,-6.081843289644128,-9.439036958088469,0.0,0.0,0.0,0.0,13.833241078804996,287.9589641508573,100972.42627688347,1.2215595357297349,340.1794657578629
32.05,29.118477184269118,10.524208730775024,-4.108692728290726,3.948312806267509,0.0,0.0,0.0,0.0,11.967852746443965,287.96072989830225,100975.68056657567,1.22159141524247,340.18050873651
32.1,28.52462456480476,9.843029102938168,-3.734915905180014,5.169309797102705,0.0,0.0,0.0,0.0,11.728451838093397,287.9645899403287,100982.79495728694,1.2216611082062971,340.1827887464619
32.15,28.003967142978134,11.87603812450726,-2.439479005850168,6.262978961651338,0.0,0.0,0.0,0.0,13.646107314132516,287.96797421357064,100989.03279897533,1.221722213678928,340.18478772162587
32.2,27.635627322864643,4.511719299418946,-2.071248486429345,2.8739068907432572,0.0,0.0,0.0,0.0,5.736289928686207,287.97036842240135,100993.4459572287,1.221765444243075,340.18620189230256
32.25,27.32823713988986,7.972764814166284,1.2083953629985653,3.9879130702440433,0.0,0.0,0.0,0.0,8.996035170626428,287.97236645859067,100997.12898436583,1.221801522289121,340.1873820539407
32.3,27.184619663036155,7.593181940544256,5.871214768214107,6.193414601950875,0.0,0.0,0.0,0.0,11.423045096136194,287.97329997219026,100998.84978923351,1.221818378793007,340.1879334424196
32.35,26.537319350626635,7.950552173806441,5.03885392180238,3.1345719713778335,0.0,0.0,0.0,0.0,9.921031708316887,287.9775074242209,101006.60594724891,1.2218943551824106,340.19041860195244
32.4,26.003679384111212,12.49486479458536,6.618719309496688,-0.9555370670851999,0.0,0.0,0.0,0.0,14.17187858469888,287.98097608400326,101013.00055358672,1.2219569934918941,340.19246737527624
32.45,25.042036845646365,9.386134998269783,3.3645118985820996,-5.7728853358638546,0.0,0.0,0.0,0.0,11.521530958274484,287.9872267605033,101024.5247412593,1.222069876664779,340.19615932318146
32.5,24.700674613044615,8.021850924498898,3.2966794300343323,-0.8427723745991811,0.0,0.0,0.0,0.0,8.713693407200122,287.9894456150152,101028.61583381877,1.222109949660032,340.1974698749333
32.55,24.28621825248914,9.215296415415414,1.2405964799301776,-0.477735725472185,0.0,0.0,0.0,0.0,9.310692727900312,287.9921395813588,101033.58311116624,1.2221586046295414,340.19906104156235
32.6,24.371966331814914,10.902382719170603,0.16498204366038882,1.8398508505009703,0.0,0.0,0.0,0.0,11.057767368781516,287.9915822188432,101032.55540051451,1.2221485381401065,340.19873184109093
32.65,23.94691993504915,8.589571786032833,-4.383714664477999,-2.689351879412138,0.0,0.0,0.0,0.0,10.011508940128273,287.99434502042214,101037.64976334371,1.2221984375482244,340.20036365847267
32.7,24.475270946755323,3.148578330174725,-2.272213183926737,-9.703277640799532,0.0,0.0,0.0,0.0,10.451320262478635,287.9909107388461,101031.31728194669,1.2221364106662382,340.1983352378728
32.75,23.5573599439889,-1.4400831839495103,2.5184332230544673,-9.368080024254347,0.0,0.0,0.0,0.0,9.807001010324818,287.996877160364,101042.31898909998,1.222244172307916,340.2018592313033
32.8,23.52728150170466,-3.1354904962423995,5.139350702597664,-6.584665349850491,0.0,0.0,0.0,0.0,8.921997762039576,287.9970726702389,101042.67951346388,1.2222477036036652,340.2019747061867
32.85,23.446181715915515,-0.044648620700611846,12.035614029562815,-3.4292062845355864,0.0,0.0,0.0,0.0,12.514689541088828,287.99759981884654,101043.65159188905,1.222257224990976,340.20228605816254
32.9,23.110009242171625,-0.6750707319385882,8.0777479015805,-1.7485845366877786,0.0,0.0,0.0,0.0,8.292362723407116,287.99978493992586,101047.68110386217,1.2222966933738915,340.2035766622803
32.95,22.557090204673127,-1.4578377176315898,1.5136267205930678,-10.085239411722263,0.0,0.0,0.0,0.0,10.301864426015255,288.0033789136696,101054.30891902905,1.2223616110423554,340.20569937030217
33.0,22.52111369324432,5.95638221654119,12.425241851004568,-12.13063208693102,0.0,0.0,0.0,0.0,18.358032546925173,288.0036127609939,101054.74018002,1.222365835099798,340.2058374870435
33.05,21.538992787476072,0.24306170470256586,13.09939990645532,-0.19806266378232482,0.0,0.0,0.0,0.0,13.103151747588024,288.0099965468814,101066.51372694047,1.2224811517367686,340.209607907089
33.1,20.501975090213293,8.314525336814834,7.329255214366846,-3.7978074671851365,0.0,0.0,0.0,0.0,11.716341371420798,288.01673716191357,101078.94657552658,1.2226029231647262,340.2135890337983
33.15,19.949163997853635,12.955876999305737,-4.5922075738172605,-4.402909958002076,0.0,0.0,0.0,0.0,14.433597449022814,288.02033043401394,101085.57475689998,1.2226678405990221,340.215711264952
33.2,19.438076570242732,9.915583827574654,-1.9690802925059572,4.672668345748682,0.0,0.0,0.0,0.0,11.136871612322604,288.0236525022934,101091.70298641306,1.2227278607068721,340.2176733079818
33.25,18.817579436667984,9.127971776069067,7.906101906455522,-1.5384233659387108,0.0,0.0,0.0,0.0,12.173457296628568,288.02768573366166,101099.14350497357,1.2228007324920007,340.2200553550402
33.3,18.78105481571821,2.436553606050107,10.656649480661512,-8.097177668776883,0.0,0.0,0.0,0.0,13.603869222709328,288.0279231436978,101099.58149361216,1.2228050220824482,340.2201955701011
33.35,17.825375156741625,5.281555676762137,5.744790128626063,-7.279691438661059,0.0,0.0,0.0,0.0,10.67198910376191,288.03413506148115,101111.04216771985,1.2229172648290554,340.22386432635415
33.4,17.980051299413415,11.010822973346798,-1.9127377531942282,-4.112048925534752,0.0,0.0,0.0,0.0,11.908221304160737,288.0331296665538,101109.18719358175,1.2228990978775804,340.2232705431802
33.45,17.720437557214574,12.464965963816724,-0.677133186456476,2.1817985276188683,0.0,0.0,0.0,0.0,12.672573955058615,288.0348171558781,101112.30066147773,1.2229295900294923,340.2242671686321
33.5,17.27348487675677,10.07540572907278,4.0393021722703075,0.4434255298838449,0.0,0.0,0.0,0.0,10.86399506833895,288.03772234830103,101117.66100961233,1.222982086876096,340.2259829585503
33.55,16.934351008352213,7.687068533561687,3.462288464034252,-2.372352962629914,0.0,0.0,0.0,0.0,8.758225997721103,288.0399267184457,101121.72842950195,1.2230219210097693,340.22728484109234
33.6,16.49320777610778,8.157978185929384,-0.0918166116268192,-4.031119872736081,0.0,0.0,0.0,0.0,9.1000530658144,288.0427941494553,101127.01950231098,1.223073738489081,340.2289783143723
33.65,17.121168039897054,3.400259076178516,0.7804575416440758,-13.337891689034459,0.0,0.0,0.0,0.0,13.786596043543815,288.03871240774066,101119.48781321879,1.222999977650695,340.22656767997813
33.7,16.507120868746117,1.0973527811557409,-0.1289842054402182,-12.998530576232811,0.0,0.0,0.0,0.0,13.045405980375719,288.04270371435314,101126.85262522653,1.2230721042064883,340.22892490452233
33.75,16.178738954399307,1.558575668759175,-0.8291408630835131,-10.650104164314367,0.0,0.0,0.0,0.0,10.79543196897786,288.0448381967964,101130.79137884467,1.2231106775891445,340.23018550114944
33.8,15.485984581908248,5.575002054052688,-1.4035879995781229,-9.468358969592028,0.0,0.0,0.0,0.0,11.077027071931585,288.0493411002176,101139.1009795572,1.2231920550364614,340.23284484003665
33.85,15.132300122834554,4.3049050079837325,4.844860234975812,-5.933016261201655,0.0,0.0,0.0,0.0,8.786669436134295,288.0516400492016,101143.34364396089,1.2232336037383316,340.23420255255445
33.9,15.378870217239198,-4.620499667584577,10.827720408256075,-1.070802597136765,0.0,0.0,0.0,0.0,11.8209629311469,288.0500373435879,101140.38586756907,1.2232046380674018,340.2332560277841
33.95,15.19624507335045,-5.60357973385143,8.412962960155099,-0.43853975748120216,0.0,0.0,0.0,0.0,10.117824307698951,288.0512244070232,101142.57657395558,1.2232260917940094,340.23395708313774
34.0,14.870234406476028,-2.3152193985197034,13.524956302991326,-0.22968041426195518,0.0,0.0,0.0,0.0,13.723608743832735,288.0533434763579,101146.48737768404,1.223264390323211,340.235208558497
34.05,13.804003351094199,-3.0649380467006755,6.781202212670402,1.6163473248227012,0.0,0.0,0.0,0.0,7.615190565816512,288.0602739782179,101159.27867436284,1.2233896536164321,340.239301527067
34.1,12.90805653060972,1.9860039632688573,8.00785220938343,3.198190123959345,0.0,0.0,0.0,0.0,8.848634291145599,288.066097632551,101170.02812810345,1.2234949191106954,340.24274078309634
34.15,12.742675951719221,6.960020472122538,3.6622596743842637,4.045618745038932,0.0,0.0,0.0,0.0,8.844267178528494,288.0671726063138,101172.01244395731,1.2235143505621031,340.24337562294926
34.2,12.948270800364558,12.705050568052874,-0.39761189177637324,3.5516766525986685,0.0,0.0,0.0,0.0,13.198136694165473,288.0658362397976,101169.54562268582,1.223490194156094,340.2425864139988
34.25,12.502933836840858,12.982470680377185,-2.789099624630915,-0.049936764390949406,0.0,0.0,0.0,0.0,13.278784408348809,288.0687309300605,101174.8890412977,1.2235425195684886,340.2442959093707
34.3,11.671379341748372,11.638858150102248,-0.2984433322812058,-0.8287991060193546,0.0,0.0,0.0,0.0,11.672146135947882,288.07413603427864,101184.86714004658,1.2236402286660635,340.2474879379649
34.35,10.952665780804068,11.549182391644012,1.7201166604486136,0.5259896465786849,0.0,0.0,0.0,0.0,11.688416503073501,288.0788076724248,101193.49186488708,1.2237246835670832,340.250246788033
34.4,10.471499848759114,8.374215509176377,2.0333885089736423,-0.8194669736964975,0.0,0.0,0.0,0.0,8.656424223866082,288.08193525098307,101199.26629726129,1.2237812271116209,340.25209377653
34.45,9.842413537094442,10.196089343329065,6.303532989961168,-2.392659563679261,0.0,0.0,0.0,0.0,12.223730438795808,288.0860243120089,101206.81631227913,1.2238551563284974,340.2545085524467
34.5,9.77282234242682,7.4912492533045105,5.112134857365084,-4.105761024688305,0.0,0.0,0.0,0.0,9.955401135407456,288.08647665477423,101207.65154296315,1.223863334784241,340.2547756803042
34.55,9.216855766501793,6.957123838001233,1.2218896297150934,-2.0642387410823284,0.0,0.0,0.0,0.0,7.35905346798591,288.0900904375177,101214.32443157794,1.223928674264849,340.2569097669072
34.6,9.134556025042306,10.451139007736412,-1.4710436560882463,-4.667689703559513,0.0,0.0,0.0,0.0,11.540260099575859,288.0906253858372,101215.31224966106,1.2239383466960068,340.25722567464516
34.65,9.002466650708287,7.792544569891654,-1.277297119204445,-5.326181310716693,0.0,0.0,0.0,0.0,9.524885624463092,288.0914839667704,101216.89769347056,1.2239538708692075,340.2577326993848
34.7,9.002227851151229,6.742154459574894,7.138413406497632,-4.484270426415486,0.0,0.0,0.0,0.0,10.794548345162722,288.0914855189675,101216.90055975466,1.2239538989349288,340.2577336160156
34.75,8.728668887897777,6.637137277378157,8.433733501249327,-7.131861794075183,0.0,0.0,0.0,0.0,12.885763642820988,288.09326365222864,101220.18410034198,1.2239860501968924,340.25878366902026
34.8,7.922032491903988,8.86904329776274,2.1941551670935455,-4.8391266393026555,0.0,0.0,0.0,0.0,10.33882936052637,288.0985067888026,101229.8666955667,1.2240808575713609,340.26187991489155
34.85,7.518958480440857,8.455825511045946,0.2119929322160154,-2.651756241182085,0.0,0.0,0.0,0.0,8.864408453992468,288.1011267698771,101234.70534306028,1.2241282346633526,340.2634270899688
34.9,6.773340472504755,9.9619841462142,1.6049012395893723,-0.2916744950273552,0.0,0.0,0.0,0.0,10.094647598074339,288.1059732869287,101243.65650729649,1.2242158778811643,340.26628908079925
34.95,6.604063370324182,9.592304552267487,4.221390144124159,-0.21068427533627448,0.0,0.0,0.0,0.0,10.482214901261761,288.1070735880929,101245.68877272263,1.2242357761243956,340.26693883309747
35.0,6.426195493688274,6.295052161431572,3.6679655442647086,1.5424875282706496,0.0,0.0,0.0,0.0,7.447208921732216,288.108229729291,101247.82421074629,1.2242566844655298,340.26762155884035
35.05,6.431866029710389,7.484095479979503,4.722540138164181,3.6574255672127465,0.0,0.0,0.0,0.0,9.575533002905,288.1081928708069,101247.75613112132,1.2242560178906903,340.2675997931498
35.1,5.761398378841508,8.624227515503101,2.4328435781027715,1.1837034718513784,0.0,0.0,0.0,0.0,9.038649347327823,288.1125509105375,101255.80592446016,1.224334833681274,340.27017329530617
35.15,6.142686283136575,8.199560780015618,2.4368121234691356,-6.538921875743155,0.0,0.0,0.0,0.0,10.767002814494331,288.1100725391596,101251.22802806285,1.224290011493721,340.26870977407265
35.2,5.029452134879191,5.640429309875621,2.126842283102666,-8.635807732341334,0.0,0.0,0.0,0.0,10.53162267112071,288.11730856112325,101264.5944360299,1.2244208809250334,340.2729827527578
35.25,4.82902168056415,9.950644076043806,3.9129113354319527,0.32775789719735077,0.0,0.0,0.0,0.0,10.697364997336157,288.1186113590763,101267.00112125963,1.2244444442384537,340.2737520686425
35.3,4.130596038197591,11.026165649363612,2.0003852112465332,2.121291810513132,0.0,0.0,0.0,0.0,11.405163254681188,288.1231511257517,101275.38788672423,1.224526556338983,340.27643283499054
35.35,4.1339743749659155,10.900929559513317,2.3185700831554747,-5.415583208907903,0.0,0.0,0.0,0.0,12.390906907267926,288.1231291665627,101275.34731796243,1.2245261591465084,340.2764198679752
35.4,3.8921575581119012,8.470334679771485,4.2824005498466535,-6.668076511002044,0.0,0.0,0.0,0.0,11.599515869778514,288.12470097587226,101278.25120878713,1.2245545899003691,340.27734802830145
35.45,3.5987591913779475,8.93056815362458,7.085992966161882,2.7967952771765217,0.0,0.0,0.0,0.0,11.738330702679411,288.126608065256,101281.77461434434,1.2245890858499207,340.27847416959014
35.5,3.0254193337900372,10.2532977263906,5.434008930650681,3.882594857521469,0.0,0.0,0.0,0.0,12.236548130582014,288.1303347743303,101288.66010903362,1.2246564977193275,340.28067479032677
35.55,2.659792086099515,8.239966128905746,1.692365759618341,-4.552834553535561,0.0,0.0,0.0,0.0,9.565011559936028,288.1327113514403,101293.05128805227,1.2246994887409968,340.28207815105884
35.6,2.333338941958936,7.318631613850227,4.768278903841034,-3.464339605948596,0.0,0.0,0.0,0.0,9.396834643081014,288.1348332968772,101296.9721168005,1.2247378745861481,340.28333114775995
35.65,2.0331780025396857,6.429501959120156,2.8495447172069,0.8295196383506422,0.0,0.0,0.0,0.0,7.081419587067345,288.13678434298345,101300.57727442558,1.2247731696865294,340.2844832253077
35.7,1.5058622162054278,9.574038261723071,7.205059149170544,3.593687099621045,0.0,0.0,0.0,0.0,12.509583244455676,288.14021189559463,101306.91098342715,1.2248351771857229,340.28650715901534
35.75,0.9592912378523328,5.808794582973472,2.5714771324336736,-4.75968892931785,0.0,0.0,0.0,0.0,7.937835212051342,288.14376460695394,101313.47630932568,1.224899451453651,340.2886049849401
35.8,0.8102767112740432,7.5390807045614165,14.261779659922869,-0.7974396160392418,0.0,0.0,0.0,0.0,16.15153264799687,288.1447332013767,101315.26630849601,1.2249169753337157,340.2891769240351
35.85,0.21187775609128168,5.21582831269383,-5.883393995166481,-10.573206290256458,0.0,0.0,0.0,0.0,13.176186138112131,288.1486227945854,101322.45468192994,1.2249873480657698,340.29147365524756
35.9,-0.38413137260120933,8.371184930599679,15.188589533265729,5.802618755996578,0.0,0.0,0.0,0.0,18.287710998913223,288.15,101325.0,1.2250122659906946,340.29228686527705
35.95,-0.42571031953410043,6.391953731790342,-41.94571425917997,-35.404266840493975,0.0,0.0,0.0,0.0,55.26085529319125,288.15,101325.0,1.2250122659906946,340.29228686527705
36.0,-0.6859036515478887,-8.771027875457758,-79.19670360613566,-90.58811443503697,0.0,0.0,0.0,0.0,120.64516264221085,288.15,101325.0,1.2250122659906946,340.29228686527705
36.05,-1.1214734673244984,8.82787688182552,17.3852913417779,9.850973416985854,0.0,0.0,0.0,0.0,21.845398658329152,288.15,101325.0,1.2250122659906946,340.29228686527705
36.1,-1.0307788694765603,5.903660552384793,-9.984307967067672,-14.837319774204643,0.0,0.0,0.0,0.0,18.833100424015143,288.15,101325.0,1.2250122659906946,340.29228686527705
36.15,-0.7305876070902646,6.9958348737277944,5.056165077791105,-3.483276772156075,0.0,0.0,0.0,0.0,9.308046408660754,288.15,101325.0,1.2250122659906946,340.29228686527705
36.2,-1.0745416087462347,6.095718503616496,-4.585153353401857,-10.58111470554971,0.0,0.0,0.0,0.0,13.043826269984784,288.15,101325.0,1.2250122659906946,340.29228686527705
36.25,-0.8176439357519677,6.4430835395880335,1.363653251692666,-6.293928131646689,0.0,0.0,0.0,0.0,9.109687536644483,288.15,101325.0,1.2250122659906946,340.29228686527705
36.3,-0.6804190790578702,6.345938347431257,-2.2124442153976114,-8.854930332211683,0.0,0.0,0.0,0.0,11.116457803813562,288.15,101325.0,1.2250122659906946,340.29228686527705
36.35,-0.735382456690792,6.667530611577309,0.15276793873369188,-7.009005853132935,0.0,0.0,0.0,0.0,9.67499175961805,288.15,101325.0,1.2250122659906946,340.29228686527705
36.4,-0.4730623116560831,6.128786018937397,-1.5296632500899598,-8.47839637493469,0.0,0.0,0.0,0.0,10.572846958842447,288.15,101325.0,1.2250122659906946,340.29228686527705
36.45,-0.34800150496929266,7.210561360364838,0.07028932718978453,-6.9287426387260735,0.0,0.0,0.0,0.0,10.00023051108343,288.15,101325.0,1.2250122659906946,340.29228686527705
36.5,-0.2921346238580166,6.19983905921125,-1.011113691939722,-8.07261856508017,0.0,0.0,0.0,0.0,10.22875973690977,288.15,101325.0,1.2250122659906946,340.29228686527705
36.55,-0.6617486200805334,7.360828999817909,0.05113430751524195,-6.961436268918424,0.0,0.0,0.0,0.0,10.131436877767056,288.15,101325.0,1.2250122659906946,340.29228686527705
36.6,-0.8380334868279987,6.043133045715774,-1.129220331168697,-8.116932757051906,0.0,0.0,0.0,0.0,10.182298018966495,288.15,101325.0,1.2250122659906946,340.29228686527705
36.65,-0.6488427951272768,6.306363743221051,-0.9373971541413386,-7.861231325908044,0.0,0.0,0.0,0.0,10.121654758281535,288.15,101325.0,1.2250122659906946,340.29228686527705
36.7,-0.44215777655751715,6.889843258171278,-0.3005894310738793,-7.356475094940431,0.0,0.0,0.0,0.0,10.083551951109309,288.15,101325.0,1.2250122659906946,340.29228686527705
36.75,-0.728543087133224,6.071614526845783,-1.1386061827332496,-8.130240185323636,0.0,0.0,0.0,0.0,10.210863453842405,288.15,101325.0,1.2250122659906946,340.29228686527705
36.8,-0.7684381099636237,6.9474488793409375,-0.2407154890210707,-7.362660235467816,0.0,0.0,0.0,0.0,10.125895299708036,288.15,101325.0,1.2250122659906946,340.29228686527705
36.85,-0.7763349194756491,7.716841494917194,0.4872805291430989,-6.560493325736196,0.0,0.0,0.0,0.0,10.140372658279723,288.15,101325.0,1.2250122659906946,340.29228686527705
36.9,-0.6546893183002549,6.657349294368909,-0.5176933808288128,-7.620325888637942,0.0,0.0,0.0,0.0,10.132012273622344,288.15,101325.0,1.2250122659906946,340.29228686527705
36.95,-0.8729010851881893,6.403639116499678,-0.7860000307752242,-7.842441225833116,0.0,0.0,0.0,0.0,10.15520922302393,288.15,101325.0,1.2250122659906946,340.29228686527705
37.0,-0.2871780775084329,6.921509187075522,-0.29265976142833916,-7.3382099959411144,0.0,0.0,0.0,0.0,10.09169287618585,288.15,101325.0,1.2250122659906946,340.29228686527705
37.05,-0.4048239600468394,7.284127943260585,0.06312853274905539,-7.00861887444997,0.0,0.0,0.0,0.0,10.108572779217306,288.15,101325.0,1.2250122659906946,340.29228686527705
37.1,-0.6546336850390384,7.078948483496587,-0.2254957435132055,-7.2483339107836375,0.0,0.0,0.0,0.0,10.134135604211997,288.15,101325.0,1.2250122659906946,340.29228686527705
37.15,-0.7210324776617388,7.364326007700744,0.16183933591467486,-6.79027982134965,0.0,0.0,0.0,0.0,10.01835263756348,288.15,101325.0,1.2250122659906946,340.29228686527705
37.2,-0.7774231912784846,7.070704199536719,-0.12263514371144668,-7.189803090868914,0.0,0.0,0.0,0.0,10.084798745700754,288.15,101325.0,1.2250122659906946,340.29228686527705
37.25,-0.7734234629341381,6.803356716209206,-0.4426135574098892,-7.389076801796388,0.0,0.0,0.0,0.0,10.053856242857139,288.15,101325.0,1.2250122659906946,340.29228686527705
37.3,-0.4458073736773105,7.5266689715184825,0.34060115817158576,-6.693685432491758,0.0,0.0,0.0,0.0,10.078302417814188,288.15,101325.0,1.2250122659906946,340.29228686527705
37.35,-0.4644912171524692,6.465608561561947,-0.6870633793035139,-7.770813997740397,0.0,0.0,0.0,0.0,10.132211029484196,288.15,101325.0,1.2250122659906946,340.29228686527705
37.4,-0.442410934474067,6.0732276843412,-1.1474325848863063,-8.105782186105088,0.0,0.0,0.0,0.0,10.193350817630375,288.15,101325.0,1.2250122659906946,340.29228686527705
37.45,-0.4208775969084436,7.447955091285084,0.212438815578414,-6.804970988983434,0.0,0.0,0.0,0.0,10.090827292797648,288.15,101325.0,1.2250122659906946,340.29228686527705
37.5,-0.2239523217389624,6.951828424993212,-0.3786438211700609,-7.351589021940692,0.0,0.0,0.0,0.0,10.125075344972636,288.15,101325.0,1.2250122659906946,340.29228686527705
37.55,-0.7512785304714522,6.338381128057528,-0.8697456216529664,-7.900644545328677,0.0,0.0,0.0,0.0,10.16620465082875,288.15,101325.0,1.2250122659906946,340.29228686527705
37.6,-0.5837480939721179,7.037119881014838,-0.24010821974510135,-7.217968729703282,0.0,0.0,0.0,0.0,10.083540090659524,288.15,101325.0,1.2250122659906946,340.29228686527705
37.65,-0.48968372390903636,6.401814857970494,-0.7943320646448451,-7.867622361277626,0.0,0.0,0.0,0.0,10.17416721527273,288.15,101325.0,1.2250122659906946,340.29228686527705
37.7,-1.0994395080221273,6.238520278680929,-0.9976362761430297,-8.022428120022889,0.0,0.0,0.0,0.0,10.21145270507207,288.15,101325.0,1.2250122659906946,340.29228686527705
37.75,-0.3910030753602328,6.573764894251409,-0.6125651459725062,-7.607960391221041,0.0,0.0,0.0,0.0,10.073265719583732,288.15,101325.0,1.2250122659906946,340.29228686527705
37.8,-0.9013393983934568,6.652666101509972,-0.49732617279040353,-7.556557068860989,0.0,0.0,0.0,0.0,10.08002253545473,288.15,101325.0,1.2250122659906946,340.29228686527705
37.85,-0.9036863591473108,6.725742885779906,-0.47938699748518954,-7.460889772464845,0.0,0.0,0.0,0.0,10.056356470205667,288.15,101325.0,1.2250122659906946,340.29228686527705
37.9,-0.9952834093095988,5.768429460317596,-1.3777415904907784,-8.401674225652304,0.0,0.0,0.0,0.0,10.284020620497522,288.15,101325.0,1.2250122659906946,340.29228686527705
37.95,-0.6429334068332125,7.337677374900456,-0.003034139669742475,-6.96313319116475,0.0,0.0,0.0,0.0,10.115668158951724,288.15,101325.0,1.2250122659906946,340.29228686527705
38.0,-0.7567459707321168,7.401436372964039,0.09359222668091932,-6.857760470862914,0.0,0.0,0.0,0.0,10.09053509798465,288.15,101325.0,1.2250122659906946,340.29228686527705
38.05,-0.549899770313646,6.294051292532178,-0.8903435775461771,-7.970696743112061,0.0,0.0,0.0,0.0,10.195087048660296,288.15,101325.0,1.2250122659906946,340.29228686527705
38.1,-0.5580160355761925,6.636201409761791,-0.5629189198921976,-7.613108551518044,0.0,0.0,0.0,0.0,10.115110907869186,288.15,101325.0,1.2250122659906946,340.29228686527705
38.15,-0.7428605088797515,6.522809477381928,-0.6285801926144658,-7.674087239950982,0.0,0.0,0.0,0.0,10.09127204583987,288.15,101325.0,1.2250122659906946,340.29228686527705
38.2,-0.30790116617381325,6.862616078811625,-0.2748818285163499,-7.373392089797449,0.0,0.0,0.0,0.0,10.076605101655018,288.15,101325.0,1.2250122659906946,340.29228686527705
38.25,-0.6163706496804187,6.907828220397392,-0.3779056867546214,-7.351713351498051,0.0,0.0,0.0,0.0,10.094978585078563,288.15,101325.0,1.2250122659906946,340.29228686527705
38.3,-0.5669256556512732,7.2288929335629994,0.011217590638969765,-7.086431449799118,0.0,0.0,0.0,0.0,10.122970392723612,288.15,101325.0,1.2250122659906946,340.29228686527705
38.35,-0.8167205633321303,6.859815580092313,-0.345264838323006,-7.402644611406448,0.0,0.0,0.0,0.0,10.098288213565919,288.15,101325.0,1.2250122659906946,340.29228686527705
38.4,-0.25231049339436706,6.912477774093435,-0.3609784665562071,-7.362819488192747,0.0,0.0,0.0,0.0,10.105630373527616,288.15,101325.0,1.2250122659906946,340.29228686527705
38.45,-0.5768755757661391,6.732502116054565,-0.4670770380433736,-7.499086383217397,0.0,0.0,0.0,0.0,10.088659092520826,288.15,101325.0,1.2250122659906946,340.29228686527705
38.5,-0.3871623191586999,6.6088005482171175,-0.6121611097121848,-7.65359795525566,0.0,0.0,0.0,0.0,10.13057488847758,288.15,101325.0,1.2250122659906946,340.29228686527705
38.55,-0.4514565058436544,7.022445388350406,-0.23296771596285842,-7.295333193701867,0.0,0.0,0.0,0.0,10.128716581886035,288.15,101325.0,1.2250122659906946,340.29228686527705
38.6,-0.8257499161449344,7.609362254891824,0.3857032230407067,-6.682906472146741,0.0,0.0,0.0,0.0,10.134712616443409,288.15,101325.0,1.2250122659906946,340.29228686527705
38.65,-0.5745641081310302,6.555616277303823,-0.7682443335766372,-7.771854408364354,0.0,0.0,0.0,0.0,10.196471207046871,288.15,101325.0,1.2250122659906946,340.29228686527705
38.7,-0.7898252717065457,6.656097608819715,-0.5338937188747828,-7.5553580298665155,0.0,0.0,0.0,0.0,10.08325903865699,288.15,101325.0,1.2250122659906946,340.29228686527705
38.75,-0.8763896396412086,6.601572008374355,-0.649197037714905,-7.613461569368836,0.0,0.0,0.0,0.0,10.097871401626474,288.15,101325.0,1.2250122659906946,340.29228686527705
38.8,-0.8075515728570769,6.768733537837337,-0.4208446792687667,-7.532838869518114,0.0,0.0,0.0,0.0,10.1359027907945,288.15,101325.0,1.2250122659906946,340.29228686527705
38.85,-0.5686881686980256,6.690162222902059,-0.42683649053925055,-7.538186279547362,0.0,0.0,0.0,0.0,10.087849738351467,288.15,101325.0,1.2250122659906946,340.29228686527705
38.9,-0.44181275077033333,6.437180923065758,-0.8179875894648154,-7.805655094047035,0.0,0.0,0.0,0.0,10.150598671015548,288.15,101325.0,1.2250122659906946,340.29228686527705
38.95,-0.6589880167574292,7.635441713673428,0.4039043879890046,-6.5898446697052755,0.0,0.0,0.0,0.0,10.09401613275826,288.15,101325.0,1.2250122659906946,340.29228686527705
39.0,-1.234636120722552,5.538474080656388,-1.6812138560562895,-8.704900364393104,0.0,0.0,0.0,0.0,10.453538421315027,288.15,101325.0,1.2250122659906946,340.29228686527705
39.05,-1.128669003279427,6.438068662910479,-0.7271265372012878,-7.797519060874279,0.0,0.0,0.0,0.0,10.137985234461034,288.15,101325.0,1.2250122659906946,340.29228686527705
39.1,-0.9152499040371951,5.808348095188229,-1.4538355216550194,-8.44569188305681,0.0,0.0,0.0,0.0,10.352789802871222,288.15,101325.0,1.2250122659906946,340.29228686527705
39.15,-1.1877713273533912,6.757919634643557,-0.44817599413073866,-7.497415318803179,0.0,0.0,0.0,0.0,10.103542743643962,288.15,101325.0,1.2250122659906946,340.29228686527705
39.2,-0.7008203373909089,7.261439066347296,0.09424986922717865,-6.96002522572617,0.0,0.0,0.0,0.0,10.058793739552902,288.15,101325.0,1.2250122659906946,340.29228686527705
39.25,-0.8755622748484594,6.432729215701954,-0.7874073134441999,-7.784356606929975,0.0,0.0,0.0,0.0,10.128979377196167,288.15,101325.0,1.2250122659906946,340.29228686527705
39.3,-1.0798373835749198,7.594971659451836,0.28411759051065755,-6.747904069587336,0.0,0.0,0.0,0.0,10.163588276069996,288.15,101325.0,1.2250122659906946,340.29228686527705
39.35,-0.5117220486681231,6.722866011546068,-0.5545244978830526,-7.606318318212228,0.0,0.0,0.0,0.0,10.166636768662716,288.15,101325.0,1.2250122659906946,340.29228686527705
39.4,-0.9487348096938435,6.896137076453848,-0.32753168897978335,-7.340266187527365,0.0,0.0,0.0,0.0,10.076879045035962,288.15,101325.0,1.2250122659906946,340.29228686527705
39.45,-1.0236930688547263,7.1110009079694825,-0.11480674782273109,-7.173498235588817,0.0,0.0,0.0,0.0,10.10141531858206,288.15,101325.0,1.2250122659906946,340.29228686527705
39.5,-1.0373971836408757,7.045434703779742,-0.16149775898257956,-7.188365208030774,0.0,0.0,0.0,0.0,10.06661939557703,288.15,101325.0,1.2250122659906946,340.29228686527705
39.55,-0.8781005232617878,6.499199358440879,-0.7090599483838586,-7.722614042898591,0.0,0.0,0.0,0.0,10.1183558924726,288.15,101325.0,1.2250122659906946,340.29228686527705
39.6,-0.7778445900967893,7.763505981215578,0.5788517226944061,-6.4680399335515135,0.0,0.0,0.0,0.0,10.121394914696957,288.15,101325.0,1.2250122659906946,340.29228686527705
39.65,-0.8013504356688417,7.4832559357003925,0.3536806361685369,-6.754633917371798,0.0,0.0,0.0,0.0,10.087085245466364,288.15,101325.0,1.2250122659906946,340.29228686527705
39.7,-0.95257399730917,6.923356841640701,-0.2578685124059751,-7.366575131368589,0.0,0.0,0.0,0.0,10.112655204864929,288.15,101325.0,1.2250122659906946,340.29228686527705
39.75,-0.834338946176665,6.040477061555695,-1.1566226330951745,-8.267447483577836,0.0,0.0,0.0,0.0,10.304165514018397,288.15,101325.0,1.2250122659906946,340.29228686527705
39.8,-0.8108588660514611,7.266541136152391,-0.007483968931216001,-6.971058617973284,0.0,0.0,0.0,0.0,10.06967399414725,288.15,101325.0,1.2250122659906946,340.29228686527705
39.85,-1.1926836991146486,6.075819290407695,-1.1512318403965307,-8.170614119818023,0.0,0.0,0.0,0.0,10.24694344158309,288.15,101325.0,1.2250122659906946,340.29228686527705
39.9,-0.7265387692154469,6.7034417173065926,-0.5265322430933311,-7.525167455653446,0.0,0.0,0.0,0.0,10.091655577553617,288.15,101325.0,1.2250122659906946,340.29228686527705
39.95,-0.5966694803357512,6.956330457749493,-0.2691757908986874,-7.302864223474364,0.0,0.0,0.0,0.0,10.089341649003716,288.15,101325.0,1.2250122659906946,340.29228686527705
40.0,-0.5700097740991812,6.939226980211511,-0.3385197648562327,-7.282522211978081,0.0,0.0,0.0,0.0,10.064919099627566,288.15,101325.0,1.2250122659906946,340.29228686527705
40.05,-0.7484268322227986,7.248605316757828,0.05923361046496678,-6.970461265846025,0.0,0.0,0.0,0.0,10.05649630425022,288.15,101325.0,1.2250122659906946,340.29228686527705
40.1,-0.6498534747304232,6.541904727688477,-0.6252741059544854,-7.700198775376608,0.0,0.0,0.0,0.0,10.123267572974719,288.15,101325.0,1.2250122659906946,340.29228686527705
40.15,-0.7327103406585864,6.293170222554832,-0.8940893267537693,-8.012663210663074,0.0,0.0,0.0,0.0,10.227715233705881,288.15,101325.0,1.2250122659906946,340.29228686527705
40.2,-0.4719516943251136,6.868616952878146,-0.3702662018966028,-7.422272730222233,0.0,0.0,0.0,0.0,10.119541906007042,288.15,101325.0,1.2250122659906946,340.29228686527705
40.25,-1.0678532695700718,6.63614440869693,-0.5793557317446587,-7.619359224741621,0.0,0.0,0.0,0.0,10.120706530309045,288.15,101325.0,1.2250122659906946,340.29228686527705
40.3,-1.025760737743223,6.903949428729614,-0.35987871393367055,-7.352663516602516,0.0,0.0,0.0,0.0,10.092358059025463,288.15,101325.0,1.2250122659906946,340.29228686527705
40.35,-1.0017101264973567,6.778207871507135,-0.3735899890037536,-7.480488528208756,0.0,0.0,0.0,0.0,10.101553348367165,288.15,101325.0,1.2250122659906946,340.29228686527705
40.4,-0.8831338554166034,6.784288488864408,-0.32854755193461405,-7.417400809896882,0.0,0.0,0.0,0.0,10.057452389580538,288.15,101325.0,1.2250122659906946,340.29228686527705
40.45,-0.812145111793859,6.739394153207186,-0.4635310147617477,-7.43069333788097,0.0,0.0,0.0,0.0,10.04238507704011,288.15,101325.0,1.2250122659906946,340.29228686527705
40.5,-1.0062898479503017,6.097865163678003,-1.0887093207829333,-8.177782257092552,0.0,0.0,0.0,0.0,10.2589166184337,288.15,101325.0,1.2250122659906946,340.29228686527705
40.55,-0.8521942807113593,6.166000412542093,-1.0969303974857334,-8.042739074804143,0.0,0.0,0.0,0.0,10.193550373141777,288.15,101325.0,1.2250122659906946,340.29228686527705
40.6,-1.0411985607948955,6.987441368099701,-0.2454159490875561,-7.302788826806832,0.0,0.0,0.0,0.0,10.110157788562566,288.15,101325.0,1.2250122659906946,340.29228686527705
40.65,-0.6555136328076272,7.787635642989341,0.6119393465946467,-6.396097713152527,0.0,0.0,0.0,0.0,10.096128199862742,288.15,101325.0,1.2250122659906946,340.29228686527705
40.7,-0.30690000918779253,7.225795967052667,0.013799795665422443,-7.020863390785687,0.0,0.0,0.0,0.0,10.074961069101443,288.15,101325.0,1.2250122659906946,340.29228686527705
40.75,-0.8451978378850145,7.181176963924961,-0.002381915168027826,-7.075676023855841,0.0,0.0,0.0,0.0,10.081393725834479,288.15,101325.0,1.2250122659906946,340.29228686527705
40.8,-0.08431741088617462,6.44997492973136,-0.6888539389969395,-7.79124621907156,0.0,0.0,0.0,0.0,10.138057703013509,288.15,101325.0,1.2250122659906946,340.29228686527705
40.85,-0.13066643685873924,7.165351137610787,0.011501041620240127,-7.058458120957284,0.0,0.0,0.0,0.0,10.058042565257237,288.15,101325.0,1.2250122659906946,340.29228686527705
40.9,-0.8467010326759608,6.649536666407961,-0.5299375429982716,-7.587532326275795,0.0,0.0,0.0,0.0,10.102861895505804,288.15,101325.0,1.2250122659906946,340.29228686527705
40.95,-0.6925255122030568,6.482996273927347,-0.776541376441001,-7.835611231529323,0.0,0.0,0.0,0.0,10.199463739273218,288.15,101325.0,1.2250122659906946,340.29228686527705
41.0,-1.1929318981877808,7.659512811439397,0.4492652736781272,-6.62619227129529,0.0,0.0,0.0,0.0,10.137869589361996,288.15,101325.0,1.2250122659906946,340.29228686527705
41.05,-0.8793075337317016,7.094667618562643,-0.07876518439054009,-7.219315916506977,0.0,0.0,0.0,0.0,10.12220504013253,288.15,101325.0,1.2250122659906946,340.29228686527705
41.1,-0.6510183778809707,7.703351037148077,0.5229672679964801,-6.570018823770529,0.0,0.0,0.0,0.0,10.138059938155088,288.15,101325.0,1.2250122659906946,340.29228686527705
41.15,-0.5348563928579853,6.813678057336079,-0.2740651458355012,-7.436380341818238,0.0,0.0,0.0,0.0,10.0896517760211,288.15,101325.0,1.2250122659906946,340.29228686527705
41.2,-0.6405944102168154,7.148041197984035,-0.06353036015176966,-7.077202093606382,0.0,0.0,0.0,0.0,10.059091338112236,288.15,101325.0,1.2250122659906946,340.29228686527705
41.25,-1.009062162609747,6.41560215403912,-0.7476602777637433,-7.871262179448314,0.0,0.0,0.0,0.0,10.182127242746015,288.15,101325.0,1.2250122659906946,340.29228686527705
41.3,-0.8753593867481408,6.879398002166384,-0.33850132017026047,-7.365380429848028,0.0,0.0,0.0,0.0,10.084122613909262,288.15,101325.0,1.2250122659906946,340.29228686527705
41.35,-0.8538253666408021,7.464902561841406,0.2962357291783853,-6.809348480955086,0.0,0.0,0.0,0.0,10.108400100911794,288.15,101325.0,1.2250122659906946,340.29228686527705
41.4,-1.0496320357423128,7.153260491052009,-0.05412431871234408,-7.157450957479747,0.0,0.0,0.0,0.0,10.119346288345382,288.15,101325.0,1.2250122659906946,340.29228686527705
41.45,-0.6927945617065192,6.560315194207415,-0.6076530974880363,-7.670475314169819,0.0,0.0,0.0,0.0,10.111536445047511,288.15,101325.0,1.2250122659906946,340.29228686527705
41.5,-0.6063366156833289,7.545381453074008,0.4204758594190415,-6.6895119406053345,0.0,0.0,0.0,0.0,10.09252947601585,288.15,101325.0,1.2250122659906946,340.29228686527705
41.55,-0.8647631131441368,6.827882414426488,-0.391352003981768,-7.342209041937508,0.0,0.0,0.0,0.0,10.034000611509047,288.15,101325.0,1.2250122659906946,340.29228686527705
41.6,-0.7730496284228633,6.524719513772645,-0.7152567777608517,-7.792895746952048,0.0,0.0,0.0,0.0,10.188855731356771,288.15,101325.0,1.2250122659906946,340.29228686527705
41.65,-0.8291364141570536,7.347654574931279,0.17164445252945937,-6.898224633400702,0.0,0.0,0.0,0.0,10.079830983873139,288.15,101325.0,1.2250122659906946,340.29228686527705
41.7,-1.2213872439953466,6.253691319064833,-0.9789053916649759,-8.062674025630114,0.0,0.0,0.0,0.0,10.250542586787693,288.15,101325.0,1.2250122659906946,340.29228686527705
41.75,-0.9088127794695797,7.049351470791439,-0.21560082099775077,-7.265910202734985,0.0,0.0,0.0,0.0,10.1258723548627,288.15,101325.0,1.2250122659906946,340.29228686527705
41.8,-0.7274922399444599,6.88308733829036,-0.29554394075880325,-7.311536139098554,0.0,0.0,0.0,0.0,10.046033955785562,288.15,101325.0,1.2250122659906946,340.29228686527705
41.85,-0.7684240092119384,7.503212491566964,0.35714932305721175,-6.678975131422354,0.0,0.0,0.0,0.0,10.051590030374546,288.15,101325.0,1.2250122659906946,340.29228686527705
41.9,-0.501144359030568,6.5279966307662844,-0.65473203418036,-7.733903872194452,0.0,0.0,0.0,0.0,10.14182839295865,288.15,101325.0,1.2250122659906946,340.29228686527705
41.95,-0.6476452483575919,6.968674138315984,-0.2495715938731536,-7.260824680906798,0.0,0.0,0.0,0.0,10.0669896331211,288.15,101325.0,1.2250122659906946,340.29228686527705
42.0,-0.740672448976371,7.247836309274574,0.09191695441652925,-7.055683047287924,0.0,0.0,0.0,0.0,10.115445771508751,288.15,101325.0,1.2250122659906946,340.29228686527705
42.05,-1.0680638205177133,6.292688426955928,-0.8672001070388242,-7.894012774468586,0.0,0.0,0.0,0.0,10.132393663289363,288.15,101325.0,1.2250122659906946,340.29228686527705
42.1,-0.813127880367273,6.772556228280796,-0.4031421945579354,-7.5679606629769225,0.0,0.0,0.0,0.0,10.163860983436566,288.15,101325.0,1.2250122659906946,340.29228686527705
42.15,-0.6374199002368902,7.165907099825042,-0.02899700628347901,-7.121182619129424,0.0,0.0,0.0,0.0,10.102589137675913,288.15,101325.0,1.2250122659906946,340.29228686527705
42.2,-0.7305098228451041,6.379554174116621,-0.767866720600946,-7.827205140517905,0.0,0.0,0.0,0.0,10.126868769409683,288.15,101325.0,1.2250122659906946,340.29228686527705
42.25,-0.9574989103945266,6.921886796752122,-0.3295627658596525,-7.324159178121381,0.0,0.0,0.0,0.0,10.082878364343788,288.15,101325.0,1.2250122659906946,340.29228686527705
42.3,-0.5467089681415616,7.01844797202533,-0.11257302352141402,-7.235642312124818,0.0,0.0,0.0,0.0,10.080962468468087,288.15,101325.0,1.2250122659906946,340.29228686527705
42.35,-0.6515610378459051,6.982837391392868,-0.205478622797159,-7.246550883656629,0.0,0.0,0.0,0.0,10.065522301822476,288.15,101325.0,1.2250122659906946,340.29228686527705
42.4,-1.1460757371770354,7.102947679037045,-0.17224353774084672,-7.20419534244686,0.0,0.0,0.0,0.0,10.118397308841171,288.15,101325.0,1.2250122659906946,340.29228686527705
42.45,-0.6903304419424803,6.947854639442557,-0.28578511302713516,-7.33614131680054,0.0,0.0,0.0,0.0,10.108082243517776,288.15,101325.0,1.2250122659906946,340.29228686527705
42.5,-0.483179223198654,6.432925435556782,-0.7610902779059814,-7.719042541369215,0.0,0.0,0.0,0.0,10.076974041150654,288.15,101325.0,1.2250122659906946,340.29228686527705
42.55,-0.5688733821822035,6.413021856913727,-0.7341627446319559,-7.95661926818752,0.0,0.0,0.0,0.0,10.245664178165885,288.15,101325.0,1.2250122659906946,340.29228686527705
42.6,-0.7848053734795647,6.689576003261609,-0.519982111287287,-7.635573855164673,0.0,0.0,0.0,0.0,10.164782171652606,288.15,101325.0,1.2250122659906946,340.29228686527705
42.65,-0.42121318034140903,6.144229194539656,-0.9761699534708831,-8.085764741958572,0.0,0.0,0.0,0.0,10.202159165362652,288.15,101325.0,1.2250122659906946,340.29228686527705
42.7,-0.23303678024141306,6.2414674231368155,-0.9506020722355453,-8.044644400772105,0.0,0.0,0.0,0.0,10.226234078520333,288.15,101325.0,1.2250122659906946,340.29228686527705
42.75,-0.5242462686657486,6.58704517213304,-0.5394283584035447,-7.706965647555462,0.0,0.0,0.0,0.0,10.15270735056276,288.15,101325.0,1.2250122659906946,340.29228686527705
42.8,-0.5369422784018982,8.03875300295758,0.8170949658378581,-6.289602622710821,0.0,0.0,0.0,0.0,10.239545652877764,288.15,101325.0,1.2250122659906946,340.29228686527705
42.85,-1.0449672659291322,7.47131120376863,0.23178001580796603,-6.794370558964309,0.0,0.0,0.0,0.0,10.101370420482935,288.15,101325.0,1.2250122659906946,340.29228686527705
42.9,-0.422774667641316,7.101572399030605,-0.024023093124797334,-7.153473980564651,0.0,0.0,0.0,0.0,10.079935398517792,288.15,101325.0,1.2250122659906946,340.29228686527705
42.95,-0.5412447650734525,6.478979013253001,-0.6683927488744412,-7.742893242795515,0.0,0.0,0.0,0.0,10.118118090349075,288.15,101325.0,1.2250122659906946,340.29228686527705
43.0,-0.4969829957546975,6.744120183943587,-0.5069233961399128,-7.49728064253537,0.0,0.0,0.0,0.0,10.096996851438792,288.15,101325.0,1.2250122659906946,340.29228686527705
43.05,-0.6749380322872988,7.567330544010485,0.3833357453493441,-6.62987850934511,0.0,0.0,0.0,0.0,10.068104434532485,288.15,101325.0,1.2250122659906946,340.29228686527705
43.1,-0.6507023780375658,6.957930056589066,-0.24148743348943774,-7.274711118508512,0.0,0.0,0.0,0.0,10.06938571664976,288.15,101325.0,1.2250122659906946,340.29228686527705
43.15,-0.7289154141300851,6.510963809856599,-0.7038729948724862,-7.791274967871203,0.0,0.0,0.0,0.0,10.178018105267329,288.15,101325.0,1.2250122659906946,340.29228686527705
43.2,-0.3655753050882236,7.285196209358169,0.18798736729137938,-6.948697478024651,0.0,0.0,0.0,0.0,10.06944982112796,288.15,101325.0,1.2250122659906946,340.29228686527705
43.25,-0.8629471427071551,6.79018244051728,-0.38662123563180983,-7.476454292090038,0.0,0.0,0.0,0.0,10.107097621823103,288.15,101325.0,1.2250122659906946,340.29228686527705
43.3,-0.27100675881358616,6.05983640129614,-1.0605955386809702,-8.138828497254291,0.0,0.0,0.0,0.0,10.202304122837266,288.15,101325.0,1.2250122659906946,340.29228686527705
43.35,-0.5722133122143289,6.57602157686216,-0.7029834829087944,-7.676205770301011,0.0,0.0,0.0,0.0,10.132244597551018,288.15,101325.0,1.2250122659906946,340.29228686527705
43.4,-0.489986607048879,7.673739230288172,0.4111972962003651,-6.650510726230147,0.0,0.0,0.0,0.0,10.162905584062484,288.15,101325.0,1.2250122659906946,340.29228686527705
43.45,-0.7380991500206955,7.559372309014971,0.29812696853520043,-6.716000968188921,0.0,0.0,0.0,0.0,10.11620770844415,288.15,101325.0,1.2250122659906946,340.29228686527705
43.5,-0.6239674458080533,6.524540672975197,-0.6130766516160078,-7.6461450121183825,0.0,0.0,0.0,0.0,10.070204939344936,288.15,101325.0,1.2250122659906946,340.29228686527705
43.55,-0.5611672661935521,7.072711606742136,-0.10225918497720893,-7.12862070498881,0.0,0.0,0.0,0.0,10.042456849230286,288.15,101325.0,1.2250122659906946,340.29228686527705
43.6,-0.6536307209406683,6.380992719364673,-0.8221923058270896,-7.8287161983974904,0.0,0.0,0.0,0.0,10.133206086298525,288.15,101325.0,1.2250122659906946,340.29228686527705
43.65,-0.7688647718711229,6.8873436702762785,-0.2872618293545266,-7.367891121392112,0.0,0.0,0.0,0.0,10.089788985295359,288.15,101325.0,1.2250122659906946,340.29228686527705
43.7,-0.27871025447274683,7.5617813401094605,0.33523473669737036,-6.700728727876107,0.0,0.0,0.0,0.0,10.109039758992955,288.15,101325.0,1.2250122659906946,340.29228686527705
43.75,-0.2389994985507894,7.305814173323249,0.0854843395350312,-6.985030984415339,0.0,0.0,0.0,0.0,10.108060454937878,288.15,101325.0,1.2250122659906946,340.29228686527705
43.8,-0.6034997248009121,6.2924081967306895,-0.8977425649225588,-7.9096346647068305,0.0,0.0,0.0,0.0,10.147051944101264,288.15,101325.0,1.2250122659906946,340.29228686527705
43.85,-0.369173664434504,7.0646234705877475,-0.06247725564642459,-7.130371620016625,0.0,0.0,0.0,0.0,10.037679394570784,288.15,101325.0,1.2250122659906946,340.29228686527705
43.9,-0.28065965971467116,6.1657344515684365,-1.0162146277679955,-8.121550725471248,0.0,0.0,0.0,0.0,10.247368427228043,288.15,101325.0,1.2250122659906946,340.29228686527705
43.95,-0.5515877744875346,6.646764275305468,-0.6487866802637068,-7.579544718071955,0.0,0.0,0.0,0.0,10.101974936675358,288.15,101325.0,1.2250122659906946,340.29228686527705
44.0,-0.6800001058460464,7.4768145611988945,0.2016043056660879,-6.8256447400739,0.0,0.0,0.0,0.0,10.12584941603999,288.15,101325.0,1.2250122659906946,340.29228686527705
44.05,-0.9262254916498343,6.464668600573472,-0.7096709871211215,-7.726799886387185,0.0,0.0,0.0,0.0,10.099455901655052,288.15,101325.0,1.2250122659906946,340.29228686527705
44.1,-1.0726259382557628,7.378507765744004,0.15202994358856914,-6.841399852143562,0.0,0.0,0.0,0.0,10.06331167607374,288.15,101325.0,1.2250122659906946,340.29228686527705
44.15,-0.9792772195144003,6.744180183542714,-0.3849850187192759,-7.450139627064899,0.0,0.0,0.0,0.0,10.056677397405728,288.15,101325.0,1.2250122659906946,340.29228686527705
44.2,-0.7354701248818326,6.203026451272381,-0.8757217399775725,-7.960417929274327,0.0,0.0,0.0,0.0,10.129791672574829,288.15,101325.0,1.2250122659906946,340.29228686527705
44.25,-1.1208137747797018,7.880783264222137,0.6773687925876529,-6.370940096851527,0.0,0.0,0.0,0.0,10.15649797206133,288.15,101325.0,1.2250122659906946,340.29228686527705
44.3,-0.7556548992849036,7.197979319800753,-0.05871006417341401,-7.035490769714339,0.0,0.0,0.0,0.0,10.06541025148256,288.15,101325.0,1.2250122659906946,340.29228686527705
44.35,-0.8632106474612915,6.986205556868599,-0.2176149899850166,-7.238139253336263,0.0,0.0,0.0,0.0,10.062061628581645,288.15,101325.0,1.2250122659906946,340.29228686527705
44.4,-0.7634658801616013,5.959131458297789,-1.2196630715590442,-8.210763628349167,0.0,0.0,0.0,0.0,10.218388576777688,288.15,101325.0,1.2250122659906946,340.29228686527705
44.45,-0.995592114015831,6.251531953108415,-0.9274666380748737,-7.998413507022875,0.0,0.0,0.0,0.0,10.193942552065094,288.15,101325.0,1.2250122659906946,340.29228686527705
44.5,-0.8811149940884198,7.02483902082426,-0.1287443058477835,-7.188442816330293,0.0,0.0,0.0,0.0,10.051798271375823,288.15,101325.0,1.2250122659906946,340.29228686527705
44.55,-0.8768521281553683,7.4957564388063025,0.27154193604030163,-6.832643633876546,0.0,0.0,0.0,0.0,10.146187394311635,288.15,101325.0,1.2250122659906946,340.29228686527705
44.6,-0.7429355484554834,6.854408427349085,-0.2625380671113927,-7.363277145673102,0.0,0.0,0.0,0.0,10.063284327176122,288.15,101325.0,1.2250122659906946,340.29228686527705
44.65,-0.40529195591975387,7.041203737481635,-0.14069771246289375,-7.099555498296917,0.0,0.0,0.0,0.0,10.000101709103545,288.15,101325.0,1.2250122659906946,340.29228686527705
44.7,-0.6447345723308655,6.784708268453625,-0.3798554457000127,-7.4777105771670325,0.0,0.0,0.0,0.0,10.104093820008138,288.15,101325.0,1.2250122659906946,340.29228686527705
44.75,-1.093461978651179,6.557650894612373,-0.5392937117886121,-7.680065498356908,0.0,0.0,0.0,0.0,10.113210618900277,288.15,101325.0,1.2250122659906946,340.29228686527705
44.8,-0.7530871535938893,6.426694308764628,-0.6923758962114421,-7.851019140969197,0.0,0.0,0.0,0.0,10.16957647455522,288.15,101325.0,1.2250122659906946,340.29228686527705
44.85,-0.8186450541109429,6.942476616586729,-0.2647459527452322,-7.320987028766943,0.0,0.0,0.0,0.0,10.092815418242935,288.15,101325.0,1.2250122659906946,340.29228686527705
44.9,-0.7417056250046032,6.86520143769599,-0.274985571429455,-7.319939819201179,0.0,0.0,0.0,0.0,10.039329001550076,288.15,101325.0,1.2250122659906946,340.29228686527705
44.95,-1.0913933521496602,7.602295651605217,0.4605417809992179,-6.579246901069822,0.0,0.0,0.0,0.0,10.064466587539469,288.15,101325.0,1.2250122659906946,340.29228686527705
45.0,-1.225804546568372,6.284810912151255,-0.869289540083543,-7.924728230046542,0.0,0.0,0.0,0.0,10.151641740432467,288.15,101325.0,1.2250122659906946,340.29228686527705
45.05,-0.8717520959240032,6.682500960534494,-0.49056275474776545,-7.567457146435946,0.0,0.0,0.0,0.0,10.107565412453912,288.15,101325.0,1.2250122659906946,340.29228686527705
45.1,-0.6842002201011161,7.0665549830209775,-0.11107806779471197,-7.16103002856057,0.0,0.0,0.0,0.0,10.061256816876796,288.15,101325.0,1.2250122659906946,340.29228686527705
45.15,-0.5986507507705172,6.4346773990563175,-0.6829205375232029,-7.7824396201041415,0.0,0.0,0.0,0.0,10.121157054954926,288.15,101325.0,1.2250122659906946,340.29228686527705
45.2,-0.9556417242519873,7.572689283226879,0.3713402823172863,-6.686058840663,0.0,0.0,0.0,0.0,10.10875360301054,288.15,101325.0,1.2250122659906946,340.29228686527705
45.25,-0.4646249361085041,6.80816241273361,-0.2573724802363827,-7.367422721322947,0.0,0.0,0.0,0.0,10.03475129668929,288.15,101325.0,1.2250122659906946,340.29228686527705
45.3,-0.47190347720182274,6.2440614629823425,-0.9860009985170635,-8.057147361854822,0.0,0.0,0.0,0.0,10.241002154731827,288.15,101325.0,1.2250122659906946,340.29228686527705
45.35,-0.7426858808764866,6.879767038409077,-0.30115661099421087,-7.287654063546638,0.0,0.0,0.0,0.0,10.026554321253805,288.15,101325.0,1.2250122659906946,340.29228686527705
45.4,-0.7408179719000776,5.667474054909385,-1.5266129375556146,-8.61105105201905,0.0,0.0,0.0,0.0,10.421180808558193,288.15,101325.0,1.2250122659906946,340.29228686527705
45.45,-0.913891251714863,6.750407626236324,-0.48846187341414316,-7.508628940820675,0.0,0.0,0.0,0.0,10.108714393683233,288.15,101325.0,1.2250122659906946,340.29228686527705
45.5,-0.9862942065734563,6.271763467908359,-0.7932803361363994,-7.931982033737959,0.0,0.0,0.0,0.0,10.143009892168712,288.15,101325.0,1.2250122659906946,340.29228686527705
45.55,-1.0546586508077398,5.907486933815389,-1.2593677084955082,-8.293210759597823,0.0,0.0,0.0,0.0,10.259715083836875,288.15,101325.0,1.2250122659906946,340.29228686527705
45.6,-0.8823920388345976,6.886838068575345,-0.28681561626927704,-7.414911912774807,0.0,0.0,0.0,0.0,10.123819459804894,288.15,101325.0,1.2250122659906946,340.29228686527705
45.65,-0.7934291907898787,6.433769481963018,-0.716447744886939,-7.781093952540104,0.0,0.0,0.0,0.0,10.121862981509304,288.15,101325.0,1.2250122659906946,340.29228686527705
45.7,-0.717163215747244,6.608769716711771,-0.5991984774989663,-7.655688894314815,0.0,0.0,0.0,0.0,10.13135965359531,288.15,101325.0,1.2250122659906946,340.29228686527705
45.75,-0.41058703804707497,7.46542342932263,0.23835600100566762,-6.76385349168175,0.0,0.0,0.0,0.0,10.076659893994144,288.15,101325.0,1.2250122659906946,340.29228686527705
45.8,-0.5036400091324753,7.185639646894903,-0.008085493515631925,-6.996521256164101,0.0,0.0,0.0,0.0,10.029196986707827,288.15,101325.0,1.2250122659906946,340.29228686527705
45.85,-0.9726008685629631,6.269936585075898,-0.8826300421543136,-7.962678587230317,0.0,0.0,0.0,0.0,10.173268445083062,288.15,101325.0,1.2250122659906946,340.29228686527705
45.9,-0.5769060677696397,6.648867902228659,-0.5720291999287055,-7.660153491120176,0.0,0.0,0.0,0.0,10.159360870368678,288.15,101325.0,1.2250122659906946,340.29228686527705
45.95,-0.5781430524510933,6.178139263237044,-0.9870156267048883,-8.018345237193868,0.0,0.0,0.0,0.0,10.170421080080235,288.15,101325.0,1.2250122659906946,340.29228686527705
46.0,-0.5787852385737482,6.57490078269515,-0.6289704609590747,-7.693099171748538,0.0,0.0,0.0,0.0,10.139462461560889,288.15,101325.0,1.2250122659906946,340.29228686527705
46.05,-0.5053745339049456,6.315515762050697,-0.8165493565969697,-7.977206193633213,0.0,0.0,0.0,0.0,10.207267550535246,288.15,101325.0,1.2250122659906946,340.29228686527705
46.1,-1.1276528493155382,6.648467199082973,-0.49559155462644155,-7.53626241350813,0.0,0.0,0.0,0.0,10.061956979214065,288.15,101325.0,1.2250122659906946,340.29228686527705
46.15,-0.6414700224214748,7.302520072329006,0.09038201200335055,-6.915899187478515,0.0,0.0,0.0,0.0,10.058062929124464,288.15,101325.0,1.2250122659906946,340.29228686527705
46.2,-0.5280372764791406,6.74641717543107,-0.3820417604181367,-7.521105575070578,0.0,0.0,0.0,0.0,10.110743280442465,288.15,101325.0,1.2250122659906946,340.29228686527705
46.25,-0.33295748817478826,5.804969734619015,-1.42029584160617,-8.478548089323198,0.0,0.0,0.0,0.0,10.373075320294005,288.15,101325.0,1.2250122659906946,340.29228686527705
46.3,-0.7410477516647835,6.692747836098389,-0.5584177027276648,-7.618335611489713,0.0,0.0,0.0,0.0,10.155970727488912,288.15,101325.0,1.2250122659906946,340.29228686527705
46.35,-1.0156234844291654,6.746178448126017,-0.40521988330216574,-7.448651870876056,0.0,0.0,0.0,0.0,10.057710549687178,288.15,101325.0,1.2250122659906946,340.29228686527705
46.4,-1.0522392630905815,7.247561090656075,0.06283835904916396,-7.063543075209717,0.0,0.0,0.0,0.0,10.120510421787184,288.15,101325.0,1.2250122659906946,340.29228686527705
46.45,-0.7470962706361483,7.991482907062513,0.783456454240717,-6.261553351661521,0.0,0.0,0.0,0.0,10.182566152265712,288.15,101325.0,1.2250122659906946,340.29228686527705
46.5,-0.7399947466626203,6.879235440170814,-0.3480950434047386,-7.378374588562951,0.0,0.0,0.0,0.0,10.093832868127775,288.15,101325.0,1.2250122659906946,340.29228686527705
46.55,-0.9025040842419032,6.376134507105655,-0.8306047486317159,-7.890027872749241,0.0,0.0,0.0,0.0,10.178287446025138,288.15,101325.0,1.2250122659906946,340.29228686527705
46.6,-0.47703505210592784,6.781330487277383,-0.3447886120364053,-7.414899075586474,0.0,0.0,0.0,0.0,10.05415589026751,288.15,101325.0,1.2250122659906946,340.29228686527705
46.65,-0.4723380917963717,6.232659950686508,-0.8649746540977572,-7.959164372401221,0.0,0.0,0.0,0.0,10.146059763278748,288.15,101325.0,1.2250122659906946,340.29228686527705
46.7,-0.6260010108489512,6.336331752398911,-0.9101960351076912,-7.919718043627724,0.0,0.0,0.0,0.0,10.18329469225687,288.15,101325.0,1.2250122659906946,340.29228686527705
46.75,-0.8385242831937847,6.7765052348598465,-0.3941193886706703,-7.479908272328664,0.0,0.0,0.0,0.0,10.100761409570064,288.15,101325.0,1.2250122659906946,340.29228686527705
46.8,-0.9118287610789985,6.5565425982971925,-0.645657484074454,-7.640209512560316,0.0,0.0,0.0,0.0,10.088504637747073,288.15,101325.0,1.2250122659906946,340.29228686527705
46.85,-0.6193629478777568,6.599664618676652,-0.5403379729808514,-7.609815021968808,0.0,0.0,0.0,0.0,10.0874586924874,288.15,101325.0,1.2250122659906946,340.29228686527705
46.9,-0.8549967277452478,6.042192377052334,-1.0766217876806519,-8.134946139486738,0.0,0.0,0.0,0.0,10.190414706348717,288.15,101325.0,1.2250122659906946,340.29228686527705
46.95,-0.8911545955851418,6.502907000103719,-0.6973958358294055,-7.753047489360899,0.0,0.0,0.0,0.0,10.143170400625017,288.15,101325.0,1.2250122659906946,340.29228686527705
47.0,-0.8007782720971617,6.566003754905573,-0.6720213137428539,-7.685368471612678,0.0,0.0,0.0,0.0,10.13059260359516,288.15,101325.0,1.2250122659906946,340.29228686527705
47.05,-0.6303430285915145,6.304749432109258,-0.8930422548902356,-7.902078394636976,0.0,0.0,0.0,0.0,10.148410359543504,288.15,101325.0,1.2250122659906946,340.29228686527705
47.1,-0.9138686139721826,7.10282870112363,-0.11364678291547797,-7.210666541401982,0.0,0.0,0.0,0.0,10.122094799006115,288.15,101325.0,1.2250122659906946,340.29228686527705
47.15,-0.5926054089524835,7.350711906752754,0.22022030570566414,-6.7660749561891524,0.0,0.0,0.0,0.0,9.993059232882183,288.15,101325.0,1.2250122659906946,340.29228686527705
47.2,-0.35875158697893433,7.319905845535447,0.14390247223528857,-6.94266622181266,0.0,0.0,0.0,0.0,10.089714751989668,288.15,101325.0,1.2250122659906946,340.29228686527705
47.25,-0.9126745914184907,7.57338382745542,0.43964419916908315,-6.664368489248615,0.0,0.0,0.0,0.0,10.097684733656335,288.15,101325.0,1.2250122659906946,340.29228686527705
47.3,-0.36681995376534426,6.458197937868749,-0.6518599672165968,-7.737613879647151,0.0,0.0,0.0,0.0,10.099698538672332,288.15,101325.0,1.2250122659906946,340.29228686527705
47.35,0.006492170278494802,6.524904619740262,-0.6189358272323864,-7.641352462660046,0.0,0.0,0.0,0.0,10.067160936110062,288.14995780089316,101324.92200785236,1.2250115024719812,340.29226194764544
47.4,-0.5520270739053204,6.65421488797421,-0.44157233645322475,-7.653335579344031,0.0,0.0,0.0,0.0,10.151212114506897,288.15,101325.0,1.2250122659906946,340.29228686527705
47.45,-0.9126515886786573,6.226848499432195,-0.9275492192359929,-8.04890471344687,0.0,0.0,0.0,0.0,10.218554539421586,288.15,101325.0,1.2250122659906946,340.29228686527705
47.5,-0.9801460559847652,7.405362329367908,0.2244246645257792,-6.864015780815109,0.0,0.0,0.0,0.0,10.09972624869346,288.15,101325.0,1.2250122659906946,340.29228686527705
47.55,-0.5951989697347603,6.102205293935791,-1.1238771569670578,-8.281519029744075,0.0,0.0,0.0,0.0,10.348118995899863,288.15,101325.0,1.2250122659906946,340.29228686527705
47.6,-1.0237770685191123,6.397015765341565,-0.7883802298059712,-7.809427948776493,0.0,0.0,0.0,0.0,10.125735478270647,288.15,101325.0,1.2250122659906946,340.29228686527705
47.65,-1.1073142005742567,6.585890392851116,-0.6839773450422346,-7.752659493650657,0.0,0.0,0.0,0.0,10.195366913440207,288.15,101325.0,1.2250122659906946,340.29228686527705
47.7,-1.045010196456877,7.201099652785707,-0.026155752585652836,-7.089772651713434,0.0,0.0,0.0,0.0,10.105513177752405,288.15,101325.0,1.2250122659906946,340.29228686527705
47.75,-0.8341795974569494,6.4553601269021454,-0.7141585972496306,-7.834348367627669,0.0,0.0,0.0,0.0,10.176380064412589,288.15,101325.0,1.2250122659906946,340.29228686527705
47.8,-0.8178964145129134,6.935668336743307,-0.2609174945620579,-7.318828655365106,0.0,0.0,0.0,0.0,10.086467473940797,288.15,101325.0,1.2250122659906946,340.29228686527705
47.85,-0.3548336836907028,7.1174563800346995,-0.0450503045189814,-7.208807538404502,0.0,0.0,0.0,0.0,10.130504477931565,288.15,101325.0,1.2250122659906946,340.29228686527705
47.9,-0.6452532290492129,6.526601516909463,-0.6483925046226385,-7.718237312027207,0.0,0.0,0.0,0.0,10.128579732881837,288.15,101325.0,1.2250122659906946,340.29228686527705
47.95,-0.08770811313502114,7.26926465420478,0.14677874488588338,-6.928155110052301,0.0,0.0,0.0,0.0,10.043061577117061,288.15,101325.0,1.2250122659906946,340.29228686527705
48.0,-0.6555638500025853,7.1016499449062165,-0.07912163388185839,-7.184752258161417,0.0,0.0,0.0,0.0,10.102492622322977,288.15,101325.0,1.2250122659906946,340.29228686527705
48.05,-0.8114634524127118,6.496745992299252,-0.6830997427652722,-7.728061447807805,0.0,0.0,0.0,0.0,10.119153496617969,288.15,101325.0,1.2250122659906946,340.29228686527705
48.1,-0.39934425689482084,7.106849531201709,-0.0421221934388632,-7.089173016138334,0.0,0.0,0.0,0.0,10.038199967676771,288.15,101325.0,1.2250122659906946,340.29228686527705
48.15,-0.4926865509963935,6.966959085443286,-0.2276774579220693,-7.327125791459042,0.0,0.0,0.0,0.0,10.113215526574667,288.15,101325.0,1.2250122659906946,340.29228686527705
48.2,-0.5996535965564376,6.768569289366731,-0.3143569310422061,-7.330902387902676,0.0,0.0,0.0,0.0,9.98270906748313,288.15,101325.0,1.2250122659906946,340.29228686527705
48.25,-0.6893552213627226,7.694196455431755,0.464641683995288,-6.499240071051799,0.0,0.0,0.0,0.0,10.082493366744654,288.15,101325.0,1.2250122659906946,340.29228686527705
48.3,-0.4048352161899581,6.587960296904836,-0.5835238586660975,-7.7083359991902975,0.0,0.0,0.0,0.0,10.156779255435264,288.15,101325.0,1.2250122659906946,340.29228686527705
48.35,-0.7409025248953708,6.970078182453289,-0.19339500973997237,-7.232810391775671,0.0,0.0,0.0,0.0,10.046538591110961,288.15,101325.0,1.2250122659906946,340.29228686527705
48.4,-0.6431702915600856,6.7604114344034825,-0.44369846931392193,-7.492710082496287,0.0,0.0,0.0,0.0,10.101521443546332,288.15,101325.0,1.2250122659906946,340.29228686527705
48.45,-0.48336922074262034,7.465571449966607,0.40084676703851,-6.795754160013189,0.0,0.0,0.0,0.0,10.103351414681086,288.15,101325.0,1.2250122659906946,340.29228686527705
48.5,-0.3764794955534933,7.038029183494107,-0.09817091317520382,-7.202568040924251,0.0,0.0,0.0,0.0,10.070773490653623,288.15,101325.0,1.2250122659906946,340.29228686527705
48.55,-0.7805859696455668,7.012657897700412,-0.1566488386035123,-7.227193370461095,0.0,0.0,0.0,0.0,10.07145638241325,288.15,101325.0,1.2250122659906946,340.29228686527705
48.6,-0.19648964798524515,6.341662272381,-0.8344265794300698,-7.879874864829207,0.0,0.0,0.0,0.0,10.149156417100242,288.15,101325.0,1.2250122659906946,340.29228686527705
48.65,-0.6983715858450571,6.4996565274981615,-0.6641369895932392,-7.7306835660067685,0.0,0.0,0.0,0.0,10.12176275725343,288.15,101325.0,1.2250122659906946,340.29228686527705
48.7,-0.5058100076641486,6.522288894777006,-0.589688368504401,-7.768205316048398,0.0,0.0,0.0,0.0,10.16036409934031,288.15,101325.0,1.2250122659906946,340.29228686527705
48.75,-0.6885406650005093,7.062672146911508,-0.0335939206225459,-7.09780789631923,0.0,0.0,0.0,0.0,10.013058640561036,288.15,101325.0,1.2250122659906946,340.29228686527705
48.8,-0.7936089533928459,6.794171224405683,-0.3639347809239677,-7.498464030557247,0.0,0.0,0.0,0.0,10.125224637946026,288.15,101325.0,1.2250122659906946,340.29228686527705
48.85,-0.79984694102926,7.23544336763972,0.125543322422989,-6.9491739450475105,0.0,0.0,0.0,0.0,10.032867006526788,288.15,101325.0,1.2250122659906946,340.29228686527705
48.9,-0.4348119614699453,6.723767911441583,-0.3935998155471161,-7.503713507309388,0.0,0.0,0.0,0.0,10.083139002389464,288.15,101325.0,1.2250122659906946,340.29228686527705
48.95,-0.6649747430526746,7.44004276019644,0.3027212597229917,-6.782948310694709,0.0,0.0,0.0,0.0,10.07245075541181,288.15,101325.0,1.2250122659906946,340.29228686527705
49.0,-0.5330421321026042,6.751191270761638,-0.46040212732546454,-7.539971696232858,0.0,0.0,0.0,0.0,10.13122533918018,288.15,101325.0,1.2250122659906946,340.29228686527705
49.05,-0.7516779828537559,6.765314429481658,-0.4456990394034187,-7.424279279998456,0.0,0.0,0.0,0.0,10.054255307624341,288.15,101325.0,1.2250122659906946,340.29228686527705
49.1,-0.7563507960732329,6.883369857592095,-0.3173595386520045,-7.415388477471581,0.0,0.0,0.0,0.0,10.122721172935622,288.15,101325.0,1.2250122659906946,340.29228686527705
49.15,-0.45956299181796617,5.543807890642964,-1.6076404589094615,-8.667988770923131,0.0,0.0,0.0,0.0,10.414045472645455,288.15,101325.0,1.2250122659906946,340.29228686527705
49.2,-0.11513459911519025,6.407759117735018,-0.7653116198264384,-7.770346340528524,0.0,0.0,0.0,0.0,10.100661415873844,288.15,101325.0,1.2250122659906946,340.29228686527705
49.25,-0.6508765385912147,7.751265599180353,0.6139268169057513,-6.469956221149837,0.0,0.0,0.0,0.0,10.115303160516163,288.15,101325.0,1.2250122659906946,340.29228686527705
49.3,-1.1289534953056592,7.277921707845533,0.14122416099387897,-6.948571267459408,0.0,0.0,0.0,0.0,10.0633359930065,288.15,101325.0,1.2250122659906946,340.29228686527705
49.35,-0.8662984668956708,6.349560165552549,-0.8175612595583092,-7.8982071133447755,0.0,0.0,0.0,0.0,10.166956098773728,288.15,101325.0,1.2250122659906946,340.29228686527705
49.4,-0.9980832338246083,6.2855991063947725,-0.883457510478332,-8.044695406641596,0.0,0.0,0.0,0.0,10.247261950627188,288.15,101325.0,1.2250122659906946,340.29228686527705
49.45,-0.832685466569857,6.964996001656782,-0.17716438514346727,-7.3232389803248985,0.0,0.0,0.0,0.0,10.108035698661153,288.15,101325.0,1.2250122659906946,340.29228686527705
49.5,-0.9458477613214498,6.116101755385382,-1.0817840780430696,-8.16764095980943,0.0,0.0,0.0,0.0,10.260960789423784,288.15,101325.0,1.2250122659906946,340.29228686527705
49.55,-0.2636395339202888,6.614148433802762,-0.6920499091547077,-7.689434576637344,0.0,0.0,0.0,0.0,10.16628234358669,288.15,101325.0,1.2250122659906946,340.29228686527705
49.6,-0.8046300591168751,7.213992343890655,0.06617039447605044,-7.05564939689472,0.0,0.0,0.0,0.0,10.09099858639961,288.15,101325.0,1.2250122659906946,340.29228686527705
49.65,-0.4259943467916744,8.193595196463008,0.9916378939199859,-6.0561296983036765,0.0,0.0,0.0,0.0,10.236945583465584,288.15,101325.0,1.2250122659906946,340.29228686527705
49.7,-1.1858563283011947,6.677179657059846,-0.5148398445973026,-7.550031967444765,0.0,0.0,0.0,0.0,10.092213381992906,288.15,101325.0,1.2250122659906946,340.29228686527705
49.75,-0.3865832818822308,5.991084997714845,-1.2178234915407242,-8.307388414378204,0.0,0.0,0.0,0.0,10.31449929825668,288.15,101325.0,1.2250122659906946,340.29228686527705
49.8,-1.036390701281482,6.759828295912283,-0.37393400955964656,-7.367958052716779,0.0,0.0,0.0,0.0,10.006093698357803,288.15,101325.0,1.2250122659906946,340.29228686527705
49.85,-0.8448311753118437,7.849554667753274,0.6269786936957007,-6.525291243685656,0.0,0.0,0.0,0.0,10.226829253454675,288.15,101325.0,1.2250122659906946,340.29228686527705
49.9,-0.4059412331497199,5.957951349924196,-1.1366289799203528,-8.100494877082014,0.0,0.0,0.0,0.0,10.119640654671997,288.15,101325.0,1.2250122659906946,340.29228686527705
49.95,-0.660242547927491,7.130664851309542,-0.22613125659410216,-7.457889730212629,0.0,0.0,0.0,0.0,10.32073814196064,288.15,101325.0,1.2250122659906946,340.29228686527705
50.0,-0.607001719141624,5.17394385276239,-1.6913933117659725,-8.49927612993361,0.0,0.0,0.0,0.0,10.092977809322859,288.15,101325.0,1.2250122659906946,340.29228686527705
50.05,-0.6834147898429942,7.090473217336625,-0.6288870739376621,-8.239164344269037,0.0,0.0,0.0,0.0,10.888256907761136,288.15,101325.0,1.2250122659906946,340.29228686527705
50.1,-0.36300141114598977,5.0684980842109155,0.04636183242916059,-4.900086804232808,0.0,0.0,0.0,0.0,7.0500122651079415,288.15,101325.0,1.2250122659906946,340.29228686527705
