time,baro_altitude,accl_x,accl_y,accl_z,gps_altitude,gyro_roll,gyro_pitch,gyro_yaw,At,T,P,rho,a
0.0,0.024884669738488234,-6.660391948184697,3.5259676063425056,0.9951684989817585,0.0,0.0,0.0,0.0,7.601554367745181,288.1498382496467,101324.70105418681,1.2250093394041484,340.2921913552903
0.05,0.13936573955866172,-10.263384257951353,5.380153388145534,1.5959638874976148,0.0,0.0,0.0,0.0,11.697444491705614,288.1490941226929,101323.32577342477,1.2249958758120054,340.29175196452616
0.1,0.08053705898722414,-9.141452612337625,4.861098592431634,1.3614906227376764,0.0,0.0,0.0,0.0,10.442705210086027,288.14947650911654,101324.03249058446,1.225002794368444,340.2919777554544
0.15,-0.010688317875364645,-9.778629913685624,5.106924730216627,1.4478985571497762,0.0,0.0,0.0,0.0,11.126486121894994,288.15,101325.0,1.2250122659906946,340.29228686527705
0.2,0.03881793232551224,-9.322477805865477,4.923442624586134,1.3878554641621876,0.0,0.0,0.0,0.0,10.633673989165308,288.14974768343984,101324.53367070139,1.2250077007711613,340.2921378779474
0.25,0.20128292686565458,-9.564594577614322,5.05635371938873,1.4771316939898516,0.0,0.0,0.0,0.0,10.919253656321702,288.1486916609754,101322.58195791316,1.2249885940635223,340.29151431940846
0.3,0.15936432887900667,-9.529313490939574,5.021384525501257,1.4769124988990674,0.0,0.0,0.0,0.0,10.872138183952167,288.1489641318623,101323.08552848591,1.2249935238815002,340.2916752077128
0.35,0.23116342923260122,-9.542101382363354,5.005119693740363,1.482260804424577,0.0,0.0,0.0,0.0,10.876581219864155,288.14849743771,101322.22300292537,1.224985079989665,340.2913996346257
0.4,0.2703565394090289,-9.463449286870734,5.0161761210649685,1.492634822934577,0.0,0.0,0.0,0.0,10.814196872507617,288.14824268249384,101321.75217698114,1.2249804707253078,340.2912492069313
0.45,0.12688535319041983,-9.49705384355527,4.999083126933954,1.4431462957526644,0.0,0.0,0.0,0.0,10.829013576883552,288.1491752452042,101323.47570171645,1.2249973435673525,340.29179986563037
0.5,0.13315762903974618,-9.461032271306033,4.966025139468938,1.3441961737152046,0.0,0.0,0.0,0.0,10.769373272292231,288.14913447541124,101323.4003521355,1.2249966059164303,340.29177579194226
0.55,0.2901842001770299,-9.497242122024959,5.048925973410171,1.4294172531360008,0.0,0.0,0.0,0.0,10.850460593583291,288.14811380269884,101321.51398841657,1.224978138919244,340.2911731060484
0.6,0.3235701584725794,-9.519826384520929,4.998959802317425,1.4468694494810204,0.0,0.0,0.0,0.0,10.849429694709663,288.1478967939699,101321.11292581697,1.2249742126150376,340.29104496679406
0.65,0.32778153530261245,-9.527055660203754,5.025204282812348,1.4384441293482118,0.0,0.0,0.0,0.0,10.866765348983675,288.1478694200205,101321.06233500647,1.2249737173432358,340.2910288030286
0.7,0.004910961033079963,-9.528963700590065,5.037221445910354,1.4088645010103553,0.0,0.0,0.0,0.0,10.870126415295704,288.14996807875326,101324.94100333005,1.2250116884317725,340.2922680164928
0.75,0.00015888140746805622,-9.505485096230803,5.010078887934281,1.4790636977990987,0.0,0.0,0.0,0.0,10.8463250366259,288.14999896727085,101324.99809131537,1.225012247305271,340.2922862554735
0.8,0.06778886475723175,-9.492044938672745,4.9971587539358495,1.4964542087537998,0.0,0.0,0.0,0.0,10.830968928434682,288.14955937237903,101324.18563694923,1.2250042936258174,340.2920266844023
0.85,0.14943770604402812,-9.483698215702466,5.009325995932724,1.4904547575495386,0.0,0.0,0.0,0.0,10.828450219876691,288.1490286549107,101323.20477788414,1.2249946912997633,340.2917133071991
0.9,0.1962460765313084,-9.510531913685252,4.950059767657726,1.4331845809995454,0.0,0.0,0.0,0.0,10.816992513070542,288.14872440050254,101322.64246578411,1.2249891864192521,340.29153365141184
0.95,0.02589176239488058,-9.576849024669281,4.9561433753896855,1.4214204349520208,0.0,0.0,0.0,0.0,10.87657255074535,288.1498317035444,101324.6889557438,1.2250092209641192,340.2921874899619
1.0,-0.0006802370296468213,-9.539943606396678,4.99436674709117,1.4024058267299337,0.0,0.0,0.0,0.0,10.859142015855808,288.15,101325.0,1.2250122659906946,340.29228686527705
1.05,0.031078974357928228,-9.485557719529895,5.033578570923372,1.4624793583563065,0.0,0.0,0.0,0.0,10.837507294290992,288.14979798666667,101324.62664055433,1.225008610917572,340.29216758089177
1.1,-0.010061294514207049,-9.520013848638639,5.051862225397132,1.5196713073117696,0.0,0.0,0.0,0.0,10.88399634807604,288.15,101325.0,1.2250122659906946,340.29228686527705
1.15,-0.22788951154394865,-9.534737304010783,5.059317536065939,1.473979553243155,0.0,0.0,0.0,0.0,10.894059165922407,288.15,101325.0,1.2250122659906946,340.29228686527705
1.2,-0.024893176348978308,-9.48106242192008,5.032153057551736,1.4717177596694704,0.0,0.0,0.0,0.0,10.834161813776776,288.15,101325.0,1.2250122659906946,340.29228686527705
1.25,0.11385733931704337,-9.51912608191785,5.052396714933818,1.4382844231063765,0.0,0.0,0.0,0.0,10.87240249486162,288.1492599272944,101323.63220891092,1.2249988757278463,340.29184986858235
1.3,0.106993888446672,-9.580111426659178,5.027450135760775,1.4682701368023587,0.0,0.0,0.0,0.0,10.918315209289041,288.14930453972505,101323.71466050149,1.2249996829050618,340.2918762112597
1.35,0.10846663403498405,-9.47416462505587,4.989691924686902,1.4283279692321185,0.0,0.0,0.0,0.0,10.802635865085728,288.14929496687876,101323.69696819926,1.2249995097025526,340.2918705587008
1.4,0.18642520737003396,-9.492778441268003,4.947772824491525,1.4736975815510813,0.0,0.0,0.0,0.0,10.80578932885742,288.1487882361521,101322.76044433581,1.2249903413972456,340.2915713450194
1.45,0.317204419534255,-9.538112896648183,5.047657406319707,1.4600607978514715,0.0,0.0,0.0,0.0,10.889730045056362,288.147938171273,101321.18939678339,1.2249749612472185,340.2910693992563
1.5,0.14629860917387427,-9.52615481776778,4.985354020582531,1.4764857471322617,0.0,0.0,0.0,0.0,10.852713507879189,288.14904905904035,101323.24248815619,1.2249950604727273,340.29172535540226
1.55,0.08175012028856189,-9.507735154931877,5.050393551432387,1.5117797097817893,0.0,0.0,0.0,0.0,10.871475552637058,288.1494686242181,101324.01791786932,1.2250026517058734,340.2919730995936
1.6,0.013968797580469485,-9.494645202648977,5.065943814806742,1.432447492866246,0.0,0.0,0.0,0.0,10.856517861578947,288.1499092028157,101324.83218922398,1.2250106231755848,340.2922332515621
1.65,0.035246964014325755,-9.544952883911215,5.066862763748509,1.406955431919867,0.0,0.0,0.0,0.0,10.89764871016473,288.1497708947339,101324.57656954306,1.2250081207377137,340.2921515837042
1.7,0.14653995903980935,-9.487652524640795,4.962250668287757,1.4673069506088374,0.0,0.0,0.0,0.0,10.807056574782523,288.14904749026624,101323.23958879676,1.2249950320888146,340.2917244290747
1.75,0.199894496012067,-9.554336844384899,5.05991940400701,1.3785149524970672,0.0,0.0,0.0,0.0,10.899010981977925,288.1487006857759,101322.5986371819,1.2249887573490696,340.2915196483638
1.8,0.26752569044101404,-9.47948849410354,4.971804201126426,1.472427444772512,0.0,0.0,0.0,0.0,10.80497948652838,288.14826108301213,101321.78618384628,1.2249808036438687,340.2912600720596
1.85,0.22717627230154291,-9.440283417336246,4.953885535820399,1.3478491282331855,0.0,0.0,0.0,0.0,10.746005312399731,288.14852335423,101322.2709006504,1.2249855488957904,340.29141493779184
1.9,0.21834395237471318,-9.548660575503657,5.008152132566608,1.409107513307961,0.0,0.0,0.0,0.0,10.874009865416264,288.14858076430954,101322.37700339475,1.2249865876135901,340.2914488372476
1.95,0.18262151948692662,-9.520986887726687,4.990488595964043,1.4031733520549612,0.0,0.0,0.0,0.0,10.84080546816646,288.14881296012334,101322.80613824271,1.2249907887281206,340.291585944003
2.0,0.11453416625386466,-9.497089178570997,5.01221342624989,1.4831605663937573,0.0,0.0,0.0,0.0,10.840514358724656,288.1492555279193,101323.62407809768,1.2249987961295306,340.29184727084623
2.05,-0.08958418128866813,-9.545746548457942,5.039690701763205,1.4988888110546774,0.0,0.0,0.0,0.0,10.898001064632913,288.15,101325.0,1.2250122659906946,340.29228686527705
2.1,-0.23639345369715403,-9.530594279869494,5.065435199999329,1.4556523867028182,0.0,0.0,0.0,0.0,10.890811951539103,288.15,101325.0,1.2250122659906946,340.29228686527705
2.15,0.04527855764407907,-9.47599838199634,5.0461149183333935,1.4813301593885466,0.0,0.0,0.0,0.0,10.837534781754481,288.1497056893753,101324.45605780081,1.2250069409644928,340.29211308137786
2.2,-0.10447407745748556,-9.489527266864844,5.022740720960522,1.3722209952709636,0.0,0.0,0.0,0.0,10.824141654580691,288.15,101325.0,1.2250122659906946,340.29228686527705
2.25,0.0077079092350046206,-9.515588357103292,5.042358974866489,1.4035256115716883,0.0,0.0,0.0,0.0,10.860096222206966,288.14994989858997,101324.90740286623,1.2250113594937262,340.2922572815114
2.3,0.10490861239727925,-9.479594819407907,4.975518647237724,1.4900712112097665,0.0,0.0,0.0,0.0,10.809200523795997,288.1493180940194,101323.73971122372,1.2249999281443593,340.29188421477755
2.35,0.14391514318021048,-9.50440981776729,5.03250581651193,1.472384770864955,0.0,0.0,0.0,0.0,10.854853186053354,288.1490645515693,101323.27112096966,1.2249953407799063,340.2917345034098
2.4,0.18954842174569728,-9.530872469356051,5.003068129745032,1.406538719967969,0.0,0.0,0.0,0.0,10.855716093780673,288.1487679352586,101322.7229250061,1.2249899740932209,340.29155935776953
2.45,0.031363114987063824,-9.452689277904586,5.0355329753070555,1.5478939010606707,0.0,0.0,0.0,0.0,10.821548062036127,288.14979613975254,101324.62322710737,1.2250085775009736,340.29216649032986
2.5,0.08291762687570683,-9.505892363522642,4.978659146358128,1.5043566562121469,0.0,0.0,0.0,0.0,10.83568758647015,288.1494610354253,101324.00389241241,1.2250025144007957,340.2919686185767
2.55,0.08693704767069017,-9.515048014622655,4.995637407035369,1.432796453492069,0.0,0.0,0.0,0.0,10.841837367360066,288.1494349091901,101323.9556064327,1.225002041695297,340.29195319160317
2.6,-0.13093777330362397,-9.532040600741315,4.97066451422864,1.3957207511992575,0.0,0.0,0.0,0.0,10.840449259256781,288.15,101325.0,1.2250122659906946,340.29228686527705
2.65,-0.09962939323783114,-9.522997572230892,5.084066424199353,1.3156871063042228,0.0,0.0,0.0,0.0,10.875028585161596,288.15,101325.0,1.2250122659906946,340.29228686527705
2.7,0.2183391110485808,-9.425378945178315,4.998205177577982,1.4192918234001788,0.0,0.0,0.0,0.0,10.762630372606347,288.1485807957782,101322.37706155369,1.2249865881829507,340.2914488558291
2.75,0.2283800707180519,-9.493445955138492,5.012049376393389,1.3940382303950036,0.0,0.0,0.0,0.0,10.825409814059862,288.1485155295403,101322.25643941545,1.2249854073241098,340.2914103174753
2.8,0.0933871780200765,-9.441839787178736,4.984712657008006,1.5010267775991055,0.0,0.0,0.0,0.0,10.781872760645841,288.14939298334286,101323.87811996837,1.2250012831255777,340.291928435301
2.85,0.06943309323050566,-9.495971750849328,4.98716801671036,1.5017375863756846,0.0,0.0,0.0,0.0,10.830537387321124,288.149548684894,101324.16588452454,1.2250041002554772,340.29202037367605
2.9,0.10898461897636745,-9.485139860150175,5.0082045078382205,1.495918471477961,0.0,0.0,0.0,0.0,10.829947489819594,288.1492915999766,101323.690745573,1.2249994487848441,340.2918685706178
2.95,0.3292330193983171,-9.453284367296373,4.958788251802647,1.489303248728346,0.0,0.0,0.0,0.0,10.778320389646002,288.1478599853739,101321.04489849109,1.2249735466439555,340.29102323205973
3.0,0.32053484824557216,-9.49308392242483,4.998045292600232,1.4297818727629796,0.0,0.0,0.0,0.0,10.823279323234976,288.1479165234864,101321.14938868044,1.2249745695776248,340.2910566166756
3.05,0.12056845087668203,-9.501273320971976,4.97409618230714,1.47961447333951,0.0,0.0,0.0,0.0,10.826129804337839,288.1492163050693,101323.55158744629,1.2249980864669139,340.29182411059804
3.1,-0.0478666878962133,-9.549714577835754,5.05277377216318,1.4634304129978295,0.0,0.0,0.0,0.0,10.902715252838435,288.15,101325.0,1.2250122659906946,340.29228686527705
3.15,0.009192329921189424,-9.471777105111375,5.0490717268547325,1.4758841496859316,0.0,0.0,0.0,0.0,10.834478337932566,288.1499402498555,101324.88957013928,1.2250111849168905,340.2922515841485
3.2,0.06295708443189174,-9.504425563254422,4.993523119806397,1.421137561350515,0.0,0.0,0.0,0.0,10.830005097125598,288.14959077895116,101324.24368204988,1.2250048618699807,340.2920452292958
3.25,0.19509343258588083,-9.539966349398991,5.033718842263363,1.498508362591071,0.0,0.0,0.0,0.0,10.890124454907653,288.14873189268815,101322.6563125429,1.2249893219752748,340.29153807539
3.3,0.014941669943102724,-9.50497563224745,5.010030874583898,1.422910501906354,0.0,0.0,0.0,0.0,10.838341452009026,288.1499028791454,101324.82050186527,1.2250105087599723,340.2922295175753
3.35,0.01668652569281693,-9.455717380575116,5.00865002822875,1.4368768454906016,0.0,0.0,0.0,0.0,10.796378159164917,288.14989153758296,101324.79954047981,1.2250103035545115,340.29222282063466
3.4,0.13601841805796347,-9.495734764097861,4.990517142687743,1.4346265126245912,0.0,0.0,0.0,0.0,10.822771978207907,288.1491158802826,101323.36598515847,1.2249962694734855,340.2917648119172
3.45,0.16604869217150978,-9.555456024481309,4.9677178750042685,1.4350088452563585,0.0,0.0,0.0,0.0,10.864815281789058,288.1489206835009,101323.00522870237,1.224992737768926,340.2916495523781
3.5,0.146019858584476,-9.516551836359701,4.934787790409958,1.5640711382870394,0.0,0.0,0.0,0.0,10.833430108517012,288.14905087091915,101323.24583681431,1.2249950932551483,340.29172642527806
3.55,0.21803075042344924,-9.467924429033488,4.99647180390307,1.4544053111509878,0.0,0.0,0.0,0.0,10.803777963758405,288.1485828001222,101322.3807658944,1.2249866244474625,340.29145003935247
3.6,0.10780356326777653,-9.46710444391103,5.036486434317654,1.5567174017251015,0.0,0.0,0.0,0.0,10.83584935405709,288.14929927683875,101323.70493376239,1.2249995876831066,340.29187310363903
3.65,-0.0468920227563475,-9.481278818703538,5.019756040894752,1.43453763898485,0.0,0.0,0.0,0.0,10.823608316349956,288.15,101325.0,1.2250122659906946,340.29228686527705
3.7,-0.14861377538561063,-9.491831925003698,5.068701309435657,1.4198254819578742,0.0,0.0,0.0,0.0,10.853686500724583,288.15,101325.0,1.2250122659906946,340.29228686527705
3.75,-0.07069652071730027,-9.52970096319671,4.9903207048427785,1.4378267782911305,0.0,0.0,0.0,0.0,10.852918825343986,288.15,101325.0,1.2250122659906946,340.29228686527705
3.8,0.056482360548457206,-9.512232104718525,5.022945423021229,1.456375902085105,0.0,0.0,0.0,0.0,10.855117277342606,288.14963286465644,101324.32146418777,1.2250056233337343,340.2920700799821
3.85,0.11790222536613316,-9.484854891759696,4.977489039472346,1.491042649365655,0.0,0.0,0.0,0.0,10.814854489914902,288.1492336355351,101323.5836171573,1.2249984000285794,340.29183434386505
3.9,0.21922455401666407,-9.517301280919252,5.035927326720382,1.4834215861590736,0.0,0.0,0.0,0.0,10.869228459926632,288.1485750403989,101322.36642471477,1.2249864840511206,340.29144545739774
3.95,0.20659873987322516,-9.493994993786844,5.036289583777126,1.5117049391864128,0.0,0.0,0.0,0.0,10.852898485514007,288.1486571081908,101322.5180988849,1.2249879689007939,340.2914939167135
4.0,0.1110956959681772,-9.498694868253867,5.024171821440269,1.5086787009118645,0.0,0.0,0.0,0.0,10.850973141342296,288.1492778779762,101323.66538491042,1.2249992005112975,340.29186046807274
4.05,0.03141468548045957,-9.481653046489512,4.980920640378669,1.500339252332343,0.0,0.0,0.0,0.0,10.814912518917723,288.14979580454434,101324.62260757918,1.2250085714359829,340.2921662923968
4.1,-0.06780366323351504,-9.545294859224601,4.945675842323582,1.4082208115792054,0.0,0.0,0.0,0.0,10.842299080040519,288.15,101325.0,1.2250122659906946,340.29228686527705
4.15,-0.05667096862310482,-9.427122222540522,5.003106477788715,1.4374140882207913,0.0,0.0,0.0,0.0,10.768837777950987,288.15,101325.0,1.2250122659906946,340.29228686527705
4.2,-0.1556543863419487,-9.565001417348123,5.0762928680984984,1.4404957148295479,0.0,0.0,0.0,0.0,10.923965822951919,288.15,101325.0,1.2250122659906946,340.29228686527705
4.25,-0.016049169817245853,-9.534781492205342,5.069297122761027,1.3929368059028013,0.0,0.0,0.0,0.0,10.888071655172622,288.15,101325.0,1.2250122659906946,340.29228686527705
4.3,0.3947442333496237,-9.50749988939659,4.9902386588785586,1.4801272696735586,0.0,0.0,0.0,0.0,10.839087265719082,288.1474341624832,101320.25792216645,1.2249658423297205,340.2907717921206
4.35,0.23012795105632475,-9.461984264983007,4.966459290978301,1.4022325276743421,0.0,0.0,0.0,0.0,10.777806835409452,288.1485041683181,101322.23544212512,1.2249852017661615,340.29140360890983
4.4,0.20165992530245894,-9.502568319432571,5.060002000127232,1.3938081610957977,0.0,0.0,0.0,0.0,10.85564950137542,288.1486892104855,101322.577429018,1.224988549726858,340.2915128724456
4.45,0.06173409048994063,-9.639564404765947,5.059316605998824,1.5137907514824314,0.0,0.0,0.0,0.0,10.99133517242741,288.1495987284118,101324.25837411411,1.2250050057008826,340.29204992327817
4.5,0.14703117643236205,-9.439470382986546,4.982558216756662,1.5358997640365055,0.0,0.0,0.0,0.0,10.7837134411026,288.14904429735316,101323.23368775439,1.2249949743192698,340.29172254372764
4.55,0.14236859045000672,-9.501233857641596,4.826933191984551,1.5548522980942816,0.0,0.0,0.0,0.0,10.769879039542007,288.149074604162,101323.28969986437,1.224995522662044,340.29174043925104
4.6,0.19583530980745964,-9.51003869086456,5.0432031094897765,1.3225686800541279,0.0,0.0,0.0,0.0,10.845456256827942,288.14872707048625,101322.6474003414,1.2249892347272335,340.2915352279811
4.65,0.23680581035834417,-9.459990838677085,4.859873092727147,1.6674697108888838,0.0,0.0,0.0,0.0,10.765233317583021,288.1484607622327,101322.15522101964,1.2249844164225703,340.29137797851774
4.7,0.16982074739907307,-9.576618042686356,5.065308504324183,1.0036655549793494,0.0,0.0,0.0,0.0,10.880087680057397,288.1488961651419,101322.95991472807,1.2249922941576534,340.29163507480695
4.75,0.25771123729348433,-9.292855605878433,4.770578802402465,2.3021717574253326,0.0,0.0,0.0,0.0,10.69652196848699,288.1483248769576,101321.90408451529,1.2249819578612677,340.29129774107207
4.8,0.4390144162404292,-9.709395004598946,5.165887013815414,0.23174498335597468,0.0,0.0,0.0,0.0,11.000565700551421,288.14714640629444,101319.7261139444,1.2249606360451089,340.290601877715
4.85,-0.12897148035686484,-9.267507801059628,4.437552063939398,3.175195954378714,0.0,0.0,0.0,0.0,10.754554314874087,288.15,101325.0,1.2250122659906946,340.29228686527705
4.9,0.3396625863465457,-10.349155960608764,6.080630128202008,-1.5015134862399975,0.0,0.0,0.0,0.0,12.096843993470465,288.1477921931887,101320.91960934633,1.2249723200932812,340.2909832021365
4.95,-0.3947413017652909,-9.695124821540952,1.5977247636869738,6.308007386257206,0.0,0.0,0.0,0.0,11.676434683191335,288.15,101325.0,1.2250122659906946,340.29228686527705
5.0,0.8814497726931816,-56.021376099805785,33.87785621768982,0.8997025014729548,0.0,0.0,0.0,0.0,65.47452318737047,288.1442705764775,101314.4113569698,1.2249086054667901,340.2889037517518
5.05,-0.9273145027365385,-94.40571519351188,63.765519094904306,-31.12253271425659,0.0,0.0,0.0,0.0,118.09780916338396,288.15,101325.0,1.2250122659906946,340.29228686527705
5.1,13.278392767390176,-98.62760131988361,59.91417957692188,39.59580697251963,0.0,0.0,0.0,0.0,122.0038548009635,288.06369044701194,101165.5847698314,1.2234514071758233,340.2413191838121
5.15,37.7496949983758,-103.64526778679459,30.823231351789914,5.726523203086072,0.0,0.0,0.0,0.0,108.28299124773848,287.90462698251054,100872.32385780365,1.2205788218056834,340.14736871753325
5.2,60.29226250125444,-113.18571843027257,70.53303960652933,16.756900224480724,0.0,0.0,0.0,0.0,134.41246310460343,287.75810029374185,100602.78614166602,1.217937211216974,340.0608001005791
5.25,77.20603327344283,-114.8927955547975,65.21951677717493,15.325068984349302,0.0,0.0,0.0,0.0,132.9992390144386,287.6481607837226,100400.9341975376,1.2159580747991379,339.99583287763187
5.3,70.58797397470794,-109.66082533908242,66.61795856206898,11.735732582223866,0.0,0.0,0.0,0.0,128.84555264450438,287.6911781691644,100479.87620002082,1.216732182628765,340.0212548809884
5.35,66.28863138413402,-108.94367503654867,67.60651245660013,10.793577066155372,0.0,0.0,0.0,0.0,128.6696007722748,287.7191238960031,100531.18684755721,1.2172352744478396,340.0377689611652
5.4,59.38204484046826,-105.42883754478675,69.62916373629261,8.853165253236128,0.0,0.0,0.0,0.0,126.65638066699043,287.76401670853693,100613.65815143744,1.2180437886387658,340.0642959715997
5.45,54.09260399430884,-100.95298898004644,76.77230096727915,7.661526566938909,0.0,0.0,0.0,0.0,127.05979367664573,287.798398074037,100676.85621317882,1.218663270686377,340.0846104045481
5.5,48.98891047910407,-91.31062647915883,81.52395286117233,10.39803816148401,0.0,0.0,0.0,0.0,122.84911312555246,287.8315720818858,100737.86543859127,1.2192612270693635,340.1042103128796
5.55,44.27452343944709,-85.5082393911201,80.2692689092143,16.221699280475974,0.0,0.0,0.0,0.0,118.39745800706642,287.86221559764357,100794.24751462098,1.2198137711269097,340.1223141492263
5.6,39.678391030421885,-76.6445316893799,77.22033608482899,16.545106331228567,0.0,0.0,0.0,0.0,110.0504660891991,287.8920904583022,100849.23991173087,1.2203526396909947,340.13996294537037
5.65,34.91025852584482,-71.55561295396075,75.54084456006095,14.84318542440725,0.0,0.0,0.0,0.0,105.10444850532095,287.92308331958196,100906.31595083435,1.2209118666690448,340.1582712409628
5.7,30.23235867511873,-63.07768921155052,81.37580130174645,20.135846140946967,0.0,0.0,0.0,0.0,104.9107630969395,287.9534896686117,100962.33729274545,1.2214607012766947,340.17623211083543
5.75,25.09163236652105,-50.7392927073416,85.09161469784192,30.946240394841144,0.0,0.0,0.0,0.0,103.79175550544741,287.98690438961756,101023.9303695415,1.222064054660078,340.19596891652844
5.8,18.00198715716007,-40.63405127882639,92.53335853281001,38.64135638646925,0.0,0.0,0.0,0.0,108.19751840073775,288.0329870834784,101108.92412713188,1.2228965214939773,340.22318633396736
5.85,7.4533891042624205,-31.75307993040998,82.91952025282816,49.62559878523265,0.0,0.0,0.0,0.0,101.71826275954122,288.1015529708223,101235.49247948476,1.224135941783512,340.26367877336594
5.9,-6.394174906602829,-21.967185535519175,92.55046681302873,66.65443714918428,0.0,0.0,0.0,0.0,116.15059250531618,288.15,101325.0,1.2250122659906946,340.29228686527705
5.95,-23.89943557463682,-13.038161679701146,85.84447443051523,39.935522495141065,0.0,0.0,0.0,0.0,95.572555721804,288.15,101325.0,1.2250122659906946,340.29228686527705
6.0,-41.310446303679214,5.839664915749072,113.40874625584955,41.06671262770625,0.0,0.0,0.0,0.0,120.75645034406448,288.15,101325.0,1.2250122659906946,340.29228686527705
6.05,-52.652292045794,3.5286134936181295,106.44183031702636,-19.135214426687767,0.0,0.0,0.0,0.0,108.20568739942136,288.15,101325.0,1.2250122659906946,340.29228686527705
6.1,-58.19496923227496,25.143248416721867,130.05483401453495,55.128794608606846,0.0,0.0,0.0,0.0,143.47692074508421,288.15,101325.0,1.2250122659906946,340.29228686527705
6.15,-65.58495114816198,-7.041187125939678,66.31751919494121,151.2512137322954,0.0,0.0,0.0,0.0,165.30130466456217,288.15,101325.0,1.2250122659906946,340.29228686527705
6.2,-72.67942221959191,-64.4736011237558,-4.23689393583173,110.60095956754999,0.0,0.0,0.0,0.0,128.09125172841226,288.15,101325.0,1.2250122659906946,340.29228686527705
6.25,-63.55970842155578,-42.369895281636374,-82.52461866154853,85.93887758659167,0.0,0.0,0.0,0.0,126.4555708233292,288.15,101325.0,1.2250122659906946,340.29228686527705
6.3,-29.593915005911246,-27.967303777415815,-89.10739137854412,-15.643906692144377,0.0,0.0,0.0,0.0,94.69439843760462,288.15,101325.0,1.2250122659906946,340.29228686527705
6.35,-0.19470802595667372,-18.608817775872765,-2.068102739820514,-12.558469957183563,0.0,0.0,0.0,0.0,22.54507297889216,288.15,101325.0,1.2250122659906946,340.29228686527705
6.4,27.46634934790195,-30.602468638978614,-18.607726561975973,32.05968987980178,0.0,0.0,0.0,0.0,48.0685166173661,287.9714687292386,100995.47416526583,1.221785312111078,340.1868518009171
6.45,45.11609548513187,-31.06258140938753,-59.30240444396015,15.735025529420598,0.0,0.0,0.0,0.0,68.7695438770781,287.85674537934665,100784.18079559758,1.2197151216451612,340.11908247788455
6.5,54.641549797853614,-27.283557374759134,-54.54427102546142,-20.080910878644488,0.0,0.0,0.0,0.0,64.20835604839004,287.7948299263139,100670.29593267522,1.2185989687387198,340.0825021998159
6.55,55.50638572303162,-15.210049863195481,-25.19316770631854,0.8535851546333739,0.0,0.0,0.0,0.0,29.44095656624959,287.7892084928003,100659.9612498576,1.218497669588019,340.07918080500264
6.6,57.75892436139782,-19.529694569853778,-19.68606718641513,32.825109344350004,0.0,0.0,0.0,0.0,42.970199146947884,287.7745669916509,100633.04772318211,1.2182338575850689,340.0705297977682
6.65,60.06246954443653,-23.09006640125989,-17.890584086523262,45.97667499681035,0.0,0.0,0.0,0.0,54.4708987362415,287.75959394796115,100605.5307923913,1.2179641170101212,340.06168266928745
6.7,61.32468985587149,-17.129628514395048,-8.29208083644294,38.31615133537955,0.0,0.0,0.0,0.0,42.78212513182332,287.7513895159368,100590.45556108648,1.2178163328928342,340.05683481554894
6.75,63.482693783469145,-11.359839798734253,-1.0661520558641078,25.02508724036703,0.0,0.0,0.0,0.0,27.503411276550963,287.7373624904074,100564.68584400989,1.2175636998200023,340.0485463342257
6.8,65.25188351361456,-4.628519821572062,2.6128199522348603,5.280395139365385,0.0,0.0,0.0,0.0,7.492169023007665,287.7258627571615,100543.56312402793,1.217356614334674,340.0417510633371
6.85,66.15362872678175,-3.6929888716021595,1.2203749086406075,-7.201889184095669,0.0,0.0,0.0,0.0,8.185028377679037,287.7200014132759,100532.7983847781,1.2172510744937004,340.03828750297106
6.9,68.51767615401776,-0.31176722080215435,0.5652835378440253,-4.89945887624433,0.0,0.0,0.0,0.0,4.941805495781224,287.7046351049989,100504.58159060022,1.216974420711502,340.0292071420423
6.95,71.91695575666883,-6.403844488131384,10.918922965546958,14.86245553485496,0.0,0.0,0.0,0.0,19.52241500125587,287.6825397875816,100464.01971400059,1.216576702703683,340.01615000531285
7.0,75.054065081213,-1.338860468040667,3.452964682758737,1.3415754705512317,0.0,0.0,0.0,0.0,3.938951281298866,287.6621485769721,100426.59794451858,1.2162097470319517,340.00409945856205
7.05,77.12023727428212,-8.136889153189392,16.720996307578616,-2.5985905399204143,0.0,0.0,0.0,0.0,18.776404219219206,287.64871845771717,100401.95727402737,1.2159681078607816,339.99616245864127
7.1,78.43192542555411,-5.408409628054923,7.809588906537331,-21.04884586469621,0.0,0.0,0.0,0.0,23.093169679142942,287.64019248473386,100386.31693858781,1.2158147247808027,339.99112363977974
7.15,79.17794609009613,-6.587370451230168,2.640616865918825,-2.1773466684273055,0.0,0.0,0.0,0.0,7.423418714367847,287.63534335041436,100377.4224014658,1.2157274949881007,339.9882577858109
7.2,79.92729351083408,-5.190807944033628,2.7636822854388465,-2.75852101439328,0.0,0.0,0.0,0.0,6.495526543209598,287.63047259217956,100368.48884304879,1.2156398810285465,339.98537912771957
7.25,80.97917817375996,-11.799485629005526,-2.1783427706157585,-1.1566175364041988,0.0,0.0,0.0,0.0,12.054493040394506,287.6236353418705,100355.94958703074,1.215516902459642,339.9813382155519
7.3,82.34817809975574,0.18445981417991952,-0.041627724323545244,22.804225944138654,0.0,0.0,0.0,0.0,22.805009958379895,287.6147368423516,100339.63197846731,1.2153568633759788,339.97607900385555
7.35,83.88482287771046,0.52201208666373,5.583158169990471,0.3192861691132842,0.0,0.0,0.0,0.0,5.6165910860184045,287.60474865129487,100321.31870908295,1.215177245445423,339.97017566324234
7.4,85.5031309048168,1.5549739816903647,-0.23358218101771389,3.5053780746151246,0.0,0.0,0.0,0.0,3.8418979899283396,287.5942296491187,100302.03512784794,1.2149881038797903,339.963958485442
7.45,87.17941615286348,-5.371147315146543,15.157540339992167,-11.189452106087922,0.0,0.0,0.0,0.0,19.590918586782276,287.58333379500635,100282.06386114933,1.214792209909478,339.95751845223134
7.5,88.66807946917892,-8.722363519391918,17.464113649579637,-21.62666398093436,0.0,0.0,0.0,0.0,29.13395760747407,287.5736574834503,100264.33062223859,1.2146182620632422,339.95179913169187
7.55,90.15286237696672,4.118659526128088,-0.6795234055390286,0.9378044487986333,0.0,0.0,0.0,0.0,4.278385856257885,287.5640063945497,100246.64613685917,1.2144447866178678,339.9460946235119
7.6,91.49930211652436,-0.3588792361969583,4.076800862583192,-3.0175832106309772,0.0,0.0,0.0,0.0,5.084772169174773,287.55525453624256,100230.61156954439,1.2142874909627273,339.9409215444351
7.65,92.59203458418881,1.5892283839659098,0.6039281214159125,1.030271761756503,0.0,0.0,0.0,0.0,1.9879225174318789,287.54815177520277,100217.59989426087,1.2141598457090903,339.9367231616801
7.7,93.77864441532468,2.8434534410472705,0.5807496649515252,-1.0816024649812106,0.0,0.0,0.0,0.0,3.0971537800048456,287.54043881130036,100203.4719265178,1.214021245994152,339.93216403438095
7.75,94.99771616461652,2.2886111398215916,2.253889797984762,0.43275502859437076,0.0,0.0,0.0,0.0,3.24114749518577,287.53251484492995,100188.95914150037,1.213878867231885,339.92748011999856
7.8,96.24953453855679,3.4206583394693193,-0.2763705500238244,0.22786924513427273,0.0,0.0,0.0,0.0,3.4393616485010026,287.52437802549935,100174.05828626922,1.2137326771949466,339.92267031945283
7.85,97.55040417157828,-2.168414713058049,6.310326175254829,-2.4856802909219553,0.0,0.0,0.0,0.0,7.1204526060209625,287.51592237288475,100158.57545725275,1.213580773118243,339.9176719795415
7.9,98.87767137022051,2.6931643144354163,-9.764288406971403,1.1092249987622587,0.0,0.0,0.0,0.0,10.189447591353698,287.50729513609355,100142.78044402697,1.2134258015573207,339.91257213633907
7.95,100.21496057982733,14.683128932578049,-46.25474116103198,10.310009999230806,0.0,0.0,0.0,0.0,49.61241438701624,287.4986027562311,100126.8682047624,1.2132696751396044,339.9074337075413
8.0,101.58026153695191,0.18498535172864974,8.177413982553912,-0.1821304804527585,0.0,0.0,0.0,0.0,8.181533507499212,287.4897283000098,100110.62476934018,1.2131102942491125,339.90218756566566
8.05,103.09056686592902,3.3074918873614236,-1.8289505942443922,1.2144031447197992,0.0,0.0,0.0,0.0,3.969803251932504,287.47991131537145,100092.65865493781,1.2129340046696997,339.89638415303614
8.1,104.67084014276774,0.4767921504090845,3.2854568270838405,0.5288504816864846,0.0,0.0,0.0,0.0,3.3617317188174853,287.469639539072,100073.86301907725,1.2127495691017587,339.8903117795017
8.15,106.3471958821218,1.8033950902942246,-1.5396612694649334,1.8231896566879662,0.0,0.0,0.0,0.0,2.9911220638151277,287.45874322676616,100053.92771058722,1.2125539430881114,339.8838700799738
8.2,107.99802714855886,-0.34865165865887593,1.4812936001960233,0.014869048198227323,0.0,0.0,0.0,0.0,1.521844209392539,287.4480128235343,100034.29908315038,1.212361319302621,339.8775263435253
8.25,109.88906169580858,2.404866859737368,-1.6318538963859095,-0.3130010813553017,0.0,0.0,0.0,0.0,2.9230637059671714,287.43572109897724,100011.81823502795,1.2121406966689012,339.8702594197468
8.3,111.89376938512072,0.8338226557643311,0.21289458354049326,-0.3979152097602755,0.0,0.0,0.0,0.0,0.9481143597295246,287.4226904989967,99987.99049416317,1.211906845593414,339.8625554997664
8.35,113.73263369625052,0.3061216312645177,-0.05571817417280998,-0.083889058074285,0.0,0.0,0.0,0.0,0.3222612947994091,287.41073788097435,99966.13799227274,1.211692370658599,339.85548874812537
8.4,115.67993249859984,0.6609324971805035,0.4963262608237896,-0.7111539365962,0.0,0.0,0.0,0.0,1.0903721587370307,287.39808043875905,99943.00110418187,1.2114652801841737,339.8480051227668
8.45,117.43050839121081,1.401098736943698,-0.35079052714342485,-0.1510760139930222,0.0,0.0,0.0,0.0,1.4522243719903642,287.38670169545713,99922.20528649697,1.2112611589742877,339.8412773786512
8.5,119.14564011675242,1.2485861398283793,-0.7119466935332571,0.8552266139642427,0.0,0.0,0.0,0.0,1.672497534897201,287.3755533392411,99901.83392306916,1.2110611961553404,339.83468572298625
8.55,120.89171912728523,-0.10150623733653251,1.004632413779387,0.6129492786056349,0.0,0.0,0.0,0.0,1.1812267441848692,287.36420382567263,99881.09843998488,1.2108576512149132,339.8279749982674
8.6,122.55716532531343,0.21135219840433778,0.11731363033628571,0.2948082110211955,0.0,0.0,0.0,0.0,0.3812402404239917,287.3533784253854,99861.32375567974,1.2106635302376134,339.8215740470426
8.65,124.25005281512847,0.881034677229383,-0.23851304001137721,-0.5320674079493084,0.0,0.0,0.0,0.0,1.0565066489795736,287.3423746567016,99841.22649610911,1.2104662351609838,339.8150675047954
8.7,126.0328319272261,-0.2997951085274215,-0.1060310871950787,-0.3762929804290604,0.0,0.0,0.0,0.0,0.4926622632888824,287.33078659247303,99820.06562108424,1.2102584903900175,339.8082153331746
8.75,127.66209167057166,-0.0044541185553978934,-0.19504104045763132,0.35294629063539057,0.0,0.0,0.0,0.0,0.40327649411809574,287.32019640414126,99800.73013571261,1.2100686588729852,339.80195309758335
8.8,129.3454817070391,-3.715365890431695,0.5538656172436895,0.2615596530054813,0.0,0.0,0.0,0.0,3.765517796243749,287.30925436890425,99780.75543661664,1.209872544348622,339.7954826851463
8.85,131.0212037402164,-1.6783009036981529,0.7293134008183283,-0.38233190634653386,0.0,0.0,0.0,0.0,1.8694303000052737,287.29836217568857,99760.87493944755,1.2096773472956739,339.7890416236874
8.9,132.69665614612856,-4.521730821100165,1.4339227477217373,0.15527769600509503,0.0,0.0,0.0,0.0,4.746187441283549,287.28747173505013,99741.00084783699,1.2094822057382635,339.7826014765391
8.95,134.37204970526025,-16.589372964954503,3.379962954706088,0.2957155987904446,0.0,0.0,0.0,0.0,16.93277569274798,287.2765816769158,99721.13066018395,1.2092870951174428,339.7761614335269
9.0,136.19088072745765,0.3930606503891047,0.07054084119951036,-0.027997127336210743,0.0,0.0,0.0,0.0,0.4003205269537406,287.2647592752715,99699.56293135775,1.209075307519548,339.76916989325764
9.05,138.04835461458563,-2.992351606286327,0.21154637356086434,-0.4817921426729867,0.0,0.0,0.0,0.0,3.038263265839967,287.2526856950052,99677.54087334417,1.2088590495725375,339.76202966230903
9.1,139.791014194103,-0.7728489994437635,0.08154792073330853,-0.24213991494243156,0.0,0.0,0.0,0.0,0.813988561176065,287.2413584077383,99656.88362565836,1.2086561858829032,339.75533064739074
9.15,141.6148326612377,-2.1429470292693478,0.28906838858307343,-0.1982579043768679,0.0,0.0,0.0,0.0,2.171425499569406,287.2295035877019,99635.26804421986,1.2084439023481846,339.7483195054683
9.2,143.3279806299708,-1.202994328130938,0.21864988585172918,-0.30244222252129177,0.0,0.0,0.0,0.0,1.259553263685899,287.21836812590516,99614.96756839768,1.2082445262986645,339.74173367244344
9.25,145.11470112073349,-1.9117602898875905,0.3334092916893906,-0.2240378804604552,0.0,0.0,0.0,0.0,1.9535050892324592,287.20675444271524,99593.79884045679,1.2080366146943087,339.7348648694949
9.3,146.8411521609209,-0.930465803806228,0.2744252169150686,-0.15448086254318708,0.0,0.0,0.0,0.0,0.9823136711986348,287.19553251095397,99573.34763411453,1.207835742342627,339.72822763229004
9.35,148.35768924517924,-1.6651342924134664,0.7133252166506546,0.06682914083527994,0.0,0.0,0.0,0.0,1.8127248027612413,287.1856750199063,99555.38583366948,1.2076593145344992,339.7223972896838
9.4,150.1127487610483,-0.4635609465096531,0.21317846578010016,-0.17405887118899824,0.0,0.0,0.0,0.0,0.5391013819689865,287.17426713305315,99534.60225887026,1.2074551626000039,339.715649820199
9.45,151.9739418146968,-2.544343770328649,0.7699258255916341,0.15116865008848462,0.0,0.0,0.0,0.0,2.66257825411625,287.16216937820445,99512.56567964412,1.207238693852787,339.70849416524607
9.5,153.69057721461877,0.8740505836498521,-0.008212784056705762,-0.4157176328557656,0.0,0.0,0.0,0.0,0.9679116813365826,287.15101124810496,99492.24416957538,1.207039064413455,339.7018941517341
9.55,155.23883145111523,-13.233187332522737,3.2452511319885473,5.332386894223934,0.0,0.0,0.0,0.0,14.631584052214043,287.14094759556775,99473.9188359656,1.2068590378678834,339.6959414097125
9.6,157.00717770435625,-4.119038170839785,1.5288060245959476,1.621154389398555,0.0,0.0,0.0,0.0,4.6831468979674575,287.12945334492167,99452.99180894747,1.2066534447861643,339.6891423282818
9.65,158.7327824952691,0.8297860404587767,-0.7937459917462895,-0.02986130658203281,0.0,0.0,0.0,0.0,1.148681535493777,287.1182369137807,99432.57403134726,1.2064528467829052,339.68250745150397
9.7,160.48418999199885,-1.8905746504422851,0.24213543586485065,0.7154554185110448,0.0,0.0,0.0,0.0,2.035872916975233,287.106852765052,99411.85442072117,1.206249275356718,339.67577323190335
9.75,162.14163398967688,-0.9209162630967673,0.1565673276156687,-0.3767718236309664,0.0,0.0,0.0,0.0,1.0072522518192901,287.0960793790671,99392.2496428485,1.206056649796865,339.6694001820972
9.8,163.8076789018237,-1.5441284087588842,0.24289953639495782,-0.19736798223703636,0.0,0.0,0.0,0.0,1.5755274824418166,287.08525008713815,99372.54628575817,1.2058630483691908,339.66299394034405
9.85,165.34459049506134,-1.0148402980811766,0.01801190088845901,-0.33655532880057265,0.0,0.0,0.0,0.0,1.0693431388133412,287.07526016178207,99354.37291903015,1.2056844738599823,339.65708413223973
9.9,166.92901980939826,-1.259118603856636,0.40310320752455747,-0.2304334012370942,0.0,0.0,0.0,0.0,1.342002759647001,287.0649613712389,99335.6404916096,1.2055003994233746,339.65099149900885
9.95,168.4067392063155,-1.139329334000927,0.2951672023474199,-0.20102126161029307,0.0,0.0,0.0,0.0,1.1939868325387817,287.05535619515894,99318.17225419996,1.2053287416150658,339.6453091007566
10.0,169.87963444040412,-1.2282102370023262,0.3194355664081411,-0.35485636965324574,0.0,0.0,0.0,0.0,1.3177490316624336,287.04578237613737,99300.76351887161,1.2051576628099483,339.63964515865683
10.05,171.51150131835286,-1.0707252138697128,0.39017735918758306,-0.131730087924303,0.0,0.0,0.0,0.0,1.1471894661752622,287.0351752414307,99281.4787197552,1.2049681409230082,339.63336978906204
10.1,173.0461930145718,-1.0619498141693215,0.28990835479162375,-0.3576128534459343,0.0,0.0,0.0,0.0,1.1574416680515636,287.02519974540525,99263.3450682434,1.2047899255808132,339.6274680023481
10.15,174.4184930820191,-1.0930489404461836,0.4742568817758374,0.4655726584938977,0.0,0.0,0.0,0.0,1.279231596099526,287.01627979496686,99247.13247946944,1.2046305849669672,339.6221906195226
10.2,175.8679501845649,-0.9051598431692649,0.546397895389459,0.2919571485428845,0.0,0.0,0.0,0.0,1.0968609658281812,287.0068583238003,99230.01067269435,1.2044623029971855,339.61661642885736
10.25,177.20505799103492,-1.0272001990589132,0.22740879843024717,-0.5119480374671269,0.0,0.0,0.0,0.0,1.1700195740313932,286.99816712305824,99214.21812030292,1.2043070807288991,339.6114742197964
10.3,178.7239716627313,-1.1169326531778352,0.34060878523615207,0.0011027482086475174,0.0,0.0,0.0,0.0,1.1677131978223665,286.9882941841922,99196.28073179392,1.2041307715349923,339.60563273273505
10.35,180.11147840602837,-1.1139890495078406,0.6758752665280635,0.09300179106716204,0.0,0.0,0.0,0.0,1.3063032999535227,286.9792753903608,99179.8974692649,1.2039697327704968,339.6002965268498
10.4,181.5808489707252,-1.0698809430229377,0.6355159251757064,0.16500989850745065,0.0,0.0,0.0,0.0,1.255290400664732,286.96972448169026,99162.54997217508,1.2037992105757305,339.5946453898484
10.45,182.99455466299975,-1.076414618699081,0.588784068915805,0.011620076455534426,0.0,0.0,0.0,0.0,1.2269760133494754,286.96053539469045,99145.86197783744,1.2036351657960669,339.5892082488256
10.5,184.38367059673962,-1.1308302315928982,0.609264845803304,-0.06953375451263667,0.0,0.0,0.0,0.0,1.2863963650573624,286.9515061411212,99129.46646682356,1.2034739910427497,339.5838655957205
10.55,185.66686083873458,-1.2054206576322644,0.48408355973967737,-0.27539615785775695,0.0,0.0,0.0,0.0,1.327862529940375,286.9431654045482,99114.32313040833,1.203325121185495,339.5789302667729
10.6,186.93623473143066,-1.1164118204781284,0.37477656171361845,-0.18164603566829637,0.0,0.0,0.0,0.0,1.1915654016407067,286.93491447424566,99099.34468824226,1.203177868099783,339.57404800685975
10.65,188.246379578116,-1.5131864483375814,0.4467297217700011,-0.27077504428689714,0.0,0.0,0.0,0.0,1.6008184770153604,286.9263985327422,99083.88707649043,1.2030258998571879,339.5690088602803
10.7,189.46030109962635,0.05110966733233013,0.052805395318812044,1.2079867561675461,0.0,0.0,0.0,0.0,1.210220067155469,286.9185080428524,99069.56648852129,1.2028851059983376,339.56433974606506
10.75,190.74299769897496,-0.57714792840521,0.7024521092557229,-0.1765591029546575,0.0,0.0,0.0,0.0,0.9261273205647228,286.91017051495663,99054.43638458886,1.2027363491201077,339.55940603206034
10.8,191.90238134569677,-0.784406113474998,0.46505061193460356,-0.1124332609677442,0.0,0.0,0.0,0.0,0.9188069768398265,286.90263452125293,99040.76243393875,1.2026019052001855,339.5549465624907
10.85,193.07536381646776,-0.8790358468534495,0.34612572211189874,-0.19123723991391106,0.0,0.0,0.0,0.0,0.9638872950146896,286.89501013519293,99026.9296521625,1.2024658960401953,339.5504347266102
10.9,194.29825192105503,-1.2498549300010513,0.5803155952156115,-0.130815000171505,0.0,0.0,0.0,0.0,1.3842023336088742,286.8870613625131,99012.51000748208,1.2023241127733482,339.54573086662884
10.95,195.47627413742654,-0.8902803428898877,0.5343886001850864,-0.23106104816840548,0.0,0.0,0.0,0.0,1.063747842735577,286.8794042181067,98998.62100526688,1.2021875434117466,339.54119952242985
11.0,196.78877703461302,-1.287925624918062,0.5503528234674782,0.023763258156204507,0.0,0.0,0.0,0.0,1.4007873993070483,286.870872949275,98983.1483201605,1.202035397540103,339.53615081773717
11.05,197.87818701636752,-0.6382666938493208,0.479324251557546,-0.34353179001804035,0.0,0.0,0.0,0.0,0.8689937867220588,286.8637917843936,98970.3070947193,1.2019091238785193,339.5319602105143
11.1,199.0393705621456,-2.3291420390271393,0.8720872901278593,0.3346719023690797,0.0,0.0,0.0,0.0,2.5094708927981997,286.856244091346,98956.62133644438,1.2017745421065835,339.52749345669963
11.15,200.0588413538009,-5.623770200926607,1.8434604914801251,1.8610357773471415,0.0,0.0,0.0,0.0,6.203917473745466,286.8496175312003,98944.60707401116,1.201656394420333,339.5235717844395
11.2,201.09078404565534,-0.11542100830283865,0.3426429108948482,-0.5379707162396805,0.0,0.0,0.0,0.0,0.6481810434404679,286.84290990370323,98932.44703560192,1.2015368104006612,339.5196020894835
11.25,202.28376901866028,-1.5002310958464913,0.5788961381757489,-0.10409712813045871,0.0,0.0,0.0,0.0,1.6114125144805624,286.83515550137867,98918.39084149666,1.201398575757811,339.51501283645626
11.3,203.48969744166976,-0.7061488653784384,0.43168443292278597,-0.31833740416383244,0.0,0.0,0.0,0.0,0.8867560953232237,286.8273169666291,98904.18378640844,1.201258853685601,339.51037372866716
11.35,204.51202678653456,-1.0511672547336017,0.4653656598636959,-0.1387734820257074,0.0,0.0,0.0,0.0,1.1579187683590284,286.82067182588753,98892.14100805376,1.2011404136274406,339.5064408618332
11.4,205.5362967842313,-0.895047563508151,0.5065312507707828,-0.3371516947753199,0.0,0.0,0.0,0.0,1.0822916955419928,286.8140140709025,98880.07656007867,1.2010217576981326,339.5025004836836
11.45,206.69754779501784,-1.0240069713142075,0.4725119919848251,-0.2004836146563064,0.0,0.0,0.0,0.0,1.1454481828591034,286.8064659393324,98866.40011158025,1.2008872441341116,339.49803308272567
11.5,207.86016154443072,-0.9298905134475531,0.5000494856818062,-0.15856168479865188,0.0,0.0,0.0,0.0,1.0676552172946938,286.7989089499612,98852.70914811477,1.2007525842633553,339.493560380342
11.55,208.84528506637497,-1.014595830135133,0.46643088542225664,-0.20806775704334587,0.0,0.0,0.0,0.0,1.1358937718485997,286.79250564706854,98841.10951479322,1.200638491259995,339.48977045617653
11.6,209.68153941701402,-0.9257527307300366,0.5157655605564185,-0.2288398199282696,0.0,0.0,0.0,0.0,1.0841586115947237,286.7870699937894,98831.26365125674,1.200541646187671,339.4865532217795
11.65,210.440916084844,-0.934297567187553,0.4657803395837072,-0.2380256509195,0.0,0.0,0.0,0.0,1.070756498598512,286.7821340454485,98822.32361564325,1.200453709355292,339.483631724483
11.7,211.29050649449206,-0.9940635326901837,0.541357505103724,-0.22284855254659963,0.0,0.0,0.0,0.0,1.1536428098543894,286.7766117077858,98812.32228238175,1.2003553314918076,339.4803631243019
11.75,212.16954660319698,-1.0050931543906614,0.4033568434768332,-0.2016700943908318,0.0,0.0,0.0,0.0,1.101625988779391,286.7708979470792,98801.97513155529,1.200253550008616,339.47698119017247
11.8,213.02392095955113,-0.35563958162341963,0.16274007274941313,-0.6825954236504334,0.0,0.0,0.0,0.0,0.7867022026690149,286.7653445137629,98791.91916123967,1.2001546308280757,339.4736941203926
11.85,213.7973966475301,-0.6988456157142363,0.6399857442525055,-0.3185741768657523,0.0,0.0,0.0,0.0,0.9997281898671935,286.76031692179106,98782.81608152733,1.2000650834477509,339.4707182679534
11.9,214.5933507518899,-0.7232228971551785,0.34467988193576043,-0.583293513786144,0.0,0.0,0.0,0.0,0.9910029784040845,286.7551432201127,98773.44916115496,1.1999729390167178,339.46765590534056
11.95,215.24955434783053,-0.8220720590840056,0.45384376390574654,-0.5956790904652619,0.0,0.0,0.0,0.0,1.1120297708156348,286.7508778967391,98765.72738891946,1.1998969770151806,339.46513119960133
12.0,215.97857090654483,-0.8200410216393373,0.59582407146254,-0.28366871797134185,0.0,0.0,0.0,0.0,1.0525880214314578,286.7461392891074,98757.14937482089,1.1998125905129038,339.46232632814144
12.05,216.68468549606519,-0.8010126665444014,0.6388153542459264,-0.15734344205408352,0.0,0.0,0.0,0.0,1.0365632192694991,286.74154954427553,98748.841413174,1.1997308593312872,339.45960954929234
12.1,217.5125371504833,-0.9344294262778878,0.5197173481280357,-0.3388101244556339,0.0,0.0,0.0,0.0,1.1216313008617862,286.7361685085218,98739.1018454123,1.1996350427813873,339.4564243588854
12.15,218.03724110344479,-0.9392393661908272,0.3881685894198875,-0.29525495772616356,0.0,0.0,0.0,0.0,1.0583104132893384,286.7327579328276,98732.92917394613,1.1995743159436838,339.4544055251978
12.2,218.82142685239666,-0.9955479596567868,0.6439448495980962,-0.39851539190492447,0.0,0.0,0.0,0.0,1.2508378099841089,286.7276607254594,98723.70451430856,1.1994835622525877,339.4513882954971
12.25,219.41291056027976,-1.0465651583273328,0.8142908708012073,-0.3252751843740683,0.0,0.0,0.0,0.0,1.3653469150602302,286.72381608135817,98716.74713996678,1.1994151134130377,339.4491124875942
12.3,219.97668960944068,-0.9073275491667511,0.4247800804682919,-0.21071756820854823,0.0,0.0,0.0,0.0,1.0237593915521925,286.7201515175386,98710.11601345347,1.199349873448053,339.4469432626449
12.35,220.42738660235526,-0.8920614706281442,0.49449871274895535,-0.2692906902313092,0.0,0.0,0.0,0.0,1.0549028960690534,286.71722198708466,98704.81520895468,1.1992977211816287,339.44520912799715
12.4,220.9934212000966,-0.9912601525187278,0.5427283198762695,-0.24775235276867077,0.0,0.0,0.0,0.0,1.15694941439528,286.7135427621993,98698.15820519332,1.1992322251168284,339.4430311994121
12.45,221.38789802259032,-0.9321187024949567,0.5526793577714547,-0.23537826429931547,0.0,0.0,0.0,0.0,1.1089195982360973,286.71097866285317,98693.51906825612,1.199186581681349,339.44151336458657
12.5,221.81359671072389,-0.8918280579233919,0.6215788240198934,-0.27799247651136444,0.0,0.0,0.0,0.0,1.1220505052653753,286.70821162138026,98688.51295317906,1.1991373271717347,339.4398753892714
12.55,222.2318910304309,-0.9493857356505465,0.4304654128686033,-0.2372364479436696,0.0,0.0,0.0,0.0,1.069071970900835,286.7054927083022,98683.59411199448,1.1990889308754895,339.43826589629725
12.6,222.57664581753386,-0.8981261999547536,0.5040054941484028,-0.2710843920608313,0.0,0.0,0.0,0.0,1.0649596033634008,286.703251802186,98679.54019220556,1.199049044163818,339.43693935949943
12.65,222.83310128961378,-0.8907457625495536,0.5172155905319092,-0.2726257276931161,0.0,0.0,0.0,0.0,1.0654880421616464,286.7015848416175,98676.52465827364,1.1990193739783006,339.4359525747101
12.7,223.1070946897617,-0.8763084655658807,0.4607406004421602,-0.2063996208212658,0.0,0.0,0.0,0.0,1.0113353702869257,286.69980388451654,98673.30298690744,1.1989876753922304,339.4348983046243
12.75,223.41194362687955,-0.9095839821207176,0.40817214403834184,-0.2726905775933211,0.0,0.0,0.0,0.0,1.0335897013842668,286.69782236642527,98669.7186098214,1.1989524078499534,339.4337253049486
12.8,223.9174263349622,-1.0218847171387657,0.4833896933037961,-0.1318991578502616,0.0,0.0,0.0,0.0,1.138117462547571,286.6945367288227,98663.77543737135,1.1988939310195335,339.43178029644184
12.85,224.35745245195378,-0.8289939764228372,0.2761270424701045,-0.34535151971373024,0.0,0.0,0.0,0.0,0.9395450115333578,286.6916765590623,98658.60210154408,1.1988430283195075,339.4300871443048
12.9,224.75070287401005,-1.1057809383960953,0.6582177782038514,0.03609526834700056,0.0,0.0,0.0,0.0,1.2873635833208914,286.6891204313189,98653.97888798425,1.198797538081898,339.42857397062807
12.95,225.04000353143553,-0.5117318596694116,-0.10765623797664914,-0.7280669989645066,0.0,0.0,0.0,0.0,0.8964044381623633,286.68723997704564,98650.57786257379,1.1987640733394294,339.42746077707875
13.0,225.26121219659123,-0.07178125559947071,0.21232065344344475,-0.3663725731502828,0.0,0.0,0.0,0.0,0.4294897797280481,286.68580212072214,98647.97739229591,1.1987384855941812,339.42660959072526
13.05,225.39376592285794,-1.046890978219008,0.8255897952344847,-0.7191084637138986,0.0,0.0,0.0,0.0,1.5148254727382402,286.6849405215014,98646.41915251443,1.1987231529819198,339.42609953769875
13.1,225.65128288581687,-0.48840323822192755,-0.2252274889297354,-0.739950147525979,0.0,0.0,0.0,0.0,0.9147630106748835,286.68326666124216,98643.3919601785,1.198693366185224,339.4251086368735
13.15,225.76211649125094,-0.6603740316917991,0.8701999751507844,0.07121571652429975,0.0,0.0,0.0,0.0,1.094720757437885,286.68254624280684,98642.08909968208,1.1986805463183376,339.4246821587917
13.2,225.96099384098216,-1.0904308787129193,0.332289125015966,-0.4958518181164648,0.0,0.0,0.0,0.0,1.2431108516073333,286.6812535400336,98639.75131079773,1.1986575428980826,339.4239168946898
13.25,225.86823498780194,-0.7387071432791227,-0.37466984346183474,0.3886437179296941,0.0,0.0,0.0,0.0,0.9149369784949856,286.6818564725793,98640.84167883573,1.1986682719354878,339.424273823537
13.3,225.87100554241547,-0.8820612274851849,0.30870943259822525,-0.1785337553934794,0.0,0.0,0.0,0.0,0.9514241034484506,286.68183846397426,98640.8091111916,1.1986679514756948,339.4242631626639
13.35,225.79330416531766,-0.9004560974586387,0.5660583451510075,-0.10602682354982004,0.0,0.0,0.0,0.0,1.068870862582381,286.6823435229254,98641.72248785953,1.1986769389310972,339.42456215123565
13.4,225.82189628414014,-1.0947288001201196,0.42335027519779383,-0.22032247769146124,0.0,0.0,0.0,0.0,1.1942355695165796,286.6821576741531,98641.38638781766,1.1986736317714537,339.42445213112137
13.45,225.6412168312867,-1.0497345457994405,0.5093047645158136,-0.25186568262715747,0.0,0.0,0.0,0.0,1.1936374164244812,286.6833320905966,98643.51028838096,1.1986945305076742,339.42514737015
13.5,225.61506397261803,-0.9308652158388028,0.5261544571506849,-0.22242217749904727,0.0,0.0,0.0,0.0,1.092163077512498,286.683502084178,98643.81772027044,1.1986975555659136,339.42524800398775
13.55,225.48084863276827,-1.0328876660964832,0.5843720644067041,-0.19799393908646287,0.0,0.0,0.0,0.0,1.2031414049679146,286.684374483887,98645.39545964109,1.1987130801258876,339.4257644520222
13.6,225.4383406623156,-0.9766346439126274,0.6087832663617635,-0.1675768747479416,0.0,0.0,0.0,0.0,1.162976483873483,286.68465078569494,98645.8951571456,1.1987179970142408,339.42592801854016
13.65,225.18598224160561,-0.9424124596415838,0.5780604704217869,-0.17222162345327666,0.0,0.0,0.0,0.0,1.1189081459784085,286.6862911154295,98648.86176942442,1.1987471875794753,339.4268990674688
13.7,225.02506434873226,-0.9690331275117212,0.6012639199919271,-0.20380229133489944,0.0,0.0,0.0,0.0,1.1584812806655795,286.68733708173323,98650.75348563633,1.198765801406153,339.4275182613162
13.75,224.74232788794023,-1.0575548093350906,0.6297620061657417,-0.20559883301834883,0.0,0.0,0.0,0.0,1.2479155577586916,286.68917486872834,98654.07734593378,1.1987985068658407,339.4286061964959
13.8,224.41761970311256,-1.0067747687028734,0.5771072275511833,-0.253460903422523,0.0,0.0,0.0,0.0,1.1878091667234678,286.69128547192975,98657.89473924776,1.1988360682349215,339.4298556294134
13.85,224.08438264929146,-1.052004210121182,0.5277922248556405,-0.18583668370666245,0.0,0.0,0.0,0.0,1.1915589636026616,286.6934515127796,98661.81252556163,1.198874617136757,339.4311378754765
13.9,223.65671451953386,-1.0023430985674797,0.44056645874515304,-0.12244054062278178,0.0,0.0,0.0,0.0,1.1017178303926556,286.696231355623,98666.84069945937,1.198924091226088,339.43278347101983
13.95,223.06138027513757,-1.1979722791904048,0.7282965136910664,-0.2545603123754684,0.0,0.0,0.0,0.0,1.424905030589727,286.7001010282116,98673.84050057943,1.198992964096617,339.43507420448964
14.0,222.66611799058376,-1.2467866521325917,0.7540837405818306,-0.14125169000833532,0.0,0.0,0.0,0.0,1.463923250609844,286.70267023306116,98678.48812439363,1.1990386927670917,339.4365950903943
14.05,222.19040219100816,-1.1399830911471769,0.4779433767202736,-0.3115912398157285,0.0,0.0,0.0,0.0,1.2747864213985622,286.7057623857584,98684.08198212,1.1990937310320893,339.4384255354198
14.1,221.647772104081,-0.8371068496462117,0.3728756766090411,-0.05254938242472893,0.0,0.0,0.0,0.0,0.9179028192158885,286.7092894813234,98690.462986569,1.199156513351001,339.44051343918784
14.15,221.12439042680813,-0.8042081474898194,0.7500139629269401,-0.30234593006923793,0.0,0.0,0.0,0.0,1.1404756685277477,286.71269146222573,98696.61795779108,1.199217071010819,339.44252726776097
14.2,220.60011683495642,-1.035063488682568,0.4968299261662139,-0.11953224200074689,0.0,0.0,0.0,0.0,1.1543328627461749,286.71609924057276,98702.78372955364,1.199277734214806,339.44454451619777
14.25,220.0516985925763,-1.1328051350872004,0.18808692974896452,-0.22106323381939774,0.0,0.0,0.0,0.0,1.169398614916664,286.71966395914825,98709.23379065697,1.1993411936858756,339.4466546532207
14.3,219.68337299534383,-1.053930313528816,0.5742998987256233,-0.20343606884251955,0.0,0.0,0.0,0.0,1.2173642485128713,286.72205807553024,98713.56593625917,1.1993838154234633,339.44807184430044
14.35,219.30254984617952,-0.9662247452198325,0.25671708292233547,-0.15459052387537736,0.0,0.0,0.0,0.0,1.0116284639191144,286.7245334259998,98718.04523654947,1.1994278845656174,339.4495371154696
14.4,218.76986509306,-0.966638937510491,0.29344522755281743,0.02743056834399286,0.0,0.0,0.0,0.0,1.0105708155120106,286.7279958768951,98724.31103243411,1.199489529325398,339.4515866851234
14.45,218.0982201964885,-0.945532223892574,0.24186768004628598,0.256352179849288,0.0,0.0,0.0,0.0,1.0090825541964794,286.7323615687228,98732.21182986819,1.1995672586546597,339.4541709032644
14.5,217.61134002141173,-0.926543900469788,0.35057740961495976,-0.2506172342075751,0.0,0.0,0.0,0.0,1.0218596369912836,286.7355262898608,98737.9394943594,1.199623607608887,339.45604420912343
14.55,216.804326544527,-1.0599516811736254,0.4325386184325744,0.14412757772600857,0.0,0.0,0.0,0.0,1.1538457355814604,286.74077187746053,98747.433803609,1.1997170115699891,339.45914922770174
14.6,215.97777260229051,-1.0009014365716613,0.1375113446500204,0.2650215598845559,0.0,0.0,0.0,0.0,1.0444852717211073,286.7461444780851,98757.15876778269,1.1998126829172442,339.46232939960817
14.65,215.0646524098249,-1.0099376794918755,0.20443170225566323,-0.24008883811880405,0.0,0.0,0.0,0.0,1.0580213076936682,286.75207975933614,98767.90314382495,1.1999183808555538,339.46584260111416
14.7,214.22920202625525,-1.0080095897433765,0.32795187133412645,0.43549727863350235,0.0,0.0,0.0,0.0,1.145990245431152,286.75751018682934,98777.73443470807,1.2000150943901107,339.469056938598
14.75,213.4809772270134,-0.9408977495086017,0.31546880203242206,0.005404180911865237,0.0,0.0,0.0,0.0,0.9923902182395044,286.7623736480244,98786.53995772921,1.2001017155652807,339.4719356558529
14.8,212.944826388683,-0.9171664080007417,0.12166186503988398,0.06464065086640877,0.0,0.0,0.0,0.0,0.9274557903827,286.76585862847355,98792.85006805904,1.2001637881093672,339.47399842554165
14.85,212.2540204995838,-1.212647266843052,0.13359028759710337,-0.10809614452879612,0.0,0.0,0.0,0.0,1.2247630526694504,286.77034886675267,98800.98083844085,1.200243769370961,339.47665619167674
14.9,211.44732747530122,-1.195916313280657,0.1356520271219349,-0.10559858467396689,0.0,0.0,0.0,0.0,1.2082087410370086,286.77559237141054,98810.4762837186,1.200337173165207,339.47975978885506
14.95,210.57474000961773,-1.1625932527218774,0.22148478421590165,-0.08071797176637864,0.0,0.0,0.0,0.0,1.186252069283623,286.7812641899375,98820.74819310951,1.2004382128767987,339.4831168703536
15.0,209.72147166223513,-1.2922217294843283,0.2828002997877693,-0.41545914642550935,0.0,0.0,0.0,0.0,1.3865133645443644,286.78681043419544,98830.79351818962,1.200537021857585,339.4863995938425
15.05,208.74154139773813,-1.2230639687213514,0.2857420810764814,-0.21458498712120105,0.0,0.0,0.0,0.0,1.27419807140811,286.79317998091466,98842.33102390947,1.2006505060394146,339.4901695762783
15.1,207.88350197770404,-1.1801026655388012,0.3428066811067773,-0.22835585376650638,0.0,0.0,0.0,0.0,1.24992204467825,286.7987572371449,98852.43430641212,1.2007498809732877,339.4934705865364
15.15,206.94803626032058,-1.2477586834011292,0.3051504533261402,-0.26862776019514034,0.0,0.0,0.0,0.0,1.3123183320808736,286.8048377643079,98863.45022449266,1.200858230302523,339.4970694311549
15.2,206.03916542262837,-1.1988683493702186,0.382351610767755,-0.2580016016923922,0.0,0.0,0.0,0.0,1.284539956503576,286.8107454247529,98874.15391687806,1.2009635064714335,339.500565925663
15.25,205.0551053566525,-1.148112213669042,0.3672087585623607,-0.18716602278780933,0.0,0.0,0.0,0.0,1.2198504201856657,286.81714181518174,98885.74416424189,1.2010774999068767,339.504351638189
15.3,204.06302546338242,-1.245155536195643,0.2370990586100755,-0.16796333463871185,0.0,0.0,0.0,0.0,1.278608601056398,286.823590334488,98897.42998263272,1.201192430737437,339.50816816053293
15.35,202.95090284235243,-1.2144592911420002,0.4822438922429358,0.2858169475557449,0.0,0.0,0.0,0.0,1.3375955550751615,286.83081913152466,98910.53112688837,1.2013212783234624,339.5124464351577
15.4,201.87814347870454,-1.0418935201354023,0.5489687532281127,0.35501133251175265,0.0,0.0,0.0,0.0,1.2300170102615404,286.8377920673884,98923.16989150959,1.2014455754051172,339.5165732304115
15.45,200.86049795960918,-1.4468078601573389,0.5655006126991976,0.664611215137616,0.0,0.0,0.0,0.0,1.6896011347246793,286.8444067632625,98935.16053842161,1.2015634957211374,339.52048796199665
15.5,199.6618566068493,-1.4852752562137148,0.5127222938369072,0.13924300489396704,0.0,0.0,0.0,0.0,1.5774394922563582,286.85219793205545,98949.28532061916,1.2017024003997923,339.5250988998532
15.55,198.39900240800537,-1.6506609556975091,0.2003073918745891,-0.2030685368191372,0.0,0.0,0.0,0.0,1.6751243155508428,286.86040648434795,98964.16855299863,1.2018487596800769,339.5299567841767
15.6,197.31718205817128,-1.3956810366307826,0.17874742996918855,-0.13908952628713014,0.0,0.0,0.0,0.0,1.413938505046858,286.8674383166219,98976.91967191221,1.2019741487733209,339.53411822127805
15.65,196.14533746222457,-1.424142707412442,0.17800777664135828,-0.02934990967407867,0.0,0.0,0.0,0.0,1.4355245162722639,286.87505530649554,98990.73338282728,1.202109983477231,339.5386258969977
15.7,194.93072283059516,-1.703203830652656,0.30126685373564915,-0.2363885346245453,0.0,0.0,0.0,0.0,1.7457217834499283,286.8829503016011,99005.05291473899,1.202250788276341,339.5432980309057
15.75,193.82772853949538,-1.215954986273712,0.03682677811309322,-0.21840788089428242,0.0,0.0,0.0,0.0,1.2359630830517654,286.89011976449325,99018.05796713887,1.2023786643636545,339.5475407505655
15.8,192.59668655522563,-0.9632119287396472,0.11149513359164882,-0.34296282555747004,0.0,0.0,0.0,0.0,1.02850954501907,286.89812153739103,99032.57442232718,1.202521397999193,339.5522759491259
15.85,191.29820477669912,-1.5210677496661944,-0.1817233571391777,0.39876494587094086,0.0,0.0,0.0,0.0,1.5829352354597355,286.90656166895144,99047.88799542144,1.2026719650144322,339.55727048305346
15.9,190.2144852940381,-1.8707371429325246,-0.29230922948846966,0.5972603829947094,0.0,0.0,0.0,0.0,1.985402253621788,286.91360584558873,99060.6702491552,1.2027976400510048,339.561438890176
15.95,188.93083056814856,-1.714391564698014,0.33444458204863275,-0.12155355443389247,0.0,0.0,0.0,0.0,1.7509331461152087,286.921949601307,99075.81242699904,1.2029465138539575,339.56637625989595
16.0,187.8039529193863,-1.65139124859576,0.02724215891976712,-0.07379349775179458,0.0,0.0,0.0,0.0,1.653263642457463,286.92927430602396,99089.10678442876,1.2030772168168482,339.5707105528418
16.05,186.58717751943473,-1.4609562710098432,0.13686019490100634,-0.34152874616119183,0.0,0.0,0.0,0.0,1.5065742010288652,286.9371833461237,99103.46333393618,1.2032183589333947,339.5753905560689
16.1,185.37994001403933,-1.4897891070501361,0.10833324723608988,-0.2433230443159857,0.0,0.0,0.0,0.0,1.5134113055733251,286.9450303899087,99117.70901176392,1.2033584072030632,339.580033810577
16.15,184.02508223129837,-1.6423719256051803,0.29689314230206676,-0.06391774356697072,0.0,0.0,0.0,0.0,1.670214524516164,286.9538369654965,99133.69861715303,1.2035155953420225,339.58524476385026
16.2,182.69461262717348,-1.6356266628269613,0.29129239917653793,-0.20707676995561497,0.0,0.0,0.0,0.0,1.6742182147568867,286.96248501792337,99149.4024334753,1.2036699692948907,339.5903618393091
16.25,181.2456726553224,-1.3856643297827924,0.07419990547756425,0.3177535543943277,0.0,0.0,0.0,0.0,1.423565447085417,286.9719031277404,99166.50687211682,1.2038381065574528,339.5959344720502
16.3,179.9550364140173,-2.2043141374586135,0.524276584872097,0.15497895515513532,0.0,0.0,0.0,0.0,2.271097802954782,286.98029226330885,99181.74457967786,1.2039878891374207,339.60089819059067
16.35,178.66045367659828,-2.0232661333172017,0.5801111722093922,-0.1055393112129403,0.0,0.0,0.0,0.0,2.1074328849483672,286.9887070511021,99197.03078553257,1.2041381440435142,339.60587701426255
16.4,177.21947652209246,-1.7780894698577585,0.10562239399787922,-0.038851861746738166,0.0,0.0,0.0,0.0,1.7816474735744092,286.9980734026064,99214.04783442582,1.2043054069928243,339.6114187690182
16.45,175.61368244258202,-1.8759534647214693,0.2351894231028772,-0.07685645727912872,0.0,0.0,0.0,0.0,1.8922004073473422,287.0085110641232,99233.0140540181,1.2044918221812435,339.61759427529546
16.5,174.13571567916534,-1.7671999221765258,0.1358693344999298,0.03339722984677599,0.0,0.0,0.0,0.0,1.7727299331707609,287.0181178480854,99250.47308488507,1.2046634175202409,339.62327808854633
16.55,172.66053813719054,-1.8107908133477761,0.2134409986559905,0.12695944965018108,0.0,0.0,0.0,0.0,1.8277415384751323,287.02770650210823,99267.90164722374,1.2048347076726704,339.6289510804434
16.6,171.14731385300325,-1.696944333497135,-0.0804514089646407,0.07460641430129314,0.0,0.0,0.0,0.0,1.700487758629073,287.03754245995543,99285.7822896007,1.2050104349795874,339.63477028770524
16.65,169.64049313299836,-1.7579427215654575,-0.0652073130061131,-0.18465964662100134,0.0,0.0,0.0,0.0,1.7688170598071011,287.0473367946355,99303.58985718561,1.205185438138077,339.64056477055294
16.7,168.15139144535442,-1.7713579605875782,-0.08581798568473234,-0.18200103174112753,0.0,0.0,0.0,0.0,1.7827501582551617,287.05701595560515,99321.19056241532,1.2053584024979302,339.6462910176984
16.75,166.61849024111305,-1.7562201933596069,-0.23305173583028155,0.08762802059304876,0.0,0.0,0.0,0.0,1.7737815956680287,287.06697981343274,99339.31160240449,1.2055364741606407,339.6521855922971
16.8,165.08453498459116,-1.5166991926676208,-0.30437716276055615,0.10217473784106702,0.0,0.0,0.0,0.0,1.550310154550266,287.07695052260016,99357.44778256619,1.20571468841475,339.6580841177158
16.85,163.45414937538894,-1.634508948395913,-0.24820743622780647,0.27620587579456884,0.0,0.0,0.0,0.0,1.6761611257896833,287.08754802906,99376.72701220348,1.2059041280000127,339.6643533349332
16.9,161.8170026791652,-1.9437337220717885,0.059180338763620735,0.05217200505481285,0.0,0.0,0.0,0.0,1.9453341648484626,287.0981894825854,99396.08923929045,1.2060943760888054,339.6706484336947
16.95,160.09831124760274,-1.7132283702474653,-0.11838456582334253,-0.05758111114682894,0.0,0.0,0.0,0.0,1.7182787720294024,287.10936097689057,99416.41916729567,1.2062941249608634,339.6772569598722
17.0,158.37319117462067,-2.0505675144968243,-0.03010632959742005,-0.10816186959919076,0.0,0.0,0.0,0.0,2.053638846688167,287.1205742573649,99436.82852374738,1.2064946464289603,339.6838900754748
17.05,156.7221972078281,-1.9734564957901688,-0.06704754017342894,-0.15668541294084612,0.0,0.0,0.0,0.0,1.9808019164086457,287.1313057181491,99456.36409443503,1.2066865756368286,339.69023805366055
17.1,155.1288196818618,-2.0046624257739656,-0.12420407147823889,-0.31060803199985715,0.0,0.0,0.0,0.0,2.032381716662634,287.14166267206787,99475.22085901762,1.2068718290417353,339.6963643874098
17.15,153.2640545708774,-2.094004847850266,0.12915613316518612,-0.04015883625552841,0.0,0.0,0.0,0.0,2.0983684952085984,287.15378364528925,99497.29302594997,1.2070886628478823,339.7035340315617
17.2,151.59241725423968,-1.8915784017182855,-0.09122761107716086,-0.16082534107259408,0.0,0.0,0.0,0.0,1.9005936223193702,287.1646492878474,99517.0826194604,1.207283065198622,339.7099610098403
17.25,149.8942989305103,-2.3066275954694615,-0.001923390950135905,0.018372992443023855,0.0,0.0,0.0,0.0,2.306701569441805,287.1756870569517,99537.18897022781,1.2074805716702102,339.71648967569587
17.3,148.05777080280026,-2.182024766647708,0.16780960040451298,0.29083631704171975,0.0,0.0,0.0,0.0,2.2077087460900042,287.1876244897818,99558.93784674881,1.2076942042724315,339.7235503371949
17.35,146.0347781858304,-1.8718502824665202,-0.13799977538933278,0.2916400463466441,0.0,0.0,0.0,0.0,1.8994529040254118,287.2007739417921,99582.89936156939,1.2079295606681522,339.7313277046849
17.4,144.28559685358977,-2.307221554652953,-0.17604517581109974,0.3289626942665903,0.0,0.0,0.0,0.0,2.3371948272235854,287.2121436204516,99603.62145868107,1.2081330899501879,339.73805226490435
17.45,142.318711620092,-1.957781706028775,-0.24507460689173607,0.2321576689035612,0.0,0.0,0.0,0.0,1.986672583652076,287.22492837446936,99626.92680776889,1.2083619819146465,339.74561360795815
17.5,140.51971941988177,-1.90483345789082,-0.3042769074862373,0.33650514713801194,0.0,0.0,0.0,0.0,1.9581140550999734,287.23662182377075,99648.2466817466,1.2085713647426342,339.75252936853724
17.55,138.68604207581006,-2.2049150284645465,-0.4062410380437255,0.15038542294525614,0.0,0.0,0.0,0.0,2.2470642712601876,287.2485407265072,99669.98141142257,1.208784813101693,339.7595783223211
17.6,136.81478159723173,-1.9437969300621105,-0.849582494438772,-0.10009420568560064,0.0,0.0,0.0,0.0,2.123712732501155,287.260703919618,99692.165574469,1.2090026660394733,339.7667716010159
17.65,134.8600600541244,-2.200955892795255,-0.47037332616756644,-0.2821696507778561,0.0,0.0,0.0,0.0,2.268276354375762,287.2734096096482,99715.34345445583,1.2092302676249997,339.7742855482582
17.7,133.07775575942438,-2.279248118847937,-0.37227652081319207,-0.21678090236898176,0.0,0.0,0.0,0.0,2.319602499320206,287.28499458756374,99736.48072020072,1.2094378220609754,339.78113657898115
17.75,131.08209730720395,-2.3445022960230357,-0.3531080924829858,-0.20393421186077804,0.0,0.0,0.0,0.0,2.379698616170026,287.29796636750314,99760.15256834375,1.2096702545414282,339.7888075615624
17.8,129.125395124265,-2.265887148908915,-0.5889346749370102,-0.296878682404881,0.0,0.0,0.0,0.0,2.3599206713362615,287.31068493169226,99783.3667468208,1.20989818299946,339.7963286345207
17.85,127.2691010332471,-2.074919884906545,-0.6281009324588567,0.3840749646078336,0.0,0.0,0.0,0.0,2.2016623012112424,287.32275084328387,99805.39373372406,1.2101144456866364,339.80346361005576
17.9,125.358097621583,-2.458588162047398,-0.1878333836295076,0.4770183200803352,0.0,0.0,0.0,0.0,2.511470407601407,287.3351723654597,99828.07402024712,1.2103371130320288,339.81080871347706
17.95,123.19320270091367,-2.527443620704425,-0.6508771373349437,-0.3293313924038242,0.0,0.0,0.0,0.0,2.6306028719226067,287.349244182444,99853.77259909181,1.2105894013144631,339.81912947860775
18.0,121.06468970678529,-2.5025103184820146,-0.49779747733390634,-0.36659680394226113,0.0,0.0,0.0,0.0,2.5777419264173123,287.3630795169059,99879.04452534454,1.2108374890125086,339.8273102113174
18.05,119.04458236012589,-2.684759722229202,-0.5645465684358044,-0.25943360955425804,0.0,0.0,0.0,0.0,2.7557128645421702,287.3762102146592,99903.03413663217,1.2110729775203557,339.8350741153201
18.1,117.09036361574567,-2.5635156567625965,-0.4986312880451834,-0.4954847783999617,0.0,0.0,0.0,0.0,2.658148011212059,287.38891263649765,99926.24573318865,1.2113008185844467,339.8425846200404
18.15,114.98847232633553,-2.159975090527629,-0.4374162011993816,0.14579634208995731,0.0,0.0,0.0,0.0,2.20863801881122,287.4025749298788,99951.21621204942,1.2115459132939632,339.8506624784928
18.2,113.05635203712295,-3.0648897795570074,-0.2861711930972392,-0.8656864246900813,0.0,0.0,0.0,0.0,3.197632921159712,287.4151337117587,99974.17426733418,1.211771245024466,339.85808771418766
18.25,110.85066220863884,-1.260354639214104,-0.8262792312292098,0.9590018580165424,0.0,0.0,0.0,0.0,1.7863134518410897,287.42947069564383,100000.38818060837,1.2120285207387713,339.8665640931134
18.3,108.7108529936661,-4.580912852694348,0.14227584983099767,-1.9941908779475466,0.0,0.0,0.0,0.0,4.998179892632377,287.44337945554116,100025.82444257075,1.2122781519502088,339.8747870934211
18.35,106.31479580385641,-0.5348627621114571,-0.5939883262871553,3.652184803641158,0.0,0.0,0.0,0.0,3.738629982494432,287.4589538272749,100054.31298350349,1.2125577238575789,339.8839945842801
18.4,104.1272661948052,-3.1050088301375047,0.3826453242477637,-7.40344457250147,0.0,0.0,0.0,0.0,8.037318509148559,287.47317276973376,100080.32791886496,1.2128130078408421,339.8924005343057
18.45,101.56304389123092,35.458607728759425,1.2244304304494655,-25.140466132007305,0.0,0.0,0.0,0.0,43.48396404740091,287.489840214707,100110.82960005973,1.213112304082572,339.90225372463226
18.5,99.59688100227076,-8.41110694727022,46.79545643861678,-10.635870095999744,0.0,0.0,0.0,0.0,48.72045972767375,287.5026202734852,100134.22240290324,1.213341833050693,339.909808639447
18.55,96.50240849722643,116.26461931706017,45.13775319647733,-34.646389638097816,0.0,0.0,0.0,0.0,129.44207501242366,287.522734344768,100171.04845226542,1.2137031476665276,339.9216987059401
18.6,96.34018779724781,96.76494247014243,79.26808790410651,-57.111805988417494,0.0,0.0,0.0,0.0,137.5086987593213,287.52378877931784,100172.97927682391,1.2137220910358377,339.92232200422563
18.65,100.15752251481565,-142.13652373194196,-8.115318942376593,-90.99134031058394,0.0,0.0,0.0,0.0,168.9617524520088,287.49897610365366,100127.55161112745,1.2132763806277238,339.9076544103932
18.7,95.08116036067231,-133.41733866646302,-34.337598273099786,-7.148300480366497,0.0,0.0,0.0,0.0,137.95055314047886,287.5319724576556,100187.96581866904,1.2138691220205229,339.9271595085601
18.75,75.23999349768766,-167.8458008820815,19.98595370520191,-13.006331339264381,0.0,0.0,0.0,0.0,169.53116490533696,287.660940042265,100424.38040665959,1.2161880011696442,340.0033852401841
18.8,60.74963752886225,-47.78598362580364,-37.51484635409617,135.1495452409644,0.0,0.0,0.0,0.0,148.1764607044469,287.75512735606236,100597.32342751158,1.2178836598501592,340.05904344772364
18.85,51.11611022550054,-119.82525317691254,-119.82731326659089,22.80182339304475,0.0,0.0,0.0,0.0,170.98713242126877,287.81774528353424,100712.433391641,1.2190119738844132,340.09604128406716
18.9,38.83780471344512,-105.12555071301897,-58.05436320267743,-52.71814052538073,0.0,0.0,0.0,0.0,131.15217436259948,287.89755426936256,100859.30009462315,1.220451213019177,340.14319063334005
18.95,43.619375009253126,-187.0992711453609,-29.557147826542465,10.010549422103395,0.0,0.0,0.0,0.0,189.68387741317852,287.8664740624398,100802.08483470029,1.219890572167813,340.1248299249449
19.0,41.85064433100219,-141.74303798732288,-71.75059958393585,79.19622968318996,0.0,0.0,0.0,0.0,177.5141688839585,287.87797081184846,100823.24602867616,1.2200979335149948,340.1316217733328
19.05,35.1733865169456,-113.23420343617583,-72.3128316817156,-100.33302969295575,0.0,0.0,0.0,0.0,167.68377172827707,287.9213729876398,100903.16554465424,1.2208810007825674,340.15726092873984
19.1,30.379317337076905,-138.48861933697944,-79.12514257822241,-99.36742158071668,0.0,0.0,0.0,0.0,187.91958478425474,287.952534437309,100960.5769700118,1.2214434564803305,340.175667875175
19.15,24.6522859043686,-117.95745763912863,-98.03249636563312,103.19496664634694,0.0,0.0,0.0,0.0,184.8608484712362,287.98976014162156,101029.19576438182,1.2221156301603253,340.1976556475859
19.2,20.370147546410585,-155.59611341923923,-65.43267221768751,-24.98092629452004,0.0,0.0,0.0,0.0,170.63303250910224,288.0175940409483,101080.52715018785,1.2226184036311423,340.21409511840614
19.25,15.474653972907662,-98.82104123270109,-110.82549517850627,-44.68047022961881,0.0,0.0,0.0,0.0,155.06202949728274,288.0494147491761,101139.23689500382,1.2231933860708415,340.2328883356978
19.3,30.592267084535735,-70.05884763555953,19.79490361848585,-94.83817093734449,0.0,0.0,0.0,0.0,119.55901893219375,287.95115026395047,100958.02622685724,1.2214184683209903,340.17485027052453
19.35,46.315992579119275,-76.88709283954772,-79.80107793141556,-29.23884388191612,0.0,0.0,0.0,0.0,114.60692420566986,287.8489460482357,100769.82927080904,1.2195744796831058,340.11447477048733
19.4,54.218301091525646,-26.391208404349875,-31.81072657152733,20.433156719634354,0.0,0.0,0.0,0.0,46.10783121747802,287.79758104290505,100675.35401572153,1.2186485466573451,340.08412767095183
19.45,59.96648654912561,-63.48149572171804,17.575410740072254,-1.1007571106246892,0.0,0.0,0.0,0.0,65.87872970819446,287.7602178374307,100606.67723276357,1.2179753555162578,340.06205131171026
19.5,61.64356482238274,-4.9191842553483776,-82.71260329408108,16.45931977152144,0.0,0.0,0.0,0.0,84.47770312196761,287.7493168286545,100586.64739186066,1.2177790003328004,340.05561009036654
19.55,60.02987007945994,-34.73670913947494,-2.2039099616036193,-18.12372532064077,0.0,0.0,0.0,0.0,39.24239544749241,287.7598058444835,100605.92016582955,1.2179679340240834,340.0618078742783
19.6,56.78297518374688,-38.563390295390526,5.930589258003478,3.5387917374529545,0.0,0.0,0.0,0.0,39.1769065519833,287.7809106613056,100644.70773298669,1.218348153081437,340.074278015052
19.65,54.28175913880881,-31.95928513733156,-36.98245983624052,-0.11250859916616075,0.0,0.0,0.0,0.0,48.878532099617026,287.7971685655977,100674.59563981004,1.2186411132984776,340.08388396314336
19.7,51.55667166065755,-77.21787958999596,-33.64255292566357,3.0918028479042574,0.0,0.0,0.0,0.0,84.2851205170966,287.8148816342057,100707.16684505249,1.218960356270777,340.09434938313547
19.75,49.7734515232982,-31.794795030002522,-34.6735691223803,-3.81441103606798,0.0,0.0,0.0,0.0,47.19867708142289,287.8264725650985,100728.48513845228,1.219169294467757,340.1011974835375
19.8,48.52792230124894,-25.313324388468647,-9.97338796464189,-11.748904365331942,0.0,0.0,0.0,0.0,29.635613927752892,287.8345685050419,100743.37753554263,1.2193152481858476,340.1059806076941
19.85,47.87654128133705,-14.342034030262104,-14.475474513057877,2.751416664484821,0.0,0.0,0.0,0.0,20.562188506211815,287.8388024816713,100751.16660137681,1.21939158369873,340.1084820367014
19.9,47.01883298087154,-33.57012143339781,-16.70681400440401,-1.8334718831331822,0.0,0.0,0.0,0.0,37.54240677390123,287.84437758562433,100761.42362561346,1.2194921043364102,340.11177577428106
19.95,45.94735850225029,-30.29019463703563,-16.035610361843045,3.204802782913524,0.0,0.0,0.0,0.0,34.422484682307875,287.85134216973535,100774.23819037418,1.2196176865846133,340.11589036349295
20.0,45.3575228204986,-37.575362482419315,-19.520614080335008,-2.9198695563674333,0.0,0.0,0.0,0.0,42.44393805933634,287.85517610166676,100781.29303965256,1.2196868225429351,340.1181553812981
20.05,45.13887702901489,-35.05912202741282,-22.4271477976857,6.382708566447416,0.0,0.0,0.0,0.0,42.10531990516712,287.8565972993114,100783.90829857533,1.2197124512664312,340.1189949953902
20.1,45.03900060067462,-31.435752850272802,-23.444334654576526,4.868322458401903,0.0,0.0,0.0,0.0,39.516375696895494,287.85724649609557,100785.10295554284,1.219724158490798,340.11937852669604
20.15,45.1818365831618,-54.404700201599624,-29.83027185040698,1.282484336110541,0.0,0.0,0.0,0.0,62.05933683796086,287.8563180622094,100783.39444781705,1.219707415698914,340.1188300280655
20.2,45.346138392640526,-43.875757663427635,-24.064704288719376,-8.000248217829574,0.0,0.0,0.0,0.0,50.67737241205608,287.8552501004478,100781.42920934419,1.2196881569666556,340.11819909829427
20.25,45.234653972918814,-21.205905725523646,-7.488688686920523,2.8684849184758665,0.0,0.0,0.0,0.0,22.671548284511392,287.855974749176,100782.76268774843,1.2197012246524497,340.11862720593734
20.3,45.21214157903093,-3.1198813241267906,10.508990501276294,-6.829191449618884,0.0,0.0,0.0,0.0,12.915509927528925,287.8561210797363,100783.03196290311,1.2197038634636814,340.11871365497313
20.35,45.301434035154855,-25.990798635453178,-8.609750702701714,23.835443620110222,0.0,0.0,0.0,0.0,36.30120925587467,287.8555406787715,100781.96392176542,1.2196933969909087,340.1183707660877
20.4,45.763704451615716,-31.637167541193527,2.423286436417223,28.600977861781193,0.0,0.0,0.0,0.0,42.717661708391425,287.8525359210645,100776.43477901522,1.2196392127648614,340.11659561185513
20.45,46.540649386760805,-25.975788412215397,-15.860228392032301,-9.756956809420746,0.0,0.0,0.0,0.0,31.96070453642274,287.847485778986,100767.14241785854,1.2195481486587507,340.1136120622065
20.5,46.79511030370259,-47.85937043102946,-22.750248828397616,5.01880783896646,0.0,0.0,0.0,0.0,53.22857871419239,287.8458317830259,100764.09918345939,1.2195183249527135,340.1126349000352
20.55,46.363364489782164,-28.114796493029463,-16.411555932346133,0.29981370172997807,0.0,0.0,0.0,0.0,32.55565754551323,287.84863813081637,100769.2627068861,1.2195689273961487,340.1142928570206
20.6,45.607308961276495,-20.357343670104573,-13.84734235092176,0.9288757049384533,0.0,0.0,0.0,0.0,24.638042567574296,287.85355249175166,100778.30537304669,1.2196575441852024,340.1171961836982
20.65,45.04937983966729,-23.709610868453822,-15.812926304501643,-1.0722214783306416,0.0,0.0,0.0,0.0,28.51918555540633,287.85717903104216,100784.97880529333,1.2197229418625966,340.1193386698335
20.7,44.99896439754283,-31.27540387824122,-15.293091485485109,-1.6866500170232421,0.0,0.0,0.0,0.0,34.85504731327226,287.8575067314159,100785.58184582127,1.2197288514421913,340.119532267928
20.75,44.777928537621705,-25.556225273672897,-13.285281463769161,-2.4044154757649268,0.0,0.0,0.0,0.0,28.903296829088262,287.85894346450544,100788.22578416005,1.2197547610045623,340.1203810565912
20.8,44.21453433819538,-20.451296557718038,-7.943673849400027,-1.1159739653280887,0.0,0.0,0.0,0.0,21.968224393625025,287.8626055268017,100794.96512351862,1.2198208033113902,340.1225445086753
20.85,43.64377188572194,-21.95271878202721,-13.725833953093037,-0.9434561449863312,0.0,0.0,0.0,0.0,25.90773029673121,287.8663154827428,100801.7929742363,1.219887712130506,340.1247362410588
20.9,42.86582178874388,-23.64815537951293,-13.319767940919425,-0.015175853763282,0.0,0.0,0.0,0.0,27.141328286582965,287.87137215837316,100811.09994833943,1.2199789134748977,340.127723552911
20.95,42.461583540074635,-35.66660136363795,-18.09179949267615,-0.40168179256924896,0.0,0.0,0.0,0.0,39.99476228180809,287.8739997069895,100815.9363107696,1.2200263055556961,340.1292758088428
21.0,42.653757801516306,-42.45815779849101,-24.089491562099028,1.0413687190109069,0.0,0.0,0.0,0.0,48.82707462229267,287.87275057429014,100813.63708784517,1.220003775255433,340.12853786956777
21.05,42.38110756709011,-42.462924139773165,-25.254545451869955,0.7818338804106857,0.0,0.0,0.0,0.0,49.41157006913719,287.8745228008139,100816.89915888757,1.2200357405653248,340.12958483196235
21.1,42.33178225428134,-31.823825960092595,-21.71076244719131,2.432976790039854,0.0,0.0,0.0,0.0,38.60093885953434,287.87484341534713,100817.48931119066,1.2200415234966084,340.12977423819507
21.15,43.16178238011034,-27.401290502065176,-14.427822434313141,-6.157929116922954,0.0,0.0,0.0,0.0,31.573927097902857,287.86944841452924,100807.5591539339,1.2199442165423366,340.12658707361715
21.2,43.4001400808191,-18.521516401630244,2.996017940360763,-11.886705822857715,0.0,0.0,0.0,0.0,22.21072868309325,287.86789908947463,100804.70757852017,1.2199162732320676,340.1256717848377
21.25,42.83691000212807,-10.594396445642742,-17.091207780120104,-5.165652156831037,0.0,0.0,0.0,0.0,20.761372344718897,287.87156008498613,100811.44584672332,1.2199823029879577,340.1278345730519
21.3,42.09169886210057,-12.954262343148178,-5.042705842586699,-2.5471620564062936,0.0,0.0,0.0,0.0,14.1325804300404,287.87640395739635,100820.36182692344,1.2200696713268062,340.1306961424665
21.35,41.117563325167126,-9.45074627563259,-8.351466212589463,-1.4837276400889503,0.0,0.0,0.0,0.0,12.69901731538195,287.8827358383864,100832.01770567503,1.2201838859139515,340.13443673255483
21.4,40.27167278020273,-21.091761397831714,-14.876131454540017,-5.019944561533348,0.0,0.0,0.0,0.0,26.29375456865541,287.88823412692864,100842.1399725215,1.2202830707801733,340.13768484040224
21.45,39.37837538242193,-35.888703891620864,-18.615696578833017,0.17778275170642494,0.0,0.0,0.0,0.0,40.429875498725224,287.8940405600142,100852.83042211778,1.2203878210313703,340.141114950623
21.5,39.20247360355838,-43.24637627264472,-26.352581400372976,1.9130475348895037,0.0,0.0,0.0,0.0,50.67906232409197,287.89518392157686,100854.9356176624,1.2204084485174715,340.1417903794888
21.55,39.063738878617066,-47.55199047376427,-29.32559964519488,1.8588508624876716,0.0,0.0,0.0,0.0,55.89846079362287,287.896085697289,100856.59602235947,1.220424717720229,340.14232309309807
21.6,39.18150335444774,-45.86743560864594,-26.896789573320262,-2.394047153498528,0.0,0.0,0.0,0.0,53.22584335111963,287.89532022819606,100855.18659234175,1.2204109076549219,340.1418709011067
21.65,39.735648658720436,-28.046648913824065,-17.973312358094162,4.610956624681672,0.0,0.0,0.0,0.0,33.62908552743629,287.8917182837183,100848.55467887176,1.2203459254623514,340.13974308609966
21.7,39.80675361106993,-13.245068484411277,-3.5327947302111466,-4.644377085138648,0.0,0.0,0.0,0.0,14.473517757321938,287.89125610152803,100847.70373287972,1.2203375874876659,340.1394700553305
21.75,39.643832682675246,-1.3617485538730723,-6.307058983277275,9.8368974679789,0.0,0.0,0.0,0.0,11.76426385023915,287.89231508756257,100849.65349190525,1.2203566921367264,340.1400956433081
21.8,39.319631980482825,-13.197178588576369,-1.1133016468077765,-27.786484701162134,0.0,0.0,0.0,0.0,30.781385532550036,287.89442239212684,100853.53346021517,1.220394709668295,340.1413405140928
21.85,38.51529127188755,-9.890574751501715,1.8391481001922165,-6.534897005209874,0.0,0.0,0.0,0.0,11.99628332102009,287.89965060673273,100863.16016877886,1.2204890349320328,340.1444290140994
21.9,37.46637622495992,-0.23968466291401616,-4.072369475578601,13.963219206113044,0.0,0.0,0.0,0.0,14.546928627075362,287.90646855453775,100875.71516998742,1.2206120498770796,340.14845658625603
21.95,36.554098712698476,-13.285720952555398,-13.174424498263642,8.916370632145057,0.0,0.0,0.0,0.0,20.72625164711163,287.91239835836745,100886.63571548362,1.2207190479204262,340.1519594655852
22.0,35.883735196566256,5.92961907644694,-38.2169467162726,3.4987684841697484,0.0,0.0,0.0,0.0,38.832161665454606,287.9167557212223,100894.66100583055,1.220797677236543,340.154533442798
22.05,36.082423605254625,-24.921535895953415,-3.3745507565304944,-2.0978427572999636,0.0,0.0,0.0,0.0,25.23631289344882,287.9154642465658,100892.28234371377,1.2207743719638826,340.1537705461567
22.1,37.12258026235751,-5.116410155945734,-1.3712746314801856,0.15565161868530902,0.0,0.0,0.0,0.0,5.299271122070008,287.90870322829466,100879.8305152229,1.2206523717377236,340.14977666662486
22.15,38.34893642364116,-9.32681293397092,2.837252427045978,-2.4531194221749804,0.0,0.0,0.0,0.0,10.05272280228186,287.9007319132463,100865.15127069844,1.2205085441084518,340.14506777840586
22.2,38.55659628624277,-5.4787944358650895,-7.6422261938619735,1.1883922073716167,0.0,0.0,0.0,0.0,9.47803174225313,287.8993821241394,100862.66579381024,1.2204841909453967,340.14427041217067
22.25,38.308128640962416,-3.3223127920038458,-10.11004745293588,0.952552723944128,0.0,0.0,0.0,0.0,10.684483070341825,287.9009971638337,100865.63970409235,1.2205133298559183,340.1452244707103
22.3,38.33161776429133,-20.778571497164176,0.31923206175406443,-2.1300240229956566,0.0,0.0,0.0,0.0,20.889900548125016,287.90084448453206,100865.35855963844,1.220510575158734,340.14513427800034
22.35,38.13055469893487,-10.21051558215193,-2.419020482535922,2.8735225066537686,0.0,0.0,0.0,0.0,10.879495399352923,287.9021513944569,100867.76513084857,1.22053415507132,340.1459063121154
22.4,37.567266055004566,-10.238505760308035,-9.321363399083568,-0.9635416530382698,0.0,0.0,0.0,0.0,13.879597556801684,287.90581277064246,100874.50751295692,1.2206002172797779,340.14806919654575
22.45,36.539998571722215,-10.765304833473131,2.802164113965212,-0.40824326731938226,0.0,0.0,0.0,0.0,11.131512675486023,287.9124900092838,100886.80451070436,1.2207207017361164,340.1520136057273
22.5,35.11157602926331,-10.849151628345336,-1.896884471196903,3.0711141970744933,0.0,0.0,0.0,0.0,11.433897155535758,287.9217747558098,100903.905588533,1.22088825132772,340.15749825796473
22.55,33.696130476659405,-15.704515651463227,-11.004017004047002,2.242733029665131,0.0,0.0,0.0,0.0,19.306735962216916,287.9309751519017,100920.85362108564,1.2210542961120023,340.16293299578473
22.6,32.37409991247399,-24.013760253928137,-6.811444769915085,1.4690938401573417,0.0,0.0,0.0,0.0,25.00429359325975,287.9395683505689,100936.68521817648,1.2212093980620895,340.16800897944995
22.65,31.520756264862793,-8.137718599752366,-13.265886092180757,-8.124634230659238,0.0,0.0,0.0,0.0,17.55607812700406,287.94511508427837,100946.9052577154,1.2213095211976641,340.17128538270094
22.7,32.156967922590354,-13.800311466544457,-4.907972864298539,1.6638054615288536,0.0,0.0,0.0,0.0,14.741270054650734,287.94097970850316,100939.28561217897,1.2212348736456156,340.1688426582543
22.75,33.05344394692313,-17.02073021322954,-8.479929295781451,1.9745072136685318,0.0,0.0,0.0,0.0,19.118397856249004,287.935152614345,100928.54967776185,1.2211296948569872,340.16540062317745
22.8,33.53451923990146,-17.961758096610954,-4.962906427424467,-3.270917351368495,0.0,0.0,0.0,0.0,18.919674797628623,287.9320256249406,100922.78884212521,1.2210732556956072,340.16355351197586
22.85,33.464436872272366,-12.78618935591908,-12.389688823761762,-13.446687852342453,0.0,0.0,0.0,0.0,22.311531583318068,287.9324811603302,100923.62805593612,1.2210814775485501,340.163822597145
22.9,33.16611289380453,-15.897155625739959,-4.815715825330157,2.6390620074780577,0.0,0.0,0.0,0.0,16.81889782889013,287.9344202661903,100927.20045284696,1.2211164764958218,340.1649680263591
22.95,32.85376992044023,-9.387165979847572,-6.6666576830711035,-0.4633619130460524,0.0,0.0,0.0,0.0,11.522929925106734,287.93645049551714,100930.94083540665,1.2211531209541286,340.1661672780429
23.0,32.343595437845885,-11.673344579701444,-4.282563239100174,0.6364272463292473,0.0,0.0,0.0,0.0,12.450396026360266,287.939766629654,100937.05053948076,1.2212129770555022,340.16812610157797
23.05,31.740631637776943,-8.517548513015022,-5.927990912806135,-0.007472076867385658,0.0,0.0,0.0,0.0,10.377367911267733,287.9436858943544,100944.271848079,1.2212837225357418,340.17044117671986
23.1,31.120884591291222,-11.832816262896364,-5.312050696440104,0.22127247677002,0.0,0.0,0.0,0.0,12.972370054157043,287.9477142501566,100951.6945947562,1.2213564404544135,340.1728206745954
23.15,30.540505992891852,-11.685750674155635,-4.849748823436677,0.8293213105313924,0.0,0.0,0.0,0.0,12.679298336463884,287.9514867110462,100958.64622396693,1.221424542086091,340.1750490035507
23.2,30.16318951396091,-11.055837314369196,-6.565416185622318,0.5182959035796547,0.0,0.0,0.0,0.0,12.868755147872587,287.9539392681592,100963.16583397803,1.2214688179644522,340.17649767980026
23.25,29.89899771400288,-12.342935898055556,-4.510109758840349,0.41106049250970556,0.0,0.0,0.0,0.0,13.147552142843844,287.95565651485896,100966.33050015422,1.2214998200553007,340.1775120192785
23.3,29.653629797552057,-8.962106440492642,-4.858317202063665,1.3415064883073642,0.0,0.0,0.0,0.0,10.282131955229818,287.9572514063159,100969.26975319824,1.2215286137607866,340.1784540835239
23.35,29.54995728840629,-8.171178798341275,-3.399003779111397,-0.5427195859301729,0.0,0.0,0.0,0.0,8.866562704556245,287.95792527762535,100970.51166310822,1.2215407797930344,340.1788521224083
23.4,29.295071122447144,-7.6411652354850945,-2.7727780869314484,0.9208920704045713,0.0,0.0,0.0,0.0,8.18069353298895,287.9595820377041,100973.56503868423,1.2215706912343516,340.1798307270614
23.45,29.369190615971934,-8.482701341955567,-3.5711253082624377,-1.2805316472497994,0.0,0.0,0.0,0.0,9.292411921763668,287.95910026099614,100972.67712617053,1.221561993094145,340.17954615450725
23.5,29.65826609463631,-10.500058684024584,-3.1549598794190996,3.8875254189291333,0.0,0.0,0.0,0.0,11.63262043099165,287.9572212703848,100969.2142145276,1.2215280696906583,340.17843628297425
23.55,29.736061457281483,-15.6318674452036,-1.9349053886876075,-7.924086323237781,0.0,0.0,0.0,0.0,17.632081066785975,287.9567156005277,100968.28229971796,1.2215189404213427,340.17813759614836
23.6,29.965310969401067,-10.729258524244653,-2.0789347162689666,-9.209279188341739,0.0,0.0,0.0,0.0,14.291598273230646,287.9552254786989,100965.53614805419,1.2214920383432337,340.1772574160782
23.65,29.696963857368306,-5.523973444507337,-4.912045390592615,0.16060379187920637,0.0,0.0,0.0,0.0,7.393799166384653,287.9569697349271,100968.75065108773,1.2215235285098807,340.17828770715977
23.7,29.2068945915108,-8.283434677325737,-3.4199640903033024,-1.9303284958107518,0.0,0.0,0.0,0.0,9.167203092231874,287.96015518515514,100974.62135534066,1.221581039070888,340.18016926954795
23.75,28.711153274715592,-10.686433692905181,-4.277853984027677,-1.109415275488963,0.0,0.0,0.0,0.0,11.564199152341194,287.9633775037143,100980.56028821018,1.2216392173653943,340.1820725985096
23.8,28.177247383862557,-8.395324837446378,-4.840296303981426,-1.1444220613622678,0.0,0.0,0.0,0.0,9.758055610167066,287.96684789200486,100986.95674531642,1.2217018768783119,340.18412244306757
23.85,27.42383555387432,-6.726264987577169,-2.7075096082197545,-2.358222719197581,0.0,0.0,0.0,0.0,7.624595947002597,287.9717450688998,100995.98355047038,1.2217903019216059,340.1870150238524
23.9,26.71961252212477,-12.016936202739036,-6.350580008715974,-3.060019131314939,0.0,0.0,0.0,0.0,13.931989780064313,287.97632251860614,101004.42160376045,1.2218729582923245,340.1897187314047
23.95,26.035798326030097,-9.183509004275036,-5.615120891369761,0.8666637994313422,0.0,0.0,0.0,0.0,10.798959505320065,287.98076731088076,101012.61566311758,1.2219532233220671,340.1923440632132
24.0,25.490217196124632,-7.61265547755267,-4.034545936528763,-3.872051776046315,0.0,0.0,0.0,0.0,9.445785795277004,287.9843135882252,101019.153679105,1.2220172656659158,340.1944386695645
24.05,25.085549103675746,-10.579315381215746,-3.665218737071865,-0.019510069620996502,0.0,0.0,0.0,0.0,11.196254863508036,287.9869439308261,101024.00327354112,1.2220647687715074,340.1959922713392
24.1,24.662057411957537,-6.181398987088378,-4.199212468094245,-0.8571916003963724,0.0,0.0,0.0,0.0,7.521825325648388,287.98969662682225,101029.07865428392,1.2221144830511748,340.1976181330802
24.15,24.43480762008971,-7.571396243930185,-2.8789153970455716,-0.7436299708666488,0.0,0.0,0.0,0.0,8.134321144356013,287.9911737504694,101031.80223845012,1.2221411608587047,340.19849058321984
24.2,24.3494518378759,-10.998651424142617,-5.241491021841785,-1.4324613266748327,0.0,0.0,0.0,0.0,12.267661013178571,287.9917285630538,101032.82524113549,1.2221511812475745,340.1988182778336
24.25,24.23665606241104,-8.98271094779568,-4.4751026683164135,-1.1382985333826667,0.0,0.0,0.0,0.0,10.100067495552798,287.9924617355943,101034.17712938903,1.2221644230659108,340.19925131852256
24.3,23.880896048839546,-9.027106829819237,-4.037161172805357,-1.4781428563874384,0.0,0.0,0.0,0.0,9.99861162142352,287.9947741756825,101038.44110651757,1.2222061887309514,340.2006171334519
24.35,23.694126521717077,-9.244370957824664,-4.22217266311035,-1.0366039102053508,0.0,0.0,0.0,0.0,10.215658768265582,287.9959881776088,101040.67969914411,1.222228115616243,340.20133416689544
24.4,23.52358405565544,-10.838662937761612,-5.839584903681257,-3.032696506358264,0.0,0.0,0.0,0.0,12.679692986243271,287.9970967036382,101042.72383163485,1.2222481376950185,340.20198890113954
24.45,23.203856856866405,-9.690408472037044,-5.065278657649475,-2.347030346094331,0.0,0.0,0.0,0.0,11.183452762007548,287.99917493043034,101046.55619174794,1.2222856750816127,340.2032163711743
24.5,22.952917526702247,-9.674173478341498,-3.4014533589593983,-2.0866360788415106,0.0,0.0,0.0,0.0,10.46487303161129,288.0008060360764,101049.56411926005,1.2223151370860745,340.2041797534505
24.55,22.781270771652437,-8.553332111321195,-4.528041404129253,-2.4737689805417684,0.0,0.0,0.0,0.0,9.989103169612264,288.00192173998425,101051.62163441812,1.2223352899093891,340.20483872168467
24.6,22.66956887681002,-10.485045317488208,-3.0285920558435397,-1.9844057164258742,0.0,0.0,0.0,0.0,11.092628687461042,288.0026478023007,101052.96061381993,1.2223484048207998,340.2052675552079
24.65,22.569474729583863,-8.668470845878469,-6.9712856470517135,-2.9859522476285316,0.0,0.0,0.0,0.0,11.517687320106937,288.0032984142577,101054.16046244251,1.2223601569588545,340.20565182509495
24.7,22.425597316592057,-15.984009350986186,1.2940906072574612,-2.5106806605872016,0.0,0.0,0.0,0.0,16.23165865867233,288.00423361744214,101055.88517006354,1.2223770498784126,340.20620418187775
24.75,22.23326807319512,-9.831265435320818,0.4331564717326235,0.5675482164276331,0.0,0.0,0.0,0.0,9.857155551512205,288.0054837575242,101058.19072352767,1.2223996318980934,340.20694254767386
24.8,22.26074166107291,-9.320367863828638,-5.182025113000512,-3.1889539518021124,0.0,0.0,0.0,0.0,11.13068141200582,288.005305179203,101057.8613803343,1.2223964061127215,340.20683707469243
24.85,22.367420346436937,-9.69899376068512,-3.9196198313455133,-3.0303005953742814,0.0,0.0,0.0,0.0,10.891125804544343,288.00461176774814,101056.58256401433,1.2223838805973735,340.2064275276188
24.9,22.360182283325653,-8.629522495804054,-3.0435883436143696,1.7710248700576732,0.0,0.0,0.0,0.0,9.320333556334575,288.00465881515834,101056.66933025995,1.2223847304404227,340.2064553150743
24.95,21.989342946692144,-14.597983033968509,-3.6812388524243893,-2.7845750337974127,0.0,0.0,0.0,0.0,15.310339195049831,288.0070692708465,101061.11484569148,1.2224282724220317,340.2078789914706
25.0,21.240734369558396,-9.99327032674354,-5.6338322058293535,-4.553213114988832,0.0,0.0,0.0,0.0,12.342498402564988,288.01193522659787,101070.0894327338,1.2225161736729944,340.2107529304635
25.05,20.6415967433052,-10.37413908144769,-4.908751543209397,-1.9044747966569593,0.0,0.0,0.0,0.0,11.63381397673534,288.0158296211685,101077.27257354016,1.2225865276020595,340.21305302686284
25.1,20.168796054387727,-9.325799272631322,-4.4340646851542465,-3.1578362954825376,0.0,0.0,0.0,0.0,10.798305041746588,288.0189028256465,101082.94133579243,1.2226420485620546,340.2148681032952
25.15,19.755079659425792,-8.266381770169726,-3.0409881700468615,-2.38006379298664,0.0,0.0,0.0,0.0,9.123890632797243,288.0215919822137,101087.9019032936,1.2226906328389109,340.21645634785546
25.2,19.38977035636374,-8.452469674291128,-2.8891178897723924,-2.232540734924854,0.0,0.0,0.0,0.0,9.207360311669836,288.0239664926836,101092.2822210062,1.222733533716219,340.2178587529096
25.25,18.948646318276648,-9.518386866375057,-4.692715738136032,-2.0062290747711122,0.0,0.0,0.0,0.0,10.800288173812202,288.0268337989312,101097.57181602676,1.222785339593537,340.21955219942384
25.3,18.61234269913932,-10.8274222847315,-3.744491741829085,-1.721784081859298,0.0,0.0,0.0,0.0,11.585285156657584,288.02901977245557,101101.6046417417,1.222824836424712,340.2208432414991
25.35,18.22431979328024,-8.662932939535493,-5.294260419310916,-1.6900768116772749,0.0,0.0,0.0,0.0,10.29232530246399,288.03154192134366,101106.25782742052,1.2228704085867879,340.22233282359696
25.4,17.73369327508245,-7.906874009551445,-6.506475270305893,-4.072641346434708,0.0,0.0,0.0,0.0,11.019949391113908,288.03473099371195,101112.14168784271,1.2229280331048937,340.2242162816207
25.45,17.45809931380235,-11.543387668844197,-4.984347769534001,-3.0623080911861575,0.0,0.0,0.0,0.0,12.941068441447445,288.03652235446026,101115.44688233841,1.2229604027703465,340.22527425014584
25.5,17.252965192858632,-11.153036800543152,-3.9844909975889746,-0.9595249480162827,0.0,0.0,0.0,0.0,11.882217238798617,288.0378557262464,101117.90710975515,1.222984497057856,340.2260617305891
25.55,16.988033478401498,-10.540965547642692,-1.7869311810006785,1.9073270421373216,0.0,0.0,0.0,0.0,10.860155347318518,288.0395777823904,101121.08457714807,1.223015615484689,340.2270787627129
25.6,16.787928677849674,-9.926696043523108,-4.216944064080715,-2.107331455251036,0.0,0.0,0.0,0.0,10.989210956314077,288.04087846359397,101123.48459437206,1.22303911985445,340.22784693226464
25.65,16.776085099835488,-8.961085027019065,-4.085978802110015,-1.8994225941805734,0.0,0.0,0.0,0.0,10.030158215304548,288.04095544685106,101123.6266453396,1.2230405110154998,340.2278923977663
25.7,16.830087862533507,-8.920213220922848,-4.005420131171395,-1.708325646464369,0.0,0.0,0.0,0.0,9.926327158032207,288.0406044288935,101122.97894165137,1.2230341677952654,340.2276850902046
25.75,16.872301313798154,-11.10140153101882,-2.35310056134307,2.7690012259734527,0.0,0.0,0.0,0.0,11.680991652858184,288.04033004146027,101122.47264011443,1.2230292093772435,340.2275230397471
25.8,16.72840897941004,-8.278382318227866,-6.661604598061585,1.082557668193717,0.0,0.0,0.0,0.0,10.680848315214856,288.0412653416338,101124.19847071059,1.2230461111227227,340.22807541830286
25.85,16.60189790027561,-0.4393620470489081,-14.205577268253412,1.000201294813984,0.0,0.0,0.0,0.0,14.24752143928384,288.0420876636482,101125.71585193275,1.2230609713952323,340.22856107239187
25.9,16.383111566996554,-11.531656711040638,-3.4060227875511804,-1.5032498376321328,0.0,0.0,0.0,0.0,12.117749700540424,288.0435097748145,101128.3400314175,1.2230866708501613,340.22940095354
25.95,16.181539645627485,-9.828480037238894,-5.234614657928407,-0.9971708643046765,0.0,0.0,0.0,0.0,11.180096609243613,288.0448199923034,101130.75778562693,1.223110348602006,340.23017474984044
26.0,15.88778646957818,-8.260148820134912,-7.0454129525344324,1.1798857858288845,0.0,0.0,0.0,0.0,10.920624188667842,288.0467293879477,101134.28129160985,1.2231448551013433,340.2313024093088
26.05,15.551162159065198,-8.390067703935356,-4.8633285150048104,-1.024778213273326,0.0,0.0,0.0,0.0,9.751685531633887,288.048917445966,101138.31914982834,1.223184398488419,340.23259463786
26.1,15.194547364262476,-10.889605993335488,-4.654437133751736,0.02716008925300445,0.0,0.0,0.0,0.0,11.842636589568368,288.0512354421323,101142.59693925132,1.2232262912322278,340.2339636002404
26.15,14.759617530603661,-9.47375367104235,-4.921160507337138,-1.763287926960936,0.0,0.0,0.0,0.0,10.82030561823137,288.05406248605107,101147.81435868361,1.2232773853937207,340.235633188632
26.2,14.475388030454244,-10.673164422988503,-4.871820024241821,-1.1557284530876277,0.0,0.0,0.0,0.0,11.789265346323637,288.055909977802,101151.22409426233,1.2233107766456557,340.23672427117464
26.25,14.025636331864877,-9.17434118074617,-4.779004331017349,-1.0621039513373587,0.0,0.0,0.0,0.0,10.398821245702036,288.05883336384284,101156.61969329929,1.223363614852797,340.2384507428981
26.3,13.721794080167731,-9.696327932888455,-3.9246632830711143,0.9595612179810069,0.0,0.0,0.0,0.0,10.50440455231293,288.06080833847886,101160.26497199357,1.2233993121593956,340.23961710386476
26.35,13.243679878126718,-10.1746686517686,-4.5996213667926975,0.4566664016776254,0.0,0.0,0.0,0.0,11.17537216801122,288.0639160807921,101166.00125437346,1.2234554856488566,340.2414524354549
26.4,12.531294182446544,-9.793254299537002,-4.70850698043487,0.44375591899521677,0.0,0.0,0.0,0.0,10.875421236708359,288.06854658781407,101174.54875013608,1.2235391872838792,340.2441870440182
26.45,11.825226259762282,-10.68810088719158,-5.364997924268282,0.2574933726546377,0.0,0.0,0.0,0.0,11.961814500281696,288.0731360293115,101183.02101967562,1.2236221509359417,340.2468973790936
26.5,11.289898748945264,-9.447666675401466,-5.540671431374945,-0.5601526406634287,0.0,0.0,0.0,0.0,10.966823446230366,288.07661565813186,101189.44491908037,1.2236850552956977,340.2489522901334
26.55,10.871970805131294,-8.672378595078442,-4.491276025711814,-0.10525807471254307,0.0,0.0,0.0,0.0,9.766923266709973,288.0793321897666,101194.46025996514,1.2237341661852987,340.25055654194233
26.6,10.567397975427005,-10.08530572484943,-4.729852517606294,-0.10948425044419502,0.0,0.0,0.0,0.0,11.13987806051227,288.0813119131597,101198.11541052166,1.223769957617312,340.25172566578044
26.65,10.323998365798188,-9.421218220830806,-4.282030592126455,-1.424822097080381,0.0,0.0,0.0,0.0,10.446303497637322,288.0828940106223,101201.03650373538,1.2237985609432827,340.25265996910116
26.7,10.229480637058032,-9.69289325066361,-4.6343089819284105,-0.6307897980990876,0.0,0.0,0.0,0.0,10.762290419707526,288.0835083758591,101202.17085056506,1.2238096684178026,340.2530227801165
26.75,10.047202263733816,-9.886590001874056,-3.7292540360565627,-0.2743510432825935,0.0,0.0,0.0,0.0,10.570111921145891,288.0846931852857,101204.35847870195,1.2238310895099034,340.25372246365026
26.8,9.899160026653373,-9.931285838096315,-5.570981383015939,1.4892273293955776,0.0,0.0,0.0,0.0,11.484078979461144,288.08565545982674,101206.13524735396,1.2238484874316355,340.2542907292141
26.85,9.732380704182185,-10.868308049272,-3.4805755988664626,-0.9703682088004355,0.0,0.0,0.0,0.0,11.453215304618427,288.0867395254228,101208.13692442236,1.2238680875620438,340.25493091663145
26.9,9.645451153083876,-7.713363209804523,-9.10700339048286,2.5853952792644113,0.0,0.0,0.0,0.0,12.211377952986096,288.08730456750493,101209.18026124638,1.2238783037350736,340.2552645978357
26.95,9.559472395072254,-2.8012573396413627,-20.12848932520705,7.367543789280391,0.0,0.0,0.0,0.0,21.616748753798124,288.087863429432,101210.21219512714,1.2238884082327526,340.25559462907563
27.0,9.619149323543931,-11.258833076773021,-1.6563723554638063,-0.6737842265002757,0.0,0.0,0.0,0.0,11.399950737370032,288.08747552939695,101209.49594004762,1.2238813948031364,340.25536555798607
27.05,9.851963335932236,-8.733751770865766,-5.4562919150149725,1.1184200151561712,0.0,0.0,0.0,0.0,10.358590868803565,288.0859622383164,101206.701696418,1.223854034025878,340.2544718952452
27.1,9.933961013130718,-9.198053821136941,-4.083971755080644,-0.5582097294544687,0.0,0.0,0.0,0.0,10.079415533397063,288.08542925341465,101205.71757170114,1.2238443976031563,340.2541571444348
27.15,9.711255963313677,-8.686404098217935,-5.296849933634442,-0.030295372530184037,0.0,0.0,0.0,0.0,10.17404310913696,288.08687683623845,101208.39046479082,1.2238705701871535,340.25501200449514
27.2,9.260589814950166,-9.591854030590596,-4.923017130163199,-0.3452467142228178,0.0,0.0,0.0,0.0,10.786980889095847,288.0898061662028,101213.79950863504,1.2239235343627415,340.2567418935471
27.25,8.906488502156698,-8.906087405168659,-5.426734402221884,-0.6911937662571405,0.0,0.0,0.0,0.0,10.452061421713665,288.09210782473593,101218.04971367244,1.2239651510640803,340.25810111079886
27.3,8.653977475205593,-8.47227095048333,-5.280039268137161,-1.0965736130650734,0.0,0.0,0.0,0.0,10.042940974652032,288.09374914641114,101221.08063973086,1.2239948287573346,340.2590703706049
27.35,8.403934996932362,-8.142227645662135,-5.783949056422046,-0.430719119630038,0.0,0.0,0.0,0.0,9.996772313156137,288.0953744225199,101224.08200786258,1.2240242168638247,340.260030152203
27.4,7.987716139604328,-8.93594795604709,-6.47319012187149,-0.5633100784444589,0.0,0.0,0.0,0.0,11.048559836990243,288.09807984509257,101229.0782228404,1.2240731372853773,340.26162779153833
27.45,7.7273741435953145,-9.8422784951447,-5.054830163540326,-0.3751874819339964,0.0,0.0,0.0,0.0,11.070795798172096,288.0997720680666,101232.20342201839,1.2241037374286958,340.26262710000043
27.5,7.502590853245686,-9.258115383241,-5.226710575180578,-1.2814621031481652,0.0,0.0,0.0,0.0,10.708564283222707,288.1012331594539,101234.90182998551,1.2241301585346611,340.26348991596166
27.55,7.371255511422129,-7.311381118777,-6.407451170164302,-1.3831398956666858,0.0,0.0,0.0,0.0,9.819613043956139,288.10208683917574,101236.47847027525,1.2241455959382437,340.2639940370705
27.6,7.22901692859164,-8.112789949996012,-5.076236255509907,-1.7787518990772395,0.0,0.0,0.0,0.0,9.733935155577132,288.10301138996414,101238.18602303923,1.224162315097317,340.2645400086305
27.65,6.894496272561163,-9.198080576837661,-4.509050586977583,-2.406498865849915,0.0,0.0,0.0,0.0,10.522711641267096,288.10518577422835,101242.2019850528,1.2242016363692827,340.2658240362807
27.7,6.53188288562396,-9.189562732932053,-4.206797427544177,-2.60656355614692,0.0,0.0,0.0,0.0,10.437403000321451,288.1075427612434,101246.55534948967,1.2242442608961683,340.2672158898957
27.75,6.289091383524362,-8.884519745314211,-4.922249323320255,-2.2913204710049713,0.0,0.0,0.0,0.0,10.412174557058254,288.1091209060071,101249.47027389638,1.2242728012187236,340.2681478165376
27.8,5.795780966027855,-9.859968695985339,-3.9891360457489005,-2.0032093589318913,0.0,0.0,0.0,0.0,10.82335607900878,288.1123274237208,101255.3931063727,1.2243307917948423,340.2700413227275
27.85,5.1230780883044345,-10.027305440974406,-4.248792910250703,-1.3380358289499417,0.0,0.0,0.0,0.0,10.972211968438511,288.116699992426,101263.47023053389,1.2244098740455334,340.2726233859495
27.9,4.647676937489912,-9.443950827686372,-4.636510127308908,-2.426778788263504,0.0,0.0,0.0,0.0,10.796975904555953,288.1197900999063,101269.17867314564,1.2244657640670629,340.2744481259934
27.95,4.09618256114301,-9.792060864780506,-3.977895611308266,-2.8489845652618766,0.0,0.0,0.0,0.0,10.946452508787123,288.12337481335254,101275.80114176159,1.2245306023515745,340.2765649236544
28.0,3.6629875866766555,-10.50700158595564,-4.748346597002238,-3.1095001535104325,0.0,0.0,0.0,0.0,11.942063010100828,288.12619058068657,101281.00329043707,1.2245815342123412,340.2782276441743
28.05,3.4181042405608424,-21.075899687976406,-15.974890315812392,-6.615769894496998,0.0,0.0,0.0,0.0,27.260944216164145,288.12778232243636,101283.94413952081,1.2246103265017956,340.2791675696846
28.1,3.2104147891031882,-9.28327034153984,-5.5604921668756075,-2.1462940409145883,0.0,0.0,0.0,0.0,11.031988011327046,288.1291323038708,101286.43837448103,1.2246347461052134,340.27996473338914
28.15,3.140942078076702,-4.2446728578534465,-2.974911296719953,-3.5525035518259465,0.0,0.0,0.0,0.0,6.28391807547534,288.12958387649246,101287.2727142561,1.224642914615018,340.2802313864942
28.2,2.8101441531512514,-10.277271384761205,-2.4355354363487924,1.0949348941772823,0.0,0.0,0.0,0.0,10.618522609112306,288.1317340630045,101291.24554280394,1.2246818099708376,340.281501066249
28.25,2.41375125328706,-10.67856053900227,-12.58440523313002,-1.338765785198034,0.0,0.0,0.0,0.0,16.558719880606215,288.1343106168536,101296.00632237803,1.224728419255491,340.2830225086097
28.3,2.1422153461652447,-9.427384132590195,-3.7016612738627854,-2.6158516198343755,0.0,0.0,0.0,0.0,10.460427690434983,288.1360756002499,101299.26764227252,1.224760348194804,340.2840647186883
28.35,1.8017423580875667,-16.453731993745553,-4.528796726589674,5.590605924899063,0.0,0.0,0.0,0.0,17.958011329774017,288.1382886746724,101303.35706073689,1.2248003840995483,340.2853715188042
28.4,1.4877868381192725,-15.171999605758442,1.5801815153073342,3.78733912317025,0.0,0.0,0.0,0.0,15.717203418304075,288.1403293855522,101307.1280965597,1.2248373027269455,340.2865765353842
28.45,1.3313409502941376,-13.165429487350993,-8.930664933663431,0.9619432403139652,0.0,0.0,0.0,0.0,15.937711395974091,288.14134628382305,101309.00726839101,1.224855699814595,340.28717700066215
28.5,1.2845799431668294,-11.38659632831557,-6.1381308393533685,0.41722462213082345,0.0,0.0,0.0,0.0,12.942383958542672,288.1416502303694,101309.5689502977,1.2248611986664897,340.28735647696135
28.55,1.065086102202592,-14.76689763886251,-4.590457598280779,2.465066179137725,0.0,0.0,0.0,0.0,15.659186380709107,288.1430769403357,101312.20549092005,1.2248870102560814,340.28819892851516
28.6,0.8692186619911622,-7.638343692197855,-5.304327335025415,-1.0075617766102878,0.0,0.0,0.0,0.0,9.35389563609316,288.144350078697,101314.55828021518,1.22491004382767,340.2889506965014
28.65,0.4823931052419415,-9.15098655200738,-6.709981651319405,6.998821741591868,0.0,0.0,0.0,0.0,13.332213409882172,288.1468644448159,101319.2050172397,1.2249555346188343,340.29043538489026
28.7,-0.0690801622917355,-10.603103038604864,-3.247166005890194,-8.065644476038916,0.0,0.0,0.0,0.0,13.71220266517884,288.15,101325.0,1.2250122659906946,340.29228686527705
28.75,-0.39005649089710975,-11.769110955975917,-12.930012424265348,26.550688511404072,0.0,0.0,0.0,0.0,31.790505727580566,288.15,101325.0,1.2250122659906946,340.29228686527705
28.8,-0.6153442760742862,-5.055347600194544,-4.886232600153258,38.08440202860842,0.0,0.0,0.0,0.0,38.727941931611426,288.15,101325.0,1.2250122659906946,340.29228686527705
28.85,-0.8540627574198107,-14.799408541325633,-3.9819211192187067,-9.98329952286217,0.0,0.0,0.0,0.0,18.29055653434094,288.15,101325.0,1.2250122659906946,340.29228686527705
28.9,-0.8488460632486153,1.0908090548363203,0.8214023942726547,6.23881719110176,0.0,0.0,0.0,0.0,6.386501877508266,288.15,101325.0,1.2250122659906946,340.29228686527705
28.95,-1.0690761132723017,-68.4481004441955,-33.6316755043982,-1.1200612198266335,0.0,0.0,0.0,0.0,76.2724497363758,288.15,101325.0,1.2250122659906946,340.29228686527705
29.0,-0.862483618065643,-56.31030160403163,-32.47504374636345,4.176252234414306,0.0,0.0,0.0,0.0,65.13769734793115,288.15,101325.0,1.2250122659906946,340.29228686527705
29.05,-0.6331004734816521,-12.996908281494093,-13.721711818197802,-8.60486538204931,0.0,0.0,0.0,0.0,20.766528557812197,288.15,101325.0,1.2250122659906946,340.29228686527705
29.1,-0.674423671824104,4.353300453736829,18.915043151388677,7.905262450749613,0.0,0.0,0.0,0.0,20.95765389242395,288.15,101325.0,1.2250122659906946,340.29228686527705
29.15,-0.7586030503070017,-7.220700094883735,80.49473290369643,68.05652090408752,0.0,0.0,0.0,0.0,105.65619041336946,288.15,101325.0,1.2250122659906946,340.29228686527705
29.2,-0.6151370436635046,32.110136015512346,-9.68162073942958,-45.56733239203283,0.0,0.0,0.0,0.0,56.57893951288642,288.15,101325.0,1.2250122659906946,340.29228686527705
29.25,-0.42606806606694175,23.463912383708323,1.8205142221126855,-6.762365054538565,0.0,0.0,0.0,0.0,24.486711447519852,288.15,101325.0,1.2250122659906946,340.29228686527705
29.3,-0.8318766041037818,-4.060947476829258,3.5572480800676516,2.9325403411564164,0.0,0.0,0.0,0.0,6.143704189267311,288.15,101325.0,1.2250122659906946,340.29228686527705
29.35,-1.0328321044461055,6.79098870067199,5.4643334740849046,-0.7806075226661382,0.0,0.0,0.0,0.0,8.751332238756705,288.15,101325.0,1.2250122659906946,340.29228686527705
29.4,-0.9157667820267981,0.6582341023223942,6.887848417957613,-2.530130393018639,0.0,0.0,0.0,0.0,7.367312112833148,288.15,101325.0,1.2250122659906946,340.29228686527705
29.45,0.020622518968251808,-8.653052140649407,-8.598024984452705,5.0961808982175105,0.0,0.0,0.0,0.0,13.220151463936686,288.14986595362666,101324.75225642812,1.2250098406582848,340.29220771387634
29.5,0.6504871583800419,-5.341378283853736,-19.42326028944633,9.552413041217822,0.0,0.0,0.0,0.0,22.294437807507848,288.1457718334705,101317.1857683874,1.2249357665534701,340.28979021815627
29.55,0.446983982679148,7.874501438237017,9.7653287264521,-4.189292183036781,0.0,0.0,0.0,0.0,13.225716881565269,288.14709460411257,101319.6303774903,1.2249596988058924,340.29057128953
29.6,-0.06872143685720614,7.089491841758076,0.3258663216483775,-5.9725047955262065,0.0,0.0,0.0,0.0,9.275661537945556,288.15,101325.0,1.2250122659906946,340.29228686527705
29.65,-0.6506269338236939,4.233143567930829,-5.879911041178122,-12.717585003542126,0.0,0.0,0.0,0.0,14.636592043272987,288.15,101325.0,1.2250122659906946,340.29228686527705
29.7,-1.0171581300013346,-8.83209481749505,2.4108184508439736,-6.681673683529967,0.0,0.0,0.0,0.0,11.334139035733132,288.15,101325.0,1.2250122659906946,340.29228686527705
29.75,-1.2253607349380649,1.317587204146543,3.6731401077876287,-12.792412897467234,0.0,0.0,0.0,0.0,13.374371836884709,288.15,101325.0,1.2250122659906946,340.29228686527705
29.8,-1.216064504999635,-3.4277329411654853,-1.638836689939377,-8.575895934046457,0.0,0.0,0.0,0.0,9.37982568515199,288.15,101325.0,1.2250122659906946,340.29228686527705
29.85,-1.0803141047943272,-0.8578858713875324,0.768275822314602,-10.868117515849459,0.0,0.0,0.0,0.0,10.928961261061973,288.15,101325.0,1.2250122659906946,340.29228686527705
29.9,-1.0481299002457682,-2.328698378059678,-0.39495616741709255,-10.053166160266246,0.0,0.0,0.0,0.0,10.326905458852664,288.15,101325.0,1.2250122659906946,340.29228686527705
29.95,-0.9719590354451454,-1.359925862440341,0.21854572158504887,-10.385157308318258,0.0,0.0,0.0,0.0,10.476099126214555,288.15,101325.0,1.2250122659906946,340.29228686527705
30.0,-0.9275596245113341,-1.9358695671687454,0.14754966852290477,-9.806689289279674,0.0,0.0,0.0,0.0,9.99702539269777,288.15,101325.0,1.2250122659906946,340.29228686527705
30.05,-0.9113373081603943,-1.6013970117378118,0.13034771553321653,-10.116349947598177,0.0,0.0,0.0,0.0,10.243144008477923,288.15,101325.0,1.2250122659906946,340.29228686527705
30.1,-0.834710958466849,-1.761868794063744,0.06362015135665007,-10.00938792820198,0.0,0.0,0.0,0.0,10.163467708828016,288.15,101325.0,1.2250122659906946,340.29228686527705
30.15,-0.7560255630411342,-1.6390416638760235,0.1340010088580276,-9.973594264989485,0.0,0.0,0.0,0.0,10.108263768270374,288.15,101325.0,1.2250122659906946,340.29228686527705
30.2,-0.85290957554345,-1.6242911517997476,0.14286472342397147,-9.994937447674161,0.0,0.0,0.0,0.0,10.12706801882624,288.15,101325.0,1.2250122659906946,340.29228686527705
30.25,-0.9079066101252615,-1.6480170900233886,0.19385781565355456,-10.009699290186871,0.0,0.0,0.0,0.0,10.146310711863041,288.15,101325.0,1.2250122659906946,340.29228686527705
30.3,-0.8368311398869216,-1.6540303966403882,0.02331722865052983,-10.011563792821546,0.0,0.0,0.0,0.0,10.14730357404851,288.15,101325.0,1.2250122659906946,340.29228686527705
30.35,-0.8175409610815377,-1.6445406695095517,0.12050182273343818,-9.954439292410902,0.0,0.0,0.0,0.0,10.090089014931785,288.15,101325.0,1.2250122659906946,340.29228686527705
30.4,-0.7553005450429128,-1.5997138228920362,0.229022748031862,-10.021360936096123,0.0,0.0,0.0,0.0,10.150823156068737,288.15,101325.0,1.2250122659906946,340.29228686527705
30.45,-0.7537161896679878,-1.6255492132324414,0.12200774341282901,-10.050075032101581,0.0,0.0,0.0,0.0,10.181419561385578,288.15,101325.0,1.2250122659906946,340.29228686527705
30.5,-0.7334660691690699,-1.6433049979630097,0.13909546154118477,-10.09754742422016,0.0,0.0,0.0,0.0,10.231337295198841,288.15,101325.0,1.2250122659906946,340.29228686527705
30.55,-0.8171306217020994,-1.6784352892592405,0.15010651518815055,-10.009352938095756,0.0,0.0,0.0,0.0,10.15021296453916,288.15,101325.0,1.2250122659906946,340.29228686527705
30.6,-0.9748534021373882,-1.7037236805714495,0.127776875331043,-10.0772854844663,0.0,0.0,0.0,0.0,10.221090159324712,288.15,101325.0,1.2250122659906946,340.29228686527705
30.65,-1.0741590665449434,-1.6985204226896171,0.14516956071499248,-10.055717962986245,0.0,0.0,0.0,0.0,10.199191613984715,288.15,101325.0,1.2250122659906946,340.29228686527705
30.7,-0.9746343288297677,-1.6785786601800496,0.10400182651728364,-10.032575324443972,0.0,0.0,0.0,0.0,10.172561640952235,288.15,101325.0,1.2250122659906946,340.29228686527705
30.75,-0.9114857900369393,-1.6488866624344272,0.11168123085290767,-10.074480803384073,0.0,0.0,0.0,0.0,10.20913627005895,288.15,101325.0,1.2250122659906946,340.29228686527705
30.8,-0.8638238473820463,-1.6928173060775185,0.13852482802841423,-10.055610200976131,0.0,0.0,0.0,0.0,10.198044718165884,288.15,101325.0,1.2250122659906946,340.29228686527705
30.85,-0.8100800613525756,-1.7150624390913098,0.10713700911789074,-10.072991758617663,0.0,0.0,0.0,0.0,10.218516549768069,288.15,101325.0,1.2250122659906946,340.29228686527705
30.9,-0.8504070750907765,-1.6551048362646776,0.11635204674768107,-10.019358314106118,0.0,0.0,0.0,0.0,10.155808724284663,288.15,101325.0,1.2250122659906946,340.29228686527705
30.95,-0.7786610452331134,-1.6886745391878062,0.14629722261586256,-10.098936216319162,0.0,0.0,0.0,0.0,10.240192248094225,288.15,101325.0,1.2250122659906946,340.29228686527705
31.0,-0.7697407329656654,-1.6223193157188762,0.13379061178748,-10.120520836194366,0.0,0.0,0.0,0.0,10.250598123319504,288.15,101325.0,1.2250122659906946,340.29228686527705
31.05,-0.857477275967861,-1.692661634008324,0.17508551223171787,-10.036279679919796,0.0,0.0,0.0,0.0,10.17952200043834,288.15,101325.0,1.2250122659906946,340.29228686527705
31.1,-0.8558923824894743,-1.6663818786644704,0.07212630598858882,-10.109597477388022,0.0,0.0,0.0,0.0,10.246267219059199,288.15,101325.0,1.2250122659906946,340.29228686527705
31.15,-0.8926898647270687,-1.6437979019876217,0.11190938213250579,-10.043230185117462,0.0,0.0,0.0,0.0,10.177478459994044,288.15,101325.0,1.2250122659906946,340.29228686527705
31.2,-0.9715985534021573,-1.7451605519598823,0.13144020956598812,-9.982083152235079,0.0,0.0,0.0,0.0,10.134339936026572,288.15,101325.0,1.2250122659906946,340.29228686527705
31.25,-0.9294255159869285,-1.631008769037229,0.11991296324238075,-10.064289059805859,0.0,0.0,0.0,0.0,10.196297514429332,288.15,101325.0,1.2250122659906946,340.29228686527705
31.3,-1.05450119559501,-1.6613715293751192,0.0832909539554469,-9.996790555165639,0.0,0.0,0.0,0.0,10.134244626289517,288.15,101325.0,1.2250122659906946,340.29228686527705
31.35,-1.0903975335290403,-1.6477631404301765,0.0935270081624762,-10.053474024659705,0.0,0.0,0.0,0.0,10.18804253194516,288.15,101325.0,1.2250122659906946,340.29228686527705
31.4,-1.0015371386844643,-1.6128994698477266,0.10601355553017545,-10.06017843402886,0.0,0.0,0.0,0.0,10.189203781370288,288.15,101325.0,1.2250122659906946,340.29228686527705
31.45,-0.9294872848395976,-1.5883726424410922,0.15225916702985004,-10.020681176975232,0.0,0.0,0.0,0.0,10.14692868585296,288.15,101325.0,1.2250122659906946,340.29228686527705
31.5,-0.9339078309460973,-1.7579748961766086,0.13247879348497707,-10.082860740699353,0.0,0.0,0.0,0.0,10.23582468991369,288.15,101325.0,1.2250122659906946,340.29228686527705
31.55,-1.0088902461212783,-1.6630655038485334,0.1031296134827503,-10.064097757378656,0.0,0.0,0.0,0.0,10.201102207964695,288.15,101325.0,1.2250122659906946,340.29228686527705
31.6,-1.0691969780866213,-1.614729093356702,0.0629870261800341,-10.070658264921759,0.0,0.0,0.0,0.0,10.199484070247696,288.15,101325.0,1.2250122659906946,340.29228686527705
31.65,-1.0293271980829066,-1.6599671978760822,0.09957753599677602,-10.028420514064914,0.0,0.0,0.0,0.0,10.165363977281766,288.15,101325.0,1.2250122659906946,340.29228686527705
31.7,-1.0896681129096892,-1.6646646085232775,0.1008636676611661,-10.030909482348491,0.0,0.0,0.0,0.0,10.168600040388691,288.15,101325.0,1.2250122659906946,340.29228686527705
31.75,-1.1461551361773628,-1.6691075593899196,0.05891187721511443,-9.98993369737106,0.0,0.0,0.0,0.0,10.128581634758117,288.15,101325.0,1.2250122659906946,340.29228686527705
31.8,-1.0714712321892714,-1.6698307720017147,0.1108935410268804,-10.035688329717932,0.0,0.0,0.0,0.0,10.174265203728572,288.15,101325.0,1.2250122659906946,340.29228686527705
31.85,-1.0070326765457511,-1.6100660976920804,0.12371651751867985,-10.017279487783659,0.0,0.0,0.0,0.0,10.146600758481414,288.15,101325.0,1.2250122659906946,340.29228686527705
31.9,-0.9625411719793946,-1.7089547441446737,0.08856587923357936,-10.065509852480075,0.0,0.0,0.0,0.0,10.20993921739363,288.15,101325.0,1.2250122659906946,340.29228686527705
31.95,-0.9458547925391979,-1.6699315832880384,0.2070745551005693,-10.006061122396956,0.0,0.0,0.0,0.0,10.146566441381873,288.15,101325.0,1.2250122659906946,340.29228686527705
32.0,-0.9310072109807054,-1.6327628974434665,0.08259064487069316,-10.078166609977742,0.0,0.0,0.0,0.0,10.209905881660143,288.15,101325.0,1.2250122659906946,340.29228686527705
32.05,-0.8397676915862932,-1.6206537852989382,0.12269610100907408,-10.028031541557286,0.0,0.0,0.0,0.0,10.158887223681264,288.15,101325.0,1.2250122659906946,340.29228686527705
32.1,-0.8311283814243774,-1.6719288342723226,0.10634758766884593,-10.033745671133465,0.0,0.0,0.0,0.0,10.172645085191153,288.15,101325.0,1.2250122659906946,340.29228686527705
32.15,-1.0408030864730202,-1.6778048699334007,0.07657409269446927,-10.064100237676403,0.0,0.0,0.0,0.0,10.203284097154329,288.15,101325.0,1.2250122659906946,340.29228686527705
32.2,-0.9661299794805711,-1.6953311324596145,0.11189702033349075,-10.033390078803908,0.0,0.0,0.0,0.0,10.176226464917484,288.15,101325.0,1.2250122659906946,340.29228686527705
32.25,-0.829822504071282,-1.6226707414650288,0.12389775446907403,-10.057364842160462,0.0,0.0,0.0,0.0,10.188179354383907,288.15,101325.0,1.2250122659906946,340.29228686527705
32.3,-0.8121467947232522,-1.67264543687119,0.13662202959472874,-10.016108684397889,0.0,0.0,0.0,0.0,10.155729491972863,288.15,101325.0,1.2250122659906946,340.29228686527705
32.35,-0.9008652372050827,-1.6477609333540424,0.06878562979387362,-10.084381635107142,0.0,0.0,0.0,0.0,10.21834627123392,288.15,101325.0,1.2250122659906946,340.29228686527705
32.4,-0.9961131032831707,-1.7049981833600372,0.11455077277492859,-10.027150072429972,0.0,0.0,0.0,0.0,10.17171958224551,288.15,101325.0,1.2250122659906946,340.29228686527705
32.45,-0.8940003904826778,-1.737835275127809,0.1238909510963377,-9.961945617675775,0.0,0.0,0.0,0.0,10.113148911232924,288.15,101325.0,1.2250122659906946,340.29228686527705
32.5,-0.9002389147814356,-1.634469691250197,0.12247895167150141,-10.1159442128027,0.0,0.0,0.0,0.0,10.247869026375898,288.15,101325.0,1.2250122659906946,340.29228686527705
32.55,-0.9455671341952915,-1.6784428586744518,0.12023392698710059,-10.082787841778126,0.0,0.0,0.0,0.0,10.22224228285276,288.15,101325.0,1.2250122659906946,340.29228686527705
32.6,-0.9364567672816517,-1.6422800831689457,0.09620272671582805,-10.043210868944165,0.0,0.0,0.0,0.0,10.177053767877968,288.15,101325.0,1.2250122659906946,340.29228686527705
32.65,-0.842856903376654,-1.6384548341982517,0.09075093842288809,-10.035275522557535,0.0,0.0,0.0,0.0,10.168555688502408,288.15,101325.0,1.2250122659906946,340.29228686527705
32.7,-0.9317540181484689,-1.7015312124941835,0.10747738776171303,-10.049965884442214,0.0,0.0,0.0,0.0,10.193555519759746,288.15,101325.0,1.2250122659906946,340.29228686527705
32.75,-1.017032760660559,-1.7144788487410678,0.13878443259095377,-10.054947396471084,0.0,0.0,0.0,0.0,10.201012988292423,288.15,101325.0,1.2250122659906946,340.29228686527705
32.8,-1.071888352679957,-1.7091496771731713,0.12693822631387955,-10.039881884188922,0.0,0.0,0.0,0.0,10.185113361212322,288.15,101325.0,1.2250122659906946,340.29228686527705
32.85,-1.0999906214772082,-1.5986640485984596,0.15894291534895394,-10.057496754602246,0.0,0.0,0.0,0.0,10.185000272923686,288.15,101325.0,1.2250122659906946,340.29228686527705
32.9,-1.0295165773991635,-1.6652264505843766,0.07935067567804861,-10.071160575404706,0.0,0.0,0.0,0.0,10.208209980062247,288.15,101325.0,1.2250122659906946,340.29228686527705
32.95,-1.0021296391977095,-1.696705131116561,0.012298421221488607,-10.053272061430372,0.0,0.0,0.0,0.0,10.195451863172043,288.15,101325.0,1.2250122659906946,340.29228686527705
33.0,-1.0546332128231697,-1.629344809944398,0.1260217242311823,-10.059682039347972,0.0,0.0,0.0,0.0,10.191557717908049,288.15,101325.0,1.2250122659906946,340.29228686527705
33.05,-1.0800934830039517,-1.6651350746199465,0.09911146456685413,-10.0277748148969,0.0,0.0,0.0,0.0,10.165567649542188,288.15,101325.0,1.2250122659906946,340.29228686527705
33.1,-1.0626273209564339,-1.6956744928884973,0.06570878115683282,-10.08451527515201,0.0,0.0,0.0,0.0,10.226293461686302,288.15,101325.0,1.2250122659906946,340.29228686527705
33.15,-1.0655385338857386,-1.6722441197776945,0.08923875178699738,-10.067941503802786,0.0,0.0,0.0,0.0,10.206263276779914,288.15,101325.0,1.2250122659906946,340.29228686527705
33.2,-1.0673226058211802,-1.6659466063129107,0.099061904802739,-10.019470157987557,0.0,0.0,0.0,0.0,10.15750823789338,288.15,101325.0,1.2250122659906946,340.29228686527705
33.25,-1.0590037134380192,-1.606521950050223,0.14075125873241454,-10.036725266167842,0.0,0.0,0.0,0.0,10.165460036877812,288.15,101325.0,1.2250122659906946,340.29228686527705
33.3,-1.0481962927937836,-1.6574705407881714,0.1037039647523147,-10.032431039448262,0.0,0.0,0.0,0.0,10.168954502168397,288.15,101325.0,1.2250122659906946,340.29228686527705
33.35,-1.1011002225227204,-1.6777128991271117,0.1418225959789664,-10.01895967036203,0.0,0.0,0.0,0.0,10.159448168919832,288.15,101325.0,1.2250122659906946,340.29228686527705
33.4,-1.0583884251784916,-1.6522243729462378,0.09782274913974642,-10.079410184462109,0.0,0.0,0.0,0.0,10.214397893926266,288.15,101325.0,1.2250122659906946,340.29228686527705
33.45,-0.9904225916938892,-1.6483580611819661,0.11468775166345131,-10.11280495650968,0.0,0.0,0.0,0.0,10.246904979878165,288.15,101325.0,1.2250122659906946,340.29228686527705
33.5,-0.9804696925573007,-1.6823619702834054,0.12003902700133548,-10.090927970526051,0.0,0.0,0.0,0.0,10.230912885632655,288.15,101325.0,1.2250122659906946,340.29228686527705
33.55,-0.9456714769249113,-1.649469149292527,0.14944086226954637,-10.0222920797788,0.0,0.0,0.0,0.0,10.158219311384283,288.15,101325.0,1.2250122659906946,340.29228686527705
33.6,-0.9029150582588428,-1.6455291974578343,0.16107025114342166,-9.990293120723171,0.0,0.0,0.0,0.0,10.126187170078298,288.15,101325.0,1.2250122659906946,340.29228686527705
33.65,-0.8291917613871825,-1.7413753228061448,0.004353087983315036,-10.098286763189007,0.0,0.0,0.0,0.0,10.24733148267643,288.15,101325.0,1.2250122659906946,340.29228686527705
33.7,-0.855451830227146,-1.6597138337310544,0.04835414589266884,-10.0734874231697,0.0,0.0,0.0,0.0,10.209414135887592,288.15,101325.0,1.2250122659906946,340.29228686527705
33.75,-0.9987829482756697,-1.714020455550638,0.07140275305581577,-10.092814376371813,0.0,0.0,0.0,0.0,10.237571318974414,288.15,101325.0,1.2250122659906946,340.29228686527705
33.8,-1.0262186461454443,-1.6853228555945456,0.09499504055256953,-10.025072415461716,0.0,0.0,0.0,0.0,10.166189754306691,288.15,101325.0,1.2250122659906946,340.29228686527705
33.85,-1.0543624592206031,-1.6858413147252551,0.08848275079735354,-10.02660990101328,0.0,0.0,0.0,0.0,10.167733092618079,288.15,101325.0,1.2250122659906946,340.29228686527705
33.9,-1.0598823947673135,-1.664181117171325,0.1465422894704229,-9.9923824394018,0.0,0.0,0.0,0.0,10.131074979912956,288.15,101325.0,1.2250122659906946,340.29228686527705
33.95,-1.019055791822243,-1.6682032475983297,0.13377059981317052,-10.050291482311577,0.0,0.0,0.0,0.0,10.188677810594298,288.15,101325.0,1.2250122659906946,340.29228686527705
34.0,-1.0326639811135105,-1.6745968371050495,0.11795697228554905,-10.040382587530639,0.0,0.0,0.0,0.0,10.179757900762741,288.15,101325.0,1.2250122659906946,340.29228686527705
34.05,-1.0359942586650932,-1.6433511750631462,0.1437406254523048,-10.069354935660957,0.0,0.0,0.0,0.0,10.203586294646923,288.15,101325.0,1.2250122659906946,340.29228686527705
34.1,-1.0167695124864091,-1.6291127158765195,0.07395392225967097,-10.04180647191629,0.0,0.0,0.0,0.0,10.173364961656889,288.15,101325.0,1.2250122659906946,340.29228686527705
34.15,-1.048041295932608,-1.6057750809238198,0.06774774733073978,-10.045431558059379,0.0,0.0,0.0,0.0,10.173190185749974,288.15,101325.0,1.2250122659906946,340.29228686527705
34.2,-1.0163866398116053,-1.609731675533799,0.09769183573916887,-10.022956045151485,0.0,0.0,0.0,0.0,10.151868184970963,288.15,101325.0,1.2250122659906946,340.29228686527705
34.25,-0.999623402893019,-1.6983689389674836,0.11229051383577207,-10.054693709309698,0.0,0.0,0.0,0.0,10.197741504881316,288.15,101325.0,1.2250122659906946,340.29228686527705
34.3,-1.137052108636562,-1.6898572526523243,0.09255645535970598,-10.107310607289792,0.0,0.0,0.0,0.0,10.24801990357177,288.15,101325.0,1.2250122659906946,340.29228686527705
34.35,-1.0847435600913997,-1.687908197010497,0.07902203307294732,-10.064519315452994,0.0,0.0,0.0,0.0,10.205382286537462,288.15,101325.0,1.2250122659906946,340.29228686527705
34.4,-0.9428694835257498,-1.6451520048588308,0.11389737777958901,-10.078383379795103,0.0,0.0,0.0,0.0,10.21240957276422,288.15,101325.0,1.2250122659906946,340.29228686527705
34.45,-0.89639659972058,-1.6429902245657544,0.1146395138230533,-10.017896745281533,0.0,0.0,0.0,0.0,10.152379735572865,288.15,101325.0,1.2250122659906946,340.29228686527705
34.5,-0.9325476156479012,-1.6502551836557526,0.031221599280941346,-9.992481372595986,0.0,0.0,0.0,0.0,10.127882352255188,288.15,101325.0,1.2250122659906946,340.29228686527705
34.55,-1.0287368983140095,-1.6384790626692762,0.17398524658426964,-10.06382533470976,0.0,0.0,0.0,0.0,10.197816671836211,288.15,101325.0,1.2250122659906946,340.29228686527705
34.6,-0.9716198265480983,-1.626414315972642,0.09356807788960689,-10.10173593741842,0.0,0.0,0.0,0.0,10.232255248073686,288.15,101325.0,1.2250122659906946,340.29228686527705
34.65,-0.9390981266363354,-1.6283637106601407,0.11990836309351563,-10.07554076095985,0.0,0.0,0.0,0.0,10.206981337079931,288.15,101325.0,1.2250122659906946,340.29228686527705
34.7,-1.0241630269683586,-1.6512191997318661,0.12315376076197275,-10.050175374624132,0.0,0.0,0.0,0.0,10.185662313028756,288.15,101325.0,1.2250122659906946,340.29228686527705
34.75,-1.0874888443591406,-1.6613135987448029,0.09624578293047979,-10.08849081279812,0.0,0.0,0.0,0.0,10.224816526667771,288.15,101325.0,1.2250122659906946,340.29228686527705
34.8,-1.1275939200605323,-1.6408217000580385,0.07575489873569848,-10.058391925913448,0.0,0.0,0.0,0.0,10.191628073636942,288.15,101325.0,1.2250122659906946,340.29228686527705
34.85,-1.1207600643463325,-1.654977634805708,0.12530682476964378,-10.106619101889804,0.0,0.0,0.0,0.0,10.241992112998565,288.15,101325.0,1.2250122659906946,340.29228686527705
34.9,-1.0434815179204393,-1.6693619647715106,0.12743591793729322,-10.030046014829914,0.0,0.0,0.0,0.0,10.168816663811565,288.15,101325.0,1.2250122659906946,340.29228686527705
34.95,-0.9782966383807331,-1.6593248334217932,0.09308709740504839,-10.048527713823185,0.0,0.0,0.0,0.0,10.18503477293947,288.15,101325.0,1.2250122659906946,340.29228686527705
35.0,-1.0022177477329395,-1.6917902812949626,0.1166038344543639,-10.01880641406863,0.0,0.0,0.0,0.0,10.161310583417686,288.15,101325.0,1.2250122659906946,340.29228686527705
35.05,-0.9967560975090685,-1.6784687490202186,0.11476728126216501,-10.018392092005271,0.0,0.0,0.0,0.0,10.158671614903179,288.15,101325.0,1.2250122659906946,340.29228686527705
35.1,-1.0697297923029554,-1.6182020793168352,0.07980579973097243,-9.983658935738701,0.0,0.0,0.0,0.0,10.11426678906243,288.15,101325.0,1.2250122659906946,340.29228686527705
35.15,-1.0765334224729026,-1.6033680470924032,0.10655850591467209,-9.997136974200052,0.0,0.0,0.0,0.0,10.12545759413062,288.15,101325.0,1.2250122659906946,340.29228686527705
35.2,-0.8918838352217643,-1.6274799046619945,0.1715582488670525,-10.026841487548824,0.0,0.0,0.0,0.0,10.159511469025627,288.15,101325.0,1.2250122659906946,340.29228686527705
35.25,-1.0420410637615503,-1.6377844786987028,0.12498622081351614,-10.128148350932515,0.0,0.0,0.0,0.0,10.260475065636903,288.15,101325.0,1.2250122659906946,340.29228686527705
35.3,-1.214570403023866,-1.6846174855138967,0.08119899030438718,-10.097441263232007,0.0,0.0,0.0,0.0,10.237326282430681,288.15,101325.0,1.2250122659906946,340.29228686527705
35.35,-1.2209380172911795,-1.7049718183874283,0.1437391325074144,-10.051815532293391,0.0,0.0,0.0,0.0,10.19640060683004,288.15,101325.0,1.2250122659906946,340.29228686527705
35.4,-1.1445329468998728,-1.733314740937399,0.06836982018796904,-10.02263493770889,0.0,0.0,0.0,0.0,10.171640257010976,288.15,101325.0,1.2250122659906946,340.29228686527705
35.45,-1.0946786071928265,-1.6302439734927399,0.10894069406433683,-9.98309975086441,0.0,0.0,0.0,0.0,10.115920330036296,288.15,101325.0,1.2250122659906946,340.29228686527705
35.5,-0.9895500093741489,-1.5898791981492275,0.18161666017948505,-10.072725165331482,0.0,0.0,0.0,0.0,10.199043716558162,288.15,101325.0,1.2250122659906946,340.29228686527705
35.55,-1.066650581748466,-1.6796093970813737,0.12193760076078201,-10.078399118604526,0.0,0.0,0.0,0.0,10.218125331935004,288.15,101325.0,1.2250122659906946,340.29228686527705
35.6,-1.0505373335672745,-1.6261972861949665,0.08903027175498193,-10.005991801642576,0.0,0.0,0.0,0.0,10.137668170612761,288.15,101325.0,1.2250122659906946,340.29228686527705
35.65,-1.0246724630457267,-1.652090244786819,0.1276019176185452,-10.064620078767376,0.0,0.0,0.0,0.0,10.200110869800737,288.15,101325.0,1.2250122659906946,340.29228686527705
35.7,-1.0407879225809344,-1.6372860572955634,0.11069116509422955,-10.012717431942056,0.0,0.0,0.0,0.0,10.146303195714225,288.15,101325.0,1.2250122659906946,340.29228686527705
35.75,-1.0734961112566321,-1.6198461154845945,0.09088091698284775,-10.036687703606654,0.0,0.0,0.0,0.0,10.166969107784837,288.15,101325.0,1.2250122659906946,340.29228686527705
35.8,-1.124292130650959,-1.665307522862713,0.08671004925982281,-10.040231364143667,0.0,0.0,0.0,0.0,10.177770562548558,288.15,101325.0,1.2250122659906946,340.29228686527705
35.85,-1.145497403976241,-1.6814518372582745,0.10930502837744908,-10.014850361053725,0.0,0.0,0.0,0.0,10.155612026094033,288.15,101325.0,1.2250122659906946,340.29228686527705
35.9,-1.1724161317394577,-1.6356510677751213,0.11652744383068372,-10.078550973962228,0.0,0.0,0.0,0.0,10.21107843449626,288.15,101325.0,1.2250122659906946,340.29228686527705
35.95,-1.1983904762791053,-1.6510114286264435,0.08763277052207437,-9.999889526465513,0.0,0.0,0.0,0.0,10.135645454604218,288.15,101325.0,1.2250122659906946,340.29228686527705
36.0,-1.1923703820137774,-1.6848233124801026,0.06768025064983176,-9.979168519026034,0.0,0.0,0.0,0.0,10.120623228918499,288.15,101325.0,1.2250122659906946,340.29228686527705
36.05,-1.2140089796824025,-1.6629080528360893,0.15432424143510443,-9.971955751995482,0.0,0.0,0.0,0.0,10.110834816346147,288.15,101325.0,1.2250122659906946,340.29228686527705
36.1,-1.1070460109400326,-1.665077452963047,0.15261640559854245,-9.99486078478331,0.0,0.0,0.0,0.0,10.133756302517984,288.15,101325.0,1.2250122659906946,340.29228686527705
36.15,-1.0340863565511367,-1.6251461066310764,0.09184611832934139,-10.020664408185871,0.0,0.0,0.0,0.0,10.152007228072357,288.15,101325.0,1.2250122659906946,340.29228686527705
36.2,-1.0124739042504554,-1.7207460008631679,0.051651444735256596,-10.07455936540901,0.0,0.0,0.0,0.0,10.220586141625157,288.15,101325.0,1.2250122659906946,340.29228686527705
36.25,-1.0258224628809172,-1.6857244638295348,0.08759310044223445,-9.962536319220995,0.0,0.0,0.0,0.0,10.104527175033766,288.15,101325.0,1.2250122659906946,340.29228686527705
36.3,-1.0467130779427796,-1.6643549075065247,0.08875058052273428,-10.085977236253227,0.0,0.0,0.0,0.0,10.222763360946121,288.15,101325.0,1.2250122659906946,340.29228686527705
36.35,-1.097017026264581,-1.654643811113706,0.11717506619458226,-10.096613783769358,0.0,0.0,0.0,0.0,10.2319688250305,288.15,101325.0,1.2250122659906946,340.29228686527705
36.4,-1.0537075520600931,-1.647091671035122,0.10121805248491754,-10.011293698119884,0.0,0.0,0.0,0.0,10.146386429510606,288.15,101325.0,1.2250122659906946,340.29228686527705
36.45,-0.9447860247376787,-1.6272087470936614,0.16501688247927168,-10.082176958201162,0.0,0.0,0.0,0.0,10.213977241731241,288.15,101325.0,1.2250122659906946,340.29228686527705
36.5,-0.967723546168632,-1.680308374403352,0.14149293593602164,-10.059236035816372,0.0,0.0,0.0,0.0,10.19959244814598,288.15,101325.0,1.2250122659906946,340.29228686527705
36.55,-0.9771398186768963,-1.6095093568213386,0.12188097222636364,-10.035984264564954,0.0,0.0,0.0,0.0,10.16495723058792,288.15,101325.0,1.2250122659906946,340.29228686527705
36.6,-1.0703301291070346,-1.6309936638909537,0.18134907521828267,-10.067749175116742,0.0,0.0,0.0,0.0,10.200617690698872,288.15,101325.0,1.2250122659906946,340.29228686527705
36.65,-1.1065590935835903,-1.6699941676594834,0.16052524510333002,-10.055572022595022,0.0,0.0,0.0,0.0,10.194566080806378,288.15,101325.0,1.2250122659906946,340.29228686527705
36.7,-1.2206831090487509,-1.6280540714724763,0.1594609570328928,-10.026550133956507,0.0,0.0,0.0,0.0,10.159118832123148,288.15,101325.0,1.2250122659906946,340.29228686527705
36.75,-1.2459752158617377,-1.698248959715868,0.10858307682218783,-10.101436257556818,0.0,0.0,0.0,0.0,10.24377148706626,288.15,101325.0,1.2250122659906946,340.29228686527705
36.8,-1.2151263457854597,-1.6568694195317595,0.09677294036864906,-10.049784512620118,0.0,0.0,0.0,0.0,10.185909386278,288.15,101325.0,1.2250122659906946,340.29228686527705
36.85,-1.1375221437682714,-1.6883848056138058,0.13181025684376313,-10.08446064804352,0.0,0.0,0.0,0.0,10.22567179981712,288.15,101325.0,1.2250122659906946,340.29228686527705
36.9,-1.1165962887221315,-1.6344477169699436,0.13304764016866222,-10.121132084008552,0.0,0.0,0.0,0.0,10.253118339120544,288.15,101325.0,1.2250122659906946,340.29228686527705
36.95,-1.0216725495486871,-1.6113627719129255,0.1467458624188003,-10.022734983333754,0.0,0.0,0.0,0.0,10.15249924289513,288.15,101325.0,1.2250122659906946,340.29228686527705
37.0,-0.9882053533328776,-1.68123337990006,0.1444062935915836,-10.078358991985619,0.0,0.0,0.0,0.0,10.21864564541977,288.15,101325.0,1.2250122659906946,340.29228686527705
37.05,-0.9687122620875752,-1.653000384326263,0.09610842904210191,-10.030752075367104,0.0,0.0,0.0,0.0,10.166495674429669,288.15,101325.0,1.2250122659906946,340.29228686527705
37.1,-0.9432870369319853,-1.6250390172965814,0.15110159520407138,-10.076258794374962,0.0,0.0,0.0,0.0,10.207574383320859,288.15,101325.0,1.2250122659906946,340.29228686527705
37.15,-0.8323241876424,-1.6212789107146475,0.11306349564104966,-10.014139248598894,0.0,0.0,0.0,0.0,10.14516207611803,288.15,101325.0,1.2250122659906946,340.29228686527705
37.2,-0.8772218476663399,-1.685560960906792,0.09562627582210242,-10.081939566008407,0.0,0.0,0.0,0.0,10.222317034322817,288.15,101325.0,1.2250122659906946,340.29228686527705
37.25,-0.8857913323573103,-1.6402243101476521,0.08806991273857552,-10.0459849645252,0.0,0.0,0.0,0.0,10.17938632750499,288.15,101325.0,1.2250122659906946,340.29228686527705
37.3,-0.9498676258347251,-1.6782653283361542,0.12680380887712828,-10.058217896141096,0.0,0.0,0.0,0.0,10.198058686068345,288.15,101325.0,1.2250122659906946,340.29228686527705
37.35,-0.8716356033162049,-1.5818409998714473,0.10575971543275822,-9.991214989263554,0.0,0.0,0.0,0.0,10.116213868239809,288.15,101325.0,1.2250122659906946,340.29228686527705
37.4,-0.8669883601416355,-1.6580505371710574,0.13187994966277433,-10.016022694906917,0.0,0.0,0.0,0.0,10.153188392314343,288.15,101325.0,1.2250122659906946,340.29228686527705
37.45,-0.9768758758063105,-1.6359219532597054,0.12323260949672099,-10.058160786032321,0.0,0.0,0.0,0.0,10.191075768086446,288.15,101325.0,1.2250122659906946,340.29228686527705
37.5,-0.9505142647812153,-1.6646767632462776,0.14433886296793833,-10.03409078353555,0.0,0.0,0.0,0.0,10.172264265427243,288.15,101325.0,1.2250122659906946,340.29228686527705
37.55,-0.7894661368288178,-1.602094850893967,0.15319713773993573,-10.0808721621836,0.0,0.0,0.0,0.0,10.208533725494613,288.15,101325.0,1.2250122659906946,340.29228686527705
37.6,-0.649554841712066,-1.6051822189991027,0.08641508942332347,-10.016406723304923,0.0,0.0,0.0,0.0,10.144578905530727,288.15,101325.0,1.2250122659906946,340.29228686527705
37.65,-0.5842015939220917,-1.6737949661125227,0.08841453108369414,-10.044440934610328,0.0,0.0,0.0,0.0,10.183329534428609,288.15,101325.0,1.2250122659906946,340.29228686527705
37.7,-0.6809180398890388,-1.6269051701056747,0.10927902594088364,-10.012027372378894,0.0,0.0,0.0,0.0,10.143936831590159,288.15,101325.0,1.2250122659906946,340.29228686527705
37.75,-0.6565155495743307,-1.6525120069230879,0.13202458977496428,-10.006557165003338,0.0,0.0,0.0,0.0,10.142948916454714,288.15,101325.0,1.2250122659906946,340.29228686527705
37.8,-0.6696653778909187,-1.6295910732685968,0.08588348344835794,-10.07784069834761,0.0,0.0,0.0,0.0,10.20910457288382,288.15,101325.0,1.2250122659906946,340.29228686527705
37.85,-0.812791118250015,-1.6569394694181374,0.13077864550813376,-10.0284389397739,0.0,0.0,0.0,0.0,10.165241710269859,288.15,101325.0,1.2250122659906946,340.29228686527705
37.9,-0.8915007526557533,-1.6626357008897072,0.10707975354736746,-10.031682726947938,0.0,0.0,0.0,0.0,10.1690944474736,288.15,101325.0,1.2250122659906946,340.29228686527705
37.95,-0.9773260032061315,-1.679125779541242,0.14754057606216434,-10.011199771551247,0.0,0.0,0.0,0.0,10.15211073969411,288.15,101325.0,1.2250122659906946,340.29228686527705
38.0,-0.8723112713337875,-1.6934983631734866,0.12439301280662439,-10.119467405547393,0.0,0.0,0.0,0.0,10.260946881240661,288.15,101325.0,1.2250122659906946,340.29228686527705
38.05,-0.8460891779653249,-1.6205854956261894,0.06587308029441517,-10.143585481362534,0.0,0.0,0.0,0.0,10.27243705403203,288.15,101325.0,1.2250122659906946,340.29228686527705
38.1,-0.7236425113766118,-1.674101145694529,0.10950684569724259,-10.003245082749912,0.0,0.0,0.0,0.0,10.142954134808585,288.15,101325.0,1.2250122659906946,340.29228686527705
38.15,-0.678968636592606,-1.6494994641546663,0.1477402102425054,-10.07866071118934,0.0,0.0,0.0,0.0,10.213817963094929,288.15,101325.0,1.2250122659906946,340.29228686527705
38.2,-0.6709259637280636,-1.620355526429173,0.04901353860539607,-10.077188598747636,0.0,0.0,0.0,0.0,10.206747004492936,288.15,101325.0,1.2250122659906946,340.29228686527705
38.25,-0.6301283556199302,-1.6732999426301043,0.14448282583641692,-10.101857194788902,0.0,0.0,0.0,0.0,10.24052375461704,288.15,101325.0,1.2250122659906946,340.29228686527705
38.3,-0.6233516755481588,-1.6540820209381908,0.11940865451359318,-10.117695088806387,0.0,0.0,0.0,0.0,10.252706943476957,288.15,101325.0,1.2250122659906946,340.29228686527705
38.35,-0.5685097652517124,-1.6994641498454284,0.10659429950961727,-10.035183767269196,0.0,0.0,0.0,0.0,10.17862731335424,288.15,101325.0,1.2250122659906946,340.29228686527705
38.4,-0.6745937430440023,-1.6950696993488135,0.15077498882624116,-10.066521818526645,0.0,0.0,0.0,0.0,10.20935139496036,288.15,101325.0,1.2250122659906946,340.29228686527705
38.45,-0.7456287356815455,-1.7031075068392083,0.048514142327742364,-10.072829688823383,0.0,0.0,0.0,0.0,10.21591047053074,288.15,101325.0,1.2250122659906946,340.29228686527705
38.5,-0.7577693532735208,-1.6210215824820962,0.10134201934753279,-10.084400204010347,0.0,0.0,0.0,0.0,10.214357965648263,288.15,101325.0,1.2250122659906946,340.29228686527705
38.55,-0.7716938349602693,-1.6470292099033512,0.13580489521702072,-10.038049993286174,0.0,0.0,0.0,0.0,10.173180223290666,288.15,101325.0,1.2250122659906946,340.29228686527705
38.6,-0.6532017628931248,-1.6482331954673233,0.12898154948429205,-10.05385153380185,0.0,0.0,0.0,0.0,10.188878229249656,288.15,101325.0,1.2250122659906946,340.29228686527705
38.65,-0.6709888722961899,-1.710680792245231,0.16362662182152915,-10.077548739682424,0.0,0.0,0.0,0.0,10.223022598282775,288.15,101325.0,1.2250122659906946,340.29228686527705
38.7,-0.7193688832386266,-1.6754730928303057,0.15334132127961284,-10.092352703187526,0.0,0.0,0.0,0.0,10.231632652277284,288.15,101325.0,1.2250122659906946,340.29228686527705
38.75,-0.6574525641105312,-1.6979363427340461,0.10496732892980819,-10.060490609336746,0.0,0.0,0.0,0.0,10.20330717290588,288.15,101325.0,1.2250122659906946,340.29228686527705
38.8,-0.6091876562488742,-1.720828030441803,0.06805876456878766,-10.084127913494422,0.0,0.0,0.0,0.0,10.230127901522357,288.15,101325.0,1.2250122659906946,340.29228686527705
38.85,-0.5696982461774825,-1.7160290102132068,0.08132212970300687,-10.098013387014873,0.0,0.0,0.0,0.0,10.243107107562839,288.15,101325.0,1.2250122659906946,340.29228686527705
38.9,-0.5606650149725468,-1.609229819912977,0.18750902434646396,-10.043581986070544,0.0,0.0,0.0,0.0,10.173412375325658,288.15,101325.0,1.2250122659906946,340.29228686527705
38.95,-0.5937430525303395,-1.6271309269524772,0.13463141285845062,-10.090903928493727,0.0,0.0,0.0,0.0,10.222133963359296,288.15,101325.0,1.2250122659906946,340.29228686527705
39.0,-0.6351209148013747,-1.635892896129229,0.17504833242409126,-10.085147272742873,0.0,0.0,0.0,0.0,10.218462849137513,288.15,101325.0,1.2250122659906946,340.29228686527705
39.05,-0.7739491213189067,-1.6414774843234554,0.15160045135804043,-10.074048132208365,0.0,0.0,0.0,0.0,10.208030015553621,288.15,101325.0,1.2250122659906946,340.29228686527705
39.1,-0.7065103157272637,-1.652021239733062,0.0841386488913819,-10.036733615501717,0.0,0.0,0.0,0.0,10.172132281744501,288.15,101325.0,1.2250122659906946,340.29228686527705
39.15,-0.6705237818835819,-1.6769705064401073,0.098142383443831,-10.07410339604879,0.0,0.0,0.0,0.0,10.213198384501291,288.15,101325.0,1.2250122659906946,340.29228686527705
39.2,-0.7223979529235832,-1.6738653332084965,0.07838262054270594,-10.053686055497765,0.0,0.0,0.0,0.0,10.192378146999381,288.15,101325.0,1.2250122659906946,340.29228686527705
39.25,-0.6843281234749481,-1.6518170069431386,0.12922141852378166,-10.099018273138691,0.0,0.0,0.0,0.0,10.234029884684775,288.15,101325.0,1.2250122659906946,340.29228686527705
39.3,-0.7048165304955042,-1.6794913761050776,0.11132668197042218,-10.048417643924015,0.0,0.0,0.0,0.0,10.188414109136579,288.15,101325.0,1.2250122659906946,340.29228686527705
39.35,-0.6297704672466397,-1.6357805815617374,0.042698061057794515,-10.050202348659134,0.0,0.0,0.0,0.0,10.182542338945915,288.15,101325.0,1.2250122659906946,340.29228686527705
39.4,-0.5942864958804285,-1.6758704521607846,0.10002902742714173,-10.113223683603092,0.0,0.0,0.0,0.0,10.251626254080087,288.15,101325.0,1.2250122659906946,340.29228686527705
39.45,-0.6133972754156843,-1.646997289058155,0.18637624684837276,-10.002694348030401,0.0,0.0,0.0,0.0,10.139094160509288,288.15,101325.0,1.2250122659906946,340.29228686527705
39.5,-0.671231509743051,-1.6418852685992356,0.13560381717916542,-10.009530451385931,0.0,0.0,0.0,0.0,10.144204034210816,288.15,101325.0,1.2250122659906946,340.29228686527705
39.55,-0.6685098917780631,-1.5805328580339775,0.1061078771177243,-10.022559210265323,0.0,0.0,0.0,0.0,10.146971770936673,288.15,101325.0,1.2250122659906946,340.29228686527705
39.6,-0.6734857916628256,-1.651269809111292,0.07359530411961056,-10.036905304088513,0.0,0.0,0.0,0.0,10.172097931818739,288.15,101325.0,1.2250122659906946,340.29228686527705
39.65,-0.7177883996149681,-1.653692827478717,0.10041819327884317,-9.976102992496678,0.0,0.0,0.0,0.0,10.112735272817988,288.15,101325.0,1.2250122659906946,340.29228686527705
39.7,-0.6718855650507988,-1.6777044032289075,0.09820270146233497,-10.07839782689782,0.0,0.0,0.0,0.0,10.217555411761019,288.15,101325.0,1.2250122659906946,340.29228686527705
39.75,-0.5910762224416362,-1.6595286634346624,0.10961884912339266,-9.983730330997615,0.0,0.0,0.0,0.0,10.121310340016558,288.15,101325.0,1.2250122659906946,340.29228686527705
39.8,-0.5357367797900577,-1.6093930449803644,0.11961072123316409,-10.03908509021305,0.0,0.0,0.0,0.0,10.167973354921966,288.15,101325.0,1.2250122659906946,340.29228686527705
39.85,-0.546854844501679,-1.6604789508070672,0.08308284816903559,-10.085475853355781,0.0,0.0,0.0,0.0,10.221590692957518,288.15,101325.0,1.2250122659906946,340.29228686527705
39.9,-0.4915056235556091,-1.6644633275692786,0.03782061010313452,-10.039691651573944,0.0,0.0,0.0,0.0,10.17680092298435,288.15,101325.0,1.2250122659906946,340.29228686527705
39.95,-0.5546997887131736,-1.595010792344954,0.021917415172557547,-10.03041792781687,0.0,0.0,0.0,0.0,10.156467082970082,288.15,101325.0,1.2250122659906946,340.29228686527705
40.0,-0.6381826505492175,-1.6139910859366287,0.0399763523827264,-10.031148144613361,0.0,0.0,0.0,0.0,10.160241061776674,288.15,101325.0,1.2250122659906946,340.29228686527705
40.05,-0.6500052104229536,-1.7103379245315047,0.1421926212779611,-10.049257189964534,0.0,0.0,0.0,0.0,10.19475574144327,288.15,101325.0,1.2250122659906946,340.29228686527705
40.1,-0.6215590121911083,-1.6276400016352677,0.1514969931151969,-10.06828410502103,0.0,0.0,0.0,0.0,10.200122946968106,288.15,101325.0,1.2250122659906946,340.29228686527705
40.15,-0.6466595270543551,-1.6030306648128898,0.10206153707302308,-10.07704657229604,0.0,0.0,0.0,0.0,10.204263397712914,288.15,101325.0,1.2250122659906946,340.29228686527705
40.2,-0.6335570329130316,-1.6382227824693847,0.06725417227473338,-10.04573688889474,0.0,0.0,0.0,0.0,10.178660356333276,288.15,101325.0,1.2250122659906946,340.29228686527705
40.25,-0.6801779883853938,-1.6423510539926311,0.16935705319113167,-10.038015700670924,0.0,0.0,0.0,0.0,10.172893295564062,288.15,101325.0,1.2250122659906946,340.29228686527705
40.3,-0.5744852914550452,-1.667238037780223,0.11354806476385795,-10.063532358816467,0.0,0.0,0.0,0.0,10.20133615633653,288.15,101325.0,1.2250122659906946,340.29228686527705
40.35,-0.6240369938564936,-1.6262874579526712,0.143559541595183,-10.041949869984377,0.0,0.0,0.0,0.0,10.173798574237471,288.15,101325.0,1.2250122659906946,340.29228686527705
40.4,-0.7075791098841651,-1.6210837250129522,0.13128421426156603,-10.10291198284954,0.0,0.0,0.0,0.0,10.232984829541229,288.15,101325.0,1.2250122659906946,340.29228686527705
40.45,-0.7081625464271099,-1.6343773770648944,0.17368635758547565,-10.04065084704568,0.0,0.0,0.0,0.0,10.174282568994826,288.15,101325.0,1.2250122659906946,340.29228686527705
40.5,-0.6581935574952444,-1.626357039439528,0.07611482208166122,-10.056386875168771,0.0,0.0,0.0,0.0,10.187332706304518,288.15,101325.0,1.2250122659906946,340.29228686527705
40.55,-0.6568537444149691,-1.7003167645780073,0.02367245570993214,-10.049415356000086,0.0,0.0,0.0,0.0,10.192270918812682,288.15,101325.0,1.2250122659906946,340.29228686527705
40.6,-0.6223999663485312,-1.673921767914005,0.09386207661642616,-10.078641434439284,0.0,0.0,0.0,0.0,10.217134497427322,288.15,101325.0,1.2250122659906946,340.29228686527705
40.65,-0.609597780587878,-1.6528596505076816,0.10499567453742799,-10.080795263556926,0.0,0.0,0.0,0.0,10.215938638309241,288.15,101325.0,1.2250122659906946,340.29228686527705
40.7,-0.5930518900131801,-1.6232104812263057,0.14623928820427398,-10.081423083166543,0.0,0.0,0.0,0.0,10.21231068747816,288.15,101325.0,1.2250122659906946,340.29228686527705
40.75,-0.6103769938646942,-1.6583564655858185,0.1583775040758639,-10.042329924351982,0.0,0.0,0.0,0.0,10.179568748737978,288.15,101325.0,1.2250122659906946,340.29228686527705
40.8,-0.6343107896281348,-1.6661095898568838,0.13872322028036632,-10.045433419560153,0.0,0.0,0.0,0.0,10.183609275893984,288.15,101325.0,1.2250122659906946,340.29228686527705
40.85,-0.6423108413087032,-1.6645645118965293,0.09187794119332664,-10.030727324963841,0.0,0.0,0.0,0.0,10.16831880096801,288.15,101325.0,1.2250122659906946,340.29228686527705
40.9,-0.7285197409355254,-1.6800059733176116,0.06789441491089203,-10.090855244825155,0.0,0.0,0.0,0.0,10.22997503877572,288.15,101325.0,1.2250122659906946,340.29228686527705
40.95,-0.7273979620288066,-1.6309524235667716,0.13892549921401107,-10.04317109276963,0.0,0.0,0.0,0.0,10.1756863012238,288.15,101325.0,1.2250122659906946,340.29228686527705
41.0,-0.6995141023171245,-1.630544422162494,0.10810379844652329,-10.040674671130757,0.0,0.0,0.0,0.0,10.172782775394868,288.15,101325.0,1.2250122659906946,340.29228686527705
41.05,-0.7120027913261756,-1.704695934628019,0.10457422078847783,-9.99821166188768,0.0,0.0,0.0,0.0,10.143035070091083,288.15,101325.0,1.2250122659906946,340.29228686527705
41.1,-0.6705495859993355,-1.6361157105526274,0.11671585874819107,-10.073260918247383,0.0,0.0,0.0,0.0,10.20593370236602,288.15,101325.0,1.2250122659906946,340.29228686527705
41.15,-0.6443926870348351,-1.5953326716078566,0.1031314943804257,-10.067052364928132,0.0,0.0,0.0,0.0,10.193197033141159,288.15,101325.0,1.2250122659906946,340.29228686527705
41.2,-0.584112881219858,-1.6061205801127403,0.1424853622016947,-10.074600941922586,0.0,0.0,0.0,0.0,10.202818705401508,288.15,101325.0,1.2250122659906946,340.29228686527705
41.25,-0.48255633413191784,-1.6603186951991298,0.1307447604004788,-10.111957734179127,0.0,0.0,0.0,0.0,10.248192112749692,288.15,101325.0,1.2250122659906946,340.29228686527705
41.3,-0.38449104006266677,-1.648119206957253,0.06571067239048149,-10.050141940351189,0.0,0.0,0.0,0.0,10.184594632778143,288.15,101325.0,1.2250122659906946,340.29228686527705
41.35,-0.45947457968732097,-1.6603280381132184,0.15340938377577062,-10.060847817472073,0.0,0.0,0.0,0.0,10.198082292250241,288.15,101325.0,1.2250122659906946,340.29228686527705
41.4,-0.5108429266840364,-1.6804328595423668,0.09420931966986636,-10.084015577628023,0.0,0.0,0.0,0.0,10.223507233879527,288.15,101325.0,1.2250122659906946,340.29228686527705
41.45,-0.5444323316310886,-1.6669455560700388,0.10514941958267686,-9.992545804456647,0.0,0.0,0.0,0.0,10.131176414489305,288.15,101325.0,1.2250122659906946,340.29228686527705
41.5,-0.5239493752734632,-1.5994015820715342,0.12663880429177427,-10.05439469232847,0.0,0.0,0.0,0.0,10.18159984661587,288.15,101325.0,1.2250122659906946,340.29228686527705
41.55,-0.6068325174824745,-1.6067038780784706,0.14709208809489974,-10.071571768209616,0.0,0.0,0.0,0.0,10.199984868440222,288.15,101325.0,1.2250122659906946,340.29228686527705
41.6,-0.469319657316798,-1.694437960338175,0.12723365031066158,-10.057077296635448,0.0,0.0,0.0,0.0,10.199613333539,288.15,101325.0,1.2250122659906946,340.29228686527705
41.65,-0.42428731281842447,-1.6384431142849378,0.10434621095943893,-10.082169510566299,0.0,0.0,0.0,0.0,10.21496578605538,288.15,101325.0,1.2250122659906946,340.29228686527705
41.7,-0.5730819716088138,-1.644794543111135,0.13610119330813253,-10.088935128009135,0.0,0.0,0.0,0.0,10.223036957824458,288.15,101325.0,1.2250122659906946,340.29228686527705
41.75,-0.5371640024054309,-1.6467988929077517,0.1560828392543394,-10.014426738582067,0.0,0.0,0.0,0.0,10.15012568142973,288.15,101325.0,1.2250122659906946,340.29228686527705
41.8,-0.6082066668296526,-1.7411674443739815,0.15603464508309375,-10.050370787425734,0.0,0.0,0.0,0.0,10.201272658083138,288.15,101325.0,1.2250122659906946,340.29228686527705
41.85,-0.6369629746777422,-1.675168019787451,0.15722253946515896,-10.03067840815637,0.0,0.0,0.0,0.0,10.170811970992723,288.15,101325.0,1.2250122659906946,340.29228686527705
41.9,-0.6683192719944216,-1.6199710876874698,0.1564836529573347,-10.09348368360397,0.0,0.0,0.0,0.0,10.223854768616668,288.15,101325.0,1.2250122659906946,340.29228686527705
41.95,-0.7009613481032122,-1.71004119178311,0.12989379980968307,-10.03615490036019,0.0,0.0,0.0,0.0,10.18162651352169,288.15,101325.0,1.2250122659906946,340.29228686527705
42.0,-0.6898824753867552,-1.6710004665994096,0.11722203075646359,-10.097758108436564,0.0,0.0,0.0,0.0,10.235756072726943,288.15,101325.0,1.2250122659906946,340.29228686527705
42.05,-0.5680938363154612,-1.59424951787948,0.12496769483608182,-10.083698188436715,0.0,0.0,0.0,0.0,10.20971192568593,288.15,101325.0,1.2250122659906946,340.29228686527705
42.1,-0.707726406788666,-1.6609112775874193,0.05207453788151965,-10.054051953663844,0.0,0.0,0.0,0.0,10.190451349988596,288.15,101325.0,1.2250122659906946,340.29228686527705
42.15,-0.7141929649722452,-1.67044485439531,0.1674755665535428,-10.01103466698212,0.0,0.0,0.0,0.0,10.150825049250233,288.15,101325.0,1.2250122659906946,340.29228686527705
42.2,-0.6219362126660646,-1.6556085576617963,0.08153198264655256,-10.087495311878948,0.0,0.0,0.0,0.0,10.222780875455417,288.15,101325.0,1.2250122659906946,340.29228686527705
42.25,-0.5504333352417405,-1.6294447349907943,0.09836450844796416,-10.076183591714948,0.0,0.0,0.0,0.0,10.207558057383606,288.15,101325.0,1.2250122659906946,340.29228686527705
42.3,-0.4921403197838135,-1.6190827023859615,0.12624770950832373,-10.03266835828573,0.0,0.0,0.0,0.0,10.16325743394652,288.15,101325.0,1.2250122659906946,340.29228686527705
42.35,-0.5433885154858225,-1.6128827471914091,0.13799875281740354,-10.038230207463553,0.0,0.0,0.0,0.0,10.167915229288678,288.15,101325.0,1.2250122659906946,340.29228686527705
42.4,-0.510191146490479,-1.6434152834398115,0.10739508847484133,-10.053720283354695,0.0,0.0,0.0,0.0,10.187720011602678,288.15,101325.0,1.2250122659906946,340.29228686527705
42.45,-0.5448850706179139,-1.6461234977330717,0.027137212424635876,-9.98878862291488,0.0,0.0,0.0,0.0,10.123554570967695,288.15,101325.0,1.2250122659906946,340.29228686527705
42.5,-0.4737908581406036,-1.6819309996584733,0.1051387788483614,-10.057934841273362,0.0,0.0,0.0,0.0,10.19813705152713,288.15,101325.0,1.2250122659906946,340.29228686527705
42.55,-0.5573514741440478,-1.6405610066413503,0.13396697638092053,-10.057701152473502,0.0,0.0,0.0,0.0,10.191503325797404,288.15,101325.0,1.2250122659906946,340.29228686527705
42.6,-0.6564859795915167,-1.6116197949176319,0.13279792203557192,-10.043662359793089,0.0,0.0,0.0,0.0,10.173008760882485,288.15,101325.0,1.2250122659906946,340.29228686527705
42.65,-0.7103244557903018,-1.751622913359123,0.0772542315088893,-10.020132012751011,0.0,0.0,0.0,0.0,10.172374186975643,288.15,101325.0,1.2250122659906946,340.29228686527705
42.7,-0.705398116018689,-1.6001925015651761,0.09865628606574685,-10.09321159946431,0.0,0.0,0.0,0.0,10.219748993806384,288.15,101325.0,1.2250122659906946,340.29228686527705
42.75,-0.7062575438972324,-1.634520157665228,0.0886522966855638,-10.07722473365187,0.0,0.0,0.0,0.0,10.209308189492889,288.15,101325.0,1.2250122659906946,340.29228686527705
42.8,-0.7950315609238529,-1.6311653206940302,0.09328537613930551,-10.016361998123548,0.0,0.0,0.0,0.0,10.1487393375872,288.15,101325.0,1.2250122659906946,340.29228686527705
42.85,-0.685948954798258,-1.700764074766597,0.09849073136404114,-10.074780811069951,0.0,0.0,0.0,0.0,10.217803445618074,288.15,101325.0,1.2250122659906946,340.29228686527705
42.9,-0.6675759359235225,-1.6563523185101843,0.11281099379024538,-10.038958641536917,0.0,0.0,0.0,0.0,10.175309328459885,288.15,101325.0,1.2250122659906946,340.29228686527705
42.95,-0.5302922297777198,-1.6639764971249416,0.10414658764653895,-10.068198020876327,0.0,0.0,0.0,0.0,10.205306251273432,288.15,101325.0,1.2250122659906946,340.29228686527705
43.0,-0.4792724636045877,-1.6436852109757445,0.09529625818241065,-10.075557403684218,0.0,0.0,0.0,0.0,10.20919386849617,288.15,101325.0,1.2250122659906946,340.29228686527705
43.05,-0.5742848937761008,-1.6404287924119367,0.1477510320830945,-10.054414593507913,0.0,0.0,0.0,0.0,10.188429212032666,288.15,101325.0,1.2250122659906946,340.29228686527705
43.1,-0.5754909701917984,-1.6627909755241739,0.16235463751211182,-10.015858127796792,0.0,0.0,0.0,0.0,10.154242802531334,288.15,101325.0,1.2250122659906946,340.29228686527705
43.15,-0.5272236231304389,-1.6302903569563243,0.09901439242196619,-10.030100570852973,0.0,0.0,0.0,0.0,10.162212749166228,288.15,101325.0,1.2250122659906946,340.29228686527705
43.2,-0.5896345950557085,-1.6767674058941564,0.13651085336409027,-10.000774093530408,0.0,0.0,0.0,0.0,10.14128525465999,288.15,101325.0,1.2250122659906946,340.29228686527705
43.25,-0.7019206210232541,-1.6284099756397188,0.09854929774666298,-10.072682529325665,0.0,0.0,0.0,0.0,10.203938668447188,288.15,101325.0,1.2250122659906946,340.29228686527705
43.3,-0.7061105747916966,-1.628132736293965,0.06503166228053478,-10.100703511627621,0.0,0.0,0.0,0.0,10.231288127792004,288.15,101325.0,1.2250122659906946,340.29228686527705
43.35,-0.5563843274722474,-1.70141296493218,0.15330740882967872,-10.081961437582807,0.0,0.0,0.0,0.0,10.225666514596893,288.15,101325.0,1.2250122659906946,340.29228686527705
43.4,-0.48927283285630857,-1.6342799240786754,0.1162498681140245,-10.068896055912726,0.0,0.0,0.0,0.0,10.201326025907512,288.15,101325.0,1.2250122659906946,340.29228686527705
43.45,-0.5737182683935943,-1.639948164531267,0.15340221201154586,-10.047872425965064,0.0,0.0,0.0,0.0,10.181979302152827,288.15,101325.0,1.2250122659906946,340.29228686527705
43.5,-0.49267489370422557,-1.675541939179399,0.1434031223194519,-10.033883561352633,0.0,0.0,0.0,0.0,10.173830378388596,288.15,101325.0,1.2250122659906946,340.29228686527705
43.55,-0.468406732319959,-1.6180332089730098,0.11232378213785661,-10.094217288000824,0.0,0.0,0.0,0.0,10.223691640241697,288.15,101325.0,1.2250122659906946,340.29228686527705
43.6,-0.5646937555445127,-1.6305803543348063,0.07741626646831197,-10.078240245191905,0.0,0.0,0.0,0.0,10.209589218478005,288.15,101325.0,1.2250122659906946,340.29228686527705
43.65,-0.46298042002466244,-1.644816138015451,0.06760995475942544,-9.994188670235454,0.0,0.0,0.0,0.0,10.12885967965404,288.15,101325.0,1.2250122659906946,340.29228686527705
43.7,-0.4391250142495868,-1.652019003188098,0.08684068728210095,-10.114187128650563,0.0,0.0,0.0,0.0,10.248584749379933,288.15,101325.0,1.2250122659906946,340.29228686527705
43.75,-0.47534870457857165,-1.6420793913481286,0.09783166501411311,-10.04740546497057,0.0,0.0,0.0,0.0,10.18117637307645,288.15,101325.0,1.2250122659906946,340.29228686527705
43.8,-0.592221548056241,-1.6309311273602443,0.09020649522100846,-10.051082515655722,0.0,0.0,0.0,0.0,10.182943252836715,288.15,101325.0,1.2250122659906946,340.29228686527705
43.85,-0.4724831658650229,-1.7599421363256051,0.10661259773511758,-9.978657272852221,0.0,0.0,0.0,0.0,10.133230656520984,288.15,101325.0,1.2250122659906946,340.29228686527705
43.9,-0.4319832069845081,-1.6479845615685345,0.1402396609663072,-10.064726058602396,0.0,0.0,0.0,0.0,10.199717197667114,288.15,101325.0,1.2250122659906946,340.29228686527705
43.95,-0.4135561648394536,-1.6575525647284308,0.12469873458716615,-10.036083006476202,0.0,0.0,0.0,0.0,10.172806515024545,288.15,101325.0,1.2250122659906946,340.29228686527705
44.0,-0.4263526210749881,-1.6494671393673657,0.1297671902355445,-10.084389023415607,0.0,0.0,0.0,0.0,10.219221268917686,288.15,101325.0,1.2250122659906946,340.29228686527705
44.05,-0.48072193167786553,-1.6401213450986034,0.12074480009578387,-10.077445287777305,0.0,0.0,0.0,0.0,10.21075319756301,288.15,101325.0,1.2250122659906946,340.29228686527705
44.1,-0.453944787927569,-1.664426104929398,0.06803747968015514,-10.084789425210296,0.0,0.0,0.0,0.0,10.221444179187454,288.15,101325.0,1.2250122659906946,340.29228686527705
44.15,-0.45929426274759716,-1.6142766023547375,0.1380873660872969,-10.063195988744694,0.0,0.0,0.0,0.0,10.192785221786544,288.15,101325.0,1.2250122659906946,340.29228686527705
44.2,-0.5191924966888438,-1.6719854441771507,0.14328714918945423,-10.04867152993654,0.0,0.0,0.0,0.0,10.187829309976697,288.15,101325.0,1.2250122659906946,340.29228686527705
44.25,-0.5498461939918786,-1.6912025651024958,0.12574959133406458,-10.120362081417017,0.0,0.0,0.0,0.0,10.261467133646793,288.15,101325.0,1.2250122659906946,340.29228686527705
44.3,-0.5587078271545669,-1.650955639410463,0.16002951087309933,-10.082464527934269,0.0,0.0,0.0,0.0,10.217991726592084,288.15,101325.0,1.2250122659906946,340.29228686527705
44.35,-0.6396748269094003,-1.6510272695452597,0.11091295329631944,-10.06947491416961,0.0,0.0,0.0,0.0,10.204534177270517,288.15,101325.0,1.2250122659906946,340.29228686527705
44.4,-0.6527720439245598,-1.5903212602811938,0.08121266654966336,-10.073364779709147,0.0,0.0,0.0,0.0,10.198450627090136,288.15,101325.0,1.2250122659906946,340.29228686527705
44.45,-0.5767987229690568,-1.6042463455586728,0.19519645557621046,-10.109329384924946,0.0,0.0,0.0,0.0,10.237687659155014,288.15,101325.0,1.2250122659906946,340.29228686527705
44.5,-0.5536021940987395,-1.6309597355796028,0.10453148311054308,-10.119754046921846,0.0,0.0,0.0,0.0,10.25087208291247,288.15,101325.0,1.2250122659906946,340.29228686527705
44.55,-0.589080564610072,-1.6681524128611207,0.04000768458024606,-10.088944575637754,0.0,0.0,0.0,0.0,10.226002920870418,288.15,101325.0,1.2250122659906946,340.29228686527705
44.6,-0.6196518228323205,-1.592923504060337,0.10415508185439543,-10.066068998785331,0.0,0.0,0.0,0.0,10.191859430897342,288.15,101325.0,1.2250122659906946,340.29228686527705
44.65,-0.5932615476697464,-1.6327858734309078,0.15566101891867665,-10.057633477099532,0.0,0.0,0.0,0.0,10.190496122415217,288.15,101325.0,1.2250122659906946,340.29228686527705
44.7,-0.6008254932132432,-1.6319716496401375,0.09639942142909375,-10.087793071879315,0.0,0.0,0.0,0.0,10.219402789534099,288.15,101325.0,1.2250122659906946,340.29228686527705
44.75,-0.6185338454003487,-1.6676395910419342,0.12653466297532293,-10.125120847890766,0.0,0.0,0.0,0.0,10.262314797887319,288.15,101325.0,1.2250122659906946,340.29228686527705
44.8,-0.6979443746746554,-1.6450408334100464,0.17789030194859867,-10.10426054333419,0.0,0.0,0.0,0.0,10.238841996568455,288.15,101325.0,1.2250122659906946,340.29228686527705
44.85,-0.6824880584685546,-1.6165024597459177,0.1041001600055897,-10.137060769202362,0.0,0.0,0.0,0.0,10.265666957591181,288.15,101325.0,1.2250122659906946,340.29228686527705
44.9,-0.6814843069477805,-1.643168824839454,0.14238052122829775,-10.075506814881916,0.0,0.0,0.0,0.0,10.209608884598932,288.15,101325.0,1.2250122659906946,340.29228686527705
44.95,-0.6535518072631876,-1.6596066004878038,0.07956648314202076,-10.067073811281638,0.0,0.0,0.0,0.0,10.203264184338995,288.15,101325.0,1.2250122659906946,340.29228686527705
45.0,-0.6211988001447428,-1.7085380944743673,0.14427875905734783,-10.072811900270473,0.0,0.0,0.0,0.0,10.217703184121943,288.15,101325.0,1.2250122659906946,340.29228686527705
45.05,-0.6394668413045272,-1.6156910414929144,0.1190223022152,-10.052755649657902,0.0,0.0,0.0,0.0,10.182461392105248,288.15,101325.0,1.2250122659906946,340.29228686527705
45.1,-0.6863943884054841,-1.6571103264477305,0.11465391113800323,-10.093406241120713,0.0,0.0,0.0,0.0,10.229174438910185,288.15,101325.0,1.2250122659906946,340.29228686527705
45.15,-0.5884741942655067,-1.6769760858948728,0.1359073171008178,-10.11190689398503,0.0,0.0,0.0,0.0,10.25092096468053,288.15,101325.0,1.2250122659906946,340.29228686527705
45.2,-0.621189204499134,-1.682464018209036,0.14179448492128352,-10.034507650648143,0.0,0.0,0.0,0.0,10.175565568529265,288.15,101325.0,1.2250122659906946,340.29228686527705
45.25,-0.7286106884908579,-1.6434485027821173,0.14913557415707784,-10.080644332592309,0.0,0.0,0.0,0.0,10.21482033914456,288.15,101325.0,1.2250122659906946,340.29228686527705
45.3,-0.706414438365884,-1.6371624817488222,0.12083842647085266,-10.138381046963909,0.0,0.0,0.0,0.0,10.270427117232998,288.15,101325.0,1.2250122659906946,340.29228686527705
45.35,-0.7372531548042661,-1.6851784011957789,0.1583397881496288,-10.099305360000818,0.0,0.0,0.0,0.0,10.240159495188992,288.15,101325.0,1.2250122659906946,340.29228686527705
45.4,-0.7938866869916328,-1.6780079771830902,0.19635312441871702,-10.043905067609556,0.0,0.0,0.0,0.0,10.185003403441355,288.15,101325.0,1.2250122659906946,340.29228686527705
45.45,-0.7539550138719411,-1.6856319060302338,0.14155170864872868,-10.072507116612627,0.0,0.0,0.0,0.0,10.213559194671587,288.15,101325.0,1.2250122659906946,340.29228686527705
45.5,-0.6906132348351699,-1.5970987119773525,0.12051156653362159,-10.121164607948295,0.0,0.0,0.0,0.0,10.247107901971818,288.15,101325.0,1.2250122659906946,340.29228686527705
45.55,-0.7184721322482638,-1.6570756036004548,0.09140624485062757,-10.070376940285843,0.0,0.0,0.0,0.0,10.206211166592938,288.15,101325.0,1.2250122659906946,340.29228686527705
45.6,-0.6906434711303893,-1.6033336967192067,0.09731104801041399,-10.077519498098043,0.0,0.0,0.0,0.0,10.204731628888943,288.15,101325.0,1.2250122659906946,340.29228686527705
45.65,-0.6891850577344962,-1.6662159958921534,0.07348864956278746,-10.032987843383015,0.0,0.0,0.0,0.0,10.170669662910738,288.15,101325.0,1.2250122659906946,340.29228686527705
45.7,-0.6759143266368877,-1.6773774291509458,0.1355188009168281,-10.05325663179722,0.0,0.0,0.0,0.0,10.193131476146167,288.15,101325.0,1.2250122659906946,340.29228686527705
45.75,-0.5999109089968628,-1.6891357010666455,0.11773329057556164,-10.015590762236368,0.0,0.0,0.0,0.0,10.157711300333462,288.15,101325.0,1.2250122659906946,340.29228686527705
45.8,-0.47639328998272423,-1.6736628384603092,0.06836561616229399,-10.033455036657426,0.0,0.0,0.0,0.0,10.172317392164999,288.15,101325.0,1.2250122659906946,340.29228686527705
45.85,-0.5500227722727116,-1.6164108924314282,0.09812781095033676,-10.07819111979514,0.0,0.0,0.0,0.0,10.207465380179865,288.15,101325.0,1.2250122659906946,340.29228686527705
45.9,-0.6507971023284443,-1.5898953528304052,0.06599198666666832,-10.042827277661694,0.0,0.0,0.0,0.0,10.168112012768237,288.15,101325.0,1.2250122659906946,340.29228686527705
45.95,-0.6573953941072004,-1.576221243707312,0.08466587453194604,-10.015691704075556,0.0,0.0,0.0,0.0,10.13931565888509,288.15,101325.0,1.2250122659906946,340.29228686527705
46.0,-0.7611498127000507,-1.6459269571296706,0.08659329918071164,-10.075178292574659,0.0,0.0,0.0,0.0,10.20910336782015,288.15,101325.0,1.2250122659906946,340.29228686527705
46.05,-0.9410037985897474,-1.6559582088940203,0.1588187956792566,-10.011563436489952,0.0,0.0,0.0,0.0,10.148833600090555,288.15,101325.0,1.2250122659906946,340.29228686527705
46.1,-0.9263386926227328,-1.6738291447859306,0.12951143085966949,-10.05287722735073,0.0,0.0,0.0,0.0,10.192095847510709,288.15,101325.0,1.2250122659906946,340.29228686527705
46.15,-0.8350840472086233,-1.6414276306397826,0.07291539081974283,-10.03870572988259,0.0,0.0,0.0,0.0,10.172276738863511,288.15,101325.0,1.2250122659906946,340.29228686527705
46.2,-0.8282145763180934,-1.5768018102485204,0.16373566705745954,-10.020983361471634,0.0,0.0,0.0,0.0,10.145601058998974,288.15,101325.0,1.2250122659906946,340.29228686527705
46.25,-0.7610292668695999,-1.6993109170683978,0.08327307561074837,-10.097175261551286,0.0,0.0,0.0,0.0,10.239508789999293,288.15,101325.0,1.2250122659906946,340.29228686527705
46.3,-0.7341763814801515,-1.6151688529253658,0.08482023168453391,-10.083487951883766,0.0,0.0,0.0,0.0,10.212379456862555,288.15,101325.0,1.2250122659906946,340.29228686527705
46.35,-0.7084348004830779,-1.5947082066312592,0.11301579046898357,-10.035244541016082,0.0,0.0,0.0,0.0,10.16179117238617,288.15,101325.0,1.2250122659906946,340.29228686527705
46.4,-0.6412320901783769,-1.6353895906606897,0.13769828633001732,-10.102339090562971,0.0,0.0,0.0,0.0,10.234779676769609,288.15,101325.0,1.2250122659906946,340.29228686527705
46.45,-0.6357812768163859,-1.6659498542271967,0.09603014889689439,-10.034141756140778,0.0,0.0,0.0,0.0,10.171952196536548,288.15,101325.0,1.2250122659906946,340.29228686527705
46.5,-0.6286481840897856,-1.6543189224894095,0.1475289772915709,-10.016096838174873,0.0,0.0,0.0,0.0,10.152868154770054,288.15,101325.0,1.2250122659906946,340.29228686527705
46.55,-0.7077664974957275,-1.5850604634866206,0.15246132951078079,-10.064485288066818,0.0,0.0,0.0,0.0,10.189677386630944,288.15,101325.0,1.2250122659906946,340.29228686527705
46.6,-0.7406662044035704,-1.6753742230724091,0.0969883269259125,-10.071101319587678,0.0,0.0,0.0,0.0,10.20996411905037,288.15,101325.0,1.2250122659906946,340.29228686527705
46.65,-0.6773406021635,-1.6465018241693896,0.1619249457316654,-10.04883668431186,0.0,0.0,0.0,0.0,10.184120318074365,288.15,101325.0,1.2250122659906946,340.29228686527705
46.7,-0.6141405606348574,-1.7060227457939878,0.08730627284863558,-10.03999380964223,0.0,0.0,0.0,0.0,10.184282581119765,288.15,101325.0,1.2250122659906946,340.29228686527705
46.75,-0.6354767733187389,-1.6716991436589868,0.15715647365568503,-10.119466420523912,0.0,0.0,0.0,0.0,10.257820276268887,288.15,101325.0,1.2250122659906946,340.29228686527705
46.8,-0.6535604215974574,-1.6700587842953611,0.07699228225563118,-10.126793929143016,0.0,0.0,0.0,0.0,10.263867664669926,288.15,101325.0,1.2250122659906946,340.29228686527705
46.85,-0.7342713750451438,-1.6411180207945697,0.12602795846633752,-10.071236633467102,0.0,0.0,0.0,0.0,10.204849765272472,288.15,101325.0,1.2250122659906946,340.29228686527705
46.9,-0.8056631183052967,-1.6283747655966712,0.1355066445442356,-10.120853022181752,0.0,0.0,0.0,0.0,10.251908716163696,288.15,101325.0,1.2250122659906946,340.29228686527705
46.95,-0.7339599725320106,-1.6307925050467789,0.12061716777240214,-10.071937787665435,0.0,0.0,0.0,0.0,10.203821024218383,288.15,101325.0,1.2250122659906946,340.29228686527705
47.0,-0.6106958435537618,-1.7000120469468982,0.1047731713058248,-10.071209457126447,0.0,0.0,0.0,0.0,10.214219417385904,288.15,101325.0,1.2250122659906946,340.29228686527705
47.05,-0.6796769830226753,-1.6546989030388835,0.16578295610253768,-10.04373284759769,0.0,0.0,0.0,0.0,10.180475527310351,288.15,101325.0,1.2250122659906946,340.29228686527705
47.1,-0.7463360805574145,-1.67966335500255,0.09470181928990178,-10.121190518312677,0.0,0.0,0.0,0.0,10.260055308266992,288.15,101325.0,1.2250122659906946,340.29228686527705
47.15,-0.7357751813757359,-1.65542786030722,0.12489064037456758,-10.108394200949466,0.0,0.0,0.0,0.0,10.243811419316703,288.15,101325.0,1.2250122659906946,340.29228686527705
47.2,-0.7428672461058493,-1.6467386002200552,0.1505548664509912,-10.016111532678558,0.0,0.0,0.0,0.0,10.15169468711127,288.15,101325.0,1.2250122659906946,340.29228686527705
47.25,-0.6856629435462469,-1.5979067713225603,0.08275644242635143,-10.14590003529904,0.0,0.0,0.0,0.0,10.271292139009708,288.15,101325.0,1.2250122659906946,340.29228686527705
47.3,-0.6887515373987483,-1.6992567977445983,0.12197022587492592,-10.09989738392161,0.0,0.0,0.0,0.0,10.242571823835446,288.15,101325.0,1.2250122659906946,340.29228686527705
47.35,-0.7244526374613671,-1.6556141643102942,0.0919489135602327,-10.093407746723209,0.0,0.0,0.0,0.0,10.22870435614315,288.15,101325.0,1.2250122659906946,340.29228686527705
47.4,-0.7775695946953202,-1.68887677918565,0.10970986117638747,-10.066955822670012,0.0,0.0,0.0,0.0,10.208229061130119,288.15,101325.0,1.2250122659906946,340.29228686527705
47.45,-0.6738335556872548,-1.6698764898379213,0.11233499088752277,-10.025440203299413,0.0,0.0,0.0,0.0,10.164180139658255,288.15,101325.0,1.2250122659906946,340.29228686527705
47.5,-0.7574076524318893,-1.6937974062626036,0.08742029417280305,-10.065187513454687,0.0,0.0,0.0,0.0,10.207085364701292,288.15,101325.0,1.2250122659906946,340.29228686527705
47.55,-0.7339471125512315,-1.6532691942796698,0.035710528784925595,-10.118453862906833,0.0,0.0,0.0,0.0,10.252691492793218,288.15,101325.0,1.2250122659906946,340.29228686527705
47.6,-0.7439801497209674,-1.6418602982211954,0.1566212791354209,-10.071799941408395,0.0,0.0,0.0,0.0,10.205948732171212,288.15,101325.0,1.2250122659906946,340.29228686527705
47.65,-0.7411022567581862,-1.6453826728566674,0.12561856961204534,-10.046766208437528,0.0,0.0,0.0,0.0,10.181383767060867,288.15,101325.0,1.2250122659906946,340.29228686527705
47.7,-0.8040419762982287,-1.6520241565009417,0.1461104688731523,-10.022439432846811,0.0,0.0,0.0,0.0,10.15873143004872,288.15,101325.0,1.2250122659906946,340.29228686527705
47.75,-0.9300740394357873,-1.6544986113517197,0.1707531634280297,-10.050585240266193,0.0,0.0,0.0,0.0,10.187285505454438,288.15,101325.0,1.2250122659906946,340.29228686527705
47.8,-0.8333210580734836,-1.6399058337481627,0.08525837707186519,-10.069684057881076,0.0,0.0,0.0,0.0,10.202700483693839,288.15,101325.0,1.2250122659906946,340.29228686527705
47.85,-0.8348556749802256,-1.7033086354799714,0.13459241022364737,-10.07871699954768,0.0,0.0,0.0,0.0,10.222519835224672,288.15,101325.0,1.2250122659906946,340.29228686527705
47.9,-0.7936582295412052,-1.6388157372447538,0.15343705871548752,-10.096950047893413,0.0,0.0,0.0,0.0,10.23023265724114,288.15,101325.0,1.2250122659906946,340.29228686527705
47.95,-0.781955296236369,-1.60045763489209,0.1249895373167579,-10.072624282639945,0.0,0.0,0.0,0.0,10.199747397105034,288.15,101325.0,1.2250122659906946,340.29228686527705
48.0,-0.912189387002401,-1.6294444512576045,0.13314034568669453,-10.027580381206475,0.0,0.0,0.0,0.0,10.159979521285502,288.15,101325.0,1.2250122659906946,340.29228686527705
48.05,-0.8757596341600897,-1.6253166129473051,0.08415767192455306,-10.075144273854514,0.0,0.0,0.0,0.0,10.205746848959642,288.15,101325.0,1.2250122659906946,340.29228686527705
48.1,-0.7413497483142371,-1.6942116622759373,0.093669983597647,-10.058175313698875,0.0,0.0,0.0,0.0,10.200294989044211,288.15,101325.0,1.2250122659906946,340.29228686527705
48.15,-0.798384530395646,-1.6114497814437148,0.07850717818263946,-10.06740326585389,0.0,0.0,0.0,0.0,10.19585907574574,288.15,101325.0,1.2250122659906946,340.29228686527705
48.2,-0.9534353372906277,-1.5833135904439415,0.1039373169106249,-10.018911058863608,0.0,0.0,0.0,0.0,10.143779556799851,288.15,101325.0,1.2250122659906946,340.29228686527705
48.25,-0.8632645884909166,-1.5830794563863908,0.07147366002630294,-10.0240758659914,0.0,0.0,0.0,0.0,10.148563741557787,288.15,101325.0,1.2250122659906946,340.29228686527705
48.3,-0.7642782280667381,-1.5800366741282814,0.09833510563927866,-10.108852987651652,0.0,0.0,0.0,0.0,10.23206208007678,288.15,101325.0,1.2250122659906946,340.29228686527705
48.35,-0.6307978577747219,-1.6901289546012834,0.10892126588541699,-10.086274095108656,0.0,0.0,0.0,0.0,10.227478909633774,288.15,101325.0,1.2250122659906946,340.29228686527705
48.4,-0.5774629322168502,-1.6175432144856097,0.14692183883342638,-10.067365409586774,0.0,0.0,0.0,0.0,10.197542761253757,288.15,101325.0,1.2250122659906946,340.29228686527705
48.45,-0.5720691604065707,-1.6669147899490462,0.13287363302877755,-10.047608878983798,0.0,0.0,0.0,0.0,10.185808976430845,288.15,101325.0,1.2250122659906946,340.29228686527705
48.5,-0.6118290966110711,-1.7069244692025762,0.11154007337420296,-10.014120455855194,0.0,0.0,0.0,0.0,10.15916536118535,288.15,101325.0,1.2250122659906946,340.29228686527705
48.55,-0.6228368989194029,-1.628666006006609,0.09631185544149891,-10.036250540636676,0.0,0.0,0.0,0.0,10.167996550306755,288.15,101325.0,1.2250122659906946,340.29228686527705
48.6,-0.6614498045756516,-1.6604927625082848,0.07587828035329615,-9.969007788746149,0.0,0.0,0.0,0.0,10.106636929258572,288.15,101325.0,1.2250122659906946,340.29228686527705
48.65,-0.6200659209941338,-1.6615224250451317,0.10789402318787245,-9.9968119896163,0.0,0.0,0.0,0.0,10.13452257607154,288.15,101325.0,1.2250122659906946,340.29228686527705
48.7,-0.6239964401889159,-1.6440913193433788,0.10624139900345742,-10.080733566893898,0.0,0.0,0.0,0.0,10.214475647232403,288.15,101325.0,1.2250122659906946,340.29228686527705
48.75,-0.7325738204082557,-1.6529904141374143,0.07201988717106998,-10.072875621554624,0.0,0.0,0.0,0.0,10.207859102705513,288.15,101325.0,1.2250122659906946,340.29228686527705
48.8,-0.8672813647437183,-1.6379109749406464,0.10905645824583372,-10.059757075643079,0.0,0.0,0.0,0.0,10.192809136536754,288.15,101325.0,1.2250122659906946,340.29228686527705
48.85,-0.8370929261576615,-1.6558517895586076,0.14889596696036278,-10.069352541325978,0.0,0.0,0.0,0.0,10.205678603575043,288.15,101325.0,1.2250122659906946,340.29228686527705
48.9,-0.8039590902650563,-1.6657713503572706,0.15154647804069035,-10.1127283348052,0.0,0.0,0.0,0.0,10.250123652924854,288.15,101325.0,1.2250122659906946,340.29228686527705
48.95,-0.7083822286457837,-1.6260588026003193,0.09827321255143838,-10.065239470157595,0.0,0.0,0.0,0.0,10.196213534711672,288.15,101325.0,1.2250122659906946,340.29228686527705
49.0,-0.8043203375236666,-1.5673193115211475,0.11364252070429046,-10.01014051611108,0.0,0.0,0.0,0.0,10.132734951584778,288.15,101325.0,1.2250122659906946,340.29228686527705
49.05,-0.7750817969831747,-1.5880849819218632,0.08229007052064828,-10.078910099101758,0.0,0.0,0.0,0.0,10.203588307614506,288.15,101325.0,1.2250122659906946,340.29228686527705
49.1,-0.7715230582168673,-1.6606917136810273,0.12120560726683026,-10.06136112743776,0.0,0.0,0.0,0.0,10.198214329177308,288.15,101325.0,1.2250122659906946,340.29228686527705
49.15,-0.7785162294426042,-1.6157239676967166,0.1941786555664981,-10.04160176282483,0.0,0.0,0.0,0.0,10.172612017236968,288.15,101325.0,1.2250122659906946,340.29228686527705
49.2,-0.761897605129066,-1.6804555853610275,0.13802999096210689,-10.042264705566625,0.0,0.0,0.0,0.0,10.182831809936037,288.15,101325.0,1.2250122659906946,340.29228686527705
49.25,-0.7225270666232982,-1.58004601031228,0.08136360618149045,-10.036229984916996,0.0,0.0,0.0,0.0,10.16017114724263,288.15,101325.0,1.2250122659906946,340.29228686527705
49.3,-0.5919400278850965,-1.6883838992238063,0.08865594958340733,-10.104360234522877,0.0,0.0,0.0,0.0,10.244832639802464,288.15,101325.0,1.2250122659906946,340.29228686527705
49.35,-0.6965183744485101,-1.6536822855612205,0.11597061256942748,-10.066833208461075,0.0,0.0,0.0,0.0,10.202413691452303,288.15,101325.0,1.2250122659906946,340.29228686527705
49.4,-0.7866338152022092,-1.6096717381170722,0.14805039993028052,-10.125554190320656,0.0,0.0,0.0,0.0,10.253770510721047,288.15,101325.0,1.2250122659906946,340.29228686527705
49.45,-0.7373455129832913,-1.6356605931451236,0.15099435405114833,-10.141434066308353,0.0,0.0,0.0,0.0,10.273600624523164,288.15,101325.0,1.2250122659906946,340.29228686527705
49.5,-0.7667755919566823,-1.6605341841065127,0.05749721053214793,-10.001679100762301,0.0,0.0,0.0,0.0,10.138750640016285,288.15,101325.0,1.2250122659906946,340.29228686527705
49.55,-0.7000028613305046,-1.613002183349872,0.14716039080850998,-10.021594114382696,0.0,0.0,0.0,0.0,10.151639316757873,288.15,101325.0,1.2250122659906946,340.29228686527705
49.6,-0.7339385240888281,-1.5990872667994813,0.1686488596647559,-10.083309114689209,0.0,0.0,0.0,0.0,10.210712278145975,288.15,101325.0,1.2250122659906946,340.29228686527705
49.65,-0.7572240684274608,-1.6495794990044759,0.09577273459060787,-10.129354389754004,0.0,0.0,0.0,0.0,10.26324048697367,288.15,101325.0,1.2250122659906946,340.29228686527705
49.7,-0.7857901436522574,-1.6239513688434573,0.14058860808207252,-10.056159955772195,0.0,0.0,0.0,0.0,10.187410675003106,288.15,101325.0,1.2250122659906946,340.29228686527705
49.75,-0.7206144448100096,-1.6763320407773914,0.14019472267405067,-10.133380468419933,0.0,0.0,0.0,0.0,10.2720564342763,288.15,101325.0,1.2250122659906946,340.29228686527705
49.8,-0.7587137977438394,-1.6300613448485965,0.1307949151515914,-10.028164104994305,0.0,0.0,0.0,0.0,10.160624125244244,288.15,101325.0,1.2250122659906946,340.29228686527705
49.85,-0.7751532072093239,-1.6480231613957674,0.10289683091685943,-10.16545071743539,0.0,0.0,0.0,0.0,10.298687119575838,288.15,101325.0,1.2250122659906946,340.29228686527705
49.9,-0.8219815026297983,-1.6251861079879935,0.12065021755613875,-9.967514666653466,0.0,0.0,0.0,0.0,10.099858166852911,288.15,101325.0,1.2250122659906946,340.29228686527705
49.95,-0.8578243739524266,-1.6469607407773297,0.11254347952080336,-10.307455308973529,0.0,0.0,0.0,0.0,10.438811266754996,288.15,101325.0,1.2250122659906946,340.29228686527705
50.0,-0.7954733371948473,-1.5555052436880046,0.06268340574171022,-9.680398044854664,0.0,0.0,0.0,0.0,9.80477598312793,288.15,101325.0,1.2250122659906946,340.29228686527705
50.05,-0.9306126401630975,-1.7244889666092398,0.1815781244555576,-10.758751127510992,0.0,0.0,0.0,0.0,10.897594167290176,288.15,101325.0,1.2250122659906946,340.29228686527705
50.1,-0.5788867557349769,-1.1488764089784345,0.11843966358477213,-7.059264140531725,0.0,0.0,0.0,0.0,7.153122057033165,288.15,101325.0,1.2250122659906946,340.29228686527705
