time,baro_altitude,accl_x,accl_y,accl_z,gps_altitude,gyro_roll,gyro_pitch,gyro_yaw,At,T,P,rho,a
0.0,0.12073082612448766,-6.662045782530953,3.6327546625049343,1.0750134363792145,0.0,0.0,0.0,0.0,7.663903335434604,288.1492152496302,101323.54963681176,1.2249980673707617,340.29182348738397
0.05,-0.18116367891836407,-10.423208600079676,5.386865397298366,1.5623905643776923,0.0,0.0,0.0,0.0,11.836496973557752,288.15,101325.0,1.2250122659906946,340.29228686527705
0.1,-0.2790550862225505,-9.008740719902436,5.142877392814697,1.6060136594071714,0.0,0.0,0.0,0.0,10.496946084940856,288.15,101325.0,1.2250122659906946,340.29228686527705
0.15,-0.15749010686041484,-9.093714240613611,5.950307497706396,2.252328443143661,0.0,0.0,0.0,0.0,11.098413464229637,288.15,101325.0,1.2250122659906946,340.29228686527705
0.2,0.2397275037599705,-8.808855200607626,5.588722972664133,2.015497024987969,0.0,0.0,0.0,0.0,10.62506389007573,288.1484417712255,101322.12012274085,1.2249840728195853,340.2913667647218
0.25,0.10106015581387154,-9.645675995794596,5.130922476810572,1.5135971406376265,0.0,0.0,0.0,0.0,11.029796334612639,288.1493431089872,101323.78594330128,1.225000380742946,340.29189898557485
0.3,0.21823646093836813,-9.7802913680079,4.925308960881203,1.343103561439544,0.0,0.0,0.0,0.0,11.032528938553394,288.1485814630039,101322.37829469099,1.2249866002550376,340.291449249812
0.35,0.0034172011948256364,-8.515394511302691,6.186691862798316,2.6263296875393145,0.0,0.0,0.0,0.0,10.848258271076942,288.1499777881922,101324.95894825792,1.225011864107003,340.29227374970003
0.4,0.42646326413739005,-9.92399718991281,4.7097739130637555,1.1487220642731357,0.0,0.0,0.0,0.0,11.044783968847971,288.1472279887831,101319.87688801585,1.2249621120903753,340.29065005058874
0.45,0.4251441358379986,-9.646361651309524,5.0040967913014125,1.4103045364526412,0.0,0.0,0.0,0.0,10.958204081422602,288.147236563117,101319.89273440791,1.2249622672230724,340.2906551135659
0.5,0.14396235617692774,-9.915532315135966,4.665111167745507,1.004725310669208,0.0,0.0,0.0,0.0,11.004113605821633,288.14906424468484,101323.27055379511,1.2249953352274272,340.2917343222011
0.55,0.36780211840715515,-9.865057118621877,4.835965065098106,1.177924154130153,0.0,0.0,0.0,0.0,11.049588923457955,288.1476092862303,101320.58157312726,1.2249690107983404,340.29087519922916
0.6,0.32493687000271027,-9.255887810050123,5.417460965589274,1.8275561375257796,0.0,0.0,0.0,0.0,10.879352182079872,288.14788791034493,101321.09650765816,1.2249740518852381,340.29103972119265
0.65,0.5334180124168317,-9.185710351356212,5.5214685319041665,1.8965248190436952,0.0,0.0,0.0,0.0,10.883965076986849,288.1465327829193,101318.59207131849,1.2249495340018117,340.29023954482113
0.7,0.254450819647773,-9.09869238787678,5.622559942355522,1.9555766112493294,0.0,0.0,0.0,0.0,10.873070557899144,288.14834606967224,101321.94325181848,1.224982341299093,340.29131025493314
0.75,-0.05897931273337537,-9.282156804682261,5.387935465692695,1.8193301601126115,0.0,0.0,0.0,0.0,10.885689953359583,288.15,101325.0,1.2250122659906946,340.29228686527705
0.8,0.007998347776781545,-9.704246453609407,4.939204901550024,1.4012329188447599,0.0,0.0,0.0,0.0,10.978688354477539,288.1499480107394,101324.90391375317,1.2250113253363977,340.2922561667777
0.85,0.33250011834703885,-9.082636792299885,5.564675753971515,2.0083436809660054,0.0,0.0,0.0,0.0,10.839435026261935,288.14783874923074,101321.00565120736,1.224973162422493,340.2910106925444
0.9,0.048614982500011755,-10.549858123200728,4.0646766259098115,0.5103618539898265,0.0,0.0,0.0,0.0,11.317312919367826,288.14968400261375,101324.41597662042,1.225006548581896,340.2921002758224
0.95,-0.008943056811207505,-9.57244313841596,5.115263085475973,1.5429105580096243,0.0,0.0,0.0,0.0,10.96257985429787,288.15,101325.0,1.2250122659906946,340.29228686527705
1.0,-0.009217660650662401,-9.965525666098658,4.723512541754131,1.0933126962114983,0.0,0.0,0.0,0.0,11.082355579274513,288.15,101325.0,1.2250122659906946,340.29228686527705
1.05,0.02717087782250117,-8.837406847242043,5.836295759109032,2.227179708766638,0.0,0.0,0.0,0.0,10.82231201853913,288.1498233892941,101324.67358942832,1.2250090705326213,340.29218258058125
1.1,0.2157644683586793,-10.059195943791696,4.667807897862326,1.0980143478893394,0.0,0.0,0.0,0.0,11.143674847872765,288.14859753095567,101322.40799077805,1.2249868909718364,340.2914587376021
1.15,-0.1736807764735324,-9.204890380643146,5.5445283354600345,1.9210219332376894,0.0,0.0,0.0,0.0,10.91614064815749,288.15,101325.0,1.2250122659906946,340.29228686527705
1.2,0.004178489285139312,-10.135801876736524,4.531916887477376,0.9335782766171865,0.0,0.0,0.0,0.0,11.142006944802619,288.1499728398196,101324.94980270455,1.225011774574897,340.29227082779636
1.25,0.29006938878609634,-8.915589351018445,5.811057452569852,2.158470418787129,0.0,0.0,0.0,0.0,10.858872719662948,288.14811454897284,101321.51536763794,1.2249781524214771,340.29117354670797
1.3,0.055232084423874776,-9.631538184639526,5.131531042271344,1.5344610938661478,0.0,0.0,0.0,0.0,11.02060386224605,288.14964099145124,101324.33648400752,1.2250057703732427,340.2920748786761
1.35,0.11403982981718544,-9.152779996390244,5.465054377917626,1.8657772232784087,0.0,0.0,0.0,0.0,10.822260653986417,288.14925874110617,101323.63001662793,1.2249988542660284,340.29184916816376
1.4,0.35809651718643076,-10.73117200181027,3.8631089875382223,0.3520497945396637,0.0,0.0,0.0,0.0,11.410766961071051,288.1476723726383,101320.69816503905,1.2249701522059244,340.2909124504975
1.45,-0.013394071833805532,-8.758374604578991,5.982671379749078,2.3568823072385414,0.0,0.0,0.0,0.0,10.865375132151536,288.15,101325.0,1.2250122659906946,340.29228686527705
1.5,-0.05046034809323882,-9.991857252199674,4.6741367025096014,1.1279140829640666,0.0,0.0,0.0,0.0,11.08859573799276,288.15,101325.0,1.2250122659906946,340.29228686527705
1.55,-0.1405066316213664,-9.943470457649141,4.7696396660318285,1.1933548159997909,0.0,0.0,0.0,0.0,11.09261750006712,288.15,101325.0,1.2250122659906946,340.29228686527705
1.6,0.022366687674332093,-10.39890447605251,4.316692150444667,0.6445147300506868,0.0,0.0,0.0,0.0,11.277696779973642,288.1498546165301,101324.73130330787,1.2250096355337117,340.2922010195722
1.65,0.6167173022437743,-9.6973813241091,5.069987275741156,1.3711176818680366,0.0,0.0,0.0,0.0,11.028324406676129,288.1459913375354,101317.59142999344,1.2249397379100881,340.28991983133346
1.7,-0.11655721307853975,-9.567790785713937,5.035941688580307,1.503791861398371,0.0,0.0,0.0,0.0,10.916259394700253,288.15,101325.0,1.2250122659906946,340.29228686527705
1.75,0.11870413940157809,-9.479358232802895,5.2904769496738036,1.569881384311322,0.0,0.0,0.0,0.0,10.96867842639418,288.14922842309386,101323.57398365969,1.2249983057194085,340.2918312660307
1.8,0.06789598533348523,-10.148008327799928,4.457128441015278,0.9204983823748012,0.0,0.0,0.0,0.0,11.121842663549893,288.1495586760953,101324.1843500896,1.2250042810278463,340.29202627326197
1.85,0.5389396290412498,-9.416523707509798,5.1308811972208375,1.486456021089546,0.0,0.0,0.0,0.0,10.826191024396428,288.1464968924112,101318.5257420807,1.224948884651529,340.29021835214905
1.9,0.4639857294608717,-10.182628322526593,4.529151793142171,0.8917928377947842,0.0,0.0,0.0,0.0,11.180090786106602,288.1469840927585,101319.4261399058,1.2249576993634705,340.2905060347068
1.95,0.005875885080152826,-10.371771134771905,4.2941891101942105,0.6686843975644821,0.0,0.0,0.0,0.0,11.24548066601621,288.14996180674694,101324.9294114463,1.2250115749508534,340.2922643130129
2.0,0.2704338678408933,-9.791908833253368,4.871855401034298,1.3052333161055112,0.0,0.0,0.0,0.0,11.014539829552762,288.14824217985904,101321.75124803821,1.2249804616311926,340.2912489101357
2.05,0.10449523875872917,-8.761252307230215,5.979457078772707,2.400960886376917,0.0,0.0,0.0,0.0,10.875571806840487,288.1493207809481,101323.74467714157,1.224999976759252,340.2918858013508
2.1,-0.2171975592167661,-10.289503638292874,4.461910739017993,0.8136992740799006,0.0,0.0,0.0,0.0,11.244760516527,288.15,101325.0,1.2250122659906946,340.29228686527705
2.15,-0.30535392858632304,-10.919445758297199,3.7572655502734547,0.15453117530901972,0.0,0.0,0.0,0.0,11.548818985844775,288.15,101325.0,1.2250122659906946,340.29228686527705
2.2,-0.2858413283082633,-9.444710673562932,5.2220505122961764,1.5326684621663456,0.0,0.0,0.0,0.0,10.900524935763675,288.15,101325.0,1.2250122659906946,340.29228686527705
2.25,-0.06348348920835145,-9.164804507543828,5.548122310885934,1.8705510326160992,0.0,0.0,0.0,0.0,10.875397188317633,288.15,101325.0,1.2250122659906946,340.29228686527705
2.3,-0.1203472603602476,-10.182028146466688,4.426970068536415,0.9044176175361445,0.0,0.0,0.0,0.0,11.139557100265115,288.15,101325.0,1.2250122659906946,340.29228686527705
2.35,0.23356749597093776,-9.605969121127922,5.085702102544394,1.4876810893533632,0.0,0.0,0.0,0.0,10.970515195536954,288.14848181127616,101322.19412287508,1.2249847972615513,340.2913904075411
2.4,0.37339195606143494,-9.872982996009934,4.8156815211631745,1.1808645514537144,0.0,0.0,0.0,0.0,11.048123046094922,288.1475729522856,101320.51442330686,1.2249683534171696,340.29085374475613
2.45,0.08065830496628351,-9.511048354785228,5.131411112871467,1.6066436921378344,0.0,0.0,0.0,0.0,10.925782570134272,288.1494757210177,101324.03103403555,1.2250027801092611,340.2919772900992
2.5,0.10252800761423869,-10.574565149830407,4.064184496876615,0.5528956374677777,0.0,0.0,0.0,0.0,11.342165459848966,288.14933356795046,101323.76830977868,1.2250002081158953,340.29189335179916
2.55,0.1911998447531797,-10.334341892026053,4.330819880146875,0.7300500037460134,0.0,0.0,0.0,0.0,11.228873326542141,288.14875720100906,101322.703086384,1.2249897798785003,340.29155301942114
2.6,-0.26639341438989367,-9.54184428927539,5.115252220287859,1.502250691566407,0.0,0.0,0.0,0.0,10.930203788504997,288.15,101325.0,1.2250122659906946,340.29228686527705
2.65,-0.000380829827494239,-9.436931680837432,5.3256346831473,1.5171383433838959,0.0,0.0,0.0,0.0,10.94165312373319,288.15,101325.0,1.2250122659906946,340.29228686527705
2.7,0.5738880599341676,-8.905595765218655,5.6715374540746355,2.054524075142848,0.0,0.0,0.0,0.0,10.756255956502402,288.1462697276104,101318.10591969205,1.2249447746704667,340.29008421556273
2.75,0.1313673859284465,-9.199065793600496,5.46085063632289,1.8043232423516908,0.0,0.0,0.0,0.0,10.848930062919079,288.14914611199146,101323.42185853008,1.2249968164579146,340.29178266309344
2.8,0.2409660962708262,-9.594208693560564,4.985924447011727,1.4651523056273459,0.0,0.0,0.0,0.0,10.911230651287115,288.1484337203742,101322.10524354226,1.2249839271561096,340.2913620108609
2.85,0.049591445535983096,-8.80233007898269,5.834992796423206,2.3124575321536653,0.0,0.0,0.0,0.0,10.810902626131101,288.14967765560397,101324.4042461649,1.2250064337442892,340.29209652805275
2.9,-0.08022195993700287,-9.91157403000806,4.736062080903859,1.1863853139822726,0.0,0.0,0.0,0.0,11.048850342897147,288.15,101325.0,1.2250122659906946,340.29228686527705
2.95,0.47351603452664637,-9.649606034308112,4.9158931333556835,1.409473046522956,0.0,0.0,0.0,0.0,10.92096681547947,288.14692214577553,101319.31165496298,1.2249565785799459,340.2904694562027
3.0,0.4643015216332421,-9.69205149519675,4.953345880906068,1.3470958122817378,0.0,0.0,0.0,0.0,10.967504945469669,288.1469820401094,101319.42234637935,1.224957662225648,340.290504822657
3.05,0.20242844400585336,-9.2723195915679,5.357150299683503,1.8254673996172976,0.0,0.0,0.0,0.0,10.863116549528431,288.1486842151139,101322.56819677708,1.224988459345704,340.29150992278346
3.1,-0.2498046170638319,-10.386241935544339,4.371700071066668,0.7441456524815335,0.0,0.0,0.0,0.0,11.293340329908212,288.15,101325.0,1.2250122659906946,340.29228686527705
3.15,0.1671556609829738,-9.474314253105893,5.2011191259549205,1.5898924789154176,0.0,0.0,0.0,0.0,10.924377731637229,288.14891348820356,101322.99193060363,1.2249926075842221,340.29164530370764
3.2,-0.02883856441999756,-10.176459944604353,4.475829497520053,0.865413407241135,0.0,0.0,0.0,0.0,11.150889070403318,288.15,101325.0,1.2250122659906946,340.29228686527705
3.25,0.39412878465704904,-8.99607917979214,5.73275303880534,2.159907781909724,0.0,0.0,0.0,0.0,10.883891750627424,288.14743816289973,101320.26531543575,1.2249659147081515,340.2907741542878
3.3,0.01659586299014652,-10.019260006288132,4.650268852018687,1.0249610851604498,0.0,0.0,0.0,0.0,11.09329151765847,288.14989212689056,101324.80062963332,1.2250103142169866,340.29222316860773
3.35,-0.2541398249780986,-10.310709519115736,4.307641152703657,0.697843957308404,0.0,0.0,0.0,0.0,11.19613724803344,288.15,101325.0,1.2250122659906946,340.29228686527705
3.4,0.3698471818161854,-9.704111744010005,4.936356401510939,1.342610839623379,0.0,0.0,0.0,0.0,10.969959121603194,288.1475959933182,101320.55700610542,1.2249687702929029,340.29086735002863
3.45,-0.11912016974020562,-9.115608754454684,5.562174444088353,1.9918572667933954,0.0,0.0,0.0,0.0,10.862762212349034,288.15,101325.0,1.2250122659906946,340.29228686527705
3.5,0.07367153177809303,-9.3583730410937,5.246811158880119,1.8402108808698532,0.0,0.0,0.0,0.0,10.885520171277534,288.1495211350434,101324.1149673823,1.2250036017918242,340.29200410609104
3.55,0.06705559742225689,-9.626014363555194,4.992365439249853,1.4125911822411779,0.0,0.0,0.0,0.0,10.935231092872835,288.1495641386167,101324.19444582817,1.22500437986211,340.2920294987614
3.6,-0.05748902114295029,-8.805402539624241,5.852589162764412,2.3357755657581505,0.0,0.0,0.0,0.0,10.827915832999503,288.15,101325.0,1.2250122659906946,340.29228686527705
3.65,0.08223719704452939,-9.731838430461018,4.923570042699091,1.3001844944117142,0.0,0.0,0.0,0.0,10.983656081718442,288.1494654582192,101324.01206653246,1.2250025944230154,340.2919712301402
3.7,-0.25137571930186736,-9.5661822800155,5.149357969616262,1.4616373181393647,0.0,0.0,0.0,0.0,10.96193936142281,288.15,101325.0,1.2250122659906946,340.29228686527705
3.75,-0.30754981081009874,-9.647518026983638,5.02707938241458,1.4367666843126234,0.0,0.0,0.0,0.0,10.9731686263915,288.15,101325.0,1.2250122659906946,340.29228686527705
3.8,-0.22132737125600915,-8.15398906740608,6.535925546372367,2.931387409382477,0.0,0.0,0.0,0.0,10.853519825521438,288.15,101325.0,1.2250122659906946,340.29228686527705
3.85,0.21189629826094536,-9.619566055428699,4.996739597491114,1.4731775578503434,0.0,0.0,0.0,0.0,10.93954797132156,288.1486226740613,101322.4544591825,1.224987345885132,340.29147358408056
3.9,0.2011723242725704,-9.866590166454062,4.841567693539279,1.2512430556593026,0.0,0.0,0.0,0.0,11.061464117748015,288.1486923798922,101322.58328658597,1.2249886070708715,340.29151474391375
3.95,-0.19645910275086806,-9.237206577628253,5.4477629971126875,1.8856566947121647,0.0,0.0,0.0,0.0,10.88851726364989,288.15,101325.0,1.2250122659906946,340.29228686527705
4.0,-0.00041016771892879444,-10.01389041637415,4.663582301915299,1.1106643091814141,0.0,0.0,0.0,0.0,11.102277980918018,288.15,101325.0,1.2250122659906946,340.29228686527705
4.05,-0.22022044770009935,-9.654566245409843,4.961971609054841,1.4443370085053344,0.0,0.0,0.0,0.0,10.95070413399118,288.15,101325.0,1.2250122659906946,340.29228686527705
4.1,-0.004434715446119855,-10.30461470806222,4.340622467077382,0.7655087643005752,0.0,0.0,0.0,0.0,11.207680016467732,288.15,101325.0,1.2250122659906946,340.29228686527705
4.15,0.22957243371702005,-9.209016525148952,5.374832007872351,1.7711803399248476,0.0,0.0,0.0,0.0,10.808879880443298,288.1485077791808,101322.2421155558,1.2249852670972932,340.29140574104923
4.2,-0.23641858863667006,-9.259169180276885,5.537991877986323,1.8634891323122622,0.0,0.0,0.0,0.0,10.948705845709698,288.15,101325.0,1.2250122659906946,340.29228686527705
4.25,-0.523490609559989,-9.960342385483175,4.799206815573192,1.0837090831881684,0.0,0.0,0.0,0.0,11.109240832373803,288.15,101325.0,1.2250122659906946,340.29228686527705
4.3,0.6721095890531992,-10.117908873551325,4.5341681967562915,0.9866892276232005,0.0,0.0,0.0,0.0,11.131231595913928,288.1456312876711,101316.92602885523,1.224933223747005,340.2897072283797
4.35,0.18157450550709922,-9.579774264152622,5.0022701203959095,1.4000996813245072,0.0,0.0,0.0,0.0,10.897479544700767,288.14881976571417,101322.81871608077,1.2249909118617153,340.2915899625607
4.4,0.3038876231323822,-9.543925674712193,5.173673346229604,1.4684503209070443,0.0,0.0,0.0,0.0,10.954896600282872,288.1480247304496,101321.34937023853,1.2249765273481277,340.2911205106971
4.45,0.06547776349277462,-9.494766234639192,5.360594599732447,1.7773241536446274,0.0,0.0,0.0,0.0,11.047417863928827,288.1495743945373,101324.21340064718,1.2250045654241186,340.2920355546581
4.5,0.08533388352190827,-9.710798900379574,4.864762236274999,1.38141170431971,0.0,0.0,0.0,0.0,10.948690569923508,288.1494453297571,101323.97486551173,1.225002230236005,340.29195934472136
4.55,0.31283828774051387,-9.128343424088364,5.352356940889696,2.0454424674413385,0.0,0.0,0.0,0.0,10.777671983243872,288.1479665511297,101321.24184670213,1.224975474719117,340.2910861569878
4.6,0.1318864482344307,-10.313919945312925,4.394251247840751,0.6340080741205987,0.0,0.0,0.0,0.0,11.228907110913505,288.1491427380864,101323.41562297496,1.224996755413605,340.29178067087486
4.65,0.4588460033518973,-10.779503885992748,3.692804968288227,0.46641622948937767,0.0,0.0,0.0,0.0,11.404036858107661,288.14701750097817,101319.48788207033,1.2249583038061829,340.2905257616175
4.7,0.2044885751600446,-9.833089112465096,4.96471093822664,0.8598289714489755,0.0,0.0,0.0,0.0,11.048859762616678,288.14867082426144,101322.54344835588,1.2249882170653126,340.29150201576584
4.75,-0.02603065743702032,-9.469395615623633,4.74375384470122,2.249068887908549,0.0,0.0,0.0,0.0,10.827324910931042,288.15,101325.0,1.2250122659906946,340.29228686527705
4.8,0.2205655273573352,-10.74135252944027,4.292287224140407,-0.6943821840161561,0.0,0.0,0.0,0.0,11.58803479429152,288.14856632407214,101322.3503155846,1.224986326347008,340.2914403105886
4.85,0.02984095222352917,-8.644746624553092,5.206213145930304,3.9304183765690244,0.0,0.0,0.0,0.0,10.829796311032403,288.14980603381053,101324.64151320074,1.2250087565162147,340.29217233255224
4.9,0.17083639289026195,-10.715013159331226,5.889679442920456,-1.7731813699586902,0.0,0.0,0.0,0.0,12.354918175195241,288.1488895634462,101322.94771370754,1.224992174713031,340.29163117664547
4.95,-0.6273496554747544,-10.568589327331793,0.8444805052619838,5.604907366252711,0.0,0.0,0.0,0.0,11.992631666061994,288.15,101325.0,1.2250122659906946,340.29228686527705
5.0,0.6948869536078361,-55.69691287033692,35.159359374560786,1.8301302484120705,0.0,0.0,0.0,0.0,65.89139573299059,288.14548323480153,101316.65241625864,1.2249305451242238,340.2896198057909
5.05,-1.0620994738335114,-95.40962470240873,64.44545251411917,-31.452748679788957,0.0,0.0,0.0,0.0,119.35446466353086,288.15,101325.0,1.2250122659906946,340.29228686527705
5.1,13.113964588751864,-99.0363348988988,61.19323365268681,40.658557823652224,0.0,0.0,0.0,0.0,123.31231000747019,288.0647592301731,101167.55758807504,1.2234707261983047,340.24195037036463
5.15,38.14363245910008,-104.3436964722692,31.55631347387106,6.1924333913753795,0.0,0.0,0.0,0.0,109.18678557803999,287.90206638901583,100867.60859864163,1.2205326213506853,340.14585609669535
5.2,61.17474564050128,-115.26966866177469,70.40490348290504,16.056279651285166,0.0,0.0,0.0,0.0,136.02114197459443,287.7523641533367,100592.24631255555,1.217833888043031,340.05741071516354
5.25,78.40888094841857,-115.8693767674974,66.16035654655464,15.734747614056847,0.0,0.0,0.0,0.0,134.35210282438294,287.64034227383524,100386.59169979414,1.2158174193735036,339.9912121652355
5.3,71.53946569582335,-111.4938684224655,66.66152588122497,11.19504038977561,0.0,0.0,0.0,0.0,130.38393558237144,287.6849934729771,100468.52345673744,1.216620864386767,340.01760002533
5.35,66.98606308210029,-110.31795718199675,68.11172999391394,10.693981345781431,0.0,0.0,0.0,0.0,130.09081703408825,287.71459058996635,100522.86188429265,1.2171536529770592,340.035090130989
5.4,59.797541064881656,-107.25812224539145,69.66349335717078,8.2404920502126,0.0,0.0,0.0,0.0,128.1608864028395,287.76131598307825,100608.69517760581,1.2179951372844018,340.06270018059854
5.45,54.52376499034848,-102.8073125061253,76.80998690784402,6.963480190222001,0.0,0.0,0.0,0.0,128.5208451959249,287.79559552756274,100671.70351309478,1.2186127654968173,340.0829545488301
5.5,49.28824769639461,-91.40161275254866,83.27291103447442,11.389811445818474,0.0,0.0,0.0,0.0,124.17069030449035,287.8296263899734,100734.28635444735,1.2192261500772401,340.1030607879597
5.55,44.81990700811062,-86.030082206337,81.51224310543006,16.782842499856578,0.0,0.0,0.0,0.0,119.69580035608111,287.85867060444724,100787.72365096549,1.2197498403054556,340.1202198573458
5.6,40.40273712179765,-77.48719383710919,78.01567259502266,16.694512770813724,0.0,0.0,0.0,0.0,111.21788136742386,287.8873822087083,100840.57154997344,1.2202677024315984,340.13718157269074
5.65,35.334572721497196,-71.38468303057057,77.27771870111859,15.933890718466202,0.0,0.0,0.0,0.0,106.40257352363366,287.92032527731027,100901.23571703747,1.220862093339517,340.1566420330385
5.7,30.734845201443427,-63.64494712119292,82.34635138567599,20.45445425907406,0.0,0.0,0.0,0.0,106.06594919968056,287.9502235061906,100956.31843452978,1.22140173799753,340.1743028513953
5.75,25.691227838230933,-51.7398501813854,85.5370718160353,30.81528230062098,0.0,0.0,0.0,0.0,104.60967629679747,287.98300701905146,101016.74481180821,1.2219936699897784,340.1936669468528
5.8,18.413401439968645,-41.13766562650927,93.44740399081218,38.98168395509572,0.0,0.0,0.0,0.0,109.28996536643018,288.0303128906402,101103.99033134554,1.2228482013348518,340.2216069584082
5.85,7.416409189999103,-32.19534221002533,83.69802765194363,50.0496692068248,0.0,0.0,0.0,0.0,102.69795168628606,288.101793340265,101235.93641204134,1.2241402884729702,340.2638207180603
5.9,-6.60690155716738,-21.250403043449975,94.4863694562339,68.31465852447872,0.0,0.0,0.0,0.0,118.51643857222984,288.15,101325.0,1.2250122659906946,340.29228686527705
5.95,-24.035959930175785,-13.174624547416414,86.76068607897415,40.363001382544056,0.0,0.0,0.0,0.0,96.5927495284555,288.15,101325.0,1.2250122659906946,340.29228686527705
6.0,-41.80025953052535,5.901522166602982,114.61575128096766,41.50358633104527,0.0,0.0,0.0,0.0,122.04157522714165,288.15,101325.0,1.2250122659906946,340.29228686527705
6.05,-53.22267707180017,3.617010793374086,107.62581047125596,-19.28808935660893,0.0,0.0,0.0,0.0,109.40031187205375,288.15,101325.0,1.2250122659906946,340.29228686527705
6.1,-58.817836537278865,25.50796864722771,131.53641112663877,55.812731858110624,0.0,0.0,0.0,0.0,145.1466325963143,288.15,101325.0,1.2250122659906946,340.29228686527705
6.15,-66.29829214282795,-6.036461504916748,68.10319932649541,153.94107218393748,0.0,0.0,0.0,0.0,168.44090456639373,288.15,101325.0,1.2250122659906946,340.29228686527705
6.2,-73.40025761834491,-65.21543019143968,-4.337461310974404,111.72292110780162,0.0,0.0,0.0,0.0,129.4367683718147,288.15,101325.0,1.2250122659906946,340.29228686527705
6.25,-64.36662708299087,-42.7553229828251,-83.33752135398791,86.91938611761884,0.0,0.0,0.0,0.0,127.78160975608264,288.15,101325.0,1.2250122659906946,340.29228686527705
6.3,-29.84608361020371,-28.620196068117842,-90.41116247533529,-16.165607839743174,0.0,0.0,0.0,0.0,96.20093970407643,288.15,101325.0,1.2250122659906946,340.29228686527705
6.35,-0.1503527108233859,-18.57239602924621,-1.8555935638666958,-12.457638044998466,0.0,0.0,0.0,0.0,22.440362461458083,288.15,101325.0,1.2250122659906946,340.29228686527705
6.4,27.770824730301637,-31.18587317744703,-19.063438718755968,32.143367652202016,0.0,0.0,0.0,0.0,48.674114944682884,287.969489639253,100991.82611000244,1.2217495765308501,340.1856828282557
6.45,45.746351003237905,-31.73242218777099,-60.272877802735465,15.563377863400266,0.0,0.0,0.0,0.0,69.87120399023763,287.8526487184789,100776.64233640704,1.2196412467859814,340.1166622506094
6.5,55.39150718502475,-27.353230666436577,-54.90415359635782,-20.073906982963983,0.0,0.0,0.0,0.0,64.54166911061743,287.7899552032973,100661.33398476103,1.2185111250621763,340.07962199689223
6.55,56.26511736575474,-15.190971552406953,-25.28036663649784,1.0436720457508446,0.0,0.0,0.0,0.0,29.511892608249852,287.7842767371226,100650.89520762156,1.218408803849846,340.0762668760457
6.6,57.90313475427534,-19.97539236312942,-20.133429675080748,32.93676489487427,0.0,0.0,0.0,0.0,43.4649487780972,287.77362962409717,100631.32488340311,1.2182169694930263,340.0699759417699
6.65,60.5505090281668,-23.662440042287688,-18.40760561776385,46.13956491109374,0.0,0.0,0.0,0.0,55.023726368894934,287.7564216913169,100599.70171340543,1.2179069744202005,340.05980824715164
6.7,61.88877837647554,-16.735230776576937,-7.803601249758211,39.30080800816583,0.0,0.0,0.0,0.0,43.42254773392767,287.7477229405529,100583.71900459794,1.2177502923412888,340.0546682786754
6.75,64.1989175535446,-11.566917611019315,-1.163646394339916,25.2053523122687,0.0,0.0,0.0,0.0,27.757115144350976,287.7327070359019,100556.13426830036,1.2174798618414546,340.04579541073275
6.8,66.02261940447082,-4.059418669690455,3.259010208358678,5.954983590864384,0.0,0.0,0.0,0.0,7.909605365723473,287.72085297387093,100534.36227324726,1.2172664073293102,340.03879070572157
6.85,67.02502406752853,-3.4932813506944074,1.4723886083034425,-7.039536350361106,0.0,0.0,0.0,0.0,7.995374590163143,287.71433734356106,100522.3968390544,1.2171490934383729,340.03494048149946
6.9,69.1154124790525,-0.04025304227645471,0.846134532410804,-4.676783869930484,0.0,0.0,0.0,0.0,4.752880318332507,287.70074981888615,100497.448145973,1.2169044779514109,340.0269111845646
6.95,72.74024670798534,-6.620040259769762,10.887140115786728,14.872654335288464,0.0,0.0,0.0,0.0,19.58444790946939,287.6771883963981,100454.19779558908,1.216480392066603,340.0129875473296
7.0,75.96691089445387,-1.0867834015536393,3.756054064659632,1.6221876440680525,0.0,0.0,0.0,0.0,4.233265057978971,287.65621507918604,100415.71096211803,1.2161029850375213,340.000592872825
7.05,78.08142210733028,-8.278884242825598,16.84363071792217,-2.681626584344144,0.0,0.0,0.0,0.0,18.958874998419567,287.6424707563023,100390.49608443837,1.2158557096577816,339.9924700972585
7.1,79.31711771649665,-4.737846001692377,8.620867331367466,-20.544785572951564,0.0,0.0,0.0,0.0,22.7783834483343,287.6344387348428,100375.76317865215,1.2157112226281448,339.9877231524269
7.15,79.80658130875085,-6.627844746515684,2.698380921333364,-2.170873189720386,0.0,0.0,0.0,0.0,7.478119816262522,287.6312572214931,100369.92790439689,1.2156539944145504,339.9858428517303
7.2,80.8270611032073,-4.80464823405834,3.2345230828437703,-2.346467916381674,0.0,0.0,0.0,0.0,6.249215623508094,287.6246241028291,100357.76285841611,1.215534686272882,339.98192259031055
7.25,81.62585742389486,-11.627913072220183,-1.9043464486285124,-0.8717442378425442,0.0,0.0,0.0,0.0,11.81502584964268,287.61943192674465,100348.24131384394,1.215441302232798,339.978853913594
7.3,83.31230604698568,0.7410592236989485,0.5125648259169561,23.60162851489508,0.0,0.0,0.0,0.0,23.61882215583379,287.6084700106946,100328.14147577483,1.215244164385999,339.97237511774074
7.35,84.49219702407366,0.01222301189528463,5.127248519498441,-0.19266106421128532,0.0,0.0,0.0,0.0,5.13088150987545,287.6008007193435,100314.08095338405,1.2151062552704406,339.96784228082896
7.4,86.0459376382372,2.197872722398134,0.39027613391570093,4.169040225013704,0.0,0.0,0.0,0.0,4.729043916305736,287.5907014053514,100295.5677744947,1.2149246677784515,339.961873117808
7.45,88.19065973274049,-5.167505046536595,15.57972478339787,-11.047749743428007,0.0,0.0,0.0,0.0,19.78594721325761,287.57676071173717,100270.01745980374,1.214674045694015,339.95363334905807
7.5,89.79536719645905,-8.845135443901844,17.620115008919342,-21.886811169487405,0.0,0.0,0.0,0.0,29.457382387396745,287.566330113223,100250.90384717393,1.2144865530355853,339.94746812206284
7.55,91.11234871841626,3.577910427728677,-1.2713525023567465,0.36319293318154466,0.0,0.0,0.0,0.0,3.814405500312123,287.55776973333025,100235.21953213956,1.214332694574477,339.9424082440045
7.6,92.39385771857818,-0.24377365914828114,4.239127342973102,-2.93078138872105,0.0,0.0,0.0,0.0,5.159370676285086,287.54943992482924,100219.95957711471,1.2141829945623486,339.9374845800197
7.65,93.2613952089102,2.1384621793644225,1.1426727094270936,1.5735550746942653,0.0,0.0,0.0,0.0,2.890466569005351,287.5438009311421,100209.63018057648,1.2140816608202738,339.9341513884683
7.7,94.88594071641604,2.978255986175774,0.6914641527987463,-0.988584873100007,0.0,0.0,0.0,0.0,3.21332093714893,287.5332413853433,100190.28973311283,1.2138919212637458,339.9279095860296
7.75,95.96945414371777,2.470808257444538,2.4357172827464013,0.5951952656281159,0.0,0.0,0.0,0.0,3.5202087339746986,287.5261985480658,100177.39203053492,1.2137653844149685,339.92374646457284
7.8,97.00418478439232,4.13545326101824,0.3990669246504874,0.9086747035444972,0.0,0.0,0.0,0.0,4.252871712299593,287.5194727989014,100165.07627342902,1.21364455402688,339.9197707308219
7.85,98.56122282753317,-1.691438067857808,6.8775649211986485,-2.0120811587190857,0.0,0.0,0.0,0.0,7.362766638429678,287.509352051621,100146.54612576841,1.2134627486771044,339.91378805365474
7.9,100.15801008576624,2.329286925430348,-10.260784054673104,0.7284854728000305,0.0,0.0,0.0,0.0,10.547035511540448,287.4989729344425,100127.5458099223,1.2132763237071431,339.9076525369272
7.95,101.69605280349317,15.616402608493502,-45.97019354502836,11.196728778974169,0.0,0.0,0.0,0.0,49.82466718752708,287.48897565677726,100109.24726064604,1.213096777881874,339.9017426362935
8.0,102.96916952653432,0.5046668861693471,8.582180485124228,0.13364285032121315,0.0,0.0,0.0,0.0,8.598044600761558,287.4807003980775,100094.1026627824,1.2129481739846149,339.8968506311516
8.05,104.44222174449011,2.8360151604398895,-2.3551083280330385,0.7206440306558548,0.0,0.0,0.0,0.0,3.7561742565987783,287.4711255586608,100076.58201001164,1.2127762500985746,339.89119027750485
8.1,105.60349766631143,0.6972052086173584,3.5357700765281024,0.7498177370808973,0.0,0.0,0.0,0.0,3.681031346760828,287.46357726516896,100062.77141105046,1.2126407276047158,339.8867278896801
8.15,107.58793532775842,1.5030504790928414,-1.8755950434808066,1.523055772429362,0.0,0.0,0.0,0.0,2.8454729652135846,287.45067842036957,100039.17484432463,1.2124091678214752,339.8791022360656
8.2,109.27341063281516,-0.34914447123990666,1.50028182913823,0.018246166671457384,0.0,0.0,0.0,0.0,1.5404805585394288,287.4397228308867,100019.13672038456,1.2122125198843696,339.87262527901305
8.25,111.2144458796662,2.2543641465484114,-1.825330312906823,-0.4924373913056356,0.0,0.0,0.0,0.0,2.9421901775404264,287.42710610178216,99996.0643456003,1.2119860854655142,339.86516610138676
8.3,113.48189303822527,0.24083254656789665,-0.38670573735457187,-1.0040180262291911,0.0,0.0,0.0,0.0,1.1025397225417695,287.41236769525153,99969.11748994778,1.2117216139484033,339.85645235259364
8.35,115.01246705279432,1.6450837066281618,1.2793918645026463,1.2509210819258554,0.0,0.0,0.0,0.0,2.4306269763119888,287.4024189641568,99950.93112607312,1.2115431151328564,339.8505702645292
8.4,117.23694643618533,0.7450460788701404,0.5786874945074235,-0.6416471704167719,0.0,0.0,0.0,0.0,1.1409136545956933,287.38795984816477,99924.5045170003,1.2112837274533557,339.84202127485935
8.45,118.8119650858981,1.5191833934156596,-0.2513559517777971,-0.049515338568034944,0.0,0.0,0.0,0.0,1.5406329108770682,287.3777222269416,99905.79686262876,1.2111000964944956,339.8359681248308
8.5,120.29437273650798,1.5739498075521912,-0.4074542629951349,1.1764026956278488,0.0,0.0,0.0,0.0,2.006803496959021,287.3680865772127,99888.19180807429,1.2109272824811612,339.8302708011522
8.55,122.24944332322188,0.16654746011301663,1.2844617274057453,0.888608852518005,0.0,0.0,0.0,0.0,1.5707341208535623,287.355378618399,99864.97725573146,1.2106993958868797,339.8227567503036
8.6,123.92533824327283,0.6097340875046858,0.5146944133978303,0.694078547488636,0.0,0.0,0.0,0.0,1.0575589944452475,287.34448530141873,99845.08111922992,1.2105040766353459,339.8163155413247
8.65,125.33429350372631,2.219195526694459,1.0877294444308783,0.7910499858360248,0.0,0.0,0.0,0.0,2.594945897330767,287.3353270922258,99828.35656003549,1.2103398868509496,339.81090020561845
8.7,127.21106718857155,-0.9886551832064261,-0.792828408943623,-1.0659674282220934,0.0,0.0,0.0,0.0,1.65598988986631,287.3231280632743,99806.08243308071,1.2101212072445913,339.8036866703892
8.75,128.67467383407504,0.17304452394353426,-0.019571328453421605,0.5342497093581889,0.0,0.0,0.0,0.0,0.5619165383876732,287.3136146200785,99788.71469261333,1.2099506903860708,339.7980610706467
8.8,130.4484964496968,-3.3233250770033456,0.9913553728580916,0.6959376080896436,0.0,0.0,0.0,0.0,3.5371746065309573,287.30208477307696,99767.66908599022,1.2097440565896758,339.79124298274144
8.85,132.49952325444502,-1.4223905494559768,1.0108544858221316,-0.11262505970762143,0.0,0.0,0.0,0.0,1.7486297694945454,287.2887530988461,99743.33905708196,1.2095051647460755,339.783359227366
8.9,134.05475364643337,-4.390758881354598,1.628296766797721,0.336039648148781,0.0,0.0,0.0,0.0,4.695001231105924,287.27864410129814,99724.89354917503,1.2093240444860331,339.77738109678324
8.95,135.48769853455067,-16.84593259044917,3.335990815290553,0.21890949862237508,0.0,0.0,0.0,0.0,17.17446362860417,287.2693299595254,99707.90082970672,1.209157183815671,339.7718729248118
9.0,137.83981957650303,-0.00189417398985825,-0.32784743112795617,-0.42743440495351914,0.0,0.0,0.0,0.0,0.538690724377423,287.2540411727527,99680.01305134878,1.2088833269635952,339.76283128984863
9.05,139.86682673949662,-4.501128263423636,-1.2631225586160402,-1.9638421461464521,0.0,0.0,0.0,0.0,5.070730737956504,287.2408656261932,99655.98503283151,1.208647361105766,339.75503921089717
9.1,141.3935745009082,-1.4414613890115424,-0.5779688186784044,-0.9051025367579231,0.0,0.0,0.0,0.0,1.7975175919643243,287.2309417657441,99637.89015535428,1.2084696541936863,339.7491700761013
9.15,143.5085098202523,-2.6742850420736293,-0.21637912661693293,-0.7088933473045369,0.0,0.0,0.0,0.0,2.775094627313975,287.21719468616834,99612.82852709493,1.2082235177889622,339.74103965892976
9.2,144.8846894864792,-0.8470930734230387,0.5896855331486162,0.06304603643076645,0.0,0.0,0.0,0.0,1.0340553688056007,287.2082495183379,99596.52377069157,1.2080633784468906,339.7357491256027
9.25,146.57485162622598,-2.2228872550517997,0.0461837200962551,-0.5171978653673845,0.0,0.0,0.0,0.0,2.282729575883712,287.1972634644295,99576.50195710377,1.207866724707971,339.72925141713995
9.3,148.10579211486126,-0.7634432751655938,0.4542746494710339,0.020802566137490847,0.0,0.0,0.0,0.0,0.8886190625377693,287.18731235125335,99558.36911080642,1.2076886178652377,339.72336571775304
9.35,149.6612036001017,-2.5673390002966663,-0.16355913356981833,-0.8169376102857809,0.0,0.0,0.0,0.0,2.6991421214374465,287.17720217659934,99539.94916212415,1.2075076846880872,339.71738583521153
9.4,151.94130179865854,-0.644354232365116,0.039589542201286854,-0.35177020586417596,0.0,0.0,0.0,0.0,0.7351884019435224,287.1623815383087,99512.95210433537,1.207242489841225,339.70861965631684
9.45,153.87108059347491,-2.4634631097528716,0.8860891938357973,0.2607449173412658,0.0,0.0,0.0,0.0,2.6309299619079876,287.1498379761424,99490.10756791676,1.2070180749422814,339.7012001560671
9.5,155.52683532762916,0.001962939663104679,-0.8896927359376674,-1.3015357576093642,0.0,0.0,0.0,0.0,1.5765634607741468,287.1390755703704,99470.51028704946,1.2068255518722915,339.69483407827204
9.55,157.06255619027996,-13.066418898772582,3.587444017596972,5.696798793353114,0.0,0.0,0.0,0.0,14.69879498154672,287.12909338476317,99452.33650444518,1.206647006754946,339.68892940237953
9.6,159.15300624088576,-3.2385406362842932,2.469428793365773,2.5627602708164865,0.0,0.0,0.0,0.0,4.811856629622707,287.11550545943425,99427.6023552624,1.2064040005010244,339.68089168951326
9.65,159.92586935624888,-0.479212324467858,-2.1200279856670967,-1.348011216114719,0.0,0.0,0.0,0.0,2.557596010065831,287.11048184918434,99418.45912082287,1.2063141678106584,339.6779200076621
9.7,162.30891999701717,-1.5067284080812107,0.6486858621611185,1.1270446656086945,0.0,0.0,0.0,0.0,1.9902898084861076,287.0949920200194,99390.27110437925,1.2060372093851717,339.66875694282686
9.75,163.92668433238404,-1.6942326262588838,-0.6052784724409641,-1.1442953903317805,0.0,0.0,0.0,0.0,2.1321815498252263,287.0844765518395,99371.13899786137,1.205849220347369,339.66253633847776
9.8,165.39731455284257,-1.185015615216925,0.6210364867712656,0.1760820138326875,0.0,0.0,0.0,0.0,1.3494269901719462,287.0749174554065,99353.74952581961,1.205678348184882,339.6568813932734
9.85,167.07195315839616,-0.7760215982757919,0.2678260315561229,-0.09051581318815563,0.0,0.0,0.0,0.0,0.8259136859301515,287.0640323044704,99333.95075655937,1.2054837948956614,339.650441869575
9.9,168.53956475069816,-1.1671194512362553,0.5127978687792297,-0.12748317833217881,0.0,0.0,0.0,0.0,1.281164091143758,287.0544928291204,99316.60223482028,1.2053133129834435,339.6447983309013
9.95,170.23977052525365,-0.4123024658328225,1.0374652850255308,0.5359945493589033,0.0,0.0,0.0,0.0,1.2383931919658577,287.04344149158584,99296.50730302482,1.205115835335412,339.63826025968217
10.0,171.76272543463813,-0.6720748641760903,0.8920467064813,0.2105764632319615,0.0,0.0,0.0,0.0,1.1365625352213253,287.0335422846748,99278.51011547288,1.2049389662617707,339.63240369249553
10.05,173.26502591701416,-1.1293331464700902,0.3471217517452504,-0.18034176356008305,0.0,0.0,0.0,0.0,1.1951610845131655,287.0237773315394,99260.75959502466,1.204764515357009,339.62662645355965
10.1,174.87050414690705,-0.2097726859584822,1.1564769545481943,0.5020624321615856,0.0,0.0,0.0,0.0,1.278088499268853,287.0133417230451,99241.79281255377,1.204578104552391,339.6204523261815
10.15,176.08690711150368,-1.4010796991096144,0.18291118494940684,0.17413451206356018,0.0,0.0,0.0,0.0,1.4236585451323283,287.0054351037752,99227.42443763945,1.204436883661618,339.615774376212
10.2,177.85012488960044,-0.43460066869117886,1.0324099127552795,0.7752604669842227,0.0,0.0,0.0,0.0,1.3622689752214057,286.9939741882176,99206.5999764273,1.2042322016285119,339.6089934130411
10.25,178.83831051567097,-1.8857275549755328,-0.6177623710883116,-1.3649901753389244,0.0,0.0,0.0,0.0,2.4084843652177694,286.9875509816481,99194.93057014351,1.2041175003547961,339.6051930006297
10.3,180.70582242118732,-0.8775222566934406,0.5955357252598601,0.25241541006052576,0.0,0.0,0.0,0.0,1.0901475360193957,286.97541215426224,99172.88030411692,1.2039007562179427,339.5980107162487
10.35,181.7659628240566,-0.6730488050722201,1.1358698629411175,0.5467912934626206,0.0,0.0,0.0,0.0,1.4290471504305036,286.9685212416436,99160.3646786648,1.2037777292043192,339.5939334431334
10.4,183.4450059854836,-0.6676474156621311,1.0559045897146417,0.5803896987658262,0.0,0.0,0.0,0.0,1.3775121693307304,286.9576074610943,99140.54513307664,1.2035828995365956,339.587475785533
10.45,185.07159967898272,-1.2592211340865782,0.4237047530829906,-0.15960355197265894,0.0,0.0,0.0,0.0,1.338146806638829,286.9470346020866,99121.34776384676,1.2033941789081066,339.5812197332776
10.5,186.4840022386385,-1.2289886388006486,0.5296309623719364,-0.15639392171106353,0.0,0.0,0.0,0.0,1.3473607866315023,286.93785398544884,99104.68076097996,1.2032303275238077,339.57578738940197
10.55,187.86581212645436,-0.48163434417954654,1.2258558220359708,0.4582909139974678,0.0,0.0,0.0,0.0,1.3945338646893384,286.92887222117804,99088.37696195656,1.2030700416818854,339.5704726261175
10.6,188.84424013737396,-0.2682676642966958,1.238795456580199,0.6764493531963354,0.0,0.0,0.0,0.0,1.4367203800290052,286.92251243910704,99076.83392778832,1.2029565568179539,339.56670931336004
10.65,189.96764083439223,-1.8057528886793255,0.175027953804207,-0.5501151501062629,0.0,0.0,0.0,0.0,1.8957861055411953,286.91521033457644,99063.58191676383,1.2028262671167578,339.5623883429321
10.7,191.62699793173798,0.2784452423861653,0.2801590225778468,1.4476380933983242,0.0,0.0,0.0,0.0,1.5005588560257141,286.9044245134437,99044.01021024113,1.2026338380454065,339.5560058064319
10.75,192.63697437418122,-0.18128844712166348,1.111933823961928,0.22356492531715821,0.0,0.0,0.0,0.0,1.148583303797529,286.8978596665678,99032.09932082675,1.2025167266073957,339.5521209832205
10.8,193.7823400653073,-0.7606370210844928,0.5021210411992097,-0.08151054964856468,0.0,0.0,0.0,0.0,0.9150618490371462,286.89041478957546,99018.59315773113,1.2023839267175827,339.5477153383405
10.85,195.286828888719,-1.165822132187703,0.07238213479399147,-0.4707014301436373,0.0,0.0,0.0,0.0,1.2593411982760203,286.88063561222333,99000.85447763436,1.2022095051989785,339.5419282408053
10.9,196.7071644005723,-0.728132332390784,1.1215216324663966,0.4028205567110039,0.0,0.0,0.0,0.0,1.396514184128431,286.87140343139623,98984.11036881468,1.2020448576804228,339.53646475301474
10.95,197.33295549703348,-0.8138078735981329,0.626027662413221,-0.1475707304512695,0.0,0.0,0.0,0.0,1.037290224441934,286.86733578926925,98976.73374517013,1.2019723204707071,339.53405754597526
11.0,199.04245643307,-1.615007247872464,0.24284095464150335,-0.2893545232717417,0.0,0.0,0.0,0.0,1.6585976546678234,286.856224033185,98956.58496828118,1.2017741844679117,339.52748158612445
11.05,200.159506234011,-1.2400028544948682,-0.11051437526390812,-0.9421302923800403,0.0,0.0,0.0,0.0,1.5612270796125378,286.8489632094789,98943.42082230402,1.2016447287293255,339.52318454708404
11.1,201.26709409108852,-2.3111065797813994,0.9242020646891286,0.3810655159100969,0.0,0.0,0.0,0.0,2.5180496434543054,286.8417638884079,98930.36958301367,1.2015163800760338,339.5189238523156
11.15,202.26723993695074,-5.673267785882702,1.873456776888982,1.8912191639122222,0.0,0.0,0.0,0.0,6.266778884814313,286.8352629404098,98918.58558225687,1.2014004909475187,339.51507642203825
11.2,203.29345200925212,-0.04517985383816192,0.41776047474226846,-0.4722278976493242,0.0,0.0,0.0,0.0,0.6321109244175612,286.82859256193984,98906.49564328753,1.2012815903560339,339.51112867307717
11.25,204.41743258117202,-1.549828411699123,0.5514325794844797,-0.13883162572911842,0.0,0.0,0.0,0.0,1.6508543896205152,286.82128668822236,98893.25525376071,1.2011513722874594,339.5068047644935
11.3,205.7492685170602,-0.8959696576746297,0.25397666839257227,-0.5040296734112869,0.0,0.0,0.0,0.0,1.0589200570583561,286.8126297546391,98877.56820476777,1.2009970872445979,339.5016811732997
11.35,206.88849097680492,-1.8037998437046143,-0.2711223802265957,-0.8816930039606118,0.0,0.0,0.0,0.0,2.0259772393690936,286.80522480865073,98864.15145536666,1.2008651273253246,339.4972985074439
11.4,207.88618513598215,-0.9777084312291863,0.4387911654867826,-0.4138733724949954,0.0,0.0,0.0,0.0,1.1488005187439057,286.7987397966161,98852.40271133176,1.200749570210069,339.4934602640618
11.45,208.76663679251027,-2.478861461962212,-0.9664110122303093,-1.646571125730043,0.0,0.0,0.0,0.0,3.1288817274306404,286.79301686084864,98842.03554207266,1.2006475996788475,339.490073029933
11.5,210.0025340305361,-0.3007440886634404,1.1444186174643833,0.478796072464544,0.0,0.0,0.0,0.0,1.2764743075646163,286.7849835288015,98827.48454653364,1.2005044739814292,339.48531828448705
11.55,210.8923033171542,-0.6894043936269454,0.807388882598413,0.12570973241125047,0.0,0.0,0.0,0.0,1.0690922142259565,286.7792000284385,98817.00980702022,1.2004014404460783,339.48189512171126
11.6,212.03038884341413,-2.002888458325261,-0.5460242010580361,-1.2985564243078052,0.0,0.0,0.0,0.0,2.4486635930124576,286.7718024725178,98803.6130942956,1.2002696622387223,339.47751657456007
11.65,212.4081633413333,-0.9745421771242824,0.4404405338784693,-0.2708579614736949,0.0,0.0,0.0,0.0,1.1032154613542056,286.76934693828133,98799.1665335632,1.2002259224138272,339.476063153335
11.7,213.32471665707882,-0.8178945447390069,0.733872119159385,-0.03846944411295472,0.0,0.0,0.0,0.0,1.0995452113140567,286.76338934172895,98788.3789987202,1.2001198062861258,339.47253684909566
11.75,214.3203221872382,-1.0956765813706937,0.327767347467736,-0.28370052345092794,0.0,0.0,0.0,0.0,1.1783143010404893,286.7569179057829,98776.66212570094,1.2000045458344233,339.46870636156876
11.8,215.46460905263825,-0.21173780070621365,0.3121603660498572,-0.5421743153402206,0.0,0.0,0.0,0.0,0.6604770840800778,286.7494800411578,98763.1968729766,1.1998720831244718,339.46430378486053
11.85,216.12670342029398,-0.6481830616909132,0.7049010903688805,-0.2638633685821108,0.0,0.0,0.0,0.0,0.9933029275833942,286.74517642776806,98755.40643906263,1.1997954441532828,339.46175638947483
11.9,216.71918692478025,-1.239095750416333,-0.1598244026310115,-1.097676721324541,0.0,0.0,0.0,0.0,1.6630683398206971,286.74132528498893,98748.43549278856,1.1997268659773634,339.4594768043433
11.95,217.42564399913576,-0.37291826400769634,0.9165805713741166,-0.14411518459416817,0.0,0.0,0.0,0.0,0.9999785807114207,286.7367333140056,98740.12409557315,1.199645099624623,339.4567586849604
12.0,218.37466720659694,-0.7625058109389788,0.6684321519859445,-0.2204234506072068,0.0,0.0,0.0,0.0,1.0376912600103454,286.7305646631571,98728.95982352007,1.1995352650309752,339.4531072492679
12.05,218.94547074712966,-1.2896689690144159,0.16548702365026702,-0.639147437424282,0.0,0.0,0.0,0.0,1.44884141692642,286.72685444014365,98722.24540519081,1.1994692071536932,339.4509110222869
12.1,220.09813565298566,-1.0462622053957582,0.4233649739873123,-0.4443021213590122,0.0,0.0,0.0,0.0,1.2129743932511485,286.71936211825556,98708.68762149743,1.1993358201850342,339.446475978855
12.15,220.29244217421632,-1.2851735204984256,0.05636561711153093,-0.6343334495810675,0.0,0.0,0.0,0.0,1.4343036588672908,286.7180991258676,98706.40231325553,1.1993133360534107,339.44572835095806
12.2,221.17363906942714,-0.1895946948650643,1.4673516569696277,0.41379370030120777,0.0,0.0,0.0,0.0,1.536324269137689,286.7123713460487,98696.03878025248,1.1992113726173432,339.44233777305476
12.25,221.60724997421872,-1.65824232693961,0.2224238103857754,-0.9292737189589698,0.0,0.0,0.0,0.0,1.9138415846220016,286.70955287516756,98690.93951592434,1.1991612018636688,339.4406693576119
12.3,222.2254761608683,0.22500412424405358,1.5712929671808435,0.9290300035188216,0.0,0.0,0.0,0.0,1.8392077620750176,286.70553440495434,98683.66954476063,1.1990896730591474,339.43829057918464
12.35,222.74998150298651,-0.7198423194411095,0.681478762589177,-0.09044171043401236,0.0,0.0,0.0,0.0,0.9953722779466293,286.70212512023056,98677.50201484516,1.1990289903210205,339.4362724018561
12.4,223.37706108786793,-0.6948262193614239,0.8554926284818504,0.056596738642517574,0.0,0.0,0.0,0.0,1.1035643630182357,286.69804910292885,98670.12874917188,1.1989564433213344,339.4338595264091
12.45,223.65434438414704,-0.6038666422997451,0.8967381272251568,0.10029108302059492,0.0,0.0,0.0,0.0,1.0857497372024059,286.696246761503,98666.86856616089,1.1989243654156818,339.43279259088274
12.5,223.8066077127542,-1.9250722774496958,-0.39555412542003676,-1.3047019888424318,0.0,0.0,0.0,0.0,2.3589433268375832,286.69525704986705,98665.0783536363,1.1989067508989821,339.43220670795233
12.55,224.6910317249417,-1.7568337661343367,-0.362293141309754,-1.0371031533700956,0.0,0.0,0.0,0.0,2.0720289941986922,286.68950829378787,98654.68039524322,1.198804440608065,339.428803577458
12.6,225.03787832716313,-0.9761196310973685,0.4409387312335377,-0.3424025265314402,0.0,0.0,0.0,0.0,1.1244892125274562,286.6872537908734,98650.60284617958,1.1987643191690114,339.4274689546182
12.65,225.26765521791546,-0.7371128993100072,0.6858371827783862,-0.11241254626803096,0.0,0.0,0.0,0.0,1.0130866933135882,286.6857602410835,98647.90165068142,1.1987377403204684,339.4265847986634
12.7,225.3635081089848,-0.6320191339742867,0.719263750366554,0.04502135689914222,0.0,0.0,0.0,0.0,0.9585486168567601,286.68513719729157,98646.77484750615,1.1987266529180534,339.426215966704
12.75,225.61352846234396,-0.45262647189430744,0.8791580858186385,0.19104710641120426,0.0,0.0,0.0,0.0,1.007118989885443,286.6835120649947,98643.8357705134,1.1986977331760476,339.42525391249166
12.8,226.11822354744808,-0.8357495854199601,0.68554951928698,0.06371048986932884,0.0,0.0,0.0,0.0,1.0828271050558507,286.68023154694157,98637.9031187073,1.1986393569484068,339.4233118861599
12.85,226.67840547789172,-0.8477345671896803,0.269151234476451,-0.3589433997549603,0.0,0.0,0.0,0.0,0.9591332794018365,286.6765903643937,98631.31856162506,1.19857456530783,339.42115633787313
12.9,227.3480104128552,-1.2531826062931601,0.5295951049672745,-0.09915033220853117,0.0,0.0,0.0,0.0,1.3640998527593493,286.6722379323164,98623.44827864904,1.1984971211230726,339.4185797181115
12.95,227.24033458276793,-0.9411047931491531,-0.5327275050941681,-1.1597429706423306,0.0,0.0,0.0,0.0,1.58571138115562,286.672937825212,98624.71382529022,1.1985095742778802,339.4189940528048
13.0,227.5386771239847,0.37226116550957566,0.659387537202461,0.07453371825115485,0.0,0.0,0.0,0.0,0.7608715888511131,286.6709985986941,98621.207347307,1.1984750699726872,339.41784603473224
13.05,227.85495905750713,-1.0011483587616616,0.8912662763866545,-0.6698763711453942,0.0,0.0,0.0,0.0,1.4984618661461568,286.6689427661262,98617.49013438985,1.1984384917471014,339.4166289818799
13.1,228.22368457579333,-1.2295996794582948,-0.9636222410581571,-1.4838244807711272,0.0,0.0,0.0,0.0,2.1545807677879223,286.6665460502573,98613.15670331658,1.1983958494627125,339.4152101206086
13.15,228.0045934571862,0.022141368497267888,1.5690094014247338,0.761519399009795,0.0,0.0,0.0,0.0,1.7441882172020233,286.66797014252825,98615.73154384011,1.198421186722327,339.4160531872024
13.2,228.71076604402825,-1.0414642927259605,0.39640155612286376,-0.4405555240072122,0.0,0.0,0.0,0.0,1.198278446961758,286.6633800207138,98607.43253531597,1.1983395213559664,339.41333581479125
13.25,227.9161913739284,-1.0281105368513557,-0.6601978064880274,0.1112417592813722,0.0,0.0,0.0,0.0,1.2268851407871888,286.6685447560694,98616.77049350152,1.1984314102858016,339.4163933594275
13.3,228.45267338919666,-1.3936788514328624,-0.19023160850551835,-0.6826618395146304,0.0,0.0,0.0,0.0,1.563507592861422,286.6650576229702,98610.46559957547,1.1983693680010863,339.4143289652678
13.35,228.21370609229956,-1.3888584146885463,0.09326809533823316,-0.5859718879753583,0.0,0.0,0.0,0.0,1.5102945696640142,286.66661091040004,98613.2739729923,1.1983970034368074,339.41524851803945
13.4,228.33592180708712,-0.7375421485159793,0.7966979356401616,0.14617283808882697,0.0,0.0,0.0,0.0,1.0954736510230652,286.6658165082539,98611.8376706091,1.1983828697075067,339.41477822889794
13.45,227.80851962445033,-0.45616053658696376,1.1194758327898364,0.35020219621248166,0.0,0.0,0.0,0.0,1.2585508148548672,286.66924462244106,98618.03592279753,1.198443862446337,339.41680768108756
13.5,227.54906446133248,-1.3359783363516493,0.13655232562088793,-0.6199934285598089,0.0,0.0,0.0,0.0,1.4791472219798611,286.6709310810013,98621.08526472693,1.1984738686563332,339.4178060643283
13.55,227.65976698309993,-2.164414465465109,-0.5299378789869471,-1.320632713370912,0.0,0.0,0.0,0.0,2.590288574179567,286.67021151460983,98619.78418341448,1.1984610657453612,339.4173800814806
13.6,227.79183740714174,-1.5515665471421658,0.050729240758502714,-0.7338957946548762,0.0,0.0,0.0,0.0,1.7171299436823961,286.66935305685354,98618.231984376,1.1984457917416487,339.4168718743335
13.65,227.42996365819573,-1.496936297437784,0.03972312571448822,-0.7185462434925532,0.0,0.0,0.0,0.0,1.66093495036396,286.6717052362217,98622.48506614962,1.1984876429578555,339.4182643631312
13.7,227.80761678274067,-0.07571552826010508,1.511298424756541,0.6976617230197295,0.0,0.0,0.0,0.0,1.6662795832807191,286.6692504909122,98618.04653364337,1.198443966859751,339.4168111552268
13.75,227.03777927431088,-0.8424071543702052,0.8628723235581348,0.018618486555511016,0.0,0.0,0.0,0.0,1.2060452348640738,286.67425443471694,98627.09455481083,1.1985330009047919,339.41977348068525
13.8,226.91887621694661,-0.9887900011641909,0.6119535218418964,-0.22745658523414494,0.0,0.0,0.0,0.0,1.1848752159883162,286.67502730458983,98628.49210104893,1.1985467528554918,339.4202310159127
13.85,226.38495136736788,-1.0817283627998633,0.5148861052843017,-0.2063398799296735,0.0,0.0,0.0,0.0,1.2156562418504262,286.6784978161121,98634.76787044787,1.1986085063991574,339.42228553434876
13.9,225.65774025678755,-0.43750137862981153,1.0207689556592174,0.45176835474528687,0.0,0.0,0.0,0.0,1.1989459385184382,286.6832246883309,98643.31605273261,1.198692619273177,339.4250837894859
13.95,225.23928218769652,-1.4753357516542274,0.4714395138429999,-0.5218805075280659,0.0,0.0,0.0,0.0,1.634389812578205,286.68594466577997,98648.23519317358,1.1987410222730812,339.426693975057
14.0,224.93145253548508,-1.5204398520017859,0.5017311993058216,-0.4031357003904024,0.0,0.0,0.0,0.0,1.6510572167073225,286.68794555851935,98651.85397953587,1.1987766298504359,339.42787846846375
14.05,224.4323539979924,-0.4157131886944482,1.2194372330314875,0.4214974707271383,0.0,0.0,0.0,0.0,1.3555459189519812,286.691189699013,98657.72151466466,1.1988343637918368,339.42979893395096
14.1,224.1768486923801,-1.6292902204807245,-0.40642658768837187,-0.8363805927110775,0.0,0.0,0.0,0.0,1.8759801943511756,286.6928504834995,98660.72541234274,1.1988639205588887,339.43078208053544
14.15,223.48994670123693,-1.2409442028731954,0.32982368415783814,-0.7337393126872918,0.0,0.0,0.0,0.0,1.4788845648862725,286.69731534644194,98668.80147600827,1.1989433839121453,339.43342516357256
14.2,222.53527957148412,-2.1890328783348685,-0.640831391384237,-1.2637551640217746,0.0,0.0,0.0,0.0,2.607605593107631,286.7035206827853,98680.02660456361,1.1990538300148492,339.4370985275342
14.25,222.29632295049484,-0.8266315677094489,0.5083223129314633,0.09481646096906551,0.0,0.0,0.0,0.0,0.9750392216872469,286.7050739008218,98682.83645647224,1.1990814762900743,339.43801797754367
14.3,221.7321563191262,-1.4870153757860658,0.1585484808606476,-0.627467027641846,0.0,0.0,0.0,0.0,1.6217481985145186,286.7087409839257,98689.47065686136,1.1991467499294184,339.4401887508464
14.35,221.71086146933163,-2.192742408076546,-0.9567815126047632,-1.3724677752819767,0.0,0.0,0.0,0.0,2.758118548073495,286.70887940044935,98689.72107629993,1.1991492137801738,339.4402706878761
14.4,221.25217231214145,-1.2131276170197427,0.06037102141296771,-0.20847554907667837,0.0,0.0,0.0,0.0,1.2323900883913612,286.7118608799711,98695.11521348183,1.1992022858449245,339.4420355993553
14.45,220.40608447314926,-1.6394663890751175,-0.43942578633863555,-0.42478708894926304,0.0,0.0,0.0,0.0,1.7496825807969634,286.7173604509245,98705.06574553478,1.199300186112013,339.4452910918239
14.5,219.74366305492478,-1.1364709863534683,0.1542461693728813,-0.4533486100620071,0.0,0.0,0.0,0.0,1.2332409115150966,286.72166619014297,98712.8568104214,1.199376838725859,339.447839869151
14.55,219.07276507527237,-1.3723485313550174,0.13603036675376895,-0.1554510103098968,0.0,0.0,0.0,0.0,1.3878075402583048,286.72602702701073,98720.74807988293,1.1994544760319115,339.45042124196107
14.6,218.52920325801932,-1.5965963917653787,-0.4460644137785209,-0.3171967635138385,0.0,0.0,0.0,0.0,1.6878113894098048,286.72956017882285,98727.14196420634,1.1995173806283372,339.45251265687153
14.65,217.15545370370788,-0.5365824828261916,0.6907147065898541,0.24146193553085482,0.0,0.0,0.0,0.0,0.9073651046220231,286.73848955092586,98743.30279062958,1.1996763713325838,339.4577982545556
14.7,216.69312396982414,-1.569574657195453,-0.2193909560969663,-0.11070065304997462,0.0,0.0,0.0,0.0,1.5886949457693427,286.74149469419615,98748.74213169634,1.1997298826226137,339.45957708209767
14.75,215.6227317399202,-1.3255142462660878,-0.05577279794028639,-0.36913827285945155,0.0,0.0,0.0,0.0,1.3770844877980806,286.7484522436905,98761.33630090111,1.1998537797132902,339.46369541259037
14.8,215.3443611126081,-0.5923369446767957,0.45755037869590454,0.3999221339920658,0.0,0.0,0.0,0.0,0.8486183584689732,286.750261652768,98764.61180569365,1.1998860025065516,339.4647664344532
14.85,213.98125610656692,-2.047938579489418,-0.6873693888588988,-0.9316287413478882,0.0,0.0,0.0,0.0,2.352543562573676,286.75912183530727,98780.65232893123,1.2000437982909615,339.47001088749346
14.9,214.1022243836846,-1.3059569421819086,0.039786870413028294,-0.20403202213507665,0.0,0.0,0.0,0.0,1.3223976693668635,286.758335541506,98779.22873301442,1.2000297941173634,339.4695454736183
14.95,212.84293693486987,-1.6796017494958555,-0.28078923808212486,-0.5862091528341771,0.0,0.0,0.0,0.0,1.8009846762254371,286.7665209099233,98794.04927066326,1.2001755845779496,339.4743904303694
15.0,211.47080510672615,-0.9372395404934346,0.654549695012725,-0.0511432092233286,0.0,0.0,0.0,0.0,1.1443202730683648,286.77543976680624,98810.19992210469,1.2003344547045716,339.47966946355774
15.05,211.07411565691984,-1.363061620585896,0.16180672023643228,-0.3438466779941267,0.0,0.0,0.0,0.0,1.4150437923242931,286.77801824823,98814.86954605403,1.2003803877667594,339.48119564037154
15.1,210.05545237842387,-1.1208402875063217,0.4182814895792219,-0.1589614681944423,0.0,0.0,0.0,0.0,1.2068600179773954,286.7846395595402,98826.86154426647,1.2004983459514875,339.4851146954641
15.15,209.3479758014138,-1.7961397219070885,-0.22669878608473043,-0.8065852682269705,0.0,0.0,0.0,0.0,1.9819409767057992,286.7892381572908,98835.19085619498,1.200580274857622,339.48783651004413
15.2,208.47043946694845,-0.8880830058123623,0.7099701418495352,0.0627999235466663,0.0,0.0,0.0,0.0,1.1387242238259607,286.7949421434648,98845.52311718187,1.2006819033766352,339.4912125507731
15.25,207.2565368334154,-0.36546019732064916,1.1659924218210795,0.605715934896571,0.0,0.0,0.0,0.0,1.3638149718189272,286.8028325105828,98859.81725351748,1.2008224977227362,339.49588259804847
15.3,206.23452486142736,-0.28233266575433824,1.2157015613489546,0.8063269968676138,0.0,0.0,0.0,0.0,1.4858685158168543,286.8094755884007,98871.85310667992,1.2009408770351642,339.49981436623875
15.35,205.1398210140335,-1.4387400442807192,0.2760257259538447,0.07750767966281225,0.0,0.0,0.0,0.0,1.4670277968777368,286.81659116340876,98884.74634099474,1.2010676861266179,339.50402573583585
15.4,204.26564359259345,-1.1418987208545683,0.46589938917137214,0.2698771566534395,0.0,0.0,0.0,0.0,1.2624692507950053,286.82227331664814,98895.04323049576,1.2011689570753903,339.50738869391546
15.45,203.28697849709138,-1.0320561524178382,1.0016747453596553,1.101840449174551,0.0,0.0,0.0,0.0,1.811779394041123,286.8286346397689,98906.57190483279,1.2012823403720292,339.5111535762616
15.5,201.7582534812249,-1.612925428669824,0.4063421965633853,0.028886960525437863,0.0,0.0,0.0,0.0,1.6635735257709805,286.838571352372,98924.58246235934,1.2014594672740546,339.51703443182015
15.55,200.49511478638235,-1.3347419637419495,0.535931230771753,0.128261084434995,0.0,0.0,0.0,0.0,1.4440253805493455,286.8467817538885,98939.46603844852,1.2016058368868712,339.52189352593325
15.6,199.7647244278701,-0.8148586967292594,0.7763306572168142,0.4551101052422698,0.0,0.0,0.0,0.0,1.2140054336219535,286.8515292912188,98948.07306280948,1.2016904790697045,339.5247031900067
15.65,197.9567732462831,-1.2964700916318337,0.32273639994749115,0.11317124667219486,0.0,0.0,0.0,0.0,1.3408210967240413,286.8632809738991,98969.3808257472,1.2019000153301946,339.53165791275023
15.7,196.8526948399434,-1.979290242049417,0.04651942854392721,-0.49685967581004054,0.0,0.0,0.0,0.0,2.0412308681161355,286.87045748354035,98982.39486320083,1.2020279885381941,339.53590494807816
15.75,196.06681151466753,-1.7050607939348803,-0.4389422953187431,-0.6968941049983763,0.0,0.0,0.0,0.0,1.8935585660905814,286.8755657251546,98991.6591029611,1.2021190862548878,339.5389279566746
15.8,195.02239971593536,-1.011396362192161,0.0747517051666263,-0.3845442754095869,0.0,0.0,0.0,0.0,1.0846127044393032,286.8823544018464,99003.97204420764,1.2022401601480674,339.542945389048
15.85,193.7392076524772,-1.5677493304112162,-0.2141466842023044,0.3725213210038078,0.0,0.0,0.0,0.0,1.6255672548258593,286.89069515025886,99019.1017485243,1.202388927519378,339.54788124804213
15.9,192.2405383175679,-0.984226908569718,0.6110044691170228,1.5100441695576086,0.0,0.0,0.0,0.0,1.903224228210803,286.90043650093577,99036.77444606838,1.2025626941608045,339.55364585972427
15.95,190.96117961964674,-2.037563555896769,0.03308387829464926,-0.42776867587515355,0.0,0.0,0.0,0.0,2.0822453811646895,286.90875233247226,99051.86299639328,1.2027110475290197,339.55856681852487
16.0,190.13529996479656,-1.1608496535457222,0.5356539754728061,0.43354272388198556,0.0,0.0,0.0,0.0,1.3499838491656322,286.9141205502288,99061.60427657889,1.2028068232816642,339.5617434657804
16.05,188.62720097275263,-1.2584398108449881,0.35638652395035475,-0.1270952005052232,0.0,0.0,0.0,0.0,1.3140910554312624,286.92392319367707,99079.39435994189,1.2029817298180785,339.56754411139326
16.1,187.50214084726312,-1.0622789941901125,0.5528564853753614,0.19745656773147552,0.0,0.0,0.0,0.0,1.2137034444457382,286.93123608449275,99092.6676625046,1.2031122248859434,339.5718713987881
16.15,185.97153595662047,-2.4050652341034113,-0.44515533918308436,-0.8098073081750395,0.0,0.0,0.0,0.0,2.576487906563857,286.94118501628196,99110.72783757979,1.2032897762429033,339.5777584331654
16.2,184.63092533218207,-2.091906919573334,-0.14447446238647388,-0.64814911835261,0.0,0.0,0.0,0.0,2.194776687971221,286.9498989853408,99126.54838929336,1.2034453045844562,339.5829146250425
16.25,183.83361557930556,-1.1246111597959387,0.35079434679359034,0.5969407938963784,0.0,0.0,0.0,0.0,1.320660912534912,286.9550814987345,99135.95841478533,1.2035378102219205,339.5859811622035
16.3,181.64081837998137,-1.7777891620490742,0.979849308515869,0.6066202483781684,0.0,0.0,0.0,0.0,2.118638028980073,286.9693346805301,99161.84202110069,1.2037922514471995,339.59441474804123
16.35,180.7876276864479,-2.019310999438946,0.6117810703103512,-0.08116863994586851,0.0,0.0,0.0,0.0,2.111511624063637,286.97488042003806,99171.914495874,1.2038912625503797,339.5976960970152
16.4,179.25817339774719,-2.3706925179620746,-0.4669272296337564,-0.6129395144322926,0.0,0.0,0.0,0.0,2.492769323633318,286.9848218729146,99189.97277887589,1.2040687683090407,339.60357825863406
16.45,177.47644398180955,-1.4181898880419748,0.7154275858718646,0.40005975980680525,0.0,0.0,0.0,0.0,1.638031440659071,286.9964031141182,99211.01303450143,1.2042755779206238,339.6104305221951
16.5,176.30702283649484,-2.4762287810569212,-0.5529000269821063,-0.6564630185435225,0.0,0.0,0.0,0.0,2.62075392028453,287.00400435156274,99224.82457032228,1.2044113302115458,339.6149278650197
16.55,174.73126557777783,-1.6361745004154764,0.40960666875702856,0.32220446344249964,0.0,0.0,0.0,0.0,1.7171663679336178,287.01424677374445,99243.43763152417,1.2045942705583528,339.62098779516657
16.6,172.9583619847173,-2.0115341138248577,-0.3778324965008954,-0.22112397473514048,0.0,0.0,0.0,0.0,2.0586215530533827,287.0257706470993,99264.38279213621,1.2048001243732858,339.62780576676846
16.65,171.67133965343504,-1.6669466249945908,0.043809130688489004,-0.07691485619577378,0.0,0.0,0.0,0.0,1.6692951163937892,287.03413629225264,99279.58997251796,1.2049495788316844,339.63275512201056
16.7,170.14624332402008,-1.3575133376150865,0.34597038400983676,0.24876340245319137,0.0,0.0,0.0,0.0,1.4228215625351108,287.04404941839385,99297.61262642535,1.205126697807527,339.63861991795034
16.75,168.20811435712903,-1.2165668401974061,0.3228168061876682,0.6469104219165243,0.0,0.0,0.0,0.0,1.415181494017401,287.0566472566786,99320.52006948224,1.2053518135857952,339.6460728950674
16.8,166.65646626188672,-0.9649866804354017,0.2602413616541988,0.6711212903313325,0.0,0.0,0.0,0.0,1.203880661057964,287.06673296929773,99338.86264029295,1.2055320623787182,339.65203956162503
16.85,165.0603756007632,-1.8826864614118033,-0.48162680432564964,0.04836925256704999,0.0,0.0,0.0,0.0,1.9439167356710858,287.077107558595,99357.73344398329,1.2057174954026568,339.6581770170896
16.9,163.60166045581164,-2.156338291014164,-0.13210181531535786,-0.13918475761659732,0.0,0.0,0.0,0.0,2.164859836492028,287.0865892070372,99374.98257630733,1.2058869872909963,339.6637861247973
16.95,161.90316411867767,-2.17161516812012,-0.5597931408629784,-0.49834239107226525,0.0,0.0,0.0,0.0,2.297308411534298,287.0976294332286,99395.07014794987,1.2060843629443974,339.67031713167336
17.0,160.04937187209111,-1.3966502941776682,0.6453201069393542,0.5664336113619807,0.0,0.0,0.0,0.0,1.6394868467686352,287.1096790828314,99416.99810700065,1.2062998131383706,339.6774451343766
17.05,158.70961046710963,-1.543857130861055,0.38284687557479063,0.292254745234374,0.0,0.0,0.0,0.0,1.6172443868382775,287.1183875319638,99432.84818596201,1.2064555403144532,339.6825965478218
17.1,156.58966057373132,-1.776855182142576,0.12362196075105514,-0.0647663997286744,0.0,0.0,0.0,0.0,1.7823275271455234,287.1321672062707,99457.93248372017,1.2067019841263584,339.69074764435965
17.15,154.88349551408874,-1.1114448231103549,1.135383254597981,0.964265809428973,0.0,0.0,0.0,0.0,1.8585513931215418,287.1432572791584,99478.12439553252,1.206900353491375,339.6973076177899
17.2,153.1930110576016,-2.2072604204479744,-0.38774364200521466,-0.4580822882993204,0.0,0.0,0.0,0.0,2.287396572185326,287.1542454281256,99498.13400613471,1.2070969243357441,339.7038071764884
17.25,151.93760385370317,-1.8950777180840426,0.4341616675232223,0.454674120050549,0.0,0.0,0.0,0.0,1.9966332829462972,287.1624055749509,99512.99588433042,1.207242919907653,339.70863387380297
17.3,149.98374212974602,-2.2650991024404137,0.10975088770532021,0.23408730940811828,0.0,0.0,0.0,0.0,2.2798061473849933,287.17510567615665,99536.12984751599,1.2074701680030313,339.7161458012808
17.35,147.80253783732235,-2.7014688585355136,-0.9491603054812605,-0.5149466686725244,0.0,0.0,0.0,0.0,2.90929705439568,287.18928350405736,99561.96071878316,1.2077238963225831,339.72453158665996
17.4,145.72034419033938,-2.738333857268067,-0.5844696218749523,-0.07408559136899812,0.0,0.0,0.0,0.0,2.8009937035994485,287.2028177627628,99586.62412209492,1.2079661452927681,339.73253652589926
17.45,143.91471977717836,-2.2656117170996013,-0.5346716582857733,-0.05235891260428119,0.0,0.0,0.0,0.0,2.328435459823219,287.2145543214483,99608.01559173135,1.2081762474204731,339.7394780492259
17.5,141.61903149569267,-1.5409107471188612,0.07668484227764882,0.7242884680680716,0.0,0.0,0.0,0.0,1.7043709339806135,287.22947629527795,99635.21828473969,1.2084434136573363,339.74830336409826
17.55,139.9520716119463,-3.229418630138696,-1.4115965026221882,-0.8490443653612043,0.0,0.0,0.0,0.0,3.6252759493938793,287.24031153452233,99654.97464811966,1.2086374384401417,339.75471151461386
17.6,138.27346824843818,-1.8716537263832063,-0.7657906161601459,-0.008323502683268189,0.0,0.0,0.0,0.0,2.022274021981194,287.2512224563851,99674.87221219882,1.2088328425405281,339.7611643030255
17.65,136.467753757008,-2.5780505303866414,-0.8290447072835312,-0.6388374727177462,0.0,0.0,0.0,0.0,2.7824041727344495,287.26295960057945,99696.28009760182,1.20904307046918,339.76810558774474
17.7,134.48165269625008,-2.737594531873804,-0.8103218932996299,-0.6531709157210767,0.0,0.0,0.0,0.0,2.9287672554933346,287.27586925747437,99719.8308791129,1.2092743319660604,339.77574012648586
17.75,132.60919532230213,-2.463873663330773,-0.4512796818298379,-0.30051774137440745,0.0,0.0,0.0,0.0,2.5228233574644534,287.288040230405,99742.03822229675,1.2094923917889457,339.782937663728
17.8,130.43900291501606,-2.5227876502033246,-0.8279828494364722,-0.5328177174969768,0.0,0.0,0.0,0.0,2.7081188760942605,287.3021464810524,99767.78171293739,1.20974516242609,339.7912794736506
17.85,128.70449212518577,-2.351988601824922,-0.889767254167402,0.1331839601303158,0.0,0.0,0.0,0.0,2.518188657932313,287.3134208011863,99788.36088231132,1.209947216610048,339.7979464584398
17.9,126.91775752442763,-2.6479213679268985,-0.3529928237018657,0.31893668934904534,0.0,0.0,0.0,0.0,2.6903182183752543,287.3250345760912,99809.56325698183,1.2101553813711905,339.8048140404926
17.95,124.47556097113913,-2.049477436435265,-0.15293359614390856,0.17203522714341452,0.0,0.0,0.0,0.0,2.062363344967385,287.34090885368755,99838.54960383274,1.21043995550207,339.81420076422853
18.0,122.83748924210883,-1.9041375738767683,0.12191683140370757,0.2545142273223527,0.0,0.0,0.0,0.0,1.9249366498506697,287.35155631992626,99857.99563988578,1.210630858600559,339.820496642402
18.05,120.0273048412428,-2.343516124900251,-0.20073182572023707,0.10762927306740061,0.0,0.0,0.0,0.0,2.354558377689006,287.3698225185319,99891.36331749787,1.2109584149496009,339.83129722778983
18.1,118.34187369625167,-2.0714287952910895,0.015437705368805843,0.018617711800204773,0.0,0.0,0.0,0.0,2.0715699833461634,287.38077782097434,99911.38018671307,1.2111549020808454,339.8377748027946
18.15,116.02283759905035,-2.3776069855554005,-0.636710257383698,-0.04728901046362735,0.0,0.0,0.0,0.0,2.461838983388248,287.39585155560616,99938.9273161746,1.211425294581644,339.84668729392
18.2,114.52916671735068,-2.8346088848308373,-0.02630890411773057,-0.6119934788837522,0.0,0.0,0.0,0.0,2.9000406387831945,287.4055604163372,99956.67343757254,1.2115994764784905,339.8524276278065
18.25,112.16370443709809,-1.5415504487795615,-1.1028540058176637,0.7014326437649099,0.0,0.0,0.0,0.0,2.0210572723254443,287.42093592115884,99984.7824262355,1.211875360047409,339.8615181491369
18.3,110.30948176635324,-4.683084629023928,0.09038570612990368,-2.068825197648153,0.0,0.0,0.0,0.0,5.120496940424504,287.4329883685187,100006.8207861215,1.2120916514038031,339.8686437958886
18.35,107.39353663504835,-0.8938117687909399,-0.9535667657680938,3.3378098338589535,0.0,0.0,0.0,0.0,3.5845729929535746,287.4519420118722,100041.48620271015,1.2124318502941136,339.8798492648705
18.4,105.12821928615024,-2.634886133779819,0.8898965276312758,-6.979081717743833,0.0,0.0,0.0,0.0,7.512797241428893,287.46666657464,100068.42352380295,1.2126961918433659,339.88855422969243
18.45,102.70453286661242,35.923973685814715,1.3253497319367262,-25.320219513051804,0.0,0.0,0.0,0.0,43.97046683263873,287.482420536367,100097.25054487382,1.2129790624165449,339.8978675145665
18.5,100.87827046242958,-8.748523683482626,47.04575201154127,-10.996970985095984,0.0,0.0,0.0,0.0,49.09962138162512,287.4942912419942,100118.97632196467,1.2131922404532876,339.9048849625733
18.55,97.84168337944958,117.58752257023221,45.70346143214381,-34.93003915886437,0.0,0.0,0.0,0.0,130.90355032131146,287.51402905803354,100155.10894482095,1.213546762095655,339.9165527854623
18.6,97.68780324597681,97.90579773913095,80.22267697268404,-57.609075855509715,0.0,0.0,0.0,0.0,139.0684319050341,287.5150292789011,100156.94025943358,1.2135647297160281,339.9171440458866
18.65,101.06157388036934,-142.87769886002906,-7.42974502271697,-91.1880393473105,0.0,0.0,0.0,0.0,169.65994360085818,287.4930997697776,100116.79551596905,1.2131708423093062,339.90418062224614
18.7,96.21781186524721,-134.58726040847793,-34.45274718659712,-6.974000386181845,0.0,0.0,0.0,0.0,139.1019738693506,287.5245842228759,100174.43587077243,1.2137363816704876,339.9227922067703
18.75,75.78341087187758,-169.2433869357455,20.587967471691652,-12.755543420535753,0.0,0.0,0.0,0.0,170.96751830114127,287.6574078293328,100417.89938367472,1.2161244457294504,340.0012977686614
18.8,61.527156103633445,-48.67950995277939,-38.29902927273073,136.2034950019668,0.0,0.0,0.0,0.0,149.62587471165216,287.75007348532637,100588.03759125716,1.2177926288818575,340.05605718991114
18.85,51.664546796848576,-121.58478261327608,-121.58686463404356,22.560658502042525,0.0,0.0,0.0,0.0,173.42205259626186,287.81418044582045,100705.87732125107,1.2189477175230787,340.09393510582026
18.9,39.26881470310499,-105.95763464227305,-58.385341563882506,-52.99231108042296,0.0,0.0,0.0,0.0,132.07593831641313,287.8947527044298,100854.14164205139,1.2204006688598208,340.1415356426339
18.95,44.12003828327575,-188.88931803660444,-29.670049114013484,10.318873823952782,0.0,0.0,0.0,0.0,191.4835905234601,287.8632197511587,100796.0955240706,1.2198318806146122,340.1229073752577
19.0,42.5078602667402,-143.36737454560844,-72.6298178976996,79.9239454755284,0.0,0.0,0.0,0.0,179.4913134174716,287.8736989082662,100815.3826400757,1.220020880093771,340.1290981087401
19.05,35.6607754923536,-114.39842988753192,-73.04142163603497,-101.35991416636249,0.0,0.0,0.0,0.0,169.3985898263559,287.91820495929966,100897.33029362881,1.2208238298302319,340.1553895310109
19.1,30.641270266765765,-139.7849079787469,-79.78946567342223,-100.24723783117041,0.0,0.0,0.0,0.0,189.61985134435741,287.950831743266,100957.43926697443,1.2214127181965937,340.1746621261882
19.15,24.66135734542888,-118.95636172325344,-98.81928536268654,104.55038411343943,0.0,0.0,0.0,0.0,186.6725742370671,287.9897011772547,101029.08704447585,1.222114565234241,340.1976208207567
19.2,20.5672061918775,-158.7050821497983,-67.58178833329758,-26.699405407081287,0.0,0.0,0.0,0.0,174.54930381869917,288.01631315975277,101078.16448061899,1.2225952631527257,340.21333861198013
19.25,15.300131868311423,-99.79497869609442,-111.92722841319407,-45.0780436150709,0.0,0.0,0.0,0.0,156.58471269372208,288.05054914285597,101141.33038013571,1.2232138877497225,340.2335582861272
19.3,30.741923394046047,-70.67103329375466,20.139273710102646,-95.71414974663195,0.0,0.0,0.0,0.0,120.66973006557235,287.9501774979387,100956.23365296311,1.22140090743669,340.174275675126
19.35,46.840991256143845,-77.15876624955237,-80.10377274181351,-29.003268502941125,0.0,0.0,0.0,0.0,114.9403288688477,287.84553355683505,100763.55047649375,1.2195129476046058,340.11245871106416
19.4,54.61896017767056,-27.29053217017984,-32.76774488201093,20.032310925681198,0.0,0.0,0.0,0.0,47.11466578261317,287.7949767588451,100670.56588736844,1.2186016147712675,340.08258895462006
19.45,60.77997567769335,-64.18343025473747,17.736383418558948,-1.138605243653447,0.0,0.0,0.0,0.0,66.59871198405986,287.75493015809496,100596.96108864335,1.2178801077974653,340.0589269268396
19.5,62.272574428182494,-5.158194937267762,-83.77977909142938,16.447898151426102,0.0,0.0,0.0,0.0,85.53473980330592,287.74522826621677,100579.13577716706,1.2177053610609816,340.05319419664994
19.55,60.583418123992644,-34.321773945187964,-1.4426404665584651,-17.531933345511018,0.0,0.0,0.0,0.0,38.56726675682082,287.75620778219405,100599.30866136395,1.217903121299694,340.05968185221593
19.6,57.53625479284453,-38.81973982400161,6.147909124156776,3.7306492535236178,0.0,0.0,0.0,0.0,39.4802068187957,287.7760143438465,100635.70793890921,1.2182599341723725,340.07138498315555
19.65,54.956252654718995,-32.23258197009044,-37.30923186144815,-0.04677431986353395,0.0,0.0,0.0,0.0,49.304364009556956,287.7927843577443,100666.53517285199,1.2185621065131347,340.08129358999844
19.7,52.379851294088375,-78.36547358003679,-34.32625722062812,2.7991613493219676,0.0,0.0,0.0,0.0,85.59950168347773,287.8095309665884,100697.3270128369,1.2188639143430406,340.09118807981906
19.75,50.5031029376078,-31.766993088591963,-34.67641373575506,-3.4887384235079115,0.0,0.0,0.0,0.0,47.15683211637071,287.82172983090555,100719.76175642408,1.219083798598275,340.0983954198344
19.8,48.9782519035163,-25.24834499182569,-9.745104263134978,-11.539522272252746,0.0,0.0,0.0,0.0,29.42119229734645,287.8316413626271,100737.99288183913,1.2192624760788795,340.10425124423097
19.85,48.517428459803234,-13.44265858086355,-13.577519630517074,3.8327637991829397,0.0,0.0,0.0,0.0,19.487026129686082,287.83463671501124,100743.50301464327,1.2193164779329086,340.10602090621916
19.9,47.82901561762051,-33.351796348356054,-16.30896726938191,-1.2772880645006628,0.0,0.0,0.0,0.0,37.14776168029108,287.83911139848544,100751.73492152274,1.219397153386854,340.1086645437151
19.95,46.54281821565555,-29.966620765017122,-15.560286514344243,3.8849542259830256,0.0,0.0,0.0,0.0,33.98843547180161,287.8474716815982,100767.11647935766,1.21954789446209,340.11360373364056
20.0,46.01052247740713,-37.37042183846396,-19.12346806760666,-2.3459970586127294,0.0,0.0,0.0,0.0,42.04472810610785,287.8509316038968,100773.48272854603,1.2196102831716586,340.1156478077097
20.05,45.67887818757505,-35.584136547058755,-22.817686155654656,6.2988711905938395,0.0,0.0,0.0,0.0,42.73819548803353,287.85308729178075,100777.44935403398,1.2196491553904938,340.1169213519785
20.1,45.439274835597,-32.49153436467486,-24.415041957634507,4.199023105216838,0.0,0.0,0.0,0.0,40.85860832434269,287.8546447135686,100780.31520422561,1.2196772400275824,340.11784144769854
20.15,45.852787897753736,-54.86975738020736,-30.0337171273456,1.4102560134709747,0.0,0.0,0.0,0.0,62.56758954500137,287.85195687866457,100775.36929434747,1.2196287712146818,340.1162535234518
20.2,45.163424698393925,-44.74684362890397,-24.72488779602422,-8.489414404123917,0.0,0.0,0.0,0.0,51.8234526850587,287.85643773946043,100783.61467705309,1.2197095738732027,340.1189007308429
20.25,45.524618485577385,-21.001305384308598,-7.1380590186427035,3.329373911776537,0.0,0.0,0.0,0.0,22.429700065828655,287.8540899798437,100779.29441746876,1.2196672365822647,340.11751372165446
20.3,45.66660602955746,-3.709727193610037,10.06423346254403,-7.458525508285721,0.0,0.0,0.0,0.0,13.064473728296504,287.85316706080783,100777.59613738202,1.2196505938354107,340.11696847809117
20.35,45.95282719727432,-26.204287019874748,-8.638205728963053,24.152390279923214,0.0,0.0,0.0,0.0,36.66907706323675,287.8513066232177,100774.17278280942,1.2196170456006763,340.1158693631811
20.4,46.53858338438792,-31.88581305367007,2.5372381737914043,28.99360935264654,0.0,0.0,0.0,0.0,43.171426139728275,287.84749920800147,100767.16712659212,1.219548390803711,340.113619995906
20.45,47.02723561592758,-27.42075598526309,-17.19750878491412,-11.029263626424752,0.0,0.0,0.0,0.0,34.19498242946933,287.84432296849644,100761.32313743014,1.2194911195440206,340.1117435069681
20.5,47.01662071274298,-48.42682437490467,-23.050398688620078,5.014278923348959,0.0,0.0,0.0,0.0,53.86669835680799,287.84439196536715,100761.45008242331,1.2194923636152724,340.11178426970463
20.55,47.13458899098103,-28.394465311655672,-16.56663560590591,0.32263819452506187,0.0,0.0,0.0,0.0,32.875571037447436,287.8436251715586,100760.03929188059,1.2194785377365207,340.11133125447947
20.6,46.026849319943146,-20.08623560315659,-13.50693078683273,1.4265903993313673,0.0,0.0,0.0,0.0,24.247251393782136,287.85082547942034,100773.28745490841,1.2196083695174909,340.11558511102464
20.65,45.6497567574307,-24.114068018616383,-16.13331774879575,-1.2356878553797768,0.0,0.0,0.0,0.0,29.039613331895424,287.85327658107667,100777.79766640681,1.2196525687754152,340.11703318069397
20.7,45.53088775893,-31.247765824383162,-15.095310587269255,-1.3440190748249397,0.0,0.0,0.0,0.0,34.72891674116981,287.85404922956695,100779.21943165512,1.2196665017399904,340.11748964716014
20.75,45.356380483712755,-26.062154920451878,-13.6605783690859,-2.6638779859841124,0.0,0.0,0.0,0.0,29.54561839596156,287.85518352685585,100781.3067031913,1.219686956441691,340.11815976795117
20.8,45.02962883670964,-20.24203450221754,-7.601259440757443,-0.7008739370986967,0.0,0.0,0.0,0.0,21.63354640715141,287.85730741256134,100785.21505508498,1.2197252570261163,340.1194145147937
20.85,44.110983994740344,-21.85368478121686,-13.539219034665706,-0.6207639140599043,0.0,0.0,0.0,0.0,25.715352193241348,287.8632786040342,100796.20383572122,1.2198329420079312,340.1229421438713
20.9,43.410212907807534,-23.240219547875306,-12.801879233049192,0.6443495012391249,0.0,0.0,0.0,0.0,26.54074420227829,287.86783361609923,100804.58707440885,1.2199150923784248,340.12563310533034
20.95,43.383931013749724,-36.620133965337686,-18.85823609062705,-0.9797947694723873,0.0,0.0,0.0,0.0,41.20227272711291,287.8680044484106,100804.90149247235,1.2199181734488023,340.12573402740753
21.0,43.15178406044375,-42.720149400602274,-24.155935921501207,1.2424598666311277,0.0,0.0,0.0,0.0,49.092403807245375,287.8695134036071,100807.67876954807,1.2199453886827725,340.12662546690984
21.05,42.46891046392337,-43.56081123245483,-26.16923737073729,0.1443173494040354,0.0,0.0,0.0,0.0,50.81726170596852,287.8739520819845,100815.84864876552,1.2200254465493199,340.12924767386164
21.1,42.59785004551869,-31.739956866784034,-21.51923275077528,2.8815334026058466,0.0,0.0,0.0,0.0,38.45523988792274,287.8731139747041,100814.30597842211,1.2200103297867773,340.128752552639
21.15,43.36269772654065,-28.00069864191637,-14.88911897278975,-6.531186882474938,0.0,0.0,0.0,0.0,32.378718169734846,287.86814246477746,100805.15551314053,1.2199206626669075,340.1258155628886
21.2,43.62601799326293,-18.117490626312026,3.629112852018241,-11.41204786892189,0.0,0.0,0.0,0.0,21.717475987088203,287.8664308830438,100802.00536444313,1.2198897934126107,340.12480441592146
21.25,43.43779929756279,-10.777974465632521,-17.343948880679186,-5.291437413677968,0.0,0.0,0.0,0.0,21.094468617633165,287.8676543045658,100804.25705113202,1.2199118583862385,340.1255271739771
21.3,42.5387226669611,-12.865485093070177,-4.8697045645192905,-2.3475939770171554,0.0,0.0,0.0,0.0,13.95513979530976,287.87349830266476,100815.01339306004,1.2200172618105731,340.1289795987573
21.35,41.5671191583656,-9.256438075900224,-8.145455411126152,-1.2046049793204365,0.0,0.0,0.0,0.0,12.388751465092168,287.8798137254706,100826.63847439126,1.2201311757704365,340.13271048497364
21.4,40.65050992202493,-20.95171025753509,-14.669910605377831,-4.708797739752941,0.0,0.0,0.0,0.0,26.006791729073015,287.8857716855068,100837.60655302108,1.2202386494817912,340.13623015970325
21.45,39.97746356224325,-36.05047682129908,-18.593586317982254,0.39996268646286703,0.0,0.0,0.0,0.0,40.56498861528056,287.8901464868454,100845.66079133675,1.2203175697174091,340.13881455762817
21.5,39.65578735676219,-43.74065252166621,-26.667011439351157,1.8995247980853993,0.0,0.0,0.0,0.0,51.263850582902684,287.892237382181,100849.51042309882,1.2203552902841668,340.1400497394817
21.55,39.386472854099125,-47.63986407085888,-29.219440620367074,2.2969900775861216,0.0,0.0,0.0,0.0,55.933965729899725,287.89398792644835,100852.73351229289,1.2203868714710204,340.141083857863
21.6,39.66602505424838,-46.368302887896924,-27.195701115726923,-2.4321099408924627,0.0,0.0,0.0,0.0,53.81022979549788,287.8921708371474,100849.38790251935,1.220354089772083,340.1400104285358
21.65,40.42377095124755,-27.64983218200032,-17.469257944285044,5.3554363078787555,0.0,0.0,0.0,0.0,33.14164888572222,287.88724548881686,100840.3198438961,1.2202652360596493,340.1371008058233
21.7,40.20814228397919,-13.87167932331332,-4.056011652068359,-5.179427575190349,0.0,0.0,0.0,0.0,15.352562905821125,287.8886470751541,100842.900237237,1.220290520295295,340.1379287878554
21.75,39.66203742400964,-1.4186707509808079,-6.416627453465774,9.899192655708267,0.0,0.0,0.0,0.0,11.881908508782907,287.89219675674394,100849.43562483405,1.220354557376952,340.1400257403305
21.8,39.560727116912425,-12.919835406167353,-0.7073171800077769,-27.664454841268764,0.0,0.0,0.0,0.0,30.5408661661746,287.89285527374005,100850.64807095569,1.2203664374594556,340.1404147537571
21.85,39.17860680940369,-10.569959745463375,1.2846341737251705,-7.178558472908774,0.0,0.0,0.0,0.0,12.841574503540798,287.8953390557389,100855.22125861087,1.2204112473270272,340.14188202326653
21.9,37.70537662443093,-0.08478977792693887,-3.9582761892293545,14.269313892670255,0.0,0.0,0.0,0.0,14.80839149483202,287.9049150519412,100872.85434053151,1.2205840194886322,340.14753888852937
21.95,37.12309017374608,-14.849740681550244,-14.73725939900368,7.588707628014714,0.0,0.0,0.0,0.0,22.255113937391993,287.90869991387063,100879.82441132338,1.2206523119323807,340.1497747087115
22.0,36.48508219131267,6.407478573289565,-38.20905815279794,3.9507498837874477,0.0,0.0,0.0,0.0,38.94350178444802,287.91284696575644,100887.46192635041,1.2207271429342645,340.1522244674118
22.05,36.35635596621745,-24.585549437311787,-2.8091816373035177,-1.518882192413228,0.0,0.0,0.0,0.0,24.792090386256163,287.91368368621954,100889.00294890907,1.2207422414661202,340.15271873524847
22.1,37.772218485639776,-5.025715538775034,-1.2407104388075822,0.30247100453293085,0.0,0.0,0.0,0.0,5.185428408360692,287.9044805798433,100872.05425669845,1.2205761802453623,340.14728223318446
22.15,38.63354172916715,-9.575429895297678,2.718130411670571,-2.628561129721142,0.0,0.0,0.0,0.0,10.294970822070834,287.8988819787604,100861.7448478815,1.2204751673175644,340.14397495884657
22.2,39.0940302399468,-5.806025651688693,-7.992488647208279,0.9321378359162126,0.0,0.0,0.0,0.0,9.922635213942257,287.8958888034403,100856.23348745184,1.2204211654858195,340.1422067803973
22.25,38.663732579659,-2.515065367994114,-9.375060190883715,1.805309068081094,0.0,0.0,0.0,0.0,9.87301616626205,287.8986857382322,100861.3835009754,1.2204716267579714,340.14385903265014
22.3,38.509483177525695,-21.251560401475867,0.07084396732539089,-2.4044861539328917,0.0,0.0,0.0,0.0,21.38727172945952,287.89968835934604,100863.22968534987,1.2204897160691923,340.14445131586433
22.35,38.45562045653275,-10.54394343645151,-2.669502446061315,2.679383348595924,0.0,0.0,0.0,0.0,11.201789215538263,287.9000384670325,100863.8743653729,1.2204960327677508,340.14465813642636
22.4,37.966510416241185,-9.891754038915721,-8.96484805862381,-0.5180514803037961,0.0,0.0,0.0,0.0,13.35977829220461,287.9032176822944,100869.72864996713,1.220553393819859,340.1465362016548
22.45,36.878415250860385,-10.686482923676788,3.025421178120038,-0.2191632252359429,0.0,0.0,0.0,0.0,11.108650822775402,287.9102903008694,100882.75332936176,1.2206810090732212,340.1507141888877
22.5,35.584625885859396,-11.95517992975205,-2.907609654998528,2.113276818454836,0.0,0.0,0.0,0.0,12.483847963268596,287.9186999317419,100898.24197467459,1.2208327620793054,340.15568191869016
22.55,34.27209435076008,-15.979609547964836,-11.229070819356489,2.158700092551846,0.0,0.0,0.0,0.0,19.649425916833188,287.92723138672005,100913.95696007901,1.2209867281665938,340.16072153818874
22.6,32.62151755076611,-24.47146931951424,-7.086023208714251,1.2826675008360235,0.0,0.0,0.0,0.0,25.509013534201294,287.93796013592,100933.72218640156,1.2211803696305514,340.1670590163341
22.65,31.86343865716518,-8.004696371087036,-13.187456777360635,-7.991472709773895,0.0,0.0,0.0,0.0,17.37376805183924,287.9428876487284,100942.8010336788,1.2212693133873505,340.1699696613363
22.7,32.20051158770507,-13.428455496605054,-4.441451757950935,2.200287724270321,0.0,0.0,0.0,0.0,14.314020288237773,287.9406966746799,100938.76412462721,1.2212297647376422,340.16867547240975
22.75,33.6351232608463,-17.119907794068755,-8.488184103652786,2.077547162160614,0.0,0.0,0.0,0.0,19.221256838872986,287.93137169880447,100921.58415121089,1.2210614532079775,340.16316723684025
22.8,33.51177415789948,-18.116056313705176,-4.9788228170315145,-3.2688213390809984,0.0,0.0,0.0,0.0,19.070012216869763,287.93217346797366,100923.06120654714,1.2210759240756928,340.16364084301335
22.85,33.512629990759955,-12.665676532795677,-12.264954976378991,-13.333206495637294,0.0,0.0,0.0,0.0,22.104815721044123,287.93216790506006,100923.05095823642,1.221075823672045,340.16363755699473
22.9,33.66016245102779,-15.724279534945795,-4.524870091540153,3.009269042271308,0.0,0.0,0.0,0.0,16.636800065132785,287.9312089440683,100921.28431923038,1.2210585157173588,340.1630710973088
22.95,33.29214578786421,-10.058829854877924,-7.309359852915269,-1.0400256798877139,0.0,0.0,0.0,0.0,12.47751789915041,287.93360105237883,100925.69121027729,1.2211016904013,340.164484117492
23.0,32.594018163452894,-11.80824107630711,-4.338779721924706,0.6325768424545434,0.0,0.0,0.0,0.0,12.596020016385385,287.93813888193756,100934.05151093229,1.2211835959875568,340.16716460070666
23.05,31.74826645469112,-8.20996461559183,-5.592839371546399,0.39070751002591625,0.0,0.0,0.0,0.0,9.941630831185599,287.9436362680445,100944.18040818544,1.2212828267263982,340.1704118629941
23.1,31.068750186706513,-12.68709904515918,-6.096915388654192,-0.5046861372555581,0.0,0.0,0.0,0.0,14.08508315684452,287.9480531237864,100952.3190317266,1.2213625577873173,340.1730208421239
23.15,31.10393841575566,-11.898908094777585,-4.990132244255967,0.7493955457856185,0.0,0.0,0.0,0.0,12.92466739793214,287.9478244002976,100951.89756630074,1.221358428877681,340.17288573863084
23.2,30.541316823378807,-11.74025755925138,-7.2020327707815435,-0.042909633800601754,0.0,0.0,0.0,0.0,13.773335283279911,287.951481440648,100958.63651177243,1.2214244469412052,340.1750458904257
23.25,29.757358651675947,-13.380218328876394,-5.464006301190491,-0.4904467657645497,0.0,0.0,0.0,0.0,14.461194467190396,287.95657716876406,100968.02718070157,1.2215164412091948,340.1780558278432
23.3,29.995690078528785,-8.76516618670481,-4.617689254248049,1.64813587641986,0.0,0.0,0.0,0.0,10.043283536597656,287.9550280144895,100965.17224498674,1.2214884734354536,340.1771407784228
23.35,30.099072858390706,-9.098278490682297,-4.275300345372053,-1.3886090180428108,0.0,0.0,0.0,0.0,10.148157445671622,287.95435602642044,100963.93385880392,1.2214763418004173,340.1767438499251
23.4,29.63116696386211,-7.756613023985875,-2.8363985042399795,0.8965933439280566,0.0,0.0,0.0,0.0,8.307471438596595,287.9573974147349,100969.53883810011,1.2215312497801691,340.17854032707515
23.45,29.495786085023084,-8.729387778125407,-3.765524597484074,-1.450545971944696,0.0,0.0,0.0,0.0,9.616936627214915,287.95827739044734,100971.16059371622,1.2215471368537,340.1790601064373
23.5,29.9322802867669,-10.086509433209267,-2.663216937228368,4.454240521002813,0.0,0.0,0.0,0.0,11.343308847946572,287.955440178136,100965.931814803,1.2214959144151547,340.1773842341485
23.55,30.075339250495688,-17.04342958189267,-3.200653826702343,-9.253593762737164,0.0,0.0,0.0,0.0,19.655830543558487,287.95451029487174,100964.21815430916,1.2214791268544338,340.17683497293007
23.6,30.134433808391666,-10.603503084419259,-1.8610905560421362,-9.067342510080985,0.0,0.0,0.0,0.0,14.075320099884042,287.95412618024545,100963.51028516717,1.2214721923283949,340.17660808476415
23.65,30.288523568021546,-5.25241550762758,-4.633973053476094,0.4926780117724761,0.0,0.0,0.0,0.0,7.02170253915625,287.9531245968078,100961.6645268962,1.221454110611267,340.17601647047246
23.7,29.958787091132994,-8.299482808300676,-3.384237190307032,-1.878743387635642,0.0,0.0,0.0,0.0,9.157737327643787,287.9552678839076,100965.61429595212,1.2214928039040607,340.17728246387344
23.75,28.720074215911335,-11.231799502764565,-4.754996000410447,-1.552827055545703,0.0,0.0,0.0,0.0,12.295307190089089,287.9633195175966,100980.45341370135,1.2216381704193142,340.1820383479065
23.8,28.401434147295976,-8.265110906039123,-4.672236618368352,-0.9370172208945711,0.0,0.0,0.0,0.0,9.540432620138459,287.9653906780426,100984.27083685609,1.221675565886963,340.1832617160712
23.85,27.723213538909647,-7.705239910220307,-3.6437020814764085,-3.290696790302238,0.0,0.0,0.0,0.0,9.136518609312455,287.9697991119971,100992.39655386913,1.2217551644948987,340.1858656222187
23.9,26.992219759636797,-11.810391766934611,-6.0837132655818245,-2.758122076330093,0.0,0.0,0.0,0.0,13.568498744305964,287.97455057156236,101001.15513563759,1.2218409612100978,340.1886721191547
23.95,26.516853240697888,-9.687738745740027,-6.081362656603139,0.4694251456818547,0.0,0.0,0.0,0.0,11.447952381724786,287.97764045393546,101006.85118654647,1.2218967574356803,340.1904971765423
24.0,25.748957449801726,-8.188797086248451,-4.572596077621302,-4.408372053651232,0.0,0.0,0.0,0.0,10.363338109520601,287.9826317765763,101016.05300144567,1.2219868934517146,340.19344531024217
24.05,25.283008430554524,-10.92482334263928,-3.9371213252371127,-0.2526015504109994,0.0,0.0,0.0,0.0,11.615356083253882,287.98566044520135,101021.63687203579,1.2220415892749126,340.1952341863611
24.1,24.895444644754562,-6.891504439117832,-4.888216164376377,-1.5106171573980496,0.0,0.0,0.0,0.0,8.58309122054966,287.9881796098091,101026.28157489498,1.222087085207403,340.19672211794455
24.15,24.60429961334284,-8.087496023768582,-3.345060450761526,-1.1870434243611927,0.0,0.0,0.0,0.0,8.832105832984604,287.99007205251326,101029.77087469894,1.2221212634395144,340.1978398751872
24.2,24.605485366192617,-11.024960869606701,-5.206511485949488,-1.3569320173421937,0.0,0.0,0.0,0.0,12.26779477042925,287.9900643451197,101029.75666355196,1.2221211242395837,340.1978353228798
24.25,24.53365114235879,-9.301686602916336,-4.746091694526666,-1.3737649560652967,0.0,0.0,0.0,0.0,10.532520599848896,287.9905312675746,101030.617593526,1.2221295571477295,340.1981111066024
24.3,23.783064658815814,-8.891930363387438,-3.848863260214116,-1.2626024119009764,0.0,0.0,0.0,0.0,9.771097115150154,287.99541007971766,101039.61369444584,1.222217674173411,340.2009927215618
24.35,24.054209424129866,-10.118723260187345,-5.043060167526842,-1.8235788170453968,0.0,0.0,0.0,0.0,11.451919313876122,287.99364763874314,101036.36383331184,1.2221858418773761,340.1999517586411
24.4,23.845497813670917,-10.722105912255316,-5.669809211502512,-2.8330395326741042,0.0,0.0,0.0,0.0,12.455376537148664,287.9950042642111,101038.86538157663,1.2222103444877128,340.2007530321744
24.45,23.528910896162795,-9.415017510712506,-4.74064996884186,-1.9934640112169033,0.0,0.0,0.0,0.0,10.728010795022552,287.9970620791749,101042.65998329016,1.222247512307863,340.20196845073957
24.5,23.068297243088626,-10.016570379494324,-3.6770727865686723,-2.3482583609594077,0.0,0.0,0.0,0.0,10.925514348299705,288.0000560679199,101048.18109140811,1.2223015906457937,340.2037367990172
24.55,23.096120648829174,-8.357163165260761,-4.289020435566802,-2.212878851582142,0.0,0.0,0.0,0.0,9.650632377169924,287.9998752157826,101047.84758148433,1.2222983239873815,340.20362998205434
24.6,23.506481842595953,-10.720486021215725,-3.1846536224611985,-2.1293511923639015,0.0,0.0,0.0,0.0,11.384418111021686,287.9972078680231,101042.92882166024,1.2222501455481123,340.2020545586438
24.65,22.792367461773214,-9.46741873854446,-7.752165821478058,-3.724405772917463,0.0,0.0,0.0,0.0,12.790593842976028,288.00184961149847,101051.48861830501,1.2223339870536805,340.2047961204734
24.7,22.783619751953626,-16.576369890551486,0.8856674729781631,-2.9596082343827312,0.0,0.0,0.0,0.0,16.861783017287923,288.0019064716123,101051.59347716063,1.2223350141169367,340.2048297037343
24.75,22.503655666015337,-9.80316345686772,0.570530368794075,0.7063528071921422,0.0,0.0,0.0,0.0,9.845123308116115,288.0037262381709,101054.94945504822,1.2223678848776032,340.2059045098038
24.8,22.378924045113873,-9.276296274499256,-5.0938979834432665,-3.0796091919019952,0.0,0.0,0.0,0.0,11.021862910273535,288.0045369937067,101056.44466360747,1.2223825299139806,340.2063833640705
24.85,22.7839408933115,-9.831684911914554,-3.990785522755326,-3.0919988642590015,0.0,0.0,0.0,0.0,11.052097279357469,288.00190438419344,101051.58962763542,1.2223349764119142,340.20482847084315
24.9,22.551738584370046,-9.861372868228168,-4.215972557344223,0.6498955665389403,0.0,0.0,0.0,0.0,10.744462001324832,288.0034136992016,101054.37307037636,1.2223622393836042,340.2057199156095
24.95,22.153971996672393,-15.369655555641183,-4.3366950306462755,-3.430485601297594,0.0,0.0,0.0,0.0,16.33405850205619,288.0059991820216,101059.14130039077,1.2224089424085494,340.2072469705474
25.0,21.57803699006801,-9.629660936667413,-5.223813561355827,-4.1316905278276215,0.0,0.0,0.0,0.0,11.708521020894308,288.0097427595645,101066.04564855112,1.2224765671666604,340.2094580148915
25.05,20.664790933895887,-10.579805794328273,-5.056235400041252,-2.0199760355587513,0.0,0.0,0.0,0.0,11.89866001911829,288.0156788589297,101076.99448760819,1.222583803959114,340.21296398438153
25.1,20.601199897569018,-9.329798928065534,-4.385988419651388,-3.0961736900976393,0.0,0.0,0.0,0.0,10.764215437025669,288.01609220066575,101077.75691157985,1.2225912713261633,340.2132081102695
25.15,19.95577982797173,-7.92429062091696,-2.6432690673311856,-1.9753086900567898,0.0,0.0,0.0,0.0,8.583885928184054,288.02028743111816,101085.49543129887,1.222667063676595,340.21568586698567
25.2,19.76818130314586,-8.366146252398945,-2.743568714214548,-2.0800018383603835,0.0,0.0,0.0,0.0,9.046876812122974,288.02150682152956,101087.7448081454,1.2226890942408235,340.21640605116045
25.25,19.093180147857037,-10.149561840265608,-5.272518082614959,-2.557431898041746,0.0,0.0,0.0,0.0,11.71979139720494,288.0258943290389,101095.83866106701,1.2227683652670747,340.2189973443736
25.3,18.518601790171736,-11.450324142054358,-4.291990871477547,-2.2477500799987338,0.0,0.0,0.0,0.0,12.433160862029164,288.02962908836383,101102.72877045741,1.222835845902879,340.221203104305
25.35,18.490577163627687,-8.267190791262095,-4.862656406357617,-1.2201037545255606,0.0,0.0,0.0,0.0,9.668532674466531,288.0298112484364,101103.06484007745,1.2228391372929206,340.22131068821824
25.4,18.199458881699417,-9.040311610804505,-7.625004651842367,-5.16526087110406,0.0,0.0,0.0,0.0,12.905341910527715,288.0317035172689,101106.55596634392,1.222873328472857,340.2224282619899
25.45,17.383458504807027,-12.246981913085035,-5.618116466801378,-3.6756153377068417,0.0,0.0,0.0,0.0,13.966457916192015,288.0370075197187,101116.34206356485,1.2229691697588996,340.2255607857078
25.5,17.167769409109553,-12.340003638834425,-5.095143674146268,-2.037974754606316,0.0,0.0,0.0,0.0,13.505166417599312,288.0384094988408,101118.92889942264,1.2229945039430756,340.2263887844374
25.55,17.05714470237223,-10.833378655915237,-1.986151497758181,1.7474346765817843,0.0,0.0,0.0,0.0,11.151700266031515,288.0391285594346,101120.2556815737,1.223007497739925,340.22681345564166
25.6,17.218751786438855,-10.157665625033534,-4.387129359907913,-2.2550584558742153,0.0,0.0,0.0,0.0,11.292048689673797,288.0380781133881,101118.31744484502,1.2229885156720959,340.2261930707677
25.65,17.01982795175002,-8.911319233637686,-3.9843141082899,-1.7744804869660158,0.0,0.0,0.0,0.0,9.921449006871025,288.0393711183136,101120.70324479773,1.2230118809281505,340.226956708778
25.7,17.016419673151596,-9.354346498842576,-4.387232014341049,-2.0656833593123505,0.0,0.0,0.0,0.0,10.536538848645096,288.03939327212447,101120.74412250312,1.2230122812617459,340.2269697926204
25.75,16.739120060218248,-12.163057735170353,-3.321625009982596,1.855005117524498,0.0,0.0,0.0,0.0,12.74418338545359,288.04119571960854,101124.07000223255,1.223044852981709,340.22803430028966
25.8,16.94073065351579,-9.415642322629495,-7.7816528778239125,0.044951388235259904,0.0,0.0,0.0,0.0,12.21517345296174,288.03988525075215,101121.65191366944,1.2230211716574675,340.22726035066586
25.85,16.619405354346632,0.0022191534942959668,-13.910547014545593,1.4571076495400572,0.0,0.0,0.0,0.0,13.98665384825383,288.0419738651967,101125.50586541386,1.2230589149225342,340.22849386435377
25.9,16.738107373049026,-11.986186762337638,-3.774049807623531,-1.8510205146978838,0.0,0.0,0.0,0.0,12.701905447526117,288.04120230207513,101124.08214837553,1.2230449719335528,340.2280381878233
25.95,16.28227755724891,-9.69678073961223,-5.054010464500373,-0.7714561310413555,0.0,0.0,0.0,0.0,10.962012728031075,288.04416519587784,101129.54947899602,1.223098515326358,340.2297880363614
26.0,16.28077061969814,-8.791604751184328,-7.5639371744182435,0.7489255965234902,0.0,0.0,0.0,0.0,11.621804904089602,288.04417499097195,101129.5675539584,1.2230986923395815,340.2297938212083
26.05,15.70241292613714,-8.932061586004247,-5.367777802639124,-1.4883634600543842,0.0,0.0,0.0,0.0,10.52663234391242,288.04793431598006,101136.50485843528,1.2231666308817106,340.23201401920267
26.1,15.455990503694544,-11.240441911476927,-4.938895337658181,-0.20745925228577716,0.0,0.0,0.0,0.0,12.279383570154804,288.049536061726,101139.46077153213,1.2231955785166795,340.23295998054897
26.15,14.909278729949477,-9.74521141446108,-5.144152726428627,-1.9526623935181782,0.0,0.0,0.0,0.0,11.191261913136772,288.0530896882553,101146.01899794851,1.2232598034919238,340.2350586771139
26.2,14.373218854870997,-10.20207800494048,-4.33897425542868,-0.5833223018797109,0.0,0.0,0.0,0.0,11.10177274654969,288.0565740774433,101152.44978102809,1.2233227796400876,340.2371164710019
26.25,14.281615096074617,-8.453337825306443,-4.0112095542146875,-0.25474018180996694,0.0,0.0,0.0,0.0,9.360214476004726,288.0571695018755,101153.54872852268,1.2233335414694464,340.2374681126679
26.3,13.697740514621236,-10.167218706291287,-4.3341106673030305,0.6021098045866833,0.0,0.0,0.0,0.0,11.068847623613255,288.0609646866549,101160.55355374953,1.2234021381582219,340.2397094382518
26.35,13.224442973263406,-10.75474966863043,-5.12035212324259,-0.010236650640479572,0.0,0.0,0.0,0.0,11.911454616876881,288.0640411206738,101166.2320589663,1.2234577458281428,340.2415262797373
26.4,12.749913043438092,-10.206671513188251,-5.0677935182206655,0.1393188074404782,0.0,0.0,0.0,0.0,11.39640663768868,288.0671255652176,101171.92560918511,1.2235135002324327,340.24334784223777
26.45,12.222432043234344,-10.442066152467667,-5.062295051876652,0.6200515800019908,0.0,0.0,0.0,0.0,11.621017196727175,288.07055419171894,101178.25478648648,1.223575478349305,340.24537265483286
26.5,11.442576077824377,-8.856524511657923,-4.907936582707264,0.12560329860771213,0.0,0.0,0.0,0.0,10.126284813004965,288.0756232554941,101187.6127662355,1.2236671144941857,340.248366223389
26.55,11.004442885683886,-9.05602159557492,-4.830408277937213,-0.3976981117409968,0.0,0.0,0.0,0.0,10.271442696095132,288.078471121243,101192.87050805303,1.223718599171807,340.25004803746015
26.6,10.939788032863772,-10.251473068537404,-4.8390073327493734,-0.16945202809001242,0.0,0.0,0.0,0.0,11.337433838006453,288.07889137778636,101193.64640619542,1.2237261968516713,340.250296220284
26.65,10.256817680695729,-9.85865554346719,-4.664757683893339,-1.7771322148622781,0.0,0.0,0.0,0.0,11.05039602382103,288.08333068507545,101201.84276620227,1.2238064558325132,340.252917845551
26.7,10.247118690286534,-10.603919063483728,-5.4914826427723025,-1.445343209467287,0.0,0.0,0.0,0.0,12.028653212805509,288.0833937285131,101201.95916812326,1.223807595634393,340.25295507559895
26.75,10.052134689881601,-10.247438028478992,-4.024552933777898,-0.5328700928990161,0.0,0.0,0.0,0.0,11.022293908266278,288.0846611245157,101204.29928130015,1.2238305098545048,340.25370353033503
26.8,10.092481540114777,-9.831789842960616,-5.4250669107523875,1.7103026396260959,0.0,0.0,0.0,0.0,11.358722534748173,288.08439886998923,101203.81505235482,1.2238257683277314,340.25354865729554
26.85,10.10144556631377,-11.656756024566207,-4.190376017938699,-1.653445722276898,0.0,0.0,0.0,0.0,12.4969234191657,288.08434060381893,101203.70746946667,1.2238247148850712,340.2535142485037
26.9,9.498753848273246,-8.817559486288342,-10.22603593712114,1.5908364582140373,0.0,0.0,0.0,0.0,13.596026144366947,288.0882580999862,101210.94095614213,1.22389554410835,340.2558276982798
26.95,9.297084912915029,-2.8158507510819044,-20.32754318657646,7.461204346681535,0.0,0.0,0.0,0.0,21.835924476821194,288.089568948066,101213.36147371463,1.2239192452405403,340.2566018068706
27.0,9.658692515516345,-11.213979453315462,-1.5092938511624667,-0.5162453873621677,0.0,0.0,0.0,0.0,11.326862425601844,288.0872184986491,101209.02133658003,1.2238767475736276,340.2552137705639
27.05,9.97245292610223,-9.783862920713942,-6.4715122225094674,0.1731920943165306,0.0,0.0,0.0,0.0,11.731770522770393,288.0851790559803,101205.25559978788,1.223839874027418,340.2540093918465
27.1,10.055147791418866,-9.265845231461725,-4.097320200732032,-0.53402398325508,0.0,0.0,0.0,0.0,10.145398084620455,288.08464153935574,101204.26311903256,1.2238301557569453,340.25369196442364
27.15,9.748340786980911,-9.756016123884457,-6.330377794976378,-1.007757093318021,0.0,0.0,0.0,0.0,11.673435997843836,288.0866357848846,101207.94537092162,1.2238662119012462,340.25486965342844
27.2,9.397341306903025,-9.488904700282092,-4.770364780006239,-0.14386081035694112,0.0,0.0,0.0,0.0,10.621505942102377,288.08891728150513,101212.1581473593,1.2239074625686395,340.256216971738
27.25,8.418337849568601,-8.432570550011217,-4.9161774115760055,-0.13022364805031217,0.0,0.0,0.0,0.0,9.761864812704495,288.0952808039778,101223.9091222303,1.224022524046535,340.2599748672984
27.3,8.948624403820551,-8.576042431746291,-5.34982722030019,-1.1218256602642043,0.0,0.0,0.0,0.0,10.169938440826714,288.09183394137517,101217.54395755865,1.2239601988730968,340.2579393725008
27.35,8.439011256280363,-8.4448469063779,-6.061462799419158,-0.6512440023443334,0.0,0.0,0.0,0.0,10.415415944238243,288.09514642683416,101223.6609679887,1.2240200942323778,340.2598955130502
27.4,8.408134479216164,-8.865590021680152,-6.3766144154717015,-0.40381958376548577,0.0,0.0,0.0,0.0,10.928081629103469,288.0953471258851,101224.0315990635,1.2240237232839033,340.26001403262103
27.45,7.7826476551813135,-9.20985072097644,-4.371436668246233,0.35802406827357247,0.0,0.0,0.0,0.0,10.200930843830928,288.0994127902413,101231.539900818,1.2240972406277877,340.2624149359054
27.5,7.6306271925218185,-9.34172554431868,-5.267403624895075,-1.2801552356895958,0.0,0.0,0.0,0.0,10.800563620496728,288.10040092324857,101233.36481234411,1.224115109045426,340.2629984571139
27.55,7.4123418973694895,-6.620070823731693,-5.7065179113839815,-0.6287193447990559,0.0,0.0,0.0,0.0,8.762703486863764,288.10181977766706,101235.98523874112,1.224140766551002,340.2638363300618
27.6,7.0887502129786135,-8.071513098718075,-5.0026331757158,-1.6700448021771295,0.0,0.0,0.0,0.0,9.641820991639944,288.10392312361563,101239.869926673,1.2241788026481502,340.26507841047606
27.65,6.64310936499529,-9.685303271781844,-4.946355292575282,-2.821420444309879,0.0,0.0,0.0,0.0,11.235298993366637,288.1068197891275,101245.22000098613,1.2242311863103834,340.26678895927625
27.7,6.5815304970388295,-9.211226911965907,-4.17541660026153,-2.558147125015069,0.0,0.0,0.0,0.0,10.431918410469255,288.1072200517692,101245.95929484534,1.2242384248450209,340.2670253230608
27.75,6.373862795263783,-8.75005022162879,-4.745598671951559,-2.0866617500130835,0.0,0.0,0.0,0.0,10.170459325675616,288.10856989183077,101248.45251120889,1.2242628362180734,340.26782243172806
27.8,5.7597013884193045,-9.549995573341699,-3.616663821516395,-1.6095955622612046,0.0,0.0,0.0,0.0,10.337962590508953,288.11256194097524,101255.82629958639,1.2243350331732907,340.2701798089567
27.85,5.208269370856984,-9.437723826316411,-3.597695005961172,-0.6559508886873442,0.0,0.0,0.0,0.0,10.121477755056727,288.1161462490894,101262.44731239641,1.224399858830852,340.2722963938169
27.9,4.600012238418932,-10.3395409647671,-5.48092171057696,-3.2476662427288834,0.0,0.0,0.0,0.0,12.144708567262187,288.12009992045023,101269.75102773772,1.2244713678234478,340.2746310776508
27.95,4.180515430083159,-10.086457415316287,-4.210396324152852,-3.0694672339285547,0.0,0.0,0.0,0.0,11.352783337031928,288.12282664970445,101274.78843097595,1.2245206873051095,340.2762412301463
28.0,3.856988884365127,-11.229930178399602,-5.409970297174176,-3.7536771921161933,0.0,0.0,0.0,0.0,13.018033756702671,288.12492957225163,101278.67354230522,1.2245587247744087,340.2774830152603
28.05,3.4269585204563486,-22.254610085642764,-17.099296916734723,-7.640542141513729,0.0,0.0,0.0,0.0,29.086620795941446,288.12772476961703,101283.83780564237,1.224609285446111,340.2791335847175
28.1,3.3051196595897783,-9.64553807085799,-5.883128330248546,-2.4325836878337905,0.0,0.0,0.0,0.0,11.557035390828348,288.1285167222126,101285.30101541716,1.2246236108984945,340.2796012328032
28.15,3.036712886031821,-4.5666547984152634,-3.283375741292556,-3.8671168681480035,0.0,0.0,0.0,0.0,6.8256490664487295,288.13026136624075,101288.52447605591,1.2246551698242338,340.2806314430064
28.2,2.590169711558185,-10.410126318006661,-2.4849096300004954,1.0831450155605409,0.0,0.0,0.0,0.0,10.757263079001914,288.13316389687486,101293.88746943687,1.224707675179169,340.28234537694885
28.25,2.032761592948829,-11.1566603898879,-13.082794127878294,-1.71743701736573,0.0,0.0,0.0,0.0,17.279472305494707,288.1367870496458,101300.58227588875,1.2247732186515303,340.2844848235681
28.3,2.5500317052540153,-9.946920447666159,-4.160243282124558,-3.0628744282489917,0.0,0.0,0.0,0.0,11.208481178191953,288.1334247939158,101294.36953904088,1.2247123947629759,340.28249943529414
28.35,1.9390446618128359,-16.692447593965564,-4.640563087220544,5.586567651920046,0.0,0.0,0.0,0.0,18.203910859297242,288.1373962096982,101301.70790772937,1.2247842387277827,340.28484452703947
28.4,1.4285684697748913,-14.964530399915763,1.9659893542020717,4.19664369170706,0.0,0.0,0.0,0.0,15.66569827699945,288.1407143049464,101307.83940301747,1.2248442664230705,340.28680382543314
28.45,1.5939109751615492,-13.514145069516262,-9.234298498368164,0.7636233781245558,0.0,0.0,0.0,0.0,16.38558837455993,288.13963957866144,101305.8533875973,1.2248248232923509,340.2861692127329
28.5,1.514279580529223,-11.450343013981731,-6.146003955234316,0.4791378298171002,0.0,0.0,0.0,0.0,13.004356685955592,288.1401571827265,101306.80987804476,1.2248341873620314,340.2864748517377
28.55,1.090375355477911,-16.466215301261954,-6.1814399703047265,0.9491947706854909,0.0,0.0,0.0,0.0,17.613841635676497,288.14291256018936,101311.90171581242,1.2248840363207798,340.28810186452785
28.6,0.6132706334251383,-7.396446109915474,-5.0375825233792195,-0.6950749036351748,0.0,0.0,0.0,0.0,8.975955762948196,288.1460137408827,101317.6328333,1.2249401432410933,340.28993306010176
28.65,0.550917609629417,-9.732035280057303,-7.265044182460639,6.589698968396355,0.0,0.0,0.0,0.0,13.817290261099288,288.1464190355374,101318.38185493507,1.224947476024199,340.2901723791203
28.7,-0.18649861650401642,-11.074975717338928,-3.640729612763657,-8.51050414147018,0.0,0.0,0.0,0.0,14.4339419423414,288.15,101325.0,1.2250122659906946,340.29228686527705
28.75,-0.5177772226669473,-11.766802986608727,-12.94006305939668,26.960937429263513,0.0,0.0,0.0,0.0,32.1371285520578,288.15,101325.0,1.2250122659906946,340.29228686527705
28.8,-0.5295784045443505,-4.01330811255989,-3.8423927655835985,39.58569419047152,0.0,0.0,0.0,0.0,39.97371397197012,288.15,101325.0,1.2250122659906946,340.29228686527705
28.85,-0.8206200173659648,-14.941875333905184,-4.009228225666972,-10.074495481347025,0.0,0.0,0.0,0.0,18.461554882055047,288.15,101325.0,1.2250122659906946,340.29228686527705
28.9,-0.5163190817220231,0.6563867047084866,0.3841120226476307,5.859198972288384,0.0,0.0,0.0,0.0,5.908349866834714,288.15,101325.0,1.2250122659906946,340.29228686527705
28.95,-0.9331589182218623,-69.8888194528775,-34.70174942593301,-1.8440263685440723,0.0,0.0,0.0,0.0,78.051642718043,288.15,101325.0,1.2250122659906946,340.29228686527705
29.0,-0.9732502314425793,-56.90174576316858,-32.8127449884402,4.22872955938867,0.0,0.0,0.0,0.0,65.8207190651935,288.15,101325.0,1.2250122659906946,340.29228686527705
29.05,-0.9031783286435169,-13.760049872262915,-14.492569447316072,-9.321250617849643,0.0,0.0,0.0,0.0,22.051286918300352,288.15,101325.0,1.2250122659906946,340.29228686527705
29.1,-0.6737374925974504,4.03878936363126,18.755551952053594,7.628564469434012,0.0,0.0,0.0,0.0,20.646489881194658,288.15,101325.0,1.2250122659906946,340.29228686527705
29.15,-0.6266009689804313,-7.458293653366166,81.19093120822491,68.62030578080076,0.0,0.0,0.0,0.0,106.56612885963884,288.15,101325.0,1.2250122659906946,340.29228686527705
29.2,-0.5272567632219155,32.73819656118351,-9.49846254519899,-45.76620258658189,0.0,0.0,0.0,0.0,57.06623874058366,288.15,101325.0,1.2250122659906946,340.29228686527705
29.25,-0.7996802123141552,24.0176505327024,2.143843326765271,-6.53040667628793,0.0,0.0,0.0,0.0,24.981789621210925,288.15,101325.0,1.2250122659906946,340.29228686527705
29.3,-1.034871540978322,-3.9428780752184296,3.756418478147042,3.1250602903533995,0.0,0.0,0.0,0.0,6.278771306342221,288.15,101325.0,1.2250122659906946,340.29228686527705
29.35,-1.1913326476239579,8.221260559734887,6.880482164473161,0.5690594222823652,0.0,0.0,0.0,0.0,10.73564104433331,288.15,101325.0,1.2250122659906946,340.29228686527705
29.4,-0.8961423515833575,0.9108027834791133,7.206735681361206,-2.311504072063352,0.0,0.0,0.0,0.0,7.622968710847731,288.15,101325.0,1.2250122659906946,340.29228686527705
29.45,0.21844060641457386,-9.10445297697704,-9.048840018385656,4.791150221569105,0.0,0.0,0.0,0.0,13.701375483285082,288.1485801360583,101322.37584228835,1.2249865762466667,340.2914484662783
29.5,0.5484727421513884,-5.254781637203939,-19.486575082359455,9.797564467491855,0.0,0.0,0.0,0.0,22.43505310869103,288.146434927176,101318.41122422977,1.2249477635439454,340.29018176283637
29.55,0.3563735438783948,7.796406456531621,9.707362917866362,-4.39581464820191,0.0,0.0,0.0,0.0,13.203788656138107,288.14768357196476,101320.71886286672,1.2249703548327966,340.29091906347645
29.6,0.11463393646388402,7.169566550841248,0.3339375273659146,-6.031484136085238,0.0,0.0,0.0,0.0,9.375126648903088,288.149254879413,101323.62287954478,1.2249987843960435,340.2918468879172
29.65,-0.5170948105249988,3.365698109359758,-6.8550170080695905,-13.765482771029054,0.0,0.0,0.0,0.0,15.741908965045152,288.15,101325.0,1.2250122659906946,340.29228686527705
29.7,-1.1626920947286132,-9.587003440155815,1.775598468683705,-7.413689575820515,0.0,0.0,0.0,0.0,12.24851738008242,288.15,101325.0,1.2250122659906946,340.29228686527705
29.75,-1.2655603748216653,1.215832015650786,3.596461420189352,-13.044378862237485,0.0,0.0,0.0,0.0,13.585602752133598,288.15,101325.0,1.2250122659906946,340.29228686527705
29.8,-1.1745730083908927,-4.061778300402533,-2.2538380029229828,-9.264747073154465,0.0,0.0,0.0,0.0,10.364042022037783,288.15,101325.0,1.2250122659906946,340.29228686527705
29.85,-1.205509843905584,-0.7882028131265879,0.8552705041474631,-10.9050003438517,0.0,0.0,0.0,0.0,10.966849310959416,288.15,101325.0,1.2250122659906946,340.29228686527705
29.9,-1.4129411968571777,-2.0750190180277706,-0.12069077503340991,-9.881719138541683,0.0,0.0,0.0,0.0,10.097952432120884,288.15,101325.0,1.2250122659906946,340.29228686527705
29.95,-1.0022348590188594,-1.4928105683717845,0.10246494480003863,-10.614121887515417,0.0,0.0,0.0,0.0,10.7190748621786,288.15,101325.0,1.2250122659906946,340.29228686527705
30.0,-0.6496148190215068,-1.5685232231826582,0.5370754610167677,-9.523133301910216,0.0,0.0,0.0,0.0,9.666373830886174,288.15,101325.0,1.2250122659906946,340.29228686527705
30.05,-0.7513354934553891,-1.5450724479559805,0.20510790779976285,-10.150672987021544,0.0,0.0,0.0,0.0,10.269638757654699,288.15,101325.0,1.2250122659906946,340.29228686527705
30.1,-0.9567436167030462,-2.630471624148111,-0.785549077764047,-10.96579134245048,0.0,0.0,0.0,0.0,11.304204885138372,288.15,101325.0,1.2250122659906946,340.29228686527705
30.15,-0.9947463529752828,-1.3019253706087754,0.4899925759963739,-9.725205087746188,0.0,0.0,0.0,0.0,9.824190368365766,288.15,101325.0,1.2250122659906946,340.29228686527705
30.2,-1.0833565194814274,-0.7964279821032029,0.989540497932973,-9.25618563651536,0.0,0.0,0.0,0.0,9.342936394162152,288.15,101325.0,1.2250122659906946,340.29228686527705
30.25,-0.4352204211335778,-1.8423470193946172,0.019135927202935193,-10.293045149055047,0.0,0.0,0.0,0.0,10.456643207266268,288.15,101325.0,1.2250122659906946,340.29228686527705
30.3,-0.5361740593052866,-1.3572786162443709,0.33792554250244067,-9.803783775015154,0.0,0.0,0.0,0.0,9.903058882064682,288.15,101325.0,1.2250122659906946,340.29228686527705
30.35,-0.46877645323363815,-1.0767760888382618,0.7070565097837466,-9.475139368998232,0.0,0.0,0.0,0.0,9.56230315956682,288.15,101325.0,1.2250122659906946,340.29228686527705
30.4,-0.6491513285919737,-1.853885761032073,-0.005681015909606374,-10.365187171987692,0.0,0.0,0.0,0.0,10.529673774587579,288.15,101325.0,1.2250122659906946,340.29228686527705
30.45,-0.6393478151580041,-1.424821569493246,0.3413393478289316,-9.939032331940247,0.0,0.0,0.0,0.0,10.04644179551263,288.15,101325.0,1.2250122659906946,340.29228686527705
30.5,-0.5605916643294044,-2.1558575289200506,-0.3544821753884978,-10.700101252733223,0.0,0.0,0.0,0.0,10.920876618495994,288.15,101325.0,1.2250122659906946,340.29228686527705
30.55,-0.8394464872958481,-2.6397502221795577,-0.7917423169583624,-11.059356290441917,0.0,0.0,0.0,0.0,11.39756547210398,288.15,101325.0,1.2250122659906946,340.29228686527705
30.6,-1.2263561656970952,-1.1179351787265155,0.7330629759192835,-9.580639378772139,0.0,0.0,0.0,0.0,9.673459117429365,288.15,101325.0,1.2250122659906946,340.29228686527705
30.65,-0.9798936261212658,-2.470865750985376,-0.6075484038938562,-10.917031478451872,0.0,0.0,0.0,0.0,11.20963286303238,288.15,101325.0,1.2250122659906946,340.29228686527705
30.7,-1.17100553807843,-1.2236104399466694,0.5779468572928513,-9.666541215826232,0.0,0.0,0.0,0.0,9.76080243401476,288.15,101325.0,1.2250122659906946,340.29228686527705
30.75,-0.8059471676364021,-0.958944146614347,0.8203662178303335,-9.474234604174304,0.0,0.0,0.0,0.0,9.557912739851572,288.15,101325.0,1.2250122659906946,340.29228686527705
30.8,-0.9809009564578983,-1.5075762123638783,0.3432618339750231,-9.959396860878302,0.0,0.0,0.0,0.0,10.078700340580719,288.15,101325.0,1.2250122659906946,340.29228686527705
30.85,-0.6076826222523279,-2.3558757753152317,-0.5142777451307445,-10.802781072310914,0.0,0.0,0.0,0.0,11.068636373290653,288.15,101325.0,1.2250122659906946,340.29228686527705
30.9,-0.9898467770493874,-1.740094351635115,0.05022092341252428,-10.193391132014838,0.0,0.0,0.0,0.0,10.340970615178229,288.15,101325.0,1.2250122659906946,340.29228686527705
30.95,-0.8524503591407023,-1.2743809396779777,0.5801253742729146,-9.77417570866587,0.0,0.0,0.0,0.0,9.873960857384628,288.15,101325.0,1.2250122659906946,340.29228686527705
31.0,-0.6593027682252361,-1.2781515869980111,0.49665335351574436,-9.86682238019744,0.0,0.0,0.0,0.0,9.961652469107174,288.15,101325.0,1.2250122659906946,340.29228686527705
31.05,-1.0396481910363222,-1.3801734324851598,0.5074571826918597,-9.812615102392984,0.0,0.0,0.0,0.0,9.922187593656668,288.15,101325.0,1.2250122659906946,340.29228686527705
31.1,-0.988578766626332,-2.3629517658894317,-0.6059359510382388,-10.896051273911617,0.0,0.0,0.0,0.0,11.165779542351334,288.15,101325.0,1.2250122659906946,340.29228686527705
31.15,-0.6009713834837949,-2.449801919553744,-0.675403908845436,-10.93865200810016,0.0,0.0,0.0,0.0,11.229951364073068,288.15,101325.0,1.2250122659906946,340.29228686527705
31.2,-0.662450285751247,-2.2573308850558758,-0.36075240169328715,-10.581941262013565,0.0,0.0,0.0,0.0,10.826041099712297,288.15,101325.0,1.2250122659906946,340.29228686527705
31.25,-0.8882971708664537,-1.3441307646041345,0.4254307487319986,-9.867189196399982,0.0,0.0,0.0,0.0,9.967401941924209,288.15,101325.0,1.2250122659906946,340.29228686527705
31.3,-1.1648077466022142,-1.058038737266053,0.7051968930574816,-9.482194102774526,0.0,0.0,0.0,0.0,9.56706609312518,288.15,101325.0,1.2250122659906946,340.29228686527705
31.35,-1.3662150432712297,-2.389556864884919,-0.6297294701508356,-10.884752394611699,0.0,0.0,0.0,0.0,11.161737136669194,288.15,101325.0,1.2250122659906946,340.29228686527705
31.4,-0.9516705076624571,-2.404332536261236,-0.6671204848003489,-10.941538667095736,0.0,0.0,0.0,0.0,11.22243882093887,288.15,101325.0,1.2250122659906946,340.29228686527705
31.45,-0.9291081489262725,-1.3604947478999023,0.3986672992341002,-9.882571078439483,0.0,0.0,0.0,0.0,9.983741417672553,288.15,101325.0,1.2250122659906946,340.29228686527705
31.5,-0.7036667050731522,-2.3364317270727426,-0.42585284150824776,-10.749941778264294,0.0,0.0,0.0,0.0,11.00915583021536,288.15,101325.0,1.2250122659906946,340.29228686527705
31.55,-0.7482721901800636,-1.6409678219491934,0.14402967225777935,-10.131434913694909,0.0,0.0,0.0,0.0,10.26447725651918,288.15,101325.0,1.2250122659906946,340.29228686527705
31.6,-1.0071292693335185,-1.5034683477874193,0.19210822808305,-10.049416773486831,0.0,0.0,0.0,0.0,10.163075328429594,288.15,101325.0,1.2250122659906946,340.29228686527705
31.65,-0.8632885090104514,-1.9708794231512514,-0.19260311036546945,-10.42842075208204,0.0,0.0,0.0,0.0,10.614773715966761,288.15,101325.0,1.2250122659906946,340.29228686527705
31.7,-1.2376236135960041,-0.8882694212968896,0.8960541327748947,-9.343578797457297,0.0,0.0,0.0,0.0,9.428382698955724,288.15,101325.0,1.2250122659906946,340.29228686527705
31.75,-1.0139631832261533,-2.033465710064101,-0.28705030328751674,-10.442872836311023,0.0,0.0,0.0,0.0,10.642883713824304,288.15,101325.0,1.2250122659906946,340.29228686527705
31.8,-1.0630485934113112,-1.4974835576173107,0.3021978056922619,-9.952401494419043,0.0,0.0,0.0,0.0,10.068965985900132,288.15,101325.0,1.2250122659906946,340.29228686527705
31.85,-0.8790765912127249,-1.5548899870339339,0.19734995139769895,-10.051604017843902,0.0,0.0,0.0,0.0,10.173070982089465,288.15,101325.0,1.2250122659906946,340.29228686527705
31.9,-1.0796788028898774,-1.43085523804514,0.3858012440335095,-9.87637169441484,0.0,0.0,0.0,0.0,9.986936825592602,288.15,101325.0,1.2250122659906946,340.29228686527705
31.95,-1.2030978769808591,-1.314497846543959,0.5824903292003463,-9.739371289279855,0.0,0.0,0.0,0.0,9.844925224836874,288.15,101325.0,1.2250122659906946,340.29228686527705
32.0,-0.96411366554157,-1.7969587306208508,-0.06334405539948836,-10.332269646448923,0.0,0.0,0.0,0.0,10.48755782800928,288.15,101325.0,1.2250122659906946,340.29228686527705
32.05,-0.6536746763471045,-2.5578943657820865,-0.7959853059904096,-11.054774512551123,0.0,0.0,0.0,0.0,11.37472881950169,288.15,101325.0,1.2250122659906946,340.29228686527705
32.1,-0.8988392326940361,-1.9421397180151472,-0.1449323052981626,-10.392973917674635,0.0,0.0,0.0,0.0,10.57387435668101,288.15,101325.0,1.2250122659906946,340.29228686527705
32.15,-0.8478028389289932,-2.181013613605579,-0.40795806529676076,-10.656586935153259,0.0,0.0,0.0,0.0,10.885131844504809,288.15,101325.0,1.2250122659906946,340.29228686527705
32.2,-1.0248556909679225,-1.5224642871405056,0.3040030677632448,-9.9492876769953,0.0,0.0,0.0,0.0,10.069689203269299,288.15,101325.0,1.2250122659906946,340.29228686527705
32.25,-0.7911787879746291,-2.185975381950561,-0.4208134481921145,-10.71046267466436,0.0,0.0,0.0,0.0,10.939359352085097,288.15,101325.0,1.2250122659906946,340.29228686527705
32.3,-0.7150750127665648,-1.6865094156302574,0.14201896286038554,-10.118794639216713,0.0,0.0,0.0,0.0,10.259361010582596,288.15,101325.0,1.2250122659906946,340.29228686527705
32.35,-1.3206376261923536,-1.1448059487933016,0.5900144477993265,-9.671240352574571,0.0,0.0,0.0,0.0,9.756617634522282,288.15,101325.0,1.2250122659906946,340.29228686527705
32.4,-0.6811888721433672,-0.8251326203791011,1.0137867013974082,-9.235879611258317,0.0,0.0,0.0,0.0,9.327919355933616,288.15,101325.0,1.2250122659906946,340.29228686527705
32.45,-0.7780188114430109,-1.906074067595763,-0.024528469320745316,-10.217735791421177,0.0,0.0,0.0,0.0,10.394029281287292,288.15,101325.0,1.2250122659906946,340.29228686527705
32.5,-1.076696638322463,-1.633414205141946,0.14223837949676937,-10.20517992886737,0.0,0.0,0.0,0.0,10.336052007547117,288.15,101325.0,1.2250122659906946,340.29228686527705
32.55,-1.0780181121285877,-1.4951773715215215,0.32264758099300145,-9.988992459153845,0.0,0.0,0.0,0.0,10.105425630959985,288.15,101325.0,1.2250122659906946,340.29228686527705
32.6,-0.9983319447827339,-1.3934406164330466,0.36354955351778334,-9.883805160228953,0.0,0.0,0.0,0.0,9.988165470933927,288.15,101325.0,1.2250122659906946,340.29228686527705
32.65,-1.0208638928838734,-1.0242863390299362,0.7233280331357245,-9.510497030560936,0.0,0.0,0.0,0.0,9.592805622764997,288.15,101325.0,1.2250122659906946,340.29228686527705
32.7,-1.15483059709312,-2.265944224208453,-0.4376774677388936,-10.703253796490948,0.0,0.0,0.0,0.0,10.949233152375918,288.15,101325.0,1.2250122659906946,340.29228686527705
32.75,-0.9761039250142155,-1.6312003119266645,0.24179224751486308,-10.060458955051807,0.0,0.0,0.0,0.0,10.194710017203532,288.15,101325.0,1.2250122659906946,340.29228686527705
32.8,-1.260049778818185,-1.9164619680939812,-0.06082763035428601,-10.335880620378264,0.0,0.0,0.0,0.0,10.512228815740082,288.15,101325.0,1.2250122659906946,340.29228686527705
32.85,-0.9525124010992951,-1.6465511790033045,0.12976673494685237,-10.195434049287357,0.0,0.0,0.0,0.0,10.32835154533113,288.15,101325.0,1.2250122659906946,340.29228686527705
32.9,-1.0370845116124021,-1.8341071814840693,-0.07095781691410262,-10.329528328353188,0.0,0.0,0.0,0.0,10.491336409209442,288.15,101325.0,1.2250122659906946,340.29228686527705
32.95,-1.4133373644537985,-1.6007806359556165,0.1264164492246621,-10.046309040156919,0.0,0.0,0.0,0.0,10.173829421285953,288.15,101325.0,1.2250122659906946,340.29228686527705
33.0,-1.5454784154980437,-0.7732917982437187,1.0007618349996088,-9.293375837736942,0.0,0.0,0.0,0.0,9.37903720629445,288.15,101325.0,1.2250122659906946,340.29228686527705
33.05,-1.3674407085571236,-1.9722337211745606,-0.18920554908326914,-10.42389958462973,0.0,0.0,0.0,0.0,10.610522472582856,288.15,101325.0,1.2250122659906946,340.29228686527705
33.1,-1.2703247576719405,-1.228068354426957,0.5520660710716604,-9.706214188205161,0.0,0.0,0.0,0.0,9.799159285228942,288.15,101325.0,1.2250122659906946,340.29228686527705
33.15,-0.8676173300822227,-1.9084738206376088,-0.12823873733468355,-10.39354924947759,0.0,0.0,0.0,0.0,10.568092708673996,288.15,101325.0,1.2250122659906946,340.29228686527705
33.2,-0.9410308281103351,-0.9352411789141952,0.8485570768277105,-9.377693805591528,0.0,0.0,0.0,0.0,9.462339366499224,288.15,101325.0,1.2250122659906946,340.29228686527705
33.25,-1.0518168982579208,-1.3059381970060675,0.45993595175989777,-9.825886897613161,0.0,0.0,0.0,0.0,9.922956665168238,288.15,101325.0,1.2250122659906946,340.29228686527705
33.3,-1.1073537777637226,-2.089016553769373,-0.309093119261705,-10.553134338659964,0.0,0.0,0.0,0.0,10.76234979398558,288.15,101325.0,1.2250122659906946,340.29228686527705
33.35,-1.1100412775094661,-1.7240556283495976,0.11485008909599854,-10.15410077971075,0.0,0.0,0.0,0.0,10.300064125874739,288.15,101325.0,1.2250122659906946,340.29228686527705
33.4,-0.8701252061447423,-2.03582592402116,-0.2671483317131794,-10.552724996588847,0.0,0.0,0.0,0.0,10.75062604119801,288.15,101325.0,1.2250122659906946,340.29228686527705
33.45,-0.9453408071834486,-1.3675233939093052,0.4142912692725993,-9.922080220471956,0.0,0.0,0.0,0.0,10.024441799430308,288.15,101325.0,1.2250122659906946,340.29228686527705
33.5,-1.328028642702292,-1.3703430288392713,0.4512457821244432,-9.868424069277225,0.0,0.0,0.0,0.0,9.973327247396606,288.15,101325.0,1.2250122659906946,340.29228686527705
33.55,-1.0946468620154501,-1.8169502735831462,0.0011103876840107552,-10.27890773439826,0.0,0.0,0.0,0.0,10.438259133682543,288.15,101325.0,1.2250122659906946,340.29228686527705
33.6,-1.029933008601136,-1.7670424901328596,0.05878946758513487,-10.200642236056888,0.0,0.0,0.0,0.0,10.352728982807458,288.15,101325.0,1.2250122659906946,340.29228686527705
33.65,-0.7988803034030934,-1.2117619347366368,0.5525509705858267,-9.657638516556565,0.0,0.0,0.0,0.0,9.749033863827169,288.15,101325.0,1.2250122659906946,340.29228686527705
33.7,-0.5338709550129093,-0.7630703644377392,0.9631811882052034,-9.266414432484876,0.0,0.0,0.0,0.0,9.34753608267759,288.15,101325.0,1.2250122659906946,340.29228686527705
33.75,-1.3537933278462007,-1.579964537660023,0.2244657442428086,-10.04795655415992,0.0,0.0,0.0,0.0,10.17389324324209,288.15,101325.0,1.2250122659906946,340.29228686527705
33.8,-0.7135442529101237,-1.2756445167937733,0.5236261030436165,-9.704176517929618,0.0,0.0,0.0,0.0,9.801657774078386,288.15,101325.0,1.2250122659906946,340.29228686527705
33.85,-1.0452439765852626,-2.3863164395238656,-0.5931034588116544,-10.815878315326392,0.0,0.0,0.0,0.0,11.09186646125637,288.15,101325.0,1.2250122659906946,340.29228686527705
33.9,-1.004150172970826,-2.621224940285003,-0.7912251221215469,-11.038085764753145,0.0,0.0,0.0,0.0,11.372607209056962,288.15,101325.0,1.2250122659906946,340.29228686527705
33.95,-1.0763511656899638,-2.0267832049933063,-0.20562609121066971,-10.498104605650584,0.0,0.0,0.0,0.0,10.693939057270315,288.15,101325.0,1.2250122659906946,340.29228686527705
34.0,-0.9201946842142872,-2.202288329676719,-0.3906515367791561,-10.657133694749213,0.0,0.0,0.0,0.0,10.889314996728546,288.15,101325.0,1.2250122659906946,340.29228686527705
34.05,-1.1464824023528941,-1.573294980948343,0.23282165618624504,-10.08899941884285,0.0,0.0,0.0,0.0,10.213587630900218,288.15,101325.0,1.2250122659906946,340.29228686527705
34.1,-0.7009103623407338,-2.6702759235454687,-0.9490789551527693,-11.172528662615282,0.0,0.0,0.0,0.0,11.526340316333737,288.15,101325.0,1.2250122659906946,340.29228686527705
34.15,-1.1045816418782315,-2.443073491605097,-0.7517348475224105,-10.972575988711668,0.0,0.0,0.0,0.0,11.26637196236725,288.15,101325.0,1.2250122659906946,340.29228686527705
34.2,-1.035154803622433,-2.5802313265973,-0.8546311031194682,-11.083020327996048,0.0,0.0,0.0,0.0,11.411455981247393,288.15,101325.0,1.2250122659906946,340.29228686527705
34.25,-0.8131063480618947,-2.4146643975181137,-0.5847292140262934,-10.859948063786296,0.0,0.0,0.0,0.0,11.140510955719806,288.15,101325.0,1.2250122659906946,340.29228686527705
34.3,-1.1900831240354395,-2.3532909905585386,-0.5519022474795583,-10.860353997467364,0.0,0.0,0.0,0.0,11.126089318683466,288.15,101325.0,1.2250122659906946,340.29228686527705
34.35,-1.2061234522935727,-1.4320033876644012,0.3537370450818587,-9.897789364334354,0.0,0.0,0.0,0.0,10.007097376366227,288.15,101325.0,1.2250122659906946,340.29228686527705
34.4,-0.7987570115522474,-2.144702680911222,-0.3669269927186965,-10.667711676131615,0.0,0.0,0.0,0.0,10.887353094878854,288.15,101325.0,1.2250122659906946,340.29228686527705
34.45,-1.298691275760276,-1.96345266126212,-0.18711173042078194,-10.427515893575594,0.0,0.0,0.0,0.0,10.612409946070212,288.15,101325.0,1.2250122659906946,340.29228686527705
34.5,-0.7884501958621171,-2.1242385027772546,-0.4248612286262783,-10.555273498427193,0.0,0.0,0.0,0.0,10.77528166253071,288.15,101325.0,1.2250122659906946,340.29228686527705
34.55,-0.9847356370224183,-1.4415769020323632,0.39018235186343353,-9.956616851946022,0.0,0.0,0.0,0.0,10.067999074723557,288.15,101325.0,1.2250122659906946,340.29228686527705
34.6,-0.6655622273808435,-1.7615399204231004,-0.023247116305718837,-10.327087242135724,0.0,0.0,0.0,0.0,10.476272916755423,288.15,101325.0,1.2250122659906946,340.29228686527705
34.65,-1.3789780431449936,-1.904846117650651,-0.13796247030051248,-10.441949249659494,0.0,0.0,0.0,0.0,10.615167285898261,288.15,101325.0,1.2250122659906946,340.29228686527705
34.7,-0.9159527367753644,-1.7591744016240716,0.03408799458038558,-10.247543313429198,0.0,0.0,0.0,0.0,10.397499724804584,288.15,101325.0,1.2250122659906946,340.29228686527705
34.75,-1.0520767787479004,-1.1652961935842225,0.6109736315473837,-9.682186577163378,0.0,0.0,0.0,0.0,9.771179095289922,288.15,101325.0,1.2250122659906946,340.29228686527705
34.8,-1.114528096448225,-1.5669056817690814,0.16794507021973232,-10.074086804071344,0.0,0.0,0.0,0.0,10.19659864357403,288.15,101325.0,1.2250122659906946,340.29228686527705
34.85,-1.0544553338747944,-1.8095848815951205,-0.010348054285083425,-10.35119995721372,0.0,0.0,0.0,0.0,10.508189429209317,288.15,101325.0,1.2250122659906946,340.29228686527705
34.9,-1.1795121444459573,-1.7191694061800855,0.09675664115142349,-10.168858759732528,0.0,0.0,0.0,0.0,10.313612062228318,288.15,101325.0,1.2250122659906946,340.29228686527705
34.95,-0.7311038478025574,-1.88853046181622,-0.11746288573165242,-10.367042248519123,0.0,0.0,0.0,0.0,10.538306781324627,288.15,101325.0,1.2250122659906946,340.29228686527705
35.0,-1.1343623695150153,-1.7267942008942097,0.10085152945332386,-10.142457218738494,0.0,0.0,0.0,0.0,10.288898273244591,288.15,101325.0,1.2250122659906946,340.29228686527705
35.05,-1.6242834156713108,-1.3134032354630283,0.4989230410427624,-9.742110869759054,0.0,0.0,0.0,0.0,9.842899799270825,288.15,101325.0,1.2250122659906946,340.29228686527705
35.1,-1.1878135808119126,-1.4946513155363124,0.22143303975495085,-9.949164285299396,0.0,0.0,0.0,0.0,10.063244264252289,288.15,101325.0,1.2250122659906946,340.29228686527705
35.15,-1.134329559955027,-0.9306284916677715,0.7975014201663662,-9.413754933823585,0.0,0.0,0.0,0.0,9.493200717290195,288.15,101325.0,1.2250122659906946,340.29228686527705
35.2,-0.8274621000542889,-2.0210454027973817,-0.20285523540278386,-10.50982403844747,0.0,0.0,0.0,0.0,10.704306427126749,288.15,101325.0,1.2250122659906946,340.29228686527705
35.25,-0.9712203796131714,-0.9498379834715999,0.8316986376041049,-9.530587691206241,0.0,0.0,0.0,0.0,9.613845045475292,288.15,101325.0,1.2250122659906946,340.29228686527705
35.3,-1.3544187911207668,-2.104652580850223,-0.32003775905881493,-10.60703672576968,0.0,0.0,0.0,0.0,10.81855881137269,288.15,101325.0,1.2250122659906946,340.29228686527705
35.35,-1.1310708124569848,-1.6712538648836055,0.19713790139332305,-10.106955542267846,0.0,0.0,0.0,0.0,10.246096972332094,288.15,101325.0,1.2250122659906946,340.29228686527705
35.4,-1.1978027129790312,-1.2695534261739014,0.5513113216686489,-9.647119208528519,0.0,0.0,0.0,0.0,9.745902682608206,288.15,101325.0,1.2250122659906946,340.29228686527705
35.45,-1.1879864287894653,-2.1268399419394255,-0.36914044255264766,-10.568617685391335,0.0,0.0,0.0,0.0,10.78681568327388,288.15,101325.0,1.2250122659906946,340.29228686527705
35.5,-1.0872384527182808,-1.411430002243963,0.37892466303941225,-9.984581771592843,0.0,0.0,0.0,0.0,10.090965845998985,288.15,101325.0,1.2250122659906946,340.29228686527705
35.55,-0.9773090612563444,-1.9609724359228726,-0.1402467158204737,-10.449173122346863,0.0,0.0,0.0,0.0,10.63251150841248,288.15,101325.0,1.2250122659906946,340.29228686527705
35.6,-1.5267319228519296,-1.5584797912875337,0.175007558378334,-10.027483054440408,0.0,0.0,0.0,0.0,10.149379454549461,288.15,101325.0,1.2250122659906946,340.29228686527705
35.65,-1.1222352675053133,-1.0896417625270722,0.7089964621971695,-9.591728834473209,0.0,0.0,0.0,0.0,9.679424424422972,288.15,101325.0,1.2250122659906946,340.29228686527705
35.7,-0.938786893307928,-1.0724703759539516,0.6941152811342419,-9.537064049633702,0.0,0.0,0.0,0.0,9.622243990754884,288.15,101325.0,1.2250122659906946,340.29228686527705
35.75,-1.2013098169034326,-1.2977772319358827,0.43116168101987407,-9.804221959648753,0.0,0.0,0.0,0.0,9.899136041744748,288.15,101325.0,1.2250122659906946,340.29228686527705
35.8,-0.9472203770748271,-3.0854461894003147,-1.3147771702430633,-11.54952692666844,0.0,0.0,0.0,0.0,12.026644977919512,288.15,101325.0,1.2250122659906946,340.29228686527705
35.85,-1.248632030409479,-1.606547666287327,0.20327305313782745,-10.028661020150063,0.0,0.0,0.0,0.0,10.158560783657423,288.15,101325.0,1.2250122659906946,340.29228686527705
35.9,-1.4201559452327341,-2.4574849739961993,-0.6866533020428125,-10.990265428715064,0.0,0.0,0.0,0.0,11.282582122379297,288.15,101325.0,1.2250122659906946,340.29228686527705
35.95,-1.0017962291084994,-0.9195341672068511,0.8376191101088154,-9.357291885957764,0.0,0.0,0.0,0.0,9.439600642892223,288.15,101325.0,1.2250122659906946,340.29228686527705
36.0,-0.9236737522286705,-1.769213776336484,0.0019464075408490294,-10.151858063193648,0.0,0.0,0.0,0.0,10.304869883220798,288.15,101325.0,1.2250122659906946,340.29228686527705
36.05,-1.2382863699016886,-2.273153844939811,-0.43657584750577066,-10.670657142682069,0.0,0.0,0.0,0.0,10.918825519718771,288.15,101325.0,1.2250122659906946,340.29228686527705
36.1,-1.5224439475396694,-1.5145063832073586,0.3225380921903488,-9.93296605885897,0.0,0.0,0.0,0.0,10.052938631670537,288.15,101325.0,1.2250122659906946,340.29228686527705
36.15,-0.9666615570401336,-0.7383418755783758,0.9969289272070753,-9.223236315490464,0.0,0.0,0.0,0.0,9.306293791973095,288.15,101325.0,1.2250122659906946,340.29228686527705
36.2,-1.0791513286469967,-1.9291059929227294,-0.13784014234535547,-10.371851517731077,0.0,0.0,0.0,0.0,10.550628120762887,288.15,101325.0,1.2250122659906946,340.29228686527705
36.25,-0.945509349339223,-2.320531819407948,-0.528336054853247,-10.68545610037863,0.0,0.0,0.0,0.0,10.947281808049958,288.15,101325.0,1.2250122659906946,340.29228686527705
36.3,-0.9386247237610851,-1.9715907180648948,-0.19982220137854673,-10.482867080715321,0.0,0.0,0.0,0.0,10.66853322175398,288.15,101325.0,1.2250122659906946,340.29228686527705
36.35,-0.8593716579682309,-1.5636224390725588,0.22705868395235712,-10.095463060469989,0.0,0.0,0.0,0.0,10.218358243046847,288.15,101325.0,1.2250122659906946,340.29228686527705
36.4,-1.2428862777518532,-1.0513243596840116,0.7155973382404897,-9.504569141577925,0.0,0.0,0.0,0.0,9.58927510434429,288.15,101325.0,1.2250122659906946,340.29228686527705
36.45,-0.8904407199195101,-1.5769845496837553,0.23432056969346227,-10.121961784832395,0.0,0.0,0.0,0.0,10.246750547023684,288.15,101325.0,1.2250122659906946,340.29228686527705
36.5,-0.7061045251051526,-2.7124856457555517,-0.8712899918957505,-11.180612826609025,0.0,0.0,0.0,0.0,11.537886626542223,288.15,101325.0,1.2250122659906946,340.29228686527705
36.55,-1.2537063250440927,-1.3647654831149663,0.38505670160158606,-9.880946083844718,0.0,0.0,0.0,0.0,9.982181575146615,288.15,101325.0,1.2250122659906946,340.29228686527705
36.6,-0.9096570831249969,-1.6507683293487792,0.18086806020386884,-10.177338977743446,0.0,0.0,0.0,0.0,10.311933766286462,288.15,101325.0,1.2250122659906946,340.29228686527705
36.65,-0.9117556944434927,-1.5045399230893681,0.3454666434648322,-9.979388093406126,0.0,0.0,0.0,0.0,10.098077752757332,288.15,101325.0,1.2250122659906946,340.29228686527705
36.7,-1.4437688276811593,-2.8544829399982175,-1.047938569317053,-11.342386841178133,0.0,0.0,0.0,0.0,11.742912217790526,288.15,101325.0,1.2250122659906946,340.29228686527705
36.75,-1.3543382294496324,-1.2753692851422842,0.5506977365730549,-9.768014363146134,0.0,0.0,0.0,0.0,9.866303229131983,288.15,101325.0,1.2250122659906946,340.29228686527705
36.8,-1.2285933928902195,-0.731504872838211,1.0408062310941943,-9.21376839131705,0.0,0.0,0.0,0.0,9.301177611383611,288.15,101325.0,1.2250122659906946,340.29228686527705
36.85,-1.1142066931594394,-1.1123741902495408,0.7271981161012782,-9.597832106447393,0.0,0.0,0.0,0.0,9.689405274976735,288.15,101325.0,1.2250122659906946,340.29228686527705
36.9,-0.5751274958230431,-1.7577656270725526,0.028545948899885126,-10.334796658717044,0.0,0.0,0.0,0.0,10.483252207590226,288.15,101325.0,1.2250122659906946,340.29228686527705
36.95,-0.9144123495634305,-2.6775537742260687,-0.900728849261031,-11.178470899914242,0.0,0.0,0.0,0.0,11.529909727920375,288.15,101325.0,1.2250122659906946,340.29228686527705
37.0,-1.132271966989262,-2.563351610457083,-0.7182767313964951,-11.049870471839752,0.0,0.0,0.0,0.0,11.36601646955232,288.15,101325.0,1.2250122659906946,340.29228686527705
37.05,-0.9001088022898086,-1.7433244468121312,0.02440484782856002,-10.210263138269951,0.0,0.0,0.0,0.0,10.358052378520034,288.15,101325.0,1.2250122659906946,340.29228686527705
37.1,-1.0244312998911924,-1.0144370621585583,0.7806118039391916,-9.555625958587697,0.0,0.0,0.0,0.0,9.640976340701451,288.15,101325.0,1.2250122659906946,340.29228686527705
37.15,-1.0736628337056944,-0.9611700677255454,0.7916356212175606,-9.443378248092998,0.0,0.0,0.0,0.0,9.525120870226688,288.15,101325.0,1.2250122659906946,340.29228686527705
37.2,-0.9121810836983969,-1.546851628386376,0.25329758676863257,-10.032615530375594,0.0,0.0,0.0,0.0,10.154323414587402,288.15,101325.0,1.2250122659906946,340.29228686527705
37.25,-0.7257164506887114,-2.0074163145387565,-0.2607231961896741,-10.502662144251437,0.0,0.0,0.0,0.0,10.695962273736754,288.15,101325.0,1.2250122659906946,340.29228686527705
37.3,-1.0564558831336233,-2.5793967198922054,-0.755111364792509,-11.048559717979813,0.0,0.0,0.0,0.0,11.370758657785137,288.15,101325.0,1.2250122659906946,340.29228686527705
37.35,-0.7835083675886032,-1.9078073992049898,-0.2022409991621822,-10.406705030399525,0.0,0.0,0.0,0.0,10.582066909821833,288.15,101325.0,1.2250122659906946,340.29228686527705
37.4,-0.9754477102576288,-1.2478220458189142,0.5611634974265716,-9.694770637066672,0.0,0.0,0.0,0.0,9.79083970015881,288.15,101325.0,1.2250122659906946,340.29228686527705
37.45,-0.8442679637519098,-2.321834570023094,-0.5439525819969657,-10.833733999814081,0.0,0.0,0.0,0.0,11.093087602680468,288.15,101325.0,1.2250122659906946,340.29228686527705
37.5,-0.8132988311700144,-1.3765456858877632,0.45172817133633386,-9.835057946283108,0.0,0.0,0.0,0.0,9.941192140425693,288.15,101325.0,1.2250122659906946,340.29228686527705
37.55,-0.7305339404488271,-1.151180074717947,0.6227982193945036,-9.720219874499108,0.0,0.0,0.0,0.0,9.807944106443308,288.15,101325.0,1.2250122659906946,340.29228686527705
37.6,-0.750785973246501,-0.9720958955875761,0.7375096440901365,-9.472863741715651,0.0,0.0,0.0,0.0,9.55112759701467,288.15,101325.0,1.2250122659906946,340.29228686527705
37.65,-0.7693435717697492,-2.8585800909781427,-1.077610646607875,-11.318337414528541,0.0,0.0,0.0,0.0,11.723373519227982,288.15,101325.0,1.2250122659906946,340.29228686527705
37.7,-0.6973171980662785,-1.343598670179795,0.4110684155879216,-9.817986337094357,0.0,0.0,0.0,0.0,9.918018468634465,288.15,101325.0,1.2250122659906946,340.29228686527705
37.75,-0.7544091220093948,-1.6258164137821598,0.17771781761113242,-10.068796199728492,0.0,0.0,0.0,0.0,10.200760733675056,288.15,101325.0,1.2250122659906946,340.29228686527705
37.8,-1.05084972903544,-1.557799040837603,0.175937937069138,-10.095986165931139,0.0,0.0,0.0,0.0,10.21697747242342,288.15,101325.0,1.2250122659906946,340.29228686527705
37.85,-0.7811204775739801,-2.1056766150226376,-0.2989269959242058,-10.56629652655259,0.0,0.0,0.0,0.0,10.778211987290971,288.15,101325.0,1.2250122659906946,340.29228686527705
37.9,-1.1629090021147992,-2.033860240179906,-0.2453049324273408,-10.49200159943507,0.0,0.0,0.0,0.0,10.690129070736514,288.15,101325.0,1.2250122659906946,340.29228686527705
37.95,-0.7570157294520706,-1.873466293279427,-0.02735380236108864,-10.294241014793553,0.0,0.0,0.0,0.0,10.46336572299829,288.15,101325.0,1.2250122659906946,340.29228686527705
38.0,-0.8203350379016573,-1.8853939729839848,-0.04814987745729868,-10.401063323054919,0.0,0.0,0.0,0.0,10.570673918642166,288.15,101325.0,1.2250122659906946,340.29228686527705
38.05,-0.3918650971560206,-1.6726477800215953,0.031764321768568804,-10.286381035412454,0.0,0.0,0.0,0.0,10.4215351255869,288.15,101325.0,1.2250122659906946,340.29228686527705
38.1,-0.33019450888205304,-1.7498685051964893,0.052727235240422554,-10.167681979280719,0.0,0.0,0.0,0.0,10.317295032061677,288.15,101325.0,1.2250122659906946,340.29228686527705
38.15,-0.8682948242732419,-0.8549259940220842,0.9614465481779474,-9.37382153199522,0.0,0.0,0.0,0.0,9.461702174236683,288.15,101325.0,1.2250122659906946,340.29228686527705
38.2,-1.0765638882854667,-2.1716276948182043,-0.48448703365736806,-10.718489643923952,0.0,0.0,0.0,0.0,10.946995696426876,288.15,101325.0,1.2250122659906946,340.29228686527705
38.25,-0.5168356813425324,-1.6493636377366565,0.1877706940738313,-10.167648750887885,0.0,0.0,0.0,0.0,10.302268651344365,288.15,101325.0,1.2250122659906946,340.29228686527705
38.3,-0.37918186919044816,-2.397700287631499,-0.6053295690077297,-10.951414410060712,0.0,0.0,0.0,0.0,11.227148709147334,288.15,101325.0,1.2250122659906946,340.29228686527705
38.35,-0.4859621717300033,-2.2607371101843325,-0.4354519110262377,-10.685196267333302,0.0,0.0,0.0,0.0,10.930414901531165,288.15,101325.0,1.2250122659906946,340.29228686527705
38.4,-0.8606134409102548,-1.2434731211122985,0.6220218690823298,-9.704045177378056,0.0,0.0,0.0,0.0,9.803143853536973,288.15,101325.0,1.2250122659906946,340.29228686527705
38.45,-0.534373250580304,-1.7074107024703893,0.06285817885572241,-10.166234405156459,0.0,0.0,0.0,0.0,10.308808099782748,288.15,101325.0,1.2250122659906946,340.29228686527705
38.5,-0.8064570677938944,-2.343966284277678,-0.603266922576001,-10.897443464522402,0.0,0.0,0.0,0.0,11.162991668193918,288.15,101325.0,1.2250122659906946,340.29228686527705
38.55,-0.8438519171724912,-1.4436853047159857,0.3581283108912887,-9.924034347243412,0.0,0.0,0.0,0.0,10.034886191252081,288.15,101325.0,1.2250122659906946,340.29228686527705
38.6,-0.8485046040398125,-2.018738228350282,-0.22260379491368026,-10.513840226966565,0.0,0.0,0.0,0.0,10.70820679676542,288.15,101325.0,1.2250122659906946,340.29228686527705
38.65,-0.2841283341550859,-1.942838727090326,-0.04857800546747265,-10.398777809915178,0.0,0.0,0.0,0.0,10.578826120230989,288.15,101325.0,1.2250122659906946,340.29228686527705
38.7,-0.6552678155818001,-2.329064848231008,-0.4807814312276016,-10.83554800295221,0.0,0.0,0.0,0.0,11.093457277880518,288.15,101325.0,1.2250122659906946,340.29228686527705
38.75,-0.47299541742507517,-1.5657996167351773,0.25629721992644255,-10.017379096589316,0.0,0.0,0.0,0.0,10.142253234340712,288.15,101325.0,1.2250122659906946,340.29228686527705
38.8,-0.6694072893231179,-2.3472252414778,-0.5392945008817659,-10.799558275388158,0.0,0.0,0.0,0.0,11.064843597467462,288.15,101325.0,1.2250122659906946,340.29228686527705
38.85,-0.6221498148527334,-1.0584330038995047,0.7580521904476358,-9.529649441005413,0.0,0.0,0.0,0.0,9.618167289855222,288.15,101325.0,1.2250122659906946,340.29228686527705
38.9,-0.8414683272948433,-2.243254851983882,-0.42738847160713944,-10.76739657002856,0.0,0.0,0.0,0.0,11.006892483025112,288.15,101325.0,1.2250122659906946,340.29228686527705
38.95,-0.7124146200980994,-1.619685477756716,0.16083204892652822,-10.173561236464296,0.0,0.0,0.0,0.0,10.302941144493976,288.15,101325.0,1.2250122659906946,340.29228686527705
39.0,-0.5979835804125112,-1.5448416225095882,0.2853783364313644,-10.084044195417478,0.0,0.0,0.0,0.0,10.205680955657751,288.15,101325.0,1.2250122659906946,340.29228686527705
39.05,-1.3465973656488797,-1.9873911827613269,-0.175224683883536,-10.509732417030813,0.0,0.0,0.0,0.0,10.697425058431019,288.15,101325.0,1.2250122659906946,340.29228686527705
39.1,-0.7861217951236402,-1.2751728630372345,0.4794696565389335,-9.749146340558719,0.0,0.0,0.0,0.0,9.843871766322314,288.15,101325.0,1.2250122659906946,340.29228686527705
39.15,-0.7848577113834572,-1.903988953700975,-0.10997875104282714,-10.390515170081068,0.0,0.0,0.0,0.0,10.564093655452941,288.15,101325.0,1.2250122659906946,340.29228686527705
39.2,-0.5987123697126021,-0.8697454597830582,0.9011563935757182,-9.33877520876767,0.0,0.0,0.0,0.0,9.422380931080491,288.15,101325.0,1.2250122659906946,340.29228686527705
39.25,-0.7217051394929077,-1.966179269597099,-0.1661804499035698,-10.503306875296857,0.0,0.0,0.0,0.0,10.687045063008847,288.15,101325.0,1.2250122659906946,340.29228686527705
39.3,-0.7235658558831273,-2.0024173086259935,-0.19253474532493137,-10.460436624086322,0.0,0.0,0.0,0.0,10.652111484234887,288.15,101325.0,1.2250122659906946,340.29228686527705
39.35,-0.5688215648747893,-2.1123411184856646,-0.4159939019432166,-10.616340264494076,0.0,0.0,0.0,0.0,10.832438162242946,288.15,101325.0,1.2250122659906946,340.29228686527705
39.4,-0.07453677726998409,-1.5408605960282613,0.25394457012899824,-10.068035327787362,0.0,0.0,0.0,0.0,10.188428464815608,288.15,101325.0,1.2250122659906946,340.29228686527705
39.45,-0.7101977957203721,-2.1786955649905675,-0.3258044911643808,-10.623344837464156,0.0,0.0,0.0,0.0,10.849346453452798,288.15,101325.0,1.2250122659906946,340.29228686527705
39.5,-0.568630170649028,-1.7210813378244216,0.07533035698809797,-10.177805930210283,0.0,0.0,0.0,0.0,10.32257376757924,288.15,101325.0,1.2250122659906946,340.29228686527705
39.55,-0.5128704504391067,-1.1309746499443079,0.5736215502888112,-9.662872251117273,0.0,0.0,0.0,0.0,9.745729602404563,288.15,101325.0,1.2250122659906946,340.29228686527705
39.6,-0.7684106018461578,-1.325953459293912,0.41727404413977826,-9.80085988327073,0.0,0.0,0.0,0.0,9.898945633532483,288.15,101325.0,1.2250122659906946,340.29228686527705
39.65,-0.6994173996895002,-1.8307179902041575,-0.0579332361934342,-10.24172600655871,0.0,0.0,0.0,0.0,10.404222037852422,288.15,101325.0,1.2250122659906946,340.29228686527705
39.7,-0.5357187092163124,-1.034529617764851,0.760283254670259,-9.524654272569547,0.0,0.0,0.0,0.0,9.610791911665865,288.15,101325.0,1.2250122659906946,340.29228686527705
39.75,-0.4895560659927992,-1.1705901271592656,0.6173911925775039,-9.583408717850876,0.0,0.0,0.0,0.0,9.674356608263682,288.15,101325.0,1.2250122659906946,340.29228686527705
39.8,-0.5533662314265936,-1.540547110330604,0.20686310492857346,-10.05997909721818,0.0,0.0,0.0,0.0,10.179354457911138,288.15,101325.0,1.2250122659906946,340.29228686527705
39.85,-0.07661540618535456,-1.4026501873596573,0.3594730410580228,-9.91733704850003,0.0,0.0,0.0,0.0,10.022485846779674,288.15,101325.0,1.2250122659906946,340.29228686527705
39.9,-0.5543121335941894,-2.533078693712026,-0.8126727581745579,-10.997467155134478,0.0,0.0,0.0,0.0,11.314645752681722,288.15,101325.0,1.2250122659906946,340.29228686527705
39.95,-0.4703836847089389,-1.5584418701591067,0.07569966404034814,-10.08364978840109,0.0,0.0,0.0,0.0,10.203649570468508,288.15,101325.0,1.2250122659906946,340.29228686527705
40.0,-0.5445029774571608,-1.7609531765776616,-0.08937810317301194,-10.267716733248932,0.0,0.0,0.0,0.0,10.418010916180972,288.15,101325.0,1.2250122659906946,340.29228686527705
40.05,-0.7487473298004164,-1.5477031165841506,0.32454890685495935,-9.975395984223445,0.0,0.0,0.0,0.0,10.099962473795943,288.15,101325.0,1.2250122659906946,340.29228686527705
40.1,-0.4134791566997131,-1.794628877496967,0.0034482694261097346,-10.325129514822889,0.0,0.0,0.0,0.0,10.47993340610401,288.15,101325.0,1.2250122659906946,340.29228686527705
40.15,-0.2625239966496217,-2.0854388637834633,-0.3621947681044685,-10.649666571299122,0.0,0.0,0.0,0.0,10.857975795905363,288.15,101325.0,1.2250122659906946,340.29228686527705
40.2,-0.24035137283551405,-2.6522354981916485,-0.9286025536923588,-11.149253446670166,0.0,0.0,0.0,0.0,11.497934956272733,288.15,101325.0,1.2250122659906946,340.29228686527705
40.25,-0.997720182870059,-2.1050328325667285,-0.2740378310383128,-10.590075175548058,0.0,0.0,0.0,0.0,10.800738501731413,288.15,101325.0,1.2250122659906946,340.29228686527705
40.3,-0.33786384744953835,-2.1096693723042907,-0.3099255616868143,-10.595348092965573,0.0,0.0,0.0,0.0,10.807782377774585,288.15,101325.0,1.2250122659906946,340.29228686527705
40.35,-1.1019791775464043,-1.8857683973203725,-0.09708014406772486,-10.391021395792313,0.0,0.0,0.0,0.0,10.561196553919356,288.15,101325.0,1.2250122659906946,340.29228686527705
40.4,-1.0656570679547719,-1.7113136876915014,0.05970942852003566,-10.28343691347007,0.0,0.0,0.0,0.0,10.425029232901618,288.15,101325.0,1.2250122659906946,340.29228686527705
40.45,-0.8065723599081938,-0.5240912608477164,1.3032205712640086,-9.019855365442819,0.0,0.0,0.0,0.0,9.128573071437302,288.15,101325.0,1.2250122659906946,340.29228686527705
40.5,-0.5283010289772515,-0.8889187799056675,0.8316770800608039,-9.408692153304852,0.0,0.0,0.0,0.0,9.487115019774333,288.15,101325.0,1.2250122659906946,340.29228686527705
40.55,-0.6165842628556241,-1.7181959806259868,0.024146305374453617,-10.156176540267637,0.0,0.0,0.0,0.0,10.300519520343876,288.15,101325.0,1.2250122659906946,340.29228686527705
40.6,-0.5936946852978832,-1.8329517774239699,-0.046348642910539,-10.327145537243824,0.0,0.0,0.0,0.0,10.488650788470192,288.15,101325.0,1.2250122659906946,340.29228686527705
40.65,-0.9095991707511222,-2.0640264513473885,-0.2874575323227099,-10.581683307607879,0.0,0.0,0.0,0.0,10.784936654763344,288.15,101325.0,1.2250122659906946,340.29228686527705
40.7,-0.5005496503034487,-1.4636376366105113,0.32464915773366076,-10.011893801391462,0.0,0.0,0.0,0.0,10.123519629914329,288.15,101325.0,1.2250122659906946,340.29228686527705
40.75,-0.5070985964715254,-1.5091189389978474,0.3269554288142157,-9.98234563323082,0.0,0.0,0.0,0.0,10.101067476546996,288.15,101325.0,1.2250122659906946,340.29228686527705
40.8,-0.4839427978769639,-1.6683418449876093,0.15570466716976955,-10.136869411618644,0.0,0.0,0.0,0.0,10.27442114784696,288.15,101325.0,1.2250122659906946,340.29228686527705
40.85,-0.253629939702004,-1.6324006347430444,0.1427403713205941,-10.087627076551643,0.0,0.0,0.0,0.0,10.219849640845606,288.15,101325.0,1.2250122659906946,340.29228686527705
40.9,-0.5277479071122596,-1.143078093185124,0.6234299117886312,-9.643466711900498,0.0,0.0,0.0,0.0,9.730968225493573,288.15,101325.0,1.2250122659906946,340.29228686527705
40.95,-0.9056270211488844,-0.5095773744757146,1.2791421312092088,-9.01134996907842,0.0,0.0,0.0,0.0,9.11593670215089,288.15,101325.0,1.2250122659906946,340.29228686527705
41.0,-0.5927350062146093,-1.798735448015189,-0.04157810642777561,-10.298397389695676,0.0,0.0,0.0,0.0,10.454385048723394,288.15,101325.0,1.2250122659906946,340.29228686527705
41.05,-0.44807442033736306,-1.2321319005770213,0.5963991954899512,-9.613937877763322,0.0,0.0,0.0,0.0,9.71090328127579,288.15,101325.0,1.2250122659906946,340.29228686527705
41.1,-0.49668212973275905,-1.414940968473504,0.3565507134288022,-9.941905461927409,0.0,0.0,0.0,0.0,10.048416321461476,288.15,101325.0,1.2250122659906946,340.29228686527705
41.15,-0.9040607067028338,-2.302969857128236,-0.5864243574042909,-10.864876905682337,0.0,0.0,0.0,0.0,11.121740595132925,288.15,101325.0,1.2250122659906946,340.29228686527705
41.2,-0.6560053578668371,-1.8983852323671693,-0.13116416219294055,-10.457018464471274,0.0,0.0,0.0,0.0,10.628749018309101,288.15,101325.0,1.2250122659906946,340.29228686527705
41.25,-0.519990014814704,-2.4560447954165254,-0.645914222163833,-10.997657417082166,0.0,0.0,0.0,0.0,11.287064715105894,288.15,101325.0,1.2250122659906946,340.29228686527705
41.3,-0.14286679131149463,-2.8736152026652806,-1.1415404108635907,-11.36508331862266,0.0,0.0,0.0,0.0,11.778195858528534,288.15,101325.0,1.2250122659906946,340.29228686527705
41.35,-0.696569403300771,-1.6493204902225405,0.1837254294792079,-10.139269652152585,0.0,0.0,0.0,0.0,10.274181339258503,288.15,101325.0,1.2250122659906946,340.29228686527705
41.4,-0.5427783466719219,-0.5145080686533554,1.279026412290218,-9.007552776425758,0.0,0.0,0.0,0.0,9.11244391676244,288.15,101325.0,1.2250122659906946,340.29228686527705
41.45,-0.63619289806083,-2.0908002572551556,-0.2998400966266809,-10.505032317637161,0.0,0.0,0.0,0.0,10.715271988796388,288.15,101325.0,1.2250122659906946,340.29228686527705
41.5,-0.563011929773039,-1.3136750824994556,0.43074020566751103,-9.858677481866314,0.0,0.0,0.0,0.0,9.955139428386545,288.15,101325.0,1.2250122659906946,340.29228686527705
41.55,-0.5798128238871897,-1.8581436724514697,-0.0856773270003664,-10.413125975600387,0.0,0.0,0.0,0.0,10.577959684908848,288.15,101325.0,1.2250122659906946,340.29228686527705
41.6,-0.47599660341663474,-0.9734253502642585,0.8676392231614865,-9.425090805439105,0.0,0.0,0.0,0.0,9.514866863223999,288.15,101325.0,1.2250122659906946,340.29228686527705
41.65,-0.5983298900487171,-1.2379181055879271,0.5234244255772573,-9.771533848963609,0.0,0.0,0.0,0.0,9.863533247618463,288.15,101325.0,1.2250122659906946,340.29228686527705
41.7,-0.27901115148593014,-1.9474723303612096,-0.14761771873960375,-10.481506671679766,0.0,0.0,0.0,0.0,10.661914536183257,288.15,101325.0,1.2250122659906946,340.29228686527705
41.75,-0.5165859581128981,-1.3184546355929534,0.5036200280056299,-9.7751617063008,0.0,0.0,0.0,0.0,9.87652480091325,288.15,101325.0,1.2250122659906946,340.29228686527705
41.8,-0.8081599514681289,-1.9195273074550034,-0.0021281806800938774,-10.317187906027234,0.0,0.0,0.0,0.0,10.494234412356771,288.15,101325.0,1.2250122659906946,340.29228686527705
41.85,-0.493949409733499,-1.420889867113837,0.4310077655874762,-9.865350481745542,0.0,0.0,0.0,0.0,9.9764640948655,288.15,101325.0,1.2250122659906946,340.29228686527705
41.9,-0.6559960875735192,-2.2579944846755984,-0.46262814632086635,-10.821713522522511,0.0,0.0,0.0,0.0,11.064449713299812,288.15,101325.0,1.2250122659906946,340.29228686527705
41.95,-0.4462973603392539,-1.6692948566851384,0.19022752409202082,-10.084045843398881,0.0,0.0,0.0,0.0,10.223048097375258,288.15,101325.0,1.2250122659906946,340.29228686527705
42.0,-0.8584682159098584,-1.8310814055139844,-0.023822034483771792,-10.347547750238576,0.0,0.0,0.0,0.0,10.508338167684434,288.15,101325.0,1.2250122659906946,340.29228686527705
42.05,-0.05933088787766172,-2.046793837786132,-0.3092743607015618,-10.62661860088507,0.0,0.0,0.0,0.0,10.826358507515959,288.15,101325.0,1.2250122659906946,340.29228686527705
42.1,-0.8877491738625791,-2.210035183637276,-0.478813441362117,-10.692526686592169,0.0,0.0,0.0,0.0,10.92902762225576,288.15,101325.0,1.2250122659906946,340.29228686527705
42.15,-0.760947269441855,-2.431038407038368,-0.5735520434124561,-10.860419605969145,0.0,0.0,0.0,0.0,11.143950094141541,288.15,101325.0,1.2250122659906946,340.29228686527705
42.2,-0.64450099462907,-1.6746814034758388,0.08095220750426492,-10.19633146355326,0.0,0.0,0.0,0.0,10.333261168561153,288.15,101325.0,1.2250122659906946,340.29228686527705
42.25,-0.4360415571866805,-0.8585802540725851,0.887622721885105,-9.395240527630135,0.0,0.0,0.0,0.0,9.476052908311235,288.15,101325.0,1.2250122659906946,340.29228686527705
42.3,-0.20547713904742082,-2.049787673724465,-0.28587700427255314,-10.552941807549338,0.0,0.0,0.0,0.0,10.753973031510135,288.15,101325.0,1.2250122659906946,340.29228686527705
42.35,-0.19492663872494187,-1.4559632349139342,0.31355761785086433,-9.971004385708806,0.0,0.0,0.0,0.0,10.081620692178296,288.15,101325.0,1.2250122659906946,340.29228686527705
42.4,-0.788676659954417,-1.0607866393017107,0.7086623281608371,-9.560625192274328,0.0,0.0,0.0,0.0,9.645362857696226,288.15,101325.0,1.2250122659906946,340.29228686527705
42.45,-0.7748465199310581,-1.579387894569517,0.11168584098665613,-10.010866499242965,0.0,0.0,0.0,0.0,10.135304036596766,288.15,101325.0,1.2250122659906946,340.29228686527705
42.5,-0.66530867398324,-1.352360318727886,0.4537340619584692,-9.817532553685536,0.0,0.0,0.0,0.0,9.920619863361683,288.15,101325.0,1.2250122659906946,340.29228686527705
42.55,-0.7055354012922405,-1.7894017779535534,0.004017291102097337,-10.296148241731235,0.0,0.0,0.0,0.0,10.450485322571213,288.15,101325.0,1.2250122659906946,340.29228686527705
42.6,-0.8158981662316597,-2.365677528318733,-0.6026892700810855,-10.88748505776741,0.0,0.0,0.0,0.0,11.15782216238329,288.15,101325.0,1.2250122659906946,340.29228686527705
42.65,-0.7270204690448283,-1.249105957319278,0.5992408582548234,-9.60563909367133,0.0,0.0,0.0,0.0,9.705032596373876,288.15,101325.0,1.2250122659906946,340.29228686527705
42.7,-1.013994752124795,-2.1260526503457386,-0.40911843441394424,-10.709485850471818,0.0,0.0,0.0,0.0,10.926141356713062,288.15,101325.0,1.2250122659906946,340.29228686527705
42.75,-0.4722690261348659,-1.668301128892964,0.07321569612819044,-10.200884173985365,0.0,0.0,0.0,0.0,10.336664216558946,288.15,101325.0,1.2250122659906946,340.29228686527705
42.8,-0.8505700371959896,-2.423278615183499,-0.6804699398984976,-10.897741550094258,0.0,0.0,0.0,0.0,11.184636314094524,288.15,101325.0,1.2250122659906946,340.29228686527705
42.85,-0.6243658288809968,-1.7507041623054167,0.06770496410857771,-10.213868137831813,0.0,0.0,0.0,0.0,10.363042572675958,288.15,101325.0,1.2250122659906946,340.29228686527705
42.9,-0.399653472748203,-1.3795176780397347,0.4084796096386689,-9.851362682421353,0.0,0.0,0.0,0.0,9.95586617608527,288.15,101325.0,1.2250122659906946,340.29228686527705
42.95,-0.2498349431656262,-1.813606016443273,-0.026660030240204344,-10.307296330412536,0.0,0.0,0.0,0.0,10.465669361442075,288.15,101325.0,1.2250122659906946,340.29228686527705
43.0,-0.5349005959304054,-0.8153528187935537,0.9421413190058534,-9.336988162344896,0.0,0.0,0.0,0.0,9.419754690429121,288.15,101325.0,1.2250122659906946,340.29228686527705
43.05,-0.850440935678824,-1.2920825443587214,0.5151336995283313,-9.79564108320405,0.0,0.0,0.0,0.0,9.893908442106246,288.15,101325.0,1.2250122659906946,340.29228686527705
43.1,-0.7346363140103617,-1.4418549696571783,0.4027205893304763,-9.883846338243044,0.0,0.0,0.0,0.0,9.996576817320829,288.15,101325.0,1.2250122659906946,340.29228686527705
43.15,-0.847891883969099,-0.6994953420071376,1.048219060592174,-9.18872738465654,0.0,0.0,0.0,0.0,9.274738157059499,288.15,101325.0,1.2250122659906946,340.29228686527705
43.2,-0.830477257690438,-1.4209075968136173,0.4116742721514567,-9.833529131881438,0.0,0.0,0.0,0.0,9.944181680389542,288.15,101325.0,1.2250122659906946,340.29228686527705
43.25,-0.5107745133189941,-1.5623375747669561,0.18300638261529165,-10.096505289773098,0.0,0.0,0.0,0.0,10.218307545774046,288.15,101325.0,1.2250122659906946,340.29228686527705
43.3,-0.8439901557283424,-0.9785001986665076,0.7326891139291568,-9.541267389594655,0.0,0.0,0.0,0.0,9.61925565603717,288.15,101325.0,1.2250122659906946,340.29228686527705
43.35,-0.8662008089355026,-1.0155355004230078,0.8589296632118875,-9.485300747178329,0.0,0.0,0.0,0.0,9.578100165658451,288.15,101325.0,1.2250122659906946,340.29228686527705
43.4,-0.4688126322276131,-1.9748539621423336,-0.2056885613682547,-10.499262455961926,0.0,0.0,0.0,0.0,10.68535764844765,288.15,101325.0,1.2250122659906946,340.29228686527705
43.45,-0.28782498753192814,-1.0789022891249713,0.7335395509368137,-9.576334758997595,0.0,0.0,0.0,0.0,9.664796833801175,288.15,101325.0,1.2250122659906946,340.29228686527705
43.5,-0.650382232199605,-1.4012087192777807,0.43710027898370357,-9.848530708169118,0.0,0.0,0.0,0.0,9.95730885523884,288.15,101325.0,1.2250122659906946,340.29228686527705
43.55,-0.5124493875554744,-0.9432727701314829,0.8055050760463536,-9.509691730887656,0.0,0.0,0.0,0.0,9.590247064748699,288.15,101325.0,1.2250122659906946,340.29228686527705
43.6,-0.5261203053225544,-2.0180815857654695,-0.29190215160746635,-10.555672698505651,0.0,0.0,0.0,0.0,10.750817934971103,288.15,101325.0,1.2250122659906946,340.29228686527705
43.65,-0.695671671968326,-2.383437803872195,-0.6527817429289274,-10.821695220602317,0.0,0.0,0.0,0.0,11.100269691157754,288.15,101325.0,1.2250122659906946,340.29228686527705
43.7,-0.2928085162428897,-1.7446025065121737,0.012768556180345655,-10.296856304117592,0.0,0.0,0.0,0.0,10.443612913613837,288.15,101325.0,1.2250122659906946,340.29228686527705
43.75,-0.1517436057944871,-2.084509382147664,-0.3260757610410848,-10.579316004690488,0.0,0.0,0.0,0.0,10.787651824808792,288.15,101325.0,1.2250122659906946,340.29228686527705
43.8,-0.5164017688829137,-2.953313485660238,-1.2138531546097202,-11.463103248674079,0.0,0.0,0.0,0.0,11.899505708864583,288.15,101325.0,1.2250122659906946,340.29228686527705
43.85,-0.29323665996772086,-1.2358569880349684,0.6505685209047727,-9.5420660701141,0.0,0.0,0.0,0.0,9.643734068382942,288.15,101325.0,1.2250122659906946,340.29228686527705
43.9,-0.834950848622686,-1.2886219536356256,0.518639160939287,-9.794965524720968,0.0,0.0,0.0,0.0,9.892971381194016,288.15,101325.0,1.2250122659906946,340.29228686527705
43.95,-0.13791089453239413,-2.029757555051394,-0.228532949622511,-10.497483287559685,0.0,0.0,0.0,0.0,10.694358251617825,288.15,101325.0,1.2250122659906946,340.29228686527705
44.0,-0.7092665160458878,-1.9165697369755201,-0.11839421900271666,-10.441287237954528,0.0,0.0,0.0,0.0,10.616389967086542,288.15,101325.0,1.2250122659906946,340.29228686527705
44.05,-0.7415862594462996,-2.1903791685018326,-0.41076737705086774,-10.717524299698043,0.0,0.0,0.0,0.0,10.946772028980693,288.15,101325.0,1.2250122659906946,340.29228686527705
44.1,-0.3075100784043522,-2.5566802563852815,-0.8057733905540838,-11.066684207548102,0.0,0.0,0.0,0.0,11.386719634728427,288.15,101325.0,1.2250122659906946,340.29228686527705
44.15,-0.6125854234751673,-1.9551707494199848,-0.18415164631320832,-10.494034765899993,0.0,0.0,0.0,0.0,10.676205794014328,288.15,101325.0,1.2250122659906946,340.29228686527705
44.2,-0.33417137119590146,-1.2620657278473806,0.5725317063013464,-9.727927469913515,0.0,0.0,0.0,0.0,9.826147531765704,288.15,101325.0,1.2250122659906946,340.29228686527705
44.25,-0.47487900654494986,-2.2650454095863615,-0.4287505322492721,-10.783939198414625,0.0,0.0,0.0,0.0,11.027583704578975,288.15,101325.0,1.2250122659906946,340.29228686527705
44.3,-0.6505886837341547,-1.8963614442451218,-0.06609709599652469,-10.41762961598577,0.0,0.0,0.0,0.0,10.589030284647524,288.15,101325.0,1.2250122659906946,340.29228686527705
44.35,-0.6155962352483929,-2.3415090495846904,-0.560811746182069,-10.849576931389663,0.0,0.0,0.0,0.0,11.113527524332024,288.15,101325.0,1.2250122659906946,340.29228686527705
44.4,-0.8588789688032926,-1.9753841773480623,-0.2860556079296618,-10.548735602023857,0.0,0.0,0.0,0.0,10.73591138471023,288.15,101325.0,1.2250122659906946,340.29228686527705
44.45,-0.46343078360113854,-1.9912316801651821,-0.17263255740921635,-10.586857250815784,0.0,0.0,0.0,0.0,10.773873586279072,288.15,101325.0,1.2250122659906946,340.29228686527705
44.5,-0.181833269335813,-0.7613744476137682,0.9925922835710375,-9.34053788538822,0.0,0.0,0.0,0.0,9.42393646409273,288.15,101325.0,1.2250122659906946,340.29228686527705
44.55,-0.5215238301011115,-2.2219326227306864,-0.4955879716117873,-10.732369981716225,0.0,0.0,0.0,0.0,10.971160259608128,288.15,101325.0,1.2250122659906946,340.29228686527705
44.6,-0.5647691017416796,-1.3757602006087342,0.339384968576959,-9.939108229216332,0.0,0.0,0.0,0.0,10.039610085981964,288.15,101325.0,1.2250122659906946,340.29228686527705
44.65,-0.6908990859112678,-2.075477050049621,-0.26799089518473646,-10.590013022919365,0.0,0.0,0.0,0.0,10.79480430257012,288.15,101325.0,1.2250122659906946,340.29228686527705
44.7,-0.3247878219869254,-2.647716513177813,-0.9009457285433071,-11.19355604248474,0.0,0.0,0.0,0.0,11.53766886403755,288.15,101325.0,1.2250122659906946,340.29228686527705
44.75,-0.497713799416286,-1.6991168119527686,0.11415767633286536,-10.24663384596456,0.0,0.0,0.0,0.0,10.387181286999507,288.15,101325.0,1.2250122659906946,340.29228686527705
44.8,-0.608820766773693,-1.1711670872908644,0.6711704193622676,-9.72044108142149,0.0,0.0,0.0,0.0,9.813718810704067,288.15,101325.0,1.2250122659906946,340.29228686527705
44.85,-0.6901710496279703,-1.8784203332307958,-0.13950070048768398,-10.489685918997548,0.0,0.0,0.0,0.0,10.657459081457779,288.15,101325.0,1.2250122659906946,340.29228686527705
44.9,-0.6727949258485313,-1.5871925361340655,0.2173652260511728,-10.109298635756364,0.0,0.0,0.0,0.0,10.235445603155803,288.15,101325.0,1.2250122659906946,340.29228686527705
44.95,-0.8638943078045002,-1.0547145844411736,0.7029732076993803,-9.551685138051514,0.0,0.0,0.0,0.0,9.635418162272472,288.15,101325.0,1.2250122659906946,340.29228686527705
45.0,-0.4296523844930203,-2.4351177250387597,-0.5625763459323332,-10.888435049778382,0.0,0.0,0.0,0.0,11.171584861291743,288.15,101325.0,1.2250122659906946,340.29228686527705
45.05,-0.7135178745791058,-1.0081856060241163,0.7449949691578175,-9.535068641910135,0.0,0.0,0.0,0.0,9.617119616922867,288.15,101325.0,1.2250122659906946,340.29228686527705
45.1,-0.8738332713881843,-1.6117756612744343,0.17885024035003314,-10.137881820390962,0.0,0.0,0.0,0.0,10.266764631321957,288.15,101325.0,1.2250122659906946,340.29228686527705
45.15,-0.7381819978643426,-2.1195428870994077,-0.2873600779167545,-10.644269407122973,0.0,0.0,0.0,0.0,10.857048819824293,288.15,101325.0,1.2250122659906946,340.29228686527705
45.2,-0.3915862401445357,-1.4064967295709223,0.4371822756080974,-9.847453682241945,0.0,0.0,0.0,0.0,9.956992789808579,288.15,101325.0,1.2250122659906946,340.29228686527705
45.25,-0.8424879794088527,-1.7717237238813923,0.039943658783898314,-10.2987393783584,0.0,0.0,0.0,0.0,10.450102068065707,288.15,101325.0,1.2250122659906946,340.29228686527705
45.3,-0.6335636462627069,-2.4689843050247378,-0.6922682529912267,-11.060704261505869,0.0,0.0,0.0,0.0,11.354043226668292,288.15,101325.0,1.2250122659906946,340.29228686527705
45.35,-0.40612017537927547,-1.6295756325740058,0.2335680915909268,-10.133276831850504,0.0,0.0,0.0,0.0,10.266127319812792,288.15,101325.0,1.2250122659906946,340.29228686527705
45.4,-1.0573976331027068,-1.7530438659943814,0.14127111470471373,-10.208001756359593,0.0,0.0,0.0,0.0,10.358398533643653,288.15,101325.0,1.2250122659906946,340.29228686527705
45.45,-0.5331011311323737,-2.2873539096152053,-0.4407186530382692,-10.763513246833062,0.0,0.0,0.0,0.0,11.012694413889756,288.15,101325.0,1.2250122659906946,340.29228686527705
45.5,-0.8382194847995252,-0.5422299846975187,1.1936654512489024,-9.157040497679647,0.0,0.0,0.0,0.0,9.250418436046848,288.15,101325.0,1.2250122659906946,340.29228686527705
45.55,-0.6622400127851894,-2.083665470574842,-0.31656981532955164,-10.586532258409322,0.0,0.0,0.0,0.0,10.794282908076148,288.15,101325.0,1.2250122659906946,340.29228686527705
45.6,-0.40771578015806054,-1.4766131597636274,0.242136132480756,-10.041012569813795,0.0,0.0,0.0,0.0,10.151893900026659,288.15,101325.0,1.2250122659906946,340.29228686527705
45.65,-0.8214674217029647,-1.9009630927457577,-0.14273807993431759,-10.356805052573433,0.0,0.0,0.0,0.0,10.530785618198458,288.15,101325.0,1.2250122659906946,340.29228686527705
45.7,-0.7359830149314815,-2.116432922259189,-0.28423714945133827,-10.581479191379614,0.0,0.0,0.0,0.0,10.794803423367679,288.15,101325.0,1.2250122659906946,340.29228686527705
45.75,-0.9709992453326994,-1.809697354404536,0.016407015827770946,-10.224793327646962,0.0,0.0,0.0,0.0,10.383721505211943,288.15,101325.0,1.2250122659906946,340.29228686527705
45.8,-0.20811825776137582,-2.048022396385422,-0.28744883583959546,-10.496810403692491,0.0,0.0,0.0,0.0,10.698600432785064,288.15,101325.0,1.2250122659906946,340.29228686527705
45.85,-0.41676765292837104,-0.9730839361583755,0.7597072256027614,-9.524945706219672,0.0,0.0,0.0,0.0,9.604615459344277,288.15,101325.0,1.2250122659906946,340.29228686527705
45.9,-0.6653439022696653,-1.6219681315083667,0.05154728175891999,-10.16488740269546,0.0,0.0,0.0,0.0,10.293608388284563,288.15,101325.0,1.2250122659906946,340.29228686527705
45.95,-0.7347328432403023,-1.9070723075185319,-0.22850388938286242,-10.436386807579773,0.0,0.0,0.0,0.0,10.611659079097494,288.15,101325.0,1.2250122659906946,340.29228686527705
46.0,-0.6114530330881218,-2.291517280049309,-0.540553139207565,-10.81050386548662,0.0,0.0,0.0,0.0,11.063916258123653,288.15,101325.0,1.2250122659906946,340.29228686527705
46.05,-1.2430073186113741,-1.3410523611708214,0.49304420829678014,-9.785608824659151,0.0,0.0,0.0,0.0,9.889370763399656,288.15,101325.0,1.2250122659906946,340.29228686527705
46.1,-0.8903783512987548,-2.4538709691827973,-0.6313325773923172,-10.922119853155063,0.0,0.0,0.0,0.0,11.212170425183473,288.15,101325.0,1.2250122659906946,340.29228686527705
46.15,-1.0359980969245666,-1.0996997875297798,0.6328936091387966,-9.586372759401668,0.0,0.0,0.0,0.0,9.669976040579424,288.15,101325.0,1.2250122659906946,340.29228686527705
46.2,-0.5025515826421194,-1.7531893153460676,0.005877395391390344,-10.287265059104794,0.0,0.0,0.0,0.0,10.43558957201262,288.15,101325.0,1.2250122659906946,340.29228686527705
46.25,-1.034304403486968,-1.6017952539043425,0.19976558664060878,-10.089060712005109,0.0,0.0,0.0,0.0,10.21737737267061,288.15,101325.0,1.2250122659906946,340.29228686527705
46.3,-0.9491053963919377,-0.6169842172336888,1.1011024349324445,-9.175454469731003,0.0,0.0,0.0,0.0,9.261860548649837,288.15,101325.0,1.2250122659906946,340.29228686527705
46.35,-0.8933453616101764,-0.8884557817906747,0.8374481263953001,-9.418847502839599,0.0,0.0,0.0,0.0,9.497650305330684,288.15,101325.0,1.2250122659906946,340.29228686527705
46.4,-0.5377622298195892,-1.2150985599491277,0.5768650721434667,-9.77218463305468,0.0,0.0,0.0,0.0,9.864321077720431,288.15,101325.0,1.2250122659906946,340.29228686527705
46.45,-0.7259743216842909,-1.552137075306477,0.22860043186746407,-10.009414207025026,0.0,0.0,0.0,0.0,10.131621806294655,288.15,101325.0,1.2250122659906946,340.29228686527705
46.5,-0.907574148439565,-1.7009560594635205,0.12007376588836854,-10.151750923604311,0.0,0.0,0.0,0.0,10.29396503007375,288.15,101325.0,1.2250122659906946,340.29228686527705
46.55,-0.8070430134822995,-1.0435001524524754,0.7125187699170327,-9.613194358754061,0.0,0.0,0.0,0.0,9.695879606556247,288.15,101325.0,1.2250122659906946,340.29228686527705
46.6,-0.7187758899383323,-1.502897416594647,0.2883331668946624,-9.988002874234954,0.0,0.0,0.0,0.0,10.104555313108246,288.15,101325.0,1.2250122659906946,340.29228686527705
46.65,-0.4027200645821018,-1.3989435905180825,0.4287351416073628,-9.890727156030575,0.0,0.0,0.0,0.0,9.998366899956281,288.15,101325.0,1.2250122659906946,340.29228686527705
46.7,-0.45795685394300273,-1.347378324468325,0.4650419303235508,-9.77007031347139,0.0,0.0,0.0,0.0,9.873498178274055,288.15,101325.0,1.2250122659906946,340.29228686527705
46.75,-0.9099310521847885,-1.6747350120212936,0.17359004682367185,-10.212434653968131,0.0,0.0,0.0,0.0,10.350299146711432,288.15,101325.0,1.2250122659906946,340.29228686527705
46.8,-0.7155819111113565,-1.5498315594218592,0.21581808225372093,-10.096594538550685,0.0,0.0,0.0,0.0,10.217131524214572,288.15,101325.0,1.2250122659906946,340.29228686527705
46.85,-0.8191514885980362,-2.1376242343045564,-0.3516657555806072,-10.657487329739409,0.0,0.0,0.0,0.0,10.875437570704467,288.15,101325.0,1.2250122659906946,340.29228686527705
46.9,-0.6288912993218483,-1.4685263287748023,0.31413282721765223,-10.051412929954438,0.0,0.0,0.0,0.0,10.16297943026039,288.15,101325.0,1.2250122659906946,340.29228686527705
46.95,-0.3278563814674538,-1.5797604380921526,0.19029421025036225,-10.110767590052887,0.0,0.0,0.0,0.0,10.235207676851495,288.15,101325.0,1.2250122659906946,340.29228686527705
47.0,-0.6414267636510821,-1.9907484623319551,-0.16675004870785398,-10.451063098044783,0.0,0.0,0.0,0.0,10.640282181330274,288.15,101325.0,1.2250122659906946,340.29228686527705
47.05,-0.6221569496491789,-1.032139988028429,0.8077221681566463,-9.510481040449065,0.0,0.0,0.0,0.0,9.600363413775549,288.15,101325.0,1.2250122659906946,340.29228686527705
47.1,-0.42370990384823476,-0.8038317958048197,0.9894227313087148,-9.3352248938429,0.0,0.0,0.0,0.0,9.421864290882214,288.15,101325.0,1.2250122659906946,340.29228686527705
47.15,-0.7160207550842469,-1.3203679185239805,0.478903312283774,-9.863321971902304,0.0,0.0,0.0,0.0,9.962822900372888,288.15,101325.0,1.2250122659906946,340.29228686527705
47.2,-0.7335901189223949,-1.7745231440746052,0.041903763055513826,-10.23299387923061,0.0,0.0,0.0,0.0,10.38580050100067,288.15,101325.0,1.2250122659906946,340.29228686527705
47.25,-1.0016868528331324,-1.633610700084138,0.06494434386854078,-10.272603304565527,0.0,0.0,0.0,0.0,10.401888306466306,288.15,101325.0,1.2250122659906946,340.29228686527705
47.3,-0.6769752273400504,-1.5946691083534523,0.24594614510447463,-10.084740363174353,0.0,0.0,0.0,0.0,10.213003831589731,288.15,101325.0,1.2250122659906946,340.29228686527705
47.35,-0.8785504869274793,-1.922312513789528,-0.15614541007738864,-10.449932284361948,0.0,0.0,0.0,0.0,10.626417624839998,288.15,101325.0,1.2250122659906946,340.29228686527705
47.4,-0.8329696215218508,-1.6467566439493608,0.17097720360616325,-10.114026172745408,0.0,0.0,0.0,0.0,10.248637278756794,288.15,101325.0,1.2250122659906946,340.29228686527705
47.45,-0.6597375583072603,-1.5925359974303863,0.2086483655117251,-10.037050504837408,0.0,0.0,0.0,0.0,10.164747310199067,288.15,101325.0,1.2250122659906946,340.29228686527705
47.5,-1.0648110170131861,-1.9873083826321,-0.18712837946321087,-10.447817766751342,0.0,0.0,0.0,0.0,10.636790292439038,288.15,101325.0,1.2250122659906946,340.29228686527705
47.55,-0.6954142827246964,-1.6194314324506567,0.08752865585039221,-10.174733886423263,0.0,0.0,0.0,0.0,10.303175679834544,288.15,101325.0,1.2250122659906946,340.29228686527705
47.6,-0.4576712183098539,-1.719715948720466,0.09791171736078574,-10.239398169415193,0.0,0.0,0.0,0.0,10.383269452369195,288.15,101325.0,1.2250122659906946,340.29228686527705
47.65,-1.263600433441715,-1.5401407229853057,0.24971406090782505,-10.030962836423797,0.0,0.0,0.0,0.0,10.151581452390959,288.15,101325.0,1.2250122659906946,340.29228686527705
47.7,-0.7927772935265573,-2.0777716056007023,-0.2604945850474191,-10.53729578112057,0.0,0.0,0.0,0.0,10.743351183532114,288.15,101325.0,1.2250122659906946,340.29228686527705
47.75,-0.8831378046133439,-1.9065323045139744,-0.061849453617173145,-10.392001122026226,0.0,0.0,0.0,0.0,10.56562246643625,288.15,101325.0,1.2250122659906946,340.29228686527705
47.8,-1.007528783577398,-1.6017964829705493,0.1417333021543725,-10.121315566192758,0.0,0.0,0.0,0.0,10.248261759549871,288.15,101325.0,1.2250122659906946,340.29228686527705
47.85,-0.7343705090136796,-1.45895029597215,0.3985164861455506,-9.923520714109484,0.0,0.0,0.0,0.0,10.038108124502696,288.15,101325.0,1.2250122659906946,340.29228686527705
47.9,-1.0331026117410194,-1.9608300035907926,-0.14949742862115714,-10.50900704361485,0.0,0.0,0.0,0.0,10.691418653616214,288.15,101325.0,1.2250122659906946,340.29228686527705
47.95,-1.0516594261097647,-0.9383763382982115,0.8054394205365486,-9.500735099421,0.0,0.0,0.0,0.0,9.580879408582616,288.15,101325.0,1.2250122659906946,340.29228686527705
48.0,-1.0119402765862964,-0.9421689079106417,0.8391798315348586,-9.429708842693788,0.0,0.0,0.0,0.0,9.513743421948368,288.15,101325.0,1.2250122659906946,340.29228686527705
48.05,-0.9466139631255855,-1.3581110283759985,0.3695618006136956,-9.897892988587953,0.0,0.0,0.0,0.0,9.997466034121242,288.15,101325.0,1.2250122659906946,340.29228686527705
48.1,-0.775354153732723,-2.3280379720823223,-0.5211230811357719,-10.781041840639503,0.0,0.0,0.0,0.0,11.041838308668046,288.15,101325.0,1.2250122659906946,340.29228686527705
48.15,-0.9471801289453947,-1.1625709847814287,0.5453767434450565,-9.708543982153124,0.0,0.0,0.0,0.0,9.793101313697722,288.15,101325.0,1.2250122659906946,340.29228686527705
48.2,-0.8038495126436537,-2.739648751250691,-1.0344358831067275,-11.265049028667187,0.0,0.0,0.0,0.0,11.639461434910285,288.15,101325.0,1.2250122659906946,340.29228686527705
48.25,-0.9526821368202928,-1.9986060939420773,-0.326439107492961,-10.52946278803227,0.0,0.0,0.0,0.0,10.722433278607962,288.15,101325.0,1.2250122659906946,340.29228686527705
48.3,-0.982569383395306,-1.7397120742109977,-0.04347285814999251,-10.359323576248249,0.0,0.0,0.0,0.0,10.504478709006177,288.15,101325.0,1.2250122659906946,340.29228686527705
48.35,-0.8191407737028005,-1.1749549375453119,0.6432474252681062,-9.660482889547115,0.0,0.0,0.0,0.0,9.752908079881033,288.15,101325.0,1.2250122659906946,340.29228686527705
48.4,-0.6622050559444286,-1.4031691995080984,0.38007981295052373,-9.942945635726698,0.0,0.0,0.0,0.0,10.048657242720408,288.15,101325.0,1.2250122659906946,340.29228686527705
48.45,-0.7808644257489992,-2.268478665837098,-0.4495302418530075,-10.738391079164348,0.0,0.0,0.0,0.0,10.984585375187127,288.15,101325.0,1.2250122659906946,340.29228686527705
48.5,-0.3095328495056341,-0.7472650891398036,1.0905582747410845,-9.142896961606251,0.0,0.0,0.0,0.0,9.237980694643293,288.15,101325.0,1.2250122659906946,340.29228686527705
48.55,-0.5897608263439789,-2.153091111883005,-0.40974965994882756,-10.650180238323513,0.0,0.0,0.0,0.0,10.873363565552035,288.15,101325.0,1.2250122659906946,340.29228686527705
48.6,-0.8924417383912379,-1.6394214321519844,0.11543448954520752,-10.036386386298549,0.0,0.0,0.0,0.0,10.17005798649421,288.15,101325.0,1.2250122659906946,340.29228686527705
48.65,-0.6328667266391791,-2.309393657370734,-0.521140538951488,-10.73341818345503,0.0,0.0,0.0,0.0,10.991412667485735,288.15,101325.0,1.2250122659906946,340.29228686527705
48.7,-0.48833794603518244,-1.2551443310979429,0.5138218978419551,-9.78160051004665,0.0,0.0,0.0,0.0,9.875176391980757,288.15,101325.0,1.2250122659906946,340.29228686527705
48.75,-0.9081894867199494,-1.8913210638017703,-0.14794682666231396,-10.400841812256548,0.0,0.0,0.0,0.0,10.572440306451666,288.15,101325.0,1.2250122659906946,340.29228686527705
48.8,-0.9485719982980837,-2.0898323185696572,-0.32426720059399083,-10.601334835384103,0.0,0.0,0.0,0.0,10.81021963833519,288.15,101325.0,1.2250122659906946,340.29228686527705
48.85,-0.8466522349841492,-1.7492634527405757,0.07469710034353157,-10.252331778569442,0.0,0.0,0.0,0.0,10.400760029043957,288.15,101325.0,1.2250122659906946,340.29228686527705
48.9,-0.9535430875636483,-2.260944817343824,-0.42428037521267686,-10.797825540746656,0.0,0.0,0.0,0.0,11.040150438842096,288.15,101325.0,1.2250122659906946,340.29228686527705
48.95,-0.494838434888321,-2.0645149279911528,-0.3218261978368712,-10.59353655019516,0.0,0.0,0.0,0.0,10.797629861679518,288.15,101325.0,1.2250122659906946,340.29228686527705
49.0,-0.8245520044263523,-1.594049176738861,0.10480766469196308,-10.12675009202725,0.0,0.0,0.0,0.0,10.251977606823667,288.15,101325.0,1.2250122659906946,340.29228686527705
49.05,-0.8778695290323079,-2.3982362142096436,-0.7100788562044098,-10.979452077163996,0.0,0.0,0.0,0.0,11.260733405774065,288.15,101325.0,1.2250122659906946,340.29228686527705
49.1,-0.7770133027810473,-1.3849633857345358,0.4159034729803984,-9.875063775024817,0.0,0.0,0.0,0.0,9.980379944644884,288.15,101325.0,1.2250122659906946,340.29228686527705
49.15,-0.596322804604559,-0.8440629526863288,0.9851073442879948,-9.359640084121,0.0,0.0,0.0,0.0,9.449113252160346,288.15,101325.0,1.2250122659906946,340.29228686527705
49.2,-0.45134920918572097,-2.272214469448948,-0.4343698479028285,-10.72304087030372,0.0,0.0,0.0,0.0,10.969742078378335,288.15,101325.0,1.2250122659906946,340.29228686527705
49.25,-1.073172987855148,-1.5075380108049412,0.1715584679429899,-10.053743952099795,0.0,0.0,0.0,0.0,10.167589223425969,288.15,101325.0,1.2250122659906946,340.29228686527705
49.3,-0.529584791104667,-1.1242217958097531,0.6717358795912046,-9.629792059480835,0.0,0.0,0.0,0.0,9.71843602885485,288.15,101325.0,1.2250122659906946,340.29228686527705
49.35,-0.6032040382288747,-1.0803710771543917,0.7081210083363053,-9.583085849943853,0.0,0.0,0.0,0.0,9.669755500228176,288.15,101325.0,1.2250122659906946,340.29228686527705
49.4,-0.8021399102180817,-1.6895008485992062,0.08693346555938239,-10.296040799356708,0.0,0.0,0.0,0.0,10.434099227382761,288.15,101325.0,1.2250122659906946,340.29228686527705
49.45,-0.6996281503046754,-1.6094710590351067,0.19620407417252622,-10.205794413631201,0.0,0.0,0.0,0.0,10.333785982973488,288.15,101325.0,1.2250122659906946,340.29228686527705
49.5,-0.7944933763466283,-2.088408982089635,-0.35208794694111306,-10.51835119455874,0.0,0.0,0.0,0.0,10.729451516779838,288.15,101325.0,1.2250122659906946,340.29228686527705
49.55,-0.5732108008664983,-0.9963128686077423,0.7825878618036225,-9.494420115887191,0.0,0.0,0.0,0.0,9.578574864276996,288.15,101325.0,1.2250122659906946,340.29228686527705
49.6,-0.4397476772114378,-1.6902762963716342,0.09627861208356062,-10.264818593636184,0.0,0.0,0.0,0.0,10.403499617411425,288.15,101325.0,1.2250122659906946,340.29228686527705
49.65,-0.2871062406630827,-1.9810244909284949,-0.2170917674685845,-10.551072490097546,0.0,0.0,0.0,0.0,10.737630910049683,288.15,101325.0,1.2250122659906946,340.29228686527705
49.7,-0.7971463787892081,-1.9923623828090244,-0.20903764912994616,-10.514337701731346,0.0,0.0,0.0,0.0,10.703480831450834,288.15,101325.0,1.2250122659906946,340.29228686527705
49.75,-0.7731637115391383,-1.4571261777482962,0.378738777999135,-10.004205774785506,0.0,0.0,0.0,0.0,10.116856870792,288.15,101325.0,1.2250122659906946,340.29228686527705
49.8,-0.7331007352970189,-0.7677401896628214,1.0118616113591685,-9.255246601527157,0.0,0.0,0.0,0.0,9.341995427875453,288.15,101325.0,1.2250122659906946,340.29228686527705
49.85,-0.7418794979907545,-1.884982972845956,-0.11542321799996598,-10.49308447614573,0.0,0.0,0.0,0.0,10.661674594110588,288.15,101325.0,1.2250122659906946,340.29228686527705
49.9,-1.1705545999669675,-2.1546637854434563,-0.39024181653861295,-10.585802240615642,0.0,0.0,0.0,0.0,10.809906279940638,288.15,101325.0,1.2250122659906946,340.29228686527705
49.95,-0.8168836712914496,-2.7856591914524804,-1.0074238235366377,-11.538350754874852,0.0,0.0,0.0,0.0,11.91252861627933,288.15,101325.0,1.2250122659906946,340.29228686527705
50.0,-0.5785006355706003,-1.7249290173751823,-0.08951362298168747,-9.936316960003301,0.0,0.0,0.0,0.0,10.085325355849035,288.15,101325.0,1.2250122659906946,340.29228686527705
50.05,-1.060756707172249,-1.6656550298682784,0.2607034726294193,-10.796093202285519,0.0,0.0,0.0,0.0,10.926939251757656,288.15,101325.0,1.2250122659906946,340.29228686527705
50.1,-0.6040584148642274,-1.086220863162796,0.19458667146093087,-7.059528787688894,0.0,0.0,0.0,0.0,7.145256219373004,288.15,101325.0,1.2250122659906946,340.29228686527705
