time,baro_altitude,accl_x,accl_y,accl_z,gps_altitude,gyro_roll,gyro_pitch,gyro_yaw,At,T,P,rho,a
0.0,-0.2861754655646942,3.4881193561402206,-5.217171868876526,0.7228345801077006,0.0,0.0,0.0,0.0,6.317305500154011,288.15,101325.0,1.2250122659906946,340.29228686527705
0.05,0.11344233951110995,4.456183000014311,-8.945832460612024,0.20267979007291942,0.0,0.0,0.0,0.0,9.99632754766771,288.14926262479315,101323.63719435985,1.2249989245339525,340.29185146139724
0.1,0.014569505938352961,3.6670682417646923,-8.34272517846337,-0.10779939001783562,0.0,0.0,0.0,0.0,9.113729950004776,288.14990529821137,101324.82497276418,1.2250105525286845,340.29223094598
0.15,0.19213963522402377,3.565444141277526,-9.156413522279284,-0.4527849799741312,0.0,0.0,0.0,0.0,9.836529609249357,288.148751092371,101322.69179663835,1.2249896693549545,340.2915494123989
0.2,0.017032011466302982,4.36099976298828,-7.952288097743259,0.52458316042485,0.0,0.0,0.0,0.0,9.084734031026679,288.14988929192543,101324.79539007384,1.2250102629233237,340.29222149462373
0.25,0.08476327489235508,3.317046553485669,-9.285469138484746,-0.6663091447282737,0.0,0.0,0.0,0.0,9.882646550195567,288.14944903871316,101323.98172032923,1.2250022973426464,340.2919615347792
0.3,0.18309984575569108,3.7917926356780924,-8.603452661328406,-0.06791476259323503,0.0,0.0,0.0,0.0,9.402217903382136,288.14880985100257,101322.80039208263,1.2249907324747844,340.2915841081328
0.35,0.13014603853251827,4.128117892080179,-8.353809024794774,0.5007191604400549,0.0,0.0,0.0,0.0,9.331570191092542,288.14915405074953,101323.43653071768,1.2249969600944517,340.29178735075976
0.4,0.021172224382106447,4.106576262502619,-8.363804890705106,0.3774004965754568,0.0,0.0,0.0,0.0,9.325214849232593,288.1498623805415,101324.74565268379,1.2250097760096692,340.2922056040488
0.45,-0.003561308178864492,4.276421535365962,-8.17787225634847,0.47033992971643357,0.0,0.0,0.0,0.0,9.240486753347003,288.15,101325.0,1.2250122659906946,340.29228686527705
0.5,0.034666949617647255,4.783779950860018,-7.64395248576335,1.0926389909516525,0.0,0.0,0.0,0.0,9.083414566527601,288.1497746648275,101324.58353738724,1.225008188950776,340.2921538098612
0.55,0.512933829978818,3.9377594595602208,-8.488902809086948,0.1609138691131432,0.0,0.0,0.0,0.0,9.359129966869423,288.1466659301051,101318.83814090215,1.2249519429742675,340.29031816572643
0.6,0.310967743830185,4.641048290487095,-7.809526483590247,0.6687894942284911,0.0,0.0,0.0,0.0,9.109078576899039,288.1479787096651,101321.26431737185,1.2249756947014718,340.2910933363568
0.65,-0.08897540448056844,4.449588567348391,-8.074402877125078,0.5744336681775697,0.0,0.0,0.0,0.0,9.237142105648216,288.15,101325.0,1.2250122659906946,340.29228686527705
0.7,-0.022855560445032452,4.467805327014782,-8.027236968852115,0.6211059985088698,0.0,0.0,0.0,0.0,9.20780052214379,288.15,101325.0,1.2250122659906946,340.29228686527705
0.75,0.6546784760336646,5.063870079178558,-7.441579442525686,0.9657965799296859,0.0,0.0,0.0,0.0,9.052770173379232,288.14574458990575,101317.13542012568,1.2249352736525272,340.28977413132094
0.8,0.1817606297079053,3.9597918489977513,-8.40472702354051,0.12710374862312562,0.0,0.0,0.0,0.0,9.291692159694874,288.14881855590687,101322.81648016015,1.2249908899726643,340.291589248195
0.85,0.6581740097208078,4.032135997400076,-8.512650875303377,0.15079108349472747,0.0,0.0,0.0,0.0,9.420513976275092,288.1457218689368,101317.09342999417,1.2249348625762264,340.2897607149966
0.9,0.21972422324441288,4.684152013613967,-7.741272167110721,0.6618850242240335,0.0,0.0,0.0,0.0,9.072302168535776,288.14857179254886,101322.3604221815,1.2249864252879124,340.29144353961004
0.95,0.3665057994593493,4.537230379983197,-7.753940622244785,0.8302694229342112,0.0,0.0,0.0,0.0,9.02216171485525,288.1476177123035,101320.59714560339,1.224969163249259,340.29088017465796
1.0,0.2714265173446571,3.367424168046538,-9.099569336657444,-0.31954992142353805,0.0,0.0,0.0,0.0,9.70792561737378,288.14823572763726,101321.73932338532,1.2249803448918684,340.29124510023115
1.05,-0.07916092607976066,4.139088373118602,-8.231968214277462,0.34244611213252213,0.0,0.0,0.0,0.0,9.220337443991664,288.15,101325.0,1.2250122659906946,340.29228686527705
1.1,0.10404892606051466,3.968077190658757,-8.421670977042265,0.38609181477553545,0.0,0.0,0.0,0.0,9.317684558194648,288.1493236819806,101323.75003876127,1.2250000292479504,340.2918875143478
1.15,0.008732024315444281,3.477041240367365,-8.968531655173969,-0.13720801379366265,0.0,0.0,0.0,0.0,9.619937727247622,288.1499432418419,101324.89509990848,1.2250112390516072,340.2922533508499
1.2,0.24400139198390502,3.5547738670911007,-8.767190332080784,-0.23934539390192489,0.0,0.0,0.0,0.0,9.463473452314782,288.14841399095206,101322.06878057466,1.2249835701931435,340.2913503610456
1.25,-0.21531451267599871,4.6361957057307475,-7.805962213630075,1.094781033170142,0.0,0.0,0.0,0.0,9.144719908944497,288.15,101325.0,1.2250122659906946,340.29228686527705
1.3,0.37584713456770996,3.869744887826587,-8.60591209786399,0.03211673268560589,0.0,0.0,0.0,0.0,9.435977957665024,288.1475569936253,101320.48492965385,1.2249680646811196,340.29084432148363
1.35,0.016719822069785006,4.435695000852394,-8.027118581475502,0.42041568442932525,0.0,0.0,0.0,0.0,9.180782766701888,288.14989132115653,101324.79914048221,1.225010299638659,340.29222269283963
1.4,0.25944880500945244,4.571016176085577,-7.869112574180777,0.8836918431663136,0.0,0.0,0.0,0.0,9.143195987227044,288.1483135827674,101321.8832111693,1.224981753516567,340.29129107208536
1.45,0.7143648470284545,5.011292711629398,-7.529354407814193,0.9009030028842155,0.0,0.0,0.0,0.0,9.089326634064085,288.1453566284943,101316.41843896195,1.224928254523485,340.2895450469982
1.5,0.6137656809524777,4.393804753508256,-8.138042874007109,0.32599621333429585,0.0,0.0,0.0,0.0,9.254163147591354,288.1460105230738,101317.62688651246,1.2249400850231034,340.28993116004426
1.55,-0.11215006404570363,4.693733121732432,-7.6634387841443905,0.9856412680098106,0.0,0.0,0.0,0.0,9.040515102889907,288.15,101325.0,1.2250122659906946,340.29228686527705
1.6,-0.20671303077776146,4.744566182879204,-7.682500147418918,0.9396007080083559,0.0,0.0,0.0,0.0,9.07824687201788,288.15,101325.0,1.2250122659906946,340.29228686527705
1.65,0.19231507511665502,4.160525409557245,-8.21575773265832,0.4945868693570439,0.0,0.0,0.0,0.0,9.222432595397315,288.1487499520117,101322.68968907102,1.2249896487224419,340.29154873904076
1.7,0.11100402091442396,4.707079257657694,-7.658441265439848,1.0750501549815723,0.0,0.0,0.0,0.0,9.053399946417318,288.14927847386406,101323.66648621549,1.2249992112927555,340.2918608199317
1.75,0.40811851350434436,4.236326018973536,-8.25774723938596,0.5541026984558899,0.0,0.0,0.0,0.0,9.297519960132094,288.1473472296622,101320.09725956619,1.224964269479025,340.2907204599978
1.8,0.4672139119035652,4.98436132030877,-7.526981991244577,1.0502418473452226,0.0,0.0,0.0,0.0,9.088582045942342,288.1469631095726,101319.38736062312,1.224957319722472,340.29049364453886
1.85,0.30926574306150073,4.83481441130711,-7.524604355159648,1.073887550938695,0.0,0.0,0.0,0.0,9.00823709532179,288.1479897726701,101321.28476335197,1.2249758948626028,340.2910998688372
1.9,0.1518215539078471,5.063541788009799,-7.454443791834917,1.2999523991655464,0.0,0.0,0.0,0.0,9.10483739144439,288.1490131598996,101323.17614049854,1.2249944109477902,340.29170415772535
1.95,0.035775630620472065,3.882423460193588,-8.545770323535693,-0.16714037569807338,0.0,0.0,0.0,0.0,9.387829261979226,288.14976745840096,101324.57021855187,1.2250080585634524,340.2921495546255
2.0,0.3377470264046508,3.7373252101603676,-8.659940031758566,0.02394933319341086,0.0,0.0,0.0,0.0,9.432005865706149,288.14780464432835,101320.94262073022,1.2249725453692313,340.29099055428463
2.05,0.380445533380251,5.3040761583834275,-7.12652767538686,1.5388555496124918,0.0,0.0,0.0,0.0,9.016024456741425,288.14752710403303,101320.42968986872,1.2249675238963402,340.29082667227124
2.1,0.6139860954904014,4.156868004353049,-8.147443862062298,0.42902516958185616,0.0,0.0,0.0,0.0,9.156661820074248,288.14600909037927,101317.62423876983,1.2249400591021746,340.2899303140643
2.15,0.5889830196336414,4.067522363021046,-8.422585232683069,0.5326440151180597,0.0,0.0,0.0,0.0,9.36847852227502,288.14617161037233,101317.92459003995,1.224942999486777,340.2900262791437
2.2,0.5703097970753064,3.876183475449195,-8.617171789116009,0.1672875786319198,0.0,0.0,0.0,0.0,9.450313916079546,288.146292986319,101318.14890395661,1.2249451954783621,340.29009794939964
2.25,0.25582259532587914,4.608252756031378,-7.861015675551134,0.7123829923675697,0.0,0.0,0.0,0.0,9.139969936632506,288.14833715313034,101321.92677271525,1.224982179972914,340.29130498989906
2.3,-0.19830986524760802,5.129050692916453,-7.258675133038826,1.5339188618105148,0.0,0.0,0.0,0.0,9.019336603770869,288.15,101325.0,1.2250122659906946,340.29228686527705
2.35,0.20548372774688528,3.670391020776287,-8.748563492699756,-0.0534194054474052,0.0,0.0,0.0,0.0,9.487464733218907,288.1486643557696,101322.5314935578,1.2249881000310487,340.2914981962569
2.4,0.17692239967622483,4.372897098690103,-8.030349507219391,0.43706208402588526,0.0,0.0,0.0,0.0,9.154221185285184,288.1488500044021,101322.87460210646,1.2249914589705861,340.2916078178671
2.45,0.08975342007157525,4.504342991867701,-7.952572810284376,0.6514369226782801,0.0,0.0,0.0,0.0,9.162799253257193,288.1494166027695,101323.92177288733,1.2250017104748423,340.29194238205963
2.5,-0.027059793130533978,4.577599760026159,-7.849198949093213,0.6744375551944641,0.0,0.0,0.0,0.0,9.111487788571866,288.15,101325.0,1.2250122659906946,340.29228686527705
2.55,0.09274261737686404,4.650520645828706,-7.819982095761302,0.5348339415224681,0.0,0.0,0.0,0.0,9.114028176405363,288.14939717298705,101323.88586317799,1.2250013589293298,340.29193090919495
2.6,-0.11106272478246151,4.07245170025273,-8.331713426039952,0.11968192563479876,0.0,0.0,0.0,0.0,9.274515363503875,288.15,101325.0,1.2250122659906946,340.29228686527705
2.65,-0.0898836266538201,4.848483842247101,-7.56149529061557,1.2136000655012928,0.0,0.0,0.0,0.0,9.064040584502996,288.15,101325.0,1.2250122659906946,340.29228686527705
2.7,0.2918127728483528,3.140473996207105,-9.2544496697667,-0.7739206697018411,0.0,0.0,0.0,0.0,9.803385579180784,288.14810321697644,101321.49442448549,1.2249779473932392,340.29116685539503
2.75,0.026393108356975226,4.387309917022209,-8.051120402812312,0.6766330422379133,0.0,0.0,0.0,0.0,9.193849048272996,288.1498284447957,101324.68293295628,1.2250091620028842,340.29218556574295
2.8,0.3777807926504165,5.094389439295908,-7.4123508114465215,1.4255680791212613,0.0,0.0,0.0,0.0,9.10648080541386,288.14754442484775,101320.46170094416,1.2249678372774062,340.2908368998695
2.85,0.43402235488353375,3.3666796135181647,-9.015951652682462,-0.43536108100122456,0.0,0.0,0.0,0.0,9.633870203321042,288.1471788546932,101319.78608239477,1.2249612231232054,340.2906210378646
2.9,0.5491105258485546,5.07986725264729,-7.335834787629202,1.4660553182770202,0.0,0.0,0.0,0.0,9.042612539092751,288.14643078158196,101318.40356276782,1.224947688539708,340.2901793149405
2.95,0.39220813659795817,3.1992262642644658,-9.227620062769686,-0.4579949219139319,0.0,0.0,0.0,0.0,9.77720717082788,288.14745064711207,101320.2883878218,1.2249661405815757,340.29078152596924
3.0,-0.0034363124537151735,4.628126584564095,-7.790172520834159,0.793338318090802,0.0,0.0,0.0,0.0,9.095918275471679,288.15,101325.0,1.2250122659906946,340.29228686527705
3.05,-0.105470638426231,3.540063587475464,-8.87995460331818,-0.23804685238261925,0.0,0.0,0.0,0.0,9.562547268604254,288.15,101325.0,1.2250122659906946,340.29228686527705
3.1,-0.0438833072801342,3.988034053708692,-8.489634069460386,0.19710888275143273,0.0,0.0,0.0,0.0,9.381745794815709,288.15,101325.0,1.2250122659906946,340.29228686527705
3.15,0.28395113057773164,4.4899057216637726,-7.952866048661714,0.39255920211684764,0.0,0.0,0.0,0.0,9.141194369695455,288.14815431765123,101321.58886587937,1.224978871950861,340.2911970293009
3.2,0.309113719338467,4.239941466097829,-8.198637172964249,0.3453794605622607,0.0,0.0,0.0,0.0,9.236560079468184,288.14799076082426,101321.28658959919,1.2249759127411148,340.2911004523222
3.25,0.17828221753568693,5.162008652440391,-7.24793347819936,1.318006556731121,0.0,0.0,0.0,0.0,8.995332918567204,288.148841165586,101322.85826653062,1.2249912990497827,340.29160259873305
3.3,0.2555819863767317,3.535369240055128,-8.89068128320685,-0.4898271752439196,0.0,0.0,0.0,0.0,9.58034341788957,288.1483387170885,101321.92966314375,1.2249822082694652,340.2913059133841
3.35,0.8638178224015665,4.456935500806101,-7.995720447143716,0.7143338714064931,0.0,0.0,0.0,0.0,9.181834915040481,288.1443851841544,101314.62315654347,1.2249106789589856,340.28897142569303
3.4,0.3557794783874415,4.137360932763288,-8.35357556362231,0.4849463487101179,0.0,0.0,0.0,0.0,9.3346212106454,288.14768743339044,101320.72599928983,1.2249704246967013,340.29092134357126
3.45,0.8875913846426262,3.622293598856938,-8.871027912358587,-0.3540042370373611,0.0,0.0,0.0,0.0,9.588611272650773,288.1442306559998,101314.33758241356,1.2249078832226188,340.2888801793656
3.5,0.6501866729641157,3.35247211633812,-8.977334441281332,-0.2506460098832586,0.0,0.0,0.0,0.0,9.586158061690355,288.14577378662574,101317.18937797345,1.2249358018907035,340.2897913714593
3.55,0.3613357573077896,3.842204146337166,-8.574792521523111,0.2639477121169447,0.0,0.0,0.0,0.0,9.399961057580555,288.14765131757747,101320.65925252787,1.2249697712615566,340.2909000179036
3.6,0.5583894196557824,3.3986568914139137,-9.049538146386054,-0.5741439510969892,0.0,0.0,0.0,0.0,9.683731233622341,288.1463704687722,101318.2920988692,1.2249465973294789,340.2901437013501
3.65,0.6949492059336895,3.8566099208516382,-8.605662570941373,0.1672056728948081,0.0,0.0,0.0,0.0,9.431798667463209,288.1454828301614,101316.65166845481,1.2249305378033442,340.28961956685805
3.7,0.6256274800414512,4.229600552173954,-8.232110280432188,0.47121371994230354,0.0,0.0,0.0,0.0,9.267103262077606,288.1459334213797,101317.48439603588,1.2249386900665404,340.28988563289664
3.75,0.6029366658342835,4.05157716020315,-8.30484909357237,0.1356087289794359,0.0,0.0,0.0,0.0,9.241438507043428,288.1460809116721,101317.75697075966,1.224941358524549,340.2899727232256
3.8,0.5319534421087397,4.658378121481669,-7.753290090613039,0.860917084332951,0.0,0.0,0.0,0.0,9.085987683130204,288.14654230262624,101318.60966469218,1.2249497062374903,340.2902451660294
3.85,0.5488230435176483,3.874459911330935,-8.553688976199032,0.0713569962098104,0.0,0.0,0.0,0.0,9.390533878697603,288.1464326502171,101318.40701618767,1.2249477223480236,340.29018041833467
3.9,0.6425254543177799,4.915438715237805,-7.509167918956766,1.0477340063776053,0.0,0.0,0.0,0.0,9.035866706988779,288.1458235845469,101317.28140852405,1.224936702854058,340.2898207762346
3.95,-0.04221400155200835,4.381798609345299,-8.093376974374594,0.5882801526477863,0.0,0.0,0.0,0.0,9.222200574710818,288.15,101325.0,1.2250122659906946,340.29228686527705
4.0,-0.05409012553969872,4.476251953211115,-7.963036873148961,0.6645323123400341,0.0,0.0,0.0,0.0,9.159060595164785,288.15,101325.0,1.2250122659906946,340.29228686527705
4.05,-0.317461912851457,3.6390554756959967,-8.822081899011994,-0.1975696471300875,0.0,0.0,0.0,0.0,9.545202331723262,288.15,101325.0,1.2250122659906946,340.29228686527705
4.1,0.059783117548593785,3.8777608666119283,-8.60242561411517,0.13186867988521023,0.0,0.0,0.0,0.0,9.436956349043177,288.14961140973594,101324.28181153543,1.2250052351461986,340.29205741132216
4.15,0.3544822124277115,4.829949461764045,-7.653105258755808,0.9606799666606995,0.0,0.0,0.0,0.0,9.10062294038896,288.1476958656192,101320.74158316028,1.224970577259126,340.2909263226341
4.2,0.3860232910231729,3.653873823036758,-8.74685522404446,-0.19840782120958833,0.0,0.0,0.0,0.0,9.481436383195545,288.1474908486083,101320.36268524462,1.2249668679364205,340.29080526415964
4.25,-0.06676279808207242,4.155315267043449,-8.225752283329854,0.5543731667170473,0.0,0.0,0.0,0.0,9.232387297075798,288.15,101325.0,1.2250122659906946,340.29228686527705
4.3,-0.02970075070261788,4.002998428039648,-8.49420309823869,0.09454721019578644,0.0,0.0,0.0,0.0,9.390656093371298,288.15,101325.0,1.2250122659906946,340.29228686527705
4.35,0.23339428719160615,4.831339937371697,-7.66232600000764,0.9633499877954773,0.0,0.0,0.0,0.0,9.109397813237788,288.1484829371332,101322.19620363165,1.2249848176316125,340.2913910723363
4.4,-0.0891441937078882,4.271795990644612,-8.18318730776443,0.3827140409493932,0.0,0.0,0.0,0.0,9.239007822097784,288.15,101325.0,1.2250122659906946,340.29228686527705
4.45,0.4752027524763678,4.350018756714328,-8.046216138269518,0.3441260065651762,0.0,0.0,0.0,0.0,9.153287935813545,288.1469111821089,101319.29139289356,1.2249563802185206,340.2904629823676
4.5,0.3345389253728366,3.759599855164141,-8.585779760422115,0.07501239409136584,0.0,0.0,0.0,0.0,9.37314419096877,288.14782549698504,101320.98115925929,1.2249729226522015,340.2910028673597
4.55,-0.044146775159355944,4.862561464180599,-7.756781717079923,0.9329390689903745,0.0,0.0,0.0,0.0,9.202311769648329,288.15,101325.0,1.2250122659906946,340.29228686527705
4.6,0.4619211050867782,4.003946496790262,-8.150657551191443,0.3657581904689201,0.0,0.0,0.0,0.0,9.088376374240243,288.14699751281694,101319.45094168639,1.2249579421676573,340.2905139589932
4.65,0.6200221429870493,4.304974933079713,-8.454986958428515,0.4465097841994164,0.0,0.0,0.0,0.0,9.498367471783073,288.14596985607056,101317.55173041763,1.2249393492582747,340.28990714691946
4.7,-0.05800980192409802,3.0472757830878185,-8.750448474056308,-0.5915229337121253,0.0,0.0,0.0,0.0,9.284726036691403,288.15,101325.0,1.2250122659906946,340.29228686527705
4.75,0.3972371226317255,3.724223597217164,-9.633799624120286,-0.477963177565456,0.0,0.0,0.0,0.0,10.339651125588222,288.1474179587029,101320.22797556162,1.2249655491592355,340.2907622241073
4.8,0.7405095622718288,3.6909158981399193,-7.236458774003665,0.36147779101725686,0.0,0.0,0.0,0.0,8.131412051322657,288.1451866878452,101316.1043774631,1.2249251799094878,340.28944470001466
4.85,0.6008071533176752,5.149367775345047,-9.844502274824318,0.25514277507033073,0.0,0.0,0.0,0.0,11.112844431577981,288.1460947535034,101317.7825516829,1.2249416089571623,340.2899808965736
4.9,0.48188518176532436,2.6763794811976704,-4.6630000298097425,0.7058539287674083,0.0,0.0,0.0,0.0,5.422619862588374,288.1468677463185,101319.21111877738,1.224955594351624,340.29043733436447
4.95,0.3344712123170509,14.40157756160238,-28.638486874026984,-1.247623127529379,0.0,0.0,0.0,0.0,32.07997709109237,288.14782593711993,101320.9819726882,1.224972930615475,340.29100312725046
5.0,3.1819706193072945,35.41817454210381,-73.04577935485008,3.1098590222432443,0.0,0.0,0.0,0.0,81.23917892612283,288.12931719097446,101286.77997703459,1.2246380905281724,340.2800739090329
5.05,10.64760068067737,39.035558661209926,-75.66851334121039,1.9628164917607034,0.0,0.0,0.0,0.0,85.16660965332613,288.0807905955756,101197.15289485308,1.2237605326356646,340.25141780254785
5.1,17.024894317876182,40.02499519274991,-80.16998369354404,6.693889699308464,0.0,0.0,0.0,0.0,89.85563246068261,288.0393381869338,101120.64248059306,1.2230112858371436,340.22693725979883
5.15,21.11321275660711,38.09434206570951,-85.30314524347058,2.6635265707510754,0.0,0.0,0.0,0.0,93.46068617146474,288.01276411708204,101071.6182717097,1.2225311476800729,340.2112424887393
5.2,25.045373872247705,40.97856658658813,-86.97744520882513,5.150461233085163,0.0,0.0,0.0,0.0,96.28523326792707,287.9872050698304,101024.48474896557,1.2220694849314688,340.19614651170394
5.25,28.453127595635422,39.26922176848778,-85.94895681869674,4.040259839019392,0.0,0.0,0.0,0.0,94.58128068540658,287.9650546706283,100983.65152272584,1.2216694991055743,340.1830632475482
5.3,32.682459131268345,39.83920308038111,-84.10213665720164,5.176439305509836,0.0,0.0,0.0,0.0,93.20475854949733,287.9375640156467,100932.99237115498,1.2211732197019425,340.1668250299667
5.35,36.50912349528325,39.19003315938724,-84.36349132538187,5.589774599201919,0.0,0.0,0.0,0.0,93.18960750916132,287.91269069728065,100887.1741223709,1.220724323102055,340.1521321563576
5.4,40.74141589051612,37.87092626232993,-83.8143159531411,3.806973358173211,0.0,0.0,0.0,0.0,92.0518313821601,287.8851807967116,100836.51873574086,1.220227990306694,340.1358810927987
5.45,45.63368306050752,35.30729478033193,-81.66106360451865,3.607654672557527,0.0,0.0,0.0,0.0,89.0401569291234,287.8533810601067,100777.98991931642,1.2196544528108362,340.1170949050122
5.5,50.55608684290618,34.99323702808764,-78.2194113893675,2.9760446461976167,0.0,0.0,0.0,0.0,85.74182058680115,287.8213854355211,100719.12832866008,1.2190775904629607,340.09819194605086
5.55,57.26425595035588,36.78089176659277,-78.82433738640775,4.597697687439951,0.0,0.0,0.0,0.0,87.10481609863568,287.7777823363227,100638.95756483302,1.2182917882358777,340.07242961977676
5.6,63.87215203385779,33.28342960027452,-74.53141499913917,3.919520492807739,0.0,0.0,0.0,0.0,81.7195273396994,287.7348310117799,100560.03571346645,1.2175181110163589,340.04705047787724
5.65,71.76443537501639,33.11762959725682,-71.90325603361748,3.066030525790803,0.0,0.0,0.0,0.0,79.22282601348005,287.6835311700624,100465.83937815171,1.2165945455602787,340.01673586944656
5.7,78.18788791280251,34.25822996229102,-73.41320949683319,3.3080586396759406,0.0,0.0,0.0,0.0,81.08063209385251,287.64177872856675,100389.22664895128,1.2158432603402236,339.9920611097399
5.75,85.70907587253333,31.62040591426296,-68.10662574422945,2.4858766475695644,0.0,0.0,0.0,0.0,75.13016786321074,287.5928910068285,100299.58132546389,1.2149640354462838,339.9631672827428
5.8,90.48657821388963,9.098436805015819,-20.614267803767856,0.5433323400077268,0.0,0.0,0.0,0.0,22.539405480447453,287.5618372416097,100242.67176685455,1.214405799349534,339.94481248032844
5.85,87.17821293126248,-9.322624153834282,2.4511803118742574,-1.9316595776678165,0.0,0.0,0.0,0.0,9.831119710336669,287.5833416159468,100282.07819517968,1.2147923505116398,339.95752307486964
5.9,73.79283410144203,-4.293525454834925,2.039038719055779,2.821873216944467,0.0,0.0,0.0,0.0,5.527658471869676,287.6703465783406,100441.64148720047,1.2163572662536928,340.00894426387924
5.95,58.00903117601168,3.5091625097763046,3.976686113004914,-18.61231893438989,0.0,0.0,0.0,0.0,19.353208263149394,287.7729412973559,100630.05978474421,1.218204568361358,340.0695692342501
6.0,49.28761733748079,-5.511302337646918,4.952439372229931,-19.408637514854227,0.0,0.0,0.0,0.0,20.774896374604914,287.82963048730636,100734.29389134918,1.2192262239432705,340.10306320868943
6.05,46.012892779094045,-4.110962026715068,6.905378455394609,-4.559753012550874,0.0,0.0,0.0,0.0,9.239892203526406,287.8509161969359,100773.45437905095,1.2196100053506402,340.1156387055183
6.1,46.69084067664625,-3.332752207919441,-1.1158334267160388,-13.391087472041601,0.0,0.0,0.0,0.0,13.84462152604535,287.8465095356018,100765.3461907781,1.2195305456488177,340.1130353089577
6.15,48.146417319433645,0.21147017078929006,11.418813623068353,-5.6809518129127285,0.0,0.0,0.0,0.0,12.755674725083791,287.83704828742367,100747.93942603559,1.219359956411335,340.10744566278896
6.2,51.566647663140145,-5.934094692585383,-14.764870171402038,-13.144156440468372,0.0,0.0,0.0,0.0,20.63937304111813,287.8148167901896,100707.04759279832,1.2189591874691736,340.0943110719047
6.25,56.70457857177266,12.902422567875838,33.68012905468153,-19.613858365491815,0.0,0.0,0.0,0.0,41.05517070043197,287.7814202392835,100645.64441248734,1.2183573346323557,340.07457910223286
6.3,63.122331155969874,1.787920516039691,12.733238153959972,-5.997069485631623,0.0,0.0,0.0,0.0,14.187912322559352,287.73970484748617,100568.98872798085,1.217605883941345,340.0499304323694
6.35,68.64519516701196,-1.8331933621068048,-7.179229603874705,-12.212535399018998,0.0,0.0,0.0,0.0,14.284535571040296,287.7038062314144,100503.05973163983,1.2169594991054156,340.0287173316667
6.4,72.99971604628558,-1.2450602269449964,5.402713245970059,-6.534434418498312,0.0,0.0,0.0,0.0,8.569616009866255,287.6755018456991,100451.10246945193,1.2164500399025544,340.01199085728007
6.45,76.73665902504052,-1.5226650397179393,-1.6379698674243677,-8.679910924968727,0.0,0.0,0.0,0.0,8.96338707047514,287.65121171633723,100406.53136547565,1.2160129646222726,339.9976359512584
6.5,78.87840548101846,-1.5573708465009815,3.0145413135586954,-5.379411372914386,0.0,0.0,0.0,0.0,6.360104559181712,287.63729036437337,100380.9936401613,1.215762518731145,339.98940848022124
6.55,80.52098438701223,-2.797729074607258,-0.6829618237085802,-6.722839088010712,0.0,0.0,0.0,0.0,7.313705642889303,287.6266136014844,100361.41144551036,1.2155704699156737,339.9830984152426
6.6,82.22841464127674,-0.7565354982786937,0.680194686521127,-6.913896945155152,0.0,0.0,0.0,0.0,6.988346137674715,287.61551530483166,100341.05939697572,1.2153708633425788,339.9765390957922
6.65,83.65779492525296,-1.7092932162850423,2.447506819727221,-4.673531705824245,0.0,0.0,0.0,0.0,5.545617326970352,287.60622433298585,100324.02418939787,1.2152037813935854,339.9710478448084
6.7,84.10045362473588,-1.283010850234242,0.8676416130840707,-6.649504860055859,0.0,0.0,0.0,0.0,6.827505671508476,287.6033470514392,100318.74910337746,1.215152042059354,339.96934726466424
6.75,86.04988757991224,-1.7549665722956473,1.1615119923927537,-5.8208511644186665,0.0,0.0,0.0,0.0,6.189614370593815,287.59067573073054,100295.52071355162,1.2149242061705825,339.96185794278256
6.8,87.48202561908447,-1.6645978018236476,2.2664907985831655,-4.430178316441835,0.0,0.0,0.0,0.0,5.2473180099332355,287.58136683347595,100278.45891432953,1.2147568489506972,339.95635585964413
6.85,89.12141519753787,-0.5818798625283633,1.4740006818410576,-5.218003754260319,0.0,0.0,0.0,0.0,5.453331583899764,287.57071080121597,100258.93090571598,1.2145652943183756,339.95005743444824
6.9,91.18566711733355,-0.24207367391160028,3.274475099292096,-3.4138904207011684,0.0,0.0,0.0,0.0,4.736605814720098,287.5572931637373,100234.3464204464,1.2143241294741154,339.9421265505514
6.95,93.17789654979693,0.389759509927335,3.7946262561633417,-2.3124321890080006,0.0,0.0,0.0,0.0,4.460767145716457,287.5443436724263,100210.62432577704,1.2140914136984506,339.93447220256724
7.0,95.02991809334404,-1.285552638808923,1.3195446982132046,-5.299054916933517,0.0,0.0,0.0,0.0,5.610153902559932,287.53230553239325,100188.57580759127,1.2138751064527256,339.9273563929548
7.05,97.61753084464947,-0.8682896561423291,1.9973404394539944,-4.156590800161729,0.0,0.0,0.0,0.0,4.692605122746976,287.5154860495098,100157.77657442931,1.2135729350523357,339.91741405629176
7.1,99.36722489290702,-1.4398481107976955,2.232569555107202,-3.009963562390439,0.0,0.0,0.0,0.0,4.014649430208994,287.50411303819607,100136.95506950142,1.2133686451680787,339.91069107437596
7.15,101.44013317891893,-1.136893687801535,1.2122588734016972,-4.63101836067987,0.0,0.0,0.0,0.0,4.920206285356153,287.490639134337,100112.29182432614,1.213126651650197,339.9027260098336
7.2,103.41941472477149,-0.6694709316644765,2.181169035730002,-3.312873282268388,0.0,0.0,0.0,0.0,4.022538884229557,287.477773804289,100088.74713098309,1.2128956226781948,339.8951205279793
7.25,105.1617883592606,-1.9469389274758497,1.1038192205861377,-3.765962217518317,0.0,0.0,0.0,0.0,4.380805802912483,287.4664483756648,100068.02430467859,1.2126922743216915,339.88842523500034
7.3,106.77972404069185,-0.763300841712455,1.5423107828984157,-3.730173904210031,0.0,0.0,0.0,0.0,4.1079858911214835,287.4559317937355,100048.78458544721,1.2125034721832375,339.88220799263456
7.35,108.30105964655425,-1.0176791847075537,1.3303793719396892,-3.7019700574529533,0.0,0.0,0.0,0.0,4.063269927355048,287.4460431122974,100030.69632076092,1.2123259631340357,339.87636185168714
7.4,109.94125448156893,-0.5769030428189764,2.38518141139204,-2.3318073417231044,0.0,0.0,0.0,0.0,3.385148883723977,287.43538184586976,100011.19781887687,1.2121346078927113,339.8700588495546
7.45,111.17872608368509,0.1484270005235353,2.4886325942736263,-2.0523309885569567,0.0,0.0,0.0,0.0,3.2291462107431226,287.427338280456,99996.48889479904,1.21199025212036,339.86530336997754
7.5,113.23255742930071,-2.346242432684096,0.1416890863168465,-4.375414961449341,0.0,0.0,0.0,0.0,4.966808375102005,287.41398837670954,99972.08036302894,1.2117506939060558,339.85741055470345
7.55,114.44067132986841,-2.154546869025381,1.1111970870720886,-2.5216654639236116,0.0,0.0,0.0,0.0,3.4979462387363314,287.4061356363558,99957.72492052859,1.211609796819199,339.8527677218214
7.6,116.20308124535782,-1.9210000666893603,0.1792634233579276,-3.2709882499720258,0.0,0.0,0.0,0.0,3.797596708792231,287.39467997190513,99936.78603593004,1.2114042770698974,339.8459945921233
7.65,117.5800096042067,-0.5173546314996313,1.2225377700175877,-3.0236973863833176,0.0,0.0,0.0,0.0,3.3022719903537627,287.38572993757265,99920.42946193674,1.2112437280056025,339.84070281532246
7.7,119.50346811199793,-1.0071521629791942,1.0225799391314814,-3.343139767235402,0.0,0.0,0.0,0.0,3.638215045125644,287.373227457272,99897.58426879294,1.2110194810892971,339.83331048950146
7.75,121.52517828330782,-0.7534479961131917,1.6554100223280017,-2.0265951296447415,0.0,0.0,0.0,0.0,2.723078045956591,287.3600863411585,99873.57668570329,1.210783813715,339.82554038494715
7.8,122.41791542180167,-0.9380101094302347,0.8555754362173311,-3.515707455604038,0.0,0.0,0.0,0.0,3.7379233814835766,287.3542835497583,99862.97701869182,1.2106797600072812,339.8221092426762
7.85,124.17124907300055,0.2661167782017281,2.2228306334851444,-2.2863279293210894,0.0,0.0,0.0,0.0,3.1998577413994664,287.3428868810255,99842.161948833,1.2104754186810367,339.8153703864463
7.9,125.52074297303004,-0.9707001283172934,1.6162346199818904,-2.4402266302431537,0.0,0.0,0.0,0.0,3.083695687465135,287.33411517067526,99826.14354036108,1.2103181606113538,339.81018357847853
7.95,127.0896909714539,-1.229454382580014,1.710753671545578,-1.7750807281296246,0.0,0.0,0.0,0.0,2.7548407930276255,287.32391700868556,99807.52284160569,1.210135348953686,339.80415319457245
8.0,127.88242290309368,-0.6817632104037572,1.8981561230747017,-1.3521620746766454,0.0,0.0,0.0,0.0,2.428196865746241,287.3187642511299,99798.11555444289,1.2100429889555528,339.80110622186265
8.05,128.9066248159847,-1.2183980471005063,0.7696088694915078,-2.5478443413160523,0.0,0.0,0.0,0.0,2.9271662748731155,287.3121069386961,99785.96249437162,1.2099236687248385,339.7971695224282
8.1,130.64154846718435,-1.3654766833144605,1.0437642727556333,-2.14240204121737,0.0,0.0,0.0,0.0,2.7466082603765885,287.3008299349633,99765.37882761052,1.20972156945866,339.7905009354495
8.15,131.97383184626452,-1.2357615187440758,1.6431923772674377,-1.2619236357743677,0.0,0.0,0.0,0.0,2.412392791906923,287.29217009299924,99749.57454258339,1.2095663908275367,339.7853799021871
8.2,133.05805100503878,-1.2859911944278535,1.3197661099399305,-1.1145867054568075,0.0,0.0,0.0,0.0,2.153569005412414,287.28512266846724,99736.71442932026,1.2094401168883304,339.7812123216599
8.25,134.93824853628078,-0.8344007610620109,1.2484502825005699,-1.5111978927820053,0.0,0.0,0.0,0.0,2.1303924073009153,287.27290138451417,99714.41625998684,1.2092211629764582,339.773984995018
8.3,136.1894798709641,-0.01034214509559861,1.9973092728369082,-1.0866576708269746,0.0,0.0,0.0,0.0,2.2738021428639263,287.2647683808387,99699.579541284,1.2090754706266023,339.76917527816977
8.35,137.35014197493547,-0.08626715865665247,2.085061577279071,-0.6902083033617564,0.0,0.0,0.0,0.0,2.1980244097228976,287.2572240771629,99685.81836304783,1.2089403360902513,339.7647136473849
8.4,138.73022055039908,-0.6008174962638244,1.6466113606506605,-0.916847045116315,0.0,0.0,0.0,0.0,1.9781099921336702,287.24825356642236,99669.45771517388,1.2087796701878673,339.75940849480264
8.45,139.89203659665105,-0.8231511989802461,1.4722356300365425,-1.0358819518161688,0.0,0.0,0.0,0.0,1.979420891278605,287.2407017621218,99655.68622626217,1.208644426623855,339.75494229980507
8.5,140.8456849990605,-1.1085340714374743,0.9558219095616614,-1.482251344819638,0.0,0.0,0.0,0.0,2.0831496248602663,287.2345030475061,99644.38338648721,1.208533423889609,339.7512762885539
8.55,141.65997467652144,-0.29918605041021984,1.6449570420163622,-0.7219678448300569,0.0,0.0,0.0,0.0,1.8211626868041866,287.2292101646026,99634.73307700228,1.2084386484005234,339.7481459682287
8.6,142.57322666759015,-0.1145885410029891,1.8301789456029982,-0.8273055424445787,0.0,0.0,0.0,0.0,2.0117455025964923,287.22327402666065,99623.9108457408,1.2083323614144168,339.7446351792683
8.65,143.98569975324693,-0.3861926584393212,1.5037853774230063,-0.945794844479821,0.0,0.0,0.0,0.0,1.817977755262229,287.21409295160385,99607.17461237946,1.2081679876755338,339.73920517723747
8.7,144.89924693206822,-1.8604851226461734,-0.26343211141431333,-2.603833693582958,0.0,0.0,0.0,0.0,3.211035856659003,287.2081548949415,99596.35130795775,1.2080616845544654,339.73569316106625
8.75,145.62649858969868,-0.4354077804131151,0.8845219044571971,-1.6467618360600718,0.0,0.0,0.0,0.0,1.9193184934796,287.2034277591669,99587.73583160165,1.207977064461075,339.73289730842436
8.8,147.52069321069132,-0.3148667001450949,0.7940256349134784,-1.7741264030825121,0.0,0.0,0.0,0.0,1.9690460233002443,287.1911154941305,99565.29885450097,1.2077566848394659,339.7256151420234
8.85,148.1915325109394,0.6013659281152962,1.7720132386057963,-0.5650204743992232,0.0,0.0,0.0,0.0,1.9547173795161534,287.1867550386789,99557.3536589434,1.2076786435770728,339.72303608585906
8.9,149.4322054421497,-0.740710345859113,0.5750554637748015,-1.753789599013481,0.0,0.0,0.0,0.0,1.988747988179459,287.178690664626,99542.66089781962,1.2075343215874983,339.71826624041466
8.95,150.14412181893925,-0.09274101239673482,1.289070560828067,-0.943906576597735,0.0,0.0,0.0,0.0,1.6003947736475568,287.17406320817685,99534.2307682242,1.2074515134651411,339.7155292026993
9.0,151.2025020091247,-0.3486649107569071,0.6170967640647207,-1.591039568977431,0.0,0.0,0.0,0.0,1.7417756877003885,287.1671837369407,99521.69906967755,1.2073284136710507,339.7114601074923
9.05,152.03812793650738,0.38334773862848204,1.1868203447626713,-1.1290946248802725,0.0,0.0,0.0,0.0,1.6823652074944013,287.1617521684127,99511.8057845939,1.2072312291227865,339.7082473887262
9.1,152.38328338605535,-1.1079943730118542,-0.030596636396690524,-2.0706689830795866,0.0,0.0,0.0,0.0,2.348671480278281,287.1595086579906,99507.71959370137,1.2071910887730826,339.7069203657569
9.15,153.11660253332127,-0.6399757751915189,0.7009725368386087,-1.2060395370907893,0.0,0.0,0.0,0.0,1.534751724305956,287.1547420835334,99499.03850125734,1.2071058097567584,339.7041009483247
9.2,154.22820201873878,-1.12431025871872,0.4472600378219258,-1.4814020661981677,0.0,0.0,0.0,0.0,1.9127642774343174,287.1475166868782,99485.88046438781,1.2069765486207076,339.6998270988017
9.25,154.89931571924015,-0.6847352773149653,0.8684718715974765,-1.1502012401999562,0.0,0.0,0.0,0.0,1.5956405249031322,287.14315444782494,99477.93715327446,1.206898514021315,339.697246791827
9.3,155.61346888312994,0.3534645731159973,1.6706501503336235,-0.14815156933588125,0.0,0.0,0.0,0.0,1.714047262112255,287.13851245225965,99469.48499049363,1.2068154791925736,339.69450098461937
9.35,155.90858330591203,-0.6129175197364378,0.7019253579638811,-1.216180085136578,0.0,0.0,0.0,0.0,1.5321426479396112,287.13659420851155,99465.9924149511,1.2067811674155224,339.6933663093445
9.4,156.45712251607094,-0.46140261726029697,0.9056995735494348,-0.9146863957601481,0.0,0.0,0.0,0.0,1.3674192098003342,287.1330287036455,99459.5009098787,1.2067173929319157,339.6912572397677
9.45,157.40987917359902,-0.37286543709179115,1.191373638468348,-0.8102115423109391,0.0,0.0,0.0,0.0,1.4882347005458625,287.1268357853716,99448.22664308554,1.206606629287295,339.6875939699113
9.5,157.97881156200123,-0.5586576066511717,1.1384780177592175,-0.15959870561132283,0.0,0.0,0.0,0.0,1.2781636300657995,287.12313772484697,99441.49478211725,1.2065404912126165,339.685406453507
9.55,159.35464114092147,0.6312947379913932,2.3410244166384757,1.0493804815276608,0.0,0.0,0.0,0.0,2.641993141649759,287.11419483258396,99425.21687993049,1.206380563249943,339.68011639978357
9.6,160.15389052965918,-0.8783377231097,0.9297311780918013,-0.9535420576741364,0.0,0.0,0.0,0.0,1.5953431214340466,287.1089997115572,99415.76168258526,1.2062876650581589,339.677043254447
9.65,160.4615806995685,-0.08061550324241473,1.532695977892839,0.0475935510493104,0.0,0.0,0.0,0.0,1.5355523325870066,287.1069997254528,99412.12187231182,1.2062519031361794,339.67586016622926
9.7,161.38762182411713,-0.7516932732745789,0.9430538346810571,-0.7433215603862116,0.0,0.0,0.0,0.0,1.416658128952744,287.1009804581432,99401.16795178987,1.2061442769984245,339.6722994545096
9.75,161.36343468987755,-0.9587089638667501,0.8292017113694423,-0.8537065618202127,0.0,0.0,0.0,0.0,1.5282386100447005,287.10113767451577,99401.45404322549,1.2061470879765166,339.67239245669884
9.8,162.03089450091096,-1.4850825201830373,0.2017870755955573,-1.3171937526478945,0.0,0.0,0.0,0.0,1.995291331521603,287.09679918574403,99393.55940734655,1.2060695190340929,339.6698259910276
9.85,162.4454683632202,-1.1899192045388127,0.5477210569164912,-0.9268076785657804,0.0,0.0,0.0,0.0,1.6046428084058115,287.09410445563907,99388.65613224256,1.206021341191713,339.6682318933987
9.9,162.80307288746735,-0.7208766115745951,1.1569680714511936,-0.19683755695716706,0.0,0.0,0.0,0.0,1.3773101434686488,287.09178002623145,99384.42680596447,1.2059797849682472,339.6668568452648
9.95,163.47026256966407,-0.9500306959227355,0.9447291533882266,-0.2864526225838346,0.0,0.0,0.0,0.0,1.3700826987602717,287.08744329329716,99376.53645965402,1.205902255646347,339.6642913764668
10.0,163.73709893383577,-0.5188397507519502,1.4435143164428181,0.2556669286634068,0.0,0.0,0.0,0.0,1.555086443625531,287.08570885693007,99373.38093037487,1.2058712495760857,339.66326533544145
10.05,164.34577856946575,-1.330004187021604,0.35527673631752543,-0.8196871106625361,0.0,0.0,0.0,0.0,1.6021921408650484,287.08175243929844,99366.18316555847,1.2058005240039673,339.66092482471527
10.1,164.96761612069864,-1.1230075055602347,0.5975048090451749,-0.5075977398445719,0.0,0.0,0.0,0.0,1.3696033439912627,287.07771049521546,99358.83024156695,1.205728272824087,339.658533702176
10.15,165.44988702849793,-1.2359325232297516,0.5380496072636999,-0.5073856711531993,0.0,0.0,0.0,0.0,1.4403009411734982,287.07457573431475,99353.12792802372,1.20567224014486,339.6566792370629
10.2,166.08717166861769,-1.6830358525123934,0.04212942464854175,-1.0410365783511666,0.0,0.0,0.0,0.0,1.9794296468246706,287.07043338415394,99345.59315709963,1.2055982002397934,339.6542286857179
10.25,165.89194217028304,-0.41556186964812625,1.2564144897123857,0.32952420042384495,0.0,0.0,0.0,0.0,1.3637650956560132,287.07170237589315,99347.90135366333,1.2056208816871077,339.65497940380646
10.3,166.25839081318907,-1.1618599740105324,0.45444561901051783,-0.4621270117409172,0.0,0.0,0.0,0.0,1.3304137682789507,287.0693204597143,99343.56887046987,1.205578308545236,339.6535702935351
10.35,166.44046066444807,-1.6330861353062822,-0.00857381312140948,-0.8739752829204115,0.0,0.0,0.0,0.0,1.8522625706839897,287.0681370056811,99341.41633494134,1.2055571565256133,339.6528701755265
10.4,166.98713282606636,-0.5892776488162892,1.0209898050342163,0.17362285601305116,0.0,0.0,0.0,0.0,1.1915591573683573,287.0645836366306,99334.95348607075,1.2054936484291563,339.6507680339509
10.45,167.35734186101757,-1.3020169038104747,0.31094358423583285,-0.5224871046186597,0.0,0.0,0.0,0.0,1.4369852834592396,287.06217727790334,99330.57700687177,1.2054506418922775,339.64934444610816
10.5,167.48707010185842,-1.2847164604912513,0.18922393985454217,-0.5651919592706274,0.0,0.0,0.0,0.0,1.4162429290539864,287.0613340443379,99329.0434428106,1.2054355718668854,339.648845592618
10.55,167.65053382323035,-1.5399055870407898,-0.18312296032170566,-0.9083287620518352,0.0,0.0,0.0,0.0,1.7971934719353517,287.06027153014895,99327.11110683356,1.2054165831271,339.6482170125746
10.6,167.63461673179714,-0.4034834389039744,0.9998441695302762,0.18527227551389303,0.0,0.0,0.0,0.0,1.0939895177228898,287.0603749912433,99327.29926448413,1.2054184321236907,339.64827821988285
10.65,167.7729399920809,-1.0343750385325772,0.23514545078998797,-0.49766683391544414,0.0,0.0,0.0,0.0,1.1717070371666798,287.05947589005143,99325.66413998464,1.2054023639818656,339.6477463136403
10.7,167.92795858204423,-0.8484962547920648,0.32785388717331987,-0.30306034200162457,0.0,0.0,0.0,0.0,0.9587907157586363,287.0584682692167,99323.83168526163,1.2053843566434794,339.6471502064313
10.75,168.18385573795524,-2.0556661432855563,-0.9625778575328408,-1.6152738531861872,0.0,0.0,0.0,0.0,2.7859341423030766,287.05680493770325,99320.80681793662,1.2053546314545185,339.6461661793267
10.8,168.29131245451686,-0.8842755264539239,0.06512418046198068,-0.4946658562354247,0.0,0.0,0.0,0.0,1.0153219562736417,287.05610646904563,99319.53663336278,1.2053421493758882,339.64575296434276
10.85,168.6558443840864,-1.3932060129404449,-0.5838578411279582,-1.1232661661413854,0.0,0.0,0.0,0.0,1.8824558037675088,287.0537370115034,99315.2278072777,1.2052998064010876,339.6443511863739
10.9,169.0552533791761,-1.2729249936225377,-0.571898329300301,-0.9567711063720832,0.0,0.0,0.0,0.0,1.69198601898298,287.05114085303535,99310.50690244735,1.2052534135137218,339.64281528483616
10.95,168.6661813627491,-1.4195867113188814,-0.7136954179301408,-0.9837193411500876,0.0,0.0,0.0,0.0,1.8687673270582397,287.0536698211421,99315.10562473295,1.20529860570413,339.6443114362765
11.0,169.28659922493435,-0.6795607449274348,0.02259430019670572,-0.12552473922648433,0.0,0.0,0.0,0.0,0.6914258952379393,287.0496371050379,99307.77254107805,1.2052265424308448,339.6419256561262
11.05,169.1877347933675,-1.7458142190860644,-1.0528987382848312,-1.1511769474485036,0.0,0.0,0.0,0.0,2.341296949338492,287.05027972384306,99308.94104858187,1.2052380255908353,339.6423058345659
11.1,168.7960559647148,-1.2418104096304972,-0.8096137478418022,-0.7015895181737126,0.0,0.0,0.0,0.0,1.6400595617758322,287.05282563622933,99313.5705241329,1.2052835201323735,339.6438120125722
11.15,169.2605633001031,0.27858062838397024,-0.38238999887375025,-0.7115222772919798,0.0,0.0,0.0,0.0,0.8544549308373377,287.04980633854933,99308.08026617486,1.2052295665102126,339.64202577607034
11.2,168.70734582762498,-1.0380500677487556,-0.7764734191783282,-0.4232747277540557,0.0,0.0,0.0,0.0,1.363678997784651,287.0534022521204,99314.61906412843,1.205293824234081,339.6441531412835
11.25,168.6889871649589,1.2491513885748737,-1.1193184753921217,-1.9774095844659834,0.0,0.0,0.0,0.0,2.5929523145770754,287.05352158342777,99314.83606177967,1.2052959566879382,339.6442237382113
11.3,168.8396870061593,-1.8023911597241002,-0.8960256117471181,-0.21078183363730807,0.0,0.0,0.0,0.0,2.0238341757540046,287.0525420344599,99313.05481531122,1.2052784522054134,339.6436442322871
11.35,168.87863795830054,3.9241348971776002,-1.1163751753912132,-4.6225037556167035,0.0,0.0,0.0,0.0,6.165441524673423,287.052288853271,99312.59442589512,1.2052739279040685,339.643494448906
11.4,169.3451737342716,-4.529288740783598,-0.9663466214616256,1.9758685708596144,0.0,0.0,0.0,0.0,5.035110614426478,287.0492563707272,99307.08023714872,1.2052197390077368,339.6417004104533
11.45,168.72289904639018,9.907591656019436,-0.8239809300725112,-8.97484744201608,0.0,0.0,0.0,0.0,13.39355082130992,287.0533011561984,99314.43522685842,1.2052920176493374,339.64409333247863
11.5,169.2853434426894,-15.981092321306862,1.1887753249352364,16.57801285907733,0.0,0.0,0.0,0.0,23.057298387084323,287.0496452676225,99307.7873834643,1.205226688290143,339.64193048517944
11.55,169.27983472156538,65.15942632509203,-4.93328693942191,14.956242775579028,0.0,0.0,0.0,0.0,67.03564243746625,287.0496810743098,99307.8524923582,1.205227328129093,339.6419516687137
11.6,169.36494593947893,43.579814206256884,-27.465485557893587,-20.630658705431216,0.0,0.0,0.0,0.0,55.49033412949245,287.04912785139334,99306.8465463532,1.2052174424748108,339.64162437728305
11.65,169.36587772936295,9.106384902559178,-6.293509341822154,15.334667076844223,0.0,0.0,0.0,0.0,18.912602152713166,287.0491217947591,99306.8355333934,1.2052173342479091,339.6416207941245
11.7,170.33478040379947,67.33208947711051,54.876240303859994,56.39258228275769,0.0,0.0,0.0,0.0,103.56222940704879,287.04282392737525,99295.38446724466,1.205104800738314,339.6378948993977
11.75,170.32881189835837,-28.425702750388954,11.320316849723225,9.41605684347877,0.0,0.0,0.0,0.0,32.01300168542808,287.04286272266063,99295.45500330694,1.2051054939276713,339.6379178512841
11.8,169.9532346859791,-7.316887538176874,35.21719737614064,1.8721752737151862,0.0,0.0,0.0,0.0,36.01795211463147,287.0453039745411,99299.89367308283,1.2051491145276585,339.63936213025846
11.85,169.48660985894713,36.666421325356225,-44.015305505377,-7.7801119238335055,0.0,0.0,0.0,0.0,57.81266049134553,287.0483370359168,99305.40859120089,1.2052033113378329,339.6411565235048
11.9,169.03507324850833,12.624233568435995,-19.17805919232367,-2.408833361198731,0.0,0.0,0.0,0.0,23.08617997280452,287.0512720238847,99310.74542170118,1.2052557574805645,339.64289288639407
11.95,169.11171766826968,6.176208479797463,-20.477921076827357,-9.02121646673395,0.0,0.0,0.0,0.0,23.213641449681347,287.05077383515624,99309.83952468923,1.2052468550800994,339.64259815449276
12.0,167.76252382236254,3.4909103180871384,-0.00320820355848446,-0.1517683787003231,0.0,0.0,0.0,0.0,3.4942093214732632,287.0595435951546,99325.78726916252,1.2054035739569828,339.64778636785604
12.05,167.1757818234453,10.246126620093658,-13.515392184660994,-1.7806668046494154,0.0,0.0,0.0,0.0,17.053436923077054,287.0633574181476,99332.72332538394,1.2054717332580074,339.6500426109659
12.1,166.73983229656423,4.005127771335379,-6.843524496687807,4.118067824017228,0.0,0.0,0.0,0.0,8.934951516639247,287.0661910900723,99337.87707173238,1.2055223775536064,339.65171899074403
12.15,166.04551284577866,5.564335143138458,-8.256863365027522,6.718674546153674,0.0,0.0,0.0,0.0,12.01158631784464,287.0707041665024,99346.08568533459,1.2056030400670465,339.65438887697644
12.2,166.42717856374352,3.879674935501153,-5.2887567190362,3.0117334903100628,0.0,0.0,0.0,0.0,7.217573266338324,287.06822333933565,99341.57336237309,1.205558699568049,339.65292124958796
12.25,166.6750401750643,8.865125174490686,-4.250552604735391,10.630244833728433,0.0,0.0,0.0,0.0,14.479632144154126,287.06661223886204,99338.64305539726,1.2055299045991004,339.65196813861024
12.3,166.526155732143,9.14048974013691,-8.012519386832604,12.059299778282254,0.0,0.0,0.0,0.0,17.122375149388443,287.06757998774106,99340.40321115009,1.2055472009736643,339.6525406495195
12.35,165.77620361538237,9.607485922576776,-9.749427156793192,-4.3390350219317755,0.0,0.0,0.0,0.0,14.359050823772371,287.0724546765,99349.2697500364,1.2056343281593287,339.6554244537323
12.4,164.61235050238417,3.2255771753286626,3.3289601614096163,-7.820595141410682,0.0,0.0,0.0,0.0,9.091096316512655,287.08001972173446,99363.03102926815,1.2057695506591564,339.6598997903247
12.45,163.69123735994884,-0.9263533980932682,2.152253052107954,3.9503052624566086,0.0,0.0,0.0,0.0,4.592954984000967,287.0860069571603,99373.92327024255,1.2058765785933827,339.66344168290175
12.5,163.58022704637318,0.7854788429237534,0.18509610089421427,5.285064368555899,0.0,0.0,0.0,0.0,5.346320506575176,287.0867285241986,99375.23604188825,1.2058894778301894,339.66386854067906
12.55,163.01705429753923,-0.5170772923433166,-4.756344832674639,-3.1531596565259514,0.0,0.0,0.0,0.0,5.729973901608164,287.090389147066,99381.89615487531,1.2059549193098094,339.66603404893374
12.6,162.2107108953672,7.771083433255714,-6.498724685203489,4.190218738770023,0.0,0.0,0.0,0.0,10.962713776225028,287.0956303791801,99391.43264706933,1.2060486222973303,339.66913457139594
12.65,163.0162933211258,14.434140871504173,-5.211464562759227,21.659437514904806,0.0,0.0,0.0,0.0,26.544962216009804,287.09039409341267,99381.9051544702,1.205955007738196,339.66603697502603
12.7,162.95576945199863,12.038832665610057,-6.371381000059671,4.2396784940686905,0.0,0.0,0.0,0.0,14.265442913963438,287.090787498562,99382.6209347527,1.205962040860506,339.66626970019723
12.75,161.72083721155795,0.013169636865209666,3.3287395325162588,-8.290184074844412,0.0,0.0,0.0,0.0,8.933522950632389,287.09881455812484,99397.22666522863,1.2061055519139865,339.6710182021328
12.8,161.59948401518514,6.783576696772153,-11.676456503968236,14.133301022862506,0.0,0.0,0.0,0.0,19.547550923143767,287.0996033539013,99398.66202163226,1.2061196550324413,339.671484820013
12.85,162.46909176480816,7.3830452992704565,-18.479350117044472,16.29465881024497,0.0,0.0,0.0,0.0,25.71986866960415,287.0939509035287,99388.3767379004,1.2060185959483674,339.66814105771107
12.9,162.95715605611935,16.02023133611806,-19.28957892374654,21.391327488227578,0.0,0.0,0.0,0.0,32.95943808420869,287.0907784856352,99382.6045361527,1.2059618797310574,339.66626436845655
12.95,162.34955329640908,6.419127366261949,-3.96450745236795,21.1501415853688,0.0,0.0,0.0,0.0,22.455533940775506,287.0947279035733,99389.7905277791,1.2060324874001853,339.6686007016383
13.0,159.7453028810356,-7.775894506735735,5.703641487397553,5.446978455680652,0.0,0.0,0.0,0.0,11.075451949843615,287.11165553127324,99420.5952229003,1.206335155250536,339.67861429350063
13.05,156.2619288323569,-1.4461559900222785,4.057727521143229,8.197291458111419,0.0,0.0,0.0,0.0,9.260243357090943,287.13429746258964,99461.81082537217,1.2067400863220163,339.69200773832006
13.1,153.16592131428155,0.09713425504893669,1.196027341788326,14.21045123310279,0.0,0.0,0.0,0.0,14.261025233628953,287.15442151145714,99498.45468347697,1.2071000745514995,339.7039113298657
13.15,151.32341810844682,3.4372237879785352,1.8868037037616896,15.748170436045394,0.0,0.0,0.0,0.0,16.22896816399331,287.16639778229506,99520.26744987692,1.2073143505770374,339.7109952250161
13.2,151.5234972566217,7.397962089803942,-0.0836556276608113,19.266314040654535,0.0,0.0,0.0,0.0,20.63801584599008,287.1650972678319,99517.8985937593,1.2072910807345174,339.71022598535893
13.25,152.01710663254605,15.060412989182275,3.3096015480610883,13.289387483792046,0.0,0.0,0.0,0.0,20.35626000782136,287.16188880688844,99512.05465383799,1.207233673858569,339.70832820939825
13.3,152.10145191328132,12.581049141752718,-4.1096417874447155,15.088736246969717,0.0,0.0,0.0,0.0,20.070922117803317,287.1613405625636,99511.05610102329,1.2072238646932976,339.7080039267215
13.35,155.5724837049763,9.228758049789509,-20.732352677194807,25.97929424570685,0.0,0.0,0.0,0.0,34.49527724454695,287.1387788559176,99469.97004353521,1.2068202444348157,339.6946585668188
13.4,157.75321885271964,22.109493002062457,-41.89540589350124,7.584168832079512,0.0,0.0,0.0,0.0,47.97472597798714,287.1246040774573,99444.16405120259,1.2065667159081401,339.6862738478076
13.45,157.53182772812545,17.02835361100081,-10.785896668473892,7.8760560250138125,0.0,0.0,0.0,0.0,21.64099471266136,287.1260431197672,99446.78366249902,1.206592452601919,339.6871250850418
13.5,155.870789602838,4.580969433879321,6.83426834690532,13.408455704525487,0.0,0.0,0.0,0.0,15.73147129711238,287.13683986758156,99466.43968460883,1.206785561496993,339.6935116212628
13.55,153.417254031177,7.127750612719741,-5.52115770117317,-3.41371182156606,0.0,0.0,0.0,0.0,9.640614065455079,287.15278784879735,99495.4795413286,1.207070847779843,339.70294501637187
13.6,151.09388344561472,4.62063166827093,-1.6982016177532269,0.5172077955788192,0.0,0.0,0.0,0.0,4.949912085297614,287.16788975760346,99522.98510359944,1.207341046612393,339.7118777094615
13.65,149.61176855597625,5.522553623246836,-7.458709661048839,15.012601914807844,0.0,0.0,0.0,0.0,17.649622222074676,287.17752350438616,99540.53455379534,1.2075134348984689,339.7175758931346
13.7,149.3879590610102,-0.1698210389666529,-5.4454202836757295,10.827194571655232,0.0,0.0,0.0,0.0,12.120626367627347,287.1789782661034,99543.18485867277,1.2075394683462348,339.71843634957315
13.75,149.006698887909,17.309894457305557,-17.479733983051393,18.657849251685757,0.0,0.0,0.0,0.0,30.87537667689141,287.1814564572286,99547.69979287795,1.2075838173945053,339.7199021347829
13.8,150.682443586392,3.6913605352255443,-2.3658906788875913,24.878938322438,0.0,0.0,0.0,0.0,25.262326760556753,287.1705641166884,99527.85663617225,1.2073889002669316,339.7134595531557
13.85,150.74149417409933,12.918438182802703,-2.4992774968882285,23.413737248620457,0.0,0.0,0.0,0.0,26.85769024016741,287.17018028786833,99527.15745319902,1.2073820321352862,339.7132325245598
13.9,150.92886989349998,-3.5722103987986458,0.13855759178505592,21.609114489640362,0.0,0.0,0.0,0.0,21.902824346780292,287.16896234569225,99524.93887481214,1.207360238797196,339.71251213027665
13.95,150.10734514957306,37.43768193646567,-18.514831181968418,27.581577117972135,0.0,0.0,0.0,0.0,50.0511977757516,287.17430225652777,99534.66624353774,1.207455791118073,339.71567059502985
14.0,147.144199478816,48.2130119293258,-56.612295645356234,13.344804732827704,0.0,0.0,0.0,0.0,75.54819885934961,287.19356270338767,99569.75814485032,1.2078004854635158,339.72706257172155
14.05,143.74814549783804,19.743573226912577,-24.441436509160262,-18.782686578527326,0.0,0.0,0.0,0.0,36.60576208064738,287.21563705426405,99609.98920654309,1.208195631381681,339.7401184184716
14.1,142.6811366495764,20.914711424494165,-5.58629253911717,13.49393857094366,0.0,0.0,0.0,0.0,25.5091786708013,287.2225726117777,99622.63215227585,1.2083198030018625,339.74422034156095
14.15,144.34301818931056,5.180769528998041,16.89894528599902,-1.7941898799582732,0.0,0.0,0.0,0.0,17.766086851558722,287.21177038176944,99602.94114760005,1.2081264081662673,339.7378315161879
14.2,145.47471950045212,1.8899659524985086,-10.50233346045636,-11.610720106785635,0.0,0.0,0.0,0.0,15.769584674757326,287.204414323247,99589.53385144824,1.2079947244942357,339.7334808111842
14.25,145.0308140550241,31.521612060310822,-35.782044952805414,2.4509728669776636,0.0,0.0,0.0,0.0,47.749073665150625,287.2072997086423,99594.79263711302,1.2080463755944097,339.7351873649712
14.3,143.66494320547355,-17.10699786483199,-64.0244552246791,3.04899630058478,0.0,0.0,0.0,0.0,66.34061064842021,287.2161778691644,99610.97502051432,1.2082053135778494,339.74043827646
14.35,142.09991392482388,-17.329521517814023,-12.955076225145053,16.347707127529397,0.0,0.0,0.0,0.0,27.118146034771133,287.2263505594886,99629.51958406359,1.2083874460679782,339.74645472667066
14.4,141.31437066250527,39.0588724686623,-11.549942505679718,9.72780729288141,0.0,0.0,0.0,0.0,41.87632893575044,287.2314565906937,99638.82880670702,1.2084788726902334,339.7494745545636
14.45,140.55284401296848,0.4553599702231784,1.682425388315703,-2.0622037453900792,0.0,0.0,0.0,0.0,2.7001096602234083,287.2364065139157,99647.85408849077,1.2085675091549393,339.752402030872
14.5,139.55427787916997,11.410436232810886,-7.755839282263336,-4.732461908080433,0.0,0.0,0.0,0.0,14.58585937498284,287.2428971937854,99659.68966198197,1.2086837429219601,339.75624070098627
14.55,139.37646856057447,18.968025369205446,-18.16416422016079,-29.031758792941986,0.0,0.0,0.0,0.0,39.1479995253315,287.2440529543562,99661.79727849462,1.2087044409427425,339.75692422784726
14.6,139.2177603230171,6.455441005130741,-4.802543433240944,-19.2702733222604,0.0,0.0,0.0,0.0,20.882542371883506,287.2450845579004,99663.67851579534,1.2087229157175685,339.7575343260005
14.65,139.43565429123143,3.8114343192109117,-5.272715543786573,-10.463285391399388,0.0,0.0,0.0,0.0,12.321075519499875,287.243668247107,99661.0957318223,1.2086975513553686,339.7566967087844
14.7,138.00564385628812,1.4909395579935958,2.1364125577285353,-25.049408952347118,0.0,0.0,0.0,0.0,25.184520012188802,287.2529633149341,99678.04720434303,1.2088640218757873,339.7621938464793
14.75,136.8745664052311,1.9207703962248173,-1.4701809169331266,1.864234495971582,0.0,0.0,0.0,0.0,3.0538764054064775,287.260315318366,99691.4567519234,1.2089957054023321,339.7665417856675
14.8,136.46747560491195,-4.222394153102901,3.5917931399879732,-2.907630899916888,0.0,0.0,0.0,0.0,6.259705088482501,287.26296140856806,99696.28339555729,1.2090431028548252,339.7681066569687
14.85,135.40721760938754,-2.0334101493968215,4.603915135398401,-9.896995268083142,0.0,0.0,0.0,0.0,11.103211550991928,287.26985308553895,99708.85515861398,1.2091665550289183,339.7721822920257
14.9,134.0092258383337,-4.4252355291800765,0.05869616457498816,-0.4499623938694174,0.0,0.0,0.0,0.0,4.448440275461747,287.2789400320508,99725.43348364916,1.2093293463049437,339.7775561020478
14.95,133.63870906139692,-2.6816904103980885,1.439957251499218,-5.420174622719473,0.0,0.0,0.0,0.0,6.216368174757544,287.2813483911009,99729.8276945039,1.209372494504713,339.77898033564657
15.0,132.1625922705402,-3.6729430509679366,0.16888551023462545,-4.055451012968979,0.0,0.0,0.0,0.0,5.474094983630809,287.29094315024145,99747.33552561687,1.2095444060578429,339.78465433828455
15.05,132.40072392757577,-3.694587147540418,-0.22612051750021137,-6.020529305732666,0.0,0.0,0.0,0.0,7.067381254778269,287.28939529447075,99744.51094062201,1.2095166714978065,339.7837389973054
15.1,132.7080081283354,-6.985872333206421,-1.1083201833725866,-7.273131769064873,0.0,0.0,0.0,0.0,10.145404457926293,287.2873979471658,99740.86620240526,1.209480883644094,339.7825578410809
15.15,133.38895767237568,-9.382968090225882,0.43157920001759836,-8.45358208121459,0.0,0.0,0.0,0.0,12.636827164756086,287.2829717751295,99732.78975481559,1.2094015797437816,339.7799403544466
15.2,134.03300433148934,-14.0613791744678,3.171141842091807,-7.580260798649542,0.0,0.0,0.0,0.0,16.286156042675177,287.2787854718453,99725.15148365457,1.2093265772420152,339.7774646994272
15.25,135.3063729790995,-15.12412962422252,5.425793417968431,-15.474853279280932,0.0,0.0,0.0,0.0,22.308061662099345,287.27050857563586,99710.05096725888,1.2091782974740442,339.7725699365544
15.3,134.38390986391758,-8.675888139015594,7.897615029333759,-19.823925336779705,0.0,0.0,0.0,0.0,23.03543735010226,287.27650458588454,99720.99000998701,1.2092857140096467,339.7761158438442
15.35,132.31931203912862,-3.591192488555973,4.114096866286943,-15.70728610999757,0.0,0.0,0.0,0.0,16.629530764768305,287.2899244717456,99745.47659578217,1.2095261532689499,339.78405193219476
15.4,130.6905825466686,-0.754855024221065,4.268681652971801,-16.16898632562081,0.0,0.0,0.0,0.0,16.739999043014386,287.3005112134466,99764.79712220257,1.2097158579102778,339.79031245953405
15.45,129.29937114723316,4.0523967867491555,-5.10318203176007,-9.581364434171059,0.0,0.0,0.0,0.0,11.58736082923682,287.30955408754295,99781.30253024366,1.2098779158935502,339.79565992101914
15.5,128.99552543551246,9.947684582865447,8.928207929699125,-1.2714863718790246,0.0,0.0,0.0,0.0,13.427062336564738,287.31152908466913,99784.90766654782,1.2099133121658048,339.79682781517545
15.55,127.69835307851173,4.683158783362881,0.49413279474242616,0.7530419338175477,0.0,0.0,0.0,0.0,4.768984751822607,287.3199607049896,99800.29983249567,1.2100644341716231,339.80181372163713
15.6,126.16504863816473,5.617745846179284,-7.2266912116692925,1.791228139783748,0.0,0.0,0.0,0.0,9.32698410579947,287.3299271838519,99818.49640627245,1.2102430844470833,339.8077071482849
15.65,125.88038907174096,14.650700715091515,-14.995982528004394,7.3980459657118915,0.0,0.0,0.0,0.0,22.231815210058357,287.33177747103366,99821.87491480444,1.2102762532774487,339.8088012578313
15.7,125.77090553940963,15.728418736684432,-19.083072675097387,9.789301981211462,0.0,0.0,0.0,0.0,26.596564664611954,287.3324891139938,99823.17435494257,1.2102890105983064,339.8092220647355
15.75,125.92273741479228,-0.3216097758014369,0.9104716091063856,10.288203606770546,0.0,0.0,0.0,0.0,10.333417868897312,287.3315022068038,99821.37229369454,1.210271318760196,339.80863848914765
15.8,126.10378340657078,5.023548871978878,0.8004299440386354,6.1586411907866845,0.0,0.0,0.0,0.0,7.987840301441209,287.3303254078573,99819.22353055062,1.2102502230772068,339.80794262591274
15.85,125.25235027727454,11.534802005789029,-5.312903408504196,7.4794633953760465,0.0,0.0,0.0,0.0,14.738418253788984,287.3358597231977,99829.32917913662,1.2103494354743627,339.8112151577129
15.9,125.07437535765006,13.876525715861183,-13.59022334290475,10.916424509668692,0.0,0.0,0.0,0.0,22.280495069191915,287.33701656017524,99831.44166578997,1.2103701746107767,339.81189921048616
15.95,124.26076543738972,4.3034806924903135,1.5323833499647501,12.132500164104082,0.0,0.0,0.0,0.0,12.964015775749106,287.3423050246569,99841.09933072048,1.2104649867525403,339.81502633088326
16.0,123.83579460289494,2.1045087032445435,1.0579501272715153,16.807241883504116,0.0,0.0,0.0,0.0,16.971493602050494,287.3450673350812,99846.1440954535,1.2105145120003045,339.8166597004171
16.05,123.64494348248031,1.0141681880903097,-5.3121485344292205,13.972330376248877,0.0,0.0,0.0,0.0,14.982438897209626,287.34630786736386,99848.40972750283,1.2105367539110747,339.8173932315083
16.1,123.18941601335565,9.40081502404273,-6.373343024797739,19.365683004125223,0.0,0.0,0.0,0.0,22.450490031272594,287.3492687959132,99853.81755399803,1.2105898426352832,339.819144032548
16.15,122.95654465142933,1.6149801916888946,-12.396526466316882,21.21589543637201,0.0,0.0,0.0,0.0,24.625114184846193,287.3507824597657,99856.58219441355,1.210616982945708,339.8200390605387
16.2,121.21481566629228,17.765192678543432,-11.874602173844655,4.570452977123848,0.0,0.0,0.0,0.0,21.851711331356857,287.36210369816905,99877.26190363074,1.2108199898864815,339.826733223246
16.25,118.39804270567238,22.123894514014893,-11.06837698339189,1.0644980330777019,0.0,0.0,0.0,0.0,24.76103458210428,287.3804127224131,99910.71304828448,1.2111483535192624,339.8375589318464
16.3,115.95379749094242,2.1025294514281674,-11.30691179158001,0.5148792942514874,0.0,0.0,0.0,0.0,11.512253690930494,287.39630031630884,99939.7475170318,1.2114333451544723,339.8469526244351
16.35,113.72869053793173,10.247970285452398,-8.110319297761874,-3.382945702913073,0.0,0.0,0.0,0.0,13.4997220605471,287.41076351150343,99966.1848474242,1.2116928305356476,339.85550390183164
16.4,112.53424540999416,3.1145734340587676,-10.092671653887164,-0.12069600463386565,0.0,0.0,0.0,0.0,10.563008866552023,287.418527404835,99980.37883372682,1.2118321407260697,339.8600941684402
16.45,111.84904480500276,4.99761939592792,-11.20140224519999,2.5134807079761954,0.0,0.0,0.0,0.0,12.520590926737238,287.42298120876745,99988.52203559373,1.211912062382147,339.8627273744024
16.5,113.14886456192603,5.713611620732386,-12.644742637470527,12.74048228997816,0.0,0.0,0.0,0.0,18.837589100032957,287.41453238034745,99973.07490736677,1.2117604551065944,339.85773218758794
16.55,117.0291516178264,14.251892944326318,-24.86127648510416,16.43789795240106,0.0,0.0,0.0,0.0,33.03640431492026,287.3893105144841,99926.97286060595,1.2113079557802122,339.8428198689149
16.6,118.3970172195235,12.121700026934498,-22.32526719647353,-4.364355374478922,0.0,0.0,0.0,0.0,25.775972625134127,287.38041938807305,99910.7252282999,1.2111484730771045,339.8375628730363
16.65,119.15989694476819,-0.8714863957015553,4.548472917531788,3.456843253008569,0.0,0.0,0.0,0.0,5.779088137006035,287.37546066985897,99901.66460263345,1.2110595340940864,339.83463093009846
16.7,119.00814206196863,2.8373098357438233,-5.6153893141784375,11.848324013874624,0.0,0.0,0.0,0.0,13.415129749337353,287.3764470765972,99903.46692309984,1.211077225770482,339.83521416514816
16.75,117.51476879532166,1.2369593343293577,-0.20878272499434236,12.868399488275625,0.0,0.0,0.0,0.0,12.929399213068368,287.3861540028304,99921.20441057143,1.2112513346794587,339.84095354903513
16.8,115.78095285002229,5.120511375767634,-2.058538687246296,8.188514181376515,0.0,0.0,0.0,0.0,9.874663679075848,287.3974238064748,99941.80094621856,1.2114535002614226,339.84761688896396
16.85,114.23686987116007,-1.7148882147666735,2.147130433237377,-1.5685518976431763,0.0,0.0,0.0,0.0,3.1640742314427084,287.4074603458374,99960.14647922073,1.211633564420947,339.85355094390536
16.9,113.176644805338,0.8398259172394249,-2.3021935010795285,-3.8984682417941308,0.0,0.0,0.0,0.0,4.604721177222056,287.4143518087653,99972.74478654524,1.211757215056472,339.85762542774955
16.95,112.31696058653797,-4.258562603374922,8.224971767705467,5.367187541442541,0.0,0.0,0.0,0.0,10.704775482532616,287.4199397561875,99982.96107653904,1.2118574843460939,339.8609291898954
17.0,112.44932566727957,8.543009444408769,-19.92094320381144,27.987289031544158,0.0,0.0,0.0,0.0,35.39936914454734,287.4190793831627,99981.38802523377,1.2118420455282997,339.86042051364495
17.05,111.94970629652181,9.197558772594888,-16.30424272274325,15.019982708549543,0.0,0.0,0.0,0.0,24.000485384729007,287.4223269090726,99987.32569995368,1.2119003209940322,339.8623405365016
17.1,112.43185189777998,5.863822531547131,-13.200551138455234,18.738506000088115,0.0,0.0,0.0,0.0,23.65947108782844,287.4191929626644,99981.59568562108,1.21184408362778,339.8604876650211
17.15,113.37953998133307,10.886803485396163,-19.907443633950226,10.644754559457976,0.0,0.0,0.0,0.0,25.062713376640623,287.41303299012134,99970.3337501251,1.211733551298491,339.8568456979204
17.2,111.32186045628386,-3.7055980041031167,19.029014016486112,-10.04337463261425,0.0,0.0,0.0,0.0,21.833556856789905,287.4264079070341,99994.78767374148,1.2119735557996654,339.86475331460866
17.25,109.85847233130202,-4.747767561550014,8.547206255259175,6.959653624537788,0.0,0.0,0.0,0.0,12.001367012219486,287.43591992984653,100012.18185254933,1.2121442652149979,339.8703769707025
17.3,109.68067767469738,1.1905033792626605,0.8852671270559535,15.652649466962052,0.0,0.0,0.0,0.0,15.722799735348318,287.43707559511444,100014.29532897062,1.2121650068454735,339.8710602116759
17.35,109.46620465662217,9.779197540631813,-9.35514238388291,15.618313872881007,0.0,0.0,0.0,0.0,20.665989494656408,287.43846966973194,100016.84485566504,1.212190027756758,339.87188440083594
17.4,109.45118507948295,2.4212055249572817,-3.1237897129527803,16.661747275056022,0.0,0.0,0.0,0.0,17.12408013946063,287.43856729698336,100017.02340136786,1.2121917799896758,339.8719421188497
17.45,109.33869079964617,6.889934700972692,-6.0374707188886,13.947181228931466,0.0,0.0,0.0,0.0,16.686704800462046,287.43929850980226,100018.36068891667,1.2122049040013325,339.872374417419
17.5,108.18082140004641,8.72266209127535,-8.764483290987116,7.413573761525243,0.0,0.0,0.0,0.0,14.417422697352672,287.44682466089967,100032.12582427898,1.2123399917782736,339.8768239031249
17.55,106.92241326702101,7.656879000750605,-10.56367340099453,5.307102476649119,0.0,0.0,0.0,0.0,14.084897175793301,287.45500431376433,100047.08793698472,1.2124868223958565,339.88165967520587
17.6,106.299310416434,4.2422185994165575,-4.914791347631149,7.085376733090508,0.0,0.0,0.0,0.0,9.610106975773272,287.45905448229314,100054.49712238323,1.2125595308526929,339.88405409021345
17.65,104.91276567474635,0.9302048022532465,0.5995344406026846,8.116224110355155,0.0,0.0,0.0,0.0,8.191325675927803,287.46806702311414,100070.9858296621,1.212721335579891,339.88938214451315
17.7,103.76459037670222,-0.7721945303597901,0.4151966001825282,6.329854968963687,0.0,0.0,0.0,0.0,6.390284542775461,287.4755301625514,100084.64152710105,1.2128553359623473,339.8937941569757
17.75,103.16601796111695,3.3200491640086804,-2.3442225667406045,8.762263866693129,0.0,0.0,0.0,0.0,9.658953046961491,287.4794208832527,100091.76118105586,1.2129251981951306,339.8960942263867
17.8,102.8608809706658,4.251719899003002,-1.4328190538691787,12.919085385630808,0.0,0.0,0.0,0.0,13.67599574955799,287.48140427369066,100095.39075734036,1.2129608133688874,339.89726673727176
17.85,102.67476409679578,6.804616181211471,-7.3942029138018865,13.84695854742162,0.0,0.0,0.0,0.0,17.108924545923216,287.4826140333708,100097.60465267129,1.2129825370696217,339.897981902792
17.9,102.93860128781093,7.8017160819537,-11.092678802592962,13.079119164757968,0.0,0.0,0.0,0.0,18.840850696474654,287.4808990916292,100094.46627123943,1.2129517418834332,339.8969680917337
17.95,102.86973006766937,2.7486419137426794,-9.822070671902884,11.430387518201716,0.0,0.0,0.0,0.0,15.319329733056188,287.48134675456015,100095.28549664927,1.2129597805030785,339.8972327340355
18.0,101.87921070139743,1.7327031496927798,-4.9827942858883745,9.645658835151941,0.0,0.0,0.0,0.0,10.994054459778786,287.4877851304409,100107.06835738839,1.213075398012358,339.90103884861884
18.05,101.32435931208148,0.47833338833713246,-4.334016545712759,7.723489541891181,0.0,0.0,0.0,0.0,8.869317502074919,287.49139166447145,100113.66915994123,1.2131401662409564,339.9031708710602
18.1,101.57745829691629,5.833415752669156,-4.3812977174767616,12.819637183987147,0.0,0.0,0.0,0.0,14.750173102771427,287.48974652107,100110.65811822443,1.213110621474025,339.90219833714286
18.15,101.53606703094871,5.820174504477778,0.22644827011213936,18.800596816381272,0.0,0.0,0.0,0.0,19.682178505788823,287.4900155642988,100111.15053252301,1.2131154531242883,339.90235738344734
18.2,100.89983472129589,6.554484523561509,-9.43595427867919,14.019128079903414,0.0,0.0,0.0,0.0,18.12551937572184,287.49415107431156,100118.71976465931,1.2131897231087219,339.9048021023439
18.25,100.23345346484487,6.74415189346726,-14.951830463929173,10.323780441512127,0.0,0.0,0.0,0.0,19.380950998049265,287.4984825524785,100126.64817455842,1.2132675162320192,339.907362649538
18.3,99.39604981769662,9.513490313713453,-12.218839426711165,1.9235019137266063,0.0,0.0,0.0,0.0,15.60469142588154,287.50392567618496,100136.61207984424,1.2133652798625274,339.9105803170717
18.35,98.55783541407607,6.708762259856952,-1.056595252208996,14.829007281099019,0.0,0.0,0.0,0.0,16.310221995091275,287.5093740698085,100146.58643601023,1.2134631441810397,339.9138010693798
18.4,97.96237535595417,5.806382667798617,-0.15260797970916673,17.36918387992135,0.0,0.0,0.0,0.0,18.31463670223635,287.51324456018625,100153.67261866455,1.2135326697911268,339.91608904463766
18.45,98.1605711012304,2.678387733755263,-0.06844199782400223,14.4982182614489,0.0,0.0,0.0,0.0,14.743702991989737,287.511956287842,100151.31397499926,1.2135095282195056,339.9153275058291
18.5,97.8598201234726,2.046886758841354,-1.303412307983813,14.228311181289394,0.0,0.0,0.0,0.0,14.433761398877582,287.5139111691974,100154.8931027318,1.213544644394943,339.91648309778293
18.55,98.82598961736684,3.9429577459255123,0.9514341689593833,14.261823955067825,0.0,0.0,0.0,0.0,14.827399141095645,287.50763106748707,100143.39543991996,1.213431835629367,339.9127707178579
18.6,97.98116546928347,1.5320972288921637,-11.086854798661815,6.4962657195125155,0.0,0.0,0.0,0.0,12.94090953310095,287.51312242444965,100153.44900354999,1.2135304758205956,339.9160168463875
18.65,96.16405704843386,14.842773151399006,-10.906033020491897,-0.1958544466210661,0.0,0.0,0.0,0.0,18.419767371826715,287.52493362918517,100175.07569923392,1.2137426590112572,339.92299874759965
18.7,95.27186787885537,9.6653819402396,-26.369281709391156,19.235104788466778,0.0,0.0,0.0,0.0,34.04038604574335,287.5307328587874,100185.69565917763,1.2138468500542225,339.92642676608847
18.75,94.45443812859963,5.238503883323909,-13.950410100461337,15.609240080522378,0.0,0.0,0.0,0.0,21.580181667401217,287.5360461521641,100195.42653854452,1.2139423165986993,339.92956750946246
18.8,93.29193419426691,11.359178386222263,-3.1689895373960755,2.422186961373787,0.0,0.0,0.0,0.0,12.03912031562082,287.54360242773726,100209.26658169355,1.2140780937958802,339.93403405313035
18.85,92.85104820910635,-0.12619232438554903,-10.300949808961585,2.9708221015876934,0.0,0.0,0.0,0.0,10.721533259229366,287.54646818664077,100214.51589872682,1.21412959108023,339.9357279989341
18.9,92.40479963385323,6.947934015770535,-4.259131420429647,5.9581998750297895,0.0,0.0,0.0,0.0,10.09525300796356,287.54936880237995,100219.82929105771,1.214181716438711,339.9374425399656
18.95,91.91507287113515,8.492170124722957,-8.348249948509718,0.20274266394713092,0.0,0.0,0.0,0.0,11.910135818613238,287.5525520263376,100225.66063198689,1.2142389223632715,339.93932411950266
19.0,91.32652382611359,21.471966716483607,-4.67671536994028,11.501436915140498,0.0,0.0,0.0,0.0,24.80322705694104,287.55637759513024,100232.66904649467,1.2143076746366301,339.9415853704206
19.05,91.99026355448957,17.071079037057896,-29.159962443653935,8.489866216237147,0.0,0.0,0.0,0.0,34.839675336810906,287.5520632868958,100224.76529343144,1.2142301390610237,339.93903523000245
19.1,91.86300957390787,2.595253430882011,-41.24351954543724,-13.242429305046079,0.0,0.0,0.0,0.0,43.39499024961881,287.5528904377696,100226.28058329724,1.214245004098357,339.9395241513209
19.15,91.07497726807694,-7.696338281308556,-8.805691896851789,-2.5935480125755994,0.0,0.0,0.0,0.0,11.979162074876173,287.5580126477575,100235.66457219086,1.2143370603480264,339.9425518271496
19.2,90.6253015248028,5.6852584723516655,-1.229139910091936,-6.846137067045457,0.0,0.0,0.0,0.0,8.983459331282186,287.56093554008874,100241.01968692262,1.2143895928998434,339.944279501061
19.25,90.53469691243862,2.858458114445454,-3.3578105285182676,-20.391999345148804,0.0,0.0,0.0,0.0,20.8633485239071,287.5615244700691,100242.09871044356,1.2144001778295306,339.94462760688936
19.3,89.60311237661163,1.368707671346474,-1.2619453799236697,-15.991088230052085,0.0,0.0,0.0,0.0,16.099092198407455,287.567579769552,100253.19363181869,1.2145090147581286,339.9482067638979
19.35,88.94074126289709,0.31062292562735033,-2.6231821851933583,-11.819311242468057,0.0,0.0,0.0,0.0,12.110891363767282,287.5718851817912,100261.08289854303,1.2145864040484495,339.95075157735187
19.4,87.80877964985957,-5.9302612069758425,-0.6041872617642676,-2.902183284958908,0.0,0.0,0.0,0.0,6.629910108722113,287.5792429322759,100274.56645431215,1.2147186675005703,339.95510050180707
19.45,87.26040687191917,-7.7719658277582,0.10685248949778722,-3.711474232997631,0.0,0.0,0.0,0.0,8.6133565620238,287.5828073553325,100281.0990190679,1.214782745787723,339.9572072951057
19.5,86.86395371162446,-5.882156314080998,-9.014041343225255,-15.340918869145902,0.0,0.0,0.0,0.0,18.74023735149515,287.5853843008744,100285.82203549033,1.2148290736210308,339.958730420315
19.55,85.64150903224555,0.9116486050254052,4.68623465597974,-16.068497090287558,0.0,0.0,0.0,0.0,16.76271151009078,287.59333019129036,100300.3863685402,1.2149719318262766,339.96342686232276
19.6,85.49896311839358,2.220572013848235,-1.2185705177661588,-9.088440897473514,0.0,0.0,0.0,0.0,9.434808536601263,287.59425673973044,100302.08478687926,1.214988590965573,339.9639744972921
19.65,85.27958760533805,1.404873669961709,-0.9570892113189544,-8.214439210725581,0.0,0.0,0.0,0.0,8.38848623612632,287.5956826805653,100304.69866664623,1.2150142294128534,339.9648172956119
19.7,84.52259044009867,1.3318990199889842,-0.37365549644012325,1.0141636140777182,0.0,0.0,0.0,0.0,1.7152554519915424,287.60060316213935,100313.71878226749,1.2151027029570844,339.9677255163627
19.75,84.28721471376016,5.00185948571173,3.7889961448255063,3.3402926537234188,0.0,0.0,0.0,0.0,7.108631732817899,287.6021331043605,100316.52357163205,1.215130213344262,339.96862977435046
19.8,83.99586669614798,1.1733236334896961,0.7274878065528234,-0.8922616710754855,0.0,0.0,0.0,0.0,1.643793705809497,287.604026866475,100319.99542718285,1.2151642663548494,339.96974906133977
19.85,82.58092508960044,0.6282481221350547,2.1379779486691763,2.419614191987921,0.0,0.0,0.0,0.0,3.289403935370547,287.61322398691755,100336.85799604196,1.2153296563475073,339.97518486445824
19.9,82.46726996981461,1.9286037607831563,-2.654286919071285,-7.624107168160483,0.0,0.0,0.0,0.0,8.30010612139724,287.6139627451962,100338.21258068929,1.2153429420382622,339.975621491324
19.95,81.53872382656051,4.204391532826923,-5.3628296535698095,-13.589652128102415,0.0,0.0,0.0,0.0,15.202483185892786,287.61999829512735,100349.27989904491,1.2154514884017789,339.97918864963316
20.0,81.91211518468722,4.958973102315893,-6.366390792946222,-9.829757352580495,0.0,0.0,0.0,0.0,12.717958781526743,287.6175712512995,100344.82933792895,1.2154078383341835,339.977754211595
20.05,81.22547513177089,5.149497626435583,-4.412009099892904,-20.096245979011446,0.0,0.0,0.0,0.0,21.209484966663787,287.6220344116435,100353.01372540828,1.2154881086176055,339.9803920360808
20.1,80.18419331075522,-2.3121074297885236,3.4687927853824405,-4.026654138721279,0.0,0.0,0.0,0.0,5.795887137245321,287.6288027434801,100365.42628721085,1.2156098453270268,339.9843922278232
20.15,79.97207626507264,-5.841151735810444,-2.2759598725082952,6.486376535683943,0.0,0.0,0.0,0.0,9.020650059984622,287.630181504277,100367.95497309459,1.2156346451664068,339.98520709160834
20.2,79.579706073615,-1.2990302950692296,1.5429025417065225,-18.409488072390683,0.0,0.0,0.0,0.0,18.51964575925271,287.6327319105215,100372.63262548849,1.2156805204712242,339.9867144064328
20.25,78.69451315055744,-2.3838107529055734,-7.818817032753101,-16.146538997542585,0.0,0.0,0.0,0.0,18.097711874612816,287.63848566452134,100383.18612643369,1.2157840206980917,339.9901149063031
20.3,78.00066623798173,-2.406422641727975,-14.907157204945657,-17.269280679943684,0.0,0.0,0.0,0.0,22.939970816595658,287.6429956694531,100391.45897847576,1.2158651527121236,339.9927803199402
20.35,77.52459657391975,-0.6057395539205717,-12.09662567748945,-15.225118596565238,0.0,0.0,0.0,0.0,19.455063851551802,287.6460901222695,100397.13555553365,1.2159208222731628,339.9946091299632
20.4,76.3454154598434,-0.9371861224243851,-6.2778383021209025,-16.080623630190374,0.0,0.0,0.0,0.0,17.288031348637652,287.653754799511,100411.1970380625,1.2160587190923453,339.99913888314404
20.45,76.59446246787653,-2.4147153529002683,-3.1311207869651763,-17.211519965733107,0.0,0.0,0.0,0.0,17.659875060399692,287.6521359939588,100408.22707293952,1.2160295938248753,339.9981821890997
20.5,76.60990930421684,3.8149573254636833,-6.975734126944009,-19.478424627885342,0.0,0.0,0.0,0.0,21.038626190631614,287.65203558952254,100408.04286682478,1.2160277873833272,339.998122851232
20.55,76.90776353804083,8.020215508785087,-10.552964562419191,-14.97716822863928,0.0,0.0,0.0,0.0,20.00011214998541,287.6500995370027,100404.4909586291,1.2159929550040613,339.99697866442176
20.6,77.1634345902769,29.133415000182627,-3.8085430089695906,-7.604689840631905,0.0,0.0,0.0,0.0,30.34950044063736,287.64843767516317,100401.44216552141,1.2159630563197112,339.9959965183676
20.65,76.41920257720895,0.1660480022831718,-4.08745519142661,-17.15713865958386,0.0,0.0,0.0,0.0,17.63809141787086,287.6532751832481,100410.31709570285,1.2160500898644675,339.9988554361499
20.7,75.83284222266442,16.71604407047631,-6.260259893426629,1.7375276639321693,0.0,0.0,0.0,0.0,17.934212714314555,287.65708652555264,100417.30986150735,1.2161186646063313,340.0011078835242
20.75,74.07363504738092,16.103213241674908,-9.445929043718587,-1.3472762028691736,0.0,0.0,0.0,0.0,18.71775107678906,287.668521372192,100438.29202923206,1.2163244213334332,340.00786562055123
20.8,73.49876255056843,6.298970413140778,-10.79856651567506,-15.105815373756577,0.0,0.0,0.0,0.0,19.607950560043292,287.67225804342127,100445.14933694185,1.216391664146677,340.0100738800392
20.85,73.55530891125345,3.3043841029696095,-3.3722624523293234,-10.470968221402158,0.0,0.0,0.0,0.0,11.486177947470704,287.67189049207684,100444.47481265866,1.2163850497949922,340.00985666896617
20.9,72.07738096339513,3.305037584517925,-1.3787989457814982,-8.926655588672725,0.0,0.0,0.0,0.0,9.618187977303535,287.6814970237379,100462.10576910924,1.2165579353036973,340.0155337759285
20.95,71.35785308352975,0.15009815667965126,1.1541677200195932,-3.2432987999418854,0.0,0.0,0.0,0.0,3.4458119055279743,287.68617395495704,100470.6902911948,1.2166421112602652,340.0182976359928
21.0,70.40976958355819,1.9143899330108822,-0.5847522315628737,-11.529641169640758,0.0,0.0,0.0,0.0,11.702113035200364,287.69233649770683,100482.00256491301,1.2167530322309241,340.0219393926419
21.05,69.8661706683002,-1.8281558963697615,-1.816655930256976,-19.909918481406248,0.0,0.0,0.0,0.0,20.07603662794555,287.695869890656,100488.48910407817,1.2168166340420306,340.0240274347652
21.1,69.62865123442695,2.3761085875669536,-1.4820521419142225,-22.1876503120356,0.0,0.0,0.0,0.0,22.363680308492057,287.6974137669762,100491.32343087219,1.2168444249366965,340.024939777268
21.15,68.99260064332562,5.4626027895429505,1.3330411490566303,-4.748395953907117,0.0,0.0,0.0,0.0,7.359639398535918,287.70154809581834,100498.91376114463,1.2169188482487432,340.02738291682704
21.2,68.92441387254647,-0.3924195976636874,3.5644096802834295,-2.9822443482988095,0.0,0.0,0.0,0.0,4.663988728812383,287.70199130982843,100499.72749772674,1.2169268268857218,340.0276448285944
21.25,68.72682243988703,1.7501659076279195,4.259471864567653,-13.58119861331214,0.0,0.0,0.0,0.0,14.340681191752994,287.7032756541407,100502.08557143713,1.2169499475835392,340.0284037946382
21.3,68.07739031765014,-2.5692683162176024,3.923528003759322,-17.285119490799225,0.0,0.0,0.0,0.0,17.910068885635546,287.70749696293524,100509.83626769332,1.2170259417267992,340.0308983085137
21.35,66.74843690593492,14.011756804007735,7.849440503024821,-2.0415587105368984,0.0,0.0,0.0,0.0,16.18984270812267,287.7161351601114,100525.69827022795,1.2171814622522281,340.0360028538066
21.4,65.6650519974897,6.1531171018104756,10.193794494010119,-2.1318648275667065,0.0,0.0,0.0,0.0,12.096245032972819,287.72317716201627,100538.6307380341,1.2173082564182836,340.0401641072705
21.45,65.21523270616176,-1.1817882025756872,6.145638294388555,-11.060010910932217,0.0,0.0,0.0,0.0,12.707845401606907,287.72610098740995,100544.00066911071,1.2173609040762008,340.0418918365948
21.5,64.66997134030554,-5.033232684771917,7.75603374907268,-4.928192895381713,0.0,0.0,0.0,0.0,10.477431745895629,287.729645186288,100550.5102965954,1.2174247247815342,340.043986141519
21.55,64.99823332743121,-8.240155032707685,8.560365032935962,-4.019384881050045,0.0,0.0,0.0,0.0,12.543343225878186,287.7275114833717,100546.59128512965,1.2173863026961695,340.04272531525004
21.6,65.36854124845087,-6.63862712129591,8.541875281634423,-1.5345578979809287,0.0,0.0,0.0,0.0,10.926567225110475,287.72510448188507,100542.17044960648,1.2173429603733341,340.0413029885269
21.65,65.73124478327694,-6.970660385037637,8.38702625732974,-1.7175203142362065,0.0,0.0,0.0,0.0,11.040026796819182,287.7227469089087,100537.84054986977,1.2173005092427511,340.03990986394984
21.7,66.09966004320896,-6.033263946377684,6.306320660634612,-0.8729064978939162,0.0,0.0,0.0,0.0,8.771084304433131,287.7203522097191,100533.44261900398,1.2172573907664208,340.0384947951038
21.75,65.17558825960518,-4.522685420337559,4.623000502575864,-1.7386309082168943,0.0,0.0,0.0,0.0,6.69698846446354,287.72635867631254,100544.47395462547,1.2173655442169704,340.042044108151
21.8,64.2715792119552,-2.5166670130267947,4.384134527036357,-0.22128269962728042,0.0,0.0,0.0,0.0,5.059961900920189,287.7322347351223,100555.26673480716,1.217471356636688,340.0455163253937
21.85,63.352511478133,-4.807597480386671,0.9927206807609774,-1.804431803630961,0.0,0.0,0.0,0.0,5.2301493303141635,287.7382086753921,100566.24025924079,1.217578938857736,340.0490463453468
21.9,62.10358056314852,-3.3625351594299584,-1.5057336796777017,-3.8185151412935157,0.0,0.0,0.0,0.0,5.306122359765768,287.74632672633953,100581.15385243659,1.2177251451382445,340.0538432682596
21.95,61.10787413931529,-1.759126262322014,-2.631162875501456,-5.650660311764524,0.0,0.0,0.0,0.0,6.476689373681499,287.75279881809445,100593.04495281479,1.217841717278753,340.05766755217803
22.0,60.71819736364306,-0.47281520634985874,-6.117214985959587,-14.015648873867557,0.0,0.0,0.0,0.0,15.299747931235636,287.7553317171363,100597.69892925279,1.2178873409375548,340.05916420112186
22.05,60.63315442782672,1.9515026727844536,-4.207389810577032,-8.802241920396343,0.0,0.0,0.0,0.0,9.949369554158444,287.7558844962191,100598.71463477002,1.217897298004188,340.05949082843665
22.1,58.99057877111771,1.4490113679805663,-3.466560801021697,-15.288007744547642,0.0,0.0,0.0,0.0,15.742930430166608,287.76656123798773,100618.33427387553,1.218089627610343,340.06579946344226
22.15,58.46002201916128,9.245187767790277,-8.77756601489917,-18.148621838149626,0.0,0.0,0.0,0.0,22.178630179336444,287.77000985687545,100624.67213679555,1.2181517556013979,340.0678371460355
22.2,58.11949491247516,12.071412157463087,-4.087849912092419,-17.943884240901077,0.0,0.0,0.0,0.0,22.009372776842135,287.7722232830689,100628.74013607917,1.218191632471557,340.0691449849088
22.25,56.72411719527311,11.11674128336141,-21.808267309008357,-14.600347815811482,0.0,0.0,0.0,0.0,28.501800226038803,287.7812932382307,100645.41096515572,1.2183550463286874,340.07450406293
22.3,57.76095608124877,11.225213715199478,-16.11989391713189,-15.822947754542225,0.0,0.0,0.0,0.0,25.223443034099468,287.7745537854719,100633.02345064793,1.2182336196545671,340.0705219947292
22.35,57.912708935433265,1.778537025505719,-5.828375375464023,-1.8498865669341313,0.0,0.0,0.0,0.0,6.368299127626895,287.77356739191964,100631.21050428039,1.2182158482927088,340.069939171034
22.4,57.418830643032116,-1.3511432370397083,6.930350337027115,5.6313000827809345,0.0,0.0,0.0,0.0,9.031438670735607,287.77677760082025,100637.11081887301,1.2182736857568675,340.071835961818
22.45,56.983160327714074,4.5870449948308885,6.014342103062199,-14.015623013361713,0.0,0.0,0.0,0.0,15.926423991905533,287.7796094578698,100642.31596113226,1.2183247083021493,340.0735091900487
22.5,56.772132947065295,2.0744748157450146,-1.9252588253868903,-6.516488733660522,0.0,0.0,0.0,0.0,7.104554364758914,287.78098113584406,100644.83727516481,1.2183494228850478,340.07431965536836
22.55,56.586434459525364,6.241575796315228,-5.310722753932012,-14.299562637887721,0.0,0.0,0.0,0.0,16.48146037901841,287.78218817601305,100647.05600682339,1.2183711713785388,340.0750328417162
22.6,55.25304142617386,6.123080990830045,-4.823148806696874,-12.516246156246101,0.0,0.0,0.0,0.0,14.744873789746423,287.79085523072985,100662.98859403656,1.218527343407463,340.08015377492023
22.65,53.996074112330156,4.952007995665316,-6.114312564485112,-8.719987780994476,0.0,0.0,0.0,0.0,11.745015462997344,287.79902551826984,100678.00984755227,1.2186745781901256,340.0849811224058
22.7,53.74962681102938,-0.22465024644296738,-0.5153469730877824,1.5782405431507724,0.0,0.0,0.0,0.0,1.6753785983897702,287.8006274257283,100680.95520249013,1.218703447374137,340.085927588275
22.75,53.427703840802906,2.748710623499327,7.577428769955971,-0.9498814134767041,0.0,0.0,0.0,0.0,8.116348412627628,287.80271992503475,100684.80269161162,1.2187411586723895,340.08716390989196
22.8,52.63602673616594,1.3815882013997351,5.892528290393424,-2.4991975843566907,0.0,0.0,0.0,0.0,6.548027502766625,287.8078658262149,100694.26499269869,1.218833902578841,340.09020426878067
22.85,52.54216894972629,-2.8693146457804346,3.979167880782168,2.3076950569866375,0.0,0.0,0.0,0.0,5.421457371959971,287.80847590182674,100695.38684961034,1.2188448982500946,340.0905647186748
22.9,51.916504487248694,4.120988335319828,-4.5609662062143705,-12.761203237575023,0.0,0.0,0.0,0.0,14.164507251040074,287.8125427208329,100702.86550748459,1.2189181983246458,340.0929675003897
22.95,51.24991785644077,4.257777082536706,-5.789639656679682,-20.888832414894356,0.0,0.0,0.0,0.0,22.09053898609796,287.8168755339331,100710.83380880264,1.218996296369452,340.0955274196085
23.0,50.65660827147244,-0.22285138159019569,-2.969689040701507,-14.767807270426138,0.0,0.0,0.0,0.0,15.065087033043998,287.82073204623543,100717.92659402655,1.2190658124125304,340.0978059138586
23.05,49.527658091548126,-0.13826473108255455,-1.529726523494257,-20.750604941237924,0.0,0.0,0.0,0.0,20.80737335176814,287.8280702224049,100731.42387121501,1.2191980959973252,340.10214139325535
23.1,48.58782944624033,-4.932696426821272,3.076734951185245,-6.726981999672512,0.0,0.0,0.0,0.0,8.89101112489115,287.8341791085994,100742.66120403633,1.2193082278353642,340.10575055175536
23.15,48.01553891146436,-4.151422047674391,8.245703263057978,6.206806593291789,0.0,0.0,0.0,0.0,11.124314603913916,287.83789899707546,100749.50445845826,1.2193752942230944,340.10794826048203
23.2,47.28918650696457,-7.930743795434466,9.549208858241318,-13.701331069817266,0.0,0.0,0.0,0.0,18.488119429835926,287.84262028770473,100758.1904740451,1.219460419093732,340.1107375767779
23.25,46.61946517123104,-8.435234027561071,7.17530312441149,-9.069549799781042,0.0,0.0,0.0,0.0,14.31414969872894,287.84697347638695,100766.1998097212,1.2195389111145596,340.1133093999052
23.3,46.19067012670031,-12.902375611492374,5.761176090074434,-5.989883666417418,0.0,0.0,0.0,0.0,15.347350022010078,287.8497606441764,100771.32812885565,1.2195891683588562,340.11495602233543
23.35,44.539840182320596,-9.826568887457793,5.572961816365956,-13.40375496768363,0.0,0.0,0.0,0.0,17.529404061186163,287.86049103881487,100791.0737601322,1.2197826699113246,340.12129532531264
23.4,44.70224531335909,-4.742730811502755,4.0932160467556935,-14.547308283396148,0.0,0.0,0.0,0.0,15.838942245237277,287.85943540546316,100789.1310880835,1.2197636325994652,340.1206716834387
23.45,45.13691802555614,-4.9224376675018116,3.490660566845657,-11.054805947292106,0.0,0.0,0.0,0.0,12.594595599528269,287.8566100328339,100783.93173079214,1.219712680894291,340.1190025180818
23.5,46.13619274466784,-1.1573449269512537,3.998571146359774,-14.65418516924326,0.0,0.0,0.0,0.0,15.233947665228138,287.85011474715964,100771.97968463296,1.21959555353465,340.1151652211954
23.55,45.759755733560446,0.2911906696491892,0.4898318288603815,-12.778247303049728,0.0,0.0,0.0,0.0,12.790947242661627,287.8525615877318,100776.48200796213,1.219639675599209,340.11661077527776
23.6,46.5051016709752,0.37325131668992456,-0.39309059774292193,-8.80926664605282,0.0,0.0,0.0,0.0,8.825928597303704,287.8477168391386,100767.56755795609,1.2195523150193113,340.11374856971696
23.65,45.84118659234261,1.066832804010546,3.0752239452805954,-2.442903159085922,0.0,0.0,0.0,0.0,4.06975556882869,287.85203228714977,100775.50805151905,1.2196301310101636,340.116298073522
23.7,44.57391725422596,-1.2479226928717413,3.0635721850700053,-1.5868114693203579,0.0,0.0,0.0,0.0,3.668890325382526,287.8602695378475,100790.66613148847,1.2197786753398399,340.1211644681565
23.75,42.9406356610317,-0.9478393773117282,4.904809156612241,-1.187008952832363,0.0,0.0,0.0,0.0,5.134641428773206,287.8708858682033,100810.20488540549,1.2199701426011436,340.12743627037037
23.8,41.93561225610514,-1.3328152452003637,3.679455578251146,-1.1971361668149854,0.0,0.0,0.0,0.0,4.0924228559691205,287.8774185203353,100822.2293853662,1.220087971481691,340.13129550332053
23.85,40.8809166858108,3.796003700433779,4.220854443891919,1.4314154326183348,0.0,0.0,0.0,0.0,5.8544176884611705,287.8842740415422,100834.84943175207,1.2202116332859758,340.13534542748505
23.9,41.3702978664559,10.354796885457592,-3.6303098662290427,16.667464153191187,0.0,0.0,0.0,0.0,19.955082800174882,287.88109306386804,100828.99354202939,1.2201542527308487,340.1334662593151
23.95,42.029251727249765,11.67552755792476,1.2120861783075898,5.703729805201944,0.0,0.0,0.0,0.0,13.05065631875477,287.87680986377285,100821.10899640963,1.2200769928282191,340.1309359349049
24.0,42.54315973777765,-2.711551959262623,3.218456215249762,21.15290067007264,0.0,0.0,0.0,0.0,21.56747971356923,287.8734694617044,100814.96030670352,1.2200167416126018,340.1289625606369
24.05,42.37692705729697,10.582125039063289,31.836550472589185,-21.172855323842736,0.0,0.0,0.0,0.0,39.67161603590739,287.87454997412755,100816.94917645442,1.2200362306901589,340.1296008848725
24.1,40.13988226096618,18.561972724848044,19.323095511385727,-31.499961186804647,0.0,0.0,0.0,0.0,41.354279178222136,287.8890907653037,100843.71710501965,1.2202985244282263,340.1381908957778
24.15,37.74208671173775,-4.875978548417249,7.11965664387306,12.181570046019715,0.0,0.0,0.0,0.0,14.928339703977658,287.9046764363737,100872.41492742494,1.2205797141084653,340.14739793137545
24.2,36.2249489049828,-1.6503936101158412,11.097238521722279,1.7328685334449676,0.0,0.0,0.0,0.0,11.352327304588773,287.9145378321176,100890.57608426907,1.2207576545854593,340.15322329590396
24.25,35.872333773180316,-2.5418050747377046,4.59709831618925,18.94647162238309,0.0,0.0,0.0,0.0,19.661202224290356,287.9168298304743,100894.79750301117,1.220799014583468,340.1545772203759
24.3,37.186521467283384,7.829154888804631,-3.6231159396047214,17.100368595201807,0.0,0.0,0.0,0.0,19.153204470178757,287.90828761046265,100879.06510870403,1.2206448723626464,340.14953115066413
24.35,38.857253921004244,-2.7730219269049576,0.29707726231480125,13.284817906182097,0.0,0.0,0.0,0.0,13.574398414194885,287.89742784951346,100859.06731626314,1.2204489321933485,340.14311595251195
24.4,38.50510970902292,-3.4529315879458515,2.848016340982975,6.84970488595247,0.0,0.0,0.0,0.0,8.18244405139329,287.8997167868913,100863.28203103566,1.2204902289625514,340.14446810899045
24.45,37.76106606182666,-2.372280132750411,6.504203317952438,9.617981790686416,0.0,0.0,0.0,0.0,11.85065177766528,287.9045530705981,100872.18774864436,1.2205774882039202,340.14732505560187
24.5,37.02610967401704,0.34162611671515064,3.6839575994159355,8.584403703007522,0.0,0.0,0.0,0.0,9.347739776765588,287.90933028711885,100880.98532277353,1.2206636864039417,340.1501470857898
24.55,36.4255735737098,0.8674437594756512,2.673467770859808,5.67639825038935,0.0,0.0,0.0,0.0,6.334144432731436,287.9132337717709,100888.17432055874,1.2207341227899402,340.1524529617
24.6,35.41686707947708,0.4224226523015815,2.1633694878125773,-1.7701243388845362,0.0,0.0,0.0,0.0,2.82700346888492,287.9197903639834,100900.25044619765,1.2208524401438994,340.1563260525578
24.65,33.71856961067201,2.393164761096696,3.93578225531889,-2.7556430046451457,0.0,0.0,0.0,0.0,5.367605416206353,287.93082929753064,100920.5849250396,1.2210516636603965,340.1628468392729
24.7,32.45158196833178,1.7510556526464889,2.1060815153556685,-4.4772721841927945,0.0,0.0,0.0,0.0,5.248594236491765,287.93906471720584,100935.7572986102,1.221200307373908,340.167711486413
24.75,31.48103213523457,1.6794600222960208,1.0295536675157335,-5.20208865628267,0.0,0.0,0.0,0.0,5.56257971705669,287.945373291121,100947.38103273696,1.2213141821979117,340.17143790227715
24.8,31.232623035671576,0.45264499407996556,-0.22947644630775732,-8.018691414441472,0.0,0.0,0.0,0.0,8.034734527668794,287.9469879502681,100950.35626420454,1.2213433293974916,340.17239165983807
24.85,30.427618599291876,-0.706519431602544,2.848291047026163,0.43623017945998216,0.0,0.0,0.0,0.0,2.9668549619543363,287.9522204791046,100959.99840586778,1.2214377886316774,340.1754824262586
24.9,30.567497901699795,1.835117223336694,2.1561798716705223,-11.264184981745903,0.0,0.0,0.0,0.0,11.614586956296552,287.95131126363896,100958.32291306253,1.2214213747907792,340.1749453700531
24.95,29.783316927992495,1.6898937315816696,1.1462925521596048,-17.263336333776305,0.0,0.0,0.0,0.0,17.38368513325804,287.956408439968,100967.71622730723,1.221513395027354,340.17795616378487
25.0,28.8414047624735,0.5313813326354291,7.5662547297620115,-4.608006347317345,0.0,0.0,0.0,0.0,8.874925309727194,287.9625308690439,100978.9998606322,1.2216239313463895,340.18157251729946
25.05,27.830083801574066,-5.321284493773488,8.119888566827841,-12.456215892227855,0.0,0.0,0.0,0.0,15.79259235702503,287.96910445528977,100991.11611306177,1.2217426215219593,340.18545531437303
25.1,26.743541158785852,-5.981254670802839,2.9907626783265995,-14.166329099818224,0.0,0.0,0.0,0.0,15.665406123028816,287.9761669824679,101004.13487966915,1.2218701496598097,340.1896268630841
25.15,25.789614335475765,-14.529553702967956,-1.2018094367519336,-9.016512638273523,0.0,0.0,0.0,0.0,17.14204704479141,287.9823675068194,101015.56578663267,1.2219821209973392,340.1932892194752
25.2,25.16652650739541,-5.657812469106175,1.8893902911313187,-4.340312854324517,0.0,0.0,0.0,0.0,7.376920311431406,287.9864175777019,101023.03281483884,1.2220552628974768,340.1956813834518
25.25,24.575312030013198,-8.199325247666732,2.2561858459432464,-1.4844159714448109,0.0,0.0,0.0,0.0,8.632658910482922,287.9902604718049,101030.11828891898,1.222124666403324,340.19795116344284
25.3,24.147426003564124,-13.099634597737404,0.30722460021236875,-7.014498213295721,0.0,0.0,0.0,0.0,14.862637677530302,287.9930417309768,101035.24658645329,1.222174898431637,340.1995938863356
25.35,23.720600834558798,-10.714114138992613,-1.3806842494367983,-4.743429682721426,0.0,0.0,0.0,0.0,11.798248002772572,287.99581609457533,101040.36237940412,1.2222250074933665,340.2012325285242
25.4,23.80517286489807,-10.715333436268036,-3.1874155276937786,-5.796847019114989,0.0,0.0,0.0,0.0,12.592911647415363,287.99526637637814,101039.34870884316,1.2222150786543728,340.20090784516594
25.45,23.680676724168293,-12.393540064453225,-5.8858999087810755,-9.20823278853584,0.0,0.0,0.0,0.0,16.523776933657235,287.9960756012929,101040.84090802875,1.2222296946443756,340.2013858024267
25.5,24.993695477571713,-11.456408417863745,-5.929143059840459,-9.883559039481256,0.0,0.0,0.0,0.0,16.250808304446434,287.98754097939576,101025.10408545454,1.2220755514652437,340.1963449148003
25.55,26.367007471226955,-7.952077535927172,-5.562691505497595,-9.351431852440127,0.0,0.0,0.0,0.0,13.476956318604156,287.978614451437,101008.64675844468,1.22191434601229,340.1910724719257
25.6,27.212295945060834,-3.776261976948555,-4.888836604257653,-12.960784586600166,0.0,0.0,0.0,0.0,14.357674427355196,287.9731200763571,100998.5181739796,1.2218151303907,340.18782718534425
25.65,27.65679582627456,-0.6184955547338498,-2.927427244663338,-15.646325479918834,0.0,0.0,0.0,0.0,15.92984205971861,287.97023082712917,100993.19232862744,1.2217629597492212,340.18612062001944
25.7,26.861431491478417,3.727048061135223,-6.323534073208153,-19.46040286855445,0.0,0.0,0.0,0.0,20.79868385815503,287.9754006953054,101002.7222723087,1.2218563123108273,340.1891742507724
25.75,24.036080674651643,14.068819757170685,-4.959186471067833,-5.554448390300702,0.0,0.0,0.0,0.0,15.917823869332532,287.99376547561474,101036.58111651229,1.2221879701661318,340.20002135756147
25.8,22.11611826596665,0.8731566200332541,4.463680785280481,-4.039403681161121,0.0,0.0,0.0,0.0,6.08306096758598,288.0062452312712,101059.59508177082,1.2224133870051541,340.2073922934229
25.85,21.16097524513561,0.5100489013326809,-0.9746784637846289,-4.3681945134634885,0.0,0.0,0.0,0.0,4.504583365525469,288.0124536609066,101071.04565164898,1.2225255392351937,340.21105912757827
25.9,20.16703816026263,10.746181060771468,-3.618352452227614,-15.251497270867848,0.0,0.0,0.0,0.0,19.00476389915735,288.0189142519583,101082.96241298455,1.222642254995068,340.21487485181257
25.95,18.193052317483673,7.348158296024302,-9.464706124538727,-14.626996787041659,0.0,0.0,0.0,0.0,18.908334865223818,288.03174515993635,101106.63279574829,1.2228740809174752,340.2224528561036
26.0,16.895199997978438,6.971987461448173,-5.166705762025527,-6.429604068915325,0.0,0.0,0.0,0.0,10.800151206207754,288.04018120001314,101122.19799773405,1.2230265196901116,340.22743513545356
26.05,16.73389627853422,23.66695207841256,-9.641300453075592,12.742659719496084,0.0,0.0,0.0,0.0,28.55616696679056,288.0412296741895,101124.13265614373,1.223045466575498,340.2280543534976
26.1,17.830927369020564,30.75091776918131,-26.45406532846762,-26.30632738712865,0.0,0.0,0.0,0.0,48.347278896010046,288.03409897210133,101110.97558160145,1.222916612709588,340.22384301209456
26.15,18.295301655216978,33.106417900384606,-38.21936708055554,-41.13776681263894,0.0,0.0,0.0,0.0,65.18489690537385,288.0310805392411,101105.40659722997,1.2228620718763896,340.22206033163815
26.2,16.165202312325974,51.630761531637596,-76.82549685601182,-6.603415770312438,0.0,0.0,0.0,0.0,92.79815517210201,288.0449261849699,101130.95374580535,1.223112267690824,340.2302374656812
26.25,14.679699043155225,9.913469781039677,3.300657304419837,-16.240193669598636,0.0,0.0,0.0,0.0,19.31101012808182,288.05458195621947,101148.77308477124,1.2232867741387963,340.2359399751089
26.3,15.811536512146226,2.8501741722684337,-1.3129235930329843,-8.936643552343144,0.0,0.0,0.0,0.0,9.471581660686086,288.04722501267105,101135.195909652,1.22315381212746,340.23159511697634
26.35,15.439593535090644,15.279431000126053,-16.550958440737872,-19.73738436795426,0.0,0.0,0.0,0.0,29.94928344189574,288.04964264202187,101139.65746071906,1.2231975047133283,340.2330229248027
26.4,14.528909671854715,7.232001147690184,-9.893932258762776,-10.974441670264984,0.0,0.0,0.0,0.0,16.45083907024889,288.0555620871329,101150.58201922609,1.2233044888755356,340.2365188158909
26.45,13.878294717660314,7.430775933683418,-7.364442013564886,0.6320467286769095,0.0,0.0,0.0,0.0,10.48097897216665,288.0597910843352,101158.3873777076,1.2233809253766292,340.2390163444836
26.5,12.69023492598227,1.6986651810644475,-5.292266034998702,0.9985467859224544,0.0,0.0,0.0,0.0,5.6471797267519,288.0675134729811,101172.6416632272,1.2235205121888408,340.24357692598244
26.55,11.91993766961908,5.20277119895307,-8.016875796132155,-4.963767665728034,0.0,0.0,0.0,0.0,10.769313586231588,288.07252040514743,101181.88452257423,1.2236110220053371,340.24653381807815
26.6,11.896181289135251,3.848462795564655,-11.027785469977536,-14.375479542776933,0.0,0.0,0.0,0.0,18.522341384001408,288.0726748216206,101182.1695881816,1.2236138134580368,340.24662500980764
26.65,11.859936016395103,4.823943393644522,-5.6030780189233855,-13.316378437125984,0.0,0.0,0.0,0.0,15.231245774130981,288.07291041589343,101182.60451598822,1.2236180724059655,340.2467641416081
26.7,11.26019881973677,7.136820649573998,-14.793849837586988,-14.716694930859843,0.0,0.0,0.0,0.0,22.053872940806887,288.0768087076717,101189.80132619519,1.2236885452971817,340.24906629607676
26.75,9.68119834639122,0.9363505895715224,-0.6489607544375118,-2.2707117838655666,0.0,0.0,0.0,0.0,2.5404791856610407,288.08707221074843,101208.75121894355,1.223874102629763,340.2551273814011
26.8,9.723485635461486,2.2085098526137688,2.871481521448993,-18.413890078142913,0.0,0.0,0.0,0.0,18.766839630237296,288.0867973433695,101208.24368349179,1.2238691329292355,340.25496506058494
26.85,10.152889123387695,-0.886870776582259,-3.7060613720857227,-22.29051814709108,0.0,0.0,0.0,0.0,22.61390346520959,288.084006220698,101203.09006493528,1.2238186693073185,340.2533167801776
26.9,9.247773930540435,4.411116302907964,-5.045340432156142,-21.877510592410516,0.0,0.0,0.0,0.0,22.88097193816653,288.08988946945146,101213.95333253233,1.2239250405648618,340.25679108739104
26.95,7.58020005081556,8.788015922242582,-13.420029736065826,-14.956677621245339,0.0,0.0,0.0,0.0,21.932364839030498,288.1007286996697,101233.97016484053,1.2241210362733308,340.263192018379
27.0,5.539348096680425,-6.271561458294411,2.525272187972829,-3.5088832706447013,0.0,0.0,0.0,0.0,7.617200572094924,288.11399423737157,101258.47202694998,1.2243609373153812,340.2710256019053
27.05,3.9696610307913156,-5.255362390062929,-5.58841019035719,-12.247573857327524,0.0,0.0,0.0,0.0,14.45172057913066,288.12419720329984,101277.32049023153,1.2245454776496951,340.27705054865237
27.1,3.474360097178981,-4.3804580334855565,-6.554551352624941,-9.193596398834602,0.0,0.0,0.0,0.0,12.11085342830926,288.1274166593683,101283.26854648793,1.2246037121437598,340.27895164541155
27.15,3.538974641920987,-6.334282603435528,-9.075794835704212,-12.86180768123728,0.0,0.0,0.0,0.0,16.968184488303855,288.1269966648275,101282.49257602777,1.2245961150354467,340.2787036382004
27.2,4.032259266142621,1.1610165541385333,-16.20177293549653,-9.958687367982558,0.0,0.0,0.0,0.0,19.053106302794482,288.1237903147701,101276.56876975599,1.2245381178778354,340.27681027921466
27.25,3.591695509602324,4.475355078828272,-18.081338083104484,-6.924168759426208,0.0,0.0,0.0,0.0,19.87228479481241,288.12665397918755,101281.85944295088,1.2245899163627203,340.27850128184133
27.3,5.4907809997353665,21.370320983183507,-41.89347922852358,16.083221016535976,0.0,0.0,0.0,0.0,49.70336225107688,288.1143099235017,101259.05516757509,1.224366646789455,340.2712120191152
27.35,7.15292996882272,12.577659184888075,-24.408521966856494,-1.7042755835405163,0.0,0.0,0.0,0.0,27.511416002132055,288.10350595520265,101239.0994451059,1.2241712586635387,340.26483206205324
27.4,6.186377931997228,-7.822434738328589,6.218775472298366,-7.4339898713929635,0.0,0.0,0.0,0.0,12.455033481217255,288.109788543442,101250.70345920337,1.2242848754149458,340.2685420692795
27.45,4.696723053471264,15.200516346767337,-18.309224197811897,0.624695713121773,0.0,0.0,0.0,0.0,23.804907743322058,288.11947130015244,101268.58973332384,1.2244599979232549,340.2742598719337
27.5,2.420313200082281,16.81363060936792,-10.982672996051907,-21.261989197648234,0.0,0.0,0.0,0.0,29.24704198799242,288.13426796419947,101295.92751025278,1.224727647667441,340.2829973224828
27.55,1.2313923404335734,29.59429633277636,-43.94967004572509,-5.741379454719153,0.0,0.0,0.0,0.0,53.29502144293927,288.14199594978714,101310.20782998146,1.22486745327565,340.2875606194575
27.6,0.13808176575229947,13.1896718231942,-16.614444923582628,1.6132320329639414,0.0,0.0,0.0,0.0,21.27462668331702,288.1491024685226,101323.34119793886,1.2249960268136317,340.29175689256004
27.65,0.07850986115950082,11.47168778494067,-52.34298240586429,13.184351983712554,0.0,0.0,0.0,0.0,55.183462785568295,288.14948968590244,101324.0568436664,1.2250030327779038,340.2919855360593
27.7,0.592097644096361,20.440034443219794,-0.04390694420652019,11.519746778192994,0.0,0.0,0.0,0.0,23.462768414947305,288.14615136531336,101317.88717534742,1.2249426332037958,340.2900143248086
27.75,0.3694413398119626,-2.484039643654785,-79.87339341676453,13.93050321965873,0.0,0.0,0.0,0.0,81.11712734566859,288.1475986312912,101320.56188142058,1.224968818021107,340.2908689076993
27.8,-0.3907311299658397,20.278685217276177,-50.85981706229657,12.03755913221279,0.0,0.0,0.0,0.0,56.0611175023578,288.15,101325.0,1.2250122659906946,340.29228686527705
27.85,-2.3049576835680448,17.731518200980283,92.1583740273604,57.15680683112938,0.0,0.0,0.0,0.0,109.88390786739244,288.15,101325.0,1.2250122659906946,340.29228686527705
27.9,-4.394357219701234,6.835536608275803,-40.435290816350204,-2.3339294851806494,0.0,0.0,0.0,0.0,41.07535186663274,288.15,101325.0,1.2250122659906946,340.29228686527705
27.95,-4.999554557765113,15.222177572501018,7.269998291121203,-2.6740036758009875,0.0,0.0,0.0,0.0,17.079750023342125,288.15,101325.0,1.2250122659906946,340.29228686527705
28.0,-5.227202502796542,1.576525170154731,-12.677823925485564,-7.6306747791327965,0.0,0.0,0.0,0.0,14.880855105894922,288.15,101325.0,1.2250122659906946,340.29228686527705
28.05,-5.462629762722766,5.953130831380161,3.2677056447909654,1.335677308461303,0.0,0.0,0.0,0.0,6.921105457140949,288.15,101325.0,1.2250122659906946,340.29228686527705
28.1,-5.589492072593042,39.99599963415476,-26.26616039182224,14.737374749256889,0.0,0.0,0.0,0.0,50.06776790475359,288.15,101325.0,1.2250122659906946,340.29228686527705
28.15,-4.976012512775319,-6.678047413898589,-14.637182042525003,8.844996951870408,0.0,0.0,0.0,0.0,18.35966738497435,288.15,101325.0,1.2250122659906946,340.29228686527705
28.2,-4.404039942633679,6.16041919405182,6.132117215870256,0.8726746585722212,0.0,0.0,0.0,0.0,8.735856412243084,288.15,101325.0,1.2250122659906946,340.29228686527705
28.25,-4.591787442893421,12.04346728760198,-7.504050419079397,-0.8014062350131466,0.0,0.0,0.0,0.0,14.212604580200724,288.15,101325.0,1.2250122659906946,340.29228686527705
28.3,-4.502332059563643,17.019891161111808,-5.687822237227681,2.8423201107815697,0.0,0.0,0.0,0.0,18.16884147518897,288.15,101325.0,1.2250122659906946,340.29228686527705
28.35,-4.586623340845265,3.2676725547900602,-6.493317601678125,1.9750676639315587,0.0,0.0,0.0,0.0,7.532711973698399,288.15,101325.0,1.2250122659906946,340.29228686527705
28.4,-4.263613421129655,7.157163943746933,-7.402299628908201,2.220249414693534,0.0,0.0,0.0,0.0,10.533211427539685,288.15,101325.0,1.2250122659906946,340.29228686527705
28.45,-4.487478786374592,4.359798052114314,-6.528054147298809,2.945852875295962,0.0,0.0,0.0,0.0,8.38459177111053,288.15,101325.0,1.2250122659906946,340.29228686527705
28.5,-4.246626374345576,6.078970197068303,-6.342680060832562,3.1338976806363803,0.0,0.0,0.0,0.0,9.327635481922826,288.15,101325.0,1.2250122659906946,340.29228686527705
28.55,-4.365913412310449,5.843022387919286,-5.415414573464446,4.165553386823523,0.0,0.0,0.0,0.0,8.989964440791411,288.15,101325.0,1.2250122659906946,340.29228686527705
28.6,-4.31188574917686,5.42056406860288,-6.456064360087378,2.933496082155698,0.0,0.0,0.0,0.0,8.925731404621242,288.15,101325.0,1.2250122659906946,340.29228686527705
28.65,-4.036915660001517,5.267848290849006,-6.1892443224011116,3.1292865888580614,0.0,0.0,0.0,0.0,8.709156414543381,288.15,101325.0,1.2250122659906946,340.29228686527705
28.7,-4.602577816952293,5.35128907737071,-6.5040774037180435,3.044339508041948,0.0,0.0,0.0,0.0,8.95585399073521,288.15,101325.0,1.2250122659906946,340.29228686527705
28.75,-4.583737578016523,5.564209792621655,-6.092368901678412,3.318017490418278,0.0,0.0,0.0,0.0,8.893066373145235,288.15,101325.0,1.2250122659906946,340.29228686527705
28.8,-4.359391645677001,5.508767708465335,-6.336437819371318,3.208009387072824,0.0,0.0,0.0,0.0,8.988230645245867,288.15,101325.0,1.2250122659906946,340.29228686527705
28.85,-4.690564481396506,5.161353537260855,-6.485674045808685,2.9167903852635253,0.0,0.0,0.0,0.0,8.786990629142453,288.15,101325.0,1.2250122659906946,340.29228686527705
28.9,-4.778100572565597,4.967944063199421,-6.6752688841936685,2.7559366082922,0.0,0.0,0.0,0.0,8.765550152744987,288.15,101325.0,1.2250122659906946,340.29228686527705
28.95,-5.0696096175487515,5.401416950612785,-6.335018428291092,3.1307366879556673,0.0,0.0,0.0,0.0,8.894339535371161,288.15,101325.0,1.2250122659906946,340.29228686527705
29.0,-5.04311277525087,6.375054341104432,-5.456187753869498,4.042231026409983,0.0,0.0,0.0,0.0,9.314018162339037,288.15,101325.0,1.2250122659906946,340.29228686527705
29.05,-4.524518895355801,6.39277900888085,-5.238993552205539,4.173372612368607,0.0,0.0,0.0,0.0,9.25914228522854,288.15,101325.0,1.2250122659906946,340.29228686527705
29.1,-4.785069274030022,5.465165983598188,-6.213642345594091,3.2748189532593766,0.0,0.0,0.0,0.0,8.899540977144026,288.15,101325.0,1.2250122659906946,340.29228686527705
29.15,-4.691109843294127,4.6468888701936155,-7.087413689367571,2.3340645405530718,0.0,0.0,0.0,0.0,8.790498635210142,288.15,101325.0,1.2250122659906946,340.29228686527705
29.2,-4.883651498682765,5.540099951723031,-6.1268543997121405,3.360352702194964,0.0,0.0,0.0,0.0,8.917568199543108,288.15,101325.0,1.2250122659906946,340.29228686527705
29.25,-4.302975672678944,5.305230666544102,-6.424477296585219,3.0104236171808276,0.0,0.0,0.0,0.0,8.859008483710747,288.15,101325.0,1.2250122659906946,340.29228686527705
29.3,-4.751043793360189,5.39557252554951,-6.270322440026606,3.170443822022008,0.0,0.0,0.0,0.0,8.85894239788043,288.15,101325.0,1.2250122659906946,340.29228686527705
29.35,-4.990900713888716,6.048822186175496,-5.686549262737832,3.7463239632976215,0.0,0.0,0.0,0.0,9.108239983415626,288.15,101325.0,1.2250122659906946,340.29228686527705
29.4,-4.60965758072368,5.786219071182058,-5.953725950502081,3.4439370808518914,0.0,0.0,0.0,0.0,8.988208189080819,288.15,101325.0,1.2250122659906946,340.29228686527705
29.45,-4.883629145745063,6.244966381042154,-5.428705855674722,4.073706795621224,0.0,0.0,0.0,0.0,9.223098146744093,288.15,101325.0,1.2250122659906946,340.29228686527705
29.5,-4.170859098150226,5.64092409946634,-5.991675485679887,3.5294886240930228,0.0,0.0,0.0,0.0,8.954188392547898,288.15,101325.0,1.2250122659906946,340.29228686527705
29.55,-4.738345286511947,5.4002092330687725,-6.630825632245028,2.758436151615286,0.0,0.0,0.0,0.0,8.985492659208902,288.15,101325.0,1.2250122659906946,340.29228686527705
29.6,-4.08801012800298,5.4059418731776105,-6.4832110272034615,3.1077070310390598,0.0,0.0,0.0,0.0,8.995225163952108,288.15,101325.0,1.2250122659906946,340.29228686527705
29.65,-4.37694007180752,5.537771665619473,-6.119671856594405,3.3912320695286113,0.0,0.0,0.0,0.0,8.922878100833318,288.15,101325.0,1.2250122659906946,340.29228686527705
29.7,-4.388226406357829,6.6139078140643885,-5.386329055474487,4.181588440933191,0.0,0.0,0.0,0.0,9.499578893621376,288.15,101325.0,1.2250122659906946,340.29228686527705
29.75,-4.72601421295774,5.033739509855117,-6.505313979353657,2.7732091939393717,0.0,0.0,0.0,0.0,8.680341736153041,288.15,101325.0,1.2250122659906946,340.29228686527705
29.8,-4.923505360262682,5.36525331079499,-6.216654299768179,3.0326375021177805,0.0,0.0,0.0,0.0,8.753834816300452,288.15,101325.0,1.2250122659906946,340.29228686527705
29.85,-4.936505804250961,4.72654524362472,-6.870450709285132,2.5259061324598555,0.0,0.0,0.0,0.0,8.713410622640618,288.15,101325.0,1.2250122659906946,340.29228686527705
29.9,-4.487003851069723,5.446200279848157,-6.3523410473827635,3.121867797766493,0.0,0.0,0.0,0.0,8.930811431063445,288.15,101325.0,1.2250122659906946,340.29228686527705
29.95,-4.914863345207063,5.960790431718671,-5.7279172029650525,3.7179367207144978,0.0,0.0,0.0,0.0,9.064386990532185,288.15,101325.0,1.2250122659906946,340.29228686527705
30.0,-4.358674095978299,5.97805638697117,-5.952754098629512,3.5250930484166987,0.0,0.0,0.0,0.0,9.143233592365066,288.15,101325.0,1.2250122659906946,340.29228686527705
30.05,-4.810132370879917,4.052272465315997,-7.6188972210280275,1.7337034313563633,0.0,0.0,0.0,0.0,8.801944931982,288.15,101325.0,1.2250122659906946,340.29228686527705
30.1,-4.513524069691301,6.167011988564495,-5.58929973728637,3.85929360400874,0.0,0.0,0.0,0.0,9.174227789970688,288.15,101325.0,1.2250122659906946,340.29228686527705
30.15,-4.53749117151658,5.296515975736772,-6.351577486747906,3.0372656281054273,0.0,0.0,0.0,0.0,8.810255418946056,288.15,101325.0,1.2250122659906946,340.29228686527705
30.2,-5.04989250564344,5.567417022187295,-6.108098506576866,3.321549657715555,0.0,0.0,0.0,0.0,8.907170807481897,288.15,101325.0,1.2250122659906946,340.29228686527705
30.25,-4.544776918658455,4.567442052608182,-7.070691946090418,2.3313889128454583,0.0,0.0,0.0,0.0,8.734505467591182,288.15,101325.0,1.2250122659906946,340.29228686527705
30.3,-4.4375530421976155,5.112763394783685,-6.688019417291453,2.739864844592776,0.0,0.0,0.0,0.0,8.853067978036929,288.15,101325.0,1.2250122659906946,340.29228686527705
30.35,-4.761620742162233,5.208265923967246,-6.503109384330411,2.9629492533202817,0.0,0.0,0.0,0.0,8.842823863284616,288.15,101325.0,1.2250122659906946,340.29228686527705
30.4,-4.614458643051713,5.189274590703333,-6.528830783922348,2.9702872078167952,0.0,0.0,0.0,0.0,8.853067732697601,288.15,101325.0,1.2250122659906946,340.29228686527705
30.45,-4.272531771619573,5.864068406304529,-5.810455870728672,3.531548663114594,0.0,0.0,0.0,0.0,8.97889367680956,288.15,101325.0,1.2250122659906946,340.29228686527705
30.5,-4.283630465355131,6.107329807018347,-5.667396047536287,3.7596971266307433,0.0,0.0,0.0,0.0,9.14079743869867,288.15,101325.0,1.2250122659906946,340.29228686527705
30.55,-4.557176091238034,5.200040011389436,-6.493205965870494,2.918146925588099,0.0,0.0,0.0,0.0,8.815765497935304,288.15,101325.0,1.2250122659906946,340.29228686527705
30.6,-4.321608638159873,5.2708676222068895,-6.437446919303367,3.030342081001844,0.0,0.0,0.0,0.0,8.85470165830379,288.15,101325.0,1.2250122659906946,340.29228686527705
30.65,-4.548376507869738,4.446891456015946,-7.228066527902426,2.196737674237852,0.0,0.0,0.0,0.0,8.76615341884837,288.15,101325.0,1.2250122659906946,340.29228686527705
30.7,-4.657332436215395,6.037041396620367,-5.672891083747456,3.673019133977986,0.0,0.0,0.0,0.0,9.06193310674592,288.15,101325.0,1.2250122659906946,340.29228686527705
30.75,-4.679978697425424,4.979806232884838,-6.75023322331448,2.7233561190364477,0.0,0.0,0.0,0.0,8.819341655549497,288.15,101325.0,1.2250122659906946,340.29228686527705
30.8,-4.546347536969643,5.608639182418146,-6.093878689053751,3.2450792081704622,0.0,0.0,0.0,0.0,8.895095841122782,288.15,101325.0,1.2250122659906946,340.29228686527705
30.85,-4.562349766081289,6.066061340926331,-5.655235558958622,3.8121499853648735,0.0,0.0,0.0,0.0,9.127501132846184,288.15,101325.0,1.2250122659906946,340.29228686527705
30.9,-5.03094338494814,6.663620135433594,-5.076000657962482,4.3614292632234015,0.0,0.0,0.0,0.0,9.444134751637813,288.15,101325.0,1.2250122659906946,340.29228686527705
30.95,-4.482527317231382,6.467454151070749,-5.300572070292797,4.1427406807935245,0.0,0.0,0.0,0.0,9.332005562411112,288.15,101325.0,1.2250122659906946,340.29228686527705
31.0,-4.493148937102762,5.951683169893105,-5.720935270257555,3.664846693086841,0.0,0.0,0.0,0.0,9.032316104139364,288.15,101325.0,1.2250122659906946,340.29228686527705
31.05,-4.53130073195404,6.00373961832271,-5.688904749317311,3.715987018172354,0.0,0.0,0.0,0.0,9.06736379388454,288.15,101325.0,1.2250122659906946,340.29228686527705
31.1,-4.695088634909952,5.374833531156967,-6.380929187586635,3.0559664797570623,0.0,0.0,0.0,0.0,8.88504495824546,288.15,101325.0,1.2250122659906946,340.29228686527705
31.15,-4.524740936642827,4.915045759910274,-6.767164849376995,2.653810315907514,0.0,0.0,0.0,0.0,8.774674017504735,288.15,101325.0,1.2250122659906946,340.29228686527705
31.2,-4.539744673506471,6.156976383477407,-5.544022507220473,3.884181187312053,0.0,0.0,0.0,0.0,9.150486721652275,288.15,101325.0,1.2250122659906946,340.29228686527705
31.25,-4.721627680116813,5.665670853473028,-6.070389284300781,3.338033672312993,0.0,0.0,0.0,0.0,8.949408979387572,288.15,101325.0,1.2250122659906946,340.29228686527705
31.3,-4.661895155863247,5.033141149552657,-6.631907090783599,2.7375751542575815,0.0,0.0,0.0,0.0,8.764075491306224,288.15,101325.0,1.2250122659906946,340.29228686527705
31.35,-4.828275850987405,5.8123804378004165,-5.883825960311929,3.474297777660757,0.0,0.0,0.0,0.0,8.970725685964544,288.15,101325.0,1.2250122659906946,340.29228686527705
31.4,-4.849533775677637,6.466848613571159,-5.229165107222262,4.210297725534134,0.0,0.0,0.0,0.0,9.32152914746695,288.15,101325.0,1.2250122659906946,340.29228686527705
31.45,-4.6811855259703155,5.757552041921099,-5.858260339383778,3.583260972838737,0.0,0.0,0.0,0.0,8.961494234718671,288.15,101325.0,1.2250122659906946,340.29228686527705
31.5,-5.094114068048199,5.468570073454115,-6.229624334926566,3.1520021074979985,0.0,0.0,0.0,0.0,8.868404325934797,288.15,101325.0,1.2250122659906946,340.29228686527705
31.55,-4.76068242258353,6.451782848295696,-5.210665518654562,4.212546327703042,0.0,0.0,0.0,0.0,9.301724766509839,288.15,101325.0,1.2250122659906946,340.29228686527705
31.6,-4.846234839792786,5.705634808396205,-5.976349570360806,3.459664763209794,0.0,0.0,0.0,0.0,8.957695185019952,288.15,101325.0,1.2250122659906946,340.29228686527705
31.65,-4.960267036839806,5.491507099245747,-6.130717039087118,3.2271497818237203,0.0,0.0,0.0,0.0,8.84063557380036,288.15,101325.0,1.2250122659906946,340.29228686527705
31.7,-4.138534250421079,6.5554264661758666,-5.139189547967443,4.309119236896065,0.0,0.0,0.0,0.0,9.378347080438244,288.15,101325.0,1.2250122659906946,340.29228686527705
31.75,-4.220585998582127,5.101727909178722,-6.582055737538473,2.812177708172408,0.0,0.0,0.0,0.0,8.789734288003139,288.15,101325.0,1.2250122659906946,340.29228686527705
31.8,-4.858243190472463,5.389331822898929,-6.244418783517634,3.076746499502461,0.0,0.0,0.0,0.0,8.803637456384696,288.15,101325.0,1.2250122659906946,340.29228686527705
31.85,-4.727381269722374,5.821857714683858,-5.9460703324489,3.5162876542540618,0.0,0.0,0.0,0.0,9.034049950930783,288.15,101325.0,1.2250122659906946,340.29228686527705
31.9,-4.516088483014524,6.653238462222504,-5.0422639783389345,4.387377921295453,0.0,0.0,0.0,0.0,9.43075251964137,288.15,101325.0,1.2250122659906946,340.29228686527705
31.95,-4.625768367542822,6.630532063804292,-5.11712907320962,4.3106556171822215,0.0,0.0,0.0,0.0,9.419698363056462,288.15,101325.0,1.2250122659906946,340.29228686527705
32.0,-4.72683097391441,6.320366836228345,-5.457742593226742,3.9802886417987544,0.0,0.0,0.0,0.0,9.250766932014267,288.15,101325.0,1.2250122659906946,340.29228686527705
32.05,-4.5292334512162,5.362942709664874,-6.443765996575425,3.035965380005836,0.0,0.0,0.0,0.0,8.916297466682192,288.15,101325.0,1.2250122659906946,340.29228686527705
32.1,-4.914815822846552,5.101041878027852,-6.629894266950196,2.839008190909984,0.0,0.0,0.0,0.0,8.833804035656835,288.15,101325.0,1.2250122659906946,340.29228686527705
32.15,-4.841850629451143,6.530601991036448,-5.2136759785923985,4.206426888679353,0.0,0.0,0.0,0.0,9.355490727101667,288.15,101325.0,1.2250122659906946,340.29228686527705
32.2,-4.5081994863693815,5.206136912711016,-6.581562204727183,2.8614830044717965,0.0,0.0,0.0,0.0,8.866166454193518,288.15,101325.0,1.2250122659906946,340.29228686527705
32.25,-4.837982852657167,5.743014569690211,-5.928788185018952,3.457646636805397,0.0,0.0,0.0,0.0,8.949193592469996,288.15,101325.0,1.2250122659906946,340.29228686527705
32.3,-4.57698021992806,4.6370580748202865,-7.044515031552901,2.380528250272945,0.0,0.0,0.0,0.0,8.763242229299518,288.15,101325.0,1.2250122659906946,340.29228686527705
32.35,-4.637385538554006,5.32095439908086,-6.346670142930557,3.078348501550666,0.0,0.0,0.0,0.0,8.835666761329524,288.15,101325.0,1.2250122659906946,340.29228686527705
32.4,-4.373708762645218,5.089576044052104,-6.708321266255691,2.71437601514164,0.0,0.0,0.0,0.0,8.847214006175257,288.15,101325.0,1.2250122659906946,340.29228686527705
32.45,-4.62694397041703,5.4301882868878675,-6.267496228723001,3.1200593767753535,0.0,0.0,0.0,0.0,8.860204530523832,288.15,101325.0,1.2250122659906946,340.29228686527705
32.5,-4.686321869117501,4.882496003012466,-6.818771997463387,2.6286451086218197,0.0,0.0,0.0,0.0,8.788867610784962,288.15,101325.0,1.2250122659906946,340.29228686527705
32.55,-4.726994235904295,5.196305691040902,-6.472495518264295,2.9740394219311126,0.0,0.0,0.0,0.0,8.817012053518798,288.15,101325.0,1.2250122659906946,340.29228686527705
32.6,-4.838409861278736,5.088591084061647,-6.677666120640603,2.7608825949082525,0.0,0.0,0.0,0.0,8.83784231260155,288.15,101325.0,1.2250122659906946,340.29228686527705
32.65,-4.615689430939404,5.423071317510528,-6.248573037977335,3.111970310265708,0.0,0.0,0.0,0.0,8.839611232272487,288.15,101325.0,1.2250122659906946,340.29228686527705
32.7,-4.758127246503882,5.886483944009435,-5.746629462748783,3.641291468859514,0.0,0.0,0.0,0.0,8.996301849449157,288.15,101325.0,1.2250122659906946,340.29228686527705
32.75,-4.857957965848023,6.086095351231136,-5.616076944954542,3.839825082709453,0.0,0.0,0.0,0.0,9.128260159621428,288.15,101325.0,1.2250122659906946,340.29228686527705
32.8,-4.723448345636475,5.846955423678287,-5.864934823828189,3.571471501960965,0.0,0.0,0.0,0.0,9.018855631594999,288.15,101325.0,1.2250122659906946,340.29228686527705
32.85,-4.890566000928527,5.979075548713905,-5.644204606539842,3.717212796428108,0.0,0.0,0.0,0.0,9.023528191990255,288.15,101325.0,1.2250122659906946,340.29228686527705
32.9,-4.900613705938646,5.3662732390977705,-6.355099014133987,3.0199714107300664,0.0,0.0,0.0,0.0,8.848977301232646,288.15,101325.0,1.2250122659906946,340.29228686527705
32.95,-4.798940967470363,5.544344826047947,-6.182183927524036,3.1933326843549206,0.0,0.0,0.0,0.0,8.896995633180369,288.15,101325.0,1.2250122659906946,340.29228686527705
33.0,-4.578524880833833,5.967000256181527,-5.732420419198454,3.6660966066729106,0.0,0.0,0.0,0.0,9.050193381866071,288.15,101325.0,1.2250122659906946,340.29228686527705
33.05,-4.793186182694814,4.940114174881489,-6.8132359705888605,2.6439954852823044,0.0,0.0,0.0,0.0,8.82131648780295,288.15,101325.0,1.2250122659906946,340.29228686527705
33.1,-4.745485980770899,5.727145088893057,-5.912083546258939,3.3490191069511903,0.0,0.0,0.0,0.0,8.886442016122183,288.15,101325.0,1.2250122659906946,340.29228686527705
33.15,-4.243921479539399,5.512550987361454,-6.1232660316416,3.2875667935015613,0.0,0.0,0.0,0.0,8.870777908630659,288.15,101325.0,1.2250122659906946,340.29228686527705
33.2,-4.7801793697384545,5.712853196675613,-6.036440706331137,3.482417863113256,0.0,0.0,0.0,0.0,9.01124532021788,288.15,101325.0,1.2250122659906946,340.29228686527705
33.25,-4.5349317841372185,5.889868383012846,-5.891258908964968,3.571648402588551,0.0,0.0,0.0,0.0,9.06389283991083,288.15,101325.0,1.2250122659906946,340.29228686527705
33.3,-4.45156256199159,5.72130365340603,-6.044263521333888,3.3200722898128823,0.0,0.0,0.0,0.0,8.960430626894452,288.15,101325.0,1.2250122659906946,340.29228686527705
33.35,-4.383848696391344,5.810959012119934,-5.82636075728443,3.52271658507419,0.0,0.0,0.0,0.0,8.951159503288869,288.15,101325.0,1.2250122659906946,340.29228686527705
33.4,-4.694175772589455,4.977337428917197,-6.781614568321874,2.6172125015458914,0.0,0.0,0.0,0.0,8.809879982884196,288.15,101325.0,1.2250122659906946,340.29228686527705
33.45,-4.809068967489988,5.7045573682520105,-6.073196307027225,3.368496474061045,0.0,0.0,0.0,0.0,8.987349812215452,288.15,101325.0,1.2250122659906946,340.29228686527705
33.5,-4.784515231099771,5.898503872770828,-5.846566939516537,3.589908138141376,0.0,0.0,0.0,0.0,9.047769523790596,288.15,101325.0,1.2250122659906946,340.29228686527705
33.55,-4.321909220509713,5.397338063448491,-6.364194997199029,3.051944313377247,0.0,0.0,0.0,0.0,8.885302483623096,288.15,101325.0,1.2250122659906946,340.29228686527705
33.6,-4.6527491335477125,5.877198726892402,-5.757041071836781,3.624764758702928,0.0,0.0,0.0,0.0,8.99021169573531,288.15,101325.0,1.2250122659906946,340.29228686527705
33.65,-4.728020821069046,5.117808944604965,-6.620956987762803,2.8106622305778446,0.0,0.0,0.0,0.0,8.827732551549152,288.15,101325.0,1.2250122659906946,340.29228686527705
33.7,-4.798368436037194,5.636925035262122,-6.105694245407133,3.274636291361291,0.0,0.0,0.0,0.0,8.93183457707671,288.15,101325.0,1.2250122659906946,340.29228686527705
33.75,-4.796791111482868,5.78665182505911,-5.915499766471174,3.4422797257939486,0.0,0.0,0.0,0.0,8.962575887667144,288.15,101325.0,1.2250122659906946,340.29228686527705
33.8,-5.091319208341175,5.801265469578137,-5.959607676696923,3.492291619416949,0.0,0.0,0.0,0.0,9.020404950095887,288.15,101325.0,1.2250122659906946,340.29228686527705
33.85,-4.775393651302968,5.860111004192057,-5.8747412472744,3.5350083510187904,0.0,0.0,0.0,0.0,9.019410720532278,288.15,101325.0,1.2250122659906946,340.29228686527705
33.9,-4.74328783900051,4.602615632753016,-7.166310506202367,2.2589925808162032,0.0,0.0,0.0,0.0,8.811533601726293,288.15,101325.0,1.2250122659906946,340.29228686527705
33.95,-4.746501457184396,6.487146004391051,-5.278005147956327,4.208642007653982,0.0,0.0,0.0,0.0,9.362321783229307,288.15,101325.0,1.2250122659906946,340.29228686527705
34.0,-4.752267205441077,5.920511646897066,-5.741387016738339,3.6776248159721963,0.0,0.0,0.0,0.0,9.03000040554096,288.15,101325.0,1.2250122659906946,340.29228686527705
34.05,-4.933905278692266,6.055010554541124,-5.653035332962704,3.796117470515101,0.0,0.0,0.0,0.0,9.112105637078574,288.15,101325.0,1.2250122659906946,340.29228686527705
34.1,-4.792038413130097,5.626934122821158,-6.142372036172337,3.284367763715892,0.0,0.0,0.0,0.0,8.954227686442708,288.15,101325.0,1.2250122659906946,340.29228686527705
34.15,-4.972307552319073,4.943836217887676,-6.796898386435413,2.6150904269585906,0.0,0.0,0.0,0.0,8.802161221313588,288.15,101325.0,1.2250122659906946,340.29228686527705
34.2,-4.6650629731791815,5.458046279870004,-6.300660165426129,3.1067759936579145,0.0,0.0,0.0,0.0,8.89610278651048,288.15,101325.0,1.2250122659906946,340.29228686527705
34.25,-4.614189931710223,5.445915339903857,-6.27531373060498,3.1274179169826155,0.0,0.0,0.0,0.0,8.877967060897635,288.15,101325.0,1.2250122659906946,340.29228686527705
34.3,-4.943407020410637,6.018476254300082,-5.659872175594165,3.751664668663202,0.0,0.0,0.0,0.0,9.073654018846803,288.15,101325.0,1.2250122659906946,340.29228686527705
34.35,-4.3253120774048375,6.461713918007227,-5.303262314464144,4.097120347198844,0.0,0.0,0.0,0.0,9.309389511327511,288.15,101325.0,1.2250122659906946,340.29228686527705
34.4,-4.1955654062331895,5.496065997317214,-6.259055179078679,3.176206027562348,0.0,0.0,0.0,0.0,8.914639527829573,288.15,101325.0,1.2250122659906946,340.29228686527705
34.45,-4.369022117936053,5.746071413701641,-5.931370593624803,3.46082130506724,0.0,0.0,0.0,0.0,8.954092802505652,288.15,101325.0,1.2250122659906946,340.29228686527705
34.5,-4.898730726774956,5.374235485743911,-6.328964507769255,3.086308325806453,0.0,0.0,0.0,0.0,8.857962399941323,288.15,101325.0,1.2250122659906946,340.29228686527705
34.55,-4.499602301579813,4.972817548124351,-6.77778863600008,2.589292121453273,0.0,0.0,0.0,0.0,8.796122262192887,288.15,101325.0,1.2250122659906946,340.29228686527705
34.6,-4.7927871410718055,5.818400871494726,-5.922716522735432,3.449866263849814,0.0,0.0,0.0,0.0,8.990769541509945,288.15,101325.0,1.2250122659906946,340.29228686527705
34.65,-4.4760154555623455,6.3550683335783456,-5.365334205019514,4.004734037965178,0.0,0.0,0.0,0.0,9.231012911421992,288.15,101325.0,1.2250122659906946,340.29228686527705
34.7,-4.8157289052281795,6.58802043843717,-5.213695393928271,4.228898760379859,0.0,0.0,0.0,0.0,9.405754498363066,288.15,101325.0,1.2250122659906946,340.29228686527705
34.75,-4.8521637548694185,5.2301144801581705,-6.443158509408038,2.9307985521434805,0.0,0.0,0.0,0.0,8.801020918402802,288.15,101325.0,1.2250122659906946,340.29228686527705
34.8,-4.450601710717201,5.937437843629078,-5.774491416217572,3.5596232431143546,0.0,0.0,0.0,0.0,9.014923011088285,288.15,101325.0,1.2250122659906946,340.29228686527705
34.85,-4.696768108342559,5.1519697043288035,-6.568377057232095,2.81875602505485,0.0,0.0,0.0,0.0,8.8108884074807,288.15,101325.0,1.2250122659906946,340.29228686527705
34.9,-4.847444745655427,6.037928113169423,-5.577592647944302,3.821132511195585,0.0,0.0,0.0,0.0,9.064610819793637,288.15,101325.0,1.2250122659906946,340.29228686527705
34.95,-4.364578100482499,5.456254440735137,-6.267576725828247,3.17162271419404,0.0,0.0,0.0,0.0,8.894516354326266,288.15,101325.0,1.2250122659906946,340.29228686527705
35.0,-4.843010584930275,5.824181675476914,-5.939241718775461,3.469422158268924,0.0,0.0,0.0,0.0,9.012911543740532,288.15,101325.0,1.2250122659906946,340.29228686527705
35.05,-4.805944984950314,5.132801574455379,-6.6272040540976995,2.7679825993570915,0.0,0.0,0.0,0.0,8.827639166148797,288.15,101325.0,1.2250122659906946,340.29228686527705
35.1,-4.758329594409588,5.737182800620999,-6.004316802628886,3.3812472196785435,0.0,0.0,0.0,0.0,8.966600220521537,288.15,101325.0,1.2250122659906946,340.29228686527705
35.15,-4.503011707659721,6.186584442603616,-5.551392083850174,3.9511772959487645,0.0,0.0,0.0,0.0,9.203454957684123,288.15,101325.0,1.2250122659906946,340.29228686527705
35.2,-4.640894139316764,5.68862847292897,-6.1086016414757385,3.3538643041513256,0.0,0.0,0.0,0.0,8.995771989547018,288.15,101325.0,1.2250122659906946,340.29228686527705
35.25,-5.147432232949478,5.306375004038352,-6.478222842071614,2.911747574203418,0.0,0.0,0.0,0.0,8.86584800292115,288.15,101325.0,1.2250122659906946,340.29228686527705
35.3,-4.9722226040082536,5.671333324283508,-6.0422405244698645,3.3690955769151785,0.0,0.0,0.0,0.0,8.945585349045858,288.15,101325.0,1.2250122659906946,340.29228686527705
35.35,-4.896045761927868,5.908327220810233,-5.793380707416234,3.5974394167011954,0.0,0.0,0.0,0.0,9.022924189311647,288.15,101325.0,1.2250122659906946,340.29228686527705
35.4,-4.580363263800238,6.459664379041773,-5.277495465497807,4.057611145625818,0.0,0.0,0.0,0.0,9.275959814882658,288.15,101325.0,1.2250122659906946,340.29228686527705
35.45,-4.674010794453019,5.411076913665013,-6.299849080907585,3.0712726792184384,0.0,0.0,0.0,0.0,8.854409504756612,288.15,101325.0,1.2250122659906946,340.29228686527705
35.5,-4.3801972247925045,5.716255218406831,-6.0283977765872185,3.411444652092823,0.0,0.0,0.0,0.0,8.980818898575885,288.15,101325.0,1.2250122659906946,340.29228686527705
35.55,-4.623328664549712,5.53064782017595,-6.311648591763042,3.142938030972093,0.0,0.0,0.0,0.0,8.961195942688237,288.15,101325.0,1.2250122659906946,340.29228686527705
35.6,-4.5518885205195625,6.1934573136282625,-5.479139507774485,3.937092165625889,0.0,0.0,0.0,0.0,9.158634066389125,288.15,101325.0,1.2250122659906946,340.29228686527705
35.65,-4.724812134882854,5.056250814535884,-6.588703342950572,2.827720930169186,0.0,0.0,0.0,0.0,8.773408100608322,288.15,101325.0,1.2250122659906946,340.29228686527705
35.7,-5.0009164745254,5.940262537435199,-5.758323598504644,3.6339085403627345,0.0,0.0,0.0,0.0,9.036055608420787,288.15,101325.0,1.2250122659906946,340.29228686527705
35.75,-4.224454913254582,6.1345353442462525,-5.572881663322658,3.8284063688120544,0.0,0.0,0.0,0.0,9.129415602762595,288.15,101325.0,1.2250122659906946,340.29228686527705
35.8,-4.311670809423835,5.031420947089934,-6.698748876671837,2.7188752478271008,0.0,0.0,0.0,0.0,8.807991591320603,288.15,101325.0,1.2250122659906946,340.29228686527705
35.85,-4.820028152717907,5.535560678411883,-6.154612842764286,3.211999621120202,0.0,0.0,0.0,0.0,8.879112164781748,288.15,101325.0,1.2250122659906946,340.29228686527705
35.9,-4.165371047994646,5.066751889034811,-6.707376432589188,2.707912283779978,0.0,0.0,0.0,0.0,8.831402054608157,288.15,101325.0,1.2250122659906946,340.29228686527705
35.95,-4.633124746093343,5.2168982282438625,-6.558267873448497,2.8522904006192,0.0,0.0,0.0,0.0,8.852257630301159,288.15,101325.0,1.2250122659906946,340.29228686527705
36.0,-4.367864052011863,6.324881151864441,-5.4038149974462915,3.9418264798421667,0.0,0.0,0.0,0.0,9.205614271140217,288.15,101325.0,1.2250122659906946,340.29228686527705
36.05,-4.342163750157521,6.384959675212946,-5.328963106671282,4.07100664648354,0.0,0.0,0.0,0.0,9.259516885997465,288.15,101325.0,1.2250122659906946,340.29228686527705
36.1,-5.109019199748083,5.8229952195737935,-5.964303462266956,3.4191401605626752,0.0,0.0,0.0,0.0,9.009478817043826,288.15,101325.0,1.2250122659906946,340.29228686527705
36.15,-4.624472340046333,5.725643967560072,-5.978614985545968,3.5264634551704015,0.0,0.0,0.0,0.0,8.997932011818284,288.15,101325.0,1.2250122659906946,340.29228686527705
36.2,-4.520958925134128,6.270987567442672,-5.425527515338953,4.014806104918851,0.0,0.0,0.0,0.0,9.213050632163828,288.15,101325.0,1.2250122659906946,340.29228686527705
36.25,-4.510934216939727,5.090410529020299,-6.562781898184194,2.7511148416833473,0.0,0.0,0.0,0.0,8.749343887928125,288.15,101325.0,1.2250122659906946,340.29228686527705
36.3,-4.922731522336915,5.871772495870671,-5.855671187127276,3.555821552723373,0.0,0.0,0.0,0.0,9.022774751141021,288.15,101325.0,1.2250122659906946,340.29228686527705
36.35,-4.6559285425988275,6.463840265067999,-5.203167198979611,4.149476767173647,0.0,0.0,0.0,0.0,9.27751784229842,288.15,101325.0,1.2250122659906946,340.29228686527705
36.4,-4.669474948432168,5.393081593257116,-6.206477007979838,3.122184952062776,0.0,0.0,0.0,0.0,8.795096633749871,288.15,101325.0,1.2250122659906946,340.29228686527705
36.45,-4.4517484258673585,5.873391283712283,-5.840372229993368,3.5693840859396846,0.0,0.0,0.0,0.0,9.019266916408705,288.15,101325.0,1.2250122659906946,340.29228686527705
36.5,-4.827560538044642,5.1517905377333815,-6.564768089853483,2.7795118699580526,0.0,0.0,0.0,0.0,8.795613227824168,288.15,101325.0,1.2250122659906946,340.29228686527705
36.55,-4.497956190966616,5.868949281841602,-5.867981539137587,3.469028766794729,0.0,0.0,0.0,0.0,8.995106091722207,288.15,101325.0,1.2250122659906946,340.29228686527705
36.6,-4.6924324443169505,5.346227494749709,-6.429185448076972,2.9476720225536455,0.0,0.0,0.0,0.0,8.865965503199748,288.15,101325.0,1.2250122659906946,340.29228686527705
36.65,-4.367459810618281,6.399222157507305,-5.206118927824589,4.1358159142584325,0.0,0.0,0.0,0.0,9.228146714721175,288.15,101325.0,1.2250122659906946,340.29228686527705
36.7,-4.618783043737257,5.612226254429453,-6.134151475626448,3.3242897132941707,0.0,0.0,0.0,0.0,8.954094033164429,288.15,101325.0,1.2250122659906946,340.29228686527705
36.75,-4.7969927728310395,5.8855776580744745,-5.87732967587209,3.5291897252833127,0.0,0.0,0.0,0.0,9.035386466840112,288.15,101325.0,1.2250122659906946,340.29228686527705
36.8,-4.813818018704115,5.363960808455605,-6.38195512996969,2.9838187434471726,0.0,0.0,0.0,0.0,8.854637266954576,288.15,101325.0,1.2250122659906946,340.29228686527705
36.85,-4.979232813952808,5.872301979916816,-5.854238554875913,3.5585738825934907,0.0,0.0,0.0,0.0,9.023274775745616,288.15,101325.0,1.2250122659906946,340.29228686527705
36.9,-4.795224745239018,4.573959842967982,-7.1535383695437815,2.213618336446519,0.0,0.0,0.0,0.0,8.774641074657758,288.15,101325.0,1.2250122659906946,340.29228686527705
36.95,-4.943373049173661,6.623013251681877,-4.964544860632055,4.347655349587107,0.0,0.0,0.0,0.0,9.349498234877382,288.15,101325.0,1.2250122659906946,340.29228686527705
37.0,-4.7011277663985265,5.195856014457295,-6.588638041150487,2.771778681740729,0.0,0.0,0.0,0.0,8.836844913249283,288.15,101325.0,1.2250122659906946,340.29228686527705
37.05,-4.738899182148118,5.163510052311661,-6.613063089311233,2.789159484343669,0.0,0.0,0.0,0.0,8.841597712667008,288.15,101325.0,1.2250122659906946,340.29228686527705
37.1,-4.700028796381169,6.0128424564720895,-5.730833946228533,3.7188472439222062,0.0,0.0,0.0,0.0,9.10090967701726,288.15,101325.0,1.2250122659906946,340.29228686527705
37.15,-4.8216507076294635,6.473747804093839,-5.236121370151576,4.0970178018983034,0.0,0.0,0.0,0.0,9.27965152918144,288.15,101325.0,1.2250122659906946,340.29228686527705
37.2,-4.85531753505235,5.475880971928758,-6.222171035720124,3.1757409607643043,0.0,0.0,0.0,0.0,8.876148684331627,288.15,101325.0,1.2250122659906946,340.29228686527705
37.25,-4.881136108773612,5.74464367664404,-5.986389790058095,3.3861944375417283,0.0,0.0,0.0,0.0,8.961255852778487,288.15,101325.0,1.2250122659906946,340.29228686527705
37.3,-4.655328934819468,5.033942481964372,-6.725357628579315,2.6818094969014803,0.0,0.0,0.0,0.0,8.818339657877019,288.15,101325.0,1.2250122659906946,340.29228686527705
37.35,-4.512792226463611,5.460352169927543,-6.261349747355265,3.0706955102271727,0.0,0.0,0.0,0.0,8.857150636342794,288.15,101325.0,1.2250122659906946,340.29228686527705
37.4,-4.686181451841448,5.2870644773789035,-6.435655150496508,2.915111101910792,0.0,0.0,0.0,0.0,8.824317579312162,288.15,101325.0,1.2250122659906946,340.29228686527705
37.45,-4.439890067805528,5.231920176349796,-6.482442927811504,2.889591170157735,0.0,0.0,0.0,0.0,8.817300730647844,288.15,101325.0,1.2250122659906946,340.29228686527705
37.5,-4.297463924062891,5.138870661535837,-6.593816861610175,2.8321316274043347,0.0,0.0,0.0,0.0,8.826515849155449,288.15,101325.0,1.2250122659906946,340.29228686527705
37.55,-4.72928508656464,5.46660242731033,-6.223191983367659,3.2385185301111354,0.0,0.0,0.0,0.0,8.893810366204121,288.15,101325.0,1.2250122659906946,340.29228686527705
37.6,-5.078607731446519,5.27487167807224,-6.443120619643369,2.879370107649345,0.0,0.0,0.0,0.0,8.81072339573924,288.15,101325.0,1.2250122659906946,340.29228686527705
37.65,-4.620908945997788,5.702634627568212,-5.965467191656537,3.3259088784872564,0.0,0.0,0.0,0.0,8.897668817070624,288.15,101325.0,1.2250122659906946,340.29228686527705
37.7,-4.842278699284135,5.4770775350661065,-6.22945190029814,3.2029650489150523,0.0,0.0,0.0,0.0,8.891762165500454,288.15,101325.0,1.2250122659906946,340.29228686527705
37.75,-4.607608380852483,5.424047305381378,-6.281244136378302,3.13067971339306,0.0,0.0,0.0,0.0,8.869919534001006,288.15,101325.0,1.2250122659906946,340.29228686527705
37.8,-4.700973194124816,5.544487467621898,-6.241757223956869,3.1552602951395134,0.0,0.0,0.0,0.0,8.925051375287312,288.15,101325.0,1.2250122659906946,340.29228686527705
37.85,-4.832362713355023,4.478542576540589,-7.166689427890693,2.185164851501255,0.0,0.0,0.0,0.0,8.728901786248002,288.15,101325.0,1.2250122659906946,340.29228686527705
37.9,-4.631012272864051,5.66861446586058,-6.060978332290596,3.2901656452064065,0.0,0.0,0.0,0.0,8.927140543307047,288.15,101325.0,1.2250122659906946,340.29228686527705
37.95,-4.584514305254928,6.115420515955632,-5.628614847933561,3.781813964223266,0.0,0.0,0.0,0.0,9.131362989901524,288.15,101325.0,1.2250122659906946,340.29228686527705
38.0,-4.450291774027985,5.441177814747313,-6.2899352697399475,3.1301137369971057,0.0,0.0,0.0,0.0,8.886355479934105,288.15,101325.0,1.2250122659906946,340.29228686527705
38.05,-4.746317954685224,5.795333874729428,-5.915635444814082,3.498822011495507,0.0,0.0,0.0,0.0,8.99012752432648,288.15,101325.0,1.2250122659906946,340.29228686527705
38.1,-4.525910494729542,5.478716090834431,-6.228595440222872,3.168108507502242,0.0,0.0,0.0,0.0,8.879675820503884,288.15,101325.0,1.2250122659906946,340.29228686527705
38.15,-4.2960126975580115,6.1747068823719875,-5.476951415570769,3.83294268906056,0.0,0.0,0.0,0.0,9.100299530749382,288.15,101325.0,1.2250122659906946,340.29228686527705
38.2,-4.8132157920185605,5.302727272181047,-6.417956309754226,2.933842471382589,0.0,0.0,0.0,0.0,8.827032987586204,288.15,101325.0,1.2250122659906946,340.29228686527705
38.25,-4.685763052417736,5.30155929383314,-6.349929795943957,3.0811034917723985,0.0,0.0,0.0,0.0,8.827306389066683,288.15,101325.0,1.2250122659906946,340.29228686527705
38.3,-4.753737010296793,4.786709329826257,-6.9634145924599675,2.454621105087923,0.0,0.0,0.0,0.0,8.799255296005066,288.15,101325.0,1.2250122659906946,340.29228686527705
38.35,-4.741702159678997,5.9069430563182035,-5.836586568451778,3.571545080831562,0.0,0.0,0.0,0.0,9.039560459780645,288.15,101325.0,1.2250122659906946,340.29228686527705
38.4,-4.476805564251511,5.942857852803825,-5.766257199880325,3.678763334674121,0.0,0.0,0.0,0.0,9.060937105307952,288.15,101325.0,1.2250122659906946,340.29228686527705
38.45,-4.8865310371087665,6.029234470040713,-5.720997448652698,3.6270610452883254,0.0,0.0,0.0,0.0,9.068464695220786,288.15,101325.0,1.2250122659906946,340.29228686527705
38.5,-5.050858391745006,6.28149571183887,-5.489033819962644,3.9400613593680287,0.0,0.0,0.0,0.0,9.225549532148687,288.15,101325.0,1.2250122659906946,340.29228686527705
38.55,-4.949916684816373,5.4090204978027545,-6.226179662440892,3.145448111245214,0.0,0.0,0.0,0.0,8.827041393081773,288.15,101325.0,1.2250122659906946,340.29228686527705
38.6,-5.139631985250792,6.131122073622466,-5.641748298889512,3.778650056897436,0.0,0.0,0.0,0.0,9.14867083254034,288.15,101325.0,1.2250122659906946,340.29228686527705
38.65,-4.60226562142957,5.521697697269927,-6.262885289526539,3.1140969424441494,0.0,0.0,0.0,0.0,8.911255656569613,288.15,101325.0,1.2250122659906946,340.29228686527705
38.7,-4.776559650414432,5.375427141783611,-6.31583792256691,3.0290808024165776,0.0,0.0,0.0,0.0,8.829516188802582,288.15,101325.0,1.2250122659906946,340.29228686527705
38.75,-4.9596940439149915,5.497324861274647,-6.2530311159573095,3.1317670868299627,0.0,0.0,0.0,0.0,8.895445118355239,288.15,101325.0,1.2250122659906946,340.29228686527705
38.8,-4.350792941814917,5.46573277711631,-6.204656772743789,3.209783666571007,0.0,0.0,0.0,0.0,8.869876642016221,288.15,101325.0,1.2250122659906946,340.29228686527705
38.85,-4.8370011898063625,5.373363496237782,-6.4203279260716,2.9760041270508313,0.0,0.0,0.0,0.0,8.885395123753312,288.15,101325.0,1.2250122659906946,340.29228686527705
38.9,-4.634911239951085,5.507471813617851,-6.21393749943604,3.199026132296962,0.0,0.0,0.0,0.0,8.898260123182025,288.15,101325.0,1.2250122659906946,340.29228686527705
38.95,-4.883157785604796,5.21573181610531,-6.538637346991757,2.8890984718181465,0.0,0.0,0.0,0.0,8.848984501787227,288.15,101325.0,1.2250122659906946,340.29228686527705
39.0,-4.782799853513479,6.358615602748063,-5.3867117335489345,3.9992590666552026,0.0,0.0,0.0,0.0,9.243523612026353,288.15,101325.0,1.2250122659906946,340.29228686527705
39.05,-5.2295558633734975,5.7330314801417295,-5.994034298668291,3.3824380075503084,0.0,0.0,0.0,0.0,8.957509921893967,288.15,101325.0,1.2250122659906946,340.29228686527705
39.1,-4.704731888498034,6.051991868945346,-5.7350719180434755,3.6519538172211137,0.0,0.0,0.0,0.0,9.102440451331024,288.15,101325.0,1.2250122659906946,340.29228686527705
39.15,-4.871053326149178,5.368545983529746,-6.309471483085975,2.990159810509433,0.0,0.0,0.0,0.0,8.80748386689038,288.15,101325.0,1.2250122659906946,340.29228686527705
39.2,-4.892779343293223,6.406617646958175,-5.431527547392392,3.9776531849952654,0.0,0.0,0.0,0.0,9.293436718055451,288.15,101325.0,1.2250122659906946,340.29228686527705
39.25,-4.544635701812506,5.2404153497617,-6.454794286333765,2.9212919748012536,0.0,0.0,0.0,0.0,8.812506403909348,288.15,101325.0,1.2250122659906946,340.29228686527705
39.3,-4.845080598225806,5.62195323470562,-6.094546156102995,3.273240606988384,0.0,0.0,0.0,0.0,8.914255722903873,288.15,101325.0,1.2250122659906946,340.29228686527705
39.35,-4.7233870332887165,5.51463965309394,-6.221816140130971,3.1942804063497405,0.0,0.0,0.0,0.0,8.906496162883593,288.15,101325.0,1.2250122659906946,340.29228686527705
39.4,-4.908811660403088,5.763835943774741,-5.945883315821099,3.4738052291338435,0.0,0.0,0.0,0.0,8.980125609481584,288.15,101325.0,1.2250122659906946,340.29228686527705
39.45,-4.145049164321813,5.644072219167812,-6.094152833976382,3.3084036741570455,0.0,0.0,0.0,0.0,8.940905147143665,288.15,101325.0,1.2250122659906946,340.29228686527705
39.5,-4.5617379917152325,5.263095566112794,-6.5204750291376214,2.8635566559778187,0.0,0.0,0.0,0.0,8.855321917674042,288.15,101325.0,1.2250122659906946,340.29228686527705
39.55,-5.06773042944149,4.545003565226904,-7.189399921875396,2.2082587921577916,0.0,0.0,0.0,0.0,8.787544340583974,288.15,101325.0,1.2250122659906946,340.29228686527705
39.6,-4.5978192373978,5.694165421749656,-6.038687942336041,3.3892095860324614,0.0,0.0,0.0,0.0,8.965267064244012,288.15,101325.0,1.2250122659906946,340.29228686527705
39.65,-5.018274014108114,5.408096879708564,-6.306551270050958,3.1167205119786696,0.0,0.0,0.0,0.0,8.873220809372627,288.15,101325.0,1.2250122659906946,340.29228686527705
39.7,-4.605487835676175,5.152637372493819,-6.497995372521325,2.8390301574450447,0.0,0.0,0.0,0.0,8.765483899284225,288.15,101325.0,1.2250122659906946,340.29228686527705
39.75,-4.901245886586451,5.81972763651608,-5.9229916296218965,3.514058631371719,0.0,0.0,0.0,0.0,9.016632834518559,288.15,101325.0,1.2250122659906946,340.29228686527705
39.8,-4.8684045899147685,5.3863989944219535,-6.431774369761957,2.994686408915877,0.0,0.0,0.0,0.0,8.907814679166947,288.15,101325.0,1.2250122659906946,340.29228686527705
39.85,-4.586396198350486,5.553795786573268,-6.201650947639615,3.1863715774078027,0.0,0.0,0.0,0.0,8.913926516672134,288.15,101325.0,1.2250122659906946,340.29228686527705
39.9,-4.624134556399822,4.97427031416532,-6.66971630332263,2.6617979985547104,0.0,0.0,0.0,0.0,8.735768386942496,288.15,101325.0,1.2250122659906946,340.29228686527705
39.95,-4.7684789961595095,5.156503287785149,-6.543477447066964,2.7922594450559757,0.0,0.0,0.0,0.0,8.786542896140515,288.15,101325.0,1.2250122659906946,340.29228686527705
40.0,-4.914737715929527,5.537164942862789,-6.139204349647442,3.2271333574600485,0.0,0.0,0.0,0.0,8.874931850894974,288.15,101325.0,1.2250122659906946,340.29228686527705
40.05,-4.70756161955412,6.367778047825374,-5.306190628153503,3.9799136143657923,0.0,0.0,0.0,0.0,9.194779422394264,288.15,101325.0,1.2250122659906946,340.29228686527705
40.1,-4.658272857921553,4.801579261679905,-6.926100644117433,2.456796584338917,0.0,0.0,0.0,0.0,8.778489790132346,288.15,101325.0,1.2250122659906946,340.29228686527705
40.15,-4.667245056371507,6.210147829758573,-5.443698034135288,3.880694648218231,0.0,0.0,0.0,0.0,9.124668503951973,288.15,101325.0,1.2250122659906946,340.29228686527705
40.2,-5.301146308178842,5.66505431743536,-5.981712712065882,3.3479416883298008,0.0,0.0,0.0,0.0,8.89283087310448,288.15,101325.0,1.2250122659906946,340.29228686527705
40.25,-4.940732904872521,5.824437546722621,-5.853994644544919,3.472086116053402,0.0,0.0,0.0,0.0,8.95816432263461,288.15,101325.0,1.2250122659906946,340.29228686527705
40.3,-4.71929164700465,5.9541342924035385,-5.778556776434494,3.615594568965079,0.0,0.0,0.0,0.0,9.0507434875585,288.15,101325.0,1.2250122659906946,340.29228686527705
40.35,-4.840298428609524,5.208761136800215,-6.496945788219021,2.8545269797624324,0.0,0.0,0.0,0.0,8.802830308116178,288.15,101325.0,1.2250122659906946,340.29228686527705
40.4,-4.58018850006356,5.945344287686858,-5.815673199097895,3.5718366762611877,0.0,0.0,0.0,0.0,9.051364024262911,288.15,101325.0,1.2250122659906946,340.29228686527705
40.45,-4.653752134601357,5.565567488179202,-6.136114376979206,3.2760788542228956,0.0,0.0,0.0,0.0,8.908430488696348,288.15,101325.0,1.2250122659906946,340.29228686527705
40.5,-5.083828677764756,5.80987969573919,-5.893517662977622,3.423651851253108,0.0,0.0,0.0,0.0,8.955983727172608,288.15,101325.0,1.2250122659906946,340.29228686527705
40.55,-4.7711214549558525,6.997432366563403,-4.799030464728937,4.580782827104413,0.0,0.0,0.0,0.0,9.642526869815828,288.15,101325.0,1.2250122659906946,340.29228686527705
40.6,-4.6544660576837655,5.382175779926966,-6.334288108950465,3.0941078835100377,0.0,0.0,0.0,0.0,8.869302428490228,288.15,101325.0,1.2250122659906946,340.29228686527705
40.65,-4.918990521856626,5.653010640916034,-6.021960145973768,3.407789121609989,0.0,0.0,0.0,0.0,8.934962786904583,288.15,101325.0,1.2250122659906946,340.29228686527705
40.7,-4.9121196270925624,6.221268432679906,-5.426603285383637,3.978884008569283,0.0,0.0,0.0,0.0,9.16426331365726,288.15,101325.0,1.2250122659906946,340.29228686527705
40.75,-4.913515340782968,5.6534695032946205,-6.013475865852315,3.2985197406463707,0.0,0.0,0.0,0.0,8.888410538071717,288.15,101325.0,1.2250122659906946,340.29228686527705
40.8,-4.891271074301258,5.732575738177465,-5.887694854475385,3.3755705898150423,0.0,0.0,0.0,0.0,8.883797166762706,288.15,101325.0,1.2250122659906946,340.29228686527705
40.85,-4.7275544081322955,5.6266909682699415,-6.079080062382921,3.373037760366362,0.0,0.0,0.0,0.0,8.94383862724107,288.15,101325.0,1.2250122659906946,340.29228686527705
40.9,-4.554315307224319,4.093549338270401,-7.718985889115387,1.7402211343366034,0.0,0.0,0.0,0.0,8.908886515025785,288.15,101325.0,1.2250122659906946,340.29228686527705
40.95,-5.1206576807734905,4.9437903472119284,-6.712371822953587,2.668704076415242,0.0,0.0,0.0,0.0,8.753226829817814,288.15,101325.0,1.2250122659906946,340.29228686527705
41.0,-4.586459548621445,5.122626556968797,-6.590034646967848,2.781123887918025,0.0,0.0,0.0,0.0,8.797983267223625,288.15,101325.0,1.2250122659906946,340.29228686527705
41.05,-4.792198870134958,5.841342723931018,-5.909341909539189,3.499779822389173,0.0,0.0,0.0,0.0,9.01610034479766,288.15,101325.0,1.2250122659906946,340.29228686527705
41.1,-4.845905698777372,6.299514046973737,-5.414606646901645,3.9475746357729227,0.0,0.0,0.0,0.0,9.197020597654907,288.15,101325.0,1.2250122659906946,340.29228686527705
41.15,-4.708062011705057,5.811096274017176,-5.895209506630026,3.465767105121765,0.0,0.0,0.0,0.0,8.97406689633532,288.15,101325.0,1.2250122659906946,340.29228686527705
41.2,-4.886470347762985,5.319717064042115,-6.319323891169144,3.0584744225821843,0.0,0.0,0.0,0.0,8.80837725557616,288.15,101325.0,1.2250122659906946,340.29228686527705
41.25,-4.962086256428607,5.593912194585651,-6.158851986717878,3.257192865930552,0.0,0.0,0.0,0.0,8.934910005193208,288.15,101325.0,1.2250122659906946,340.29228686527705
41.3,-4.998242862413912,5.9253364451028165,-5.763948337437974,3.6276783275366236,0.0,0.0,0.0,0.0,9.027334184154068,288.15,101325.0,1.2250122659906946,340.29228686527705
41.35,-4.265441692806373,5.029124381569142,-6.7028191809075075,2.693739961209051,0.0,0.0,0.0,0.0,8.802051578799645,288.15,101325.0,1.2250122659906946,340.29228686527705
41.4,-5.082964575568531,5.751158782378855,-5.915413639975799,3.4604176393864736,0.0,0.0,0.0,0.0,8.946643846220896,288.15,101325.0,1.2250122659906946,340.29228686527705
41.45,-4.694161187768965,5.581219082532303,-6.160134856442654,3.1809277936188645,0.0,0.0,0.0,0.0,8.900312889162912,288.15,101325.0,1.2250122659906946,340.29228686527705
41.5,-5.287694095437813,6.196754909716784,-5.606993130394827,3.794403408401047,0.0,0.0,0.0,0.0,9.177997635708964,288.15,101325.0,1.2250122659906946,340.29228686527705
41.55,-5.061261475391214,5.894192152006288,-5.8922197011223325,3.5108298054902645,0.0,0.0,0.0,0.0,9.043543556271814,288.15,101325.0,1.2250122659906946,340.29228686527705
41.6,-5.188689540801987,5.792271957157043,-5.966732335986302,3.420701737773383,0.0,0.0,0.0,0.0,8.991857960053544,288.15,101325.0,1.2250122659906946,340.29228686527705
41.65,-4.777729306791501,5.938627694190185,-5.805574418670123,3.6280711390243785,0.0,0.0,0.0,0.0,9.062830320089923,288.15,101325.0,1.2250122659906946,340.29228686527705
41.7,-4.793129074268184,5.636593574014148,-6.054034905894489,3.344177650813343,0.0,0.0,0.0,0.0,8.92222225236549,288.15,101325.0,1.2250122659906946,340.29228686527705
41.75,-4.368207531178544,5.631121111666097,-6.113085776799208,3.234422598976241,0.0,0.0,0.0,0.0,8.918566714305872,288.15,101325.0,1.2250122659906946,340.29228686527705
41.8,-4.471989957947514,6.145134123235377,-5.585337947457325,3.8390981815964214,0.0,0.0,0.0,0.0,9.148625482978062,288.15,101325.0,1.2250122659906946,340.29228686527705
41.85,-4.350536063820212,5.276023876412624,-6.478057365827352,2.977559589075196,0.0,0.0,0.0,0.0,8.869471026274327,288.15,101325.0,1.2250122659906946,340.29228686527705
41.9,-4.675319324510371,5.206941505599336,-6.4817176489673765,2.8954677972592644,0.0,0.0,0.0,0.0,8.803898982191564,288.15,101325.0,1.2250122659906946,340.29228686527705
41.95,-4.581859336475117,5.967183402019437,-5.682108651495403,3.734364500238243,0.0,0.0,0.0,0.0,9.046497371987392,288.15,101325.0,1.2250122659906946,340.29228686527705
42.0,-4.5151254518088715,6.170614925644888,-5.5922080329485295,3.7971546496985713,0.0,0.0,0.0,0.0,9.152467573178996,288.15,101325.0,1.2250122659906946,340.29228686527705
42.05,-4.476110598928951,5.878206043811647,-5.868531199770675,3.4991178049454366,0.0,0.0,0.0,0.0,9.013145408184192,288.15,101325.0,1.2250122659906946,340.29228686527705
42.1,-4.7968781204478566,5.666021789426015,-5.966082305175592,3.3169607959790928,0.0,0.0,0.0,0.0,8.871311623003779,288.15,101325.0,1.2250122659906946,340.29228686527705
42.15,-4.936518976382012,5.687584063671191,-6.066304221473304,3.338865134188871,0.0,0.0,0.0,0.0,8.960841465682417,288.15,101325.0,1.2250122659906946,340.29228686527705
42.2,-4.34058439491254,5.779559257156368,-6.052570021526963,3.3199103162050108,0.0,0.0,0.0,0.0,9.003261274677817,288.15,101325.0,1.2250122659906946,340.29228686527705
42.25,-4.805872790436722,5.863584454374204,-5.860392539822229,3.559785547851502,0.0,0.0,0.0,0.0,9.022078281697366,288.15,101325.0,1.2250122659906946,340.29228686527705
42.3,-4.411341758695863,5.943835769619171,-5.742259188357783,3.609996378136388,0.0,0.0,0.0,0.0,9.018580713872973,288.15,101325.0,1.2250122659906946,340.29228686527705
42.35,-4.799065825297728,5.759086314780768,-6.004857959916004,3.356512671959878,0.0,0.0,0.0,0.0,8.971709514740708,288.15,101325.0,1.2250122659906946,340.29228686527705
42.4,-4.738882919513918,5.740834062662552,-5.96304247969798,3.4129307441510903,0.0,0.0,0.0,0.0,8.953387493797026,288.15,101325.0,1.2250122659906946,340.29228686527705
42.45,-4.754916385708124,5.155267859603359,-6.557968426911609,2.826128078552311,0.0,0.0,0.0,0.0,8.807425078251345,288.15,101325.0,1.2250122659906946,340.29228686527705
42.5,-4.848263802739463,5.7945381654454335,-5.929730433922381,3.4712120479570343,0.0,0.0,0.0,0.0,8.988197185847177,288.15,101325.0,1.2250122659906946,340.29228686527705
42.55,-4.556992479668075,5.306842852006677,-6.321331537195571,2.9819311563852646,0.0,0.0,0.0,0.0,8.775746514141055,288.15,101325.0,1.2250122659906946,340.29228686527705
42.6,-4.722840665768663,5.848668994016522,-5.858027870968254,3.533074513244731,0.0,0.0,0.0,0.0,9.00033527457453,288.15,101325.0,1.2250122659906946,340.29228686527705
42.65,-4.935077653386379,5.500915893401137,-6.222892849731468,3.2650334726074086,0.0,0.0,0.0,0.0,8.924399960936256,288.15,101325.0,1.2250122659906946,340.29228686527705
42.7,-4.4391397210228645,5.315424850903111,-6.36105065628216,2.9190630591236957,0.0,0.0,0.0,0.0,8.788494520708689,288.15,101325.0,1.2250122659906946,340.29228686527705
42.75,-4.841989464221647,5.498550505533422,-6.24023718513584,3.0213299259021524,0.0,0.0,0.0,0.0,8.848901192227531,288.15,101325.0,1.2250122659906946,340.29228686527705
42.8,-5.127690844227226,6.1130901760779475,-5.588506698200218,3.723062515218386,0.0,0.0,0.0,0.0,9.080885039956936,288.15,101325.0,1.2250122659906946,340.29228686527705
42.85,-4.489585069329065,5.7534024162619986,-5.9342255724633235,3.398724081934239,0.0,0.0,0.0,0.0,8.936889721454932,288.15,101325.0,1.2250122659906946,340.29228686527705
42.9,-4.893834129996577,5.111762088340462,-6.634275152664265,2.7339921913836416,0.0,0.0,0.0,0.0,8.810132334511215,288.15,101325.0,1.2250122659906946,340.29228686527705
42.95,-4.706671547525566,5.631788490740149,-6.113525271301789,3.2709253139007517,0.0,0.0,0.0,0.0,8.932591183771681,288.15,101325.0,1.2250122659906946,340.29228686527705
43.0,-4.573213791058906,5.790606315234085,-5.960504859923492,3.4010092821637232,0.0,0.0,0.0,0.0,8.979176121480425,288.15,101325.0,1.2250122659906946,340.29228686527705
43.05,-4.790788637816788,5.551654179357806,-6.10196818064914,3.2335210321923324,0.0,0.0,0.0,0.0,8.86061725109858,288.15,101325.0,1.2250122659906946,340.29228686527705
43.1,-4.682342201772929,6.116281165936653,-5.710728823324145,3.6896588348123807,0.0,0.0,0.0,0.0,9.145211933664832,288.15,101325.0,1.2250122659906946,340.29228686527705
43.15,-4.711822897613305,6.181524138841672,-5.572734729672694,3.73378442905829,0.0,0.0,0.0,0.0,9.121828720660162,288.15,101325.0,1.2250122659906946,340.29228686527705
43.2,-4.548966473034896,5.667591445592939,-6.098575330287278,3.332106135649521,0.0,0.0,0.0,0.0,8.967560713626645,288.15,101325.0,1.2250122659906946,340.29228686527705
43.25,-4.5661104698650155,5.033985134721688,-6.697897000742803,2.7149323957468163,0.0,0.0,0.0,0.0,8.80759266103025,288.15,101325.0,1.2250122659906946,340.29228686527705
43.3,-4.78207254479616,6.6869423006559785,-5.033201972021924,4.2717001319114125,0.0,0.0,0.0,0.0,9.396581369862108,288.15,101325.0,1.2250122659906946,340.29228686527705
43.35,-4.671144307032286,4.724751609493973,-7.046207133337908,2.3662897622591674,0.0,0.0,0.0,0.0,8.807476368193699,288.15,101325.0,1.2250122659906946,340.29228686527705
43.4,-4.536769830791722,5.386958400223296,-6.315243924004045,3.113300178327815,0.0,0.0,0.0,0.0,8.865340637887659,288.15,101325.0,1.2250122659906946,340.29228686527705
43.45,-4.603081710609889,6.453475798976442,-5.295843920807817,4.076723900082212,0.0,0.0,0.0,0.0,9.290478484934631,288.15,101325.0,1.2250122659906946,340.29228686527705
43.5,-4.536219889621652,5.9092920254182095,-5.838219091349159,3.5267282081317566,0.0,0.0,0.0,0.0,9.024541332073186,288.15,101325.0,1.2250122659906946,340.29228686527705
43.55,-4.674112067976361,5.704280882023859,-6.0140077950677595,3.369862094211032,0.0,0.0,0.0,0.0,8.947797532027591,288.15,101325.0,1.2250122659906946,340.29228686527705
43.6,-4.720378484833865,5.725820061937478,-6.033253284038611,3.3976229022837967,0.0,0.0,0.0,0.0,8.984931939484671,288.15,101325.0,1.2250122659906946,340.29228686527705
43.65,-4.613441191506598,5.998980964776674,-5.7433922426579,3.6984615416918984,0.0,0.0,0.0,0.0,9.091366500375498,288.15,101325.0,1.2250122659906946,340.29228686527705
43.7,-5.019454457575575,5.229370862936292,-6.520869188480556,2.8895878397875996,0.0,0.0,0.0,0.0,8.844081211705968,288.15,101325.0,1.2250122659906946,340.29228686527705
43.75,-4.944126514625355,5.7401945187179635,-5.986870282212907,3.4799038417798696,0.0,0.0,0.0,0.0,8.99456389364143,288.15,101325.0,1.2250122659906946,340.29228686527705
43.8,-4.63391066976306,5.308703843066794,-6.5179354388078705,3.027604419656294,0.0,0.0,0.0,0.0,8.934887094965555,288.15,101325.0,1.2250122659906946,340.29228686527705
43.85,-4.748433730473564,5.074565484922844,-6.592735046817798,2.6959282662705863,0.0,0.0,0.0,0.0,8.74547880194027,288.15,101325.0,1.2250122659906946,340.29228686527705
43.9,-5.072433685603417,6.1906569627566235,-5.562353107630163,3.7978667326124995,0.0,0.0,0.0,0.0,9.148103488875426,288.15,101325.0,1.2250122659906946,340.29228686527705
43.95,-4.825276807795271,5.148142321246773,-6.558398671228622,2.796119999627096,0.0,0.0,0.0,0.0,8.793989398611993,288.15,101325.0,1.2250122659906946,340.29228686527705
44.0,-4.674390511706929,4.969696640964651,-6.811113199564531,2.6067196170114246,0.0,0.0,0.0,0.0,8.825198857941373,288.15,101325.0,1.2250122659906946,340.29228686527705
44.05,-4.809136669208977,5.65949372572692,-6.097026528574054,3.336336568443851,0.0,0.0,0.0,0.0,8.962965101996874,288.15,101325.0,1.2250122659906946,340.29228686527705
44.1,-4.8765217738299915,4.781384653796989,-6.93635163633313,2.488998792070829,0.0,0.0,0.0,0.0,8.784630226558015,288.15,101325.0,1.2250122659906946,340.29228686527705
44.15,-4.752572249621077,5.548907467607814,-6.178736497169318,3.252285896617815,0.0,0.0,0.0,0.0,8.918773589393615,288.15,101325.0,1.2250122659906946,340.29228686527705
44.2,-4.56722491299104,5.902729773662829,-5.899313416881783,3.5959738425789824,0.0,0.0,0.0,0.0,9.087086741524992,288.15,101325.0,1.2250122659906946,340.29228686527705
44.25,-4.730298368597954,6.08343089295521,-5.650942609287903,3.7183424282037016,0.0,0.0,0.0,0.0,9.097656523314518,288.15,101325.0,1.2250122659906946,340.29228686527705
44.3,-4.670637773737554,6.101257089723296,-5.6452469942280885,3.7155326784447613,0.0,0.0,0.0,0.0,9.104907181587901,288.15,101325.0,1.2250122659906946,340.29228686527705
44.35,-4.6434491746193185,6.460070149308409,-5.325081321308754,4.06518982484841,0.0,0.0,0.0,0.0,9.306705417310038,288.15,101325.0,1.2250122659906946,340.29228686527705
44.4,-5.100150037029999,6.230832087235851,-5.478346801164374,3.897867353865274,0.0,0.0,0.0,0.0,9.16672908301999,288.15,101325.0,1.2250122659906946,340.29228686527705
44.45,-4.802143366250088,6.164832651842446,-5.566409391130016,3.782940562982043,0.0,0.0,0.0,0.0,9.126922506405874,288.15,101325.0,1.2250122659906946,340.29228686527705
44.5,-4.683359580358652,6.141983794938104,-5.652287737839935,3.7426135498235684,0.0,0.0,0.0,0.0,9.14764875757377,288.15,101325.0,1.2250122659906946,340.29228686527705
44.55,-5.019356697148106,5.974476770175732,-5.74663616275647,3.610826461534811,0.0,0.0,0.0,0.0,9.04191725242992,288.15,101325.0,1.2250122659906946,340.29228686527705
44.6,-4.69015314758244,6.204330934422732,-5.501212011858712,3.8318740970610605,0.0,0.0,0.0,0.0,9.134567041681885,288.15,101325.0,1.2250122659906946,340.29228686527705
44.65,-4.615212500324803,5.1998588358492785,-6.590850367034956,2.827123181221967,0.0,0.0,0.0,0.0,8.858355713969,288.15,101325.0,1.2250122659906946,340.29228686527705
44.7,-4.831655438055439,5.827958807680925,-5.9175352757068405,3.445762518495137,0.0,0.0,0.0,0.0,8.991974584991132,288.15,101325.0,1.2250122659906946,340.29228686527705
44.75,-5.0695132877049645,6.402233910380817,-5.378429449500513,3.979616086646973,0.0,0.0,0.0,0.0,9.260315684877261,288.15,101325.0,1.2250122659906946,340.29228686527705
44.8,-4.030949477004043,5.491901240868976,-6.2841198827908515,3.1355296474549013,0.0,0.0,0.0,0.0,8.915306394668338,288.15,101325.0,1.2250122659906946,340.29228686527705
44.85,-4.6739500486904655,5.648876609676407,-6.071731277702284,3.263104750726051,0.0,0.0,0.0,0.0,8.911990814301165,288.15,101325.0,1.2250122659906946,340.29228686527705
44.9,-4.8230095161571755,5.443370916114374,-6.323570957375478,2.9656579647062733,0.0,0.0,0.0,0.0,8.855109471202951,288.15,101325.0,1.2250122659906946,340.29228686527705
44.95,-4.718685627974061,4.920098180802213,-6.841353050396222,2.561196224590434,0.0,0.0,0.0,0.0,8.807451604735347,288.15,101325.0,1.2250122659906946,340.29228686527705
45.0,-5.137479303139499,5.976019624746772,-5.757382282978827,3.6373321743513234,0.0,0.0,0.0,0.0,9.060377842799292,288.15,101325.0,1.2250122659906946,340.29228686527705
45.05,-4.848491257456265,6.1520224052746055,-5.612513123961422,3.739863855620655,0.0,0.0,0.0,0.0,9.128760315629814,288.15,101325.0,1.2250122659906946,340.29228686527705
45.1,-5.033622744929406,5.372740277644329,-6.3526179082478125,3.0615803301526974,0.0,0.0,0.0,0.0,8.865402782569463,288.15,101325.0,1.2250122659906946,340.29228686527705
45.15,-4.750991153671686,5.697041536758895,-6.022104133039334,3.379178803184812,0.0,0.0,0.0,0.0,8.952143310102844,288.15,101325.0,1.2250122659906946,340.29228686527705
45.2,-4.572357173579724,5.169247448975947,-6.572621743507717,2.76135490728139,0.0,0.0,0.0,0.0,8.80599549715657,288.15,101325.0,1.2250122659906946,340.29228686527705
45.25,-4.716505147410565,4.908473081489203,-6.752067970037609,2.5605581550624352,0.0,0.0,0.0,0.0,8.731551289958082,288.15,101325.0,1.2250122659906946,340.29228686527705
45.3,-4.48541784241526,5.818341767267793,-5.943215499596765,3.3817849077622175,0.0,0.0,0.0,0.0,8.978384072746522,288.15,101325.0,1.2250122659906946,340.29228686527705
45.35,-4.409790691789309,5.233010694567686,-6.5698968944971154,2.858316135776386,0.0,0.0,0.0,0.0,8.872311833215866,288.15,101325.0,1.2250122659906946,340.29228686527705
45.4,-4.735121689722056,6.420528143939148,-5.358763805154139,4.009430985057524,0.0,0.0,0.0,0.0,9.274430871513577,288.15,101325.0,1.2250122659906946,340.29228686527705
45.45,-4.443554918327557,4.730874578754944,-6.980667012293653,2.4411833528619074,0.0,0.0,0.0,0.0,8.778967045087063,288.15,101325.0,1.2250122659906946,340.29228686527705
45.5,-4.733493942942441,5.603305905502184,-6.094563677415864,3.322158015857063,0.0,0.0,0.0,0.0,8.920620907259526,288.15,101325.0,1.2250122659906946,340.29228686527705
45.55,-5.020601451079953,5.905210364577991,-5.785489887220648,3.607871405696721,0.0,0.0,0.0,0.0,9.019985519117853,288.15,101325.0,1.2250122659906946,340.29228686527705
45.6,-4.5784028391413925,6.065644231510978,-5.670831819395246,3.7444782946826556,0.0,0.0,0.0,0.0,9.108868819259477,288.15,101325.0,1.2250122659906946,340.29228686527705
45.65,-4.5823166095895145,5.653878395539879,-6.023353006906183,3.3636774545268646,0.0,0.0,0.0,0.0,8.919722438251691,288.15,101325.0,1.2250122659906946,340.29228686527705
45.7,-4.532642322854142,6.26643441179167,-5.467591002426953,3.9556494449791266,0.0,0.0,0.0,0.0,9.20922983417564,288.15,101325.0,1.2250122659906946,340.29228686527705
45.75,-4.707684149848405,5.675829396394057,-5.980117488020967,3.31922624584886,0.0,0.0,0.0,0.0,8.887862925283954,288.15,101325.0,1.2250122659906946,340.29228686527705
45.8,-4.6513805014386165,5.116023480862855,-6.606333844189334,2.8867675290454793,0.0,0.0,0.0,0.0,8.840292409438325,288.15,101325.0,1.2250122659906946,340.29228686527705
45.85,-4.549997811262338,5.574089748301477,-6.139113388939332,3.3408225093397297,0.0,0.0,0.0,0.0,8.939814582153524,288.15,101325.0,1.2250122659906946,340.29228686527705
45.9,-4.478149033782085,5.017616005345349,-6.715626016028477,2.764303143872999,0.0,0.0,0.0,0.0,8.82708757379706,288.15,101325.0,1.2250122659906946,340.29228686527705
45.95,-4.975527312143907,5.871764427397323,-5.818298815309731,3.5549954235704635,0.0,0.0,0.0,0.0,8.998233774285383,288.15,101325.0,1.2250122659906946,340.29228686527705
46.0,-4.840960122338039,6.429795570808609,-5.284818288941965,4.125021512160528,0.0,0.0,0.0,0.0,9.289099951303818,288.15,101325.0,1.2250122659906946,340.29228686527705
46.05,-4.449500022174512,6.090087190430051,-5.64297990612315,3.8334540073444434,0.0,0.0,0.0,0.0,9.144821148298911,288.15,101325.0,1.2250122659906946,340.29228686527705
46.1,-4.204380625166768,5.964907389073332,-5.8106204943232145,3.675510803994237,0.0,0.0,0.0,0.0,9.102351913629189,288.15,101325.0,1.2250122659906946,340.29228686527705
46.15,-4.740094099312241,5.114305840173849,-6.656360655529302,2.8826129678889343,0.0,0.0,0.0,0.0,8.875399648802091,288.15,101325.0,1.2250122659906946,340.29228686527705
46.2,-4.412276827712517,5.59508522859626,-6.179905943591369,3.3459936910919104,0.0,0.0,0.0,0.0,8.982866467209611,288.15,101325.0,1.2250122659906946,340.29228686527705
46.25,-4.817782191815518,5.351839325732584,-6.353864946516185,3.0634675060005834,0.0,0.0,0.0,0.0,8.854299356095114,288.15,101325.0,1.2250122659906946,340.29228686527705
46.3,-4.648752028420861,5.194733735612129,-6.471754685439578,2.9474252329716792,0.0,0.0,0.0,0.0,8.806598821132596,288.15,101325.0,1.2250122659906946,340.29228686527705
46.35,-4.783542901736541,6.057247789122157,-5.682985130097715,3.748820824722655,0.0,0.0,0.0,0.0,9.112641128872093,288.15,101325.0,1.2250122659906946,340.29228686527705
46.4,-4.613596709108242,5.927580933612367,-5.777289062949567,3.690050372288705,0.0,0.0,0.0,0.0,9.062546904233354,288.15,101325.0,1.2250122659906946,340.29228686527705
46.45,-4.620129304681488,6.59045571023081,-5.108347805762246,4.319670721861615,0.0,0.0,0.0,0.0,9.390893403636221,288.15,101325.0,1.2250122659906946,340.29228686527705
46.5,-4.547931641747485,5.636688304267914,-6.074616560751806,3.3728848109843486,0.0,0.0,0.0,0.0,8.947042715210412,288.15,101325.0,1.2250122659906946,340.29228686527705
46.55,-4.29767470028193,4.825267690841844,-6.849798906767695,2.5742476354785016,0.0,0.0,0.0,0.0,8.765255514826977,288.15,101325.0,1.2250122659906946,340.29228686527705
46.6,-4.388841985661483,5.170562255356213,-6.613185508999642,2.730563546336448,0.0,0.0,0.0,0.0,8.82750892911124,288.15,101325.0,1.2250122659906946,340.29228686527705
46.65,-4.654890162108582,6.581453329833348,-5.190747284275654,4.247596313811139,0.0,0.0,0.0,0.0,9.396885640843541,288.15,101325.0,1.2250122659906946,340.29228686527705
46.7,-4.59561308752438,6.413803952827851,-5.258789078659153,4.173657667588463,0.0,0.0,0.0,0.0,9.284996609873097,288.15,101325.0,1.2250122659906946,340.29228686527705
46.75,-4.7172075188393485,5.8308787251319965,-5.897399346443311,3.5657259614340457,0.0,0.0,0.0,0.0,9.02733999529605,288.15,101325.0,1.2250122659906946,340.29228686527705
46.8,-4.568255204216685,6.223119210227783,-5.5110833596489,3.9575228831364466,0.0,0.0,0.0,0.0,9.20658676558548,288.15,101325.0,1.2250122659906946,340.29228686527705
46.85,-4.6246228822064746,4.934557090175768,-6.680973732652114,2.6438639573338527,0.0,0.0,0.0,0.0,8.71638000075034,288.15,101325.0,1.2250122659906946,340.29228686527705
46.9,-4.257981697105025,5.7600278095846384,-5.919595038085365,3.548866675412265,0.0,0.0,0.0,0.0,8.989659641052324,288.15,101325.0,1.2250122659906946,340.29228686527705
46.95,-4.6788975577227845,5.554730855964065,-6.215193892511184,3.2978117506143927,0.0,0.0,0.0,0.0,8.964331115381558,288.15,101325.0,1.2250122659906946,340.29228686527705
47.0,-4.51971027685662,5.015499821790868,-6.714169875552304,2.7699210626298028,0.0,0.0,0.0,0.0,8.826538295014558,288.15,101325.0,1.2250122659906946,340.29228686527705
47.05,-4.711265968142461,4.959382359238138,-6.811756561608675,2.677588266816359,0.0,0.0,0.0,0.0,8.841096072678653,288.15,101325.0,1.2250122659906946,340.29228686527705
47.1,-4.3606691118784395,6.497207259633257,-5.240681166982621,4.2345316851461865,0.0,0.0,0.0,0.0,9.360005334459187,288.15,101325.0,1.2250122659906946,340.29228686527705
47.15,-4.326546803372883,5.717171476011109,-6.081179773348541,3.373855778172919,0.0,0.0,0.0,0.0,9.002760684024055,288.15,101325.0,1.2250122659906946,340.29228686527705
47.2,-4.774463137600029,5.733456540502189,-5.943158311367157,3.485687194182345,0.0,0.0,0.0,0.0,8.963463049038952,288.15,101325.0,1.2250122659906946,340.29228686527705
47.25,-4.482471795326833,6.257496940056006,-5.384781476641809,3.9873222028411233,0.0,0.0,0.0,0.0,9.167926584308189,288.15,101325.0,1.2250122659906946,340.29228686527705
47.3,-4.46141348485566,4.873593074101711,-6.842671531470047,2.648763035566109,0.0,0.0,0.0,0.0,8.80851910130779,288.15,101325.0,1.2250122659906946,340.29228686527705
47.35,-4.381834378858494,6.058196748439773,-5.648452022649105,3.7594029632007313,0.0,0.0,0.0,0.0,9.096145817581062,288.15,101325.0,1.2250122659906946,340.29228686527705
47.4,-4.779403845035426,5.384456187124028,-6.383877400846365,3.078398961715486,0.0,0.0,0.0,0.0,8.900719030931498,288.15,101325.0,1.2250122659906946,340.29228686527705
47.45,-4.588584351192402,4.986992882902282,-6.677052508257212,2.7033791781037944,0.0,0.0,0.0,0.0,8.761357611280747,288.15,101325.0,1.2250122659906946,340.29228686527705
47.5,-4.510042254164804,5.696736530248339,-6.026021752067853,3.4160151085838133,0.0,0.0,0.0,0.0,8.968550856940807,288.15,101325.0,1.2250122659906946,340.29228686527705
47.55,-4.710732457440211,4.650918632958289,-7.030890812534772,2.392451946871467,0.0,0.0,0.0,0.0,8.76289313333636,288.15,101325.0,1.2250122659906946,340.29228686527705
47.6,-4.917764625539536,6.427418815609309,-5.191211266511561,4.208132271643042,0.0,0.0,0.0,0.0,9.271934224337917,288.15,101325.0,1.2250122659906946,340.29228686527705
47.65,-4.403713905968003,4.638214444655889,-7.095123512091007,2.3538777918562452,0.0,0.0,0.0,0.0,8.797417322455221,288.15,101325.0,1.2250122659906946,340.29228686527705
47.7,-4.741272889934756,6.5404141760077525,-5.143204046171617,4.290471578153392,0.0,0.0,0.0,0.0,9.361501579192375,288.15,101325.0,1.2250122659906946,340.29228686527705
47.75,-4.268168306562455,5.349249902571946,-6.3841677894396085,3.109478173738642,0.0,0.0,0.0,0.0,8.890496465149806,288.15,101325.0,1.2250122659906946,340.29228686527705
47.8,-4.919325685668875,4.868857382479565,-6.8803673206062435,2.5967767334879883,0.0,0.0,0.0,0.0,8.819777552805776,288.15,101325.0,1.2250122659906946,340.29228686527705
47.85,-5.33027846623257,6.049753447049245,-5.642716949971291,3.7896455723623625,0.0,0.0,0.0,0.0,9.099515641598908,288.15,101325.0,1.2250122659906946,340.29228686527705
47.9,-5.204741296243356,6.318472744493927,-5.462744802285983,3.944102993742172,0.0,0.0,0.0,0.0,9.236916532212527,288.15,101325.0,1.2250122659906946,340.29228686527705
47.95,-4.699263071312563,5.834600994544913,-5.864977260714977,3.599637807744455,0.0,0.0,0.0,0.0,9.022079548595853,288.15,101325.0,1.2250122659906946,340.29228686527705
48.0,-4.40939122566618,6.098873796831442,-5.543809132951798,3.8341493800200825,0.0,0.0,0.0,0.0,9.090147565391076,288.15,101325.0,1.2250122659906946,340.29228686527705
48.05,-4.555570418354209,5.258866252687054,-6.450041716832354,2.904416390713729,0.0,0.0,0.0,0.0,8.814439686286077,288.15,101325.0,1.2250122659906946,340.29228686527705
48.1,-4.258525494266804,5.590957719958787,-6.067078249007985,3.3231038136949507,0.0,0.0,0.0,0.0,8.894451397503191,288.15,101325.0,1.2250122659906946,340.29228686527705
48.15,-4.832674766725265,4.753211348364332,-7.00317520741904,2.3985214053280335,0.0,0.0,0.0,0.0,8.797180573333991,288.15,101325.0,1.2250122659906946,340.29228686527705
48.2,-4.593774736398251,5.808745679931461,-5.952243213583256,3.534033810398262,0.0,0.0,0.0,0.0,9.036598952084153,288.15,101325.0,1.2250122659906946,340.29228686527705
48.25,-4.618160559656727,6.073861390508708,-5.611148329590059,3.801732491887712,0.0,0.0,0.0,0.0,9.101095961896482,288.15,101325.0,1.2250122659906946,340.29228686527705
48.3,-4.590767735072353,5.935253512401911,-5.758744006634619,3.5941694514250595,0.0,0.0,0.0,0.0,9.017118211268302,288.15,101325.0,1.2250122659906946,340.29228686527705
48.35,-4.251572046808996,5.251135700659618,-6.448410071288368,2.911057803388326,0.0,0.0,0.0,0.0,8.81082721025122,288.15,101325.0,1.2250122659906946,340.29228686527705
48.4,-4.723416409183295,5.996917335354589,-5.709401800576848,3.6585776229130818,0.0,0.0,0.0,0.0,9.052374090280786,288.15,101325.0,1.2250122659906946,340.29228686527705
48.45,-4.551552536475421,5.4221242118279,-6.292665841490122,3.188979059326479,0.0,0.0,0.0,0.0,8.89756493665372,288.15,101325.0,1.2250122659906946,340.29228686527705
48.5,-4.354769037358933,6.418826456589538,-5.3469186927332215,4.13499514011004,0.0,0.0,0.0,0.0,9.32143000806461,288.15,101325.0,1.2250122659906946,340.29228686527705
48.55,-4.916101141551279,6.19828508739761,-5.5637943620308485,3.9556297981663358,0.0,0.0,0.0,0.0,9.220713249405565,288.15,101325.0,1.2250122659906946,340.29228686527705
48.6,-4.7217947841190355,5.638356038325046,-6.006444416203889,3.3910203715459537,0.0,0.0,0.0,0.0,8.908841254624702,288.15,101325.0,1.2250122659906946,340.29228686527705
48.65,-4.597977162153069,6.118995538023462,-5.571415202475855,3.8367502432612657,0.0,0.0,0.0,0.0,9.121591208878826,288.15,101325.0,1.2250122659906946,340.29228686527705
48.7,-4.840585370647194,5.820289764218036,-5.972077355428752,3.5826027974138817,0.0,0.0,0.0,0.0,9.076151369535651,288.15,101325.0,1.2250122659906946,340.29228686527705
48.75,-5.05128508698309,5.742216150792203,-5.967457035550241,3.4538768187394946,0.0,0.0,0.0,0.0,8.972895567907996,288.15,101325.0,1.2250122659906946,340.29228686527705
48.8,-4.766317983274807,4.843495130194653,-6.960086849514972,2.5246408239825597,0.0,0.0,0.0,0.0,8.847376182752145,288.15,101325.0,1.2250122659906946,340.29228686527705
48.85,-5.028680790635124,5.831602836247965,-5.888879941556068,3.5395795289569474,0.0,0.0,0.0,0.0,9.011943289191727,288.15,101325.0,1.2250122659906946,340.29228686527705
48.9,-4.605807487443853,5.547643482933883,-6.296571199179302,3.146461086935191,0.0,0.0,0.0,0.0,8.962330860421883,288.15,101325.0,1.2250122659906946,340.29228686527705
48.95,-4.605072306457822,5.3541802916708585,-6.285822100718938,3.048240215194865,0.0,0.0,0.0,0.0,8.801737015335922,288.15,101325.0,1.2250122659906946,340.29228686527705
49.0,-4.812662152742563,5.900800954998678,-5.770761796665229,3.6598682898747117,0.0,0.0,0.0,0.0,9.028608947318222,288.15,101325.0,1.2250122659906946,340.29228686527705
49.05,-4.471899267001059,5.02957153785372,-6.743427688736056,2.6488790519102845,0.0,0.0,0.0,0.0,8.81969200591775,288.15,101325.0,1.2250122659906946,340.29228686527705
49.1,-4.336573828439137,5.255098235464368,-6.430768826630918,2.9068061244045778,0.0,0.0,0.0,0.0,8.798884418539924,288.15,101325.0,1.2250122659906946,340.29228686527705
49.15,-4.806143604909258,5.7188155175134,-6.069167999638607,3.399847484374909,0.0,0.0,0.0,0.0,9.005476891769794,288.15,101325.0,1.2250122659906946,340.29228686527705
49.2,-4.835516569169525,5.523778248526838,-6.1559692965681085,3.2249834753887616,0.0,0.0,0.0,0.0,8.877420939423683,288.15,101325.0,1.2250122659906946,340.29228686527705
49.25,-4.767256002940451,6.136892808385122,-5.6101109911200835,3.8285123606692077,0.0,0.0,0.0,0.0,9.1538137172488,288.15,101325.0,1.2250122659906946,340.29228686527705
49.3,-4.845509525583693,5.183442268382652,-6.48214839787719,2.9863522452792557,0.0,0.0,0.0,0.0,8.820692792215482,288.15,101325.0,1.2250122659906946,340.29228686527705
49.35,-4.468807421850202,5.580508663245213,-6.073183325203762,3.3236297357474025,0.0,0.0,0.0,0.0,8.892252091705018,288.15,101325.0,1.2250122659906946,340.29228686527705
49.4,-4.371796813590482,5.145908275803765,-6.552560099882854,2.8697559172731895,0.0,0.0,0.0,0.0,8.812032391581806,288.15,101325.0,1.2250122659906946,340.29228686527705
49.45,-4.090323718563487,6.3561233946217675,-5.296143297202299,4.167531874149235,0.0,0.0,0.0,0.0,9.263787581449005,288.15,101325.0,1.2250122659906946,340.29228686527705
49.5,-4.9787537190497035,4.577377913166591,-7.18685528516984,2.249545639097277,0.0,0.0,0.0,0.0,8.812702935666252,288.15,101325.0,1.2250122659906946,340.29228686527705
49.55,-4.800868306553961,5.614111719293051,-6.039421461015098,3.331771237704879,0.0,0.0,0.0,0.0,8.893456108896633,288.15,101325.0,1.2250122659906946,340.29228686527705
49.6,-4.680482007622745,5.925008099944353,-5.773282954396196,3.68864268741608,0.0,0.0,0.0,0.0,9.057737130837701,288.15,101325.0,1.2250122659906946,340.29228686527705
49.65,-4.7017092276784505,5.240562412020447,-6.494225737851445,2.8879707885648207,0.0,0.0,0.0,0.0,8.830562700307235,288.15,101325.0,1.2250122659906946,340.29228686527705
49.7,-4.806377731778593,5.392580384364397,-6.329760339197621,3.136229041243197,0.0,0.0,0.0,0.0,8.887166126085866,288.15,101325.0,1.2250122659906946,340.29228686527705
49.75,-4.8707951248681916,5.615115909318161,-6.133361391116785,3.3146479277323886,0.0,0.0,0.0,0.0,8.951789738032309,288.15,101325.0,1.2250122659906946,340.29228686527705
49.8,-4.6057189218259245,6.154020883602705,-5.497532525238697,3.868037933916497,0.0,0.0,0.0,0.0,9.113536874347554,288.15,101325.0,1.2250122659906946,340.29228686527705
49.85,-4.86709741531357,4.4583710092898645,-7.380801144541647,2.161009136534158,0.0,0.0,0.0,0.0,8.889502690248072,288.15,101325.0,1.2250122659906946,340.29228686527705
49.9,-4.674785197553555,5.896175838072036,-5.649593982668754,3.6875916517836624,0.0,0.0,0.0,0.0,8.959973988398405,288.15,101325.0,1.2250122659906946,340.29228686527705
49.95,-4.895313235639814,4.511479553812685,-7.500477562395017,2.150802829517402,0.0,0.0,0.0,0.0,9.013132875971655,288.15,101325.0,1.2250122659906946,340.29228686527705
50.0,-4.535243943998271,5.521688809033942,-5.843317556598583,3.299119907233978,0.0,0.0,0.0,0.0,8.69008627882206,288.15,101325.0,1.2250122659906946,340.29228686527705
50.05,-4.999042167257718,5.647856229155571,-6.932920687451148,3.1703964931764164,0.0,0.0,0.0,0.0,9.487627899936042,288.15,101325.0,1.2250122659906946,340.29228686527705
50.1,-3.1672183665636484,4.212814768481176,-3.9860905435701213,2.5503131844825724,0.0,0.0,0.0,0.0,6.335678608800946,288.15,101325.0,1.2250122659906946,340.29228686527705
