time,baro_altitude,accl_x,accl_y,accl_z,gps_altitude,gyro_roll,gyro_pitch,gyro_yaw,At,T,P,rho,a
0.0,-0.15307102685915458,-6.405656737789822,-3.0049167035747453,-1.1257156282112026,0.0,0.0,0.0,0.0,7.164439846450914,288.15,101325.0,1.2250122659906946,340.29228686527705
0.05,0.006438454365893298,-9.966138896769897,-4.747864760028403,-1.810020222775469,0.0,0.0,0.0,0.0,11.186702708845248,288.1499581500466,101324.9226531555,1.2250115087892977,340.29226215381277
0.1,0.41533005308115034,-8.617243164994694,-3.952011756384901,-1.3324647264377247,0.0,0.0,0.0,0.0,9.573439242740982,288.14730035465493,101320.0106288434,1.2249634213835503,340.2906927812237
0.15,0.7920489586635394,-10.446152497819671,-5.462061132877416,-2.6271277903889203,0.0,0.0,0.0,0.0,12.077169132459314,288.14485168176867,101315.48526650462,1.2249191189026671,340.2892468846942
0.2,0.3721848220705592,-9.136890405196137,-4.356194095567503,-1.5147900204368705,0.0,0.0,0.0,0.0,10.234929510301356,288.1475807986565,101320.52892441023,1.2249684953796163,340.2908583778825
0.25,0.1533281412781215,-9.835553018928717,-5.005456415456916,-2.192977625141551,0.0,0.0,0.0,0.0,11.251748663188673,288.14900336708166,101323.15804172795,1.2249942337658941,340.29169837527496
0.3,0.4006472941347031,-8.501847627043244,-3.6712973555498802,-0.9851194830824143,0.0,0.0,0.0,0.0,9.312910272427033,288.1473957925881,101320.18700983142,1.2249651481139796,340.29074913545236
0.35,-0.08241604614737721,-8.493957193944146,-3.6212192631317444,-0.7878558826023987,0.0,0.0,0.0,0.0,9.267213964076968,288.15,101325.0,1.2250122659906946,340.29228686527705
0.4,0.08559322854196066,-9.422118170824511,-4.53511046789743,-1.7202331490978582,0.0,0.0,0.0,0.0,10.59729870619251,288.14944364401447,101323.97174995641,1.225002199735637,340.291958349327
0.45,-0.17682809770989769,-9.81364602926539,-4.933704832732331,-2.2415624746394522,0.0,0.0,0.0,0.0,11.2104279174327,288.15,101325.0,1.2250122659906946,340.29228686527705
0.5,0.34103761575675856,-9.528333127559025,-4.638269003418102,-1.8930345985969022,0.0,0.0,0.0,0.0,10.765047678914053,288.1477832554976,101320.90309129134,1.2249721583854636,340.29097792460914
0.55,0.12168695305061739,-8.209415189508986,-3.365235943307412,-0.6905335766846794,0.0,0.0,0.0,0.0,8.89922172599368,288.14920903480515,101323.53815073778,1.2249979549253935,340.29181981766345
0.6,0.3682021087196924,-8.680638925258785,-3.8184864367547315,-1.0891000663151895,0.0,0.0,0.0,0.0,9.545704257562434,288.1476066862933,101320.57676810677,1.2249689637583068,340.290873664018
0.65,0.07495702785639133,-10.057371180364527,-5.209822653053084,-2.460466834761148,0.0,0.0,0.0,0.0,11.59080947047494,288.1495127793189,101324.09952448547,1.2250034506104557,340.29199917221814
0.7,0.31450071284308945,-9.051405986772322,-4.168942218394399,-1.421954761774155,0.0,0.0,0.0,0.0,10.066279595869629,288.1479557453665,101321.22187614767,1.2249752792122706,340.29107977640325
0.75,0.6956938589469006,-9.492252353210047,-4.603538314766577,-1.861872289155592,0.0,0.0,0.0,0.0,10.712702188228283,288.1454779899168,101316.64272333676,1.2249304502320713,340.2896167087792
0.8,0.44464494085139394,-8.889457401844538,-4.038244007583651,-1.245801116936438,0.0,0.0,0.0,0.0,9.842859746382349,288.1471098078844,101319.65847582053,1.2249599738824963,340.2905802670631
0.85,0.05087979728792219,-8.82791418368354,-3.96860737205432,-1.0829638134329738,0.0,0.0,0.0,0.0,9.73933898830974,288.1496692813176,101324.3887689266,1.2250062822268102,340.2920915832207
0.9,-0.03678208399644897,-9.139134974417589,-4.250583181073938,-1.4667514572922287,0.0,0.0,0.0,0.0,10.18541139558537,288.15,101325.0,1.2250122659906946,340.29228686527705
0.95,0.38710779338987417,-9.731896714115607,-4.91704243775696,-2.1556633797850835,0.0,0.0,0.0,0.0,11.114585219245184,288.1474837993429,101320.34965731215,1.2249667403959368,340.29080110170764
1.0,0.31176310133689833,-8.755792019845336,-3.896496843337876,-1.1281502696927175,0.0,0.0,0.0,0.0,9.649834432566035,288.1479735398413,101321.25476281569,1.2249756011647073,340.29109028368055
1.05,0.4129913570227577,-8.627513413946534,-3.741832266509187,-0.996672300479935,0.0,0.0,0.0,0.0,9.456672358343639,288.1473155561793,101320.03872310542,1.2249636964201311,340.29070175742646
1.1,0.4111790524709861,-9.318079036955476,-4.437108613006528,-1.7319189215713562,0.0,0.0,0.0,0.0,10.464897177395613,288.1473273361589,101320.06049394178,1.2249639095517704,340.29070871327383
1.15,-0.0907378595314497,-9.760703346774296,-4.8778273970820285,-2.112863241685926,0.0,0.0,0.0,0.0,11.114347529995745,288.15,101325.0,1.2250122659906946,340.29228686527705
1.2,0.24811384233610986,-8.493907646022905,-3.612011339961689,-0.9087408615357974,0.0,0.0,0.0,0.0,9.274637619476193,288.1483872600248,101322.01937777948,1.224983086552593,340.2913345769859
1.25,0.4719273663281755,-10.255109844003641,-5.372737602625961,-2.592098002377577,0.0,0.0,0.0,0.0,11.863918379404891,288.14693247211886,101319.33073919144,1.2249567654105478,340.29047555371045
1.3,0.27236181965071826,-9.154504729995587,-4.315659496668702,-1.5753883884453959,0.0,0.0,0.0,0.0,10.24264235034822,288.1482296481723,101321.7280876427,1.2249802348967984,340.29124151043175
1.35,0.6133369425103878,-9.317742193725728,-4.435729681094026,-1.6292923591880246,0.0,0.0,0.0,0.0,10.447516976975137,288.14601330987364,101317.63203675812,1.2249401354430904,340.28993280559877
1.4,0.39166995602199756,-9.904954396810727,-5.022239981706548,-2.2911039321361084,0.0,0.0,0.0,0.0,11.339319788444168,288.14745414528585,101320.29485288533,1.2249662038730793,340.29078359157194
1.45,0.38960080978014755,-9.701405460048575,-4.819811252860454,-2.1005948259531415,0.0,0.0,0.0,0.0,11.034507104365,288.1474675947364,101320.31970915837,1.2249664472103383,340.29079153320725
1.5,-0.04687740277242025,-8.736876662550873,-3.8971402512875772,-1.1512495989669738,0.0,0.0,0.0,0.0,9.635667677641935,288.15,101325.0,1.2250122659906946,340.29228686527705
1.55,0.5671739825657511,-9.420847988616538,-4.539792621996167,-1.7942368011758145,0.0,0.0,0.0,0.0,10.610437294195028,288.1463133691133,101318.18657327522,1.2249455642539049,340.2901099850619
1.6,0.20665159697895846,-9.210535274221307,-4.326759950708308,-1.643154182071388,0.0,0.0,0.0,0.0,10.307995313094928,288.1486567646196,101322.51746391103,1.22498796268457,340.2914937138419
1.65,0.2460098871496895,-8.771301796384206,-3.8913722769464894,-1.1345008404251116,0.0,0.0,0.0,0.0,9.662587932741713,288.1484009357335,101322.04465255441,1.2249833339860894,340.29134265220915
1.7,0.008833588196917846,-9.26073004015355,-4.373817497160758,-1.665256601002917,0.0,0.0,0.0,0.0,10.376149571120095,288.1499425816767,101324.89387979558,1.225011227107082,340.29225296103704
1.75,0.2228203324994616,-8.91657012480774,-4.071503575224215,-1.3290758714431536,0.0,0.0,0.0,0.0,9.891855580513186,288.1485516678387,101322.32322858591,1.2249860611724626,340.2914316563882
1.8,0.4820703564701816,-8.848756116312101,-3.984440686024418,-1.218304622690362,0.0,0.0,0.0,0.0,9.780619537641073,288.1468665426829,101319.20889432722,1.2249555725747179,340.29043662364063
1.85,0.2486466809574167,-9.537960669358137,-4.724275423748715,-1.958420828607402,0.0,0.0,0.0,0.0,10.82251745905647,288.14838379657374,101322.01297679974,1.2249830238886583,340.2913325318896
1.9,0.1787871320831954,-9.203754049345479,-4.401896040480168,-1.5804814418005142,0.0,0.0,0.0,0.0,10.323938150721077,288.1488378836414,101322.85220096145,1.2249912396695244,340.2916006608141
1.95,0.0871349832134959,-9.762946628871761,-4.931418465015142,-2.195800577791045,0.0,0.0,0.0,0.0,11.15596500230788,288.1494336226091,101323.95322860015,1.2250020184170165,340.29195243190503
2.0,0.19892103093789673,-9.52702157997446,-4.681766328824253,-1.9937645510863466,0.0,0.0,0.0,0.0,10.800841320387043,288.14870701329886,101322.61033145335,1.2249888718328332,340.29152338463325
2.05,0.12029297033374568,-9.335971091671327,-4.4737571221806185,-1.7385603847100335,0.0,0.0,0.0,0.0,10.497497379093153,288.1492180956928,101323.55489682916,1.2249981188648218,340.2918251679227
2.1,0.2342238759714812,-9.322485122439177,-4.477965859345972,-1.7692901924828999,0.0,0.0,0.0,0.0,10.492439891692689,288.14847754480616,101322.18623778422,1.224984720068578,340.29138788827913
2.15,0.6939655860011715,-9.17648986965102,-4.295167159236116,-1.5770396799097652,0.0,0.0,0.0,0.0,10.253949551543451,288.14548922369096,101316.66348415538,1.2249306534771578,340.2896233421241
2.2,0.3502666758185631,-10.032561549583233,-5.156429029527048,-2.41113135138104,0.0,0.0,0.0,0.0,11.53492982104086,288.14772326660716,101320.79222381196,1.2249710730191594,340.29094250237017
2.25,-0.0573386024790529,-9.682997251364933,-4.844931720348466,-2.0456406461650136,0.0,0.0,0.0,0.0,11.019003802432506,288.15,101325.0,1.2250122659906946,340.29228686527705
2.3,0.2159601514557638,-8.373326015488086,-3.480696772606213,-0.7670150855258995,0.0,0.0,0.0,0.0,9.100337945697687,288.1485962590155,101322.40564003354,1.224986867958673,340.291457986548
2.35,0.33923873718849884,-9.574828581327964,-4.700841801795832,-1.975358791967435,0.0,0.0,0.0,0.0,10.847916775322762,288.14779494820823,101320.92470099329,1.2249723699392892,340.2909848289203
2.4,0.09375800351285993,-9.355877253321673,-4.463351075109511,-1.7461955015228876,0.0,0.0,0.0,0.0,10.512047408970428,288.14939057297715,101323.87366518291,1.2250012395145335,340.2919270120323
2.45,0.07333030078359142,-8.283746853391692,-3.4454710454087834,-0.6689044184547043,0.0,0.0,0.0,0.0,8.996619686129634,288.14952335304486,101324.11906665222,1.2250036419224573,340.2920054157725
2.5,0.3945848454332702,-8.958529895395138,-4.08271308086831,-1.3419033455291631,0.0,0.0,0.0,0.0,9.936020761659266,288.14743519850464,101320.2598368634,1.2249658610741698,340.2907724038709
2.55,0.39844069034198015,-8.781204671824819,-3.8993729541120796,-1.2470937956649655,0.0,0.0,0.0,0.0,9.68864840206955,288.14741013551276,101320.21351733412,1.2249654076164538,340.2907576046674
2.6,0.40352922574497674,-8.1126966227389,-3.225374085113359,-0.45005654659754235,0.0,0.0,0.0,0.0,8.741935447980344,288.1473770600326,101320.15238975528,1.2249648091912215,340.2907380742463
2.65,0.23177460724791804,-8.112852358134244,-3.2500246568053095,-0.563341604954444,0.0,0.0,0.0,0.0,8.757761552965432,288.14849346505287,101322.21566084409,1.2249850081126175,340.29139728885417
2.7,0.043462213956981695,-9.05650449891149,-4.253017191489958,-1.551919956973576,0.0,0.0,0.0,0.0,10.12506219846407,288.14971749560925,101324.47787792867,1.225007154576913,340.292120052699
2.75,0.01989745162754622,-8.507550618021288,-3.612604947691188,-0.8355187847433957,0.0,0.0,0.0,0.0,9.280486176162126,288.1498706665644,101324.7609668385,1.2250099259305087,340.2922104967615
2.8,0.043604742961661086,-8.91486075105002,-4.089763916715959,-1.3705291648651976,0.0,0.0,0.0,0.0,9.903497427516708,288.1497165691707,101324.47616569689,1.2250071378146845,340.2921195056574
2.85,0.029377885068631815,-9.113179414372114,-4.270531423332387,-1.5386279130687213,0.0,0.0,0.0,0.0,10.181102765962008,288.14980904374704,101324.64707613402,1.2250088109756223,340.2921741098532
2.9,0.22585942370675943,-8.78246939868189,-3.892545714232491,-1.1847218846550436,0.0,0.0,0.0,0.0,9.679217262782883,288.1485319137459,101322.28671995961,1.224985703762656,340.29141999200783
2.95,0.4017734179007922,-8.794345023418852,-3.918955651429509,-1.1747876503844479,0.0,0.0,0.0,0.0,9.699424921731135,288.14738847278363,101320.17348192757,1.2249650156788463,340.29074481325165
3.0,0.3027507958778412,-8.403537417450472,-3.555242380478906,-0.7908811573957601,0.0,0.0,0.0,0.0,9.15885814474529,288.1480321198268,101321.36302684966,1.224976661042981,340.2911248739743
3.05,0.2873443040220668,-8.246693704355977,-3.3877842584815574,-0.6911342246726777,0.0,0.0,0.0,0.0,8.942186855126314,288.1481322620238,101321.54810390016,1.2249784729013011,340.29118400590323
3.1,-0.17845025325788572,-8.583080151130066,-3.7313146847429737,-1.0726365560732094,0.0,0.0,0.0,0.0,9.42032501237224,288.15,101325.0,1.2250122659906946,340.29228686527705
3.15,0.17487881871991012,-9.454854505370935,-4.574254491791882,-1.809364401636975,0.0,0.0,0.0,0.0,10.657949024616435,288.1488632876783,101322.89915177455,1.2249916993050884,340.29161566136077
3.2,0.039174992744105394,-9.264494657488704,-4.459889450399815,-1.6730328244746115,0.0,0.0,0.0,0.0,10.41731798498029,288.14974536254715,101324.52938125556,1.2250076587787955,340.2921365075115
3.25,0.022240051886375956,-8.78590628260097,-3.958041246872444,-1.1890031454965984,0.0,0.0,0.0,0.0,9.709375273342337,288.1498554396627,101324.73282461405,1.2250096504268295,340.2922015056138
3.3,0.409648447819619,-8.541220899116421,-3.6441856805898074,-0.9206664046342613,0.0,0.0,0.0,0.0,9.331675645388726,288.1473372850891,101320.07888077888,1.2249640895548037,340.29071458792225
3.35,0.0651082660073136,-9.382787835187953,-4.54527899849425,-1.7520366072370273,0.0,0.0,0.0,0.0,10.571939321023487,288.14957679627094,101324.21783949112,1.2250046088790725,340.29203697282924
3.4,-0.3343413363402611,-9.287076440919098,-4.45553062250302,-1.7184527702411145,0.0,0.0,0.0,0.0,10.442922094465995,288.15,101325.0,1.2250122659906946,340.29228686527705
3.45,-0.003855000995955038,-8.838275225933312,-3.954054562055095,-1.2301391155921715,0.0,0.0,0.0,0.0,9.760271445649714,288.15,101325.0,1.2250122659906946,340.29228686527705
3.5,0.09330814797328285,-9.020014646768727,-4.138165377002185,-1.3978941464165504,0.0,0.0,0.0,0.0,10.021935190367559,288.14939349703815,101323.87906936882,1.2250012924199298,340.2919287386269
3.55,0.31955951265456356,-9.316863703615823,-4.435345938366225,-1.712822172509776,0.0,0.0,0.0,0.0,10.459923645007015,288.1479228631677,101321.1611052868,1.2249746842803535,340.2910603601294
3.6,0.19358765013895518,-9.937801115031178,-5.052510398861163,-2.197511418827972,0.0,0.0,0.0,0.0,11.362957747364655,288.1487416802741,101322.67440157133,1.2249894990619645,340.2915438547537
3.65,0.23383771772848258,-8.751994768002438,-3.904634806297723,-1.1636366466551904,0.0,0.0,0.0,0.0,9.653892253134622,288.14848005483475,101322.19087670192,1.2249847654823667,340.2913893703989
3.7,0.47139596587889027,-9.097317490193669,-4.237556900629438,-1.5375266716636653,0.0,0.0,0.0,0.0,10.152933677983569,288.1469359262218,101319.3371227576,1.2249568279043226,340.29047759329194
3.75,0.2238130728471419,-8.627327982766792,-3.777080446209032,-1.099879457603739,0.0,0.0,0.0,0.0,9.481922781831976,288.14854521502645,101322.3113027872,1.2249859444220463,340.291427846137
3.8,0.3167238191831905,-10.050808996613034,-5.174939016577692,-2.438343727423226,0.0,0.0,0.0,0.0,11.564786009466832,288.1479412951753,101321.19517018789,1.2249750177674414,340.2910712438575
3.85,0.4687555002707699,-8.676794912954222,-3.836177339389669,-1.0580082687814025,0.0,0.0,0.0,0.0,9.54580578251647,288.1469530892482,101319.36884194319,1.2249571384284912,340.2904877277297
3.9,0.18693197833423889,-9.933440632172665,-5.08741867380743,-2.300889291907851,0.0,0.0,0.0,0.0,11.395137695048692,288.1487849421408,101322.75435647028,1.2249902817987008,340.2915693999752
3.95,0.25953221751234223,-9.35755163102395,-4.557417415902449,-1.819177849545962,0.0,0.0,0.0,0.0,10.566136194386699,288.1483130405862,101321.88220913768,1.2249817437069344,340.29129075193856
4.0,-0.07474401560777001,-10.58257946597703,-5.536038152225212,-2.7683577624166498,0.0,0.0,0.0,0.0,12.259792464693044,288.15,101325.0,1.2250122659906946,340.29228686527705
4.05,0.2393747190689124,-8.746339729061155,-4.509007605112507,-1.77318780413269,0.0,0.0,0.0,0.0,9.998690075596947,288.14844406432604,101322.12436073997,1.2249841143084914,340.29136811875014
4.1,0.2715666292687146,-10.50185722352278,-4.46420749122135,-1.6860263041587593,0.0,0.0,0.0,0.0,11.535199970795897,288.14823481690973,101321.73764022726,1.2249803284141783,340.29124456246524
4.15,0.18366453257466323,-6.706002909610355,-3.948409535045783,-1.3527407766862867,0.0,0.0,0.0,0.0,7.898754363129216,288.14880618053826,101322.79360846878,1.224990666065058,340.29158194080105
4.2,0.6065166272601017,-11.806396157654827,-3.578369585710177,-0.7466819024392854,0.0,0.0,0.0,0.0,12.35933869536929,288.14605764192277,101317.71396622558,1.224940937517909,340.28995898286433
4.25,0.18186394370647496,-4.401448218279031,-4.950857496364615,-2.3396869036894965,0.0,0.0,0.0,0.0,7.025515723048202,288.1488178843659,101322.81523904325,1.2249908778224692,340.2915888516643
4.3,0.5291772805612338,-17.057572076108627,-3.8236861477259936,-0.7050549539833175,0.0,0.0,0.0,0.0,17.495097695528564,288.1465603476763,101318.64301376208,1.2249500327183298,340.2902558212925
4.35,0.4025664443919248,3.0501342277293952,-6.159359743721328,-4.273194157289916,0.0,0.0,0.0,0.0,8.093282372785342,288.14738331811145,101320.16395545682,1.2249649224168404,340.29074176951895
4.4,-0.053985405215498716,-61.816985123917135,-17.24986794034859,3.140409528918848,0.0,0.0,0.0,0.0,64.25542596372217,288.15,101325.0,1.2250122659906946,340.29228686527705
4.45,-0.32672493697272265,-69.27929650715056,-72.80444545739932,-18.935623955841134,0.0,0.0,0.0,0.0,102.26761978985401,288.15,101325.0,1.2250122659906946,340.29228686527705
4.5,1.1782605550859067,-49.54694840916519,-84.43380050895125,-30.625250066700044,0.0,0.0,0.0,0.0,102.57618001609225,288.1423413063919,101310.84604245442,1.2248737013453481,340.2877645475954
4.55,1.8629223267516928,-122.78571548595927,-47.93171267259262,2.257036637024842,0.0,0.0,0.0,0.0,131.82896199814283,288.1378910048761,101302.62221874757,1.2247931899296527,340.28513669881255
4.6,2.342195859994694,-92.74947781210693,-57.51982280649942,-5.316501956127747,0.0,0.0,0.0,0.0,109.26692474467797,288.13477572691,101296.86574016137,1.2247368331373036,340.2832971530829
4.65,3.0684240062292965,-124.45635829546681,-59.7277348057961,-6.230231680720363,0.0,0.0,0.0,0.0,138.1868416745841,288.1300552439595,101288.14363354623,1.2246514412387972,340.2805097282094
4.7,4.226330415682463,-110.11306793834251,-60.346532284252596,-7.333581032624128,0.0,0.0,0.0,0.0,125.77906463434381,288.12252885229805,101274.23826541465,1.2245153008461231,340.27606537908747
4.75,5.44590149353138,-113.77580028102814,-58.37682548849643,-6.32719488060662,0.0,0.0,0.0,0.0,128.03444801599272,288.11460164029205,101259.59403405791,1.2243719227740757,340.2713842819936
4.8,7.010946839765509,-111.38329536334277,-59.37577174468664,-6.77821992454233,0.0,0.0,0.0,0.0,126.4027888205804,288.1044288455415,101240.80396689732,1.2241879480632951,340.2653770517326
4.85,8.355162568391433,-114.03615557180576,-59.97162318158534,-6.8433130796358315,0.0,0.0,0.0,0.0,129.02585515522486,288.09569144330544,101224.66745283916,1.2240299492700355,340.26021736359536
4.9,10.765196279142884,-110.58878585269943,-58.63413488715631,-6.005717297717822,0.0,0.0,0.0,0.0,125.31524237138737,288.08002622418553,101195.74163907563,1.2237467135468774,340.2509664037906
4.95,12.351683347421883,-112.55390042581233,-57.67923384094336,-7.760532605717849,0.0,0.0,0.0,0.0,126.71030101718767,288.06971405824174,101176.70388690422,1.2235602913195955,340.24487650600355
5.0,13.181952112812482,-96.96157244811184,-47.2008234830529,-3.453498668330739,0.0,0.0,0.0,0.0,107.89527757108242,288.0643173112667,101166.74186628069,1.2234627381686989,340.2416893884092
5.05,14.6809739339965,-100.6986911987811,-57.3622111629441,-7.469961760482096,0.0,0.0,0.0,0.0,116.13117586312785,288.054573669429,101148.75779074145,1.223286624365445,340.2359350811337
5.1,16.338933968702914,-93.49931947217651,-63.707703874722164,-2.0460881004921063,0.0,0.0,0.0,0.0,113.15909486764372,288.0437969292034,101128.86991557118,1.2230918601649932,340.2295705430952
5.15,18.370819832906545,-107.95519892801832,-71.06317188618645,-14.65879027247511,0.0,0.0,0.0,0.0,130.07374641474004,288.0305896710861,101104.50097290863,1.2228532024304264,340.22177042499703
5.2,22.43769934499305,-105.20013519191045,-66.26489873675024,14.263265894990633,0.0,0.0,0.0,0.0,125.14609863267492,288.0041549542575,101055.74009800333,1.2223756289494567,340.2061577212668
5.25,25.907888884250635,-101.03779655531599,-50.5432783683249,30.004509937967825,0.0,0.0,0.0,0.0,116.89110290175644,287.98159872225233,101014.14844560079,1.2219682375780325,340.1928351369434
5.3,29.4178325740153,-100.45890287020511,-54.15563893223513,29.261266262937696,0.0,0.0,0.0,0.0,117.81785135264715,287.9587840882689,100972.09442455585,1.22155628484329,340.1793593996447
5.35,32.142977527306385,-99.45411506149975,-46.761747660764165,35.04029967695089,0.0,0.0,0.0,0.0,115.34992261985069,287.9410706460725,100939.45316438495,1.221236515119592,340.16889637434105
5.4,35.00671872854264,-101.76687341077405,-46.232013304878535,23.973375972353296,0.0,0.0,0.0,0.0,114.31805777539603,287.92245632826445,100905.16103283952,1.2209005514612217,340.15790087052164
5.45,37.26340215969013,-95.83247147119536,-46.756389205058234,18.985996559314525,0.0,0.0,0.0,0.0,108.30738933758242,287.90778788596197,100878.14481661524,1.2206358554202041,340.14923595053324
5.5,40.01261248745019,-97.56984465211406,-47.13782832046485,11.850918971734966,0.0,0.0,0.0,0.0,109.00593435534562,287.88991801883157,100845.24015686994,1.2203134481194535,340.13867959146876
5.55,44.12583416550092,-92.31977027950367,-48.65025648931899,6.7651636560017,0.0,0.0,0.0,0.0,104.5732034520763,287.8631820779242,100796.02619105557,1.219831201189907,340.1228851189749
5.6,48.429126676292995,-87.87667089778657,-46.3001695720375,8.352967595031455,0.0,0.0,0.0,0.0,99.67841821638704,287.83521067660405,100744.55887974735,1.2193268258358942,340.10636000317146
5.65,53.26195092709615,-85.218222677252,-46.19140508047563,8.06899207667291,0.0,0.0,0.0,0.0,97.26715793479168,287.80379731897386,100686.7837477601,1.2187605759561013,340.08780047007866
5.7,58.61152912051546,-81.14443860381066,-45.28695019421151,10.53588943973296,0.0,0.0,0.0,0.0,93.52183028847793,287.7690250607166,100622.86224797397,1.218134013930968,340.0672552615882
5.75,63.82045312255584,-79.03607520247478,-42.18479875724231,6.303933141790129,0.0,0.0,0.0,0.0,89.81090135755481,287.73516705470337,100560.6529883167,1.2175241626592188,340.04724904676647
5.8,68.82445533223854,-78.59110408377103,-39.885033199295805,7.051531666284708,0.0,0.0,0.0,0.0,88.41437447189045,287.70264104034044,100500.92040622722,1.216938523257748,340.02802877833705
5.85,73.3462342560398,-78.21524322099414,-39.37522200233515,-3.422012056341326,0.0,0.0,0.0,0.0,87.63414030140419,287.67324947733573,100446.96881871863,1.216409505852645,340.01065978503806
5.9,78.62901502559554,-72.13434986806038,-32.15171442004093,9.336454475826915,0.0,0.0,0.0,0.0,79.5252573288185,287.63891140233363,100383.96704786578,1.2157916792634915,339.99036651831153
5.95,82.88738344943397,-69.67402516271756,-27.83341966978284,9.300887357789616,0.0,0.0,0.0,0.0,75.60208686624692,287.6112320075787,100333.20558334842,1.2152938335172323,339.97400754599704
6.0,87.22591533216998,-66.7531440568954,-38.70945653919006,-8.008400449656568,0.0,0.0,0.0,0.0,77.57924171324525,287.5830315503409,100281.50991571098,1.2147867762689561,339.95733980771104
6.05,91.74898606451319,-61.186060747297056,-32.70756815923512,-4.177854362769178,0.0,0.0,0.0,0.0,69.5052049255266,287.55363159058066,100227.63834572416,1.2142583237506444,339.9399622393735
6.1,96.14750608719523,-57.09474761320113,-30.62920198916918,-3.780461701961703,0.0,0.0,0.0,0.0,64.90184982100634,287.5250412104332,100175.27270133545,1.2137445917923313,339.92306234093144
6.15,101.88781907728281,-52.84190204033237,-28.182869601076074,-4.036567624793294,0.0,0.0,0.0,0.0,60.023617255051114,287.48772917599763,100106.96595041917,1.2130743931708725,339.9010057707364
6.2,107.4299694906365,-50.05167552326274,-24.850059262039068,-0.4750143882689599,0.0,0.0,0.0,0.0,55.88310394637984,287.45170519831083,100041.05302064912,1.2124275992775857,339.8797092620346
6.25,113.08311001358885,-45.42429638773729,-21.722333603342356,-4.554458550041846,0.0,0.0,0.0,0.0,50.55659771167309,287.4149597849117,99973.85629156511,1.2117681241814444,339.85798488304266
6.3,119.61274903217421,-43.297738450887366,-21.482563379670115,-10.181148692414277,0.0,0.0,0.0,0.0,49.394842575111454,287.37251713129086,99896.2864505818,1.2110067414980579,339.8328904911234
6.35,125.67149052944231,-35.684886723770035,-15.633347586807888,3.4744217685180363,0.0,0.0,0.0,0.0,39.113735488748745,287.3331353115586,99824.35430548507,1.2103005947964984,339.8096041721835
6.4,131.439922702983,-39.65256676086994,-33.1044108650794,-24.45810290892746,0.0,0.0,0.0,0.0,57.15266281944281,287.2956405024306,99755.90782578399,1.2096285764368349,339.78743215238524
6.45,137.80658032503135,-28.165441896716214,-14.593261285030582,-3.005118876367655,0.0,0.0,0.0,0.0,31.86355491202403,287.25425722788725,99680.40710648595,1.208887196670581,339.7629590643616
6.5,143.6725574958815,-24.168718335522577,-12.597810606281378,-1.50916256354113,0.0,0.0,0.0,0.0,27.296691185870035,287.21612837627674,99610.88480303377,1.2082044275054027,339.74040900454327
6.55,150.26279132652533,-21.219951398779862,-10.666733273602325,-2.803541624015843,0.0,0.0,0.0,0.0,23.91496146211287,287.17329185637755,99532.82560416267,1.20743771058228,339.7150729630972
6.6,156.51185218465199,-18.473087636446685,-7.300396961198761,-2.8579675721385223,0.0,0.0,0.0,0.0,20.06785342926131,287.13267296079977,99458.85324861748,1.2067110300709052,339.69104680982775
6.65,163.0905199062484,-16.865252242407323,-8.046583016285208,0.3421361693447248,0.0,0.0,0.0,0.0,18.689603757072234,287.08991162060937,99381.02732590592,1.2059463823468173,339.66575156022765
6.7,169.27955289945308,-14.591843354822137,-5.508189794717279,-15.97381976913417,0.0,0.0,0.0,0.0,22.32543314973029,287.0496829061535,99307.85582328218,1.2052273608627895,339.6419527524477
6.75,176.33713121286974,-6.03597621131777,-2.414440555052887,-10.361085284123453,0.0,0.0,0.0,0.0,12.231705534485274,287.00380864711633,99224.46895356778,1.2044078349328946,339.61481207541084
6.8,183.54258737373036,-7.3898035891723755,-2.825848477260736,4.585851067132353,0.0,0.0,0.0,0.0,9.14465126250863,286.9569731820707,99139.39337402553,1.2035715773118991,339.5871004803904
6.85,190.60095981879837,-6.156885150122225,-3.7485673702006066,-11.195065506556588,0.0,0.0,0.0,0.0,13.314972165829765,286.91109376117777,99056.11170649766,1.202752820842869,339.5599523645339
6.9,197.18702715398376,-7.357278376298364,-1.8785773569372877,-9.042765575671105,0.0,0.0,0.0,0.0,11.80805687862687,286.8682843234991,98978.4538616207,1.201989235136827,339.5346188845617
6.95,203.68028702358566,-2.096894004950674,4.210481784620914,-5.063094350136719,0.0,0.0,0.0,0.0,6.910864325466748,286.8260781343467,98901.93859980107,1.20123677260776,339.509640540368
7.0,210.44107179302082,-0.09678120308284865,4.427042696959734,1.8768641286896344,0.0,0.0,0.0,0.0,4.809437867312205,286.78213303334536,98822.32178257973,1.2004536913245822,339.4836311254351
7.05,216.63535369617153,15.69778340848066,-3.6455711334734042,-11.107451022222888,0.0,0.0,0.0,0.0,19.572584424134323,286.74187020097486,98749.42181998497,1.1997365692381967,339.45979935430614
7.1,223.85165155662202,12.279207253662697,-3.6028554805170065,-10.960965681767128,0.0,0.0,0.0,0.0,16.849399605587458,286.69496426488195,98664.54876265353,1.1989015400595162,339.4320333868448
7.15,230.75080695288048,8.354959427977569,9.46270421648139,-1.1129289140559189,0.0,0.0,0.0,0.0,12.672281913669204,286.65011975480627,98583.46095391293,1.1981036246313008,339.40548555653015
7.2,237.4347991978539,-2.5524113256672103,-80.18124440190567,-69.19631952250073,0.0,0.0,0.0,0.0,105.94185854927004,286.6066738052139,98504.9534941889,1.1973309812187762,339.3797636897364
7.25,244.01133660009123,-2.052465325650519,4.879676973777455,8.588914662824434,0.0,0.0,0.0,0.0,10.089267385033077,286.5639263120994,98427.75757352376,1.1965711312732408,339.3544534362904
7.3,251.18916394329176,-27.33485343123076,0.6782468550763643,3.537635232732902,0.0,0.0,0.0,0.0,27.57116417460754,286.5172704343686,98343.55958043727,1.1957422296851692,339.3268269227467
7.35,258.3825660047845,-40.534406441958296,0.22755030494123762,5.07804072126073,0.0,0.0,0.0,0.0,40.851883460985384,286.4705133209689,98259.2374126483,1.1949119703045894,339.29913820741984
7.4,265.2292174056114,-28.007990192189336,-3.327035123077236,10.097905982487177,0.0,0.0,0.0,0.0,29.958043703605114,286.4260100868635,98179.03429784677,1.1941221424614927,339.27278209960764
7.45,272.45519084587255,-32.63341635824067,0.9535370659248428,5.408874136014935,0.0,0.0,0.0,0.0,33.09237095715014,286.37904125950183,98094.44522946433,1.1932889894018108,339.24496357493064
7.5,279.4309505511188,-30.256843890302495,-2.146799728737981,6.532001553373932,0.0,0.0,0.0,0.0,31.028251571281363,286.3336988214177,98012.84121983896,1.1924851078812748,339.21810615791594
7.55,286.50431711881043,-31.872532989464293,3.150127832580172,5.2510734890925335,0.0,0.0,0.0,0.0,32.4554377156423,286.2877219387277,97930.15152071387,1.191670401322673,339.19087077266175
7.6,293.3923950971505,-31.367347023251597,-0.588678854589461,10.025701113544564,0.0,0.0,0.0,0.0,32.93587231103892,286.2429494318685,97849.68219658398,1.1908774455094215,339.1643467232147
7.65,299.51745275610415,-26.060304113950078,-3.491628475756636,3.3743741871838724,0.0,0.0,0.0,0.0,26.508815912435825,286.2031365570853,97778.17176691176,1.1901726677527293,339.14075910777206
7.7,305.9354814964078,-24.209756692830684,-1.5760611661319484,8.05533713110084,0.0,0.0,0.0,0.0,25.56334767242235,286.16141937027334,97703.28629012968,1.1894345217729012,339.11604149956065
7.75,312.3115776722308,-30.51622690030281,2.371719152716653,7.386761380092186,0.0,0.0,0.0,0.0,31.48697190357544,286.1199747451305,97628.93607522192,1.1887015453701972,339.091483601145
7.8,318.6667971012764,-23.064685647112928,-1.5585285228574952,7.779682469256699,0.0,0.0,0.0,0.0,24.391231918030655,286.07866581884167,97554.87489541068,1.1879713128060372,339.0670043407614
7.85,325.2580393037746,-25.26294466729417,-0.5006327847172581,7.5604061095682225,0.0,0.0,0.0,0.0,26.374736908441328,286.03582274452543,97478.11126648264,1.1872143231543981,339.0416140923448
7.9,331.795649518263,-22.557914665253257,-0.9686113572981827,10.774692135037744,0.0,0.0,0.0,0.0,25.01782789554639,285.9933282781313,97402.02057513452,1.186463857605552,339.01642856229347
7.95,338.0476760583331,-17.883473602773343,-0.9929463475906584,6.962756691136102,0.0,0.0,0.0,0.0,19.21677785921056,285.95269010562083,97329.29876454963,1.1857465143262502,338.9923414662134
8.0,343.37120738603534,-22.710383103578057,1.5952428111699686,8.339783710837336,0.0,0.0,0.0,0.0,24.24578917423438,285.91808715199073,97267.41161014054,1.1851359660606111,338.97183022158424
8.05,349.4248305141795,-23.609629054204852,-1.8280263674538568,13.120517076010088,0.0,0.0,0.0,0.0,27.072204062823047,285.8787386016578,97197.07571009806,1.1844419768782415,338.9485044691129
8.1,355.521259574311,-26.118690565347492,2.8395791698210227,4.082997833336468,0.0,0.0,0.0,0.0,26.58796867037954,285.83911181276693,97126.28408388532,1.1837433946572562,338.92501215489636
8.15,361.33611471180706,-22.66167199902688,-0.7936372585381914,4.815692243548892,0.0,0.0,0.0,0.0,23.181288352337017,285.8013152543732,97058.80099673849,1.1830773713936167,338.902603355706
8.2,367.2052824097531,-21.96779703893551,-1.3301926382801883,4.67681211785462,0.0,0.0,0.0,0.0,22.499468677826826,285.76316566433655,96990.72610141337,1.1824054180151846,338.8799837487114
8.25,372.07988372552063,-17.50372116546233,-1.8034246130785412,7.640172696514931,0.0,0.0,0.0,0.0,19.18345208261234,285.7314807557841,96934.21630812902,1.1818475532338046,338.8611960247543
8.3,378.35968826565886,-17.682408484575348,0.31950932405205823,3.3126560486496284,0.0,0.0,0.0,0.0,17.992869313152738,285.6906620262732,96861.4557135034,1.181129169374823,338.83699082080517
8.35,384.151133730126,-19.95304224937266,1.0300691894000897,5.329165065302312,0.0,0.0,0.0,0.0,20.67812703881665,285.65301763075416,96794.39266853944,1.180466947941441,338.8146664406238
8.4,389.2148018718244,-18.619032193009996,-0.1537726690304938,6.364199843904347,0.0,0.0,0.0,0.0,19.677272308204596,285.6201037878331,96735.78785911822,1.179888176811587,338.79514623030906
8.45,394.71172909107196,-19.55764652746565,0.3818661196728088,4.014696431612384,0.0,0.0,0.0,0.0,19.96910480879512,285.584373760908,96672.20121537805,1.179260130468045,338.77395455273137
8.5,400.2603897753997,-17.729043183888017,-0.12471122228652548,6.012664481538471,0.0,0.0,0.0,0.0,18.721288931926793,285.5483074664599,96608.05046410007,1.1786264327736986,338.75256208853426
8.55,405.02509576613534,-18.110580424754993,1.1507369093325235,5.5117855402029,0.0,0.0,0.0,0.0,18.96568212844475,285.5173368775201,96552.99090555617,1.178082476382196,338.7341910273733
8.6,410.45149159010293,-16.889889641415287,0.026070991911967212,2.8438990625375467,0.0,0.0,0.0,0.0,17.127662236093652,285.48206530466433,96490.31600197044,1.1774632129817306,338.71326750510593
8.65,415.46477339538154,-16.632603176247343,-0.3393092170077848,5.09240816586887,0.0,0.0,0.0,0.0,17.39802402835068,285.44947897293,96432.44184838644,1.1768913157342904,338.693935751515
8.7,420.3852594536627,-15.161514515092017,1.6978039849144009,4.987013057342356,0.0,0.0,0.0,0.0,16.05068098233344,285.41749581355117,96375.66627985622,1.1763302109587872,338.67496075528203
8.75,424.86461236592334,-15.968235699535319,-0.037014229587723046,6.555249712670127,0.0,0.0,0.0,0.0,17.261437373653678,285.3883800196215,96324.00431354792,1.1758195885269742,338.6576859876139
8.8,430.0998980811517,-18.69574030911429,2.0528154735428763,4.069598081320427,0.0,0.0,0.0,0.0,19.243346528547075,285.3543506624725,96263.652328523,1.1752230087017839,338.63749482407854
8.85,434.8999012053314,-13.499817108299041,-1.146246724979355,9.081553256437358,0.0,0.0,0.0,0.0,16.31053503296435,285.32315064216533,96208.34515869859,1.1746762344223423,338.61898137666026
8.9,439.87495740795697,-15.242887991850207,-1.3259555091302948,3.620705761790983,0.0,0.0,0.0,0.0,15.72301823943961,285.29081277684827,96151.04812922019,1.174109725043298,338.59979168722475
8.95,443.83023487934287,-16.939595570808187,2.601531828873712,2.9931909485357924,0.0,0.0,0.0,0.0,17.39761644632919,285.2651034732842,96105.51546794128,1.1736594869728052,338.58453469231097
9.0,448.6443550279381,-13.42096937248442,-0.7321480524475992,5.1644467147856155,0.0,0.0,0.0,0.0,14.398957237860232,285.2338116923184,96050.11947650174,1.1731116631563105,338.56596389004017
9.05,452.8262140230394,-15.02259369351586,0.7987899642414998,4.957467881674347,0.0,0.0,0.0,0.0,15.839598305678972,285.2066296088502,96002.01989000101,1.1726359464222678,338.549831252223
9.1,457.8349155883151,-15.352551086565688,2.2885815187882894,2.809630836255653,0.0,0.0,0.0,0.0,15.774424099465161,285.17407304867595,95944.43566308962,1.172066364614992,338.53050783654845
9.15,461.7543641134318,-13.59241601972294,0.5045299094131629,3.0532991857370346,0.0,0.0,0.0,0.0,13.940263971687758,285.1485966332627,95899.39391032698,1.1716207986177711,338.5153859561029
9.2,466.2406138148448,-13.326889789634246,0.8700327845324064,3.6433830805977436,0.0,0.0,0.0,0.0,13.843308447882126,285.11943601020346,95847.85957469666,1.171110957277398,338.4980764338558
9.25,470.7803112804755,-12.335656634810226,-1.6055729439809525,6.335269887094906,0.0,0.0,0.0,0.0,13.960011949590614,285.0899279766769,95795.73410435944,1.1705952146428114,338.4805597903477
9.3,474.78991919394014,-12.284037969721611,1.0097094589497657,6.969709306422255,0.0,0.0,0.0,0.0,14.159588618638745,285.06386552523935,95749.71429226549,1.1701398385611392,338.46508776922315
9.35,478.9840230997744,-11.960721453616582,1.7798350545853643,4.8071626387963935,0.0,0.0,0.0,0.0,13.012896800803992,285.0366038498514,95701.59610634854,1.169663654077183,338.4489030697836
9.4,483.464591981242,-11.354014039536795,-0.3497818781449985,2.3738981222217586,0.0,0.0,0.0,0.0,11.604799630625479,285.0074801521219,95650.21299450798,1.1691551091199208,338.43161207064156
9.45,487.1324473915602,-13.376419267348725,1.245840580888862,3.8384870155294593,0.0,0.0,0.0,0.0,13.971925197955933,284.98363909195484,95608.16670195511,1.1687389331390765,338.4174567629216
9.5,490.8847984508757,-13.073001172818476,1.4159820609892713,2.8769140145575283,0.0,0.0,0.0,0.0,13.460497728862562,284.9592488100693,95565.16728609584,1.1683132870863044,338.4029747494879
9.55,495.31256807988586,-12.263647224697579,0.4990221550020711,1.7425737225969173,0.0,0.0,0.0,0.0,12.396879830897,284.93046830748074,95514.44817080781,1.167811177814031,338.385885194296
9.6,498.9746191147455,-12.416010180525674,-0.2513680689275534,2.251133020946884,0.0,0.0,0.0,0.0,12.62093873636153,284.90666497575415,95472.51666192875,1.167396025811443,338.37175037790365
9.65,503.0282561417658,-12.003454278788446,-0.04776861076843961,3.789385519100093,0.0,0.0,0.0,0.0,12.587479456805676,284.8803163350785,95426.1187670831,1.1669366129521905,338.35610342592906
9.7,507.1528043888187,-12.205547380556201,0.565199637078832,2.6926936155468777,0.0,0.0,0.0,0.0,12.51181187502287,284.85350677147267,95378.92796502716,1.1664693054547153,338.34018201545575
9.75,510.91349566396383,-10.230430353781559,1.43118892482403,3.215290536321115,0.0,0.0,0.0,0.0,10.818877030222229,284.8290622781842,95335.9166850429,1.1660433474059755,338.3256644975871
9.8,514.7008154987357,-9.772938285783662,3.549202755996057,5.809092661380652,0.0,0.0,0.0,0.0,11.910193973626653,284.80444469925817,95292.61672668044,1.1656144935252113,338.3110435550263
9.85,518.266859101747,-12.38401635964471,0.01899835755525403,2.2512599078867286,0.0,0.0,0.0,0.0,12.586993020828913,284.7812654158386,95251.8611493951,1.1652108059737414,338.29727627142233
9.9,521.8473704071736,-10.871067767018806,0.5720308899533257,4.065574686174378,0.0,0.0,0.0,0.0,11.620509079340625,284.75799209235333,95210.95442519657,1.1648055882513424,338.2834525692234
9.95,525.6177264680649,-9.830066326919221,-1.3942669355418702,2.2651378074595803,0.0,0.0,0.0,0.0,10.183566839077518,284.73348477795753,95167.8941352407,1.1643790017445226,338.268895300348
10.0,529.0765493357192,-9.167024226426555,1.4817299329701563,3.4418354563982048,0.0,0.0,0.0,0.0,9.903337218890961,284.71100242931783,95128.40565762938,1.1639877679235209,338.25554030388025
10.05,532.9337067178241,-9.96256969115882,2.3429357937181683,2.4980524611952437,0.0,0.0,0.0,0.0,10.534818891825607,284.68593090633414,95084.38514757736,1.163551596368499,338.2406466605226
10.1,536.1485424075903,-8.533102390125766,0.6511772824408929,3.635586037073796,0.0,0.0,0.0,0.0,9.2981371299042,284.66503447435065,95047.70785515466,1.1631881547985035,338.22823271307095
10.15,539.6441444882132,-7.55527473264161,1.2770433808863946,3.4332055395696375,0.0,0.0,0.0,0.0,8.396422831140066,284.6423130608266,95007.84036727778,1.162793070768381,338.2147340814034
10.2,543.326533378843,-10.479906496471946,-1.1313239590697075,-0.49590200062639045,0.0,0.0,0.0,0.0,10.552452457575221,284.6183775330375,94965.85721447018,1.1623769865464089,338.2005135702809
10.25,546.5403784694745,-9.835863013127469,1.7273978707439277,3.045322211096292,0.0,0.0,0.0,0.0,10.440406696401057,284.5974875399484,94929.2282376102,1.1620139375963376,338.18810197533423
10.3,549.5038960498796,-10.429197866261838,-0.6131031642208438,1.8265346904634863,0.0,0.0,0.0,0.0,10.605672661320668,284.57822467567576,94895.46244341326,1.1616792435377448,338.17665672014357
10.35,553.1235513850933,-8.041381187438635,0.8426757011053564,4.381315966406776,0.0,0.0,0.0,0.0,9.196186347416864,284.5546969159969,94854.23392596966,1.1612705465817017,338.16267690215557
10.4,556.1916430636333,-8.411326034063107,0.9552144477668079,3.776305985466399,0.0,0.0,0.0,0.0,9.269483652739217,284.53475432008634,94819.2991750704,1.1609242130761308,338.15082687849974
10.45,559.4399818835182,-9.016609025868402,0.6873875497654715,1.7837964562653381,0.0,0.0,0.0,0.0,9.217031505117518,284.5136401177571,94782.3233997971,1.160557618968883,338.1382802258908
10.5,562.624913169329,-6.552883816445506,1.741028033904481,4.873634522359611,0.0,0.0,0.0,0.0,8.350076549601813,284.4929380643993,94746.08072812062,1.160198266766447,338.12597803176874
10.55,565.764227361956,-7.529258459952851,1.6073104501392501,3.8100924870202495,0.0,0.0,0.0,0.0,8.590109696595647,284.4725325221473,94710.36813507689,1.1598441447996801,338.1138516013139
10.6,568.8554239974019,-7.9757877801504415,1.6717640414984651,2.998382796375389,0.0,0.0,0.0,0.0,8.683218592091546,284.4524397440169,94675.2135750581,1.1594955314103088,338.1019106126555
10.65,571.8809503992156,-8.713375413198184,0.49145578599816875,3.087736125598052,0.0,0.0,0.0,0.0,9.25735136322701,284.43277382240507,94640.8160806319,1.1591544016911943,338.09022289325367
10.7,574.5700946955214,-8.085535843696862,-0.09554553448560404,2.6461051961256645,0.0,0.0,0.0,0.0,8.50804863278473,284.41529438447907,94610.25144114031,1.158851263689296,338.0798342910896
10.75,577.3156288769298,-7.050540713598613,1.5894940943349392,3.5675467399401533,0.0,0.0,0.0,0.0,8.060025159495154,284.3974484122999,94579.05412445046,1.158541831622573,338.0692275162751
10.8,580.6881079795261,-7.43512273505334,0.9840184462727698,2.8641624902514744,0.0,0.0,0.0,0.0,8.028248199855039,284.3755272981331,94540.7442764624,1.1581618270096494,338.0561982205041
10.85,582.7470870813416,-6.513647222545031,1.3766960086129476,3.9784145674217686,0.0,0.0,0.0,0.0,7.755686591796574,284.36214393397125,94517.3613767239,1.1579298719950664,338.04824327711725
10.9,586.425228116333,-5.604222210311101,2.2063420553726694,4.082756526320784,0.0,0.0,0.0,0.0,7.276273270092685,284.3382360172438,94475.60203809511,1.1575155981773066,338.03403217464626
10.95,588.8023677111519,-6.31720969049079,1.9963530757206072,2.763400326496111,0.0,0.0,0.0,0.0,7.178366474418026,284.3227846098775,94448.62141388532,1.1572479181754893,338.0248473872468
11.0,591.9981554823003,-7.187083467673869,1.7348593848106428,2.447994057111123,0.0,0.0,0.0,0.0,7.788233481350439,284.30201198936504,94412.35893449171,1.1568881281709125,338.0124991152933
11.05,594.7099641872788,-6.038898914467158,1.9807496219868197,2.278073445717676,0.0,0.0,0.0,0.0,6.751391544580832,284.28438523278265,94381.59698942325,1.1565828928971222,338.00202054647303
11.1,597.1431290462481,-6.541690016337805,1.1276468618062194,1.6331016942274443,0.0,0.0,0.0,0.0,6.836103923908975,284.26856966119936,94354.00280506213,1.1563090736107802,337.9926183953522
11.15,599.7370602788579,-7.589468984555035,-0.2572331817500091,0.6829033222839824,0.0,0.0,0.0,0.0,7.624471478397868,284.2517091081874,94324.5925863943,1.1560172168978762,337.98259472834883
11.2,602.4025899031616,-7.814667448276237,0.12268898843077256,1.2723442409742682,0.0,0.0,0.0,0.0,7.918518787157784,284.2343831656294,94294.37831255341,1.1557173629920297,337.9722940756705
11.25,604.9138946719938,-4.760350464228974,1.6871696162658139,3.0377213557852345,0.0,0.0,0.0,0.0,5.8936600590574635,284.218059684632,94265.91937645107,1.1554349127722245,337.9625891211379
11.3,607.4460987149639,-5.535721132721068,1.3887343174869509,2.9481873136857453,0.0,0.0,0.0,0.0,6.423752789483585,284.2016003583527,94237.23064531406,1.1551501654533696,337.952803119032
11.35,610.1637273228297,-6.073487872771324,1.3630750143040322,2.368899813453939,0.0,0.0,0.0,0.0,6.660098705087064,284.1839357724016,94206.44900320838,1.1548446268000105,337.9423002064924
11.4,612.7566489103997,-5.1086225099455715,1.242168806013968,1.8845871487044001,0.0,0.0,0.0,0.0,5.585040377008794,284.1670817820824,94177.08746471495,1.1545531663978263,337.932278949149
11.45,614.7261963240197,-6.300659272196109,0.9476777563498203,0.5857428875941254,0.0,0.0,0.0,0.0,6.398397856069763,284.15427972389386,94154.78979809773,1.1543318147132782,337.92466674192525
11.5,617.6216574701058,-5.514767050255569,1.800647208089267,1.6110698186977694,0.0,0.0,0.0,0.0,6.020841465053124,284.1354592264443,94122.01742637747,1.1540064612371137,337.9134756107415
11.55,619.6727744336054,-5.758776056576458,1.722152483138058,1.6230547546742904,0.0,0.0,0.0,0.0,6.226043493395119,284.12212696618155,94098.80738158173,1.1537760264032497,337.9055476962451
11.6,621.8544142712745,-6.409262006990786,1.7164984351674735,1.3444709431137827,0.0,0.0,0.0,0.0,6.769978468877519,284.1079463072367,94074.12545157585,1.153530966478782,337.89711508459084
11.65,624.3781350782349,-6.188283069772745,2.0447778343418057,1.2727229123961712,0.0,0.0,0.0,0.0,6.640465898955415,284.09154212199144,94045.57993668519,1.153247530853463,337.88735997750007
11.7,626.4598475941053,-6.528442690352839,0.9133862719409904,0.36912346332099144,0.0,0.0,0.0,0.0,6.602354926400561,284.0780109906383,94022.03920567066,1.1530137766757043,337.8793131826922
11.75,629.124747177603,-5.248975148042693,2.2229643794559872,1.5179827524416263,0.0,0.0,0.0,0.0,5.898947564931411,284.06068914334554,93991.9105558629,1.1527145896958289,337.86901181676353
11.8,630.7970273371207,-4.774757667631569,2.278683788480098,1.3201288847542074,0.0,0.0,0.0,0.0,5.452838789552728,284.0498193223087,93973.00819113158,1.1525268739470578,337.86254733405445
11.85,633.2381480279571,-5.335887327004678,1.3004061135330074,0.7023724293573052,0.0,0.0,0.0,0.0,5.536792993793829,284.03395203781827,93945.42088059236,1.1522528967776684,337.8531105457489
11.9,635.7799449378334,-6.207778159697558,-0.6490395886372211,0.1307926316355743,0.0,0.0,0.0,0.0,6.24298556622763,284.01743035790406,93916.70278909225,1.1519676732496806,337.84328428715423
11.95,637.5385330991838,-5.053769584255452,1.100743059849022,1.8328644474201679,0.0,0.0,0.0,0.0,5.4874050677135315,284.0059995348553,93896.83781888426,1.1517703678085713,337.8364856451598
12.0,639.4715507959252,-4.811839181769895,0.453989865384237,0.9775779614109641,0.0,0.0,0.0,0.0,4.931081197843328,283.9934349198265,93875.00642219957,1.151553522010261,337.82901250666833
12.05,641.0554213514289,-4.488466289078239,0.993187195362248,1.41188231607425,0.0,0.0,0.0,0.0,4.808966844101391,283.9831397612157,93857.12133810266,1.1513758667970575,337.82288906443233
12.1,643.228317276961,-4.606319643790886,0.743863285202714,1.2227887505285826,0.0,0.0,0.0,0.0,4.823559430157944,283.96901593769974,93832.58946212557,1.1511321775299255,337.8144881956418
12.15,644.9934154461891,-4.532627772422905,0.5935675123453061,0.8623431150889368,0.0,0.0,0.0,0.0,4.651953628658879,283.95754279959976,93812.66542257322,1.1509342516381564,337.8076638042351
12.2,647.4566312397703,-5.5536504171350405,0.9142836536471102,0.6298748743822798,0.0,0.0,0.0,0.0,5.663540404415652,283.94153189694146,93784.86691105396,1.1506580871865408,337.79814005323334
12.25,649.21924125562,-4.597900683371776,1.0036519118409952,0.7738292598431049,0.0,0.0,0.0,0.0,4.769362596582698,283.9300749318385,93764.97914907328,1.1504605025589905,337.7913249520448
12.3,651.2368423017673,-4.733549970597575,1.2275184485112882,-0.0998252690566272,0.0,0.0,0.0,0.0,4.891141170516558,283.91696052503846,93742.218481434,1.1502343658705547,337.7835237636632
12.35,653.2230170692969,-5.209862514333245,0.914462495044123,0.20230083108496874,0.0,0.0,0.0,0.0,5.293376493255955,283.90405038904953,93719.81670535974,1.1500117847179692,337.77584391108746
12.4,655.0791212703181,-4.7394695118536205,0.12110161750583293,-0.2727636449244792,0.0,0.0,0.0,0.0,4.748856374069973,283.8919857117429,93698.88589479098,1.149803809741082,337.76866683867837
12.45,656.8644731766896,-4.93022634125479,0.7950297428503997,-0.06295586276953277,0.0,0.0,0.0,0.0,4.994313517259045,283.88038092435147,93678.75651133637,1.1496037896525453,337.76176320310316
12.5,658.6839030938497,-4.9656526635249385,1.0901817469599937,0.371215236062851,0.0,0.0,0.0,0.0,5.097450673391775,283.86855462988996,93658.24650975541,1.1493999790565355,337.7547276487982
12.55,660.3101437842697,-4.821518491236086,0.013847326483168942,0.037441449481262046,0.0,0.0,0.0,0.0,4.821683748642323,283.8579840654022,93639.91736207853,1.1492178327085374,337.74843901395485
12.6,661.9947000700296,-4.375141458712096,-0.054241464579678045,-0.1460021967941872,0.0,0.0,0.0,0.0,4.377912923036488,283.84703444954476,93620.93400968963,1.1490291780342852,337.74192475059795
12.65,663.3754221516809,-3.4114830753982863,0.39020073668176075,-0.06378521841378049,0.0,0.0,0.0,0.0,3.4343182646231307,283.83805975601405,93605.37690468771,1.1488745676406633,337.73658533559757
12.7,665.9096869298845,-3.896238778506293,1.1534319189899835,1.1826149060185105,0.0,0.0,0.0,0.0,4.231980603313099,283.8215870349557,93576.82785578116,1.1485908273459016,337.72678481538543
12.75,666.2903418726154,-4.945641008337575,-0.06293728373385782,-0.18022327116781978,0.0,0.0,0.0,0.0,4.94932384397147,283.81911277782797,93572.54030342722,1.1485482132476035,337.72531272030193
12.8,668.8911899337812,-3.5829930676917843,0.35368833311449355,0.12166330584453859,0.0,0.0,0.0,0.0,3.6024625910754042,283.8022072654304,93543.24959735133,1.1482570821919902,337.71525436935553
12.85,670.3440512184922,-5.162033330633959,-0.11137937853509244,-0.3771506244165056,0.0,0.0,0.0,0.0,5.1769910243341695,283.7927636670798,93526.8907308795,1.1480944778783406,337.70963553752705
12.9,671.3882942188175,-4.048879789494842,0.4946839247441637,0.39878235195709805,0.0,0.0,0.0,0.0,4.098434713328068,283.78597608757764,93515.13423833156,1.147977617026562,337.70559694845866
12.95,672.7335534453265,-4.52783103281997,-0.15579948046235248,-0.15183619296664955,0.0,0.0,0.0,0.0,4.533054331173905,283.77723190260537,93499.99055221467,1.147827082972253,337.70039411392463
13.0,674.3712258000083,-3.826901090599784,-0.6241830737292073,-0.014623775710099762,0.0,0.0,0.0,0.0,3.8774979460445724,283.7665870322999,93481.55782930955,1.1476438483698421,337.6940602537604
13.05,675.8558914640504,-3.919085594181601,-0.0810214387444591,0.6296766059241634,0.0,0.0,0.0,0.0,3.9701749326832125,283.75693670548367,93464.8498070783,1.147477752600466,337.68831805946843
13.1,677.2199715206322,-3.308591997003992,-1.1387351272704787,0.052818347497898155,0.0,0.0,0.0,0.0,3.499469741339534,283.74807018511586,93449.50095389629,1.1473251634594162,337.683042164235
13.15,678.2067875293325,-4.212696028977655,-0.7339761417721253,0.14268773643934796,0.0,0.0,0.0,0.0,4.278538138124397,283.74165588105933,93438.3984102464,1.1472147856222585,337.67922537361005
13.2,679.8392421481309,-3.441633890395826,-0.30876922206277363,0.5337552755087549,0.0,0.0,0.0,0.0,3.49643775322081,283.7310449260371,93420.0342121986,1.1470322093281273,337.6729112979401
13.25,681.3143319471452,-4.492732223765255,-0.20230842847416242,0.7563410707904287,0.0,0.0,0.0,0.0,4.56044113546648,283.7214568423435,93403.4427936845,1.1468672520821646,337.6672057829019
13.3,682.6106182325855,-3.952213727431042,-2.1603731291352823,-0.8875969173922712,0.0,0.0,0.0,0.0,4.590755242021557,283.71303098148815,93388.86447941125,1.146722305167898,337.66219178423074
13.35,684.1977441929258,-3.7049652902154033,2.720775421195076,2.4834825718741396,0.0,0.0,0.0,0.0,5.2246600252153,283.70271466274596,93371.01782857649,1.1465448565024179,337.6560527245406
13.4,685.5613161243566,-3.9521038563868314,-5.292299927740311,-3.1601429137116623,0.0,0.0,0.0,0.0,7.32216270318475,283.6938514451917,93355.68716664232,1.1463924190796408,337.6507782906463
13.45,686.1366772092674,-3.228611928580897,7.5350314916321555,6.2252562416915485,0.0,0.0,0.0,0.0,10.293417791966998,283.69011159813977,93349.21898387902,1.1463281025474263,337.6485527111651
13.5,687.8946023139075,-3.290428900151537,-15.386759833000095,-14.297826109991583,0.0,0.0,0.0,0.0,21.260459354796044,283.67868508495957,93329.4587190998,1.1461316106230255,337.6417527129793
13.55,689.7344746283329,-7.59359210674792,90.82805654064504,-61.30962894883165,0.0,0.0,0.0,0.0,109.84657071514656,283.6667259149158,93308.78094005705,1.1459259866540599,337.63463558027814
13.6,691.6698145325138,18.120925227844918,37.56610702798454,1.7630029984157205,0.0,0.0,0.0,0.0,41.74552081269988,283.6541462055386,93287.03423264195,1.1457097236938305,337.6271489907466
13.65,692.3800465784216,-6.457105513896949,-3.8470571898499686,-14.283796075292555,0.0,0.0,0.0,0.0,16.14065955777885,283.6495296972402,93279.05464410824,1.145630367232413,337.62440151658166
13.7,692.4873966974185,15.064719248497706,11.686624713727985,-13.88332661509794,0.0,0.0,0.0,0.0,23.585370913705425,283.64883192146675,93277.84859372981,1.1456183730316485,337.6239862395441
13.75,691.9696199966414,-0.712664530425548,32.211710423482295,-38.3000035169319,0.0,0.0,0.0,0.0,50.049899585675504,283.6521974700218,93283.66579533048,1.1456762249730115,337.62598922073175
13.8,692.2505334010696,-34.8340122239311,52.910947944766626,-41.40100359197803,0.0,0.0,0.0,0.0,75.6770765717979,283.650371532893,93280.50970742991,1.145644837833769,337.6249025293065
13.85,691.3581333591414,-16.415102585615077,33.89641308891106,21.754092762995064,0.0,0.0,0.0,0.0,43.49325194936983,283.65617213316557,93290.53620283565,1.145744550139771,337.62835469663275
13.9,690.6883380137966,21.027202907613567,43.80657018830259,17.95571441846196,0.0,0.0,0.0,0.0,51.80315177726154,283.6605258029103,93298.0622127364,1.1458193940747645,337.63094571501523
13.95,690.8923009087961,16.734237661915536,31.156238809486908,33.06357284133158,0.0,0.0,0.0,0.0,48.41431375030828,283.6592000440928,93295.7703759149,1.1457966025593584,337.63015671251816
14.0,693.4294015461312,18.368567736928473,28.497764501064935,36.773610579316404,0.0,0.0,0.0,0.0,50.01824964254045,283.64270888995014,93267.26595831802,1.1455131271960315,337.62034213240804
14.05,699.361700419385,5.390829500454578,34.49871190393742,43.14310045390023,0.0,0.0,0.0,0.0,55.50269617333172,283.604148947274,93200.64388663374,1.1448505088953274,337.5973923735801
14.1,706.3631053999414,2.818825413148231,22.587350913181876,33.96599023592279,0.0,0.0,0.0,0.0,40.88792842260208,283.55863981490035,93122.06491174486,1.144068852256948,337.57030465136296
14.15,709.919899270859,11.232298544745486,43.89604272113249,31.631693752538204,0.0,0.0,0.0,0.0,55.259308236967144,283.5355206547394,93082.1664469345,1.1436719181629964,337.55654294580063
14.2,709.1819972072245,17.12459751522151,38.81429122275902,22.361306595673657,0.0,0.0,0.0,0.0,47.95653319256091,283.540317018153,93090.44275201892,1.143754258519391,337.5593980325317
14.25,706.6907663278313,2.2729529529093386,34.10671858376778,16.92071303653428,0.0,0.0,0.0,0.0,38.141120819179015,283.55651001886906,93118.3887843531,1.1440322812685735,337.56903691138933
14.3,706.4750771375584,-1.747836592651528,33.04428960395317,3.3299007190072087,0.0,0.0,0.0,0.0,33.25760434822364,283.55791199860585,93120.80865362108,1.1440563547336662,337.56987142646443
14.35,706.890600448752,-3.460635788877884,35.14289488904769,1.6767781468747842,0.0,0.0,0.0,0.0,35.352661090782874,283.5552110970831,93116.14684239107,1.1440099777626287,337.56826373873594
14.4,707.7752333822742,-2.422521269178155,18.594803033243153,-17.924525542898365,0.0,0.0,0.0,0.0,25.940777264429553,283.5494609830152,93106.2226574134,1.1439112477893953,337.56484100872285
14.45,710.5880737480848,-4.084020108015948,11.701921575162265,-0.8915909407391926,0.0,0.0,0.0,0.0,12.42614675591492,283.5311775206374,93074.67272007224,1.1435973624187195,337.55395762784144
14.5,714.3902181148951,0.8719263717801203,-8.331513454838332,-18.432325904905653,0.0,0.0,0.0,0.0,20.24660490824607,283.50646358225316,93032.04011519288,1.1431731851678644,337.5392458956441
14.55,716.8072938806665,8.185246852377885,-4.323260196421609,-52.58930237357486,0.0,0.0,0.0,0.0,53.397786179762285,283.49075258977564,93004.94620078875,1.1429035924099855,337.52989311060014
14.6,715.6741454509533,0.9066898319924763,5.49845436156618,-3.9205953660902773,0.0,0.0,0.0,0.0,6.813674107430825,283.4981180545688,93017.64729348625,1.1430299740379526,337.5342778186974
14.65,713.439022447269,2.404755774741807,-2.747801165816576,-26.90478911271307,0.0,0.0,0.0,0.0,27.151444506371675,283.51264635409274,93042.70417869125,1.143279291773208,337.542926440948
14.7,711.4224230889224,6.492443994105676,16.656746007044184,-0.3311511433602237,0.0,0.0,0.0,0.0,17.880399258392693,283.525754249922,93065.31599064964,1.1435042698956523,337.55072931400423
14.75,709.9659099533576,3.7844308515270497,10.952397313982761,-7.62248726917544,0.0,0.0,0.0,0.0,13.870084208903283,283.53522158530313,93081.65041113226,1.1436667841142587,337.5563649207133
14.8,708.8979125373716,3.3846552449779344,10.424037957949729,-2.727486475543447,0.0,0.0,0.0,0.0,11.294053344588283,283.5421635685071,93093.6292028149,1.1437859599148836,337.5604972049839
14.85,709.6311656833643,2.5000211775008596,8.539148934442668,-9.150255531747993,0.0,0.0,0.0,0.0,12.76300696187348,283.5373974230581,93085.40481014675,1.1437041365685745,337.55766011513407
14.9,710.2435382421945,3.0358187296689074,10.459266553548382,-3.8338780382207647,0.0,0.0,0.0,0.0,11.546041443262531,283.53341700142573,93078.53670216148,1.1436358056572509,337.55529071599955
14.95,710.6011266329511,0.8144830388427999,9.547957082167395,-5.501450778816843,0.0,0.0,0.0,0.0,11.049562332292513,283.5310926768858,93074.52633390123,1.1435959059985221,337.5539071230847
15.0,710.808117754474,-0.8069217607474293,6.821770435956819,-2.7448677568587874,0.0,0.0,0.0,0.0,7.397430203219575,283.5297472345959,93072.20498404089,1.143572810447039,337.5531062235497
15.05,709.8383775232509,-0.8695128315310146,7.849138336929595,-1.4690665640671996,0.0,0.0,0.0,0.0,8.03263230616933,283.53605054609886,93083.08076508559,1.1436810147161178,337.55685837049845
15.1,709.5922521116878,-2.8521809433100747,5.716956136963581,-3.3230514398694604,0.0,0.0,0.0,0.0,7.201471688298524,283.537650361274,93085.84126194395,1.14370847880176,337.557810679423
15.15,708.9139114045453,-3.217690864283376,6.01854635794628,-3.9948319354563497,0.0,0.0,0.0,0.0,7.907914829674322,283.54205957587044,93093.44974832419,1.1437841745616282,337.56043530271
15.2,708.7194112984554,-2.8803890900407847,4.187621013618334,-2.5726648894705084,0.0,0.0,0.0,0.0,5.696614406578536,283.54332382656,93095.63141662821,1.1438058794552983,337.56118785514974
15.25,708.7353730068564,0.18287874384723113,3.429407092039026,0.17145251913704318,0.0,0.0,0.0,0.0,3.4385569072209856,283.5432200754554,93095.4523758179,1.1438040982249476,337.56112609677564
15.3,709.1363658054016,-0.7899353417670691,4.1580337461123325,-1.0670061412496148,0.0,0.0,0.0,0.0,4.3648304186355285,283.54061362226486,93090.95457310865,1.1437593505443975,337.55957458851555
15.35,709.2100906427481,-1.9309248325814912,3.6143932472672473,-1.195440403111972,0.0,0.0,0.0,0.0,4.268651662101682,283.54013441082213,93090.12764530524,1.1437511235711564,337.5592893340029
15.4,709.598566986089,-1.1993798292688775,3.7723473028069314,-1.4967367988992308,0.0,0.0,0.0,0.0,4.23194248460809,283.5376093145904,93085.77043465807,1.143707774145534,337.55778624593216
15.45,709.5960350148431,-1.4940470877457943,4.067260256290776,-0.7826676071467459,0.0,0.0,0.0,0.0,4.403107002570004,283.5376257724035,93085.79883310382,1.143708056679902,337.55779604262705
15.5,709.3721692875243,-2.13269941869894,3.5044595991515637,-2.03647277371104,0.0,0.0,0.0,0.0,4.580050791276301,283.5390808996311,93088.30972612329,1.143733037333367,337.55866222204213
15.55,709.0171377426079,-4.973889318377514,3.407925314143197,-3.291311877236868,0.0,0.0,0.0,0.0,6.869225849503597,283.54138860467305,93092.2918962098,1.1437726553298806,337.56003590259314
15.6,709.1302893211479,-2.192351024485639,4.155211456582706,-0.8308497043551073,0.0,0.0,0.0,0.0,4.771005815832377,283.5406531194125,93091.02272969636,1.143760028622832,337.5595980995035
15.65,709.3354443172549,-5.123054160264211,0.1580722778671078,-4.648969068323835,0.0,0.0,0.0,0.0,6.919796541247605,283.5393196119378,93088.72164109047,1.1437371354268486,337.55880431778024
15.7,710.596778552168,2.6361843473859174,3.289913843062483,-0.45007350906778615,0.0,0.0,0.0,0.0,4.2397602729094555,283.53112093941087,93074.57509696265,1.143596391150324,337.55392394685776
15.75,712.2050243128725,-8.726435341449355,-10.429138667639446,-8.222420592893338,0.0,0.0,0.0,0.0,15.89106061670476,283.5206673419663,93056.54027772401,1.143416956437791,337.5477011989802
15.8,713.4073365183403,3.1169551323024858,1.2435513015003434,2.3338736186151583,0.0,0.0,0.0,0.0,4.087639319205868,283.51285231263074,93043.05943363292,1.1432828264925192,337.5430490454172
15.85,713.1557741768867,-50.23372742418866,-34.72237328707947,-30.905747904461577,0.0,0.0,0.0,0.0,68.4414774179306,283.5144874678502,93045.8799285014,1.1433108897905586,337.54402243071195
15.9,712.4844969511465,-12.745289514392626,-1.7745608856771322,-3.005938225506684,0.0,0.0,0.0,0.0,13.214656096857915,283.5188507698175,93053.40656863376,1.143385777397399,337.54661983030815
15.95,711.2158401376012,-20.728556105293187,-44.35751008452776,-25.211152939372557,0.0,0.0,0.0,0.0,55.0714442487366,283.52709703910557,93067.63262408816,1.1435273188472657,337.5515286398587
16.0,709.8833988876988,-16.78602736117266,-25.989754392587333,-21.871265953500377,0.0,0.0,0.0,0.0,37.88918476776446,283.53575790722994,93082.5758210037,1.143675991028535,337.55668417345623
16.05,708.3001401382865,-0.1447511735070416,2.5355683847550954,-3.2257617095812496,0.0,0.0,0.0,0.0,4.10555703199965,283.54604908910113,93100.33443714066,1.1438526683470056,337.56281007752773
16.1,706.8193029954738,-4.399545205207978,-6.39597112655809,-6.6264210996359605,0.0,0.0,0.0,0.0,10.206561676398861,283.5556745305294,93116.94672456005,1.1440179352402513,337.56853959393766
16.15,705.9027016448312,-0.2867283062014925,0.5606452653822745,-5.353819962810281,0.0,0.0,0.0,0.0,5.390725779462225,283.5616324393086,93127.23051976979,1.1441202404882522,337.5720859733295
16.2,706.2798027255001,-6.053479284691835,-3.8462577804963765,-10.260449936558338,0.0,0.0,0.0,0.0,12.518591904237557,283.5591812822842,93122.99952846652,1.1440781500022719,337.57062695369626
16.25,706.2655445146634,4.86245572432702,5.378016035148506,4.251027556772646,0.0,0.0,0.0,0.0,8.404627739156297,283.55927396065465,93123.15949962923,1.1440797414241162,337.57068211941674
16.3,706.44963370251,-5.146644764693456,-1.7835234274482135,-8.732315304091683,0.0,0.0,0.0,0.0,10.29185302655829,283.55807738093364,93121.09411303914,1.1440591945475498,337.56996986858263
16.35,705.9835168394166,5.84219918318722,2.3943045500767317,-6.805104341464589,0.0,0.0,0.0,0.0,9.282964541178199,283.56110714054375,93126.32377793117,1.1441112201258103,337.5717732965396
16.4,706.8875507694728,14.440602858370488,1.9825050450626645,-6.8695860606159185,0.0,0.0,0.0,0.0,16.11373792175749,283.5552309199984,93116.18105645967,1.1440103181351347,337.56827553817874
16.45,707.5862762902453,3.9297473577214452,0.9203970829776351,-3.6256697980383574,0.0,0.0,0.0,0.0,5.425451738821379,283.5506892041134,93108.34238575096,1.1439323359080942,337.5655721048239
16.5,706.366140529318,0.9675845690533409,7.5730102439463565,-3.2994615498589517,0.0,0.0,0.0,0.0,8.317039772189636,283.5586200865594,93122.03085916805,1.1440685134950865,337.57029290828547
16.55,704.9709685781094,0.5773584132519399,8.73513739143398,-1.8408070468976412,0.0,0.0,0.0,0.0,8.945643552505814,283.56768870424224,93137.68502757272,1.1442242418159838,337.5756908599519
16.6,702.9265548442443,-0.4749933285210483,8.389928884570349,-1.7875562951023554,0.0,0.0,0.0,0.0,8.591384222489843,283.5809773935124,93160.62769547079,1.144452467436953,337.5836005867744
16.65,700.6455877059509,1.1762747447422293,9.583875360528934,-1.365834885473095,0.0,0.0,0.0,0.0,9.751912332237575,283.5958036799113,93186.23039629759,1.144707141508535,337.59242530727187
16.7,698.3784613067617,-1.3147184180757863,11.069754995245876,-0.40302773778534356,0.0,0.0,0.0,0.0,11.15483713601517,283.610540001506,93211.68338728508,1.1449603131970074,337.60119625144284
16.75,696.9291115038593,-2.557959441756223,9.821629842424251,0.0942007393725437,0.0,0.0,0.0,0.0,10.149701623524052,283.6199607752249,93227.95816340325,1.1451221856102787,337.6068033033985
16.8,696.748263055247,-5.519251398607271,10.362767037118084,-0.04907941783588686,0.0,0.0,0.0,0.0,11.741017224068132,283.6211362901409,93229.9890754808,1.1451423851199793,337.60750293931403
16.85,697.3049669252703,-3.9581289722355826,6.838518942598821,0.4992989945128792,0.0,0.0,0.0,0.0,7.917160209005195,283.6175177149857,93223.73745486677,1.145080206054471,337.60534925282406
16.9,698.9757284282499,-7.550676271080533,6.476954915730317,-1.8342322278102716,0.0,0.0,0.0,0.0,10.115733537247785,283.60665776521637,93204.97733296972,1.1448936117783897,337.59888559666115
16.95,701.4112452964847,-16.228092266962218,17.6150394774715,4.100448173698196,0.0,0.0,0.0,0.0,24.299264796349355,283.59082690557284,93177.63564246695,1.144621649631809,337.58946311836
17.0,705.0851532188238,-11.156216402450157,5.574679670027287,1.424072390147817,0.0,0.0,0.0,0.0,12.552537592618267,283.56694650407763,93136.40376809496,1.1442114959803305,337.57524908025124
17.05,706.718544145146,-5.904129389304065,2.0002695139308213,2.384047486765287,0.0,0.0,0.0,0.0,6.674092027621204,283.55632946305656,93118.07714199381,1.144029180963738,337.56892943711296
17.1,705.0471715182362,-0.7805624530313912,-3.126312942140114,2.709772228316891,0.0,0.0,0.0,0.0,4.2102227832541885,283.5671933851314,93136.82995705228,1.1442157356673308,337.5753960312907
17.15,704.0549869609921,1.3809211482862338,4.109933794253365,2.571652389796214,0.0,0.0,0.0,0.0,5.041021228369765,283.57364258475354,93147.9637226365,1.1443264919951752,337.5792347664988
17.2,702.3601362535669,5.884753012620609,7.110831380703298,-2.4076125628293346,0.0,0.0,0.0,0.0,9.538911845542748,283.5846591143518,93166.98492559811,1.1445157050424573,337.5857919970634
17.25,700.8711045364499,8.766555013900248,1.4966492798163702,15.530007975460865,0.0,0.0,0.0,0.0,17.896189359648396,283.59433782051303,93183.6988303216,1.1446819602187706,337.59155282668075
17.3,700.8316741421326,-1.833229738136747,-0.12753203621786294,-12.599826038812362,0.0,0.0,0.0,0.0,12.733130483168104,283.5945941180761,93184.14145688071,1.1446863630000992,337.5917053753413
17.35,700.648646279245,2.601543326811672,-5.799655329167669,-1.3901939612690382,0.0,0.0,0.0,0.0,6.5066634205535925,283.59578379918486,93186.19606154709,1.1447067999843143,337.592413474264
17.4,699.3940841421129,5.9056780573862815,-6.702851029847685,11.078844314704268,0.0,0.0,0.0,0.0,14.231866939909152,283.60393845307624,93200.28031035226,1.1448468925447692,337.59726708926087
17.45,698.3198757310773,4.171971510252365,-4.449675707948099,5.676694440380351,0.0,0.0,0.0,0.0,8.332455817927029,283.61092080774796,93212.34120119338,1.1449668560594783,337.60142290134036
17.5,697.1516877540355,3.323840432618635,-1.576738218550456,7.065232192303337,0.0,0.0,0.0,0.0,7.965646525079274,283.61851402959877,93225.45870098211,1.1450973257705157,337.6059422360259
17.55,695.8601559221499,0.888360357853031,1.1426508300018903,5.149888219312248,0.0,0.0,0.0,0.0,5.349409660525155,283.626908986506,93239.96295995,1.1452415844455053,337.6109386770624
17.6,695.2523840339192,8.52323122236007,-6.044898387790362,6.4006064865225,0.0,0.0,0.0,0.0,12.253735364526115,283.6308595037795,93246.78903824685,1.1453094748204589,337.6132898876818
17.65,694.8723648297129,10.972429864720848,-7.801541255449834,6.313249673895957,0.0,0.0,0.0,0.0,14.869949043007885,283.6333296286068,93251.0573597242,1.145351925939981,337.61476001183394
17.7,694.2576359143147,5.903658326910859,-3.6553142948495694,7.703155403401478,0.0,0.0,0.0,0.0,10.37078142687372,283.6373253665569,93257.96224213726,1.1454205985198482,337.6171381092172
17.75,694.3240016234862,-0.5424723582495565,-5.72672407102259,5.6467197825198525,0.0,0.0,0.0,0.0,8.060712694755685,283.63689398944734,93257.21677586611,1.145413184523878,337.61688137227264
17.8,694.6173018878605,0.4344963702522998,-8.783817168564235,6.8414478066766655,0.0,0.0,0.0,0.0,11.142245699947887,283.6349875377289,93253.92227901977,1.1453804191420645,337.61574673256445
17.85,694.7870508597434,-1.1292916469140604,-13.638397389312349,4.1051589847490595,0.0,0.0,0.0,0.0,14.287529991662579,283.63388416941166,93252.01561580675,1.1453614563436323,337.6150900525056
17.9,694.7506979130391,-5.312090068774154,-10.497647256809836,4.73045475458597,0.0,0.0,0.0,0.0,12.68054024923075,283.63412046356524,93252.42393860545,1.1453655173412483,337.61523068530687
17.95,693.3856197152274,-5.040396296137007,-6.700771123845386,4.928158757173944,0.0,0.0,0.0,0.0,9.725876680905534,283.642993471851,93267.75778897124,1.1455180185731617,337.62051150149745
18.0,693.0043844276664,-5.607703275586153,-2.7572931430561467,4.9717020940377115,0.0,0.0,0.0,0.0,7.985413152468887,283.64547150122013,93272.04054925859,1.1455606114729096,337.6219862985753
18.05,692.5424216529115,-9.086568747111533,-4.800184594373373,4.988184488561037,0.0,0.0,0.0,0.0,11.423199561767468,283.64847425925603,93277.2304077086,1.14561222514498,337.62377337884135
18.1,692.3418298172784,-6.035311206746367,-4.058158282610164,5.791186688715952,0.0,0.0,0.0,0.0,9.296852869254016,283.6497781061877,93279.48400242523,1.1456346372043453,337.62454935554325
18.15,691.9341178639211,-7.1411842036386455,-5.244742464179133,4.44533477778828,0.0,0.0,0.0,0.0,9.912862181654495,283.6524282338845,93284.06467120686,1.1456801917596406,337.62612655769277
18.2,691.7561729325249,-5.5450273331584,-5.647526428265469,4.8950064990333555,0.0,0.0,0.0,0.0,9.306071754989292,283.6535848759386,93286.06395051151,1.1457000743734755,337.62681492158384
18.25,691.3114630186983,-4.57777444702103,-7.604261738197263,4.441277130603321,0.0,0.0,0.0,0.0,9.92500670133928,283.65647549037845,93291.06058804426,1.1457497650322823,337.62853523557277
18.3,690.9876425165817,-5.109751961585981,-10.897660112295242,4.001220191195723,0.0,0.0,0.0,0.0,12.68378193010566,283.6585803236422,93294.69908195065,1.1457859488791347,337.6297878959469
18.35,690.6022180581682,-4.797837472423213,-8.88526916327386,4.70518125981702,0.0,0.0,0.0,0.0,11.14028649556855,283.66108558262187,93299.02991657896,1.1458290175189498,337.63127885770336
18.4,691.0470119788694,-5.432431521751694,-7.966237180986303,6.5095184205132055,0.0,0.0,0.0,0.0,11.633833294716354,283.65819442213734,93294.03198950003,1.145779314843582,337.629558232724
18.45,690.5597789805397,-5.739759552961667,-9.205478262130873,6.95284523955995,0.0,0.0,0.0,0.0,12.885174685880289,283.66136143662646,93299.50679462244,1.145833759881513,337.6314430270633
18.5,690.5542322220391,-8.286712367031106,-8.5344057096633,6.555825138270956,0.0,0.0,0.0,0.0,13.58250808630811,283.66139749055674,93299.56912240334,1.1458343797061752,337.63146448388073
18.55,689.6056749605625,-4.403787322878576,-5.292949135199033,8.363245113536271,0.0,0.0,0.0,0.0,10.832936913046183,283.66756311275634,93310.22836053986,1.1459403803749024,337.63513381774027
18.6,688.0359682668995,-5.692076734505591,-10.661103617697458,4.201776546512566,0.0,0.0,0.0,0.0,12.795069130161226,283.6777662062651,93327.86981751586,1.1461158105754556,337.6412058758702
18.65,687.1506032013723,-5.636267965650246,-5.954664796236829,5.69833637600525,0.0,0.0,0.0,0.0,9.984817818581469,283.68352107919105,93337.82135788584,1.1462147679134014,337.6446306638009
18.7,686.176897564207,-11.951350803093085,-9.904042701145432,3.3904172425078016,0.0,0.0,0.0,0.0,15.887724095130807,283.68985016583264,93348.7668420756,1.1463236066327296,337.6483971324952
18.75,685.7829346503145,-8.687910019846694,-7.857007065397843,2.291839185738124,0.0,0.0,0.0,0.0,11.935864752582821,283.69241092477296,93353.1956984312,1.1463676452054397,337.64992104003
18.8,685.7708806994118,-14.241301333584744,-8.019618696503679,-8.741189280074504,0.0,0.0,0.0,0.0,18.53476025583723,283.6924892754538,93353.33120934348,1.146368992659258,337.6499676664084
18.85,685.3388646015369,-18.09431690887376,-3.805100248200735,-5.10400399773692,0.0,0.0,0.0,0.0,19.18160444557563,283.69529738009,93358.18805367357,1.1464172864832212,337.65163876121903
18.9,686.0168853073277,-7.169474587807212,5.63230763144165,4.042385316642191,0.0,0.0,0.0,0.0,9.973220852293085,283.6908902455024,93350.56564899963,1.146341493214608,337.6490160846912
18.95,685.8554853149836,-5.42576198535609,1.3562120846045147,-3.7378186371171784,0.0,0.0,0.0,0.0,6.726774301561121,283.69193934545257,93352.3800848382,1.1463595351374267,337.6496404037135
19.0,685.3478795765307,-0.8132606522213287,11.702941830879388,6.490645772933699,0.0,0.0,0.0,0.0,13.407040051223094,283.69523878275254,93358.08670274385,1.1464162787094678,337.65160389020036
19.05,684.6987364909515,-2.25870110112736,14.587250360153645,4.029760039522373,0.0,0.0,0.0,0.0,15.301260396129724,283.6994582128088,93365.38492694181,1.1464888474059447,337.6541148453273
19.1,685.0155092290327,0.8363496795366128,8.730135665174235,2.6932339146975997,0.0,0.0,0.0,0.0,9.174326048167545,283.69739919001125,93361.82343799222,1.1464534344589714,337.65288953671023
19.15,684.5180784539094,0.8301528044734013,9.807760600281558,1.816664628642795,0.0,0.0,0.0,0.0,10.009075483988127,283.70063249004954,93367.41612195826,1.146509044068783,337.654813646683
19.2,684.6985127335947,1.85373307039032,9.329693457500296,-0.28655387035092195,0.0,0.0,0.0,0.0,9.516386889350162,283.6994596672316,93365.38744269387,1.1464888724207267,337.65411571084155
19.25,683.3940782056887,0.6789775642771636,9.086946158382604,2.275046274446599,0.0,0.0,0.0,0.0,9.391987892294658,283.707938491663,93380.05441343342,1.1466347077764891,337.6591613471262
19.3,680.9300199634183,4.813162129255421,11.890614638152261,-1.5752600766657703,0.0,0.0,0.0,0.0,12.924190127999374,283.7239548702378,93407.76520300825,1.1469102274098282,337.6686922764716
19.35,677.283664806537,1.32207978251462,4.244342546928752,0.28173918705785156,0.0,0.0,0.0,0.0,4.454404065251329,283.7476561787575,93448.78431644524,1.1473180389609208,337.6827958137004
19.4,673.7229996261888,2.821198342622122,6.203236232441605,-7.88937407447558,0.0,0.0,0.0,0.0,10.42504307573343,283.7708005024298,93488.8535482318,1.1477163739165248,337.6965673469475
19.45,670.820962518571,4.955136971032139,-4.998965907695491,4.5761508611486645,0.0,0.0,0.0,0.0,8.395486838294907,283.78966374362926,93521.52133009784,1.148041105780359,337.7077910985358
19.5,668.5035678999426,3.2850039232177055,14.806477400103828,-3.0801467746226723,0.0,0.0,0.0,0.0,15.47612121717065,283.80472680865034,93547.61451916465,1.148300467848196,337.7167534526416
19.55,667.6230146688931,-3.1782344674314738,-82.66042222842869,19.23453822663258,0.0,0.0,0.0,0.0,84.9282876202262,283.81045040465216,93557.5308377326,1.148399030837102,337.72015886546893
19.6,666.7735676571808,-3.6888426785279362,-19.537094718753398,20.818332420359045,0.0,0.0,0.0,0.0,28.78729919810199,283.8159718102283,93567.09766130542,1.1484941181458794,337.72344394693187
19.65,666.4493422505811,-2.560683587978703,9.829501975710855,-2.556772517731152,0.0,0.0,0.0,0.0,10.474411450562384,283.8180792753712,93570.74943080389,1.1485304136063827,337.7246978211594
19.7,666.9271880397569,-6.7914216313237175,2.741789820799479,8.975437918883873,0.0,0.0,0.0,0.0,11.584442370334008,283.81497327774156,93565.36746634843,1.1484769213960913,337.7228498504743
19.75,667.5417654543216,-6.120596169564387,8.562203766849112,5.331191120976074,0.0,0.0,0.0,0.0,11.798077368126789,283.8109785245469,93558.44586573317,1.148408125633799,337.72047308337653
19.8,668.6310674316469,-7.737237765460506,1.2726069610354607,7.513084122437582,0.0,0.0,0.0,0.0,10.859595284694908,283.80389806169427,93546.17875831005,1.1482861969760148,337.7162603637158
19.85,669.4486622556418,-7.543092389964154,4.595662884221829,2.7995721718553934,0.0,0.0,0.0,0.0,9.265849367131777,283.7985836953383,93536.9723199887,1.1481946877765186,337.71309839810124
19.9,670.6979389518235,-6.670552643740148,4.539083580320003,4.612944535457404,0.0,0.0,0.0,0.0,9.29402009946426,283.79046339681315,93522.90639151674,1.148054873412235,337.7082668891558
19.95,671.0978388794248,-8.597939049292682,2.9425906481603934,3.0131443048013584,0.0,0.0,0.0,0.0,9.57405004267002,283.78786404728373,93518.4041770123,1.1480101208636322,337.70672028356483
20.0,671.1013266745483,-6.118365044362888,4.6542351765810475,6.202389731111775,0.0,0.0,0.0,0.0,9.877546976431288,283.7878413766154,93518.36491095596,1.1480097305525505,337.7067067945504
20.05,670.2238803107593,-6.223525347683687,4.456744657581365,5.251166960024229,0.0,0.0,0.0,0.0,9.282757948917524,283.79354477798006,93528.24373833291,1.1481079267445244,337.7101002930277
20.1,669.2952786011226,-5.559044553778111,4.450407897239169,6.270342376434438,0.0,0.0,0.0,0.0,9.488219027847551,283.7995806890927,93538.69942417354,1.1482118547979072,337.71369159618877
20.15,667.5527559046925,-6.22828173923619,4.103559611978156,6.83591760618473,0.0,0.0,0.0,0.0,10.117334848215101,283.81090708661947,93558.32209094567,1.1484068953920772,337.72043057964345
20.2,665.4066206231042,-7.1601768402564865,2.4253428985669543,5.549637218497231,0.0,0.0,0.0,0.0,9.378107155300807,283.8248569659498,93582.49444717572,1.1486471471804343,337.7287302983065
20.25,663.8891278962313,-6.951558709995147,3.547079664717423,5.4726633295415335,0.0,0.0,0.0,0.0,9.531840670346408,283.8347206686745,93599.58932689429,1.1488170479998943,337.7345987534002
20.3,661.4984580440886,-10.909479257655764,0.6123077359103914,2.8003886583424653,0.0,0.0,0.0,0.0,11.279797652194395,283.8502600227134,93626.52586307425,1.1490847500750292,337.74384375637084
20.35,659.9018481470831,-10.647578547347178,2.0092628815903852,3.791143410970736,0.0,0.0,0.0,0.0,11.47958338145647,283.86063798704396,93644.51893609209,1.1492635615991842,337.7500178946751
20.4,659.1139891425925,-9.822892430454706,0.0747317594423339,4.883876683640305,0.0,0.0,0.0,0.0,10.970280397380877,283.8657590705731,93653.39878320516,1.1493518053165095,337.753064527461
20.45,658.0959262700575,-8.743050335047416,0.9948613291948141,7.317704025018666,0.0,0.0,0.0,0.0,11.44462626839664,283.8723764792446,93664.87423522191,1.1494658405688993,337.75700131265086
20.5,658.1034299282162,-8.927516010539211,-1.4569301058941244,5.921524160548517,0.0,0.0,0.0,0.0,10.811458543409138,283.87232770546655,93664.78965094758,1.149465000037523,337.7569722966438
20.55,659.624376225335,-10.03866181374499,-3.553698688665439,5.069376387131491,0.0,0.0,0.0,0.0,11.794154583308236,283.8624415545353,93647.64620499805,1.1492946390988799,337.7510908753976
20.6,661.4534946365176,-9.013917369448176,-6.99187350903474,2.4329150255681267,0.0,0.0,0.0,0.0,11.66430782477968,283.8505522848626,93627.03254207464,1.1490897854380184,337.74401763275944
20.65,663.2765925552428,-6.781162835681334,-5.607334332706873,3.8580035433392914,0.0,0.0,0.0,0.0,9.607838417833507,283.8387021483909,93606.49038464681,1.1488856338449265,337.7369675240983
20.7,666.2549069837124,-5.005401210780823,-6.617833950687982,1.5270209880084389,0.0,0.0,0.0,0.0,8.436916532571772,283.8193431046058,93572.93942181037,1.1485521801116423,337.72544975682234
20.75,669.384822241083,-6.38863662346164,-21.526329286042852,-28.20485332747009,0.0,0.0,0.0,0.0,36.05150872934283,283.7989986554329,93537.69115717807,1.1482018328614343,337.71334529399167
20.8,672.213586287302,0.16713627645514217,1.5056270669640592,-0.80499902342314,0.0,0.0,0.0,0.0,1.7154797659530394,283.7806116891325,93505.84362687406,1.1478852653315437,337.7024051136025
20.85,673.3140056854357,9.392070557060144,1.2284069463942031,-4.428591119918785,0.0,0.0,0.0,0.0,10.456213094718809,283.7734589630446,93493.45697019027,1.1477621352260285,337.69814917094044
20.9,672.3268403581009,7.9237025954932605,12.76072669873401,-9.211377273267463,0.0,0.0,0.0,0.0,17.620178204889925,283.7798755376723,93504.56874313844,1.1478725924369753,337.7019670986895
20.95,670.2797656754151,13.249008183765122,3.4723445128601274,-7.460872187859754,0.0,0.0,0.0,0.0,15.596730685404689,283.79318152310975,93527.61452155106,1.1481016723472937,337.70988415901024
21.0,668.359627248791,12.77176438478712,11.107528034768633,-9.745061361522838,0.0,0.0,0.0,0.0,19.53103595520558,283.80566242288285,93549.23544344229,1.14831657911854,337.7173101247313
21.05,666.4674929234799,14.671484337523673,9.227884227929104,-10.31588159066947,0.0,0.0,0.0,0.0,20.169871417115637,283.81796129599735,93570.54499567626,1.1485283817034664,337.72462762733556
21.1,665.8515492981214,8.574914227948389,17.91191862425697,-3.127570185004986,0.0,0.0,0.0,0.0,20.103424536153227,283.82196492956217,93577.48270993488,1.1485973359262664,337.7270096486853
21.15,666.2547367198131,-1.2839036751292894,10.941927600788613,-18.697398049327568,0.0,0.0,0.0,0.0,21.70177140426349,283.8193442113212,93572.94133956925,1.148552199172367,337.72545041527985
21.2,666.5598220998816,-12.999051105120689,15.852077885649457,10.12809845596784,0.0,0.0,0.0,0.0,22.86574033920647,283.8173611563507,93569.50507691207,1.1485180458249533,337.7242705638768
21.25,669.9472890605716,-6.099783806474861,4.273012736221185,7.889486068828745,0.0,0.0,0.0,0.0,10.849423522007251,283.7953426211063,93531.35794681263,1.1481388817719371,337.7111699946331
21.3,673.2681190613622,13.078528976629777,0.1060598399524884,51.232264837738406,0.0,0.0,0.0,0.0,52.87536410547319,283.7737572261011,93493.9734574909,1.147767269452763,337.69832664147634
21.35,672.8748868168385,0.08243385748235971,0.5682038076528715,18.73980378475845,0.0,0.0,0.0,0.0,18.74859719550073,283.7763132356905,93498.39966690805,1.147811268692252,337.69984749778456
21.4,670.774710424607,-2.924471032528498,-9.508919024376103,9.090335493382602,0.0,0.0,0.0,0.0,13.476137102838171,283.78996438224004,93522.0420575721,1.148046281861635,337.7079699774508
21.45,666.5745541551793,-3.8029840132235826,-5.759228803598362,11.34133180179369,0.0,0.0,0.0,0.0,13.276189621100176,283.8172653979913,93569.33914820569,1.1485163966374277,337.72421359075037
21.5,663.771403733542,-3.5856417711882047,-6.467614015919618,9.142810353037593,0.0,0.0,0.0,0.0,11.759159796593503,283.83548587573193,93600.91562041803,1.1488302293817543,337.7350540125801
21.55,662.5112150320323,-3.7038033658510567,-3.368426597346634,10.632495936676161,0.0,0.0,0.0,0.0,11.752209450058185,283.8436771022918,93615.11399999546,1.1489713378971989,337.7399273362538
21.6,661.1588200963807,-5.420374886410443,-4.157868932274352,9.14254874090129,0.0,0.0,0.0,0.0,11.412910910322443,283.8524676693735,93630.35319503634,1.1491227858741693,337.7451571559408
21.65,660.3233015600719,-1.1979378279630577,-1.1751343351330519,12.587427801376545,0.0,0.0,0.0,0.0,12.698792635528019,283.8578985398595,93639.76907434213,1.1492163590679128,337.748388132665
21.7,659.6983377349133,-4.570278179203604,-1.940626547975724,10.354666877760103,0.0,0.0,0.0,0.0,11.483579589282904,283.861960804723,93646.81260777726,1.1492863551751773,337.7508048674259
21.75,659.6063579719902,-3.1515891484066336,-0.25887230862149396,12.069107871861812,0.0,0.0,0.0,0.0,12.476493652271147,283.86255867318204,93647.84928404978,1.1492966572073335,337.75116055165773
21.8,659.6253902298643,-4.2916365530105365,-0.22401417787328412,9.967031687925765,0.0,0.0,0.0,0.0,10.854033689054992,283.86243496350585,93647.63477642706,1.1492945255268467,337.75108695425996
21.85,659.2082674191222,-5.446363321535382,-1.0943231915352751,8.993945482671075,0.0,0.0,0.0,0.0,10.57125688000047,283.8651462617757,93652.3361502082,1.149341245456638,337.7526999569653
21.9,660.3178075433112,-4.2922961608778945,-1.6715720932338283,9.641525623527022,0.0,0.0,0.0,0.0,10.685362695982452,283.85793425096847,93639.83099172222,1.1492169743849774,337.7484093781001
21.95,662.045591975071,-4.811436062045849,0.42411389248032555,9.60978619511268,0.0,0.0,0.0,0.0,10.755360537365927,283.84670365216203,93620.36055466313,1.1490234789818339,337.74172794710216
22.0,660.6343515975775,-4.1798631697159045,1.4401816515614438,9.52875458625818,0.0,0.0,0.0,0.0,10.504405898106663,283.8558767146157,93636.26360518244,1.1491815226002275,337.7471852958994
22.05,660.0845341228364,-5.432805130673443,1.926174219296704,9.260573905297946,0.0,0.0,0.0,0.0,10.907967169296036,283.85945052820153,93642.46000573949,1.1492431006965744,337.74931144825206
22.1,659.0111987745548,-5.0434277819843745,3.900230663242464,9.114413206351607,0.0,0.0,0.0,0.0,11.12297132580612,283.8664272079654,93654.55736914609,1.1493633186777694,337.75346201344115
22.15,657.7596437253275,-5.599441782868243,2.6314493473382425,8.783908130682827,0.0,0.0,0.0,0.0,10.744082836408765,283.87456231578534,93668.66501178117,1.1495035101490019,337.75830168604983
22.2,658.008032009122,-5.597257210611609,5.894204346492003,10.816884530389055,0.0,0.0,0.0,0.0,13.53055520308457,283.8729477919407,93665.8650195394,1.1494756861862192,337.757341192086
22.25,656.9851236464423,-5.137003577298688,1.8489324246261323,7.574703688004976,0.0,0.0,0.0,0.0,9.337210120003167,283.8795966962981,93677.39633465068,1.149590273659943,337.76129666428824
22.3,656.9103411178534,-5.110778164340667,1.315704659740863,8.695883602392383,0.0,0.0,0.0,0.0,10.171997042032697,283.88008278273395,93678.23940823978,1.149598651235075,337.76158583814305
22.35,656.0252387585657,-2.5209278237545267,6.965759344568401,10.08856069161268,0.0,0.0,0.0,0.0,12.516226954133352,283.8858359480693,93688.21822732146,1.1496978091128518,337.7650083896356
22.4,655.1964474785796,-6.232678561047828,5.117334627863361,8.687468736655072,0.0,0.0,0.0,0.0,11.853501963100776,283.89122309138924,93697.56296446617,1.149790664401163,337.7682131636081
22.45,654.2566549391954,-4.838283868549233,4.879781119340939,9.906167014426172,0.0,0.0,0.0,0.0,12.056259763419384,283.89733174289523,93708.16016938734,1.1498959628788177,337.77184712097795
22.5,653.2538509151713,-3.942021488343229,4.482273417065892,9.903860721065666,0.0,0.0,0.0,0.0,11.563596567770887,283.90384996905135,93719.46896907382,1.150008329575384,337.77572468586703
22.55,651.5585748500838,-4.413992868841519,4.644858031970212,10.213226025116333,0.0,0.0,0.0,0.0,12.056866301964849,283.91486926347443,93738.58941259552,1.1501983085984715,337.78227974675116
22.6,651.1404983039324,-4.889377419377126,4.292811247199153,9.777077012808522,0.0,0.0,0.0,0.0,11.744167695821757,283.91758676102444,93743.30524161295,1.1502451635218742,337.7838962882229
22.65,649.7211665715489,-5.356425517646609,3.3584802626894827,9.139224784509542,0.0,0.0,0.0,0.0,11.112880529492076,283.9268124172849,93759.31648406287,1.150404242605732,337.78938424132616
22.7,649.1065799554694,-4.40329164337256,4.131506622610322,10.476699779069897,0.0,0.0,0.0,0.0,12.09212812246177,283.9308072302894,93766.2502192563,1.1504731308613698,337.7917605591297
22.75,648.0126034575513,-4.848502617612508,0.8938453529946122,9.898173084312807,0.0,0.0,0.0,0.0,11.058063463151218,283.9379180775259,93778.5934342317,1.1505957611458637,337.79599041109907
22.8,647.2212820346639,-3.5523324977882433,0.9420700088993044,8.97107778787872,0.0,0.0,0.0,0.0,9.694678888580114,283.94306166677467,93787.5226457324,1.1506844712687792,337.79905001646574
22.85,645.9774407032987,-3.1604549625143035,1.580967755604858,9.32513550030039,0.0,0.0,0.0,0.0,9.97226587658523,283.95114663542853,93801.55944942286,1.1508239211602456,337.80385921179123
22.9,645.1298994318582,-3.1724433992037655,-0.1400519560793569,8.917393496019823,0.0,0.0,0.0,0.0,9.465934630791079,283.9566556536929,93811.12496408506,1.1509189483531368,337.80713611105017
22.95,643.9004913592124,-1.6956172872122655,-2.2510190886944534,8.605984646809077,0.0,0.0,0.0,0.0,9.055670967050064,283.9646468061651,93825.00170513964,1.1510568015109643,337.8118893881528
23.0,643.7733858033797,-1.3842366535726898,-2.827910247426782,8.015654414206264,0.0,0.0,0.0,0.0,8.611846675863422,283.965472992278,93826.43648295829,1.1510710545392222,337.81238081427205
23.05,642.8507020041942,-2.0831994395048925,-4.621001322837262,7.8065288522650675,0.0,0.0,0.0,0.0,9.3078067154225,283.9714704369727,93836.8523450825,1.1511745240740556,337.81594815003365
23.1,642.9186572782121,2.861245626229577,-0.3756714127040415,10.382208183520156,0.0,0.0,0.0,0.0,10.775810981540731,283.9710287276916,93836.08518927683,1.1511669033435836,337.8156854185392
23.15,641.4554794143078,0.26996337085693667,1.5121443063001383,7.76111629483881,0.0,0.0,0.0,0.0,7.911661441612176,283.98053938380696,93852.60431446559,1.151330997507473,337.8213423722227
23.2,640.2362005150525,4.491428215586867,3.0512270331516707,10.797371122177957,0.0,0.0,0.0,0.0,12.085782431172913,283.98846469665216,93866.3716444668,1.1514677522766925,337.8260562888002
23.25,639.2812559236178,-2.8117688088330115,-4.107701865321991,7.5417738883075875,0.0,0.0,0.0,0.0,9.036460138298299,283.9946718364965,93877.15541972099,1.1515748678904074,337.8297482030451
23.3,638.8938861110538,-5.727018432684752,-17.129639136161426,-4.827696347123194,0.0,0.0,0.0,0.0,18.695719539066975,283.99718974027815,93881.53010506232,1.1516183211241713,337.8312458031755
23.35,638.3245827273611,6.471267934734806,2.120355405101309,9.586700137379323,0.0,0.0,0.0,0.0,11.759168136016168,284.0008902122721,93887.95972123819,1.1516821850444747,337.8334467597988
23.4,636.8936758363482,-1.28235656256494,-2.738616748566182,2.259539439093298,0.0,0.0,0.0,0.0,3.774914373320093,284.0101911070637,93904.12171614803,1.1518427148025179,337.8389786572824
23.45,631.86608489188,3.5937549705814855,3.1229259042860846,8.477613465617317,0.0,0.0,0.0,0.0,9.723048445043162,284.04287044820273,93960.92587443873,1.1524068830201746,337.8584146458679
23.5,629.5622999714383,16.475462324017577,-19.272356120461936,9.431675268076175,0.0,0.0,0.0,0.0,27.052191548679918,284.0578450501856,93986.96444696668,1.152665471533512,337.86732039414244
23.55,631.810760630164,33.13311887700595,-22.268997692019013,35.71264574963496,0.0,0.0,0.0,0.0,53.56402609180788,284.0432300559039,93961.551109489,1.1524130923759888,337.8586285157834
23.6,635.2245711881062,4.08057700748512,-13.172675380992098,6.522641389302313,0.0,0.0,0.0,0.0,15.255010196668213,284.0210402872773,93922.97698481707,1.1520299889825576,337.845431314748
23.65,638.495417643478,6.601708505091051,-12.292661380003583,5.86150587670618,0.0,0.0,0.0,0.0,15.134375776102699,283.99977978531734,93886.03030313153,1.1516630206590814,337.83278630459404
23.7,641.3162274408023,1.2193003670329021,-8.66489756218298,4.947342369058686,0.0,0.0,0.0,0.0,10.052031618775096,283.9814445216348,93854.17657740443,1.1513466154314294,337.82188074473413
23.75,639.9604370208448,5.426021589258233,-9.23792117218278,6.6597137601495,0.0,0.0,0.0,0.0,12.614780427644545,283.9902571593645,93869.485619038,1.1514986837345595,337.8271224230432
23.8,637.983504529432,4.374185856038294,-7.852696356189231,11.560982760781851,0.0,0.0,0.0,0.0,14.644270700883954,284.00310722055866,93891.81197154662,1.151720448175107,337.83476537906205
23.85,636.2483342511929,0.4337505349977903,-12.563786234715117,12.468525965614797,0.0,0.0,0.0,0.0,17.705959556980762,284.0143858273672,93911.41154204955,1.1519151196134045,337.84147352337317
23.9,634.2661565442819,-0.0916551390781073,-12.377942266539186,12.399545138407625,0.0,0.0,0.0,0.0,17.52057576273408,284.02726998246214,93933.8052322575,1.1521375339996913,337.8491364320058
23.95,632.2102343655047,-1.140615970507189,-12.667492223396541,9.173551346794243,0.0,0.0,0.0,0.0,15.681849646462576,284.0406334766242,93957.03662004927,1.1523682577468024,337.85708424606247
24.0,629.923353051998,-0.9900381208132436,-7.079239228345974,8.405426927748342,0.0,0.0,0.0,0.0,11.033902544908255,284.055498205162,93982.88325165572,1.1526249421700105,337.8659246856783
24.05,626.4579136559988,-1.5318604004082776,-6.075608343316424,8.632927866276683,0.0,0.0,0.0,0.0,10.667101601280997,284.07802356123597,94022.06107310258,1.153013993819564,337.87932065835855
24.1,622.7807364844946,-4.117989055292711,-2.541650834796481,9.145889312668228,0.0,0.0,0.0,0.0,10.34722736510178,284.10192521285074,94063.64711303044,1.1534269263106152,337.8935345420038
24.15,618.9937768096688,-4.704129410442717,-6.624699199953989,7.8819135393802995,0.0,0.0,0.0,0.0,11.319895496086952,284.12654045073714,94106.49027479113,1.153852305187875,337.90817215767026
24.2,614.6479599513875,-19.698535722121722,5.055719159807883,5.255597898464381,0.0,0.0,0.0,0.0,21.005092598912704,284.15478826031597,94155.67544723011,1.1543406068515558,337.9249691250606
24.25,611.2849765146875,-5.574390997734815,14.846294885464175,25.00406886019286,0.0,0.0,0.0,0.0,29.608947404240038,284.1766476526545,94193.75137297872,1.1547185845584076,337.93796678114205
24.3,608.9847542292101,-7.838958391585921,-4.721917436153126,9.896644056562543,0.0,0.0,0.0,0.0,13.479218691050196,284.1915990975101,94219.80182486444,1.1549771692721085,337.9468566643525
24.35,608.4226259263918,-7.714057675907896,0.8551019918756195,-1.6476584012325006,0.0,0.0,0.0,0.0,7.934271450542591,284.1952529314784,94226.16892103032,1.1550403689376667,337.94902913837944
24.4,609.2469521706754,-4.480848523307896,4.67335918282658,16.48376024123924,0.0,0.0,0.0,0.0,17.709676485785945,284.18989481089056,94216.83208909044,1.1549476914580243,337.9458433353673
24.45,611.5281957610017,-4.077178145676092,4.1300550995081435,10.698392438250968,0.0,0.0,0.0,0.0,12.171127208248931,284.1750667275535,94190.99721005073,1.1546912451037183,337.93702677540665
24.5,614.6658202334405,-3.486326360483737,4.595193735635095,13.106763960525793,0.0,0.0,0.0,0.0,14.319830253070794,284.1546721684826,94155.47326518531,1.1543385997234477,337.9249000951959
24.55,617.4228328595254,-3.706201165196494,4.598239720033582,9.478352523762183,0.0,0.0,0.0,0.0,11.167761734766161,284.1367515864131,94124.26753383983,1.1540288002631833,337.9142440916509
24.6,619.4474738166613,-2.440504148106553,2.783458643643127,8.567171660311626,0.0,0.0,0.0,0.0,9.332745189655807,284.1235914201917,94101.35661340148,1.1538013363104425,337.9064185303861
24.65,621.6114748840853,-1.3311922284979902,-2.162866951373009,0.6156799875966122,0.0,0.0,0.0,0.0,2.61326004172604,284.10952541325344,94076.87368110349,1.1535582534801132,337.8980541196178
24.7,621.7631533325116,-1.9575153381830241,5.855676042523448,11.180312890164002,0.0,0.0,0.0,0.0,12.771852040176952,284.10853950333865,94075.15782494874,1.1535412168680583,337.8974678363345
24.75,620.9754806914486,-6.0644293235104065,0.31172544560653914,0.3634643487958946,0.0,0.0,0.0,0.0,6.083303552029695,284.11365937550556,94084.06861492354,1.1536296908156072,337.90051241931315
24.8,619.0490313737415,-11.022777020901172,-4.658851481312239,2.623583022587743,0.0,0.0,0.0,0.0,12.251110082512637,284.1261812960707,94105.86504755814,1.1538460977303608,337.9079585885067
24.85,617.516398605722,-5.14809783828398,-1.4669957985791715,3.787881925911828,0.0,0.0,0.0,0.0,6.557670128196648,284.1361434090628,94123.20864046692,1.1540182876016423,337.9138824490643
24.9,615.3112415009762,-1.6965731042669605,2.386313197507353,6.389979295293615,0.0,0.0,0.0,0.0,7.028846731079066,284.15047693024366,94148.16720035834,1.154266069448392,337.9224055370656
24.95,613.9089650480993,-7.137501650509945,-2.9952263879246517,4.231954398857367,0.0,0.0,0.0,0.0,8.82183365066246,284.1595917271873,94164.04132884307,1.1544236570096322,337.9278253228117
25.0,613.524537391477,-16.152338517986305,-3.908986410164651,9.524672460401561,0.0,0.0,0.0,0.0,19.154571251594433,284.1620905069554,94168.39352683783,1.1544668617911462,337.92931111702956
25.05,614.685339072346,-28.591123200979528,-6.698737705853097,8.322184789877795,0.0,0.0,0.0,0.0,30.521863842535588,284.1545452960297,94155.25230833991,1.154336406210739,337.9248246550044
25.1,617.9670682040119,-25.298572413064903,-5.978683674821561,3.840141365670701,0.0,0.0,0.0,0.0,26.27754003576061,284.1332140566739,94118.10850043064,1.153967653249639,337.91214055277084
25.15,618.5370875028514,-19.004422064977437,-2.783946565701593,2.9656738732241275,0.0,0.0,0.0,0.0,19.434856264629467,284.12950893123144,94111.65802360479,1.1539036119634976,337.90993734158513
25.2,615.9949699554116,-14.797558351183532,0.5591426937480164,1.0482582166281968,0.0,0.0,0.0,0.0,14.845174939938627,284.1460326952898,94140.42800508486,1.1541892381433474,337.91976290127826
25.25,613.7696046057938,-12.505102654277414,3.092514708954454,-0.6478877909285399,0.0,0.0,0.0,0.0,12.898100565926361,284.1604975700623,94165.61904312028,1.1544393192087739,337.92836394490615
25.3,613.8102344077548,-12.545506742664989,3.7937902184827754,-4.076250614475432,0.0,0.0,0.0,0.0,13.725829764503114,284.16023347634956,94165.15906663312,1.1544347529604289,337.9282069125639
25.35,615.0904438083613,-12.158198787339245,3.6526267535140833,-6.715816309590523,0.0,0.0,0.0,0.0,14.361952118605132,284.15191211524564,94150.66654302618,1.1542908815594073,337.9232589239068
25.4,615.9959082597974,-9.829537608168081,2.291609859707537,-10.166057336595774,0.0,0.0,0.0,0.0,14.32550198458861,284.1460265963113,94140.41738467145,1.1541891327077585,337.91975927468286
25.45,613.4890089796398,-7.521233015531436,-0.09630047698599906,-10.877011184971103,0.0,0.0,0.0,0.0,13.224507256369678,284.16232144163234,94168.79576075869,1.1544708547954212,337.92944843228565
25.5,611.1536496920627,-3.4290412882836376,-0.7778032298361481,-7.615083333381366,0.0,0.0,0.0,0.0,8.387657372320362,284.17750127700157,94195.23851705021,1.1547333467692371,337.93847433843433
25.55,608.0815559075401,-6.542633515842639,-0.6811879806715839,-6.107102335587736,0.0,0.0,0.0,0.0,8.97589936023015,284.19746988660097,94230.03231140273,1.15507871647494,337.95034727505214
25.6,604.8373383477011,-3.671954425628204,3.3600429623071086,-6.017079659386083,0.0,0.0,0.0,0.0,7.808865835692007,284.2185573007399,94266.78683524323,1.1554435223965371,337.96288497769746
25.65,602.0978640426101,-0.40183845380091787,-5.560976719236305,-5.7163752005749,0.0,0.0,0.0,0.0,7.985166350714869,284.236363883723,94297.83204003135,1.1557516395606373,337.97347167189287
25.7,601.2623100502668,6.800395801804848,-3.1921351734494654,-2.9154201802364192,0.0,0.0,0.0,0.0,8.058212261668714,284.2417949846732,94307.30263734744,1.1558456294160373,337.97670060300106
25.75,599.2608627222091,-9.2679988517155,-2.2449048505318525,0.348554310713752,0.0,0.0,0.0,0.0,9.542373426504456,284.25480439230563,94329.99119949127,1.1560707921413165,337.98443490956186
25.8,594.7985676268746,7.7322517840967695,-18.23450620887466,10.34579174494423,0.0,0.0,0.0,0.0,22.34547697329176,284.2838093104253,94380.59203550166,1.156572920926704,338.0016781727283
25.85,590.2805330158579,4.696091247502004,-7.409689044382286,18.97867648030004,0.0,0.0,0.0,0.0,20.90805886932591,284.3131765353969,94431.84732816636,1.1570814918860617,338.0191359291363
25.9,588.3825973967353,-9.989578326656204,-4.923374424824212,20.11590300205015,0.0,0.0,0.0,0.0,22.99306078927516,284.3255131169212,94453.38536915535,1.1572951833565321,338.0264693131251
25.95,588.8101873399397,-5.2534285722501535,-5.4823052017009735,14.720411034824881,0.0,0.0,0.0,0.0,16.563353619437276,284.32273378229036,94448.53267110005,1.1572470377171151,338.02481717336826
26.0,590.570665524067,-5.2041119833637595,-1.5740467379275453,9.450220337709032,0.0,0.0,0.0,0.0,10.902617534327252,284.3112906740935,94428.5552140199,1.1570488280839317,338.01801487967765
26.05,592.4623527840432,-0.43091177575865824,0.7375337222719924,7.010402716186432,0.0,0.0,0.0,0.0,7.0622508588331785,284.29899470690367,94407.09264360927,1.1568358747637937,338.0107054560009
26.1,594.2220505291482,-1.4106317369907022,1.3351421439338464,5.925574815435104,0.0,0.0,0.0,0.0,6.235777684878801,284.28755667156054,94387.13113686132,1.1566378068485281,338.003905894
26.15,595.6993029358655,-0.1876985660583167,2.817408551359505,4.194128523893507,0.0,0.0,0.0,0.0,5.056059312538881,284.2779545309169,94370.37624801556,1.1564715504254073,337.998197609602
26.2,596.7501361228692,-2.698976244933562,1.2151746378669248,1.897245159676026,0.0,0.0,0.0,0.0,3.515773224647004,284.2711241152013,94358.45924075399,1.156353296208128,337.9941370026645
26.25,596.0794750184995,0.05320217152931871,3.1032915361049924,5.570526819699029,0.0,0.0,0.0,0.0,6.376834471593448,284.27548341237974,94366.06475370275,1.156428767160706,337.9967285624715
26.3,596.1013781772722,0.8168831304156382,1.8797840875817466,3.2970468334156497,0.0,0.0,0.0,0.0,3.8821906298402395,284.2753410418477,94365.81635698627,1.156426302291092,337.99664392488774
26.35,595.0088695879452,-2.586765813417059,0.13214187392957455,2.0402180387593174,0.0,0.0,0.0,0.0,3.2971667373652416,284.28244234767834,94378.20679280831,1.1565492525272423,338.0008655406987
26.4,594.5997688457738,-5.116015818516115,-2.008433610076326,3.4209317811201103,0.0,0.0,0.0,0.0,6.473808590966291,284.28510150250247,94382.84685412653,1.1565952950433835,338.00244635329295
26.45,593.2218461976324,-1.2946230263105716,2.1677403392169756,6.5167832278538445,0.0,0.0,0.0,0.0,6.988820400994666,284.2940579997154,94398.47674880073,1.1567503845834963,338.0077707514217
26.5,592.9385182535906,-0.24593185396038253,0.9882821635085298,10.12419469700001,0.0,0.0,0.0,0.0,10.175288810361337,284.29589963135163,94401.69082171538,1.1567822760091446,338.00886554179505
26.55,592.6595096548706,-3.581557611939266,0.76942209900653,9.308206025987959,0.0,0.0,0.0,0.0,10.003112751354864,284.29771318724335,94404.85598256109,1.1568136819061348,338.0099436385822
26.6,592.430382422622,-3.5690101016016476,-1.6141120439340682,10.703660151855132,0.0,0.0,0.0,0.0,11.397873987815405,284.29920251425295,94407.45533783814,1.15683947352111,338.0108289898459
26.65,592.3219041802904,-3.9779405706094693,0.051711248669351284,10.46654777367027,0.0,0.0,0.0,0.0,11.19711157107322,284.2999076228281,94408.6859995993,1.1568516844843788,338.0112481506879
26.7,591.138803795145,-5.3001309878266145,-2.4863847339209775,13.67190519791553,0.0,0.0,0.0,0.0,14.872608690945409,284.30759777533154,94422.10885626766,1.1569848677804464,338.01581962679273
26.75,589.3464116394562,0.07320705750915912,3.2246334736141793,18.024446840351743,0.0,0.0,0.0,0.0,18.310770169850535,284.3192483243435,94442.44737220247,1.1571866622659897,338.0227452762668
26.8,586.9757927563687,8.941534999786677,-6.573656643673824,11.89829065297218,0.0,0.0,0.0,0.0,16.27062783926706,284.3346573470836,94469.3525533598,1.1574535971224904,338.03190492625464
26.85,584.3336903121049,0.5285615876182336,9.914364146094211,18.387658303197117,0.0,0.0,0.0,0.0,20.89688904235264,284.3518310129713,94499.34623216934,1.1577511568965417,338.0421132480135
26.9,581.7062304098632,4.980799441535799,-32.690009620540344,13.030478386249367,0.0,0.0,0.0,0.0,35.54206604915273,284.36890950233584,94529.18133249544,1.1580471256269018,338.0522646895058
26.95,579.8266582113462,0.4331040546210908,-30.564516056213964,10.913805278585306,0.0,0.0,0.0,0.0,32.45748552385977,284.38112672162623,94550.52876384539,1.158258884482905,338.05952640861926
27.0,579.2245900982759,-0.6205791150237381,-6.50075765296917,10.313365359116135,0.0,0.0,0.0,0.0,12.206984620751252,284.38504016436116,94557.36763875313,1.1583267217431277,338.0618524632021
27.05,577.0995251279677,-1.5324911197009496,-22.51519044866241,10.646811600950198,0.0,0.0,0.0,0.0,24.952693787197184,284.39885308666817,94581.5093944695,1.1585661850387756,338.07006239822437
27.1,575.2413949228526,0.33539977292964784,-7.480390274737603,15.773497922781587,0.0,0.0,0.0,0.0,17.46058327748719,284.41093093300145,94602.62273317194,1.158775599780508,338.07724089924375
27.15,571.75461760269,1.3754662252721612,-11.558999538523826,14.346777985243294,0.0,0.0,0.0,0.0,18.475183794114745,284.4335949855825,94642.25216760348,1.1591686442452704,338.0907109295611
27.2,569.2406713548804,4.088383857070771,-6.097248922302166,16.62105048118401,0.0,0.0,0.0,0.0,18.170048048404798,284.44993563619323,94670.83309923574,1.15945209029823,338.1004224104385
27.25,567.231520108329,6.403392218945529,-10.406245211985823,14.778719907506199,0.0,0.0,0.0,0.0,19.175607772014686,284.46299511929584,94693.68006570276,1.1596786591131876,338.10818364628716
27.3,566.9257360417133,7.299151638777906,-12.006198776862025,14.228661578610113,0.0,0.0,0.0,0.0,19.99703063042143,284.46498271572887,94697.15766588625,1.1597131448693228,338.10936485694975
27.35,566.0043470947077,8.61325221999818,-14.654784274618827,11.57801483014432,0.0,0.0,0.0,0.0,20.566994028004206,284.4709717438844,94707.63700056128,1.1598170621381891,338.11292405750305
27.4,565.0697668912295,8.137991420313362,-9.103778425074106,10.52811459200499,0.0,0.0,0.0,0.0,16.122868319015915,284.477046515207,94718.26732407378,1.1599224744375063,338.11653417581675
27.45,564.3712222896517,8.364259255223171,-5.833412577892967,8.941893624247093,0.0,0.0,0.0,0.0,13.56270610091722,284.48158705511725,94726.21350648125,1.1600012688156343,338.11923250510307
27.5,564.3627036018373,9.590860299887217,-3.9017106386089297,10.76204192306502,0.0,0.0,0.0,0.0,14.934172007620504,284.48164242658805,94726.31041278367,1.160002229731174,338.1192654108502
27.55,563.6506396682898,6.163640578059374,-5.225731526217704,10.536779008898533,0.0,0.0,0.0,0.0,13.278646280474922,284.4862708421561,94734.41094445736,1.1600825533271983,338.12201594001135
27.6,563.9097258766643,4.702585080520977,-5.6359775637176375,8.867984686150562,0.0,0.0,0.0,0.0,11.511720198652673,284.4845867818017,94731.4634812296,1.160053326897379,338.12101515582054
27.65,563.4213304927488,5.532704856410684,-4.3572422977755565,9.312629317300724,0.0,0.0,0.0,0.0,11.675677636485332,284.48776135179713,94737.01971478325,1.1601084212046058,338.12290170061937
27.7,563.8931129807763,6.879814959643132,-2.746857220202015,9.628275639374975,0.0,0.0,0.0,0.0,12.148282605162219,284.4846947656249,94731.6524736224,1.160055200911668,338.121079327305
27.75,563.7752289012658,7.324198776385754,-1.3405117265721211,10.125507720348647,0.0,0.0,0.0,0.0,12.568483042910469,284.48546101214174,94732.9935606975,1.1600684988674363,338.1215346838314
27.8,563.8444178296169,5.872467391428579,-1.328700373091526,7.61236891532763,0.0,0.0,0.0,0.0,9.705641578375532,284.4850112841075,94732.20644340722,1.1600606939714813,338.1212674244912
27.85,564.379309385424,6.149254771793744,-1.777384859512231,9.343773393593239,0.0,0.0,0.0,0.0,11.32601131988099,284.4815344889947,94726.12150992824,1.160000356584624,338.11920126649466
27.9,563.5900765950043,5.872272851807718,-1.399620007425648,8.03425645894107,0.0,0.0,0.0,0.0,10.04946772019794,284.48666450213244,94735.09994371695,1.160089385275018,338.1222498793476
27.95,562.9893457302043,5.7753490418767015,-5.168596567095598,2.770727020878453,0.0,0.0,0.0,0.0,8.23079432698476,284.49056925275363,94741.93441242426,1.1601571536799675,338.12457033703436
28.0,562.5860110391142,4.815106797095623,-5.007132054955377,11.68387054274596,0.0,0.0,0.0,0.0,13.592992891296785,284.4931909282457,94746.52334410383,1.1602026555363047,338.1261282987964
28.05,562.6789756381698,5.147834072892565,-4.505951795443213,8.681501869697758,0.0,0.0,0.0,0.0,11.053156650407939,284.49258665835185,94745.46562543832,1.1601921676939306,338.12576920488016
28.1,563.7701889560368,5.568676343547379,-6.588709015758774,6.305141643837724,0.0,0.0,0.0,0.0,10.685319548912979,284.48549377178574,94733.05089707261,1.1600690674028606,338.12155415185754
28.15,565.0844359181443,3.9111741800709114,-7.085883353750837,4.577066780213344,0.0,0.0,0.0,0.0,9.29820233595447,284.47695116653205,94718.10046469027,1.1599208198456767,338.1164775122535
28.2,566.3820074489687,6.497785588987902,-3.747565723331986,9.71048937569938,0.0,0.0,0.0,0.0,12.270251436980507,284.4685169515817,94703.34160078442,1.1597744675026924,338.1114652113
28.25,567.3530899104959,5.023369954511052,-4.658775653515971,4.9585401766587145,0.0,0.0,0.0,0.0,8.457278343132392,284.46220491558176,94692.29751367509,1.159664948915825,338.10771403418886
28.3,566.4923611517547,5.7024573935302945,-2.5933634654961315,8.536128239755019,0.0,0.0,0.0,0.0,10.58815563328862,284.4677996525136,94702.08649942857,1.1597620214241875,338.1110389300468
28.35,565.2110590619325,4.988950123937212,-2.613057847059158,8.036781035261466,0.0,0.0,0.0,0.0,9.813640713820174,284.4761281160974,94716.66014321022,1.1599065374724027,338.1159883915815
28.4,562.6869565827332,6.40495220411119,-1.3646191967677916,13.782735578385406,0.0,0.0,0.0,0.0,15.259403602789554,284.4925347822122,94745.37482149048,1.160191267323519,338.12573837690564
28.45,560.2743706483543,5.6998671430812955,-1.0265770243613839,10.884065182683782,0.0,0.0,0.0,0.0,12.329039732948944,284.50821659078565,94772.82745429715,1.1604634675955996,338.1350573385419
28.5,558.8513217626573,5.019652403865669,-1.6588905444352637,8.099321523643992,0.0,0.0,0.0,0.0,9.672013091255302,284.5174664085427,94789.0232397224,1.1606240461483466,338.1405539499826
28.55,557.1133022025958,4.753826177751884,-2.0649606013711344,13.353113172618926,0.0,0.0,0.0,0.0,14.323706120074622,284.5287635356831,94808.80676101163,1.1608201894304262,338.1472670332927
28.6,556.1379467062643,3.4697626333297196,-2.1565133049025786,10.286746520383947,0.0,0.0,0.0,0.0,11.068286061559137,284.53510334640924,94819.91049774384,1.1609302737695413,338.1510342758417
28.65,556.0491493240512,4.878140110020755,-2.3545549876858205,7.644469510394535,0.0,0.0,0.0,0.0,9.368996436032043,284.53568052939363,94820.92144581859,1.160940296359294,338.1513772474503
28.7,557.2304656729872,1.7871584314230027,-0.41322184449306665,2.205293253825915,0.0,0.0,0.0,0.0,2.868450084478144,284.5280019731256,94807.4730080957,1.160806966211602,338.14681449473983
28.75,558.8529338493177,2.9943358771184823,-0.22692195901186246,6.996245337331433,0.0,0.0,0.0,0.0,7.613474222758787,284.5174559299794,94789.00489122138,1.160623864228926,338.1405477232519
28.8,560.8899846700066,2.389694816155421,-2.6079325329197993,-5.080634117657498,0.0,0.0,0.0,0.0,6.190702419606918,284.5042150996449,94765.82181692157,1.160394006233905,338.13267946487264
28.85,562.0826128580763,11.448720796761451,-13.03648950884574,3.9312310471565173,0.0,0.0,0.0,0.0,17.78982417402068,284.49646301642247,94752.25099845989,1.1602594478845647,338.1280727659413
28.9,564.1412741229784,13.513625302424696,-12.622612527748071,23.484972801400136,0.0,0.0,0.0,0.0,29.891342614919452,284.4830817182006,94728.82936316726,1.160027207386379,338.12012074127335
28.95,564.7376611749739,-4.117212845039531,1.6613168497995976,11.687968683736617,0.0,0.0,0.0,0.0,12.50280077577798,284.47920520236266,94722.04507223195,1.1599599347609335,338.11781703227865
29.0,564.9157242035814,-0.2061737814963143,-4.219759875711601,12.611705296025924,0.0,0.0,0.0,0.0,13.300525986240185,284.4780477926767,94720.01956564274,1.15993984978035,338.1171292118206
29.05,562.8937528469871,0.04162067601797037,-2.0574026625714685,9.123157316616789,0.0,0.0,0.0,0.0,9.35235999202163,284.49119060649457,94743.02200210204,1.1601679377854426,338.12493958451506
29.1,561.646627425723,0.8882526697306556,-1.6472514838521246,9.019467411340889,0.0,0.0,0.0,0.0,9.21158089800969,284.49929692173276,94757.2118584846,1.1603086365836888,338.12975683003225
29.15,559.6318696194905,-0.02388131100298585,-3.5195374652062683,7.58923397969184,0.0,0.0,0.0,0.0,8.365655185609494,284.5123928474733,94780.1395108516,1.1605359660819476,338.1375390482608
29.2,557.7279000234138,2.709289140439241,-5.261835662583546,7.277027010116592,0.0,0.0,0.0,0.0,9.379887221736968,284.5247686498478,94801.81053760782,1.1607508264190685,338.14489317053767
29.25,556.9877783158788,-0.43731068217051233,-1.6215216619613286,0.9583237237135926,0.0,0.0,0.0,0.0,1.9336384078680673,284.52957944094675,94810.23570319418,1.1608343563443744,338.14775186289984
29.3,555.765523729289,3.3934684012063667,-0.7524184988074367,4.120909249559854,0.0,0.0,0.0,0.0,5.391071733008354,284.5375240957596,94824.15054934502,1.1609723097169053,338.15247272253225
29.35,554.4749583908763,-1.8588248709175934,-1.3602424739998837,-6.006810117966365,0.0,0.0,0.0,0.0,6.433292880175613,284.54591277045927,94838.8448790428,1.1611179867970471,338.15745735539303
29.4,554.1496839113927,16.50164306961631,-5.11608916827862,4.688081890807499,0.0,0.0,0.0,0.0,17.901304538767867,284.5480270545759,94842.54873326981,1.1611547054989044,338.1587136721785
29.45,554.6243627807469,12.057063228245031,-4.842091560439349,0.05288805847404493,0.0,0.0,0.0,0.0,12.993129781400077,284.5449416419251,94837.14367176275,1.1611011215378455,338.15688030504487
29.5,554.3956342811488,5.9360686647601195,3.584767871674966,-8.792549024888803,0.0,0.0,0.0,0.0,11.19805296654794,284.5464283771725,94839.74812059736,1.1611269412397662,338.15776373156706
29.55,556.6184517471785,23.388664385896014,16.535738335017687,-9.696371327921938,0.0,0.0,0.0,0.0,30.240368400024508,284.53198006364335,94814.4401540173,1.1608760401557,338.1491783638936
29.6,564.6348417939214,10.28646279175365,6.261308047932825,-13.138983294542852,0.0,0.0,0.0,0.0,17.822687150133024,284.4798735283395,94723.21468155323,1.1599715326028024,338.1182142015331
29.65,571.5024514995098,14.793569614775619,7.478210922317121,-12.671441363479676,0.0,0.0,0.0,0.0,20.864773345856868,284.43523406525316,94645.11871636145,1.1591970734420654,338.09168507048986
29.7,576.1149643668186,16.616946357640888,-1.407621016219806,-16.46244976227662,0.0,0.0,0.0,0.0,23.433236126354807,284.40525273161563,94592.69616793015,1.1586771432673697,338.07386606369676
29.75,579.3444789282903,20.50202708031478,-1.2304952212720104,-18.552715527497543,0.0,0.0,0.0,0.0,27.67761706389808,284.3842608869661,94556.0057929385,1.15831321317906,338.0613892810669
29.8,578.6204495842182,17.53131092861078,2.167317776263386,-17.105823508098982,0.0,0.0,0.0,0.0,24.589699614049106,284.38896707770255,94564.23045661501,1.1583947955637377,338.06418650829653
29.85,574.1647027382164,18.23880084389673,9.65006557822531,-15.977816661691083,0.0,0.0,0.0,0.0,26.097284287105243,284.41792943220156,94614.8585880905,1.1588969582497934,338.0814004066459
29.9,568.858793626065,8.188185093810239,5.031196115957962,-8.42537196611877,0.0,0.0,0.0,0.0,12.78069646987936,284.45241784143053,94675.17525980242,1.1594951514401592,338.1018975958811
29.95,566.5052064328645,18.028199104003384,20.111688982753133,-7.682341963903875,0.0,0.0,0.0,0.0,28.080498120990313,284.46771615818636,94701.94040525358,1.15976057269487,338.1109893104487
30.0,565.4993265713318,5.298948664284097,6.063451449664967,-11.2502053566696,0.0,0.0,0.0,0.0,13.835151643419012,284.47425437728634,94713.38120463898,1.1598740230322295,338.1148748674037
30.05,561.8674620573572,23.932623411049832,6.425261161366912,-0.3759836813747015,0.0,0.0,0.0,0.0,24.782974156778693,284.49786149662714,94754.69906545445,1.1602837214044817,338.12890382167797
30.1,555.157458995372,17.624240553603745,4.72714422988352,-2.8777149230341834,0.0,0.0,0.0,0.0,18.47270935297975,284.54147651653005,94831.07372244868,1.1610409454101362,338.15482129891024
30.15,547.3450358919218,12.944819275268406,3.0097302419110523,-2.4189700972643937,0.0,0.0,0.0,0.0,13.508450633951096,284.59225726670246,94920.05915152072,1.161923053817194,338.1849943858682
30.2,541.568305008108,13.057449727017776,3.4400118060025813,-0.28153221404188244,0.0,0.0,0.0,0.0,13.505922219033287,284.62980601744727,94985.90101493505,1.1625756398588423,338.20730350516016
30.25,538.7238821013894,11.781981032559727,3.572238273285314,1.5136988899708081,0.0,0.0,0.0,0.0,12.4043237486862,284.64829476634094,95018.33468487933,1.1628970717835938,338.21828782274537
30.3,537.2342483697772,12.097561069921964,2.17847026452411,0.5564382461710349,0.0,0.0,0.0,0.0,12.304728361719699,284.65797738559644,95035.32388323758,1.163065433875156,338.22404020404826
30.35,536.3100672090482,14.089426818947445,2.525624479426706,1.752834485852557,0.0,0.0,0.0,0.0,14.420927703596218,284.6639845631412,95045.86535957814,1.1631698964905732,338.2276089800913
30.4,536.661886649624,12.68507925168404,1.2689896866172405,0.8870903522247164,0.0,0.0,0.0,0.0,12.779221405831265,284.6616977367774,95041.85229416365,1.1631301285722944,338.22625041453944
30.45,538.1230834213811,13.135555105953182,0.6770229403019716,0.5771930506257985,0.0,0.0,0.0,0.0,13.165649236589836,284.652199957761,95025.18646789744,1.1629649732938776,338.220607883413
30.5,539.8487677425668,12.439249424561863,-0.0813930736104482,-0.5144479690442905,0.0,0.0,0.0,0.0,12.450148906408637,284.6409830096733,95005.50705009208,1.1627699467805108,338.2139438906938
30.55,540.182522899598,11.452735746195987,-0.09661008626237705,0.14226038780640324,0.0,0.0,0.0,0.0,11.45402669801768,284.6388136011526,95001.70134251153,1.1627322306579713,338.2126550291919
30.6,540.063842840954,10.489047576266243,-0.19813401774092432,1.9259166928341038,0.0,0.0,0.0,0.0,10.666233227053493,284.6395850215338,95003.05460063757,1.1627456420337978,338.2131133362569
30.65,540.4614115432141,11.737562106615952,-1.1059889536375822,1.5265664859522623,0.0,0.0,0.0,0.0,11.88797632098364,284.6370008249691,94998.5213556099,1.162700715463465,338.21157804180854
30.7,541.0854037246673,13.957415934910149,1.3344031094094273,2.068063584608929,0.0,0.0,0.0,0.0,14.172754786154696,284.63294487578963,94991.40668833851,1.1626302049735273,338.2091683518257
30.75,539.108594943815,17.088243467226715,1.7457046141125927,1.23291820418156,0.0,0.0,0.0,0.0,17.22137151022394,284.6457941328652,95013.94745371747,1.1628535936154867,338.216802196719
30.8,538.6030244263477,14.791826244717567,-1.9204103191773294,1.13795075444934,0.0,0.0,0.0,0.0,14.959312529908251,284.64908034122874,95019.712968955,1.1629107307221407,338.21875453133816
30.85,537.4276412970916,13.95784396082069,-4.291119196731725,3.287759976267803,0.0,0.0,0.0,0.0,14.968115367564701,284.65672033156886,95033.11810762681,1.1630435750745487,338.2232934019293
30.9,538.3599630476317,11.7603635487601,-3.5059375370262726,5.373095080782757,0.0,0.0,0.0,0.0,13.396562975616803,284.65066024019035,95022.48493649276,1.1629382010946139,338.2196931444491
30.95,542.0120381011324,3.022654017997551,-0.30806809229056326,8.38841633930209,0.0,0.0,0.0,0.0,8.921707905074822,284.62692175234264,94980.84213527755,1.1625255022554766,338.2055899074022
31.0,543.5142316382374,0.9307957664364468,0.6917468243159668,10.833261246373766,0.0,0.0,0.0,0.0,10.895156890102635,284.61715749435143,94963.71765697142,1.1623557810056009,338.1997887081762
31.05,540.2701350382829,-7.18578667989939,-5.317565041127381,7.645235945440196,0.0,0.0,0.0,0.0,11.762723359710982,284.63824412225114,95000.70234864981,1.1627223301715612,338.21231669678895
31.1,536.1767649603232,-2.779972542274889,-5.26935141257812,8.180002176858553,0.0,0.0,0.0,0.0,10.119621893057666,284.6648510277579,95047.38592152644,1.163184964584944,338.2281237309001
31.15,532.7397350624129,-3.8087026465741705,-5.165328285535737,8.90101010268263,0.0,0.0,0.0,0.0,10.973368352308004,284.68719172209427,95086.59849040226,1.1635735279080184,338.24139565901453
31.2,530.677291437527,-4.241993096286107,-5.42753888228732,8.106423373938433,0.0,0.0,0.0,0.0,10.637987763915461,284.70059760565607,95110.13489455554,1.1638067390831381,338.24935943736097
31.25,528.3126538762929,-4.365987441714689,-4.044788356825567,8.901957989921357,0.0,0.0,0.0,0.0,10.708268545710213,284.71596774980407,95137.12571089751,1.1640741648909454,338.2584898559292
31.3,527.0939191357049,-4.41372668940713,-4.555886222815581,8.339766358161004,0.0,0.0,0.0,0.0,10.47801438597694,284.7238895256179,95151.0392057223,1.1642120145711536,338.2631955795074
31.35,526.5186617221749,-4.783603127273347,-3.508876296133139,9.652375252227023,0.0,0.0,0.0,0.0,11.329758150579783,284.72762869880586,95157.60711451838,1.164277085611802,338.26541671472876
31.4,526.9730183482628,-6.363454132932387,-5.306567014089651,6.16557226869153,0.0,0.0,0.0,0.0,10.32799512864993,284.72467538073624,95152.4195405077,1.164225690200574,338.2636623926024
31.45,526.8952663691273,-6.507305342935678,-2.998102549869617,8.096088977937354,0.0,0.0,0.0,0.0,10.811119204985792,284.72518076860064,95153.30725016983,1.1642344851400144,338.2639626023995
31.5,527.340751900744,-5.734490205685122,-4.148047173048373,0.9262500639424683,0.0,0.0,0.0,0.0,7.137829673639364,284.7222851126451,95148.22114495991,1.1641840945934447,338.2622425252613
31.55,528.0392403009865,-5.346645319655333,1.332418137589665,4.46910283172208,0.0,0.0,0.0,0.0,7.094704672364911,284.71774493804355,95140.24695093327,1.1641050892984444,338.25954555378263
31.6,528.025510462998,-15.866372251842611,-19.44424163759911,1.0590006380251304,0.0,0.0,0.0,0.0,25.11855456921679,284.7178341819905,95140.40369047252,1.164106642226588,338.25959856701263
31.65,527.3446076280109,-11.078401736769957,-5.611498497321131,8.572377527976277,0.0,0.0,0.0,0.0,15.089915735644702,284.7222600504179,95148.17712510952,1.1641836584648932,338.26222763776246
31.7,527.2982119942419,0.2492384980195127,10.431084875568754,15.826089711206478,0.0,0.0,0.0,0.0,18.956127427757227,284.7225616220374,95148.70681326892,1.1641889063704522,338.26240677770886
31.75,527.1167406120712,-11.921844130646319,8.695719073539793,2.9457279861291963,0.0,0.0,0.0,0.0,15.047365585032306,284.7237411860215,95150.77865276471,1.1642094331455632,338.26310746285424
31.8,526.3714419338803,-11.78811801475394,10.648379312751548,10.472079863927798,0.0,0.0,0.0,0.0,19.02661727671221,284.72858562742977,95159.28803171605,1.164293739029608,338.26598514496726
31.85,525.1694971891774,-6.586136192085649,5.459181018448651,8.173143807128968,0.0,0.0,0.0,0.0,11.831319749922283,284.7363982682703,95173.01242322977,1.1644297091455444,338.27062593738435
31.9,524.7893239137663,-12.421945603225558,3.580190285014663,4.114226919905376,0.0,0.0,0.0,0.0,13.56647921145653,284.7388693945605,95177.3537608137,1.1644727188129993,338.2720937996394
31.95,523.7875651615504,-14.260432043531678,5.5530292189084545,8.12277801347232,0.0,0.0,0.0,0.0,17.325575841234986,284.7453808264499,95188.79397810332,1.1645860553528677,338.27596159456175
32.0,522.289133817427,-24.822820703018007,5.289586412834955,1.2251939888973453,0.0,0.0,0.0,0.0,25.409707837428154,284.7551206301867,95205.90834040512,1.164755599969479,338.281746961986
32.05,521.5636444837996,-32.86269068387601,1.023639665464243,-0.44452999331328047,0.0,0.0,0.0,0.0,32.8816344493971,284.7598363108553,95214.1954258941,1.1648376944726218,338.28454800395986
32.1,523.9001620214324,-60.03995738941599,15.019968825420113,-27.42971308741526,0.0,0.0,0.0,0.0,67.69627099698623,284.74464894686065,95187.50805154826,1.1645733159980534,338.2755268597994
32.15,527.603903929846,-27.00669681514348,15.584897615237924,-4.236269643479632,0.0,0.0,0.0,0.0,31.46739085203597,284.720574624456,95145.2168435041,1.1641543292601038,338.2612264572015
32.2,537.1397967108235,0.9702812707008931,-8.442492020314077,-16.397831240363644,0.0,0.0,0.0,0.0,18.469054838967416,284.6585913213796,95036.40118261233,1.1630761096640816,338.22440493601704
32.25,543.9943641165701,-1.5907811776188927,13.203062186293074,4.955630555604293,0.0,0.0,0.0,0.0,14.191888882521154,284.6140366332423,94958.24484274257,1.1623015385416593,338.19793450256475
32.3,539.7346595333182,9.141289643091502,1.8471271136559775,5.9769940255345295,0.0,0.0,0.0,0.0,11.076981199504244,284.6417247130334,95006.80821928426,1.1627828418347699,338.21438454096943
32.35,532.0648301721012,6.606738674708927,2.570450426617715,0.5128736955552161,0.0,0.0,0.0,0.0,7.107689550000501,284.69157860388134,95094.29991953881,1.1636498389612284,338.2440017111047
32.4,524.6403379846157,9.475810641843655,18.32841905342955,29.104721951117856,0.0,0.0,0.0,0.0,35.67641759159793,284.7398378031,95179.0551293257,1.1644895741831573,338.2726690377628
32.45,514.4442538128532,3.4519357965285824,15.581287931835199,12.291473778020457,0.0,0.0,0.0,0.0,20.143801081073878,284.80611235021644,95295.54946171008,1.1656435412546513,338.3120340309837
32.5,501.45877421413024,4.0797149615256005,10.601335794505026,5.435043132899545,0.0,0.0,0.0,0.0,12.592540992652271,284.8905179676081,95444.08087724204,1.1671144714151258,338.3621616783453
32.55,490.5667004332371,20.525259262280652,9.400262312700864,14.296948943915938,0.0,0.0,0.0,0.0,26.72178789745104,284.96131644718395,95568.81186754044,1.168349365773406,338.4042024571057
32.6,487.2569684142421,10.070548463701959,8.834772038694922,8.294645980854229,0.0,0.0,0.0,0.0,15.756595294770273,284.9828297053074,95606.73952363034,1.1687248062567228,338.41697619013127
32.65,490.81916102663,4.360979015503346,15.189036940624572,8.522323039602137,0.0,0.0,0.0,0.0,17.95424660487462,284.9596754533269,95565.91931218134,1.1683207316152215,338.403228079208
32.7,499.27664612409586,2.503463744149581,12.872440111422124,13.156533452647528,0.0,0.0,0.0,0.0,18.575828854483294,284.9047018001934,95469.05903365908,1.167361791264412,338.3705845850725
32.75,507.04462562629266,5.183292136540468,15.785477244270828,6.207705611462717,0.0,0.0,0.0,0.0,17.736499602816224,284.85420993342905,95380.16544529104,1.1664815601798075,338.34059961220606
32.8,511.55247512575136,-0.2612209645538912,15.014862991896265,3.574833573713123,0.0,0.0,0.0,0.0,15.436767217830457,284.8249089116826,95328.61019504374,1.1659709846566584,338.3231977626392
32.85,514.9082551549021,7.758282754326097,16.905997622972922,5.376386203950649,0.0,0.0,0.0,0.0,19.362573060883996,284.80309634149313,95290.24555487077,1.1655910077615181,338.31024271629116
32.9,518.4987532148207,4.434847058490525,24.97720708007756,24.86919076026209,0.0,0.0,0.0,0.0,35.52471521382802,284.7797581041036,95249.21136821444,1.1651845585221425,338.2963809875833
32.95,519.3426716245532,6.559631928810231,10.373212200878175,-2.1558317598806567,0.0,0.0,0.0,0.0,12.461136103214049,284.77427263444036,95239.56868152898,1.1650890415559478,338.2931228145239
33.0,515.4016501870595,6.09007122432368,12.500114565359231,1.6971279496399703,0.0,0.0,0.0,0.0,14.007929002600296,284.7998892737841,95284.60591685216,1.165535148348649,338.3083379144765
33.05,511.23499714216587,6.667978636789416,8.981267122095007,-7.092653507040368,0.0,0.0,0.0,0.0,13.245030463915015,284.8269725185759,95332.24037979072,1.1660069377767661,338.3244233661532
33.1,508.2390101267295,0.39375783517073654,13.732661601357126,1.2331944797061987,0.0,0.0,0.0,0.0,13.7935422758233,284.84644643417624,95366.50334324475,1.1663462631698076,338.3359889643761
33.15,505.526147359821,14.682584001982617,-5.526041685895811,-62.84863154895802,0.0,0.0,0.0,0.0,64.77704761152839,284.86408004216116,95397.53701869491,1.1666535870894592,338.34646125908176
33.2,504.15376786048154,1.778114733254232,1.5616006332721586,-22.100827927121337,0.0,0.0,0.0,0.0,22.227165442464276,284.87300050890684,95413.23940864149,1.1668090793102424,338.3517588464916
33.25,502.5208381693539,1.1502793228479296,-0.7545329479760567,-6.364339228622461,0.0,0.0,0.0,0.0,6.511319091177737,284.8836145518992,95431.92566895143,1.1669941128308612,338.3580620880367
33.3,501.39190442542014,-5.796159743324222,3.4300890686438916,-10.118944317028037,0.0,0.0,0.0,0.0,12.15541084785194,284.89095262123476,95444.84623676559,1.1671220497634487,338.36241979554353
33.35,500.4518261430662,11.746029490342115,-5.5365260752074335,-4.709141263460458,0.0,0.0,0.0,0.0,13.812977275325709,284.89706313007,95455.60644785827,1.1672285927520245,338.36604847425406
33.4,500.36796970163573,-39.57402912552282,28.96793795959255,1.4749635225670061,0.0,0.0,0.0,0.0,49.065473892049944,284.89760819693936,95456.56632309979,1.1672380969133709,338.36637215613496
33.45,499.3412875624781,-25.646616507372734,17.00396476615538,37.97071039894488,0.0,0.0,0.0,0.0,48.873905146258146,284.90428163084385,95468.31902670876,1.167354464303058,338.3703350753243
33.5,499.08393254762376,12.54156835648457,-7.725655614168641,48.137081935779285,0.0,0.0,0.0,0.0,50.34039480179946,284.9059544384404,95471.26522169217,1.1673836351227649,338.3713284398902
33.55,499.3669016567058,-11.145768356139666,8.317390143779312,3.843263099173259,0.0,0.0,0.0,0.0,14.428367970842315,284.9041151392314,95468.02580110662,1.167351561012939,338.370236207328
33.6,496.019925040149,-0.13345768523183382,2.6647102919389836,18.56964729255552,0.0,0.0,0.0,0.0,18.76033828222795,284.925870487239,95506.34757390183,1.167730978799416,338.3831549777659
33.65,491.34379665727636,-8.729232774660439,8.591997686976075,8.378922934632623,0.0,0.0,0.0,0.0,14.840090250120475,284.9562653217277,95559.90855088005,1.1682612289976515,338.4012032260564
33.7,486.20361535805165,-2.4642911776083483,7.603572893022924,13.805804261024468,0.0,0.0,0.0,0.0,15.952657554190546,284.98967650017266,95618.81291004369,1.1688443130484418,338.4210414485547
33.75,481.30202308180446,-5.4764625188767795,7.73232097300145,5.911831475870828,0.0,0.0,0.0,0.0,11.16826668508938,285.02153684996824,95675.01051972767,1.1694005397546847,338.43995776783913
33.8,479.0469915332276,-1.4614991210119248,8.32908098366329,9.809020177255038,0.0,0.0,0.0,0.0,12.950924544253068,285.036194555034,95700.8738302685,1.1696565059823156,338.4486600739195
33.85,479.0479862716907,-2.952286680514228,6.861771955786324,-0.7214211353867737,0.0,0.0,0.0,0.0,7.50468916556443,285.036188089234,95700.86242020906,1.169656393061164,338.4486562352116
33.9,480.93887388296577,0.8966367878902426,9.920465167387851,5.356873552884111,0.0,0.0,0.0,0.0,11.309981473386374,285.0238973197607,95679.17515247347,1.1694417575380285,338.44135919815153
33.95,482.4200908965444,-4.295501764357231,8.300577127961569,4.352347079616639,0.0,0.0,0.0,0.0,10.309890453650915,285.0142694091724,95662.1893234975,1.1692736449607584,338.4356429920822
34.0,483.99125005071306,-11.8322849764859,6.210751920470662,-3.094758981722874,0.0,0.0,0.0,0.0,13.716921678618652,285.00405687467037,95644.17475340741,1.1690953444950225,338.4295795822578
34.05,484.2133313320913,-4.8563856613507435,9.857342634111752,3.6093852790046164,0.0,0.0,0.0,0.0,11.566302243601694,285.0026133463414,95641.62863919901,1.1690701436364754,338.4287225184857
34.1,484.15059688356206,-8.00027129861094,10.835256025907684,1.4398489921983002,0.0,0.0,0.0,0.0,13.545489253573724,285.00302112025685,95642.34787061968,1.1690772624382046,338.42896462566205
34.15,483.25909654899925,-1.9660823187932284,12.644718718693616,4.77511723092303,0.0,0.0,0.0,0.0,13.658555404149082,285.00881587243146,95652.5691248462,1.1691784291675806,338.4324051190341
34.2,482.3833359439753,-1.9900368636755372,11.418029445267646,5.915850707391304,0.0,0.0,0.0,0.0,13.012645108659836,285.01450831636413,95662.61078069781,1.1692778162863553,338.4357848353174
34.25,481.54961659327734,-1.0481277154989388,9.829177146442344,7.544392906715715,0.0,0.0,0.0,0.0,12.434997362888497,285.01992749214367,95672.17117576714,1.1693724382901935,338.4390022755471
34.3,482.0679084740588,0.1759097155391125,8.277239094225731,8.534665415187764,0.0,0.0,0.0,0.0,11.890506507302453,285.0165585949186,95666.22774769705,1.1693136146697385,338.43700211788297
34.35,482.04000292518896,1.0097811705095137,7.074192017054898,9.760348310856328,0.0,0.0,0.0,0.0,12.096621423179068,285.01673998098624,95666.5477424367,1.1693167817568384,338.4371098094282
34.4,482.99555582633906,0.07698118107130802,4.748717878742324,9.86983601406243,0.0,0.0,0.0,0.0,10.953077674270821,285.01052888712877,95655.59084858812,1.1692083368359487,338.4334221732104
34.45,482.4849354073726,-0.9458132123323061,6.822836553086153,11.533944547473377,0.0,0.0,0.0,0.0,13.434192870691627,285.0138479198521,95661.44577604819,1.1692662857743483,338.4353927466082
34.5,481.80643178377255,-2.270486196852922,5.0543620955462085,9.445014593437355,0.0,0.0,0.0,0.0,10.950341749609393,285.0182581934055,95669.22615185866,1.169343290725847,338.43801119286803
34.55,480.33632959898006,-5.669950252295935,2.6619204848024025,12.540734127881663,0.0,0.0,0.0,0.0,14.017994471290722,285.0278138576066,95686.08551676784,1.169510149345744,338.4436844660517
34.6,478.40620546531613,-7.567687037870479,-3.1488236125411184,13.454357082878033,0.0,0.0,0.0,0.0,15.754513694799964,285.04035966447543,95708.22413900956,1.1697292487457556,338.45113286612406
34.65,476.8177278431516,-8.95621178949602,-2.475434421150508,14.217370534034266,0.0,0.0,0.0,0.0,16.98455563427404,285.0506847690195,95726.44716952283,1.169909589456736,338.45726272031135
34.7,475.59900213141725,-5.943991582294811,-2.756192164067006,20.937302893186178,0.0,0.0,0.0,0.0,21.93851142663691,285.0586064861458,95740.43030717882,1.170047966455837,338.4619656454583
34.75,475.82124636780065,-3.827567274509162,-3.0901591103921318,15.827421192052535,0.0,0.0,0.0,0.0,16.574275735580926,285.05716189860925,95737.88024855121,1.17002273138627,338.4611080348732
34.8,478.47290640355277,-3.2398508934062016,-4.464717870180011,18.22804058552485,0.0,0.0,0.0,0.0,19.044469093659472,285.0399261083769,95707.45900666347,1.1697216766179852,338.450875468174
34.85,481.89228569240584,1.1855718728093148,-3.4030383049132227,13.43157142052285,0.0,0.0,0.0,0.0,13.906594162299749,285.01770014299933,95668.24163996709,1.1693335467520358,338.43767987100244
34.9,485.9103730544265,-2.149137256534042,-6.048726755846964,17.93089206156886,0.0,0.0,0.0,0.0,19.045282261965948,284.9915825751462,95622.17423227035,1.168877584133526,338.4221731646347
34.95,489.0121855465507,-2.4963376930267827,-7.731178644315333,7.128505112922181,0.0,0.0,0.0,0.0,10.808256577862196,284.9714207939474,95586.62421088078,1.1685256911612643,338.4102020838965
35.0,489.674610313833,-1.0959890116328397,-2.416930786591007,10.51386712954374,0.0,0.0,0.0,0.0,10.843622473993259,284.96711503296007,95579.03351592377,1.1684505512097194,338.40764547849045
35.05,488.31216921997515,-0.15578417905082206,-2.9445854067997876,16.1876525284773,0.0,0.0,0.0,0.0,16.45402523126479,284.97597090007014,95594.64619625913,1.1686050992036299,338.4129037516318
35.1,486.8297917677282,2.0355766730529457,4.047372152263973,10.126914797477127,0.0,0.0,0.0,0.0,11.094106410439752,284.98560635350975,95611.6356142122,1.168773269896978,338.41862482033247
35.15,486.9184884058021,-3.7207901140243185,-1.4034723471734272,27.512809346211018,0.0,0.0,0.0,0.0,27.798717449243192,284.9850298253623,95610.61899986283,1.1687632070435434,338.41828250837506
35.2,488.43888059932664,-3.505485850646498,-5.916825634474907,19.244005192064982,0.0,0.0,0.0,0.0,20.435973000326804,284.97514727610434,95593.19407995978,1.168590725086343,338.4124147188576
35.25,487.74343563988043,-2.0165471489842597,-0.574854275648729,6.334253345620698,0.0,0.0,0.0,0.0,6.672307343701665,284.97966766834077,95601.16412056178,1.1686696179101335,338.41509872621833
35.3,485.30430410172977,-4.165195600150151,-0.6765313857129781,7.04650880045083,0.0,0.0,0.0,0.0,8.21339365781258,284.9955220233387,95629.12166767141,1.168946350627244,338.42451216706974
35.35,484.94867966330696,0.6274318277863078,-1.9023794288832812,6.752993726258187,0.0,0.0,0.0,0.0,7.043837196928957,284.9978335821885,95633.19842019532,1.1689867023377922,338.42588462124775
35.4,484.943861294466,-4.634216067569583,-4.588214521391749,3.2051703194670496,0.0,0.0,0.0,0.0,7.266415060538637,284.99786490158596,95633.25365723425,1.1689872490719468,338.4259032166426
35.45,483.32907367869865,-7.1897059156883945,0.07263373520973906,8.819973785220233,0.0,0.0,0.0,0.0,11.379327062069503,285.00836102108843,95651.76678914059,1.1691704879778781,338.4321350633607
35.5,478.3814812351575,0.011811153325069768,-0.8713734169838783,7.8992305533181,0.0,0.0,0.0,0.0,7.947155118005638,285.04052037197147,95708.50775409289,1.1697320555378365,338.4512282765187
35.55,473.52902501406726,3.2511226660768227,-1.012715642153843,7.907335508446057,0.0,0.0,0.0,0.0,8.609375494475392,285.0720613374085,95764.18412969197,1.170283025246895,338.4699533040774
35.6,470.6655017839457,-4.853937630318528,-4.302064290408985,-2.593918956745733,0.0,0.0,0.0,0.0,6.98547659304641,285.09067423840435,95797.05208081343,1.1706082556942285,338.4810027995479
35.65,469.5754013929634,-8.45467005287604,2.051803311094118,-0.7893170870673876,0.0,0.0,0.0,0.0,8.735809292466971,285.0977598909457,95809.56681768659,1.1707320842230176,338.48520908213163
35.7,470.5949227428787,4.513533179197072,0.20111206230086287,17.017775133331668,0.0,0.0,0.0,0.0,17.607302414338132,285.09113300217126,95797.86231301347,1.1706162727247436,338.48127513879194
35.75,470.10510985814403,-2.9458874987191632,-0.8392949970832072,9.461856987418788,0.0,0.0,0.0,0.0,9.945320854432223,285.09431678592205,95803.48541238524,1.1706719114308557,338.4831651452676
35.8,469.90845784820385,-3.0803662752377723,-6.9392431251951265,3.3172359171427273,0.0,0.0,0.0,0.0,8.285276438971232,285.0955950239867,95805.7430717016,1.1706942500473227,338.4839239495571
35.85,470.2256180847704,-2.1133142785496917,-1.0534364830004868,6.747493233294382,0.0,0.0,0.0,0.0,7.148740490253645,285.09353348244895,95802.10194148029,1.1706582225020377,338.48270014964095
35.9,470.27043543658056,-1.4019220577573757,-3.733081591212404,10.948662630015708,0.0,0.0,0.0,0.0,11.652231417568828,285.0932421696622,95801.58742884763,1.1706531315817639,338.4825272162836
35.95,469.2789749201972,-1.5065001519692833,1.2225400299142581,12.809978702545989,0.0,0.0,0.0,0.0,12.95606812240149,285.0996866630187,95812.97012704627,1.1707657581335738,338.486352870049
36.0,469.8188200186349,1.7997755294547253,-3.5213028442757146,9.082820623283038,0.0,0.0,0.0,0.0,9.906381587252934,285.09617766987884,95806.77217123625,1.1707044325335014,338.4842698268181
36.05,471.58194150110205,0.21956902168772108,0.420088466555232,16.735533105248976,0.0,0.0,0.0,0.0,16.74224456851297,285.0847173802428,95786.53205390193,1.1705041616755723,338.47746656697575
36.1,472.0669725226699,-12.58300120752415,9.208045070122681,26.937353911680376,0.0,0.0,0.0,0.0,31.124605204967448,285.0815646786026,95780.96464738305,1.170449072179871,338.47559498048014
36.15,470.62753599953396,-5.958990322105492,3.0799761839570787,23.92594248111862,0.0,0.0,0.0,0.0,24.848471634337724,285.090921016003,95797.48791915712,1.1706125681994586,338.481149295941
36.2,469.26096436344056,-2.972462382333595,1.243539116520055,13.486579140216676,0.0,0.0,0.0,0.0,13.866136414085625,285.0998037316376,95813.17691165251,1.1707678041483904,338.48642236526
36.25,469.19769796747755,-6.125075364427775,2.002712661951969,16.16433029553291,0.0,0.0,0.0,0.0,17.401522350913606,285.1002149632114,95813.9032949922,1.1707749912873446,338.4866664837269
36.3,466.985905286632,-4.108276342979335,1.4080424106527607,8.603738383250718,0.0,0.0,0.0,0.0,9.637677734179649,285.11459161563687,95839.30045362933,1.1710262748235722,338.49520075264877
36.35,464.37659900848814,-5.838542741581073,5.206995564966542,15.538486242508542,0.0,0.0,0.0,0.0,17.396722072490483,285.1315521064448,95869.26911537054,1.1713227732456093,338.50526856315986
36.4,461.60930318853684,-0.8749595758749315,5.183349341793782,12.49962123493563,0.0,0.0,0.0,0.0,13.559985091265512,285.1495395292745,95901.06062495218,1.1716372869484242,338.5159456371731
36.45,459.2375693905657,-2.9400215490493533,4.432554939079894,11.88033853139996,0.0,0.0,0.0,0.0,13.016670604171509,285.1649557989613,95928.31459450617,1.1719068949331743,338.5250962438805
36.5,458.6970440251138,-2.629038536105069,5.64494090237442,14.831424137625197,0.0,0.0,0.0,0.0,16.08565644808307,285.1684692138367,95934.5267347314,1.171968346055591,338.52718166044593
36.55,458.2791360004495,-6.983115260120618,5.0685271132886935,16.352402872716077,0.0,0.0,0.0,0.0,18.48931976969096,285.17118561599705,95939.32988386406,1.1720158587759455,338.5287939946922
36.6,458.4824537648137,-9.199432252133102,-0.48636409735369857,7.662501883350485,0.0,0.0,0.0,0.0,11.982488844523543,285.1698640505287,95936.99306415638,1.1719927430269461,338.528009573781
36.65,458.7258279438087,-5.879011772647621,3.164332421665789,5.9224754955108985,0.0,0.0,0.0,0.0,8.924768629643104,285.1682821183652,95934.1959192157,1.1719650736139762,338.5270706086995
36.7,455.37281256774264,-4.814356251552429,0.645206352456174,8.140952474504553,0.0,0.0,0.0,0.0,9.479948551877989,285.1900767183096,95972.73856476655,1.172346324712547,338.5400066916569
36.75,450.4375168956038,-0.10996288479025396,0.31715210415438666,0.6182213727376632,0.0,0.0,0.0,0.0,0.7034734955281473,285.2221561401785,96029.49220624102,1.1729076599352115,338.5590463834242
36.8,447.3061477766735,-8.988575851431111,-7.751928106789774,-8.895099698363657,0.0,0.0,0.0,0.0,14.832723413237268,285.2425100394516,96065.51560722444,1.1732639250968762,338.5711262195204
36.85,445.19934533889636,-4.169407082891367,-4.284209663060922,8.134399695165886,0.0,0.0,0.0,0.0,10.094893078217527,285.2562042552972,96089.7585074145,1.1735036688485643,338.5792533574322
36.9,445.1495708984046,-1.6928693663530252,-9.177684698062265,-10.204936426137404,0.0,0.0,0.0,0.0,13.828826073462952,285.2565277891604,96090.3313200143,1.1735093333881401,338.57944536346247
36.95,446.29715773635075,-2.4319996939998467,10.161635765234442,22.151116089378917,0.0,0.0,0.0,0.0,24.491741627374086,285.2490684747137,96077.12540142116,1.1733787385231322,338.5750184935876
37.0,447.5139387450179,-7.3649405731013005,-4.562388962056758,11.307212613754281,0.0,0.0,0.0,0.0,14.2446761907407,285.2411593981574,96063.12483234468,1.1732402815372869,338.5703246407421
37.05,448.40436305650053,-5.945153193140855,-11.31518271535418,16.85317249156966,0.0,0.0,0.0,0.0,21.152012419681565,285.2353716401327,96052.8804471884,1.1731389684593578,338.56688969983486
37.1,449.6042985985819,-0.8865215259770435,3.584414998429489,17.80757899922342,0.0,0.0,0.0,0.0,18.186363603276217,285.2275720591092,96039.07651607509,1.1730024495724554,338.5622607193457
37.15,449.9524879820066,1.0435048224149615,5.066045022236356,5.805171785677438,0.0,0.0,0.0,0.0,7.77519992945226,285.2253088281169,96035.07128306778,1.1729628376971895,338.56091750046306
37.2,451.0777114969635,0.6229383165500201,7.415093837317084,11.44964002135959,0.0,0.0,0.0,0.0,13.65525266632453,285.2179948752697,96022.12872775135,1.1728348332856673,338.55657666116105
37.25,450.8331144964269,0.05545296632920195,2.3710999028673903,6.712368237000494,0.0,0.0,0.0,0.0,7.1190643437143875,285.2195847557732,96024.94201326693,1.1728626575106127,338.55752026177555
37.3,450.4710328253653,1.3919117671546606,3.3093985834105752,9.985805059275435,0.0,0.0,0.0,0.0,10.611589891871736,285.2219382866351,96029.1066967596,1.1729038471760844,338.55891708718895
37.35,449.29718903408065,-1.0827593986405761,0.4987480077967393,8.26367940207893,0.0,0.0,0.0,0.0,8.349222403970881,285.2295682712785,96042.60931894652,1.1730373888385426,338.5634454591616
37.4,448.35858646313005,-3.9079697603975148,1.9397582730424605,13.50873498563844,0.0,0.0,0.0,0.0,14.195802573938188,285.23566918798963,96053.40708807197,1.17314417678778,338.56706629053184
37.45,448.0238905845243,-2.5449175224062404,0.4697012780562898,4.0628810820353225,0.0,0.0,0.0,0.0,4.817076621065783,285.2378447112006,96057.25769757271,1.17318225805452,338.5683574318341
37.5,446.7703953847756,-3.7226690437548724,-0.04535089740341902,2.4650312344849086,0.0,0.0,0.0,0.0,4.465053247186678,285.2459924299989,96071.68002117093,1.1733248875300017,338.57319294037984
37.55,445.48577170908277,-2.2001951082963833,0.880635271542772,1.5480522781610861,0.0,0.0,0.0,0.0,2.830696531240372,285.2543424838909,96086.46231849652,1.1734710727358018,338.57814845911315
37.6,444.7541259694806,-0.6378004201988334,-0.8378913650118212,-2.039833650011214,0.0,0.0,0.0,0.0,2.2955985353029944,285.25909818119834,96094.88226475056,1.1735543374187976,338.58097079735325
37.65,442.94507744007035,-2.913247959022689,0.7335878690729971,13.299330528203992,0.0,0.0,0.0,0.0,13.634418114859892,285.2708569966395,96115.70377328807,1.1737602349472929,338.5879491376495
37.7,441.4292794273041,-5.450161993687139,-4.232748496623467,9.25612882126006,0.0,0.0,0.0,0.0,11.545403689298228,285.2807096837225,96133.15288487622,1.1739327773381638,338.59379616377726
37.75,440.35264018620825,-1.0554807012369958,-1.7851438139329046,2.332454798945411,0.0,0.0,0.0,0.0,3.121077271749313,285.28770783878963,96145.54817737696,1.1740553423312077,338.5979491213353
37.8,439.5312604190819,-2.2376533114570694,-2.354756976091369,1.8133981580869971,0.0,0.0,0.0,0.0,3.7202668773192964,285.29304680727597,96155.0055508673,1.1741488550783268,338.6011174234958
37.85,438.7095919426655,-2.923391570733384,-2.2841227029892734,2.6357330031461443,0.0,0.0,0.0,0.0,4.550881591738003,285.29838765237264,96164.46700222256,1.1742424063955736,338.6042868096312
37.9,438.4112086658668,-1.5352489295418192,-0.8756449469752777,1.9965410314808028,0.0,0.0,0.0,0.0,2.6664432188233573,285.30032714367184,96167.90305002808,1.1742763803267293,338.60543774314584
37.95,437.5199125068979,-10.112140594455278,-6.516888897968036,5.276271753607156,0.0,0.0,0.0,0.0,13.136372099190936,285.3061205687051,96178.1674082999,1.1743778678190722,338.60887565588934
38.0,436.78321911668075,-13.67581279486028,-3.878442044341717,1.8525070596112991,0.0,0.0,0.0,0.0,14.335339225051195,285.31090907574156,96186.65199745986,1.1744617565226962,338.6117172075831
38.05,436.3226290000635,-6.843030404939013,0.04745036462204277,1.6596432929808362,0.0,0.0,0.0,0.0,7.041571736477505,285.31390291149955,96191.9569788808,1.1745142071406776,338.61349376987965
38.1,435.07147304804425,-17.155196727636458,1.5318039227647666,1.2185467005314659,0.0,0.0,0.0,0.0,17.266500921816277,285.32203542518766,96206.36872949914,1.1746566940651808,338.6183196112109
38.15,433.1007649126411,-1.5981878700657353,2.5181769686007365,0.7194711329574779,0.0,0.0,0.0,0.0,3.0680707984620503,285.33484502806783,96229.07236645643,1.1748811534505714,338.6259207022251
38.2,432.0493623537016,-25.255884549668036,17.379777745571,0.6532287888237467,0.0,0.0,0.0,0.0,30.665014050578126,285.3416791447009,96241.18687435305,1.1750009193454658,338.6299759293039
38.25,430.1231875672099,0.9656976803731521,30.318587036629616,10.206545594330933,0.0,0.0,0.0,0.0,32.00504436611079,285.35419928081313,96263.3839174825,1.1752203552977152,338.63740499977314
38.3,429.07511520970303,27.245869389684817,25.588199773951207,18.637601402036804,0.0,0.0,0.0,0.0,41.766655988869935,285.3610117511369,96275.46353854332,1.1753397682008195,338.64144724535623
38.35,428.4851954765201,-3.496372995956994,4.364822439493873,-0.44441215695713965,0.0,0.0,0.0,0.0,5.610151621874209,285.3648462294026,96282.26323379001,1.1754069852267697,338.6437224491398
38.4,427.89020052813214,6.104422000942035,5.809333875289381,8.982772632692795,0.0,0.0,0.0,0.0,12.316758185936123,285.3687136965671,96289.12182228039,1.1754747835151504,338.64601721154116
38.45,426.8486665881453,-1.123518229015018,7.35785747912506,9.14191969523937,0.0,0.0,0.0,0.0,11.78876819723974,285.37548366717704,96301.1286794316,1.175593471083696,338.6500341374978
38.5,426.29885019002796,1.7811477366976776,6.276073182843126,13.598629622254272,0.0,0.0,0.0,0.0,15.082582983680124,285.3790574737648,96307.46748021484,1.1756561288806928,338.6521546173623
38.55,424.6340931172833,-0.11815264938495135,6.706319271502635,14.354314605637988,0.0,0.0,0.0,0.0,15.844084890504607,285.38987839473765,96326.66242639281,1.1758458623570087,338.65857501397073
38.6,421.8005091084533,1.776410585345774,8.930024257206995,16.019148920022232,0.0,0.0,0.0,0.0,18.425908388024816,285.40829669079505,96359.34127955667,1.1761688616892756,338.6695028949755
38.65,419.37400142326237,5.116371358915267,6.991597252126323,13.955906179026861,0.0,0.0,0.0,0.0,16.426411820481945,285.42406899074876,96387.33258128552,1.1764455124699726,338.6788605822811
38.7,417.0077948882909,1.8204356495978014,7.328926568655826,18.533509816154503,0.0,0.0,0.0,0.0,20.012949225653152,285.4394493332261,96414.63461144001,1.17671533614048,338.6879854726819
38.75,416.05079749988244,-4.61252730328382,4.104294087958804,14.866403699004719,0.0,0.0,0.0,0.0,16.09753388024928,285.44566981625076,96425.67852456911,1.1768244780764558,338.6916759075379
38.8,416.6175138916669,-9.263147374939138,4.249337449224281,13.42409011699424,0.0,0.0,0.0,0.0,16.854345538062407,285.44198615970413,96419.13839704017,1.1767598452782926,338.68949050420844
38.85,420.0197094117011,-10.532438039046962,1.1660172521350587,2.6803493708614554,0.0,0.0,0.0,0.0,10.930513255493421,285.41987188882393,96379.88328817885,1.1763718892070558,338.6763704718144
38.9,424.411321350477,-5.148993853339081,5.964834981168372,7.738355057679166,0.0,0.0,0.0,0.0,11.044162849804518,285.3913264112219,96329.23125961455,1.1758712535811562,338.6594341589759
38.95,429.7117055917135,-2.7714043498293917,-5.038855574909367,-2.571412538357636,0.0,0.0,0.0,0.0,6.299437277842469,285.3568739136538,96268.12633142725,1.1752672366957313,338.6389920249587
39.0,433.1923338721792,15.548517332644163,-1.9319774987295366,25.98570748135735,0.0,0.0,0.0,0.0,30.343795438372645,285.3342498298308,96228.01734579583,1.1748707232176954,338.6255675212876
39.05,433.20618000420444,12.747469312452143,-5.081767095396275,12.879823238492733,0.0,0.0,0.0,0.0,18.820525426740318,285.33415982997263,96227.85781705617,1.1748691460695266,338.6255141168059
39.1,430.3545589161844,-4.8540043293281006,-5.7226395284415466,5.31279204702069,0.0,0.0,0.0,0.0,9.194330891179844,285.35269536704476,96260.71739844525,1.1751939950817896,338.63651263139695
39.15,425.7824360652191,-0.6032588199747926,-1.5521983551074354,14.5452133941895,0.0,0.0,0.0,0.0,14.640234752898781,285.38241416557605,96313.42149584633,1.1757149824376267,338.65414626240744
39.2,421.7620515631677,-0.737817709152852,-2.771278934212844,12.925251571288975,0.0,0.0,0.0,0.0,13.23958043460062,285.4085466648394,96359.78486033912,1.1761732459193524,338.6696512063031
39.25,418.9762469768523,2.2480035098846622,-3.152451491219224,16.329938468260412,0.0,0.0,0.0,0.0,16.782680374782668,285.4266543946504,96391.92155856483,1.176490865963483,338.6803944747587
39.3,418.55735438165937,4.764183325122644,-1.897812638297554,15.513627955461047,0.0,0.0,0.0,0.0,16.33927133950352,285.42937719651917,96396.75460240568,1.176538631156227,338.68200987646975
39.35,418.57577622599746,10.505619984814587,-9.045449093308441,15.77188152859727,0.0,0.0,0.0,0.0,20.99858203586799,285.429257454531,96396.54205315044,1.1765365305318203,338.6819388353214
39.4,419.76296176470436,13.138306760674402,-1.4154972962346772,30.53785027102438,0.0,0.0,0.0,0.0,33.27429993716974,285.4215407485294,96382.84523453887,1.1764011630077125,338.67736059649974
39.45,420.2250347921182,9.150517503881163,-6.023568788935763,25.77852161922304,0.0,0.0,0.0,0.0,28.009775586688054,285.4185372738512,96377.51462325802,1.1763484788609118,338.6755786504876
39.5,420.15968388515694,4.839184283642618,-2.528796938099319,17.176024839737323,0.0,0.0,0.0,0.0,18.02299497254737,285.41896205474643,96378.26851617919,1.1763559298609307,338.67583067136775
39.55,419.1014458111381,2.9445586342242525,-0.08875696708048009,20.199817198729523,0.0,0.0,0.0,0.0,20.413498431471243,285.4258406022276,96390.47709402237,1.1764765901660765,338.67991166116894
39.6,416.3383383408979,5.433345660199371,-5.176596650273829,14.18797367100722,0.0,0.0,0.0,0.0,16.050451546047782,285.4438008007841,96422.3601465629,1.176791684316208,338.6905670782862
39.65,414.3779951801037,1.6079058961078259,-2.4424329940838065,12.787965339343002,0.0,0.0,0.0,0.0,13.118037117708026,285.4565430313293,96444.98540887695,1.177015273459692,338.698126578817
39.7,412.83525334949553,2.4601151314057645,-2.980775308961283,11.691998542191541,0.0,0.0,0.0,0.0,12.314220146354943,285.46657085322823,96462.79395618968,1.1771912554651325,338.70407560108697
39.75,411.4158852191537,2.1775838213055563,-1.8539413660055326,10.610867476870055,0.0,0.0,0.0,0.0,10.989516754575556,285.4757967460755,96479.18069835045,1.1773531818956853,338.7095487853057
39.8,411.11317244580573,1.5899255074497691,-2.3100552306652906,8.862017111160515,0.0,0.0,0.0,0.0,9.29513666206502,285.47776437910227,96482.67583817175,1.1773877186214485,338.7107160557957
39.85,411.1763875644158,2.6445327835720156,-1.6092478342770993,9.85757149351978,0.0,0.0,0.0,0.0,10.33222860690599,285.47735348083125,96481.94594415437,1.1773805062974578,338.71047229653476
39.9,411.1669366854316,2.77572277312387,-2.1735028505737275,10.080492629187141,0.0,0.0,0.0,0.0,10.679189257700552,285.47741491154466,96482.05506555147,1.1773815845627036,338.71050873939896
39.95,411.9267911959991,2.1569220619743255,-2.326337595893864,10.5973694046086,0.0,0.0,0.0,0.0,11.062025026604996,285.47247585722596,96473.2819798645,1.1772948940101828,338.7075787057966
40.0,411.31320770311123,3.767559433445087,-0.8536004577599802,12.064484585586271,0.0,0.0,0.0,0.0,12.66786983442275,285.47646414992977,96480.36620761358,1.1773648963631014,338.7099447136625
40.05,410.88908636204724,4.381769108162402,-0.6943028065167751,10.648192677361612,0.0,0.0,0.0,0.0,11.535422150862138,285.4792209386467,96485.26321556287,1.1774132852688668,338.71158013657276
40.1,409.31800293608666,0.26386681378527266,-2.94242528324366,8.070838868797729,0.0,0.0,0.0,0.0,8.59452920694234,285.4894329809154,96503.40507982967,1.1775925467750006,338.7176382062801
40.15,407.14120936813083,-0.1269260939143767,-3.326496594657759,7.089531922924032,0.0,0.0,0.0,0.0,7.8321869687683625,285.50358213910715,96528.54586123468,1.177840954655939,338.7260317044484
40.2,405.39315446933495,-0.8405737080635793,-2.900948531985939,8.141970174913997,0.0,0.0,0.0,0.0,8.68410875525567,285.5149444959493,96548.7387835273,1.1780404654369498,338.73277187864056
40.25,403.2032703848002,-5.313443606186372,-2.9546453158506467,4.877960937364029,0.0,0.0,0.0,0.0,7.794685035654125,285.5291787424988,96574.04038934289,1.1782904399969782,338.741215474657
40.3,401.7211690938793,-6.7041534639791855,-7.106349783966915,5.829253161315584,0.0,0.0,0.0,0.0,11.37655806205807,285.53881240088975,96591.16742083173,1.1784596444045974,338.74692993375686
40.35,400.9785722494538,-6.947582321996306,-9.905147484852801,1.4406821866196529,0.0,0.0,0.0,0.0,12.18426903759288,285.5436392803785,96599.74972915034,1.1785444301204218,338.74979308865375
40.4,400.4792208489186,1.2544528046761032,-9.384099521026156,0.052510043858645224,0.0,0.0,0.0,0.0,9.46772057912511,285.546885064482,96605.52115888425,1.1786014460031158,338.75171837329975
40.45,400.65465567754114,0.25918687413941155,-1.7863546457273778,-4.571262466185486,0.0,0.0,0.0,0.0,4.914741223176878,285.54574473809595,96603.49347723159,1.1785814146350906,338.75104197315557
40.5,402.054153784808,10.368574956532028,-10.767730812224242,-8.23813695228041,0.0,0.0,0.0,0.0,17.068048333604942,285.5366480003987,96587.3192649828,1.1784216275179458,338.74564607079486
40.55,402.1505875671853,11.143146578765979,-7.676077917460525,-4.764490406501476,0.0,0.0,0.0,0.0,14.345461188279506,285.5360211808133,96586.20484586827,1.1784106178411298,338.7452742577134
40.6,401.0697423048337,7.489472185661844,4.23846679055195,-4.153034798689913,0.0,0.0,0.0,0.0,9.555338423810195,285.54304667501856,96598.69602925747,1.1785340205622963,338.7494415748751
40.65,400.36032165096344,18.74874835128631,10.778178493426903,9.151121930451605,0.0,0.0,0.0,0.0,23.482498354349428,285.5476579092687,96606.89541940839,1.1786150222102414,338.7521767959548
40.7,399.3260838983328,7.5849299084622555,0.62790111481778,-5.828310541657486,0.0,0.0,0.0,0.0,9.58616843667325,285.5543804546608,96618.8500123199,1.1787331191041888,338.7561643325691
40.75,399.1974228703669,11.382520579465846,-2.823348279972422,-1.8679385714250434,0.0,0.0,0.0,0.0,11.875279565492518,285.5552167513426,96620.33726885285,1.1787478112023393,338.7566603859798
40.8,398.09775577731574,10.274282637402475,-1.274827559058933,1.7705588536649777,0.0,0.0,0.0,0.0,10.503377917263453,285.5623645874474,96633.0496216547,1.1788733904281758,338.7609001298076
40.85,397.838001855604,8.46340515391661,-4.4958392315570705,0.1479554630949961,0.0,0.0,0.0,0.0,9.58455465915916,285.56405298793857,96636.05262224673,1.1789030551693067,338.7619015979555
40.9,398.3068047309409,8.692458883850545,-2.359173626669719,0.8033731197070716,0.0,0.0,0.0,0.0,9.042673831211324,285.5610057692489,96630.63287324771,1.1788495167737467,338.76009414995747
40.95,397.82718291592784,8.672089119171256,-2.9965560562822224,0.9939123396581568,0.0,0.0,0.0,0.0,9.228886153172272,285.56412331104644,96636.17770104374,1.1789042907397285,338.7619433097677
41.0,397.91433786861353,11.007904721964549,-4.639609594504133,1.4034289926847288,0.0,0.0,0.0,0.0,12.027865832921993,285.563556803854,96635.17009802023,1.17889433728955,338.7616072886135
41.05,396.5866391731543,10.334226639244458,-2.6242039932718573,0.05010415606866775,0.0,0.0,0.0,0.0,10.662326071548792,285.57218684537446,96650.52061530428,1.1790459728526046,338.7667261221955
41.1,396.3520112070801,15.53584311270466,-8.339717215978403,0.83048204408843,0.0,0.0,0.0,0.0,17.65228044448118,285.57371192715397,96653.23352992506,1.179072771104037,338.7676307030608
41.15,395.8599768932134,8.930535145358897,-6.115083145493675,-0.3732267690705311,0.0,0.0,0.0,0.0,10.82995836002808,285.57691015019407,96658.922937238,1.179128970774177,338.7695276763518
41.2,395.7994368017652,10.68199959737058,-7.643365231405242,3.184150619081705,0.0,0.0,0.0,0.0,13.51536024765445,285.5773036607885,96659.62298284026,1.1791358857448162,338.76976107994216
41.25,396.60304454023395,-1.4455955462785266,0.4095996681492332,28.299308771628887,0.0,0.0,0.0,0.0,28.339167160020068,285.5720802104885,96650.33092854277,1.1790440991157713,338.7666628731183
41.3,396.6361130101338,-38.83809686120093,29.858966084339052,3.473245049073722,0.0,0.0,0.0,0.0,49.112310621642,285.5718652654341,96649.94857587088,1.1790403222117725,338.76653538125635
41.35,396.4887419432989,-8.817251023404188,11.67681094232091,8.626947254219125,0.0,0.0,0.0,0.0,16.985760163133897,285.57282317736855,96651.6525565293,1.1790571542191413,338.7671035538857
41.4,394.8334047268847,-13.578029074734177,16.55811987987943,7.654084658690189,0.0,0.0,0.0,0.0,22.740255483903024,285.58358286927523,96670.79409466397,1.179246231424504,338.7734854555115
41.45,393.234224824596,2.4450627147867774,8.619074476040344,4.288811826341394,0.0,0.0,0.0,0.0,9.932808433899067,285.5939775386401,96689.28917122725,1.179428916214454,338.77965073695515
41.5,391.8255865404166,-2.0044885455570602,10.46338838226281,3.227576701649329,0.0,0.0,0.0,0.0,11.13183372730528,285.6031336874873,96705.58294053261,1.179589852122441,338.7850813347461
41.55,390.6864380360557,-1.0714756302511603,8.821225077598049,16.92353543838181,0.0,0.0,0.0,0.0,19.114604982317363,285.6105381527656,96718.76113788763,1.1797200113035324,338.78947292891485
41.6,389.53013816688184,6.200811453355816,9.045906161920595,8.64792428130762,0.0,0.0,0.0,0.0,13.966569920548551,285.6180541019152,96732.13923727749,1.1798521414372796,338.79393058603733
41.65,389.11368773156585,8.376707845796295,6.39560076627978,7.249270641142633,0.0,0.0,0.0,0.0,12.791593658492918,285.6207610297448,96736.95783132501,1.1798997319105962,338.7955360317245
41.7,389.0488769429864,23.926531821551983,16.582346696810315,15.785586845908577,0.0,0.0,0.0,0.0,33.115523535808364,285.62118229987055,96737.70775048,1.1799071383888649,338.79578588118386
41.75,388.16498313110117,0.327402539281878,4.822324218689582,4.699135727004596,0.0,0.0,0.0,0.0,6.741207597582152,285.6269276096478,96747.9356672974,1.1800081519786398,338.79919332620784
41.8,387.0177317567681,2.392000733004421,6.125113545438365,6.3055399317401095,0.0,0.0,0.0,0.0,9.110352204057497,285.634384743581,96761.21231397563,1.1801392725939386,338.80361597377157
41.85,386.04362814026894,1.8217963318649804,6.712653358688456,7.75139611423276,0.0,0.0,0.0,0.0,10.414547455768343,285.64071641708824,96772.48635420887,1.1802506127122383,338.8073710923882
41.9,383.9992983756803,2.5811760544058746,5.850005508835937,6.336481098069375,0.0,0.0,0.0,0.0,9.00200127657398,285.65400456055806,96796.15039223693,1.1804843058917076,338.81525174164085
41.95,381.87463974318354,4.015190910576505,6.830983332465602,3.8142861773780137,0.0,0.0,0.0,0.0,8.793910983159657,285.66781484166927,96820.74923833032,1.1807272192054092,338.8234418549307
42.0,380.5292076371508,4.354413564874724,7.668664830572604,3.4637012387796227,0.0,0.0,0.0,0.0,9.474521837493945,285.6765601503585,96836.32898277682,1.1808810629235758,338.8286281110623
42.05,378.8935610921144,5.038867425464428,9.242965310665802,5.302561365732778,0.0,0.0,0.0,0.0,11.787270663853434,285.6871918529012,96855.27206690173,1.1810681119262973,338.834932953976
42.1,377.5122590269633,4.02080519377472,8.729182028772586,4.000150967174499,0.0,0.0,0.0,0.0,10.409932807560244,285.6961703163247,96871.27182162537,1.1812260922970308,338.8402572968882
42.15,376.1210671636501,3.9804744492567723,8.690091430651428,3.0208348604998703,0.0,0.0,0.0,0.0,10.024335846762051,285.70521306343625,96887.38829397505,1.181385220109965,338.8456196762814
42.2,375.55762863827835,4.23364661511832,8.596853330458258,3.2563657218779753,0.0,0.0,0.0,0.0,10.120947019016349,285.70887541385116,96893.91615040325,1.1814496722058019,338.84779143822726
42.25,374.66315416510105,3.417374177456905,10.025058798119103,2.1663509223552047,0.0,0.0,0.0,0.0,10.810796755710642,285.7146894979268,96904.28003716652,1.1815519972419894,338.85123914268314
42.3,374.17574181083944,5.177279313971982,8.641626134170881,2.9563602478968827,0.0,0.0,0.0,0.0,10.4986660701735,285.7178576782295,96909.92784998548,1.1816077585196065,338.85311783300756
42.35,374.0200997151298,3.382866308836012,8.428232080798868,1.1392789812463848,0.0,0.0,0.0,0.0,9.152968757095962,285.71886935185165,96911.73138405912,1.1816255648159173,338.85371774030847
42.4,374.1247076263267,4.535312706972446,9.505923758933653,2.203669289006057,0.0,0.0,0.0,0.0,10.760474255161503,285.71818940042886,96910.51921586346,1.1816135970833106,338.8533145394189
42.45,373.82461644356084,10.23945900396304,11.935931313933082,0.3093370279415782,0.0,0.0,0.0,0.0,15.729229683033553,285.72013999311685,96913.99662427192,1.1816479294487425,338.8544712100371
42.5,373.2028848080626,1.6207202054443777,7.749200736357711,-4.329923263088763,0.0,0.0,0.0,0.0,9.023584736729621,285.7241812487476,96921.20147208066,1.1817190619834095,338.85686759815593
42.55,373.0697488349038,1.7455211592100806,7.778426376956771,-2.8736974262636616,0.0,0.0,0.0,0.0,8.474013093965652,285.7250466325731,96922.7443555742,1.1817342945426768,338.85738075218626
42.6,371.93564191015486,0.8022090807017511,11.443488615275971,1.1574532933059642,0.0,0.0,0.0,0.0,11.529816530339758,285.73241832758396,96935.88807743811,1.1818640578314725,338.86175197756705
42.65,370.7975921561879,4.628601146276489,8.443463049326112,3.457375083503323,0.0,0.0,0.0,0.0,10.230809318166234,285.7398156509848,96949.07894548126,1.1819942832121126,338.866138343242
42.7,369.89461018052185,3.6946350542077333,9.435716038796087,4.400221981358644,0.0,0.0,0.0,0.0,11.04739873607385,285.7456850338266,96959.54623210148,1.182097617938553,338.8696186508078
42.75,368.52914299295804,3.5115162815200462,7.99908586128092,4.311602745715042,0.0,0.0,0.0,0.0,9.741973077789847,285.7545605705458,96975.37634424966,1.1822538913036762,338.8748814186222
42.8,367.863368024109,2.8806040011530905,7.519274919090596,4.776143785680325,0.0,0.0,0.0,0.0,9.362100415068022,285.7588881078433,96983.0955547905,1.1823300928572862,338.8774474111533
42.85,367.3431914027024,2.8563702560941633,7.537558737917847,4.904600353450319,0.0,0.0,0.0,0.0,9.435504617906036,285.7622692558824,96989.12699717343,1.1823896325056096,338.879452233182
42.9,367.0735092584688,2.3437434984134944,8.945914897271798,6.503886118854194,0.0,0.0,0.0,0.0,11.305886147605117,285.7640221898199,96992.25407831352,1.1824205013470943,338.8804916152934
42.95,368.15326391989055,0.9104706922227244,8.816825899331535,7.962495683383351,0.0,0.0,0.0,0.0,11.91497852823992,285.7570037845207,96979.7343467648,1.1822969122389733,338.87633011304484
43.0,369.1205500858859,-0.5651699636272502,7.303662410773895,7.120631984554581,0.0,0.0,0.0,0.0,10.215982652579227,285.7507164244417,96968.51979619484,1.1821862047077336,338.87260203429014
43.05,369.9083004554741,-1.0001261760047402,7.912541383143244,7.117271624855074,0.0,0.0,0.0,0.0,10.68943959662299,285.7455960470394,96959.38752882225,1.1820960512102625,338.8695658854948
43.1,372.559040726886,-2.8682530668009543,7.000413176385244,6.721736843704857,0.0,0.0,0.0,0.0,10.120000320718402,285.72836623527525,96928.66302391712,1.1817927278634281,338.859349198115
43.15,374.468610736798,-3.3696662732996177,6.5927869905009455,7.28227052129472,0.0,0.0,0.0,0.0,10.38513144071126,285.7159540302108,96906.53424611424,1.1815742532893692,338.85198899537363
43.2,376.6700246701455,-3.4811183431055497,6.823909487358812,8.06922993937711,0.0,0.0,0.0,0.0,11.126382944376463,285.701644839644,96881.0285534813,1.1813224270943463,338.84350371773064
43.25,378.1267438461835,-4.4303884851513295,3.423821690321984,7.678317318062383,0.0,0.0,0.0,0.0,9.503023410122564,285.6921761649998,96864.153920595,1.181155811292466,338.83788872472405
43.3,378.57898738610965,-6.097526130320441,5.1921453670949305,6.977690539102543,0.0,0.0,0.0,0.0,10.621975507525287,285.68923658199026,96858.91561622366,1.1811040884939294,338.8361455116683
43.35,377.7833142955367,-6.8368165548925885,4.699220184699394,5.4697814009826535,0.0,0.0,0.0,0.0,9.936963294894237,285.69440845707896,96868.13199360287,1.1811950902636303,338.839212498563
43.4,376.23785104718263,-8.030777339026681,4.307227958252426,5.0809859612706765,0.0,0.0,0.0,0.0,10.43369616636432,285.70445396819326,96886.03530995693,1.1813718614628625,338.8451695335169
43.45,374.56611068929413,-7.65867302617779,3.2915429871305877,4.097642482013519,0.0,0.0,0.0,0.0,9.288713671355886,285.71532028051956,96905.40449169495,1.1815630991147956,338.85161318950867
43.5,372.5215299592144,-9.544409208944975,3.5904796823659204,3.5336492796181473,0.0,0.0,0.0,0.0,10.792310629731798,285.7286100552651,96929.09775303469,1.1817970197929792,338.85949377715446
43.55,371.15119330327843,-7.0829903250956905,3.337331151090145,3.028113611455557,0.0,0.0,0.0,0.0,8.394998701686514,285.73751724352866,96944.98028180281,1.1819538199709005,338.8647754704771
43.6,370.62652317437573,-11.48418218509193,5.49552171161327,3.6163974903304212,0.0,0.0,0.0,0.0,13.235011528187796,285.74092759936656,96951.06189162248,1.1820138593363088,338.86679768657984
43.65,370.0530867857193,-5.46317389296338,5.442611226591536,1.6531607401390476,0.0,0.0,0.0,0.0,7.8867754108579735,285.7446549358928,96957.7091192064,1.1820794818200107,338.86900784681865
43.7,369.8937157777726,-15.898662759377617,4.218982947405463,12.947358240210836,0.0,0.0,0.0,0.0,20.933260139005444,285.74569084744445,96959.55660039211,1.1820977202949228,338.86962209803124
43.75,369.2863311143715,-12.498963346643817,-8.278296051553383,-3.2442630231438816,0.0,0.0,0.0,0.0,15.338823710482124,285.74963884775656,96966.59786468405,1.1821672315858531,338.8719630830322
43.8,369.0513681430461,10.639171209377078,-4.118816143882677,11.004709506493695,0.0,0.0,0.0,0.0,15.851190547459185,285.75116610707016,96969.32184495393,1.1821941224343064,338.8728686741508
43.85,368.59689046346887,1.7019162814882722,-3.5110266887483017,12.274558833503573,0.0,0.0,0.0,0.0,12.879775696627574,285.7541202119874,96974.59088603123,1.1822461374491129,338.87462030903316
43.9,367.7579173928945,1.6413150037591233,-6.024507411183734,9.808238146175306,0.0,0.0,0.0,0.0,11.627129483284383,285.75957353694616,96984.31822919133,1.182342162598252,338.8778538312773
43.95,367.1274620091252,1.9986762721788625,-7.294343028583314,12.166127483610662,0.0,0.0,0.0,0.0,14.325390221808252,285.7636714969407,96991.62846629458,1.1824143256612083,338.8802836762203
44.0,366.6955725940792,3.013819533660334,-8.694230191468357,10.613916340518259,0.0,0.0,0.0,0.0,14.047347325642411,285.76647877813843,96996.63655482454,1.1824637624491472,338.8819482158507
44.05,367.3213264425267,4.331871780581112,-10.385832249904444,9.575710138543517,0.0,0.0,0.0,0.0,14.775819750658686,285.76241137812355,96989.38052780536,1.1823921352289468,338.87953650305667
44.1,368.2565518114825,3.810578310524407,-14.458745487793776,8.387620901837506,0.0,0.0,0.0,0.0,17.144328873839807,285.7563324132253,96978.53679451224,1.1822850903875473,338.8759320266089
44.15,368.35922971317274,3.274546000632878,-11.883048937565503,8.668676700972442,0.0,0.0,0.0,0.0,15.069023170359115,285.7556650068644,96977.34632654293,1.1822733384423627,338.8755362906986
44.2,368.09752629643987,2.180598847716534,-11.546163293641582,9.702125243328942,0.0,0.0,0.0,0.0,15.238114462601322,285.7573660790731,96980.38059124978,1.182303291745548,338.8765449336928
44.25,367.49746976159645,-0.009434588325796467,-13.631651237269626,9.192177010519321,0.0,0.0,0.0,0.0,16.441354039699142,285.7612664465496,96987.33810956385,1.1823719734965077,338.8788576274343
44.3,367.00529709749736,-0.08666125729770303,-11.674357892371784,10.65226557662712,0.0,0.0,0.0,0.0,15.804078723155452,285.7644655688662,96993.04504076806,1.1824283092675507,338.8807545113181
44.35,366.0453788251799,-1.223964180248243,-9.975178718539611,10.81073239050766,0.0,0.0,0.0,0.0,14.760562780616048,285.77070503763633,97004.17644442046,1.1825381907132693,338.88445410416057
44.4,365.2603698990649,-2.9565785295507445,-8.274636614982816,11.764274956039886,0.0,0.0,0.0,0.0,14.683634868544026,285.77580759565603,97013.28033328298,1.1826280561650842,338.8874795540052
44.45,364.1851607894952,-5.5833438163275515,-7.588172467301412,10.48858336115578,0.0,0.0,0.0,0.0,14.098385385878347,285.7827964548683,97025.75084830164,1.1827511513363262,338.8916234009302
44.5,362.6443549977383,-6.84338981252527,-2.7309517443841127,11.655140435158602,0.0,0.0,0.0,0.0,13.788849847597817,285.7928116925147,97043.62372028142,1.1829275673690582,338.8975615652477
44.55,361.1366980855369,-9.956542406421736,0.8175306160110316,13.413495980350737,0.0,0.0,0.0,0.0,16.724920550300833,285.80261146244396,97061.11465589146,1.183100207474351,338.90337187524756
44.6,360.14109856487204,-13.179533314768394,-5.321589412663457,13.200226224605649,0.0,0.0,0.0,0.0,19.397561306845468,285.8090828593283,97072.66640666971,1.1832142230277232,338.9072087292896
44.65,359.4763625761623,-9.969070787625324,8.606308512394914,18.972169953824814,0.0,0.0,0.0,0.0,23.095327478432054,285.8134036432549,97080.37983094717,1.1832903529365477,338.90977047307865
44.7,358.60721340614066,-6.392959015228004,-4.9482631905365,-1.4516544033340752,0.0,0.0,0.0,0.0,8.21355794281155,285.81905311286005,97090.46596152824,1.1833898992315708,338.9131199503275
44.75,355.7818189896647,-11.962483443568628,23.486078863190865,18.936424447930435,0.0,0.0,0.0,0.0,32.45435381236008,285.83741817656716,97123.25940315523,1.183713544503619,338.9240080646649
44.8,350.69119640453397,-15.120102685684422,-7.649061530526618,-8.802769175433928,0.0,0.0,0.0,0.0,19.09487870292433,285.8705072233705,97182.36725494484,1.1842968396402171,338.9436247192974
44.85,346.3157027449525,4.8759803765227705,-9.101566061131027,-5.257715067377216,0.0,0.0,0.0,0.0,11.586943390173817,285.8989479321578,97233.19493040798,1.184798369379097,338.96048472572176
44.9,342.7340187146125,6.647075965022291,14.032598736937528,17.549066636867757,0.0,0.0,0.0,0.0,23.432182698628456,285.922228878355,97274.81738127724,1.1852090316530293,338.9742853364316
44.95,340.10141406816996,1.6557056374267929,4.221059613405551,4.654914877622532,0.0,0.0,0.0,0.0,6.498225752899161,285.9393408085569,97305.41985832967,1.1855109455212585,338.9844286847624
45.0,339.59440420332317,6.075303711184869,10.566534271706537,11.866622691813875,0.0,0.0,0.0,0.0,17.011105073103202,285.94263637267835,97311.3144442774,1.1855690974720627,338.9863821440151
45.05,339.80607814847855,5.535004088140647,5.578566977869406,7.07648817079328,0.0,0.0,0.0,0.0,10.575129531768672,285.94126049203487,97308.85345056796,1.1855448190738846,338.98556658644634
45.1,340.5734016448784,2.012050032213965,8.392786400443333,13.160254990827443,0.0,0.0,0.0,0.0,15.737837218601461,285.93627288930827,97299.93270753146,1.1854568124444442,338.98261015283117
45.15,341.009245147617,2.741193878588321,5.976913095567152,7.5806591592941395,0.0,0.0,0.0,0.0,10.035139626400937,285.93343990654046,97294.86597671147,1.1854068264737776,338.9809308725808
45.2,340.8210156110762,2.511601973613814,6.989174978216955,11.138526595986404,0.0,0.0,0.0,0.0,13.387437621871156,285.93466339852796,97297.05414050068,1.185428413923892,338.98165611131
45.25,340.6725669964824,1.4136278115384753,6.856888035282098,10.865059928555024,0.0,0.0,0.0,0.0,12.925354322765854,285.93562831452283,97298.7798801447,1.1854454392380376,338.98222807509734
45.3,340.83341056545123,0.7236807969376886,6.699140511021847,10.281283009522411,0.0,0.0,0.0,0.0,12.292557821875992,285.9345828313245,97296.9100482316,1.185426992376534,338.9816083542356
45.35,341.20092056313507,-1.7755265828335136,7.584419503594619,10.879281136075729,0.0,0.0,0.0,0.0,13.380383846909181,285.9321940163396,97292.63779561184,1.185384844135766,338.9801923554626
45.4,341.3009172710659,-2.5574028704002862,8.634854441716115,11.56403930188999,0.0,0.0,0.0,0.0,14.657012848695073,285.93154403773804,97291.47537407573,1.1853733761146805,338.9798070718163
45.45,342.2877606208129,-6.1816185116709335,7.77299225556066,9.886379044104451,0.0,0.0,0.0,0.0,14.013290357105515,285.9251295559647,97280.00431990594,1.185260205537486,338.97600477711626
45.5,343.9984235258017,-7.520510790419967,8.9791764409236,10.59358328552541,0.0,0.0,0.0,0.0,15.792646989451258,285.9140102470823,97260.12219136096,1.1850640473709118,338.9694135139555
45.55,346.43528377452645,-10.733541976091274,6.857483982016932,10.726218695323073,0.0,0.0,0.0,0.0,16.651900114282164,285.89817065546555,97231.80553807126,1.1847846605509977,338.9600239575634
45.6,348.3152096902456,-12.202181033289744,6.2965674831333995,9.777890652518236,0.0,0.0,0.0,0.0,16.856664250421325,285.88595113701336,97209.96510057346,1.1845691608675726,338.95278016772716
45.65,350.0482215572907,-13.342330085274567,5.2170764987790115,7.838855780622219,0.0,0.0,0.0,0.0,16.33044148968207,285.8746865598776,97189.83498723955,1.1843705288013036,338.9461023346013
45.7,351.240787618491,-10.477268464215172,5.415211157435742,3.7520530417840714,0.0,0.0,0.0,0.0,12.376411773176239,285.8669348804798,97175.98448078026,1.1842338556402592,338.94150693064785
45.75,351.65934066975757,-9.68669921889232,10.14282026298558,3.997179175354993,0.0,0.0,0.0,0.0,14.583771323097864,285.86421428564654,97171.12376905122,1.1841858905346243,338.9398940741157
45.8,350.9478220063246,-4.16097842424466,1.241992335781862,4.822229858559232,0.0,0.0,0.0,0.0,6.489236258447572,285.86883915695887,97179.38684616433,1.1842674296318971,338.94263584271465
45.85,350.53698804375813,14.064427314250752,1.2678813829051678,14.676616921527845,0.0,0.0,0.0,0.0,20.367099035951036,285.8715095777155,97184.15824183552,1.1843145126163817,338.94421894169625
45.9,349.69133417571453,1.3586249062459232,-10.44303349815489,11.819369118881674,0.0,0.0,0.0,0.0,15.830359965832447,285.8770063278578,97193.98020127392,1.1844114319644776,338.9474775433153
45.95,346.4435347278597,4.378915210150477,-8.005599796012188,10.990473008005297,0.0,0.0,0.0,0.0,14.284782933292707,285.8981170242689,97231.70967219298,1.1847837146621216,338.959992165068
46.0,344.57308307404116,5.91739354451203,-8.951303242423897,11.434923689346341,0.0,0.0,0.0,0.0,15.681162453072009,285.9102749600187,97253.44396628908,1.1849981579258317,338.9671992954226
46.05,343.09305456718425,4.140352688045336,-8.824041002876188,11.387550086176216,0.0,0.0,0.0,0.0,14.989413496431952,285.91989514531326,97270.64440512127,1.1851678610571035,338.9729019583233
46.1,341.8724880450056,7.77513052273266,-10.069181139126577,11.880258784318297,0.0,0.0,0.0,0.0,17.40636700292291,285.92782882770746,97284.83130941869,1.1853078277289837,338.9776048221929
46.15,341.5855298753042,7.9830229314267624,-6.906032914377773,11.72676204324086,0.0,0.0,0.0,0.0,15.777797493850315,285.9296940558105,97288.16692850649,1.1853407360712593,338.97871046749907
46.2,341.5595184828181,7.53267648067849,-10.175712996766233,9.353412427373856,0.0,0.0,0.0,0.0,15.740796485301365,285.92986312986164,97288.46929108072,1.185343719090431,338.97881068880616
46.25,342.49412161689526,9.798818913823153,-9.370620435219598,14.290590524216137,0.0,0.0,0.0,0.0,19.69889227793455,285.92378820949017,97277.60572084655,1.1852365412327377,338.97520966546773
46.3,344.7221249558114,9.398893030405471,-18.441786653998815,3.5216434741935503,0.0,0.0,0.0,0.0,20.996205798856693,285.9093061877872,97251.7119836095,1.1849810695055971,338.9666250203492
46.35,344.9846632032282,10.47981632504343,-9.089653779454798,9.774067922013728,0.0,0.0,0.0,0.0,16.96999586862476,285.907599689179,97248.66114556338,1.1849509686003594,338.96561342869336
46.4,345.90388337760385,10.35763643018241,-0.8585252198690811,18.209259990841428,0.0,0.0,0.0,0.0,20.96651729274682,285.90162475804556,97237.97991499564,1.1848455814826786,338.9620715382707
46.45,346.70898979518665,7.348679104169214,-6.1609934726255995,10.509757713047632,0.0,0.0,0.0,0.0,14.227295327389275,285.89639156633126,97228.62545329319,1.1847532832147938,338.9589693145197
46.5,346.2556760466494,4.746103019417869,-7.359280239587512,8.059701050684637,0.0,0.0,0.0,0.0,11.901398259957427,285.89933810569676,97233.89237681412,1.1848052509150868,338.9607160196243
46.55,345.3431681118361,6.223558756107419,-5.761321727005904,9.663941708429842,0.0,0.0,0.0,0.0,12.8575767925656,285.90526940727307,97244.49524758643,1.1849098657349846,338.9642320609961
46.6,344.1925963572297,7.669771791617126,-2.743419103682824,10.429433418521187,0.0,0.0,0.0,0.0,13.233473812469052,285.912748123678,97257.8656313784,1.1850417835447624,338.9686653489707
46.65,343.9547257434996,7.6079763725628,-3.462211010331958,10.368626395586112,0.0,0.0,0.0,0.0,13.318281529415973,285.91429428266724,97260.63002657602,1.1850690577958318,338.96958188512355
46.7,343.8029436771509,5.948338983656,-4.356733688361698,9.69771797918477,0.0,0.0,0.0,0.0,12.182347848407176,285.9152808660985,97262.3939835362,1.1850864613826841,338.9701667133245
46.75,343.1845085135565,5.0389824470191025,-3.8452079854647767,9.418014426811414,0.0,0.0,0.0,0.0,11.352355011030824,285.91930069466184,97269.58148391734,1.1851573742194512,338.9725495820624
46.8,342.3011450802298,4.616349904386953,-2.147883452383836,11.01354825003247,0.0,0.0,0.0,0.0,12.133521122104293,285.9250425569785,97279.84874665287,1.1852586706728816,338.9759532066736
46.85,341.06428336938194,5.539924545057807,-0.954173434108253,10.399178850605125,0.0,0.0,0.0,0.0,11.821342211194327,285.933082158099,97294.2261662499,1.1854005143710542,338.9807188128482
46.9,342.16191867785653,4.766448506610753,-0.4778251085694514,10.467488959907744,0.0,0.0,0.0,0.0,11.51154521888099,285.9259475285939,97281.46704407647,1.1852746365528297,338.97648964687215
46.95,343.1199508940335,4.7752530466550756,-0.8713840388064241,7.738692433858089,0.0,0.0,0.0,0.0,9.135081411160364,285.91972031918874,97270.33180225902,1.1851647769027482,338.9727983255771
47.0,343.0132504718197,4.933256762773995,1.5452912907735956,17.73248134551382,0.0,0.0,0.0,0.0,18.470675194204237,285.92041387193314,97271.57193390769,1.185177012088083,338.97320944687317
47.05,338.49273250290724,4.237567838479278,0.30052219138945485,9.2536276575722,0.0,0.0,0.0,0.0,10.182186385949562,285.9497972387311,97324.12367014082,1.18569546221751,338.9906267381576
47.1,333.1855265747837,-0.12731359233333495,5.801725043352256,8.91297836796394,0.0,0.0,0.0,0.0,10.635666674790382,285.9842940772639,97385.85011487817,1.1863043575872891,339.01107395014407
47.15,328.5358286677627,1.324703342673599,1.6435587101494105,2.793293307858075,0.0,0.0,0.0,0.0,3.501230024366195,286.0145171136595,97439.95533961624,1.1868380136796852,339.02898695018155
47.2,325.1110980946749,-0.5613020884726535,2.619876009688522,3.7113443274238946,0.0,0.0,0.0,0.0,4.577432365132961,286.0367778623846,97479.82205567547,1.187231195005904,339.04218014807026
47.25,323.74478386195256,-1.249493004013408,2.305309834755744,6.895575099848398,0.0,0.0,0.0,0.0,7.3773058875818105,286.04565890489727,97495.73077652372,1.1873880845642024,339.04744350033235
47.3,324.5567916533231,0.4342869419175997,2.193514742615986,5.6347771346341515,0.0,0.0,0.0,0.0,6.062245906509375,286.0403808542534,97486.27588596997,1.1872948423560534,339.04431547203205
47.35,325.8433253182766,-2.45130101287507,1.0914836401079393,5.615598674994468,0.0,0.0,0.0,0.0,6.223757841605443,286.0320183854312,97471.29721111424,1.1871471221881449,339.03935940913
47.4,327.80196433288415,3.171879401973929,5.327207995943715,6.623333233629482,0.0,0.0,0.0,0.0,9.072403600833349,286.01928723183624,97448.49702003665,1.1869222576872471,339.03181408218614
47.45,330.528798816334,-18.847360998834212,0.27147959640151575,23.51775882412601,0.0,0.0,0.0,0.0,30.139371226045775,286.0015628076938,97416.76158491512,1.1866092536121435,339.0213091319304
47.5,334.6142082523896,-12.311369744764919,-9.50391188554139,15.173760626351697,0.0,0.0,0.0,0.0,21.728717809992123,285.9750076463595,97369.2304498196,1.186140421511989,339.0055697519474
47.55,339.0420591078036,7.773753716687784,2.3309487634802615,20.617132549692354,0.0,0.0,0.0,0.0,22.15695654997029,285.9462266157993,97317.73643467663,1.185632451671415,338.9885102626507
47.6,343.57119603281245,-0.7102937921380907,-3.3244630433884566,18.92196897918826,0.0,0.0,0.0,0.0,19.224918253333833,285.9167872257867,97265.08732185299,1.1851130343343081,338.9710596532201
47.65,343.75316905227487,-0.3617702820641413,-1.9488684532066776,18.29642299989708,0.0,0.0,0.0,0.0,18.40347957795079,285.9156044011602,97262.97245208801,1.185092168667411,338.97035849863664
47.7,339.5616469084093,-1.501732375334271,-5.560649438088406,18.868158186487534,0.0,0.0,0.0,0.0,19.72773214666999,285.9428492950953,97311.69529629887,1.1855728546744073,338.98650835427054
47.75,331.04697914458114,0.01835336916616037,-3.6739075827129706,17.7298035557654,0.0,0.0,0.0,0.0,18.10645928663324,285.9981946355602,97410.7318468788,1.1865497805919192,339.0193128395381
47.8,322.25027016154866,-1.1268838059351411,-2.767978590218409,12.649132164008803,0.0,0.0,0.0,0.0,12.997388856633796,286.05537324394993,97513.13459913318,1.18755971302618,339.05320061244987
47.85,315.39704318778433,-2.369139138301764,-4.97224498455097,4.354074565943506,0.0,0.0,0.0,0.0,7.020969004975142,286.0999192192794,97592.97361282373,1.1883469738399302,339.0795991159772
47.9,311.5695878659249,0.5579773553151753,-2.0870922456896652,7.567181169048652,0.0,0.0,0.0,0.0,7.869531346672874,286.12479767887146,97637.5858942205,1.188786824464581,339.09434150868407
47.95,311.69980792987934,-6.195647787940283,-8.269059540281024,9.764032831951532,0.0,0.0,0.0,0.0,14.21617861228359,286.12395124845574,97636.06779614734,1.18877185754686,339.09383994436837
48.0,315.5042532420524,-5.034435849465232,-6.5706438195664365,12.843607935704558,0.0,0.0,0.0,0.0,15.279959729399826,286.0992223539266,97591.72422518443,1.188334655068502,339.0791861606555
48.05,318.85343980713094,-21.69127672476805,-9.641108631601382,20.817532311678114,0.0,0.0,0.0,0.0,31.57264818073652,286.0774526412536,97552.70052398648,1.1879498722235737,339.0662853970306
48.1,319.33940875940766,-16.282235981682007,-13.826292162901677,4.933214761377425,0.0,0.0,0.0,0.0,21.92291430031529,286.07429384306386,97547.03921172244,1.1878940479248332,339.06441344781683
48.15,317.5995939042604,4.56695891590582,1.3292456091315454,-1.318394484596302,0.0,0.0,0.0,0.0,4.935805065638341,286.08560263962227,97567.30847434077,1.1880939134685102,339.0711151554862
48.2,313.93111303913423,8.067456002979057,19.52704816187908,34.99793081402449,0.0,0.0,0.0,0.0,40.88085881607177,286.1094477652456,97610.05833796,1.188515423611805,339.08524558496975
48.25,310.0656703719583,3.916297833800724,8.999407470590546,9.98809954335411,0.0,0.0,0.0,0.0,14.003173070154626,286.13457314258227,97655.11986360728,1.1889596885309128,339.10013404422233
48.3,306.52338737009507,0.8247950153299884,8.098656532201545,12.442487653671396,0.0,0.0,0.0,0.0,14.86889449339288,286.1575979820944,97696.42893450515,1.189366923454946,339.11377722095614
48.35,303.4296050126415,-4.0877586182493495,5.407992179986449,10.928784765909747,0.0,0.0,0.0,0.0,12.860578773890674,286.1777075674178,97732.51929631116,1.1897226842543736,339.1256925390912
48.4,301.9424609254484,-3.3967094173612797,5.272349051106166,11.190401092060982,0.0,0.0,0.0,0.0,12.828108823357033,286.1873740039846,97749.8713420097,1.1898937231744902,339.13141994067917
48.45,301.1986614056694,-3.0207494582438144,6.019055210581387,11.98557958421657,0.0,0.0,0.0,0.0,13.748020617059616,286.19220870086315,97758.55095487996,1.1899792758538486,339.13428448125956
48.5,300.8338225314896,-6.533103277390367,7.4567647050849,11.792246962625237,0.0,0.0,0.0,0.0,15.405903632296056,286.1945801535453,97762.8085939087,1.1900212417625018,339.1356895496333
48.55,300.21412233775834,-6.260705286843917,8.929145502653167,10.178545303158927,0.0,0.0,0.0,0.0,14.91740106669809,286.19860820480454,97770.04078725723,1.190092525910852,339.1380761272093
48.6,299.5430000136434,-5.879967614261283,8.814554379371502,6.843584402230595,0.0,0.0,0.0,0.0,12.61368445467512,286.2029704999113,97777.87358973536,1.1901697288342934,339.140660721771
48.65,298.57681944657963,-8.120747071053767,11.363541424613793,7.043355694045765,0.0,0.0,0.0,0.0,15.642425199878339,286.2092506735972,97789.15096813331,1.1902808806724905,339.1443815960962
48.7,298.0850375201783,-2.344482376566997,9.924982201772897,5.587651188359631,0.0,0.0,0.0,0.0,11.628573219544986,286.2124472561188,97794.8915117195,1.190337459549759,339.14627549011425
48.75,296.68378595032266,1.531660408099098,8.822799434451573,13.251281497388348,0.0,0.0,0.0,0.0,15.9932559158329,286.22155539132285,97811.2497412738,1.190498683021628,339.151671771069
48.8,295.7008673175931,2.6092636772381015,8.041503709494329,13.698589519826466,0.0,0.0,0.0,0.0,16.097372260088434,286.2279443624356,97822.72566866378,1.1906117844280688,339.15545698238736
48.85,294.21224343625266,2.6990073928428187,7.0952092235001425,9.786025386516085,0.0,0.0,0.0,0.0,12.385189853102737,286.23762041766435,97840.1079620573,1.1907830914250803,339.161189579891
48.9,293.2091273389382,1.9734713458828674,6.95130016038465,11.263735642252838,0.0,0.0,0.0,0.0,13.382335509594032,286.2441406722969,97851.82251140643,1.190898538072454,339.1650524626262
48.95,292.6849265581782,2.6241687936311893,3.744201293679601,9.802377167235372,0.0,0.0,0.0,0.0,10.816279550464529,286.2475479773718,97857.94466332109,1.1909588707097571,339.1670710810034
49.0,292.67269226414805,0.6400613921941829,3.0049883423092294,5.539790826654762,0.0,0.0,0.0,0.0,6.334738820683943,286.247627500283,97858.08755160138,1.19096027883788,339.16711819328646
49.05,292.3508769159302,2.060832187262866,5.843510520097084,9.491564306736405,0.0,0.0,0.0,0.0,11.335053484278601,286.2497193000464,97861.84619789956,1.1909973192128664,339.16835744967375
49.1,293.0630986649259,0.7424618787706353,4.596076819834592,7.712184736931989,0.0,0.0,0.0,0.0,9.008494057933058,286.24508985867794,97853.52795218804,1.190915344937647,339.1656147982972
49.15,292.65150123054406,2.5275402286422133,4.5998297184021855,8.852866992930668,0.0,0.0,0.0,0.0,10.291751407813054,286.24776524200144,97858.33504894246,1.1909627178611042,339.16719979650617
49.2,292.8973887982802,1.8636176188265532,4.784458304596079,8.518075386087013,0.0,0.0,0.0,0.0,9.945939884228164,286.2461669728112,97855.46327498397,1.1909344171883876,339.1662529223148
49.25,292.9683778271305,1.322804387227225,5.68035088785266,7.472252633462493,0.0,0.0,0.0,0.0,9.478963924094408,286.2457055441236,97854.63419149358,1.190926246731634,339.165979554284
49.3,292.6701488218899,2.9927424908932494,6.104495847165548,7.3072754385551635,0.0,0.0,0.0,0.0,9.980864266173091,286.2476440326577,97858.11725730816,1.1909605715801121,339.16712798766946
49.35,292.7602440967923,-1.8231339667431445,3.9114614442220073,3.8845994549489524,0.0,0.0,0.0,0.0,5.806329392629873,286.24705841337084,97857.0650091277,1.1909502019299456,339.1667810452276
49.4,291.80892138354454,-1.864497824004781,1.5203263180059337,4.995718596822234,0.0,0.0,0.0,0.0,5.544812760371224,286.25324201100693,97868.1762383706,1.1910596993238722,339.1704444183829
49.45,290.96589871814825,0.9184759116121333,2.6654874306507126,6.766942235760702,0.0,0.0,0.0,0.0,7.3307522441623085,286.25872165833204,97878.02340184596,1.1911567378016719,339.1736907144095
49.5,289.340530470666,3.790118536283312,4.250541321817888,12.032784884454182,0.0,0.0,0.0,0.0,13.31240068969939,286.26928655194064,97897.0112376058,1.1913438474243832,339.1799495645761
49.55,287.24878520901336,2.8639311708362865,2.591549808368944,10.884999049652741,0.0,0.0,0.0,0.0,11.549953959712822,286.2828828961414,97921.45176025757,1.191584678662323,339.1880041355713
49.6,285.1131467011805,-1.219535861883823,0.469540659998148,10.752244463876387,0.0,0.0,0.0,0.0,10.831366357056373,286.2967645464423,97946.41024073864,1.191830601934116,339.1962275266026
49.65,283.5798075288835,-2.6225103213769025,2.5776068440674953,13.851160924468187,0.0,0.0,0.0,0.0,14.330955180441617,286.3067312510622,97964.33303053009,1.1920071931146774,339.20213160866837
49.7,284.12827382824844,-3.8489356384541225,1.492894299797353,9.49883748369287,0.0,0.0,0.0,0.0,10.357169134514429,286.30316622011634,97957.92185021493,1.1919440252007072,339.20001976544484
49.75,286.3812928613072,-6.106188991530748,0.7525505802418487,6.331363347770252,0.0,0.0,0.0,0.0,8.828252274238778,286.2885215964015,97931.58922696822,1.1916845675507954,339.19134448559544
49.8,290.6904989381233,-4.2303567868863095,4.267817694496975,3.9735521828085596,0.0,0.0,0.0,0.0,7.204117112271232,286.2605117569022,97881.24046032495,1.191188439772967,339.1747512120357
49.85,294.24273590199044,-9.334524049205621,-3.1660849217486113,3.8952180450371046,0.0,0.0,0.0,0.0,10.598592197801777,286.237422216637,97839.75188397741,1.1907795822416076,339.16107215628375
49.9,296.8240298574696,-5.4413675572228595,-4.153972210978805,-0.21269123139536017,0.0,0.0,0.0,0.0,6.8490293897963435,286.22064380592644,97809.61243225506,1.1904825462591495,339.15113168952814
49.95,296.74877194007865,-2.947161032880051,2.279766436223145,1.8735323729149207,0.0,0.0,0.0,0.0,4.1705175589867025,286.22113298238946,97810.49104496925,1.1904912055745136,339.15142150908474
50.0,294.7158344656406,1.0053177023103874,0.6206705787141573,0.44738360632645646,0.0,0.0,0.0,0.0,1.2633478305952281,286.2343470759733,97834.227374081,1.190725137357834,339.15925029316446
50.05,291.4300083059368,0.3880100067281511,2.083398475552594,0.9956475792269872,0.0,0.0,0.0,0.0,2.3414557598375874,286.2557049460114,97872.60213994666,1.1911033144233887,339.1719035336707
50.1,288.42580644193504,2.016399217822894,2.4932590786203392,1.4855827418008305,0.0,0.0,0.0,0.0,3.5340009509755363,286.2752322581274,97907.69851505343,1.1914491587832574,339.18347186673714
50.15,286.491287366124,-1.4877869750302812,5.710937982755836,4.115346317578442,0.0,0.0,0.0,0.0,7.194747948299475,286.2878066321202,97930.30379033746,1.1916719016909931,339.19092094460626
50.2,286.23100316670605,6.7363441884765365,3.917118592376657,4.571382632137113,0.0,0.0,0.0,0.0,9.034361641077323,286.2894984794164,97933.3455902377,1.1917018735654752,339.1919231849766
50.25,285.25334699001843,13.51599218187504,0.40821614655524335,6.443808681969117,0.0,0.0,0.0,0.0,14.979030523122523,286.29585324456485,97944.77160970875,1.1918144563848525,339.19568768395817
50.3,281.76613345528955,4.448782825720509,11.824218532812978,22.400356902159867,0.0,0.0,0.0,0.0,25.717305494283124,286.3185201325406,97985.53600789294,1.1922160956679322,339.20911498021997
50.35,276.27175375302005,3.8248089958303186,6.096018695950307,22.14361354202333,0.0,0.0,0.0,0.0,23.283690182066056,286.35423360060537,98049.79140320743,1.1928491200981333,339.23026966512776
50.4,271.32254915755254,-9.894882567095065,0.3438510916419286,17.860382443209478,0.0,0.0,0.0,0.0,20.421072342253,286.38640343047587,98107.70031728622,1.1934195533260004,339.249324165289
50.45,270.9963994345101,-6.181515724965993,1.0622151772503368,12.350080686392056,0.0,0.0,0.0,0.0,13.851495612430337,286.38852340367566,98111.51745369332,1.1934571518741726,339.250579808252
50.5,274.5908731121428,-18.09227688622815,3.547456269433597,15.826173625976852,0.0,0.0,0.0,0.0,24.29779209210282,286.36515932477107,98069.4556957521,1.1930428308966372,339.2367411968311
50.55,278.4344054299051,-5.100395567859845,-5.685114484172799,5.593524391179983,0.0,0.0,0.0,0.0,9.466893722944242,286.3401763647056,98024.49566261521,1.192599923649577,339.22194309284333
50.6,281.51882273366493,1.5561318509539088,1.9547296276605066,6.602765037115805,0.0,0.0,0.0,0.0,7.05967565757563,286.3201276522312,97988.42751184157,1.1922445835739692,339.2100672144065
50.65,282.99863910241,-4.599166690389545,-8.835107432670704,15.885269779462574,0.0,0.0,0.0,0.0,18.749753426622142,286.3105088458343,97971.12684616893,1.1920741301898703,339.20436935551913
50.7,284.9379591793418,-7.010085611407503,-8.182256925065445,11.67851468086255,0.0,0.0,0.0,0.0,15.889566822861033,286.29790326533424,97948.45782627411,1.1918507768692732,339.1969020867376
50.75,286.15721307718826,-10.60818718135881,-3.602250121440004,16.248100185038314,0.0,0.0,0.0,0.0,19.736022923456538,286.28997811499823,97934.20794880668,1.1917103706414216,339.1922073177306
50.8,288.5336597753461,-6.164683982513738,-3.486437278001004,22.56636557439257,0.0,0.0,0.0,0.0,23.65162634439388,286.2745312114602,97906.43834980257,1.1914367413551525,339.1830565608334
50.85,291.6025824888756,3.9476458323717436,-10.551294131315125,15.212806111737951,0.0,0.0,0.0,0.0,18.92995470825798,286.2545832138223,97870.58636374718,1.191083449979485,339.17123898723895
50.9,290.18714130053866,5.207470105253515,-6.055383064667145,11.868653494364551,0.0,0.0,0.0,0.0,14.305605360356429,286.2637835815465,97887.12060986682,1.191246384222859,339.1766895114051
50.95,285.41256977840567,-4.660545870302035,-10.048245795328258,10.399175083314066,0.0,0.0,0.0,0.0,15.19311599988434,286.2948182964403,97942.91067468765,1.1917961203960676,339.1950745939429
51.0,281.558076136248,-0.9108333026209469,-3.2231246927855803,10.401542894404333,0.0,0.0,0.0,0.0,10.927499470351888,286.31987250511435,97987.96856485924,1.19224006191055,339.2099160750321
51.05,278.4256777308002,3.2008693961453076,-5.12829726421105,12.754167309039788,0.0,0.0,0.0,0.0,14.114311228971586,286.34023309474975,98024.59773667794,1.1926009292384705,339.2219766963619
51.1,276.791877596893,2.070713447849356,-9.450727260309609,5.457861332594174,0.0,0.0,0.0,0.0,11.108210938656594,286.3508527956202,98043.70722336978,1.1927891840097242,339.2282671196136
51.15,275.57154945247214,-3.412586797006191,-5.168373091192699,4.92535746962781,0.0,0.0,0.0,0.0,7.913088857107836,286.3587849285589,98057.98256779887,1.1929298112641662,339.23296552552193
51.2,274.46232812899075,2.8609028151703813,-6.70515707015584,6.72348772268624,0.0,0.0,0.0,0.0,9.917115679996037,286.36599486716153,98070.9596497036,1.193057645878549,339.2372361007356
51.25,273.1393648425129,0.33958939262548477,1.266438346592874,14.502470671077905,0.0,0.0,0.0,0.0,14.561622251891425,286.37459412852365,98086.43917534135,1.1932101273519886,339.24232952629865
51.3,273.67069874954353,-0.8371958379075268,-1.306555864757125,7.642883231427515,0.0,0.0,0.0,0.0,7.798823577179882,286.37114045812797,98080.22198745403,1.193148885329776,339.24028389315424
51.35,273.51432668039956,2.337495736849704,-2.6313234867594457,5.791799634940636,0.0,0.0,0.0,0.0,6.777366201044541,286.3721568765774,98082.05167856596,1.1931669086648575,339.24088592619574
51.4,273.3253306281624,-2.199552012551065,-4.946068100633498,11.414197158063194,0.0,0.0,0.0,0.0,12.632716076725528,286.3733853509169,98084.26313594062,1.1931886924953619,339.2416135602662
51.45,271.750841205662,1.0133800348615645,-4.728164252038734,2.0757174141377455,0.0,0.0,0.0,0.0,5.262231377720645,286.38361953216315,98102.68792731596,1.1933701811843802,339.2476752777982
51.5,272.02422808480964,-4.97207350041865,-12.201009024110032,12.12846491902653,0.0,0.0,0.0,0.0,17.907702180682953,286.3818425174487,98099.48853284205,1.1933386668337729,339.2466227576733
51.55,272.22605694372885,-1.5761517857788578,-8.29303530192347,8.626764799723887,0.0,0.0,0.0,0.0,12.069787068565788,286.38053062986575,98097.12662243434,1.1933154016582146,339.2458457287637
51.6,271.2418598361971,0.38603145744991596,-2.434059281147866,7.152570452315764,0.0,0.0,0.0,0.0,7.565244804077626,286.3869279110647,98108.64466423198,1.1934288551086063,339.24963481132824
51.65,270.4847120695788,-0.2796303608279137,-3.4662439899897506,8.638615928295248,0.0,0.0,0.0,0.0,9.312288961014536,286.3918493715477,98117.50629675908,1.1935161410324246,339.2525497427306
51.7,269.6983095338862,1.5610940855264848,-0.8120320196059946,11.056781158262117,0.0,0.0,0.0,0.0,11.195928738895729,286.3969609880297,98126.711012311,1.1936068046911499,339.25557727509727
51.75,268.57883643502873,-2.4796940788557342,-2.614810986487752,13.925549137071384,0.0,0.0,0.0,0.0,14.384263553924434,286.4042375631723,98139.8154715406,1.1937358768517294,339.25988703280564
51.8,268.08550239864746,0.046330147979799785,-1.0492098778223828,10.738480939054448,0.0,0.0,0.0,0.0,10.789715507313785,286.4074442344088,98145.59084867196,1.1937927602949117,339.2617862572822
51.85,267.80728826550546,0.10129270202990878,0.534312714140491,11.236067262922239,0.0,0.0,0.0,0.0,11.249220320755104,286.40925262627417,98148.84797527526,1.1938248404430567,339.2628573140903
51.9,267.3221837365091,-3.5717587525096257,5.673455859909816,11.863687902963857,0.0,0.0,0.0,0.0,13.626909137416494,286.4124058057127,98154.52743194472,1.1938807781622167,339.26472484056126
51.95,267.1373381934697,-1.4691742977518993,0.8703226019998739,10.994246318142352,0.0,0.0,0.0,0.0,11.12606788819452,286.41360730174245,98156.69161750887,1.1939020933497497,339.2654364451988
52.0,266.7306594561197,0.7821526252394182,6.31245749014854,17.744227219258097,0.0,0.0,0.0,0.0,18.849840368097585,286.4162507135352,98161.4531788681,1.193948989925424,339.26700204153127
52.05,266.13360495849656,-3.76090852797618,3.9467148949474145,9.8632067843799,0.0,0.0,0.0,0.0,11.269598018085713,286.4201315677698,98168.44407652663,1.1940178424303742,339.2693005167718
52.1,265.4641154385549,-0.5957065202406875,6.166525952917224,9.865702305196553,0.0,0.0,0.0,0.0,11.649591862422456,286.42448324964937,98176.28359370962,1.1940950517766975,339.27187782593563
52.15,264.6303013316188,-1.0303771178046364,5.199293743830346,9.058824201582816,0.0,0.0,0.0,0.0,10.495552789382334,286.42990304134446,98186.0480103012,1.1941912173115008,339.2750877020373
52.2,263.7195180192018,-0.5062662598434196,6.4223584364208115,9.327374285150599,0.0,0.0,0.0,0.0,11.335912158578598,286.43582313287516,98196.71467674006,1.1942962666370782,339.27859384642665
52.25,263.54237456127856,-0.8205799363157008,5.191720250003811,7.249927742698544,0.0,0.0,0.0,0.0,8.954817857473904,286.43697456535165,98198.7894067237,1.19431669910269,339.2792757723022
52.3,262.82827320797776,-0.8710589831607429,6.494829137143707,7.1506389394155825,0.0,0.0,0.0,0.0,9.699133286779922,286.4416162241481,98207.1534257547,1.1943990692445425,339.2820247404781
52.35,262.6217021006758,-2.1663223171463835,4.006319345498946,5.287360497576273,0.0,0.0,0.0,0.0,6.9785190485672235,286.4429589363456,98209.57302834881,1.1944228976129683,339.2828199419316
52.4,262.12433442718446,-1.4568239008497275,6.240566259515993,11.635315974494958,0.0,0.0,0.0,0.0,13.28335729188348,286.4461918262233,98215.3989787264,1.1944802714079865,339.28473456553326
52.45,261.51870674818105,-0.3945187941781633,8.838774322264749,12.43445226852558,0.0,0.0,0.0,0.0,15.26090363697797,286.4501284061368,98222.49341795464,1.1945501363711006,339.28706592290575
52.5,261.79585395691555,-0.49751480157613204,7.582257120122494,12.302541135485193,0.0,0.0,0.0,0.0,14.459967579622745,286.44832694928004,98219.24681069974,1.1945181643936862,339.28599904963244
52.55,261.13322205119664,-0.16193574166435754,4.511112100560708,7.530059028231638,0.0,0.0,0.0,0.0,8.779415956480614,286.4526340566672,98227.00927602271,1.1945946073573825,339.288549833844
52.6,259.6693282500207,0.14099101774769615,4.316167058592678,8.80988594580913,0.0,0.0,0.0,0.0,9.81138455687735,286.46214936637483,98244.15996202787,1.1947634992727467,339.29418498681207
52.65,258.35849847442165,0.8680987631169086,3.6122966187666243,8.578121080748366,0.0,0.0,0.0,0.0,9.348071651440065,286.47066975991623,98259.51943830578,1.1949147474330797,339.2992308514971
52.7,256.9784454475736,1.8580786118581845,2.8882546073860476,9.842228088015213,0.0,0.0,0.0,0.0,10.424198988001292,286.47964010459077,98275.6921300677,1.1950739986444687,339.30454310078414
52.75,255.5508550503141,1.6723685181850951,3.992234301308983,9.511201806090499,0.0,0.0,0.0,0.0,10.44977085745634,286.4889194421729,98292.42417513292,1.19523875251565,339.31003824854054
52.8,254.89122598902566,1.5489061498842864,4.955618652644809,10.076067786455722,0.0,0.0,0.0,0.0,11.335096317581126,286.49320703107134,98300.15612364403,1.1953148841709236,339.31257729352836
52.85,254.6897769200266,0.35548607873457,2.810405798270306,9.210798076737442,0.0,0.0,0.0,0.0,9.636573681218632,286.49451645001983,98302.51753958962,1.1953381353279098,339.3133527077434
52.9,254.06215107911424,1.8750302143573805,-1.0192920799753942,10.179187813426775,0.0,0.0,0.0,0.0,10.400507640979349,286.49859601798573,98309.87495752635,1.195410577826181,339.31576854273646
52.95,254.92201458537352,-0.7547984449063436,-2.66194159686624,8.86947396406521,0.0,0.0,0.0,0.0,9.29102912258865,286.49300690519505,98299.79521918538,1.1953113305960659,339.3124587824484
53.0,255.61330235465303,-0.6511216791019447,-0.6528212145814962,9.787117069728675,0.0,0.0,0.0,0.0,9.830452457327617,286.48851353469473,98291.69221449381,1.1952315452985502,339.30979787531595
53.05,256.1741018025151,0.5373089066301404,-3.776469151341437,5.65219829959576,0.0,0.0,0.0,0.0,6.818927021909737,286.4848683382836,98285.11914020113,1.1951668233642645,339.3076392289246
53.1,255.0344821330815,-0.6293960763035304,-2.477666167925885,3.695235935888572,0.0,0.0,0.0,0.0,4.493299197965022,286.49227586613495,98298.47688176538,1.1952983498245333,339.31202587341886
53.15,253.55794104774637,-4.092496893593277,-1.718205271365205,9.260287045345093,0.0,0.0,0.0,0.0,10.269064044050166,286.5018733831896,98315.78594206952,1.1954687777263855,339.31770931753977
53.2,253.59409766556172,-4.904713363458143,-2.054439507341199,8.736730512387656,0.0,0.0,0.0,0.0,10.227775658132844,286.50163836517385,98315.36205911366,1.1954646041721213,339.3175701460395
53.25,253.49663219932535,-5.0261488287787985,-4.868881458486959,7.077266947700576,0.0,0.0,0.0,0.0,9.952682359788621,286.5022718907044,98316.50470117226,1.1954758546252326,339.3179453030997
53.3,252.09185679982153,-7.0018006778731925,-5.808015031646252,-0.534156541435999,0.0,0.0,0.0,0.0,9.112824729536566,286.5114029308011,98332.97486168193,1.195638017053538,339.3233524174265
53.35,251.67768178778314,-2.3607688427076083,-3.8631458009267776,7.761777720597862,0.0,0.0,0.0,0.0,8.985672951531596,286.5140950683794,98337.83124510966,1.1956858312008425,339.3249466000542
53.4,251.10686559558383,1.3265129327616962,-0.20363072992074804,-2.548974428994774,0.0,0.0,0.0,0.0,2.8806896178903636,286.5178053736287,98344.52463325793,1.1957517310779577,339.3271436910112
53.45,248.49748644509376,6.698360996434732,19.375791434550283,2.8348467971471223,0.0,0.0,0.0,0.0,20.696030781699314,286.53476633810686,98375.12689951983,1.1960530153891802,339.337187099049
53.5,241.9867728143119,4.173424038940208,15.986819890104265,-44.13918256124122,0.0,0.0,0.0,0.0,47.13028024086021,286.57708597670694,98451.51684392671,1.196805009077372,339.3622453094322
53.55,236.81425738182784,0.6046617349794554,4.503362269275824,-12.009021053768173,0.0,0.0,0.0,0.0,12.839878278703917,286.6107073270181,98512.23999393535,1.1974026973738268,339.38215178984996
53.6,234.97552211056285,-7.543335096116276,9.576676213590785,1.8689163904240036,0.0,0.0,0.0,0.0,12.333186131192969,286.62265910628133,98533.83327574542,1.1976152197117624,339.3892279007118
53.65,236.67892507415192,-15.907374053027263,4.913200379876951,1.4396875762929031,0.0,0.0,0.0,0.0,16.710978054951788,286.611586987018,98513.82914517708,1.1974183381950696,339.382672601995
53.7,241.43537286668567,-0.5822568324074673,7.138969881628739,2.9776452227091794,0.0,0.0,0.0,0.0,7.75695075799829,286.5806700763665,98457.98860316674,1.1968687129116211,339.36436743357336
53.75,245.7805658980259,10.985640658019244,-74.59093639400037,-46.72797760182843,0.0,0.0,0.0,0.0,88.70172480599186,286.55242632166284,98406.99858295308,1.1963667783638519,339.3476441142426
53.8,247.52384307627787,0.16167963313260136,-19.305172758646112,-15.323822541477856,0.0,0.0,0.0,0.0,24.648232651199287,286.54109502000415,98386.54756545504,1.196165449141878,339.34093454178065
53.85,248.00104678686606,-1.539075941379886,0.45852357135681054,-7.639820049047613,0.0,0.0,0.0,0.0,7.8067822437066905,286.53799319588535,98380.94991549346,1.1961103419133403,339.3390978440746
53.9,246.95981421377226,-3.761709999080988,-4.97648810711792,-6.512913220108773,0.0,0.0,0.0,0.0,9.018532841329549,286.54476120761046,98393.16401617245,1.1962305853969637,339.34310540587444
53.95,246.7945813435042,-0.9404657152254352,0.7579524329090641,0.13182930617103264,0.0,0.0,0.0,0.0,1.2150500475424024,286.5458352212672,98395.10238085785,1.1962496676478078,339.34374136024763
54.0,247.19405039557194,-0.6041798087334653,-5.981235969909784,-6.357687715660839,0.0,0.0,0.0,0.0,8.74988057397863,286.54323867242874,98390.41621915637,1.1962035345587532,339.3422038669652
54.05,246.959632356894,-4.247005496185074,-5.508079883809747,-16.848222371820324,0.0,0.0,0.0,0.0,18.227413332158864,286.54476238968016,98393.16614953816,1.1962306063989434,339.3431061058126
54.1,248.0321102026704,-4.488199524783282,-9.583752951691025,-14.878957778465308,0.0,0.0,0.0,0.0,18.25857716764,286.5377912836826,98380.5855472829,1.1961067547940767,339.3389782845076
54.15,248.10226354363053,-8.517751909611379,-12.923634932954272,-17.38916850451289,0.0,0.0,0.0,0.0,23.27994026522206,286.53733528696637,98379.76266538915,1.1960986537062324,339.3387082720938
54.2,245.11149461536212,-6.568566485432651,-4.601586953219017,-6.204712310216274,0.0,0.0,0.0,0.0,10.139976479959602,286.5567752850001,98414.84861511411,1.1964440555764562,339.3502192187048
54.25,241.80535776712136,-7.930221925740444,-4.812232248846889,-2.378959666545276,0.0,0.0,0.0,0.0,9.57629615787783,286.57826517451366,98453.64606709244,1.196825967868287,339.3629435069212
54.3,239.547616067029,-2.8711910898088777,-4.165544315040273,-4.0474612310722655,0.0,0.0,0.0,0.0,6.478999932998552,286.5929404955643,98480.1477381385,1.1970868271463388,339.37163257548855
54.35,236.93820552233277,-3.6865510657250113,-7.650593737867906,-5.898457362195708,0.0,0.0,0.0,0.0,10.339924688107867,286.6099016641048,98510.78454046603,1.197388372397152,339.38167478777314
54.4,234.78669497383325,-4.422232155971329,-7.612816808419541,0.8017164419003755,0.0,0.0,0.0,0.0,8.84046753588719,286.62388648267006,98536.05099387784,1.197637046121062,339.3899545667058
54.45,234.0767400137656,0.6485562186237906,-9.235709630835942,-3.5065094134112154,0.0,0.0,0.0,0.0,9.900230594292884,286.6285011899105,98544.38956378335,1.1977191120888968,339.39268668194563
54.5,232.49749216363827,0.4576976925418987,-0.8299752078159504,-2.007889152025604,0.0,0.0,0.0,0.0,2.2203524202633704,286.6387663009363,98562.9402101713,1.1979016778347698,339.39876401271306
54.55,231.80017909184892,2.6771179036407378,-1.326824836031808,-0.4167192396964115,0.0,0.0,0.0,0.0,3.0167995193976296,286.64329883590295,98571.13210313013,1.1979822960738156,339.40144740879396
54.6,231.38387426836462,4.5030649121228254,-1.2937124223259122,-3.557936895221603,0.0,0.0,0.0,0.0,5.883043462770887,286.64600481725563,98576.02303082866,1.198030428172444,339.40304942046487
54.65,231.43812057366037,3.5845224218204383,-1.3319560436499656,-4.820023678519366,0.0,0.0,0.0,0.0,6.152685280122533,286.6456522162712,98575.38571082312,1.19802415626958,339.4028406718967
54.7,232.0279807138392,6.020371039140754,-3.753923155307212,-7.691503145080004,0.0,0.0,0.0,0.0,10.464034935704866,286.64181812536003,98568.45587510859,1.197955958859335,339.40057078625904
54.75,233.4153707483183,4.014585773753646,-2.409282582145852,-7.320472177268897,0.0,0.0,0.0,0.0,8.689698176209838,286.6328000901359,98552.15799858059,1.1977955657511679,339.3952318053731
54.8,234.84823679674955,4.24848216987793,-4.382492435036642,-9.624603065648246,0.0,0.0,0.0,0.0,11.396877855895873,286.6234864608211,98535.32819917102,1.1976299325072484,339.38971773465704
54.85,235.70002240505337,1.3375613461209062,-6.242289107866263,-8.330704195784659,0.0,0.0,0.0,0.0,10.495516950512092,286.6179498543671,98525.32461193671,1.1975314780047128,339.38643978210814
54.9,234.86803605689627,-1.5901163860157985,-5.42868981324814,-5.9287327588226635,0.0,0.0,0.0,0.0,8.194450276563831,286.62335776563015,98535.09566227857,1.1976276439194096,339.38964154091946
54.95,232.81926045639642,-3.075471238735907,-9.04903029819486,-7.292235344909056,0.0,0.0,0.0,0.0,12.021654170848587,286.6366748070334,98559.1603272186,1.1978644787368287,339.3975257786988
55.0,230.7703799170713,0.3499076217967667,-6.577544625510509,-7.000545913631033,0.0,0.0,0.0,0.0,9.612188706700977,286.649992530539,98583.23098387913,1.198101361516337,339.40541023714945
55.05,228.65142386487426,0.0056702821792913305,-9.899667350293948,-10.788662509224537,0.0,0.0,0.0,0.0,14.642359254454968,286.6637657448783,98608.1299085779,1.1983463838215738,339.4135641660395
55.1,227.78299180845093,-1.0991592738663878,-9.554607737133852,-5.245497811662885,0.0,0.0,0.0,0.0,10.95508682813535,286.66941055324503,98618.33594442802,1.1984468147344476,339.41690591223147
55.15,226.85233109504702,-1.3711643384146202,-7.93801505482156,-4.749962623426616,0.0,0.0,0.0,0.0,9.351701426877549,286.67545984788217,98629.27425685694,1.1985544493060307,339.42048707918093
55.2,225.43514563679622,-2.714745049346604,-8.22723699003643,-5.708657099767303,0.0,0.0,0.0,0.0,10.375260722309546,286.68467155336083,98645.9327159795,1.198718366582821,339.4259403126831
55.25,224.91808688198157,0.5217271853635133,-14.010179008701824,-7.245393503617996,0.0,0.0,0.0,0.0,15.78141445289637,286.6880324352671,98652.01110603029,1.198778175913915,339.4279298978809
55.3,225.20654252399132,1.0786994891020112,-15.496963189700775,-7.8876435259361815,0.0,0.0,0.0,0.0,17.422238119224886,286.68615747359405,98648.62006927375,1.198744809329535,339.4268199537468
55.35,226.34919080496914,-0.7599231193597131,-18.235287796727395,-7.55966291132335,0.0,0.0,0.0,0.0,19.75478948279759,286.6787302597677,98635.18821277148,1.1986126425390857,339.42242313891524
55.4,228.47892518899073,-1.058835987913717,-19.589978452655064,-3.509514631369365,0.0,0.0,0.0,0.0,19.93000457532779,286.66488698627154,98610.15708910479,1.1983663321345355,339.4142279474638
55.45,231.25924467217146,-4.277839986514417,-16.848843964852584,-5.966075672335267,0.0,0.0,0.0,0.0,18.37872457027967,286.64681490963085,98577.48727102135,1.198044837815251,339.40352901484886
55.5,233.0069640617657,0.4251316771887501,-11.996996791644797,3.4574342137358913,0.0,0.0,0.0,0.0,12.49249856129655,286.6354547335985,98556.9553858636,1.197842779042882,339.396803452524
55.55,232.26462281229638,-4.54377664504381,-17.190522555145662,0.018188660381468977,0.0,0.0,0.0,0.0,17.780897129964615,286.64027995172006,98565.67585090947,1.1979286000249727,339.3996601415472
55.6,227.50383775018094,-1.7608878856537036,-13.961098063405547,3.2091624615455334,0.0,0.0,0.0,0.0,14.433007620952088,286.6712250546238,98621.61681604556,1.19847909922272,339.41798009637273
55.65,220.81606575374772,-4.997804428407199,-11.491911089403356,4.648964481141619,0.0,0.0,0.0,0.0,13.366186454567915,286.7146955726006,98700.24400302269,1.199252746684275,339.4437136106088
55.7,213.10565394149862,-2.339513469936631,-7.961303260704737,9.564062723851226,0.0,0.0,0.0,0.0,12.6620286159321,286.7648132493802,98790.95720899425,1.2001451681373176,339.4733796640444
55.75,210.15024956405298,-2.98849634718062,-1.7150827333687217,14.463059761139176,0.0,0.0,0.0,0.0,14.86784170125895,286.78402337783365,98825.74551470086,1.2004873683444983,339.4847499886409
55.8,211.7097776707854,-1.8509341814553348,0.6415727077295568,5.3055236102527426,0.0,0.0,0.0,0.0,5.655630262166407,286.77388644513985,98807.38694637189,1.2003067844849822,339.47875006502005
55.85,215.17335660352455,2.267682454157689,1.9733162077112485,6.471435881309481,0.0,0.0,0.0,0.0,7.135533822665994,286.7513731820771,98766.62400876266,1.199905797462555,339.4654243670205
55.9,218.16796568934998,4.359728414258678,4.125004594612166,-18.57990829519735,0.0,0.0,0.0,0.0,19.525262789770824,286.7319082230192,98731.3913650455,1.1995591868434534,339.4539025517084
55.95,219.59300481359358,-1.1524447535156008,7.641631849402135,-14.399651699326677,0.0,0.0,0.0,0.0,16.342357091118295,286.7226454687116,98714.62884577994,1.19939427278554,339.44841954929046
56.0,219.58125222524987,-9.302261028873014,10.191790235873457,-16.296214881050645,0.0,0.0,0.0,0.0,21.353483741785826,286.72272186053584,98714.76708027064,1.1993956327944768,339.4484647690921
56.05,219.57366928227805,-1.660109086411256,-1.0672612129675685,-13.62518192359243,0.0,0.0,0.0,0.0,13.767374155098718,286.72277114966516,98714.85627128178,1.1993965102928859,339.4484939455704
56.1,218.47458288203345,-2.5945750431897907,-2.011272623305944,-9.978314037702214,0.0,0.0,0.0,0.0,10.504465157970126,286.72991521126676,98727.78447887985,1.1995237018018454,339.4527228141671
56.15,217.9876234265907,-1.8833983760027588,0.4870525353563069,-12.060403251266848,0.0,0.0,0.0,0.0,12.216289788560797,286.73308044772716,98733.51286804138,1.199580058366176,339.4545964330548
56.2,217.65714449420193,1.1752991462732476,-1.8606411914459053,-12.203858859050401,0.0,0.0,0.0,0.0,12.400705011335395,286.7352285607877,98737.40063850152,1.1996183063534946,339.45586797362
56.25,216.56504419141868,4.753870298823734,-4.915898087416938,-8.803404861772428,0.0,0.0,0.0,0.0,11.147433515575969,286.74232721275575,98750.24904200058,1.1997447072445198,339.4600698712444
56.3,216.39179035869378,-2.8832238545951236,-4.183644636734961,-6.315592838898247,0.0,0.0,0.0,0.0,8.105712501003868,286.74345336266845,98752.28747292225,1.1997647607702018,339.4607364672026
56.35,215.47963658603584,-1.0154192150465988,-9.44219853572354,-16.376101208687786,0.0,0.0,0.0,0.0,18.930474906021008,286.7493823621908,98763.02004824346,1.1998703436108078,339.46424596692594
56.4,214.18850678371953,-5.967648950978277,1.6580600431391348,6.625236836194686,0.0,0.0,0.0,0.0,9.069496140604375,286.7577747059058,98778.21334247226,1.2000198055112885,339.46921350994756
56.45,212.71838031467644,3.712717323222181,-6.6631865927322735,8.221966772766544,0.0,0.0,0.0,0.0,11.21530486006503,286.7673305279546,98795.5152737597,1.2001900055065118,339.47486964320217
56.5,211.29392706979905,-1.8002654725097935,-4.483925903010982,-0.16999981386770896,0.0,0.0,0.0,0.0,4.834816150787827,286.77658947404626,98812.28201720715,1.2003549354205998,339.48034996437565
56.55,211.15561261655307,-12.868363977619044,2.4357682067442408,5.246385666019873,0.0,0.0,0.0,0.0,14.10859031845805,286.77748851799237,98813.9101912234,1.2003709510437666,339.4808820990154
56.6,211.65547116923187,-4.18726092190369,-6.491511016891251,-10.653057662567733,0.0,0.0,0.0,0.0,13.159046579160487,286.77423943739996,98808.02618925307,1.200313072497959,339.47895899850397
56.65,212.77918589278073,-3.8700403992787944,-2.1032886870725847,-2.4953499749134425,0.0,0.0,0.0,0.0,5.062391479381855,286.7669352916969,98794.79960373147,1.200182965535778,339.47463570298476
56.7,212.58059344099092,-7.819811604524949,0.8443877470617819,-0.006531500570588822,0.0,0.0,0.0,0.0,7.865270933550276,286.7682261426335,98797.13701445208,1.2002059583630875,339.47539975665416
56.75,212.07039454199875,-7.192017761447732,-6.703752064881195,-4.9154763550853104,0.0,0.0,0.0,0.0,10.992148062402602,286.771542435477,98803.14220314898,1.200265030205406,339.4773626599352
56.8,213.28371089840385,-4.7186056111904175,-5.856324923356191,-1.5448146336536954,0.0,0.0,0.0,0.0,7.6777752490048305,286.76365587916035,98788.86160280033,1.2001245536714296,339.4726946135111
56.85,211.69957906350186,-8.609336562461968,-2.9486414150008304,1.389346426221628,0.0,0.0,0.0,0.0,9.205728962556815,286.7739527360872,98807.50699412031,1.2003079653541002,339.47878930214677
56.9,208.63039186208414,-3.454434025191019,-7.668585098918301,2.19224260176298,0.0,0.0,0.0,0.0,8.691733974227109,286.7939024528964,98843.63974549221,1.2006633786104317,339.4905971875296
56.95,204.48225633521238,-1.9515633117585298,-5.9696736833407416,5.390453627112041,0.0,0.0,0.0,0.0,8.276629359311572,286.8208653338211,98892.49167957478,1.2011438625012174,339.5065553884088
57.0,200.76914346629107,-12.774965188445481,-3.635881082762505,-0.6889604200112646,0.0,0.0,0.0,0.0,13.300151625990067,286.84500056746907,98936.23700172083,1.2015740819137253,339.5208393869937
57.05,198.95850582858935,-3.375767297745325,-1.3072794418872842,12.502392427291127,0.0,0.0,0.0,0.0,13.015936416320358,286.85676971211416,98957.57436196107,1.201783913997424,339.5278045229982
57.1,201.22048627654038,-0.312238981334897,-1.469315186152184,13.561549797530423,0.0,0.0,0.0,0.0,13.644486549834697,286.84206683920246,98930.91875716389,1.2015217808359442,339.51910314541993
57.15,205.4151556893327,-5.1361506382300925,2.697586731807122,6.554369254686233,0.0,0.0,0.0,0.0,8.753100815196259,286.8148014880193,98881.50336823237,1.2010357907463376,339.50296651721663
57.2,211.66164026091556,-2.3763725187764746,2.3618412575593157,5.081701735521449,0.0,0.0,0.0,0.0,6.086799898362614,286.774199338304,98807.95357258685,1.2003123581931088,339.4789352641548
57.25,213.08745293785387,-0.31083401957137846,0.8639920614012542,-6.911544457118293,0.0,0.0,0.0,0.0,6.9722698493826165,286.7649315559039,98791.17142414041,1.200147275365772,339.4734496899148
57.3,210.44153277959336,-62.897309342578104,-19.62046734803779,-56.049444811142436,0.0,0.0,0.0,0.0,86.50187584745595,286.78213003693264,98822.31635564812,1.2004536379432194,339.48362935190573
57.35,207.98346711879367,5.869279591463471,-5.74495691221976,6.409166849648386,0.0,0.0,0.0,0.0,10.417792115062722,286.79810746372783,98851.25718918044,1.2007383030586685,339.49308600684094
57.4,205.65843244988338,-1.702789318454265,2.8141423740053435,12.859133671701171,0.0,0.0,0.0,0.0,13.273138571976606,286.8132201890757,98878.63805467902,1.2010076095653146,339.5020306233585
57.45,205.43922883844093,1.871037026261218,0.28097394585263197,19.236941522504978,0.0,0.0,0.0,0.0,19.32976060514368,286.8146450125501,98881.2198316979,1.2010330020900843,339.5028739071195
57.5,205.22388962864719,5.044200559707865,4.028029532806036,21.581064661310585,0.0,0.0,0.0,0.0,22.525792619115165,286.8160447174138,98883.75614699973,1.2010579473628697,339.5037023223562
57.55,203.42040405149865,7.055944549960555,1.9081485034296097,13.529546873500522,0.0,0.0,0.0,0.0,15.377776913634378,286.8277673736652,98905.00008780223,1.2012668818652996,339.51064029637547
57.6,202.71683628237932,9.92661686176362,1.1056751270653393,7.882363838667198,0.0,0.0,0.0,0.0,12.723674763683212,286.8323405641645,98913.28868148402,1.2013483980029775,339.5133468694873
57.65,200.72521749137474,10.91435417007618,1.6747495566216632,7.406489629824752,0.0,0.0,0.0,0.0,13.29601450299921,286.84528608630603,98936.75460087352,1.2015791720974027,339.5210083625221
57.7,199.2922588406622,9.38890902501142,4.302304306694895,7.360782242556311,0.0,0.0,0.0,0.0,12.682371633479232,286.8546003175357,98953.64098774186,1.2017452337535166,339.5265206572354
57.75,198.65692796456258,12.102447108496989,-12.725011764568928,-2.7732232795234903,0.0,0.0,0.0,0.0,17.77880529677053,286.8587299682303,98961.12865178761,1.2018188661276177,339.5289646147037
57.8,198.2000543776093,-0.1057521261370139,-2.844289346198279,14.911529939561962,0.0,0.0,0.0,0.0,15.180740776903225,286.8616996465455,98966.51339889046,1.20187181813033,339.5307220811649
57.85,198.2302126429902,7.2585279519340355,6.947422946043291,10.527169084809636,0.0,0.0,0.0,0.0,14.552463796910414,286.8615036178205,98966.15794395037,1.2018683227089857,339.53060607093073
57.9,198.45014868306177,7.827140159072038,3.7543063287150167,-12.402267540793394,0.0,0.0,0.0,0.0,15.138532928689136,286.86007403356007,98963.56573885425,1.2018428317854575,339.5297600385963
57.95,198.21838321673425,8.627871844310155,2.743023154058536,-7.6881078192874694,0.0,0.0,0.0,0.0,11.877346101993082,286.8615805090912,98966.29736922012,1.201869693769309,339.53065157535997
58.0,197.99693266691386,8.036636197167889,5.436434138716287,-7.181668397100222,0.0,0.0,0.0,0.0,12.071400021378512,286.86301993766506,98968.90748312318,1.2018953606671374,339.531503431345
58.05,197.39826024055725,11.36236891472455,7.4843433135790844,-3.3047154434536528,0.0,0.0,0.0,0.0,14.001427296958541,286.86691130843633,98975.96397956327,1.2019647510067992,339.5338063396947
58.1,198.1924388654462,6.445622276058338,7.974165245981671,-3.0785754021554377,0.0,0.0,0.0,0.0,10.705651984003492,286.86174914737455,98966.60315791058,1.2018727007892134,339.53075137585904
58.15,197.03788571618045,-1.5978298142685672,6.553375004948946,-10.1627635063385,0.0,0.0,0.0,0.0,12.1976041154245,286.8692537428448,98980.21187713122,1.202006522423382,339.5351925819134
58.2,193.09992682017204,-1.7434487117554789,8.832860733062821,-27.097124090407984,0.0,0.0,0.0,0.0,28.553689360766914,286.8948504756689,99026.64000158224,1.2024630480471312,339.55034024523826
58.25,187.77623006949128,-8.029706926260042,7.796661025614182,1.3243943699065757,0.0,0.0,0.0,0.0,11.270232336425009,286.9294545045483,99089.43386340665,1.2030804324391644,339.5708171821348
58.3,183.80087734672074,-13.581186486230713,-3.05350721664026,-3.4128744204236345,0.0,0.0,0.0,0.0,14.332489124553064,286.95529429724627,99136.34481408371,1.203541608700194,339.58610707629714
58.35,183.31248146304415,-2.2519661157224244,-1.6209983227042282,-3.5707134563810814,0.0,0.0,0.0,0.0,4.522055012508449,286.9584688704902,99142.10934541187,1.2035982762921418,339.58798548385647
58.4,187.85735557902356,-5.646872891432659,-11.65834407324379,-6.311231971246588,0.0,0.0,0.0,0.0,14.409573518221166,286.92892718873634,99088.47673307807,1.2030710225665835,339.5705051522253
58.45,194.12741858513021,0.8672352706537158,9.291870016107854,11.41130445373747,0.0,0.0,0.0,0.0,14.7413979916017,286.8881717791966,99014.5242809454,1.202343918648046,339.5463879838891
58.5,201.70935157911975,0.7209295571175245,-3.3861235757233246,-7.687150803105444,0.0,0.0,0.0,0.0,8.430768634358296,286.8388892147357,98925.15864023166,1.201465133660403,339.5172225509714
58.55,206.34413344128865,0.026292228796964384,1.2293755331084921,-0.8629263857030149,0.0,0.0,0.0,0.0,1.5022308177651562,286.8087631326316,98870.56223058581,1.2009281806818206,339.4993926947597
58.6,206.7099825504281,1.7387934435868138,0.7695798149132853,0.24051505784621308,0.0,0.0,0.0,0.0,1.9166385220049251,286.8063851134222,98866.2536715216,1.2008858038160206,339.49798524517195
58.65,203.55905324289716,5.66498433389688,2.7331461716653713,-7.969054118517576,0.0,0.0,0.0,0.0,10.15223911473957,286.8268661539212,98903.3667552525,1.2012508183161972,339.5101069206575
58.7,200.2288026590683,5.209435135480304,1.9932063166032437,-2.197875326670281,0.0,0.0,0.0,0.0,5.995143184521097,286.84851278271606,98942.60422838721,1.201636698266146,339.5229179775499
58.75,196.39191997984253,-0.460469871036115,1.5631896672371455,-4.0013325062054586,0.0,0.0,0.0,0.0,4.320446303694267,286.873452520131,98987.82653699817,1.2020813998181354,339.5376773853898
58.8,192.66535239365064,0.13142885704326882,0.09994362083631167,1.1807840530281988,0.0,0.0,0.0,0.0,1.1922723060170746,286.8976752094413,99031.76466893089,1.2025134361708552,339.5520118279645
58.85,189.28296910006273,-2.656278073199406,-4.006461018726503,-22.174291279385198,0.0,0.0,0.0,0.0,22.68935294008521,286.9196607008496,99071.6583631227,1.2029056726507865,339.56502182328853
58.9,185.9143991633426,-7.939106533642871,0.8258881830760224,-18.773310670499193,0.0,0.0,0.0,0.0,20.39972297298555,286.94155640543823,99111.40206740645,1.2032964045434251,339.5779781915392
58.95,182.94574420301413,-3.829122863549282,-2.960731843051403,-1.6400458927163208,0.0,0.0,0.0,0.0,5.110564105930977,286.9608526626804,99146.43811974417,1.2036408294205425,339.58939597630456
59.0,182.23006406238886,-6.203692560175986,2.3286463115810534,1.8789840891560439,0.0,0.0,0.0,0.0,6.887595823865137,286.96550458359445,99154.88607363187,1.2037238742808132,339.5921485061295
59.05,183.27738276161762,-4.489742420907419,-9.157924088324425,-25.42549602665206,0.0,0.0,0.0,0.0,27.394912097229074,286.95869701204947,99142.52362545834,1.2036023488024816,339.5881204757203
59.1,184.0147405059752,-4.5897449333174585,-11.758219400721302,-40.4590316986021,0.0,0.0,0.0,0.0,42.38224543387126,286.95390418671116,99133.82067497428,1.2035167952306158,339.5852845391178
59.15,185.0231901661446,-5.6537022224769,1.9607681134150257,8.567839516617303,0.0,0.0,0.0,0.0,10.45068583383571,286.94734926392005,99121.91905869478,1.2033997951489928,339.581405923074
59.2,184.32228161171562,-3.714345261967231,-2.112054859945535,-6.538293692570482,0.0,0.0,0.0,0.0,7.810660718967693,286.9519051695238,99130.1909847285,1.2034811134648904,339.58410170453584
59.25,182.86600159069656,-2.7151436158482936,1.690500463425555,2.290795238822916,0.0,0.0,0.0,0.0,3.9341504162573018,286.96137098966045,99147.3793799863,1.2036500822395464,339.58970267017054
59.3,180.38762618500107,-3.37500883028812,-2.339716596059538,-3.8787326050787856,0.0,0.0,0.0,0.0,5.648851651096927,286.9774804297975,99176.63706074815,1.2039376840835607,339.59923448135555
59.35,176.1073686198176,1.9919437402456577,6.248881394727606,6.318050827525972,0.0,0.0,0.0,0.0,9.106817490697741,287.0053021039712,99227.18275695725,1.2044345082475947,339.61569568634917
59.4,172.11119009883245,-1.812463478070152,4.796771771191238,-0.4169703932724977,0.0,0.0,0.0,0.0,5.144697036084933,287.0312772643576,99274.3925816303,1.2048984999485641,339.6310636473457
59.45,171.6543569241663,2.049986935193788,0.9382753171590332,-2.823433005012944,0.0,0.0,0.0,0.0,3.6131123618082412,287.0342466799929,99279.7906494217,1.2049515510326045,339.6328204300768
59.5,176.26339464800964,-1.8700821535357617,1.0961558171850356,-9.001215508173656,0.0,0.0,0.0,0.0,9.258544456938546,287.0042879347879,99225.33987442692,1.2044163950177147,339.61509564851974
59.55,182.89618082914686,-11.957043457383557,-0.5979251852959446,-48.79864316566611,0.0,0.0,0.0,0.0,50.24575581657601,286.9611748246105,99147.0231515617,1.2036465804287408,339.58958659942186
59.6,190.02060688929717,-1.4594118251731785,5.999545710492049,-31.326115561813943,0.0,0.0,0.0,0.0,31.92882628284135,286.91486605521953,99062.95714686587,1.2028201244892072,339.56218461661933
59.65,196.54088225165407,-6.664080980172662,0.09286361936253398,-19.40667499497327,0.0,0.0,0.0,0.0,20.519201576148642,286.8724842653642,98986.0705240227,1.2020641324760977,339.53710438142383
59.7,196.53827302966312,-2.5502658591017338,6.822944710006155,-17.18368372559604,0.0,0.0,0.0,0.0,18.66374605617037,286.8725012253072,98986.1012821153,1.202064434929094,339.5371144181652
59.75,189.4728718540197,-5.661906507449608,0.26798028366621646,-13.787990055335014,0.0,0.0,0.0,0.0,14.907637924820662,286.91842633294885,99069.41820055772,1.2028836480746328,339.5642913947551
59.8,179.51636578604172,1.0645041307870433,3.3333455946401367,-3.1125892300038895,0.0,0.0,0.0,0.0,4.68322256704779,286.9831436223907,99186.9241118213,1.2040388015526373,339.6025852780425
59.85,171.13075662455952,-4.564618471310347,-1.1904044194356695,6.89725691095301,0.0,0.0,0.0,0.0,8.356132919366987,287.03765008194034,99285.97794843909,1.2050123578414447,339.6348339591058
59.9,165.87482614264698,9.306241861837764,12.092965830460642,1.9988191436487055,0.0,0.0,0.0,0.0,15.389647108908209,287.07181363007277,99348.10371837104,1.2056228702150757,339.6550452201724
59.95,163.67276452340457,39.54512907522366,28.014619624772507,-8.042653304402535,0.0,0.0,0.0,0.0,49.1255576912019,287.0861270305978,99374.14172298918,1.2058787251027707,339.663512714843
60.0,163.12095074275902,4.7293728457389,6.615675781468684,-10.107475170657466,0.0,0.0,0.0,0.0,12.972863519091725,287.08971382017205,99380.66744241156,1.205942846189766,339.66563454802514
60.05,166.03405029071658,17.585288801884545,-9.315186017804601,-51.02628091433146,0.0,0.0,0.0,0.0,54.76948435707839,287.07077867311034,99346.22120636182,1.2056043717632214,339.65443295408767
60.1,167.22432307271345,10.49973564244524,-5.079601515356099,-48.390009834487955,0.0,0.0,0.0,0.0,49.77589629426962,287.0630419000273,99332.14948958249,1.2054660943174391,339.64985595222026
60.15,166.78714013541153,11.980438651093117,14.133342879604003,-24.317781063344196,0.0,0.0,0.0,0.0,30.571829632356003,287.0658835891198,99337.31779330129,1.205516881718995,339.65153707580885
60.2,166.5623225172757,-1.618718046318237,6.0605650538692695,-17.336142110134276,0.0,0.0,0.0,0.0,18.436174227545926,287.06734490363766,99339.97563443753,1.2055429993468905,339.6524015761185
60.25,166.18263993327818,-4.356395225020422,6.889623549215872,-13.581258768650404,0.0,0.0,0.0,0.0,15.83968692075491,287.06981284043366,99344.46445249382,1.2055871090100831,339.6538615799695
60.3,164.41881451240135,-6.7815106811295305,0.4354569864597121,-12.459339088018702,0.0,0.0,0.0,0.0,14.192027353960434,287.0812777056694,99365.31952852652,1.2057920378007991,339.660643983929
60.35,161.04036287049578,-8.178515906579548,1.8735078224112907,-8.779086423821465,0.0,0.0,0.0,0.0,12.143743756837813,287.10323764134176,99405.27548093924,1.2061846351874066,339.67363470090817
60.4,157.19169757769328,-5.035181488761342,2.4412834919107023,4.804309026643592,0.0,0.0,0.0,0.0,7.375249347386819,287.128253965745,99450.80836262331,1.2066319935126002,339.6884328634314
60.45,152.7581914642395,-10.906762230122235,1.5127332933773392,-21.019375308940933,0.0,0.0,0.0,0.0,23.72888456584989,287.15707175548243,99503.28132438267,1.2071474894555057,339.7054789466542
60.5,147.91934079829437,-11.070055035289988,0.7523602169221616,-23.67077217207388,0.0,0.0,0.0,0.0,26.142257354761536,287.1885242848111,99560.57734435258,1.2077103081990508,339.7240825351318
60.55,144.24395261656085,-3.434713197962034,9.411510109836069,-6.995733927570159,0.0,0.0,0.0,0.0,12.219413671905755,287.21241430799233,99604.11484969537,1.2081379358633917,339.73821236056574
60.6,141.4080661913206,-2.7422536556088457,7.217108746713432,-13.110437734058438,0.0,0.0,0.0,0.0,15.214801719122434,287.2308475697564,99637.7184138868,1.2084679675186514,339.74911436655435
60.65,140.17532560728807,-3.5983588461555733,6.16817578070347,-10.327368792070526,0.0,0.0,0.0,0.0,12.555840275138705,287.2388603835526,99652.32851743378,1.2086114515449162,339.75385328549004
60.7,140.28646642081753,0.9923506266393263,8.718711602732851,6.667788972361813,0.0,0.0,0.0,0.0,11.020893863828364,287.23813796826465,99651.01123582774,1.2085985148487883,339.7534260391005
60.75,141.59540449038877,-4.717974657436438,-0.26067057479174105,-12.168692856913923,0.0,0.0,0.0,0.0,13.053900561237727,287.22962987081246,99635.4982835381,1.2084461635417754,339.7483941922072
60.8,142.762155800535,-8.01955828973581,0.5446475258483896,2.22183271459063,0.0,0.0,0.0,0.0,8.339454220841331,287.2220459872965,99621.67211396988,1.2083103741721866,339.7439088797838
60.85,142.90578875578763,-1.762287171995884,2.5018311714923813,-6.365652668757918,0.0,0.0,0.0,0.0,7.063026913901504,287.22111237308735,99619.97015035256,1.2082936586247384,339.743356711169
60.9,141.94883730261608,-0.784181945693377,-1.1833050591543997,-17.216331308745605,0.0,0.0,0.0,0.0,17.27475660955795,287.227332557533,99631.30989022458,1.208405028934611,339.74703550567705
60.95,140.91100453932998,1.8499100927905694,7.936940785769124,-13.112327933887247,0.0,0.0,0.0,0.0,15.438599037283584,287.23407847049435,99643.60924365866,1.2085258211133922,339.75102518599937
61.0,139.78649144425486,1.5899245888129854,8.157700118395969,-12.619271636884719,0.0,0.0,0.0,0.0,15.110325875548577,287.2413878056123,99656.93723322781,1.2086567123442873,339.7553480336129
61.05,140.26325042808628,2.8464329124538144,11.069017037279309,-11.179367115366423,0.0,0.0,0.0,0.0,15.987606687581982,287.2382888722174,99651.28639910705,1.2086012171618359,339.75351528582894
61.1,141.5582547140361,5.0956258900483995,5.063592766464506,-10.80156705959788,0.0,0.0,0.0,0.0,12.972248296225033,287.22987134435874,99635.93853921362,1.2084504873153263,339.748537005176
61.15,143.73325462890966,5.60928275747049,-0.34590221225354456,-9.769858064933329,0.0,0.0,0.0,0.0,11.270928444571036,287.21573384491205,99610.16563892152,1.2081973642179653,339.74017566407247
61.2,146.21977090414495,9.435509173572015,0.3055078799936022,-6.398004284426614,0.0,0.0,0.0,0.0,11.404237249936584,287.19957148912306,99580.70800500129,1.2079080370265693,339.73061651010187
61.25,148.63411346185137,13.500301010971734,2.157483521332827,-7.693358094176034,0.0,0.0,0.0,0.0,15.687594503201916,287.18387826249796,99552.1121597648,1.2076271585803895,339.72133456312406
61.3,151.01315692373302,24.038665052201694,10.296195458486327,-4.755804658059493,0.0,0.0,0.0,0.0,26.579818215272237,287.1684144799957,99523.94090699995,1.2073504356201117,339.7121880755471
61.35,152.96037073616023,27.755965289463873,21.593536349174922,-8.691720398324751,0.0,0.0,0.0,0.0,36.22458315420229,287.15575759021493,99500.8879347255,1.2071239778500107,339.70470162006836
61.4,151.6459477188732,11.9748699665012,38.05156920253198,-11.828353489638681,0.0,0.0,0.0,0.0,41.60804460396499,287.1643013398273,99516.44885237933,1.2072768395248055,339.7097552020495
61.45,148.12508570004147,-0.9711939039330885,21.19290507737892,-8.54404040480229,0.0,0.0,0.0,0.0,22.87100937118264,287.1871869429497,99558.14060976602,1.207686373412702,339.7232915429309
61.5,143.58159521306914,-12.869890675894107,22.55052703854918,-17.072999935457947,0.0,0.0,0.0,0.0,31.07487220443474,287.21671963111504,99611.9625687186,1.2082150127885511,339.7407586942671
61.55,140.91542002551913,-23.566557673420125,41.42033373930997,-28.339404076585538,0.0,0.0,0.0,0.0,55.445004383320686,287.2340497698341,99643.5569131389,1.208525307180394,339.751008211901
61.6,139.68833249252663,-0.1212529471285589,91.29811914773461,-17.45498510021744,0.0,0.0,0.0,0.0,92.9518034630848,287.24202583879855,99658.10070435009,1.2086681383781837,339.7557253731539
61.65,139.1118187196928,9.803727072260074,49.35295703885611,0.42929820046115286,0.0,0.0,0.0,0.0,50.31909905723135,287.245773178322,99664.93430338897,1.2087352481987197,339.75794158072637
61.7,139.3034434693777,7.175123693820113,10.796126879174137,1.9104437768656368,0.0,0.0,0.0,0.0,13.102997788193727,287.244527617449,99662.66287287559,1.2087129415592126,339.7572049473333
61.75,140.27942882264057,10.103435442490394,12.072110124108148,0.0825991802763163,0.0,0.0,0.0,0.0,15.74236555330068,287.2381837126528,99651.09464759944,1.2085993340160872,339.75345309298007
61.8,141.47936125004765,5.982479310121198,7.847667751709805,-1.8323486674141254,0.0,0.0,0.0,0.0,10.036605475768615,287.23038415187466,99636.87349745004,1.2084596695760232,339.74884029105067
61.85,142.08322969282335,1.8022237701566728,13.686919972623562,-3.183690949424409,0.0,0.0,0.0,0.0,14.167416028202405,287.2264590069966,99629.71729625488,1.2083893878321597,339.74651886537663
61.9,142.97889884778155,5.0710098753801365,15.957888901170566,-7.135028830691129,0.0,0.0,0.0,0.0,18.20104380943849,287.2206371574894,99619.1038490386,1.208285150372221,339.74307565347124
61.95,143.0450884058526,-0.08453318445180202,21.47495566217939,-5.08743973742025,0.0,0.0,0.0,0.0,22.06950179849393,287.22020692536194,99618.31955626982,1.208277447542576,339.74282120023554
62.0,143.24849655454344,-0.4455968110797484,11.49482006866953,-2.9216222849489735,0.0,0.0,0.0,0.0,11.86866975296906,287.2188847723954,99615.9093653942,1.208253776093468,339.7420392348915
62.05,142.73333794298347,0.0292981086424801,4.761001132017113,0.5693175407350837,0.0,0.0,0.0,0.0,4.795009136636436,287.22223330337056,99622.01359098198,1.208313727924289,339.7440196642548
62.1,142.02163490791835,-1.1467399185106306,2.2190929646147026,1.3758705436909102,0.0,0.0,0.0,0.0,2.851737326491442,287.22685937309853,99630.44721213011,1.2083965564505312,339.7467556523051
62.15,140.95500788608427,0.09796603168172859,-0.3498187439407616,-0.07838228739671514,0.0,0.0,0.0,0.0,0.3716372962355889,287.2337924487404,99643.08773515064,1.208520699426231,339.75085602743565
62.2,141.0117806250372,2.4023167689324123,2.622579629415675,3.3193910503104944,0.0,0.0,0.0,0.0,4.864915900177652,287.23342342593725,99642.41489263094,1.2085140914941046,339.75063778038947
62.25,139.93987016234286,0.13670711921323359,1.0082877940378019,-1.2910894877071717,0.0,0.0,0.0,0.0,1.6438507162504645,287.24039084394474,99655.11926813518,1.2086388587083086,339.7547584191516
62.3,139.58425594267126,-1.8840625861773055,-0.352110151308538,-0.8813861763883356,0.0,0.0,0.0,0.0,2.1096243692221814,287.2427023363726,99659.33432835838,1.208680253330769,339.7561254604809
62.35,138.40214932766352,2.082744034886328,1.9187149216583912,-0.9371910453936746,0.0,0.0,0.0,0.0,2.982887312825484,287.2503860293702,99673.34675885273,1.2088178620830934,339.76066963911967
62.4,137.69335073222362,1.998537670074461,2.398239325964435,-11.936365031934647,0.0,0.0,0.0,0.0,12.33784887486069,287.2549932202405,99681.7494657581,1.2089003789081787,339.76339432819725
62.45,137.98867263967918,2.99907130581929,-2.123316036081356,-10.768944542235422,0.0,0.0,0.0,0.0,11.378623213737722,287.25307362784207,99678.24839669112,1.2088659976360963,339.7622590854094
62.5,138.03390646145454,-4.321205587030017,12.405969915143581,-7.800223990369057,0.0,0.0,0.0,0.0,15.278232933188185,287.25277960800054,99677.71215426124,1.2088607315966182,339.76208520237685
62.55,138.38207560873988,-17.092222578111514,-23.211999815823084,-39.200835379334954,0.0,0.0,0.0,0.0,48.658467942868846,287.25051650854317,99673.58472205399,1.2088201989634686,339.76074680470117
62.6,139.32679878756178,-6.654817279972816,4.311835643243331,-17.077867358561534,0.0,0.0,0.0,0.0,18.82902209783583,287.24437580788083,99662.38603267986,1.2087102228366136,339.75711516598597
62.65,139.80226764985906,-11.099212293430767,-12.226924291382606,0.8427216377087589,0.0,0.0,0.0,0.0,16.53482297820298,287.2412852602759,99656.75024000298,1.2086548759483176,339.75528738718265
62.7,139.73182805983407,-0.6439867671673545,-8.69923898290207,-2.2433750565800863,0.0,0.0,0.0,0.0,9.006897883423315,287.24174311761107,99657.58515310567,1.2086630753368772,339.75555816891995
62.75,138.95158766568878,2.439281921551036,4.124856523240914,-7.4344015037654785,0.0,0.0,0.0,0.0,8.845047391016017,287.246814680173,99666.83363983872,1.208753900605021,339.7585575309636
62.8,137.77350844962442,-13.036433681574033,10.01048994776334,13.085883396949583,0.0,0.0,0.0,0.0,21.009494434824212,287.2544721950774,99680.79917861264,1.208891046901085,339.7630861954191
62.85,135.84479095953517,-14.685084055667447,71.65026166922569,43.69909516292489,0.0,0.0,0.0,0.0,85.19989794036665,287.267008858763,99703.66657863164,1.2091156045803586,339.77050026462143
62.9,135.13306973614363,-11.612837007960168,16.032655539139512,-31.312821140345132,0.0,0.0,0.0,0.0,37.045874193726284,287.27163504671506,99712.10601224304,1.2091984772730588,339.7732361093548
62.95,134.0500735783205,4.005405645045224,-0.8791071055980514,7.803230962576729,0.0,0.0,0.0,0.0,8.815130012642427,287.27867452174087,99724.94905206986,1.2093245894900058,339.7773990865961
63.0,133.9339564015902,-3.242320612787595,3.4358802027719104,-5.567356877296965,0.0,0.0,0.0,0.0,7.301601079427243,287.2794292833896,99726.32614248357,1.2093381116445319,339.777845431564
63.05,133.37038604286082,4.588840388931681,-2.183970304379195,1.174631278618075,0.0,0.0,0.0,0.0,5.2160273241432265,287.2830924907214,99733.01001784446,1.209403742557071,339.780011741783
63.1,133.13112616099923,-19.44291066900758,13.627282176707443,-22.692446274876062,0.0,0.0,0.0,0.0,32.843214104967764,287.2846476799535,99735.84772039582,1.2094316065291553,339.7809314295652
63.15,132.7589963562197,-21.02879689485503,15.381571811553902,-11.209789658088471,0.0,0.0,0.0,0.0,28.363046987544223,287.28706652368453,99740.26143477732,1.2094749453786184,339.78236184927715
63.2,132.63460590052918,-4.87142562768829,0.4615861273546304,-10.472400687026063,0.0,0.0,0.0,0.0,11.55919657885826,287.28787506164656,99741.73682605496,1.209489432360737,339.7828399890493
63.25,132.83974526383992,-9.92470808786433,2.1701933861685543,-12.18811442177265,0.0,0.0,0.0,0.0,15.866937420967911,287.286541655785,99739.30368398652,1.2094655411270208,339.7820514612423
63.3,133.02455742880895,-4.55244540240401,-0.9703629164974662,-14.037905067394743,0.0,0.0,0.0,0.0,14.789494312273488,287.2853403767127,99737.1116823948,1.2094440175776815,339.78134106685366
63.35,132.64133618186756,-6.220494701397487,3.7147675330853627,-13.60502861953103,0.0,0.0,0.0,0.0,15.413982479983483,287.2878313148178,99741.65699794772,1.2094886485233642,339.78281411879243
63.4,131.81311620827674,-7.189812475199695,3.2995784668452037,-12.725877326038258,0.0,0.0,0.0,0.0,14.984277600364335,287.2932147446462,99751.48093316454,1.2095851094852357,339.7859976653408
63.45,131.96244559735842,-7.752076140074652,5.328401495797463,-10.862599983509769,0.0,0.0,0.0,0.0,14.369503310263642,287.2922441036171,99749.70960399919,1.2095677169842576,339.7854236689982
63.5,131.5085186083166,-6.277969280736009,3.5046541863209355,-7.9241006098234585,0.0,0.0,0.0,0.0,10.699853724708875,287.2951946290459,99755.09411612399,1.2096205867791732,339.7871684828235
63.55,130.7531735014771,-5.396951026146137,6.532482546790167,-6.300941798786827,0.0,0.0,0.0,0.0,10.559463819457736,287.30010437224036,99764.05459166838,1.2097085672707746,339.7900718739031
63.6,130.55872372566435,-5.964171844566546,4.276842261281106,-6.729792039868523,0.0,0.0,0.0,0.0,9.957551226043385,287.30136829578316,99766.36140761223,1.2097312170307326,339.7908192947926
63.65,130.30654774208978,-6.896018946924544,5.196989889513693,-8.561733493898359,0.0,0.0,0.0,0.0,12.160060100533666,287.3030074396764,99769.35311117991,1.2097605912968086,339.7917885996993
63.7,130.18124767589484,-6.176718576993447,3.780805758774746,-8.393509595732365,0.0,0.0,0.0,0.0,11.08590762628895,287.30382189010663,99770.83964237996,1.2097751868526714,339.79227022252456
63.75,130.6053296316398,-5.915690660783189,2.8111942863049046,-8.366593823289223,0.0,0.0,0.0,0.0,10.625351830096365,287.3010653573943,99765.80850385195,1.2097257882853056,339.79064015239743
63.8,130.49339463283727,-5.979654756414494,2.5887683702875135,-9.344333848536563,0.0,0.0,0.0,0.0,11.391864103552924,287.3017929348865,99767.1364359047,1.2097388267202902,339.79107040465743
63.85,130.09280001357953,-6.137121969617479,3.0114927411519643,-11.721836554113324,0.0,0.0,0.0,0.0,13.56962810106894,287.30439679991173,99771.88897592477,1.2097854897439522,339.79261019330676
63.9,130.35136525043123,-4.3925869241664675,1.9002890230758671,-11.554147617402112,0.0,0.0,0.0,0.0,12.506168294977474,287.30271612587217,99768.82141091158,1.2097553707700532,339.791616331987
63.95,130.1004883059682,-2.1728948591745723,2.9124592580363298,-9.091039874096019,0.0,0.0,0.0,0.0,9.790347133332535,287.30434682601117,99771.79776249676,1.2097845941648693,339.79258064143943
64.0,129.82099570319164,-1.7684506008097405,4.066253128701219,-9.556209291885137,0.0,0.0,0.0,0.0,10.534845421955113,287.30616352792924,99775.11368893272,1.2098171514899279,339.7936549392424
64.05,129.29644747718456,-0.19916032187871963,5.554526823797183,-4.097914124935453,0.0,0.0,0.0,0.0,6.905456773120715,287.3095730913983,99781.33721915304,1.2098782564804675,339.7956711587719
64.1,128.3523472457517,19.729262379692692,57.353801126867545,-0.18021271453182408,0.0,0.0,0.0,0.0,60.65257434247543,287.3157097429026,99792.53933838155,1.2099882413272578,339.7992999910098
64.15,127.62691073722735,1.247912818353215,5.707570083705446,-8.518762549327763,0.0,0.0,0.0,0.0,10.329712388757438,287.320425080208,99801.14761869845,1.2100727577024715,339.80208832051517
64.2,127.08563312890463,0.040610367063373204,5.047752250108583,-7.6500137674409805,0.0,0.0,0.0,0.0,9.165378476769295,287.3239433846621,99807.57099754944,1.2101358217406555,339.8041687913704
64.25,127.25588837304801,-1.0780480225894753,3.0675986870364285,-6.784113270332718,0.0,0.0,0.0,0.0,7.523067333768931,287.32283672557514,99805.55053069304,1.2101159850990377,339.80351439457905
64.3,127.49103805014401,0.17795137587127938,4.374189959318556,-4.663373120173694,0.0,0.0,0.0,0.0,6.396268705295008,287.32130825267404,99802.75999781444,1.210088587938674,339.8026105660492
64.35,126.77316279368081,-0.14037449145696979,4.843201808652164,-6.245489301735275,0.0,0.0,0.0,0.0,7.904583820497646,287.325974441841,99811.27925705437,1.210172228679448,339.8053698059268
64.4,128.05865137653075,0.9437545089460503,6.4069613657465725,-5.065210746651754,0.0,0.0,0.0,0.0,8.22168999800659,287.31761876605253,99796.02436262976,1.2100224575754057,339.8004288601083
64.45,127.90958621282671,-1.170406963462592,7.214411217963077,-7.692223461778275,0.0,0.0,0.0,0.0,10.61074377543466,287.3185876896166,99797.79322231653,1.2100398242949892,339.8010018155129
64.5,128.98785994654827,-2.7442472261163973,7.739699025451972,-7.995000823159785,0.0,0.0,0.0,0.0,11.460971686770515,287.3115789103474,99784.99861911332,1.2099142051612854,339.79685727902387
64.55,129.52696734010593,-3.3668437815360326,7.584868744901656,-6.552572118216945,0.0,0.0,0.0,0.0,10.573649903939888,287.3080747122893,99778.60216531032,1.2098514027692435,339.7947851051097
64.6,129.11525109671453,-2.924977347588344,8.599550332443684,-7.2116357842770595,0.0,0.0,0.0,0.0,11.598079543148625,287.3107508678713,99783.4871062535,1.2098993647225003,339.7963676251873
64.65,127.95957162600052,-5.685446194998768,6.02962627484734,-8.464278043185438,0.0,0.0,0.0,0.0,11.845872455961464,287.318262784431,99797.20007498538,1.2100340007625159,339.80080968882237
64.7,127.45303525016057,-5.268404167083477,5.90561856685131,-6.585053098533005,0.0,0.0,0.0,0.0,10.295403704342078,287.32155527087394,99803.21097464622,1.210093015591983,339.80275663494274
64.75,126.2382189656245,-4.573067835520124,4.909329387338814,-5.706692750528901,0.0,0.0,0.0,0.0,8.80799674219946,287.32945157672344,99817.62799239659,1.2102345586763632,339.80742591229205
64.8,125.87321305218401,-4.769194869446424,4.140478093080191,-7.03742301223112,0.0,0.0,0.0,0.0,9.455902981477294,287.33182411516077,99821.96008525629,1.2102770894437385,339.8088288393338
64.85,125.55986772607397,-4.48982436555016,3.555552518283601,-7.772722066172602,0.0,0.0,0.0,0.0,9.654827023915407,287.3338608597805,99825.67916302403,1.2103136015922245,339.81003320049274
64.9,125.74307773915008,-5.037430693775719,1.9101811183216773,-9.486616470897488,0.0,0.0,0.0,0.0,10.90964673879452,287.3326699946955,99823.50464022715,1.210292253186158,339.8093290225686
64.95,126.06548277150027,-4.032337061228289,1.8962690404837712,-9.128831966988884,0.0,0.0,0.0,0.0,10.158304559854985,287.3305743619852,99819.67810248943,1.2102546858869059,339.80808983726536
65.0,125.54674235562422,-4.648332913604871,2.9697306983949407,-10.496521822903077,0.0,0.0,0.0,0.0,11.857624959298223,287.33394617468844,99825.83494974411,1.2103151310269946,339.8100836485316
65.05,125.19071858878475,-4.317830106208445,4.457975374895195,-12.247696308988694,0.0,0.0,0.0,0.0,13.730377494681901,287.3362603291729,99830.06071698741,1.2103566172869533,339.8114520414
65.1,124.8262992523024,-4.220015357010456,3.3738904714274685,-10.985769677352186,0.0,0.0,0.0,0.0,12.24249982358276,287.33862905486,99834.38628411469,1.2103990829812694,339.81285269729955
65.15,124.70507602890042,-2.2921184040149254,2.336325159833823,-10.929402686497564,0.0,0.0,0.0,0.0,11.408946713615444,287.33941700581215,99835.82520734453,1.2104132093458777,339.8133186208653
65.2,124.10096175589985,-0.4374860518685058,2.3397187563289523,-11.22206444740024,0.0,0.0,0.0,0.0,11.471722118579294,287.3433437485866,99842.99631192707,1.2104836097708578,339.81564053504735
65.25,124.26700761185349,0.18564197381641204,1.4315929878261773,-8.18797500345512,0.0,0.0,0.0,0.0,8.314256195381605,287.3422644505229,99841.0252323462,1.2104642593136137,339.8150023391134
65.3,124.62877981229015,0.9235027014569381,1.053177401876999,-7.648225799018073,0.0,0.0,0.0,0.0,7.7754355345657835,287.3399129312201,99836.73085429223,1.2104221003486377,339.8136118663722
65.35,124.52725870441071,1.8387336516152124,1.805353423182226,-9.37704608740056,0.0,0.0,0.0,0.0,9.724671498277571,287.3405728184213,99837.93593460371,1.2104339309531065,339.8140020636863
65.4,123.83214799861355,2.956092287833212,3.7411591178401373,-10.255959981957004,0.0,0.0,0.0,0.0,11.31014890753826,287.345091038009,99846.18738463652,1.2105149369749533,339.8166737160563
65.45,122.81810830161253,4.247806691144631,5.9942578807968,-8.756627995190973,0.0,0.0,0.0,0.0,11.430377206067607,287.3516822960395,99858.22573514385,1.210633117419486,339.8205711317509
65.5,121.15907649214122,3.3423869398600257,7.750875722455949,-8.325896359883112,0.0,0.0,0.0,0.0,11.856145036065422,287.36246600280106,99877.9237572573,1.210826486986958,339.8269474490592
65.55,120.31293037583328,2.145233529207632,7.773749075023176,-6.847574753626001,0.0,0.0,0.0,0.0,10.57934220936049,287.3679659525571,99887.97143370546,1.2109251192146124,339.8301994781425
65.6,119.59073712502668,0.7767940515707004,7.156638133412054,-6.320157360705974,0.0,0.0,0.0,0.0,9.57941895081581,287.3726602086873,99896.54786249078,1.2110093075617205,339.83297508933
65.65,120.05480608090883,-0.5146933050979496,7.069226520032608,-8.543129840665266,0.0,0.0,0.0,0.0,11.10062792207316,287.36964376047405,99891.03672846162,1.2109552090643398,339.8311915319453
65.7,120.11062194905502,0.11388036805491314,7.662491235053355,-9.837393133803923,0.0,0.0,0.0,0.0,12.47000578726852,287.3692809573311,99890.37389370592,1.2109487024951038,339.83097701404836
65.75,121.13648818895767,0.010117193139207892,7.236658253752596,-9.406284117649017,0.0,0.0,0.0,0.0,11.867919191717592,287.36261282677174,99878.19197448455,1.210829119944853,339.82703426404254
65.8,121.03891273212272,-0.19842181420096983,8.25105554941302,-7.486990887143651,0.0,0.0,0.0,0.0,11.14335324038605,287.36324706724116,99879.35060820951,1.2108404936724046,339.827409281406
65.85,121.14359807741006,-1.8407185446283376,7.581682302695511,-7.478069246652819,0.0,0.0,0.0,0.0,10.807019522388197,287.36256661249683,99878.1075504368,1.2108282911952368,339.82700693818333
65.9,121.00535173798156,-1.7957089420560062,7.369335238541731,-6.87000729738542,0.0,0.0,0.0,0.0,10.233702786807996,287.3634652137031,99879.7491217944,1.210844405675068,339.82753826820874
65.95,120.98169525237662,-3.4099004566884257,5.947328986696335,-8.0975249945647,0.0,0.0,0.0,0.0,10.609809340328527,287.36361898085954,99880.03002696695,1.210847163174721,339.82762918844315
66.0,120.89915272088132,-3.8044397336318547,5.568186328936753,-8.612312866674241,0.0,0.0,0.0,0.0,10.938482234481969,287.36415550731425,99881.01017012759,1.2108567847176586,339.8279464283719
66.05,120.23422082032297,-4.050188461550911,5.8026678778198235,-9.218438673283577,0.0,0.0,0.0,0.0,11.621299094656003,287.3684775646679,99888.90612257051,1.210934294418564,339.8305019843173
66.1,120.06731068768757,-4.467351533644412,5.492819656578489,-10.1447923849684,0.0,0.0,0.0,0.0,12.371140207715817,287.36956248053,99890.88823116991,1.2109537513745787,339.8311434728292
66.15,119.64581654409231,-3.6327816826632433,5.198522143314535,-9.804003393451422,0.0,0.0,0.0,0.0,11.676481394976491,287.3723021924634,99895.8937441051,1.211002886622235,339.8327634029498
66.2,119.91034430004251,-4.3070928777133215,3.9578776922488847,-11.442648776223457,0.0,0.0,0.0,0.0,12.851072169280599,287.3705827620497,99892.75228383104,1.210972049392054,339.83174674327427
66.25,118.84284907204967,-2.4039632666732773,4.466309325052258,-8.41627376589841,0.0,0.0,0.0,0.0,9.82652647058527,287.37752148103164,99905.43005917371,1.2110964959525925,339.83584942966536
66.3,118.86501412597256,-2.0170019500045577,2.594691265801751,-9.752775200716908,0.0,0.0,0.0,0.0,10.291615215643693,287.37737740818113,99905.16680955426,1.21109391189336,339.8357642435913
66.35,118.32958561614133,-1.2198248839915642,3.9574638975067,-10.184294771099891,0.0,0.0,0.0,0.0,10.99405990670992,287.38085769349505,99911.52613690069,1.211156334711632,339.83782202880957
66.4,117.73239736325544,0.1360811532168582,4.543983625297793,-8.458054661546194,0.0,0.0,0.0,0.0,9.6023431476353,287.3847394171388,99918.61937633384,1.2112259606799975,339.840117157415
66.45,117.534416797135,1.49809003994639,6.054990713501372,-8.836804055423885,0.0,0.0,0.0,0.0,10.81648243295067,287.3860262908186,99920.97102558048,1.211249043840409,339.84087803778294
66.5,117.20114189796142,0.5129171493872282,4.458456328333096,-10.53984690177875,0.0,0.0,0.0,0.0,11.45553532344622,287.38819257766323,99924.92982679443,1.2112879021414849,339.84215887847927
66.55,116.80550351680334,0.9594136367352301,3.3482296575434574,-7.9962254717459365,0.0,0.0,0.0,0.0,8.721854055245686,287.3907642271408,99929.62957662817,1.2113340329722004,339.84367938798135
66.6,116.58087873227731,1.9989260723923636,4.253955592349888,-7.63479355181006,0.0,0.0,0.0,0.0,8.965596254758259,287.3922242882402,99932.2979522439,1.2113602244770143,339.8445426584265
66.65,115.95947490756615,1.620745323646035,4.6990298505856725,-9.497854616254847,0.0,0.0,0.0,0.0,10.719931867895859,287.39626341310077,99939.680068757,1.211432683125343,339.84693080535953
66.7,115.66331805004903,2.137128190345852,4.549793424400258,-7.123518544135622,0.0,0.0,0.0,0.0,8.71851211820749,287.39818843267466,99943.19849089996,1.2114672175934722,339.8480689741211
66.75,114.7850329308962,2.3459143691743516,5.428298987445381,-9.07453532391901,0.0,0.0,0.0,0.0,10.831294265675416,287.40389728594914,99953.63334122943,1.211569637714065,339.851444313989
66.8,113.99896543295928,2.712169237753827,6.795979958816086,-9.672063307125741,0.0,0.0,0.0,0.0,12.128067207593146,287.40900672468575,99962.97330789255,1.211661309609497,339.85446522364464
66.85,113.67584253325796,1.6424612480822607,7.173936154083986,-8.029430009058629,0.0,0.0,0.0,0.0,10.891959656769599,287.4111070235338,99966.81282323181,1.2116989940303005,339.8557069986431
66.9,114.61874705410415,0.8107855440892089,7.674935430206692,-6.937615007692453,0.0,0.0,0.0,0.0,10.377500134970154,287.4049781441483,99955.6090726069,1.2115890296793865,339.85208336390826
66.95,114.92270953343514,-1.635386440240119,6.877688773867665,-8.617670156669776,0.0,0.0,0.0,0.0,11.146359522654176,287.40300238803263,99951.9975558599,1.2115535822914736,339.85091521088873
67.0,115.2369076725204,-1.7426896137144738,5.505086913413962,-9.466181235975869,0.0,0.0,0.0,0.0,11.08835137458818,287.4009601001286,99948.26453563382,1.2115169420789795,339.8497077171594
67.05,115.04838716084541,-1.7857862136840166,5.108832018956453,-8.253785390573942,0.0,0.0,0.0,0.0,9.86986171496594,287.4021854834545,99950.50435356706,1.2115389262946241,339.85043222016924
67.1,115.3642086062601,-3.6745577936673595,4.649345336502437,-10.644621629506496,0.0,0.0,0.0,0.0,12.183052026172096,287.4001326440593,99946.75209235682,1.211502097123322,339.8492184861812
67.15,115.04434087037143,-2.9394158444464558,5.8147703443062415,-10.20831493650286,0.0,0.0,0.0,0.0,12.110384531732823,287.40221178434257,99950.55242811273,1.2115393981539042,339.8504477704476
67.2,114.2900622970114,-3.4410507434387294,5.645059034282149,-10.079687726449972,0.0,0.0,0.0,0.0,12.054361301296595,287.4071145950694,99959.51444490836,1.2116273610139048,339.8533465221735
67.25,114.03066892175298,-5.101946551570227,4.465101571666941,-10.23628681559773,0.0,0.0,0.0,0.0,12.277970452463299,287.4088006520086,99962.59659688557,1.2116576122175569,339.85434338554904
67.3,113.78675514785412,-5.746461855448759,3.8373830727432785,-9.530592102713785,0.0,0.0,0.0,0.0,11.771980229826017,287.41038609153895,99965.49488806051,1.2116860586725744,339.8552807572758
67.35,114.0472673614456,-4.825882819610711,3.764360250947524,-8.53274500619699,0.0,0.0,0.0,0.0,10.500823321449952,287.40869276215057,99962.3993693679,1.2116556764423367,339.85427959689645
67.4,113.27213927643209,-4.218767854382785,2.5332023899624883,-9.094879322051415,0.0,0.0,0.0,0.0,10.340790416615338,287.41373109470317,99971.6100043276,1.2117460774482123,339.8572584409937
67.45,112.82704619937435,-4.535707715473485,2.2695082432225133,-10.399502219372168,0.0,0.0,0.0,0.0,11.570348247005676,287.416624199704,99976.89923417597,1.2117979897325708,339.8589689373153
67.5,112.95016626635547,-3.399330261459574,3.435679850686933,-9.750643363065942,0.0,0.0,0.0,0.0,10.882756464085416,287.4158239192687,99975.43612352073,1.2117836297705282,339.8584957867561
67.55,112.5912369585213,-3.6058406139122643,2.4273056386417573,-9.109702966785925,0.0,0.0,0.0,0.0,10.093591399466769,287.4181569597696,99979.70154724306,1.211825493425341,339.85987515066057
67.6,112.19728437973072,-3.9219936480385424,2.885149830235723,-10.393155908489947,0.0,0.0,0.0,0.0,11.477099522803806,287.42071765153173,99984.38334815092,1.2118714432866673,339.861389102412
67.65,111.66164204934992,-3.175340469330006,2.330057900487269,-9.64488139660903,0.0,0.0,0.0,0.0,10.418046557317883,287.42419932667923,99990.74929946834,1.2119339217028344,339.8634475541796
67.7,111.13868749862775,-2.418228343800301,2.5637225134442123,-9.499943405265217,0.0,0.0,0.0,0.0,10.132592272066509,287.4275985312589,99996.96477688942,1.2119949225678026,339.86545723529633
67.75,110.79563239034019,-1.799407686423741,2.3799702967804306,-9.991113873532564,0.0,0.0,0.0,0.0,10.427103292353674,287.4298283894628,100001.04226343113,1.212034940052141,339.8667755678295
67.8,111.03608419439534,-1.6272655407585292,2.486069088453385,-10.440520685190295,0.0,0.0,0.0,0.0,10.855091194024583,287.4282654527364,99998.18428577032,1.2120068911689805,339.8658515318819
67.85,110.87910170874376,-2.0742322978345573,1.044598631275194,-10.193543944519025,0.0,0.0,0.0,0.0,10.45475796346728,287.4292858388931,100000.05015089345,1.2120252032373162,339.86645480258267
67.9,110.68105650772519,-2.258101413679235,0.9567517376818275,-10.601143838780615,0.0,0.0,0.0,0.0,10.881114215581672,287.43057313269975,100002.40412016075,1.2120483055894133,339.8672158723728
67.95,110.76433360858904,-0.2810674730421854,1.0198378609444156,-9.953964357776524,0.0,0.0,0.0,0.0,10.010018712415247,287.43003183154417,100001.41428138783,1.212038591115017,339.86689584621604
68.0,110.77795200239781,-0.2727862282110781,1.5710372786621498,-10.27824295936895,0.0,0.0,0.0,0.0,10.401194584713103,287.4299433119844,100001.25241274419,1.212037002502245,339.86684351196595
68.05,110.56978510762676,-0.45441117704974776,1.752282242098857,-9.480762348861967,0.0,0.0,0.0,0.0,9.652037986321927,287.4312963968004,100003.72671396082,1.2120612857592101,339.86764347754877
68.1,110.42294346177141,-0.499822397478334,2.2904005952422857,-9.650483107001351,0.0,0.0,0.0,0.0,9.931142004534305,287.43225086749845,100005.47212439447,1.2120784154763402,339.8682077748985
68.15,109.91753246971685,-2.5822293753880787,1.391211946309801,-12.081714588376773,0.0,0.0,0.0,0.0,12.432666915093815,287.4355360389468,100011.47980227573,1.2121373752841704,339.8701500102231
68.2,109.67387372624394,-0.858772574079443,3.9444442677925533,-10.244981171451544,0.0,0.0,0.0,0.0,11.011619777267521,287.4371198207794,100014.37620942367,1.2121658006035452,339.8710863583082
68.25,109.45973445326351,-3.4284987311572253,1.362791741596285,-10.885265862984344,0.0,0.0,0.0,0.0,11.493511986697627,287.4385117260538,100016.9217703824,1.2121907825915736,339.87190926487176
68.3,109.25378150395215,-3.0494051882889446,1.362076812889903,-9.34284514267867,0.0,0.0,0.0,0.0,9.92183856987455,287.4398504202243,100019.37006666197,1.2122148099155392,339.872700710686
68.35,108.78188868816606,-3.220908451295279,2.1871281755647702,-9.345506921955497,0.0,0.0,0.0,0.0,10.124044672772476,287.4429177235269,100024.97994559204,1.2122698642594616,339.87451411595094
68.4,108.53315963426118,-4.536227029541595,3.96193901082111,-9.817243301758165,0.0,0.0,0.0,0.0,11.517490283691385,287.4445344623773,100027.93694815357,1.2122988835148885,339.8754699362629
68.45,108.38365888391493,-5.018721360981696,3.8196588672666003,-9.097790587636311,0.0,0.0,0.0,0.0,11.070101695013744,287.44550621725455,100029.71431419185,1.2123163260452026,339.8760444390397
68.5,108.80911072409342,-3.8299577641609917,4.502985866082681,-8.666697035294433,0.0,0.0,0.0,0.0,10.49081005866462,287.4427407802934,100024.65632211577,1.212266688292777,339.8744095064771
68.55,108.36601030783235,-4.788723440049688,3.912100681514897,-9.549167766076446,0.0,0.0,0.0,0.0,11.376423381373606,287.4456209329991,100029.92413408891,1.212318385150035,339.8761122590764
68.6,108.05900437012566,-4.249773024506594,4.221003576206043,-9.146055398391017,0.0,0.0,0.0,0.0,10.932875710470945,287.4476164715942,100033.57411470402,1.2123542047517044,339.87729202086973
68.65,107.86359800417118,-3.602589632970565,4.397571568270767,-9.653017458687986,0.0,0.0,0.0,0.0,11.202590495924836,287.44888661297284,100035.8973488934,1.2123770040099229,339.8780429259228
68.7,107.89437742301354,-4.699421860497639,3.9204409189358325,-10.311006457061124,0.0,0.0,0.0,0.0,11.990466086826888,287.44868654675037,100035.53140193816,1.2123734127647374,339.8779246472806
68.75,107.86378076271589,-4.124105549321364,4.573572498860302,-9.559439736988512,0.0,0.0,0.0,0.0,11.371398333951262,287.4488854250423,100035.89517601187,1.2123769826862105,339.8780422236214
68.8,107.47907085258356,-5.189952359576986,2.2997971872812055,-10.47721912168614,0.0,0.0,0.0,0.0,11.916240729405015,287.45138603945816,100040.46921404713,1.2124218701070193,339.8795205770378
68.85,107.54615848357896,-4.520594003142821,3.855837908214967,-8.62569046336285,0.0,0.0,0.0,0.0,10.474053278718188,287.4509499698567,100039.67155831287,1.2124140423233956,339.8792627748659
68.9,107.01920603636857,-4.158930815264012,4.196309562282412,-7.593333721109701,0.0,0.0,0.0,0.0,9.621041340145934,287.45437516076356,100045.93703431942,1.2124755281666855,339.88128772537044
68.95,106.64226750825637,-4.503042819789467,4.752170471522457,-8.819153878834026,0.0,0.0,0.0,0.0,10.983532854497259,287.4568252611963,100050.41903651395,1.2125195115556562,339.8827362013507
69.0,105.82064653363244,-4.242289799652284,4.773158833587164,-7.4556688572786225,0.0,0.0,0.0,0.0,9.816672863260715,287.4621657975314,100060.18911603738,1.2126153873196974,339.88589345404426
69.05,105.5663337817104,-4.4259931315003,5.478214429178131,-8.169955401445305,0.0,0.0,0.0,0.0,10.786492469461452,287.46381883041886,100063.21336264514,1.2126450645015912,339.8868706987377
69.1,104.76028137122897,-3.8462840679736314,5.910098060006053,-9.044746376984413,0.0,0.0,0.0,0.0,11.468678966402702,287.469058171087,100072.79929818028,1.2127391309515019,339.88996808851937
69.15,104.59832327160878,-4.4262887800009905,5.170195557896363,-8.063651276323009,0.0,0.0,0.0,0.0,10.552034229332259,287.4701108987345,100074.72546600107,1.2127580321620606,339.8905904359143
69.2,104.25762257569616,-2.832963693983237,6.499683589836781,-7.1927306911407225,0.0,0.0,0.0,0.0,10.099848754050646,287.47232545325795,100078.77751767694,1.2127977941422237,339.8918996238374
69.25,104.48085215584823,-3.1633314783590425,5.638088148687827,-7.423435954970375,0.0,0.0,0.0,0.0,9.84388670149643,287.470874460987,100076.1225688677,1.212771741690248,339.89104183493396
69.3,104.27673913545091,-2.5387802814228233,6.346270481262078,-6.986287928436354,0.0,0.0,0.0,0.0,9.773882205024536,287.47220119561956,100078.55015539833,1.212795563089348,339.89182616603716
69.35,104.66064802935526,0.07446318713969347,7.430858042604136,-7.434558678819956,0.0,0.0,0.0,0.0,10.511701040478211,287.4697057878092,100073.98423404916,1.2127507585666535,339.89035094416386
69.4,104.33875714075042,-1.5660533865668091,8.026968264788682,-8.30031678666823,0.0,0.0,0.0,0.0,11.65246761388112,287.4717980785851,100077.81254883423,1.2127883251219702,339.8915878538935
69.45,104.76803970711275,-1.9983209879461183,7.796732113158255,-8.647053809941445,0.0,0.0,0.0,0.0,11.813291582249294,287.46900774190374,100072.70702903824,1.212738225525812,339.88993827596437
69.5,104.0863380897684,1.0019875079057396,8.369711587293082,-5.887345969055636,0.0,0.0,0.0,0.0,10.281872085365723,287.47343880241647,100080.81470367122,1.2128177845289994,339.892557805444
69.55,102.75696070112893,1.5156474314615829,7.47149725282086,-6.918131061297635,0.0,0.0,0.0,0.0,10.294707170031447,287.4820797554426,100096.62690366528,1.2129729429837814,339.8976660574764
69.6,102.21088432654724,1.9641795153130626,6.95658389505881,-8.013368665990848,0.0,0.0,0.0,0.0,10.79194783319726,287.4856292518774,100103.12276263096,1.2130366827588273,339.8997643827544
69.65,101.4551901221738,1.7003870564576016,5.24536715805024,-10.881419898005392,0.0,0.0,0.0,0.0,12.198790586005986,287.49054126420583,100112.11269639137,1.2131248940217108,339.9026681534677
69.7,100.57017765907025,2.3802830736635743,4.578357439847636,-9.925160301260737,0.0,0.0,0.0,0.0,11.186416377173686,287.49629384521603,100122.64186473108,1.2132282066861073,339.9060688007453
69.75,100.31163798617563,1.8104353100620905,3.463207980813415,-8.48445611327349,0.0,0.0,0.0,0.0,9.341171289958945,287.49797435308983,100125.71793159492,1.2132583887997472,339.90706222918675
69.8,99.90754233724329,2.5112506872725473,3.7174195653304665,-7.711098544079362,0.0,0.0,0.0,0.0,8.921133840243147,287.5006009748079,100130.52595525274,1.2133055643768156,339.90861494487905
69.85,100.03032849708207,0.7319606168487544,2.067503987830471,-8.762029709657885,0.0,0.0,0.0,0.0,9.032358701758913,287.4998028647689,100129.06499730164,1.2132912297312,339.9081431464458
69.9,100.41963540898851,0.9378707358053151,2.7716891645263817,-9.234540187580546,0.0,0.0,0.0,0.0,9.687032301890662,287.49727236984154,100124.43298489382,1.2132457810304524,339.90664725372494
69.95,100.82760407802408,1.32848476691786,3.9423592229146527,-8.637047686489469,0.0,0.0,0.0,0.0,9.586744012287285,287.4946205734928,100119.57911922793,1.2131981551052742,339.9050796470531
70.0,100.62444273041203,1.0541654391841409,3.264816258815512,-9.396916588793433,0.0,0.0,0.0,0.0,10.003615913945197,287.4959411222523,100121.99623663894,1.2132218718142675,339.9058602889917
70.05,101.49466698104736,1.1051404740565691,2.813035031944518,-10.282218225841158,0.0,0.0,0.0,0.0,10.717206408489348,287.4902846646232,100111.6430532822,1.2131202858146377,339.9025164634297
70.1,102.14885275581658,0.18226728841497178,1.6243496995005,-9.45022295804677,0.0,0.0,0.0,0.0,9.590539466968881,287.48603245708716,100103.86068161667,1.2130439234435553,339.900002741291
70.15,102.7669604758695,0.2513313047361264,1.6171796128528235,-8.926067104004744,0.0,0.0,0.0,0.0,9.074861501431458,287.48201475690684,100096.50795439098,1.212971775802091,339.89762763273023
70.2,102.41775842168806,-0.4364033428692736,0.9128694856485228,-8.877174743815724,0.0,0.0,0.0,0.0,8.93465220407238,287.484284570259,100100.66184884733,1.2130125354535497,339.8989694604118
70.25,101.75499367235015,0.4354853976019149,1.7274588289818587,-9.125496937549064,0.0,0.0,0.0,0.0,9.297766177667045,287.4885925411297,100108.5460775677,1.2130898977316804,339.90151615505306
70.3,101.56930097903707,-3.247525244187068,0.3966371456401959,-9.433318604253195,0.0,0.0,0.0,0.0,9.984550121376692,287.48979954363625,100110.75516221301,1.2131115736859948,339.9022296817147
70.35,100.7694415415026,-2.2315602860170785,2.188346856886409,-8.216856282829465,0.0,0.0,0.0,0.0,8.791214389880803,287.4949986299802,100120.2711046898,1.2132049448642879,339.905303135197
70.4,99.84185297647107,-4.258997200950166,2.4705723867053373,-10.45397386131512,0.0,0.0,0.0,0.0,11.555446965336824,287.5010279556529,100131.30756015227,1.2133132333212682,339.90886735202747
70.45,99.9048200666718,-5.188718801783731,3.443053716421063,-10.148231289463837,0.0,0.0,0.0,0.0,11.90646966999865,287.5006186695666,100130.55834609263,1.213305882189215,339.9086254050326
70.5,99.24820924725097,-4.314217561893135,4.617972575666247,-7.863364280429663,0.0,0.0,0.0,0.0,10.08814361950155,287.50488663989285,100138.37125449245,1.2133825403020786,339.9111483814171
70.55,98.98027585200681,-4.306321552525015,5.183554937443059,-8.318828776896932,0.0,0.0,0.0,0.0,10.705912353581095,287.5066282069619,100141.55949343894,1.2134138221006343,339.9121778894245
70.6,98.39208996830136,-5.095036089106243,3.5544564799516714,-10.233051619122367,0.0,0.0,0.0,0.0,11.971169494113278,287.51045141520603,100148.55882392522,1.2134824962279636,339.9144379255298
70.65,98.48728875801555,-3.316625179613801,5.298645235092037,-9.875739619835546,0.0,0.0,0.0,0.0,11.687851682332443,287.5098326230729,100147.42594465517,1.2134713810131807,339.9140721362302
70.7,98.22084351059145,-4.053854500876451,5.477442373518173,-10.016355227639794,0.0,0.0,0.0,0.0,12.114597942802545,287.5115645171811,100150.59670748853,1.2135024908080425,339.91509591737696
70.75,98.00689528691863,-3.635389223028093,5.166205527575231,-8.593234655393278,0.0,0.0,0.0,0.0,10.665337134789022,287.512955180635,100153.14280189516,1.2135274715614843,339.915917983318
70.8,97.65570070353101,-4.300833388444867,4.6899181640211385,-8.649559916995536,0.0,0.0,0.0,0.0,10.738127722190372,287.51523794542703,100157.32231252755,1.2135684781547047,339.9172673947718
70.85,97.50815328973977,-5.388482180018655,3.837275437488386,-8.994168576321933,0.0,0.0,0.0,0.0,11.164922362776517,287.5161970036167,100159.07829285951,1.2135857065748625,339.91783432153636
70.9,97.66483332095373,-6.026597460823537,4.006965905271956,-9.25811318616279,0.0,0.0,0.0,0.0,11.751098352435738,287.5151785834138,100157.21362491806,1.21356741178791,339.9172323041544
70.95,96.9547953358133,-5.39023288983178,5.594959206793431,-8.349928270794209,0.0,0.0,0.0,0.0,11.405239202213831,287.5197938303172,100165.6640975409,1.2136503212571088,339.9199605003942
71.0,96.77311675016487,-4.182151416602254,7.3933783543192675,-6.382038163959727,0.0,0.0,0.0,0.0,10.6246338801741,287.5209747411239,100167.82642661015,1.2136715361354165,339.9206585649296
71.05,96.68463783605644,-4.950474476725588,6.3681716829479145,-7.401044864937637,0.0,0.0,0.0,0.0,10.946975528475019,287.5215498540656,100168.87951172648,1.2136818680523689,339.92099852738335
71.1,96.48756178103318,-3.0087973123914384,7.927675925433579,-5.803028966666161,0.0,0.0,0.0,0.0,10.275020780208653,287.52283084842327,100171.22516338182,1.213704881386715,339.9217557513138
71.15,96.48986930445412,-1.7277901527635473,8.310034675432034,-4.803598737162904,0.0,0.0,0.0,0.0,9.752768629806745,287.522815849521,100171.19769836661,1.213704611926335,339.9217468851427
71.2,96.42124171023518,-1.8967589644955167,7.633540743679413,-6.898556120211411,0.0,0.0,0.0,0.0,10.462251927692913,287.52326192888347,100172.0145325166,1.2137126259133564,339.92201057207285
71.25,96.072403034124,-1.7182281099524643,7.369620080132679,-8.172394780626426,0.0,0.0,0.0,0.0,11.137847386893739,287.52552938027816,100176.16663881215,1.2137533621741337,339.92335090730734
71.3,95.3413988835604,-2.106154865755177,6.701942415119657,-8.420049930759765,0.0,0.0,0.0,0.0,10.965817857807581,287.53028090725684,100184.8679807739,1.2138387298847766,339.9261596114652
71.35,94.90668119806615,-1.1895389917119532,5.393528662101231,-9.692955914365905,0.0,0.0,0.0,0.0,11.156099174870738,287.53310657221255,100190.04283424356,1.2138894990161087,339.9278298965459
71.4,94.23559473299049,0.21375069345363973,4.664525722890621,-9.527144847632124,0.0,0.0,0.0,0.0,10.609900024327445,287.53746863423555,100198.03183256651,1.2139678760055173,339.9304083485916
71.45,93.08417639433065,1.6318806768712868,5.696105726746771,-7.559158094352986,0.0,0.0,0.0,0.0,9.604661685309146,287.5449528534368,100211.74017886988,1.2141023605475358,339.9348322887942
71.5,92.57967356743565,2.1010348952730395,5.125540914101632,-8.939160585865878,0.0,0.0,0.0,0.0,10.516373389775715,287.5482321218116,100217.7470750051,1.2141612895779563,339.9367706541798
71.55,92.22515172046002,2.033619333872318,4.215430862320919,-9.31031843729475,0.0,0.0,0.0,0.0,10.420532345035811,287.550536513817,100221.96838715127,1.2142027012173586,339.9381327665486
71.6,91.83304421487884,1.998109213597623,4.583011858918487,-8.997034465549703,0.0,0.0,0.0,0.0,10.29286487343249,287.55308521260326,100226.63740159117,1.2142485044899027,339.93963928084185
71.65,91.43570764102604,1.9887614927913497,3.889234840945234,-10.047581542603355,0.0,0.0,0.0,0.0,10.956058359578758,287.55566790033333,100231.3688607528,1.214294919934245,339.9411658789017
71.7,91.0836783505932,2.051862114358185,3.833073647488155,-9.638321237603158,0.0,0.0,0.0,0.0,10.57354377692922,287.5579560907211,100235.56095470971,1.2143360438770132,339.9425183971227
71.75,91.62116290583212,1.925566707548676,2.438296873514452,-9.415636921457475,0.0,0.0,0.0,0.0,9.915004660882586,287.5544624411121,100229.16044850856,1.2142732555413718,339.9404533461849
71.8,91.07415770697362,2.4443177929761064,3.3817738099705963,-9.540845369392798,0.0,0.0,0.0,0.0,10.413395888831204,287.55801797490466,100235.674331999,1.214337156090182,339.9425549759473
71.85,91.64857264134706,0.8491473363309521,3.503260677639908,-10.568833820748333,0.0,0.0,0.0,0.0,11.166652806678005,287.55428427783124,100228.83405510157,1.2142700536337434,339.9403480358459
71.9,91.36164998152292,0.7818556992632252,4.0794409669948415,-10.718916706541508,0.0,0.0,0.0,0.0,11.495577945429314,287.5561492751201,100232.2507547437,1.214303571236511,339.9414504134389
71.95,91.05028664790078,1.6173817059042475,4.798252916858258,-9.704581579078704,0.0,0.0,0.0,0.0,10.946143533762301,287.55817313678864,100235.95860272946,1.2143399447397658,339.94264668982214
72.0,91.62261727833214,-0.21508955702250845,2.9624241084531633,-10.891180844126778,0.0,0.0,0.0,0.0,11.288934418064388,287.5544529876908,100229.14312991059,1.2142730856465962,339.9404477583733
72.05,91.36025039424284,0.9745674243532895,4.418549662419653,-9.172582748397673,0.0,0.0,0.0,0.0,10.227885268230283,287.5561583724374,100232.26742138015,1.214303734734605,339.9414557907456
72.1,91.48134854753059,0.286761506098126,4.155465055052258,-10.962988780119625,0.0,0.0,0.0,0.0,11.727627423233095,287.55537123444105,100230.82536248797,1.2142895882569913,339.9409905233331
72.15,91.35780828867156,0.9539876195128596,3.6512129940128237,-9.60738138295707,0.0,0.0,0.0,0.0,10.321977801924493,287.5561742461236,100232.29650259142,1.214304020018467,339.9414651734761
72.2,91.81692815767447,1.7578195704532544,3.265618769226467,-8.932103457690259,0.0,0.0,0.0,0.0,9.671435662148351,287.5531899669751,100226.82930707699,1.2142503870839334,339.9397012001221
72.25,91.66359905887872,0.7720100581731206,2.6533750563864285,-10.66076087790022,0.0,0.0,0.0,0.0,11.01309317201766,287.55418660611724,100228.65512183157,1.2142682983039335,339.94029030316534
72.3,92.39577095942029,0.3563128570257469,1.8722047966679387,-11.371217423821134,0.0,0.0,0.0,0.0,11.529817663456852,287.54942748876374,100219.9367960286,1.2141827710768711,339.9374772291362
72.35,91.77724746671477,-0.19290403482281826,1.4422865906036084,-12.007379640719138,0.0,0.0,0.0,0.0,12.09522915915372,287.5534478914663,100227.30181487581,1.2142550223855084,339.93985365670727
72.4,91.09299300505495,-0.6632309146661721,1.8177438889444117,-11.862429812736194,0.0,0.0,0.0,0.0,12.019205845398277,287.55789554546715,100235.45003055816,1.2143349557285035,339.94248260971574
72.45,90.43615533893615,0.13207483656804236,2.2637511508091097,-10.04147059851303,0.0,0.0,0.0,0.0,10.294325855346026,287.5621649902969,100243.27226706718,1.214411690078846,339.94500620637245
72.5,90.20044179856771,-0.3580139031721029,2.658562658355849,-9.308089764790674,0.0,0.0,0.0,0.0,9.686932663783184,287.5636971283093,100246.07948461275,1.214439227962857,339.9459118226805
72.55,89.84217420505871,-1.8845812588921942,2.702412356299591,-11.318264622269664,0.0,0.0,0.0,0.0,11.788036016426547,287.5660258676671,100250.34637487121,1.2144810844767628,339.94728828958085
72.6,89.76358026996179,-1.7507518914266804,2.3010597627178835,-9.436557304128376,0.0,0.0,0.0,0.0,9.869580638053067,287.56653672824524,100251.2824314637,1.2144902667781494,339.94759024734964
72.65,89.0458417124984,-1.537049034398298,3.2934861341088664,-10.887861723930667,0.0,0.0,0.0,0.0,11.478462596059916,287.57120202886875,100259.83105091902,1.2145741242013544,339.9503477852927
72.7,89.0310504329853,-1.2639343175696027,2.991997319437361,-11.050095430806307,0.0,0.0,0.0,0.0,11.517559939005176,287.57129817218555,100260.00722854478,1.2145758523961223,339.9504046128732
72.75,88.20985624769644,-0.8020315328590976,2.0848463121466283,-10.481620569490465,0.0,0.0,0.0,0.0,10.717005574680705,287.57663593438997,100269.78879337032,1.2146718026586392,339.95355959741516
72.8,88.09908457171362,-1.6668861470673124,1.3341180673112356,-12.097402898559352,0.0,0.0,0.0,0.0,12.28436149479831,287.57735595028385,100271.10829723331,1.214684745925983,339.9539851740829
72.85,88.07931125958713,-0.3237456268347134,1.6190198094734345,-10.72536350923552,0.0,0.0,0.0,0.0,10.85170303591113,287.5774844768127,100271.34383691735,1.2146870563766672,339.95406114164416
72.9,88.31461047255672,0.8463207125354275,1.785366681390216,-9.243194750449366,0.0,0.0,0.0,0.0,9.452007306927957,287.57595503192834,100268.54098186715,1.2146595626056371,339.95315713886384
72.95,88.34888233445722,-0.9481695466489674,0.26550276911841375,-10.470564525120999,0.0,0.0,0.0,0.0,10.516759894773884,287.575732264826,100268.13274499073,1.2146555581155014,339.9530254686162
73.0,89.40778669134305,-0.24582531071153868,0.4616504872572945,-9.828653004353015,0.0,0.0,0.0,0.0,9.842559176136502,287.56884938650626,100255.52003431473,1.2145318355848018,339.9489572023354
73.05,89.58141886043245,0.18793194327886723,0.654703299108685,-8.626897452442297,0.0,0.0,0.0,0.0,8.653745690747087,287.56772077740715,100253.45200761103,1.2145115492983702,339.9482901101528
73.1,89.00533423254385,-0.054562298965418476,0.48369701186582303,-9.19422092516863,0.0,0.0,0.0,0.0,9.207097168193947,287.57146532748845,100260.31353253714,1.2145788570495926,339.95050341359666
73.15,88.49325010000759,-0.997763435037322,-0.1635543688255231,-10.062554566073874,0.0,0.0,0.0,0.0,10.113223338731999,287.57479387434995,100266.4130911403,1.214638689598272,339.95247081656134
73.2,87.95879426883904,-1.3714777335925132,-0.11387632445511275,-9.481019171149573,0.0,0.0,0.0,0.0,9.58037804654478,287.5782678372525,100272.77944493684,1.214701138488925,339.95452415838895
73.25,87.42075571007119,-0.9912086838180978,0.2353659614856115,-10.208702733224314,0.0,0.0,0.0,0.0,10.259410474585955,287.5817650878845,100279.1888062346,1.2147640084870934,339.9565912522776
73.3,87.0018810633246,-0.4384396688485509,0.8435728579213888,-9.473484668527426,0.0,0.0,0.0,0.0,9.521069072045739,287.58448777308837,100284.17886219153,1.214812955862914,339.95820052084497
73.35,86.26650273669651,0.027840602048803537,1.1996131413890003,-9.176715633109644,0.0,0.0,0.0,0.0,9.254834228611259,287.58926773221145,100292.93991457738,1.2148988917589574,339.9610257419868
73.4,85.88971174855692,-0.39853795959589755,1.4786771555223905,-10.30607519241989,0.0,0.0,0.0,0.0,10.419237232509648,287.59171687363437,100297.42911700197,1.2149429251429882,339.96247331140455
73.45,85.98647115845276,-0.2778183105699708,1.8690111469724888,-10.348008246584133,0.0,0.0,0.0,0.0,10.51910929463938,287.59108793747004,100296.27628043893,1.2149316173137434,339.9621015781481
73.5,85.94936634827089,0.10365925320753216,2.1763237866355936,-9.90647288057823,0.0,0.0,0.0,0.0,10.143240872555642,287.5913291187362,100296.71836311759,1.2149359535735158,339.96224412858925
73.55,85.51414968480339,1.001545531112754,2.193465937282419,-9.700836849371603,0.0,0.0,0.0,0.0,9.996030304427661,287.59415802704876,100301.90383956065,1.2149868161247235,339.9639161533619
73.6,85.2115746428147,-0.15480329596606576,1.4166287859418436,-9.766246006434672,0.0,0.0,0.0,0.0,9.869668800714754,287.5961247648217,100305.50905866027,1.215022178181467,339.96507858784395
73.65,85.79939380406269,0.456677430028655,1.2744619413414813,-9.311991616809332,0.0,0.0,0.0,0.0,9.409888170778267,287.59230394027355,100298.50521663569,1.2149534802603164,339.96282029727564
73.7,85.50361199238982,-0.2839111447094249,0.6859532878133028,-10.889724673251104,0.0,0.0,0.0,0.0,10.915000728830298,287.59422652204944,100302.0293957073,1.2149880476554886,339.96395663719414
73.75,84.66034791649558,1.3211767484202226,2.490972875578464,-8.996997963354234,0.0,0.0,0.0,0.0,9.428490134694638,287.59970773854275,100312.07726308008,1.2150866022760882,339.9671962835358
73.8,84.50372739902308,1.2070147599951224,2.5592333998358368,-9.84746087070956,0.0,0.0,0.0,0.0,10.245928255938418,287.60072577190635,100313.94355610847,1.2151049076254994,339.96779798380317
73.85,83.8382956831217,0.7102831100969663,1.6906465193091256,-10.924353517947061,0.0,0.0,0.0,0.0,11.07719673630578,287.60505107805966,100321.87316643047,1.2151826836965762,339.9703544086452
73.9,84.10975860089913,0.9336396230995851,1.736877077554047,-9.889467534814104,0.0,0.0,0.0,0.0,10.084145628187663,287.6032865690941,100318.63822002006,1.2151509544827026,339.96931151726307
73.95,84.02393343616215,1.0764336926185247,2.349753096084988,-10.39504332897591,0.0,0.0,0.0,0.0,10.71153466681838,287.6038444326649,100319.66096497592,1.2151609858580021,339.96964123603016
74.0,83.55543330778791,1.7505069908579522,3.5791545345734423,-9.709538917254669,0.0,0.0,0.0,0.0,10.495225957218985,287.60688968349933,100325.24404679917,1.2152157459797261,339.97144109043614
74.05,83.09053790827286,1.1771738310361786,3.4493985231078366,-10.218295619430199,0.0,0.0,0.0,0.0,10.848854951826082,287.6099115035962,100330.78442003072,1.2152700866328194,339.973227087002
74.1,82.20983941531021,0.6557634191524491,3.2838684747383966,-10.083810613752883,0.0,0.0,0.0,0.0,10.62530255170715,287.61563604380046,100341.28079002908,1.2153730347383462,339.97661045566366
74.15,81.76861287370525,0.4008441976322258,3.4215323047822537,-10.45170781880458,0.0,0.0,0.0,0.0,11.004806027963637,287.6185040163209,100346.53976515398,1.215424613849897,339.9783054976286
74.2,81.33730020910438,2.004114942007857,4.909486045061732,-8.875260273544704,0.0,0.0,0.0,0.0,10.338751126252912,287.6213075486408,100351.6807925876,1.215475035653914,339.97996244568924
74.25,81.06633801441593,1.6201383343974092,4.440424666676544,-9.417495772334377,0.0,0.0,0.0,0.0,10.537146011370886,287.6230688029063,100354.91063311287,1.2155067128032315,339.98100338081235
74.3,80.63122748558365,2.0020703856141395,4.339519976787674,-8.601041031264039,0.0,0.0,0.0,0.0,9.839594822927417,287.6258970213437,100360.09728042228,1.215557581225118,339.98267490560073
74.35,79.99911796002637,0.551496901777718,3.7529751429565446,-10.571829603094068,0.0,0.0,0.0,0.0,11.231765329331637,287.6300057332598,100367.63260126127,1.2156314835428064,339.9851032089864
74.4,79.98948937234718,1.6602355232789954,3.5002091270620475,-10.08346713870686,0.0,0.0,0.0,0.0,10.802044040981643,287.6300683190797,100367.7473863318,1.2156326092840215,339.98514019790423
74.45,79.28377259712873,1.3380973704392678,3.6341969018657165,-10.909385889366003,0.0,0.0,0.0,0.0,11.576380789236545,287.63465547811865,100376.16072161868,1.2157151214233708,339.9878512491168
74.5,79.42782158106706,1.7006831518053755,4.398683186198571,-10.364381766720125,0.0,0.0,0.0,0.0,11.386884840100091,287.63371915972306,100374.4433681757,1.2156982789224495,339.9872978784912
74.55,79.15893417272967,2.7624944889419463,5.22307014071539,-9.584344994299702,0.0,0.0,0.0,0.0,11.259285344373552,287.63546692787725,100377.64906582116,1.2157297179308888,339.98833082078863
74.6,78.78193202807256,2.9154492402576,5.088440823111369,-9.59571829826615,0.0,0.0,0.0,0.0,11.245882977450224,287.6379174418175,100382.14385578768,1.2157737990402262,339.9897790851119
74.65,78.15865328904162,2.604675279520463,5.2266396876974675,-9.812880105322776,0.0,0.0,0.0,0.0,11.41905038513268,287.6419687536212,100389.57522407234,1.215846678809461,339.99217341435633
74.7,78.10315274302296,1.9770615853810896,4.7895163361203865,-9.809832642497126,0.0,0.0,0.0,0.0,11.094190178654582,287.6423295071703,100390.23698009604,1.215853168631331,339.99238661923965
74.75,77.9183575967168,1.0349799849292824,4.675357627164704,-10.911995309130711,0.0,0.0,0.0,0.0,11.916450567915852,287.6435306756213,100392.44039471199,1.2158747773950238,339.9930965072849
74.8,78.28367906421065,1.4169990948051747,4.795239425456349,-10.168106042472647,0.0,0.0,0.0,0.0,11.331045321288693,287.6411560860826,100388.08450285345,1.2158320593204726,339.99169312839695
74.85,77.89423658798164,1.512635238432444,4.412283618287794,-9.688642734148242,0.0,0.0,0.0,0.0,10.752958203337439,287.6436874621781,100392.72800571367,1.215877597973346,339.99318916770306
74.9,77.94441074169421,2.4904607873163256,5.938622846249879,-8.226051539570324,0.0,0.0,0.0,0.0,10.446892369256446,287.64336133017895,100392.12974630053,1.2158717308889209,339.99299642457197
74.95,78.10758829813105,0.8343117933353026,5.212297006735716,-9.205127192748343,0.0,0.0,0.0,0.0,10.6112432301592,287.6423006760621,100390.18409300341,1.2158526499694675,339.99236958009675
75.0,78.2893310589433,0.6478769352786025,5.712537537405507,-8.947671545646873,0.0,0.0,0.0,0.0,10.635490384947545,287.64111934811683,100388.01711278503,1.2158313984257287,339.9916714162683
75.05,78.19471096785253,-0.22745142904664256,5.780910500285598,-8.650394857896842,0.0,0.0,0.0,0.0,10.406728187207339,287.6417343787089,100389.14529530921,1.2158424625063584,339.9920348990131
75.1,78.80428663341728,-0.712599765478484,6.202858571579458,-8.79530293662704,0.0,0.0,0.0,0.0,10.78613028995186,287.63777213688275,100381.87732953357,1.2157711851859732,339.9896932094399
75.15,78.98472748280668,-1.944187546599089,7.018061861176118,-7.557625551452195,0.0,0.0,0.0,0.0,10.495273292278238,287.6365992713617,100379.72601646207,1.2157500869578646,339.98900004144565
75.2,78.94706746688381,-3.4386532181403364,6.648514145854915,-7.382629908240303,0.0,0.0,0.0,0.0,10.513339177649698,287.63684406146524,100380.17501638936,1.2157544903700386,339.98914471344676
75.25,78.7906404787378,-2.8681542801805056,7.144663008132412,-7.074631604478601,0.0,0.0,0.0,0.0,10.455760652089397,287.6378608368882,100382.04002786404,1.215772780787751,339.98974563142383
75.3,78.09650376157329,-3.001751251921828,6.901295519016584,-5.860457768004378,0.0,0.0,0.0,0.0,9.538519574324702,287.64237272554976,100390.31625889587,1.2158539461156443,339.9924121612373
75.35,77.3256332787125,-2.4582426434116753,7.522711503815931,-5.473856124955518,0.0,0.0,0.0,0.0,9.622746288884748,287.64738338368835,100399.50803843635,1.2159440887721633,339.99537343970263
75.4,77.00357429645419,-3.091635711510399,6.942925565598194,-6.406068825232632,0.0,0.0,0.0,0.0,9.939826184382744,287.649476767073,100403.3484381022,1.215981750636401,339.9966106130819
75.45,76.69626750384536,-2.6731104833784833,7.32569794192723,-7.421862305418867,0.0,0.0,0.0,0.0,10.765473053856123,287.65147426122496,100407.01303584823,1.2160176881984772,339.99779111246954
75.5,76.06167447401785,-3.0315622620948104,6.39730665620111,-7.476319038704082,0.0,0.0,0.0,0.0,10.296176405390574,287.65559911591885,100414.58082664106,1.2160919023622088,340.0002288480323
75.55,75.66502111989095,-5.112693287185458,4.911256106748228,-8.803636377606264,0.0,0.0,0.0,0.0,11.303277518667555,287.65817736272066,100419.31132053808,1.2161382917997399,340.00175254953695
75.6,75.27169715668376,-5.103174321047169,5.6239861580467725,-9.970034480883623,0.0,0.0,0.0,0.0,12.53288458444046,287.6607339684815,100424.00228625319,1.2161842931948388,340.0032634547993
75.65,74.91941371864426,-4.449456484322662,6.456753935670391,-10.538877953374639,0.0,0.0,0.0,0.0,13.13602995230302,287.6630238108288,100428.2039340854,1.2162254958054648,340.0046167022703
75.7,75.40632459235192,-5.3048039659847745,3.3343519913311517,-13.003148015438155,0.0,0.0,0.0,0.0,14.434012146004834,287.6598588901497,100422.3966364585,1.2161685476278912,340.0027463009445
75.75,75.92684718452173,-6.283319210443095,3.415364290338449,-10.699596012382964,0.0,0.0,0.0,0.0,12.869583068780578,287.6564754933006,100416.18875869007,1.2161076705432106,340.0007467734339
75.8,76.23765629102128,-4.122786176315327,4.4275887284785425,-8.522719239535899,0.0,0.0,0.0,0.0,10.451681732626687,287.65445523410835,100412.48212261987,1.2160713213550052,339.999552830487
75.85,76.23517838019254,-4.116412831930781,2.344252478343215,-7.448975688984319,0.0,0.0,0.0,0.0,8.827661813876997,287.65447134052874,100412.51167316164,1.2160716111438936,339.999562349157
75.9,75.76229172004123,-3.4467624459505646,2.1928771551552524,-8.075205034054132,0.0,0.0,0.0,0.0,9.049741317763184,287.6575451038197,100418.1512531907,1.2161269156747752,340.0013788955451
75.95,74.95775212921926,-4.482791602102834,0.8892663199716278,-10.056093258814938,0.0,0.0,0.0,0.0,11.045869217300321,287.66277461116005,100427.74666895745,1.2162210117432715,340.00446943089867
76.0,74.80183922356679,-2.942486338362919,2.4804575223546346,-9.266760833635168,0.0,0.0,0.0,0.0,10.034129345361901,287.6637880450468,100429.60626450983,1.2162392474024657,340.0050683470218
76.05,74.04763828814285,-3.6069538722086176,0.7776898161935946,-11.760800664334353,0.0,0.0,0.0,0.0,12.32604356444757,287.66869035112705,100438.60212072868,1.21632746211194,340.0079654822919
76.1,73.67304892474046,-3.914355016260545,0.5794427210060152,-12.67154242615549,0.0,0.0,0.0,0.0,13.27501097996192,287.67112518198917,100443.07033973205,1.2163712775759763,340.00940439476966
76.15,73.19598160850893,-2.6510942397691775,2.342812657679103,-11.429602768736157,0.0,0.0,0.0,0.0,11.96465174036503,287.67422611954464,100448.76118081699,1.216427081564898,340.0112369476359
76.2,72.523383213061,-2.1365604670328064,2.538489128018677,-9.607860734799551,0.0,0.0,0.0,0.0,10.164635044194132,287.6785980091151,100456.78491675798,1.2165057607353917,340.01382057487467
76.25,72.93102472548495,-1.6628266153063629,1.749152871514108,-8.93998630588687,0.0,0.0,0.0,0.0,9.26001529534061,287.67594833928433,100451.92191151675,1.2164580752088467,340.0122547190148
76.3,73.0693157499958,-0.8498063863946534,0.7010150357956505,-8.548222799457664,0.0,0.0,0.0,0.0,8.618915593271378,287.675049447625,100450.27219649994,1.2164418983777474,340.0117235059948
76.35,72.90080836959044,1.4537318570400826,1.3919234458944034,-8.000062165639207,0.0,0.0,0.0,0.0,8.249350389303126,287.67614474559764,100452.28237438927,1.2164616098410987,340.0123707880543
76.4,72.13440931938294,2.471407083261542,2.279992106573311,-8.45311652834958,0.0,0.0,0.0,0.0,9.097329059624522,287.681126339424,100461.42540227876,1.2165512638745093,340.01531471688793
76.45,71.1285243291544,4.962558904706537,5.069734800497297,-6.744490626792087,0.0,0.0,0.0,0.0,9.788634003012977,287.6876645918605,100473.42648478215,1.2166689408544369,340.0191785319337
76.5,69.47094309264489,5.34482216301528,5.929139104738717,-6.668989732577142,0.0,0.0,0.0,0.0,10.401790159910961,287.6984388698978,100493.20540279476,1.216862877801787,340.02554555304494
76.55,68.57217488546165,4.856763301935906,7.459646344812186,-4.434124288154306,0.0,0.0,0.0,0.0,9.944643360297096,287.7042808632445,100503.9311803438,1.2169680435386574,340.0289978082929
76.6,67.98853108619033,4.761442465732031,6.318679689053257,-3.3262838239421617,0.0,0.0,0.0,0.0,8.582610992276754,287.70807454793976,100510.896802482,1.2170363399875306,340.03123962156855
76.65,68.07405926721256,2.6534231424365564,5.323081620186166,-4.791759331549222,0.0,0.0,0.0,0.0,7.637853743000759,287.7075186147631,100509.87602361165,1.2170263315233512,340.03091110326255
76.7,68.4084578708468,2.993454961141159,7.625053497400023,-3.2971446265838713,0.0,0.0,0.0,0.0,8.83025345792542,287.70534502383947,100505.88505673243,1.216987200973448,340.0296266573405
76.75,68.84034078246198,1.5189593568143873,7.235365553336469,-5.37774772757315,0.0,0.0,0.0,0.0,9.142096195046303,287.702537784914,100500.7308279767,1.2169366644599955,340.02796776092316
76.8,69.32277160156511,0.4659900756130524,8.862859430451875,-5.720246917308972,0.0,0.0,0.0,0.0,10.558818533789772,287.6994019845898,100494.97359740798,1.2168802150125697,340.0261146964261
76.85,70.47823195387019,-0.6561494712598389,10.048604739253944,-6.78836548311556,0.0,0.0,0.0,0.0,12.144418276177174,287.6918914922998,100481.1856560376,1.2167450222209772,340.021676417858
76.9,70.51458857364258,-1.906605157036822,10.358595098345756,-9.257455057306673,0.0,0.0,0.0,0.0,14.022699803331918,287.6916551742713,100480.75184260754,1.2167407685592662,340.0215367662531
76.95,70.75090802229924,-1.185895608192577,8.093599013493845,-8.352476627730624,0.0,0.0,0.0,0.0,11.690875040027814,287.690119097855,100477.93207533349,1.2167131198692929,340.0206290239682
77.0,70.57464318114489,-1.724587735422915,5.755450839804148,-8.627017603173043,0.0,0.0,0.0,0.0,10.513079946049633,287.69126481932256,100480.03526404015,1.2167337422988431,340.0213060867527
77.05,69.68350936798738,-1.1436386593102705,6.801344090786957,-8.041139427893652,0.0,0.0,0.0,0.0,10.593682746013188,287.6970571891081,100490.66880130883,1.2168380062330595,340.024729060383
77.1,68.97193439980968,-0.9400020885964068,7.061308875502526,-7.6798846513135635,0.0,0.0,0.0,0.0,10.475032945976734,287.7016824264012,100499.16039021577,1.2169212664328664,340.0274622978236
77.15,68.86809982443576,-4.286306865816702,4.635816472677184,-9.491257585614706,0.0,0.0,0.0,0.0,11.399438208647881,287.70235735114113,100500.3995500148,1.2169334163076722,340.02786113597085
77.2,68.73286716562495,-5.996551040384869,6.281182442530227,-11.765923510118547,0.0,0.0,0.0,0.0,14.623571154210287,287.7032363634234,100502.01343247881,1.2169492402691582,340.02838057634096
77.25,68.25412001626715,-7.146666109083817,5.434831560934118,-10.576545509521916,0.0,0.0,0.0,0.0,13.873555617989247,287.70634821989427,100507.72702594838,1.217005261112034,340.0302194792823
77.3,68.2922072863564,-6.36805819111449,4.156945109418606,-7.270279914584332,0.0,0.0,0.0,0.0,10.520899572020825,287.70610065263867,100507.27246493801,1.2170008042383842,340.0300731836464
77.35,67.78423184664324,-6.193625652110952,3.412437384649061,-8.10603762403193,0.0,0.0,0.0,0.0,10.757024383390537,287.7094024929968,100513.33514795205,1.2170602472353245,340.0320243445617
77.4,67.85154289331678,-5.921131375878012,2.684790513146515,-9.107051657974218,0.0,0.0,0.0,0.0,11.189561509321958,287.70896497119344,100512.53177410197,1.2170523704072784,340.03176579986393
77.45,67.50480708419953,-5.563638435369208,2.514890435943555,-11.479303015360113,0.0,0.0,0.0,0.0,13.002043849440506,287.71121875395266,100516.67020661433,1.2170929463090017,340.0330976252914
77.5,66.6984999725472,-4.23414102366919,2.6781379002975614,-11.113124420457103,0.0,0.0,0.0,0.0,12.190238193156384,287.71645975017844,100526.29434249549,1.2171873064089271,340.0361946613981
77.55,66.67600240774686,-3.9133543277759246,4.050533434829402,-11.028281648848516,0.0,0.0,0.0,0.0,12.383220878580918,287.7166059843496,100526.56288564073,1.2171899393227912,340.0362810744327
77.6,66.0665518022387,-4.6055962535268264,4.068910531626301,-11.801919736854682,0.0,0.0,0.0,0.0,13.306121119245828,287.72056741328544,100533.83783989635,1.2172612656311603,340.038621962825
77.65,65.93189630809236,-3.3178688110095913,4.562302905491881,-9.963138405782685,0.0,0.0,0.0,0.0,11.4493226062205,287.7214426739974,100535.44526729826,1.2172770253039853,340.03913916988927
77.7,65.45546055165647,-2.907337004225422,4.85693855636163,-9.787026700857112,0.0,0.0,0.0,0.0,11.306120123176681,287.7245395064142,100541.13280640329,1.2173327871608863,340.0409691367243
77.75,65.3508521054368,-2.3762738309394984,4.240596798944632,-8.396596471432096,0.0,0.0,0.0,0.0,9.702173510863082,287.7252194613146,100542.38162377189,1.217345030754659,340.04137093141844
77.8,65.15457298116347,-2.7906364677455455,3.6666170256062474,-7.455019071112374,0.0,0.0,0.0,0.0,8.76407677158445,287.7264952756224,100544.72484111135,1.2173680039326762,340.04212482634324
77.85,65.6612595437565,-3.8465346771015034,2.063256746882443,-9.627275534661965,0.0,0.0,0.0,0.0,10.570586154324703,287.72320181296556,100538.67601127803,1.2173087002866003,340.04017867389797
77.9,65.19546023224893,-2.7202319279688094,2.663745757724686,-9.413908849499748,0.0,0.0,0.0,0.0,10.15464834597569,287.72622950849035,100544.23671772193,1.2173632183220338,340.04196778129756
77.95,65.2006769254836,-2.9791350790856077,2.0820383207586675,-11.099047319208399,0.0,0.0,0.0,0.0,11.678997421978188,287.72619559998435,100544.17443952349,1.217362607740015,340.0419477443418
78.0,64.83330889798259,-2.004666403960161,2.4449606253905456,-11.10820484598306,0.0,0.0,0.0,0.0,11.549404086410616,287.72858349216307,100548.56024797102,1.2174056064921923,340.04335877648833
78.05,64.65976985494552,-0.9370219256966785,3.316817850154244,-10.507020134062282,0.0,0.0,0.0,0.0,11.05788238488402,287.7297114959428,100550.63209074197,1.2174259188497951,340.04402532447847
78.1,63.87046250747324,-0.5954566758679483,2.437721330594238,-11.115145537414081,0.0,0.0,0.0,0.0,11.394889830813021,287.7348419937014,100560.05588603136,1.217518308784383,340.0470569671333
78.15,63.538677794483,-0.2780323177044956,2.1021689138221866,-10.310464368629342,0.0,0.0,0.0,0.0,10.526257245987471,287.73699859433583,100564.01738434174,1.217557146420805,340.048331307633
78.2,63.82487671542165,-0.8456361142128775,1.4757848050592441,-10.512894499954513,0.0,0.0,0.0,0.0,10.64960055568652,287.73513830134976,100560.60017136644,1.2175236448523634,340.0472320563181
78.25,64.30130744270362,-0.11669397290345118,2.1603738540381916,-9.040757439543963,0.0,0.0,0.0,0.0,9.296027525410697,287.7320415016224,100554.91180058874,1.2174678768958809,340.04540214250363
78.3,64.74990791841095,-0.4521320408748155,1.1449088266369218,-9.6770970144817,0.0,0.0,0.0,0.0,9.75507284603182,287.7291255985303,100549.55594879347,1.2174153683583178,340.0436791123772
78.35,64.97015871494088,0.3122809337421697,1.8768740593866298,-8.811351215306093,0.0,0.0,0.0,0.0,9.014437633921125,287.72769396835287,100546.92645382055,1.217389588709449,340.0428331476227
78.4,65.05277703145545,-0.138811082425094,1.3749930784507085,-9.933768007348128,0.0,0.0,0.0,0.0,10.029437736294323,287.72715694929553,100545.94011784182,1.2173799186083656,340.0425158170863
78.45,64.38620662493753,1.8327855255092658,3.3825009366138703,-8.77229780710038,0.0,0.0,0.0,0.0,9.578811209391702,287.73148965693787,100553.89816950214,1.2174579393417118,340.04507605379854
78.5,63.84315057081087,1.9207276478332305,3.0003662719543236,-8.168297376620997,0.0,0.0,0.0,0.0,8.911367711858013,287.7350195212897,100560.38198486318,1.2175215057948146,340.0471618687924
78.55,62.22087434044049,2.3273485939769647,3.9925900391002647,-9.071318872789133,0.0,0.0,0.0,0.0,10.180675458437397,287.7455643167871,100579.75316100061,1.2177114135535867,340.0533927664702
78.6,61.438143836854096,2.4898088274191412,4.447508371204647,-9.633860168484615,0.0,0.0,0.0,0.0,10.899116498824302,287.7506520650604,100589.10062178262,1.2178030500704216,340.05639906548714
78.65,60.854363100988856,3.6545521384849433,5.189647828434921,-8.203113837182874,0.0,0.0,0.0,0.0,10.37204283359191,287.75444663984354,100596.0726587252,1.217871398398907,340.05864122405995
78.7,59.70419695011,2.710889765474184,4.965930285907683,-8.946146712833595,0.0,0.0,0.0,0.0,10.585033204132673,287.76192271982427,100609.81012690788,1.2180060670198376,340.0630586867909
78.75,58.767293327749336,2.1991172739303932,2.907950652603075,-9.636668686472142,0.0,0.0,0.0,0.0,10.303284775027157,287.76801259336963,100621.00153166884,1.2181157739542263,340.06665702608575
78.8,58.5999132362546,2.118025524856943,4.244572453263127,-9.6916486044875,0.0,0.0,0.0,0.0,10.790295645060436,287.76910056396434,100623.00100924347,1.218135374158498,340.06729987406953
78.85,58.85854856483263,3.260657745289171,4.940254524907921,-9.508466847890356,0.0,0.0,0.0,0.0,11.200399345568773,287.7674194343286,100619.91143469124,1.2181050880700144,340.06630654634637
78.9,59.3368036511784,4.445796547593863,5.379644148873878,-9.679365605702312,0.0,0.0,0.0,0.0,11.93297098965565,287.76431077626734,100614.19855541202,1.218049086117526,340.064469728401
78.95,59.764192279850114,4.460368795807009,7.141942388925685,-7.125847352748412,0.0,0.0,0.0,0.0,11.030862675965734,287.76153275018095,100609.0935112068,1.2179990421111198,340.06282826312435
79.0,60.26453909846268,0.001770437364270688,6.0184359431125065,-10.589740936309411,0.0,0.0,0.0,0.0,12.18048387519742,287.75828049586,100603.11726721295,1.2179404572459576,340.0609065783235
79.05,60.171768006511186,-0.1587617721445909,6.054986102618611,-12.30116713872765,0.0,0.0,0.0,0.0,13.711556256607489,287.75888350795765,100604.22532226355,1.2179513195123945,340.0612628855909
79.1,60.694129213008424,-0.22940978163290143,4.164365727300586,-6.2333453935419865,0.0,0.0,0.0,0.0,7.499944370048067,287.7554881601154,100597.98638501271,1.2178901588981528,340.05925664052376
79.15,61.058423682290325,-0.3830467924295327,4.783970163231573,-6.417496125023699,0.0,0.0,0.0,0.0,8.013572978551744,287.75312024606507,100593.63553842949,1.2178475069041361,340.0578574791151
79.2,61.97383081173116,-1.1768163535574434,4.73743124190777,-7.314333279834213,0.0,0.0,0.0,0.0,8.793612615432542,287.74717009972375,100582.70330823916,1.21774033508202,340.0543416102432
79.25,62.003376320758186,-1.1673075864225444,6.877435260587016,-8.2069395096655,0.0,0.0,0.0,0.0,10.771052821344524,287.74697805391503,100582.35047765244,1.2177368761445657,340.05422813211254
79.3,60.857137466665804,-3.9320087369204284,7.259234842489875,-12.058728113628336,0.0,0.0,0.0,0.0,14.614038008847793,287.75442860646666,100596.03952381853,1.2178710735726554,340.0586305684371
79.35,59.71953757289502,-4.244466892992143,7.400748471731331,-10.213705652907526,0.0,0.0,0.0,0.0,13.30813136062968,287.76182300577614,100609.626890066,1.21800427076916,340.0629997681772
79.4,58.400683862278406,-2.9151818713310536,7.018394197790919,-8.560497984443364,0.0,0.0,0.0,0.0,11.447194774274672,287.7703955548952,100625.38099172222,1.2181587042274098,340.0680650423467
79.45,58.37740490184074,-3.444478045630552,5.166040526671966,-7.349948978787122,0.0,0.0,0.0,0.0,9.621546326907223,287.770546868138,100625.65908379974,1.2181614302521124,340.06815444833796
79.5,57.602626337049934,-2.4133768451977455,5.348428003057446,-5.584698491693453,0.0,0.0,0.0,0.0,8.100551039524953,287.7755829288092,100634.9149973623,1.2182521614294457,340.0711300766364
79.55,57.33040206566797,-2.455284928000641,6.570724431466815,-6.480411390081225,0.0,0.0,0.0,0.0,9.5497945222207,287.7773523865731,100638.16729581612,1.2182840417378136,340.07217557982034
79.6,57.52139160209325,-2.6721065384979945,6.255847712160524,-8.885735385302954,0.0,0.0,0.0,0.0,11.190713886453036,287.7761109545864,100635.88551030106,1.2182616747994328,340.07144206669227
79.65,57.55177798519518,-4.1443408174016625,4.332153097692198,-9.837860586055992,0.0,0.0,0.0,0.0,11.520703632300396,287.7759134430962,100635.52248271123,1.2182581162546091,340.071325364808
79.7,57.179860946451676,-3.551796840387199,4.582796996303382,-8.588306782452946,0.0,0.0,0.0,0.0,10.362253736240929,287.77833090384803,100639.96586651521,1.2183016719508948,340.0727537459145
79.75,56.765146985015825,-3.676963982192406,4.698230964076286,-9.116655394922873,0.0,0.0,0.0,0.0,10.895267041606724,287.78102654459735,100644.92074295296,1.2183502410562332,340.074346485408
79.8,57.074576752689,-3.1944421417930258,4.311409805367956,-7.472918134841693,0.0,0.0,0.0,0.0,9.199848942082257,287.7790152511075,100641.22375137327,1.218314002138426,340.0731580983165
79.85,57.21835282458358,-3.1771755578141563,3.9479321990118708,-6.998945128034302,0.0,0.0,0.0,0.0,8.640940115427343,287.7780807066402,100639.5059872652,1.2182971640608722,340.07260591464507
79.9,56.56685170215171,-2.9110648342877408,5.0010975229769965,-7.165716543514988,0.0,0.0,0.0,0.0,9.210470589810152,287.782315463936,100647.28998456341,1.218373464874257,340.07510805040107
79.95,56.835779982615115,-3.7808964911238787,5.338977913110668,-9.214952458623111,0.0,0.0,0.0,0.0,11.301115531130566,287.78056743011297,100644.07682739674,1.2183419687885408,340.0740752147089
80.0,56.52311621076289,-3.3999685093255825,6.579825026859349,-9.02881156343088,0.0,0.0,0.0,0.0,11.677898847670903,287.78259974463003,100647.81254440422,1.2183785871046893,340.0752760189639
80.05,56.28881175869683,-4.453173586737947,6.00389951809624,-9.916007439470217,0.0,0.0,0.0,0.0,12.41792124136103,287.78412272356843,100650.61209528382,1.2184060287459437,340.0761758767004
80.1,55.73993820855392,-4.66422389018139,5.779948085443676,-10.168129179349668,0.0,0.0,0.0,0.0,12.591808264745179,287.7876904016444,100657.17047374487,1.218470314442078,340.0782838431599
80.15,55.794164776578114,-3.182795579943879,5.221921484900018,-6.621290500561961,0.0,0.0,0.0,0.0,9.013331214983879,287.78733792895224,100656.52251610384,1.2184639631502787,340.0780755848692
80.2,55.546447980888885,-4.115459260929616,4.568977133945225,-6.736206684816333,0.0,0.0,0.0,0.0,9.120802458087223,287.7889480881242,100659.48253162963,1.218492977209323,340.0790269454652
80.25,55.461104264861845,-3.643487043055722,5.104300076552659,-7.2606674223937375,0.0,0.0,0.0,0.0,9.594069445392822,287.7895028222784,100660.50233639358,1.2185029732934944,340.0793547088518
80.3,54.92853213342006,-3.6711741742168456,5.591741258472519,-7.541244578399275,0.0,0.0,0.0,0.0,10.080449390298877,287.79296454113273,100666.86643385771,1.2185653534786598,340.08140005026
80.35,54.52433999926282,-4.077693344138965,5.967219648913167,-7.550507231652323,0.0,0.0,0.0,0.0,10.452054955961751,287.7955917900048,100671.69664144579,1.2186126981426881,340.0829523405271
80.4,54.428102074315674,-3.516794274025541,5.862737102213716,-7.398641388893013,0.0,0.0,0.0,0.0,10.073699553636333,287.7962173365169,100672.84673887807,1.2186239710885862,340.083321938942
80.45,54.25198641976562,-4.303412306611315,4.592303117171603,-8.091856213053452,0.0,0.0,0.0,0.0,10.251182486591949,287.7973620882715,100674.95144773916,1.2186446008156722,340.08399830396854
80.5,54.29980160040457,-3.571143413645146,4.927060892828533,-7.762955911109665,0.0,0.0,0.0,0.0,9.863694987188822,287.79705128959733,100674.38001838385,1.2186389998440663,340.0838146718401
80.55,54.159082667158316,-2.8032443063446917,5.907886671181958,-7.624635428459283,0.0,0.0,0.0,0.0,10.044718461833554,287.79796596266345,100676.06172882115,1.2186554834258752,340.0843550965195
80.6,53.90277615777779,-2.750150054054239,6.190957655610701,-8.149172083918561,0.0,0.0,0.0,0.0,10.597183006190695,287.7996319549744,100679.12486714093,1.218685507182397,340.08533942783475
80.65,53.19263858399321,-1.813630048209486,7.71826791106907,-8.096811263111734,0.0,0.0,0.0,0.0,11.33222247086863,287.80424784920405,100687.61216876123,1.2187686956870465,340.08806665797556
80.7,52.7449530588345,-2.479605767469627,6.76504083923705,-8.280139707196895,0.0,0.0,0.0,0.0,10.976107501719927,287.8071578051175,100692.9630383092,1.2188211416865322,340.0897859494498
80.75,52.83675405389264,-0.8827999972539959,7.243900587400345,-6.7437930196877165,0.0,0.0,0.0,0.0,9.936406586270486,287.8065610986497,100691.8657869511,1.2188103871330183,340.0894333976202
80.8,53.13312513231414,-0.2677983983369985,7.115806321767706,-6.686498818293837,0.0,0.0,0.0,0.0,9.768095107957642,287.80463468663993,100688.32347783336,1.218775667540578,340.0882952139341
80.85,52.47771944142885,-1.1352970733991459,6.193988664569771,-7.884559727791924,0.0,0.0,0.0,0.0,10.090623227670614,287.8088948236307,100696.1572031332,1.218852448712953,340.0908122292816
80.9,52.3096778883416,0.3683408143078026,6.748541687864027,-7.27745304335054,0.0,0.0,0.0,0.0,9.931757783317897,287.80998709372574,100698.16579640603,1.2188721354783654,340.09145757186485
80.95,51.89280643588054,0.4757140281946889,6.490493347601855,-6.906369907673463,0.0,0.0,0.0,0.0,9.48950752323337,287.81269675816674,100703.14878256248,1.2189209747495635,340.09305850929167
81.0,52.57092847171415,0.28422802667035485,6.195515676872745,-6.715280364415736,0.0,0.0,0.0,0.0,9.14112632262723,287.8082889649338,100695.0430936932,1.2188415289930719,340.09045427112176
81.05,52.49344834966235,-1.1449558616906808,6.351033434796028,-7.200186189241738,0.0,0.0,0.0,0.0,9.668982923496367,287.8087925857272,100695.96919784724,1.21885060601852,340.0907518243126
81.1,52.622667371933716,-2.2779355661943326,7.134520257643622,-8.410556457271403,0.0,0.0,0.0,0.0,11.26178625580374,287.8079526620824,100694.4246729734,1.2188354676566902,340.09025557388594
81.15,51.89174436844504,-0.49852562690122454,6.138344753612888,-7.891503338040969,0.0,0.0,0.0,0.0,10.010176274631524,287.8127036616051,100703.16147801961,1.21892109917976,340.0930625880058
81.2,51.412899803767544,0.6699556500020689,6.911647972964478,-6.5416396913106905,0.0,0.0,0.0,0.0,9.540061222344702,287.8158161512755,100708.88549385458,1.218977200866312,340.0949015153169
81.25,50.903537881574444,0.6022062956141747,6.614390056330284,-7.494295855582478,0.0,0.0,0.0,0.0,10.013854333410237,287.8191270037697,100714.97459748281,1.2190368801511124,340.09685762883043
81.3,50.576152323164536,0.0652574227965022,5.465815007564221,-8.159186992701636,0.0,0.0,0.0,0.0,9.82098389215744,287.8212550098994,100718.88844472544,1.219075239392738,340.0981148886719
81.35,50.3195575618149,-0.12227259450580896,4.933763365106944,-8.463376230087702,0.0,0.0,0.0,0.0,9.797229646295532,287.8229228758482,100721.95608426516,1.2191053048355318,340.0991002871326
81.4,49.974529875877245,0.3459389845677968,6.36927793751412,-7.843795829472256,0.0,0.0,0.0,0.0,10.1100201899301,287.8251655558068,100726.08107562324,1.2191457329391575,340.10042528922554
81.45,49.71157222538301,0.5488010376215945,6.6541412356037775,-7.108427473570226,0.0,0.0,0.0,0.0,9.75235967903487,287.826874780535,100729.22496746901,1.2191765452977137,340.10143511613353
81.5,49.812313462237,-0.6222699566711519,5.7213946945223455,-8.406557658271344,0.0,0.0,0.0,0.0,10.187825519281558,287.82621996249543,100728.02050727751,1.2191647407595392,340.10104824350077
81.55,49.61158826381111,-0.7413046181557695,5.63744367887096,-8.908811565501598,0.0,0.0,0.0,0.0,10.568690897124215,287.8275246762852,100730.42038522348,1.219188261187233,340.10181908019655
81.6,49.083260083214206,-0.7019808602794283,5.165055387004224,-8.825913631289298,0.0,0.0,0.0,0.0,10.250235397589572,287.8309588094591,100736.7373179334,1.2192501708923502,340.1038479887538
81.65,48.956024324954235,-0.2380811391755605,5.975841393249868,-7.727484853471925,0.0,0.0,0.0,0.0,9.771457677682879,287.8317858418878,100738.25865462061,1.2192650807881555,340.10433660316573
81.7,48.61636122111964,-0.06668618734592302,6.736168624528241,-7.698850487496202,0.0,0.0,0.0,0.0,10.229990890244329,287.8339936520627,100742.32004068402,1.2193048842874734,340.1056409837309
81.75,48.239306329889885,-0.25226579788849335,6.629412627787736,-8.054704879482825,0.0,0.0,0.0,0.0,10.435086033081866,287.8364445088557,100746.82867941103,1.2193490707162933,340.1070889510741
81.8,48.230977734080284,-0.5686023996882518,5.677534017546836,-8.966814576640644,0.0,0.0,0.0,0.0,10.628333117718313,287.83649864472847,100746.92827054723,1.2193500467442628,340.10712093450354
81.85,48.124411097950926,0.2622912388864661,5.542794962976426,-8.768126914931006,0.0,0.0,0.0,0.0,10.376484100692824,287.8371913278633,100748.2025731083,1.2193625353388826,340.1075301708688
81.9,47.349295844936414,-0.007515522524151275,5.263882597906361,-8.712406868010806,0.0,0.0,0.0,0.0,10.179123239325776,287.8422295770079,100757.47163927696,1.2194533744072775,340.1105067476043
81.95,47.18515031826224,1.9269512258867878,6.974373899421963,-8.262833065427262,0.0,0.0,0.0,0.0,10.983143565619226,287.84329652293127,100759.43463047712,1.219472611987159,340.111137091496
82.0,46.89732667451243,0.6863933413656251,5.59328156051437,-9.14677148288756,0.0,0.0,0.0,0.0,10.743340402054951,287.8451673766156,100762.87674408407,1.219506344995005,340.112242375426
82.05,46.52543293860027,1.0533014576806032,5.856252544399461,-8.884320659251724,0.0,0.0,0.0,0.0,10.692814942798936,287.84758468589905,100767.32440187044,1.2195499320971708,340.11367049520703
82.1,45.74876776345196,0.29365715139623494,5.449014606257568,-9.778840148910524,0.0,0.0,0.0,0.0,11.19837976493559,287.85263300953756,100776.61343052077,1.2196409635140983,340.1166529700404
82.15,45.82798898662344,0.9116942161073611,6.12383919145361,-8.946839174374723,0.0,0.0,0.0,0.0,10.880189520343523,287.8521180715869,100775.66590139522,1.219631677910305,340.1163487535238
82.2,45.901691251695134,0.8859698493670716,6.035162499861865,-8.959821806872197,0.0,0.0,0.0,0.0,10.839120618603198,287.85163900686393,100774.78438850245,1.2196230392380225,340.11606573005105
82.25,45.58134458100249,0.61560803462393,6.272496169934011,-8.629628424251205,0.0,0.0,0.0,0.0,10.68614374761891,287.85372126022344,100778.61592701638,1.219660587541238,340.1172958890006
82.3,45.18921374040745,1.047165390968608,6.222456684024761,-8.985927427782162,0.0,0.0,0.0,0.0,10.980091724479108,287.8562701106873,100783.30620787242,1.2197065509761433,340.1188016993208
82.35,45.37239729871234,0.6657929318527701,5.670566142329019,-9.560475260264589,0.0,0.0,0.0,0.0,11.135586549650835,287.85507941755833,100781.11512552426,1.2196850790352531,340.1180982622568
82.4,45.68030454377822,0.9746474866710692,5.7435365692203515,-9.029762091495236,0.0,0.0,0.0,0.0,10.745917991230444,287.85307802046543,100777.4322938559,1.2196489882044297,340.11691587465106
82.45,44.74652114278575,1.9218550651998436,6.810152265252144,-8.829850023858919,0.0,0.0,0.0,0.0,11.31538564130249,287.85914761257186,100788.60147081393,1.2197584425764447,340.120501662373
82.5,44.310680253805494,1.6462666969867974,5.8367852287045325,-8.607065968679581,0.0,0.0,0.0,0.0,10.528999973066455,287.86198057835026,100793.81499719227,1.2198095326821785,340.12217530620023
82.55,44.118354040283414,1.0711835612773897,5.407733748946734,-7.974714204803336,0.0,0.0,0.0,0.0,9.694693660438194,287.8632306987381,100796.1156717689,1.2198320780507517,340.12291384277813
82.6,44.18653160114118,0.9693618793160408,5.071516066681653,-8.022640957528527,0.0,0.0,0.0,0.0,9.540582036809678,287.86278754459255,100795.30010267,1.219824085925161,340.1226520397391
82.65,44.21790248907135,0.8835991292425857,5.518469500024454,-7.786836021927019,0.0,0.0,0.0,0.0,9.58483532859478,287.86258363382103,100794.92483250644,1.2198204084812116,340.12253157490704
82.7,44.15910578719505,2.1729205911580514,7.205596008131634,-6.563226540527375,0.0,0.0,0.0,0.0,9.98589707288054,287.8629658123832,100795.62818132654,1.2198273009158183,340.1227573553737
82.75,44.7851899859296,1.221399361982063,5.9901079641140695,-8.20392822717557,0.0,0.0,0.0,0.0,10.231209516955513,287.85889626509146,100788.1389248659,1.2197539098194818,340.1203531723033
82.8,44.858380367922194,0.9132101471747882,7.000619477188011,-9.276710187705238,0.0,0.0,0.0,0.0,11.657614582064431,287.8584205276085,100787.26344657593,1.2197453304873234,340.12007211781844
82.85,45.1717995645998,0.6425171972741376,7.52343598024152,-8.440967602709188,0.0,0.0,0.0,0.0,11.32540733782109,287.85638330283007,100783.51450310023,1.2197085922014284,340.11886857084
82.9,45.2304732379689,0.4051070414921068,7.722568917118313,-8.603627514220774,0.0,0.0,0.0,0.0,11.568257811708948,287.85600192395316,100782.81269429432,1.219701714700863,340.1186432602292
82.95,45.246585325248134,-1.1802336481451552,6.652418375567784,-8.403594531285451,0.0,0.0,0.0,0.0,10.78276507923903,287.85589719538586,100782.61997474138,1.2196998261096366,340.1185813887705
83.0,44.91250145266816,-2.11024549803257,7.265963949861578,-7.3661713893395575,0.0,0.0,0.0,0.0,10.559727701024277,287.85806874055766,100786.61607265085,1.219738986476306,340.1198642901762
83.05,44.149270325835026,-3.057654043051429,7.512987333687208,-7.630536708078525,0.0,0.0,0.0,0.0,11.136396067690258,287.8630297428821,100795.74583729592,1.2198284538792175,340.12279512372004
83.1,42.73284335465547,-3.370569515891038,7.515194322202188,-8.524649940147953,0.0,0.0,0.0,0.0,11.853629872911439,287.8722365181947,100812.69090001819,1.2199945034441155,340.12823418464825
83.15,41.400370577093604,-3.454161201976985,6.857499513040976,-7.890049151404293,0.0,0.0,0.0,0.0,11.00951428502529,287.88089759124887,100828.63370374992,1.220150726735262,340.13335078318204
83.2,40.78274188774944,-3.884082797537199,6.474024339353926,-7.246201261141863,0.0,0.0,0.0,0.0,10.464536446572556,287.88491217772963,100836.0242154246,1.2202231446523686,340.1357224063127
83.25,40.950123736795625,-4.53097063753396,6.925529841528821,-7.316553638346035,0.0,0.0,0.0,0.0,11.046475258963635,287.8838241957108,100834.0212898942,1.2202035185474178,340.1350796808972
83.3,41.11678350747102,-1.6336415566118527,7.551368518229151,-6.92354090405453,0.0,0.0,0.0,0.0,10.374361179547767,287.8827409072014,100832.0270369087,1.2201839773486083,340.1344397269659
83.35,40.4921749863063,-3.0045385555839954,8.568007208337796,-8.564905344167773,0.0,0.0,0.0,0.0,12.481810886593054,287.886800862589,100839.50127505706,1.2202572152073803,340.13683814407494
83.4,40.92312804331748,-5.25714794339,7.756004413788262,-10.882044894460318,0.0,0.0,0.0,0.0,14.360087397033576,287.8839996677184,100834.34432371934,1.2202066838701953,340.13518334107397
83.45,40.956176784935884,-2.547219652747913,8.980329269812065,-7.988403907076793,0.0,0.0,0.0,0.0,12.286140107299293,287.8837848508979,100833.94885848236,1.2202028088109584,340.13505643792485
83.5,40.50221496372968,-1.3264544807890692,7.900278716156603,-6.726237404560973,0.0,0.0,0.0,0.0,10.460217727422195,287.8867356027357,100839.38113036552,1.2202560379530931,340.13679959197503
83.55,40.17362300666493,-1.7000808513146666,7.697299733671169,-7.592408043944999,0.0,0.0,0.0,0.0,10.944558373764643,287.88887145045663,100843.31332880307,1.2202945680018362,340.1380613365623
83.6,40.20154108356254,-1.6264906038229061,8.125857939567272,-9.634958939666724,0.0,0.0,0.0,0.0,12.708559033478831,287.8886899829568,100842.97923357681,1.2202912943466881,340.137954135452
83.65,40.001574869933265,-1.7015050912067133,8.757222958060511,-9.507876755472282,0.0,0.0,0.0,0.0,13.037783320405143,287.8899897633454,100845.37224617142,1.2203147424003222,340.1387219741316
83.7,39.83015716757774,-1.5823991374697735,8.25496281804805,-8.42234647479939,0.0,0.0,0.0,0.0,11.89892088801277,287.89110397841074,100847.42365292013,1.2203348431277108,340.13938018965683
83.75,39.882615113985615,-1.9503889122748919,7.423533822003057,-9.4025547760553,0.0,0.0,0.0,0.0,12.137582445951438,287.89076300175907,100846.79586944812,1.2203286917940022,340.1391787599848
83.8,39.06813129657837,-1.3630568321093233,7.208181556861249,-8.311957229298379,0.0,0.0,0.0,0.0,11.086227413593868,287.8960571465722,100856.54345269101,1.2204242026257464,340.142306227104
83.85,39.04743125748711,-1.314071441808792,6.791862842973086,-6.897595537512443,0.0,0.0,0.0,0.0,9.76898197516238,287.8961916968263,100856.79119665649,1.2204266301001803,340.14238571104835
83.9,38.70197318597859,-1.066653927341171,7.25614848511049,-6.038039935900938,0.0,0.0,0.0,0.0,9.499861457211795,287.89843717429113,100860.9258100153,1.2204671421938478,340.1437121971129
83.95,38.540100299817745,-0.9881031854966417,7.6929629760562594,-6.106150373142657,0.0,0.0,0.0,0.0,9.87132714661971,287.89948934805113,100862.8632321401,1.2204861254869082,340.1443337530427
84.0,38.34819884587017,-0.06231913274487175,7.925391957605381,-6.723070764281523,0.0,0.0,0.0,0.0,10.39304584121128,287.90073670750184,100865.1600988409,1.220508630608024,340.14507061053195
84.05,37.859152527935294,-0.48994389166935626,7.729855395669266,-6.740876294866511,0.0,0.0,0.0,0.0,10.267917153816281,287.9039155085684,100871.01368112699,1.220565984639766,340.1469484288054
84.1,37.037889319614074,0.4352529068384078,7.1494664085736925,-8.144842771226362,0.0,0.0,0.0,0.0,10.846325589259859,287.9092537194225,100880.8443131741,1.2206623048100778,340.1501018553784
84.15,36.60200607894456,1.9108913534254675,8.819417156101773,-7.614348332400423,0.0,0.0,0.0,0.0,11.80728272148455,287.9120869604868,100886.06220984376,1.2207134288437416,340.15177551618166
84.2,36.042866747311976,1.1419223746232738,6.648153608825755,-8.877359752609683,0.0,0.0,0.0,0.0,11.149414751163508,287.91572136614246,100892.75590772666,1.2207790117814463,340.15392243131885
84.25,35.34398119768828,1.5251560675947367,6.711203573050695,-7.997619894295905,0.0,0.0,0.0,0.0,10.551221654533048,287.92026412221503,100901.12307347449,1.2208609897145948,340.1566059079179
84.3,34.531130326929755,1.8689597114426204,6.658932111341286,-8.091814984938372,0.0,0.0,0.0,0.0,10.644804226331313,287.9255476528749,100910.85535642409,1.220956340858669,340.1597269449469
84.35,34.28141575328223,1.919613595502343,6.430066623471317,-8.843223130845905,0.0,0.0,0.0,0.0,11.101048080260048,287.92717079760365,100913.84534761733,1.220985634670113,340.16068574782855
84.4,33.491453174619885,1.8584300302384404,5.971410557361881,-8.80579035308198,0.0,0.0,0.0,0.0,10.800622665582603,287.932305554365,100923.30454373587,1.2210783080720615,340.16371886656674
84.45,33.10739266879102,1.8476099419602958,5.6645717177638835,-10.018990340911763,0.0,0.0,0.0,0.0,11.656809284474212,287.93480194765283,100927.90363315938,1.2211233655599736,340.16519348502317
84.5,32.93714991529087,1.4640047964857879,4.026319579557841,-10.324321496969086,0.0,0.0,0.0,0.0,11.177932446281924,287.9359085255506,100929.94232884356,1.221143338629199,340.1658471380733
84.55,32.92211511861427,2.6174809834709922,4.04059886435945,-9.112884102344482,0.0,0.0,0.0,0.0,10.306420452526568,287.936006251729,100930.12237555499,1.2211451025402813,340.16590486464446
84.6,32.70879641838466,2.9064646783373185,4.683543887544841,-8.389717644214196,0.0,0.0,0.0,0.0,10.038450200236095,287.9373928232805,100932.6769662551,1.221170129707935,340.1667239073977
84.65,32.674748938727774,2.442964595385219,3.6180454939706066,-9.114087287124951,0.0,0.0,0.0,0.0,10.105687323882494,287.9376141318983,100933.08470551256,1.2211741242931589,340.16685463340775
84.7,32.307782677882045,1.1102577662777362,2.2329452974109216,-10.58997331842964,0.0,0.0,0.0,0.0,10.879625540148947,287.93999941259375,100937.47943412702,1.2212171788634636,340.1682636048505
84.75,32.70682605730113,3.085732142549142,4.298851504301261,-8.792261356890908,0.0,0.0,0.0,0.0,10.261857866851951,287.9374056306275,100932.70056248989,1.2211703608782312,340.16673147264163
84.8,32.74210584973938,1.2624761096007675,3.4254246392034866,-11.81905058651683,0.0,0.0,0.0,0.0,12.370017649656724,287.93717631197666,100932.27806686511,1.221166221723135,340.16659601509093
84.85,32.95102312831078,1.4954384995581882,3.920561643185259,-10.38472660665163,0.0,0.0,0.0,0.0,11.200432429101772,287.93581834966596,100929.77619271514,1.2211417109990614,340.1657938714301
84.9,32.667783677588744,1.3799278251895006,2.588941583949006,-9.299763563627165,0.0,0.0,0.0,0.0,9.751534323746188,287.93765940609563,100933.16811891133,1.221174941486426,340.16688137666733
84.95,33.44117205024163,0.6052330095081695,3.524383719957664,-11.056703950768338,0.0,0.0,0.0,0.0,11.620597654864275,287.9326323816734,100923.90664594619,1.2210842069169792,340.16391192368286
85.0,32.84395572331873,-1.369851398691987,3.932342324566518,-10.61900524588148,0.0,0.0,0.0,0.0,11.406273774731782,287.9365142877984,100931.05836460681,1.2211542723813278,340.16620495992476
85.05,32.50178913753762,0.34786225329989484,2.789413856333546,-10.345606712494689,0.0,0.0,0.0,0.0,10.720700352998941,287.93873837060596,100935.15602482622,1.2211944167767506,340.167518715405
85.1,32.29307504123468,2.7904477444375866,3.9647228482229115,-6.934282128240482,0.0,0.0,0.0,0.0,8.461081166830452,287.94009501223195,100937.6555736352,1.2212189044713073,340.1683200748795
85.15,31.56427536498023,0.7236270193357587,2.2640324750190697,-7.904335293197503,0.0,0.0,0.0,0.0,8.25396847209519,287.94483221012763,100946.38403250066,1.2213044149330905,340.17111829237354
85.2,31.524501782415676,0.36832301696522685,4.66005100277678,-12.277949108768926,0.0,0.0,0.0,0.0,13.137723224015145,287.94509073841425,100946.86039782822,1.22130908172094,340.1712710018977
85.25,31.269272424730726,-0.8151875661704662,4.32238060391442,-13.259092908032848,0.0,0.0,0.0,0.0,13.969647439967178,287.94674972923923,100949.91730474221,1.2213390290905688,340.17225094603083
85.3,30.609588089178864,0.9515371358021028,5.0838577247286265,-9.168570226704365,0.0,0.0,0.0,0.0,10.526809216856888,287.9510376774203,100957.8187556306,1.221416435839776,340.1747837677345
85.35,30.590819592503305,0.2701645852174649,4.322801134659307,-10.351566998026293,0.0,0.0,0.0,0.0,11.22116472865204,287.9511596726487,100958.04356495202,1.2214186381727092,340.1748558280687
85.4,30.378691529519962,1.2004356577870705,4.1864911896764205,-9.16418887923476,0.0,0.0,0.0,0.0,10.146433465214022,287.9525385050581,100960.58446610291,1.2214435299150341,340.17567027791347
85.45,30.355196569801155,2.416745980258798,4.808042281643173,-7.9547825197658355,0.0,0.0,0.0,0.0,9.603983374201437,287.95269122229627,100960.86589537268,1.2214462869078568,340.1757604849355
85.5,30.49017734647394,2.065149817553377,5.497571214001995,-8.761026374827402,0.0,0.0,0.0,0.0,10.547213668186755,287.9518138472479,100959.24906612765,1.2214304477869415,340.1752422366941
85.55,30.599584428793186,1.6339710184241332,5.556170607332401,-9.06403510155628,0.0,0.0,0.0,0.0,10.756283067541448,287.95110270121285,100957.93857956724,1.221417609688913,340.1748221760929
85.6,30.438895080521732,0.6482239145420989,4.909995994681335,-10.029726224332858,0.0,0.0,0.0,0.0,11.185868899921958,287.9521471819766,100959.86333384816,1.221436465410584,340.1754391310768
85.65,30.495314626805882,1.6946650407636745,6.677754465130154,-9.47441451137728,0.0,0.0,0.0,0.0,11.71447073624535,287.9517804549257,100959.18753107515,1.2214298449634327,340.1752225124884
85.7,30.19075806028028,0.43575151094757153,5.32177417523224,-9.709967802735578,0.0,0.0,0.0,0.0,11.081274045958049,287.95376007260813,100962.83560410948,1.2214655829154681,340.17639183279465
85.75,30.015716305241426,-0.1448758882483958,5.94846674691071,-9.196015578755054,0.0,0.0,0.0,0.0,10.953170691028415,287.95489784401593,100964.9323568566,1.2214861234152847,340.17706388963774
85.8,30.385082710658974,0.1540141070860549,6.338893443835583,-8.27450596653844,0.0,0.0,0.0,0.0,10.42462178823594,287.9524969623807,100960.50791083828,1.221442779949025,340.1756457394796
85.85,30.560561069967243,-1.684390517512034,5.044011604306765,-8.485380654395222,0.0,0.0,0.0,0.0,10.014035616565902,287.9513563530452,100958.40600282083,1.2214221887746501,340.1749720035239
85.9,30.57499367802089,-1.6506351786584594,5.517508835113707,-8.555568025719746,0.0,0.0,0.0,0.0,10.313352727474259,287.95126254109283,100958.23312829678,1.221420495219523,340.17491659055196
85.95,30.203859660580747,-2.888174885964233,5.134499723155813,-9.051535181672111,0.0,0.0,0.0,0.0,10.799765308748594,287.9536749122062,100962.67866687967,1.2214640455019654,340.17634153034265
86.0,29.781297573301188,-2.1959860670134734,6.1456097849935425,-7.849014764836292,0.0,0.0,0.0,0.0,10.207737614895075,287.9564215657735,100967.74041706721,1.221513631996716,340.17796391688483
86.05,29.943308870695933,-1.8076684843164126,6.293121595165834,-9.417102272721866,0.0,0.0,0.0,0.0,11.46964951407133,287.9553684923404,100965.79970586026,1.221494620236056,340.1773418909861
86.1,29.941490520514915,-0.7755857780625267,7.302662669619832,-8.239883141627308,0.0,0.0,0.0,0.0,11.037485653583692,287.95538031161664,100965.82148746122,1.221494833615219,340.177348872363
86.15,29.553486906603116,-1.922330059335011,5.370451263975536,-7.809271289047883,0.0,0.0,0.0,0.0,9.670667903599366,287.95790233510706,100970.46938103231,1.2215403655886599,340.17883857084564
86.2,29.613283535253853,-2.0172859998150763,5.0589721312258105,-7.230453867274723,0.0,0.0,0.0,0.0,9.052187854676754,287.95751365702085,100969.75306619007,1.2215333484082838,340.17860898849443
86.25,28.766714495820988,-1.9254033699725244,5.16211414516528,-7.890866389371028,0.0,0.0,0.0,0.0,9.623947888456295,287.96301635577714,100979.89465609945,1.221632696808682,340.18185927955676
86.3,28.854665744105795,-2.6797135707286546,4.581710800884542,-9.00504273879484,0.0,0.0,0.0,0.0,10.452929417709232,287.9624446726633,100978.84099366522,1.2216223750758877,340.18152160369203
86.35,28.174649669513798,-2.871046143359659,4.7969768175000675,-9.639054468606265,0.0,0.0,0.0,0.0,11.14294680924628,287.96686477714815,100986.98786802341,1.2217021817536233,340.1841324165378
86.4,27.714982693597378,-1.745633464826192,6.730306090709948,-10.26403392416516,0.0,0.0,0.0,0.0,12.39736458545048,287.9698526124916,100992.49517034317,1.2217561305232785,340.1858972229478
86.45,27.695126524006714,-2.4801091879542834,5.410193749110281,-10.369216014542303,0.0,0.0,0.0,0.0,11.955826142234077,287.9699816775939,100992.73307398488,1.221758460981743,340.1859734568353
86.5,27.21060936713044,-3.47810073978073,4.8601351179748065,-9.63956764763202,0.0,0.0,0.0,0.0,11.341929401751237,287.97313103911364,100998.53838241188,1.2218153283464228,340.18783366059495
86.55,27.682817910042694,-4.349581599751114,3.030146008217895,-10.733196022177884,0.0,0.0,0.0,0.0,11.970887259284812,287.9700616835847,100992.88054797768,1.2217599056081792,340.1860207133476
86.6,28.189130349870588,-3.7617881717661517,1.192534072427228,-8.900279571354869,0.0,0.0,0.0,0.0,9.735921333464871,287.9667706527258,100986.81437792632,1.2217004822596012,340.18407682049275
86.65,27.417921532788704,-4.277034277233332,0.6328119763200757,-9.59821757182924,0.0,0.0,0.0,0.0,10.52707242124678,287.97178351003686,100996.05441033874,1.2217909960468392,340.1870377295092
86.7,27.80013865610508,-3.767350884696881,2.820042745349204,-8.516901813790374,0.0,0.0,0.0,0.0,9.73052877698683,287.9692990987353,100991.47489242295,1.2217461360645292,340.1855702830571
86.75,27.839752284349274,-3.802082642651823,3.586020375128961,-6.6954463097936205,0.0,0.0,0.0,0.0,8.493784541635332,287.9690416101517,100991.00027306766,1.2217414867722594,340.18541819406613
86.8,27.5512308070545,-3.570806645959811,3.0099668565333375,-7.3988121324774525,0.0,0.0,0.0,0.0,8.749456071777004,287.97091699975414,100994.45715194462,1.2217753496876937,340.186525915844
86.85,27.015579352124362,-3.560695412781813,4.2664766814471955,-8.694783463506019,0.0,0.0,0.0,0.0,10.318945419624809,287.97439873421115,101000.87523742119,1.221838219424223,340.1885824352685
86.9,26.500404279367526,-3.884970272220098,2.0723019818800554,-8.02330742786666,0.0,0.0,0.0,0.0,9.15209766131231,287.97774737218407,101007.0482898987,1.2218986881701908,340.19056032826603
86.95,26.625275845710142,-4.522803897870392,2.7348167571705555,-8.099899470620196,0.0,0.0,0.0,0.0,9.671781078376712,287.97693570700284,101005.55199626285,1.2218840311424803,340.19008091444
87.0,26.827029785569714,-4.970787619165127,4.29334727641878,-8.30907980396476,0.0,0.0,0.0,0.0,10.591617798024668,287.9756243063938,101003.13448514244,1.2218603501902616,340.1893063281244
87.05,26.187375268519613,-5.220322459262636,2.9099185531711296,-7.836646371518559,0.0,0.0,0.0,0.0,9.855578061027494,287.9797820607546,101010.79928928094,1.221935431112129,340.19176212359326
87.1,25.904321261673456,-5.623353304213385,2.5259360717044155,-8.374252651207122,0.0,0.0,0.0,0.0,10.398584657951996,287.9816219117991,101014.19119790941,1.221968656354447,340.19284883385586
87.15,25.41605122003876,-4.636352897667011,3.246866720226006,-8.071146858905006,0.0,0.0,0.0,0.0,9.858058800221707,287.9847956670697,101020.04247958685,1.2220259717425108,340.1947234081171
87.2,26.076452644547544,-5.322678255780087,2.1658703975345386,-9.817579868686188,0.0,0.0,0.0,0.0,11.375709774405415,287.98050305781044,101012.12849249195,1.2219484512696284,340.19218798179696
87.25,26.53462489973814,-5.783187983139081,1.0706490859927538,-11.049623452474158,0.0,0.0,0.0,0.0,12.517417111973554,287.9775249381517,101006.63823402357,1.2218946714491195,340.1904289466343
87.3,26.295426823897937,-4.460471056721648,2.50833114635823,-9.427970472762906,0.0,0.0,0.0,0.0,10.727262205378013,287.9790797256446,101009.50450415333,1.221922748064262,340.1913472875887
87.35,25.668241302260867,-4.199023461860739,2.0672088498857994,-8.396553666171513,0.0,0.0,0.0,0.0,9.612869703226057,287.9831564315353,101017.02027504111,1.2219963682514463,340.1937551971539
87.4,24.77538597365818,-5.303535194769503,2.2717996644167333,-8.577376612769731,0.0,0.0,0.0,0.0,10.337308587572101,287.9889599911712,101027.72043597797,1.2221011791018181,340.19718304485116
87.45,24.943383038477084,-4.186863661020336,4.04403429560011,-8.395184460518866,0.0,0.0,0.0,0.0,10.2158290327364,287.9878680102499,101025.70705468804,1.2220814576714418,340.1965380736246
87.5,24.774916639949137,-6.507847318586627,2.6940510356488097,-10.439025703012856,0.0,0.0,0.0,0.0,12.592983972549105,287.9889630418403,101027.72606081046,1.2221012341979551,340.19718484670676
87.55,24.448370392003714,-5.984170031441134,4.2155024348835255,-9.99708124291285,0.0,0.0,0.0,0.0,12.390415050397102,287.99108559245195,101031.6396872344,1.2221395686554444,340.1984385135221
87.6,23.898276381179915,-4.936155145809284,5.493866129316542,-8.528957133889234,0.0,0.0,0.0,0.0,11.282344723596733,287.9946612035223,101038.23279040234,1.2222041482819515,340.2005504079315
87.65,23.897713430151953,-4.162636377256486,5.2254925279659705,-7.40643534713115,0.0,0.0,0.0,0.0,9.974397140695817,287.994664862704,101038.2395377806,1.222204214372296,340.2005525691792
87.7,23.404057571757786,-4.218743158049748,5.180382727381613,-7.294500372775435,0.0,0.0,0.0,0.0,9.891607287198896,287.99787362578354,101044.1565033835,1.2222621705294088,340.2024477777807
87.75,23.16964851102956,-4.942646333809417,3.2996570116137187,-7.584395169022193,0.0,0.0,0.0,0.0,9.635379559482773,287.9993972846783,101046.9662317106,1.2222896913448729,340.20334770074453
87.8,22.90208713971421,-3.580750530489392,4.779166385852352,-6.304768737670096,0.0,0.0,0.0,0.0,8.684026401431728,288.00113643359185,101050.17341528107,1.222321104989519,340.2043748962784
87.85,22.647644947376705,-2.9862750937131044,5.707937688200061,-6.085792880315826,0.0,0.0,0.0,0.0,8.862012557529393,288.002790307842,101053.22341937355,1.2223509789204106,340.2053517230622
87.9,22.040951264371827,-4.201435329237004,4.766118587495957,-7.944696613615172,0.0,0.0,0.0,0.0,10.172814236887632,288.00673381678155,101060.49617052026,1.2224222127769127,340.2076808641304
87.95,22.063110355024502,-4.640551921709755,6.086419398427337,-8.92338139384896,0.0,0.0,0.0,0.0,11.75610304189813,288.00658978269234,101060.23053057605,1.2224196109509364,340.2075957940542
88.0,22.076754192367247,-4.826856739385443,5.923090860321658,-9.247415580503699,0.0,0.0,0.0,0.0,11.99567614770919,288.0065010977496,101060.06697052674,1.2224180089518162,340.2075434145349
88.05,21.829201130746153,-4.10253281455888,6.490705381969145,-7.728490242188852,0.0,0.0,0.0,0.0,10.894475355594869,288.0081101926501,101063.0346287303,1.2224470757887493,340.2084937845031
88.1,21.708680131826142,-3.8612906361211294,5.607160786690601,-6.964179817298418,0.0,0.0,0.0,0.0,9.739076855229355,288.0088935791431,101064.4794561596,1.222461227145129,340.20895647035843
88.15,21.103701322742545,-3.9083076401531316,5.631685106632932,-7.744460032497833,0.0,0.0,0.0,0.0,10.342504868033995,288.0128259414021,101071.73230372484,1.222532264549533,340.21127900331476
88.2,21.136058750001176,-2.8598081623465585,5.947041464690238,-6.4260607725912,0.0,0.0,0.0,0.0,9.210866515220184,288.012615618125,101071.34437287861,1.222528465018095,340.21115478252017
88.25,21.084511326657342,-2.958679796591485,5.9520454730781225,-7.426312903193496,0.0,0.0,0.0,0.0,9.966481565150593,288.0129506763767,101071.96237176433,1.2225345179156908,340.21135267406277
88.3,20.357933660268074,-2.8628772464223116,6.449412982410064,-8.97132630189861,0.0,0.0,0.0,0.0,11.413837635120796,288.0176734312082,101080.67359221299,1.2226198379114854,340.2141420073534
88.35,20.205360797536326,-2.067035838121991,7.945081683180466,-9.984911400966851,0.0,0.0,0.0,0.0,12.92653920404252,288.018665154816,101082.50292446386,1.222637754697374,340.2147277320103
88.4,20.00023469569813,0.17635786219029925,9.660086040072953,-9.142871754186075,0.0,0.0,0.0,0.0,13.30189716960187,288.0199984744779,101084.96240666059,1.2226618431799516,340.21551520608
88.45,19.52471621467696,-0.3096061295606211,7.87629049063694,-8.152457521914158,0.0,0.0,0.0,0.0,11.339945832982368,288.02308934460456,101090.66410652694,1.222717685927347,340.2173407028458
88.5,19.312478695502726,-0.7267419486486002,6.3788610296478,-9.323305166381338,0.0,0.0,0.0,0.0,11.319984148441106,288.0244688884792,101093.20902255356,1.2227426107748958,340.21815547118166
88.55,19.529339081759762,-1.4341655677636806,5.897908907820863,-12.039597226385697,0.0,0.0,0.0,0.0,13.483102822952354,288.02305929596855,101090.60867482929,1.222717143029279,340.2173229558878
88.6,19.102824801896,-0.14208297221252997,6.775664030450232,-11.216705622481607,0.0,0.0,0.0,0.0,13.105124785592098,288.0258316387877,101095.72300955305,1.2227672325870693,340.2189603192033
88.65,18.67982084348783,-1.4512493849250374,5.3545880023946,-11.387566426972207,0.0,0.0,0.0,0.0,12.667059902808466,288.02858116451733,101100.795458928,1.22281691144548,340.2205841988174
88.7,19.53522043695307,-0.24848754000732082,6.753727026352203,-9.779655935694992,0.0,0.0,0.0,0.0,11.887650946448307,288.0230210671598,101090.53815293606,1.2227164523377478,340.21730037765496
88.75,18.78369476290422,-0.9275418430397926,5.2317241906829395,-9.981430782735323,0.0,0.0,0.0,0.0,11.307529895980952,288.0279059840411,101099.54983637045,1.2228047120366212,340.22018543555964
88.8,18.60978008312337,0.37971259079945224,6.159657699448857,-7.79102957275083,0.0,0.0,0.0,0.0,9.939099880244147,288.02903642945967,101101.63537216315,1.2228251373922503,340.2208530791535
88.85,18.116543438332876,0.42659326858466523,6.498694513878817,-11.0326501115566,0.0,0.0,0.0,0.0,12.811494084826728,288.0322424676508,101107.55031640574,1.2228830668368702,340.22274656535654
88.9,17.732823247011055,1.4457412512050638,7.097326179719399,-11.048021041615034,0.0,0.0,0.0,0.0,13.210638728037903,288.0347366488944,101112.1521219395,1.222928135292305,340.22421962154783
88.95,17.48277555305007,1.7842015686890118,5.693992619249485,-10.079553079771589,0.0,0.0,0.0,0.0,11.713339296447998,288.03636195890516,101115.15093698284,1.2229575044159402,340.2251795214828
89.0,16.739417941149622,1.2368754354408975,3.3460419778620185,-9.720245719946352,0.0,0.0,0.0,0.0,10.354179572353729,288.0411937833825,101124.0664294568,1.2230448179921434,340.2280331567755
89.05,16.539568467443978,1.354834657818163,3.2555988158650444,-9.523236487166258,0.0,0.0,0.0,0.0,10.155123524132135,288.04249280496157,101126.46344154501,1.2230682927997223,340.22880034401834
89.1,16.133162596237373,2.4857823238465,4.810390740745532,-7.501977917483153,0.0,0.0,0.0,0.0,9.251953605298878,288.0451344431244,101131.33805106196,1.2231160312897555,340.23036045987783
89.15,15.454302098346156,1.1610842532374546,4.3417013255029655,-9.011057002937967,0.0,0.0,0.0,0.0,10.0696392861506,288.0495470363607,101139.48102471718,1.2231957768581552,340.2329664619557
89.2,15.212416360862486,0.8147843017743994,4.989720567609451,-9.490847433514864,0.0,0.0,0.0,0.0,10.75348175278586,288.0511192936544,101142.3825873816,1.2232241920747529,340.23389500539315
89.25,15.325127577697247,1.2291114449396894,5.906871601772161,-9.63557779609932,0.0,0.0,0.0,0.0,11.368650162995884,288.05038667074496,101141.0305412024,1.2232109514063676,340.2334623333988
89.3,15.61251302566515,1.4623202765280776,5.699638807312636,-9.27369789427114,0.0,0.0,0.0,0.0,10.982974813736865,288.0485186653332,101137.58322741368,1.2231771915056713,340.2323591254034
89.35,14.791973742735639,2.520330066529173,5.951011547574941,-8.408416076805949,0.0,0.0,0.0,0.0,10.605096086519442,288.0538521706722,101147.42620597426,1.2232735842335123,340.2355089813937
89.4,14.61318467519101,2.7209790651623265,4.835587693328993,-8.56711919624152,0.0,0.0,0.0,0.0,10.206966578545087,288.05501429961123,101149.57101664148,1.2232945882231705,340.2361953064147
89.45,14.176751710045467,2.938645404801287,3.6533769939604137,-7.615342956524255,0.0,0.0,0.0,0.0,8.94294406896535,288.0578511138847,101154.80676033304,1.2233458611605392,340.23787065395413
89.5,13.896074938089898,3.1069028232423377,3.611388338348609,-7.866165083011115,0.0,0.0,0.0,0.0,9.196277725069791,288.0596755129024,101158.17406381032,1.2233788364461124,340.2389480914407
89.55,13.985033893341585,3.080525317292763,3.6813636878114107,-8.47675595874007,0.0,0.0,0.0,0.0,9.741533062945143,288.0590972796933,101157.10680571526,1.2233683850375656,340.23860660393956
89.6,13.58925130972767,2.348646184543073,2.544869389913263,-8.95169957293436,0.0,0.0,0.0,0.0,9.598199016271721,288.06166986648674,101161.85515722465,1.223414884370747,340.2401258952933
89.65,13.689114236709447,2.181624475500907,3.085462404466572,-10.184933290539067,0.0,0.0,0.0,0.0,10.863352601025717,288.0610207574614,101160.65704735968,1.2234031516412538,340.23974255192616
89.7,13.831128292348104,1.5175799144056696,2.1019267011667115,-9.098240868859675,0.0,0.0,0.0,0.0,9.460398065698586,288.0600976660997,101158.95324726021,1.2233864667938834,340.2391974024679
89.75,13.712160623004232,0.6770629874280596,1.632850682632105,-9.332891707104949,0.0,0.0,0.0,0.0,9.498814834349886,288.06087095595046,101160.38054895679,1.2234004439718156,340.23965408380576
89.8,13.591369404215873,1.5664078031208817,2.8213868419298884,-9.281274749140573,0.0,0.0,0.0,0.0,9.826287095669835,288.06165609887256,101161.82974517345,1.2234146355184488,340.24011776457803
89.85,13.544206458196234,1.417890381130976,2.7685938211647367,-8.543327007469587,0.0,0.0,0.0,0.0,9.091972351258804,288.0619626580217,101162.3955885753,1.2234201766437396,340.2402988086202
89.9,13.450578642722968,0.33731847285223093,2.704866171844044,-10.684524926457176,0.0,0.0,0.0,0.0,11.026747374624954,288.0625712388223,101163.5189077111,1.223431176934926,340.240658216718
89.95,13.156304957727592,-0.30119594092209395,2.8393513053542105,-11.476481797777588,0.0,0.0,0.0,0.0,11.826337949034134,288.06448401777476,101167.0495830438,1.2234657515144318,340.2417878395056
90.0,13.19727963433684,0.22225658734951226,3.99166810901178,-9.592752603921847,0.0,0.0,0.0,0.0,10.3924835724273,288.0642176823768,101166.55796572677,1.2234609373041638,340.24163055101997
90.05,12.680658174167618,1.8765497491122445,5.119940207977847,-8.799138667111079,0.0,0.0,0.0,0.0,10.351814719034088,288.0675757218679,101172.75657125287,1.2235216374243538,340.2436136878208
90.1,13.04429627021645,1.4624214517303173,4.8145794245552525,-10.774127394887747,0.0,0.0,0.0,0.0,11.89120148088924,288.06521207424356,101168.39348175134,1.2234789117501799,340.2422178041347
90.15,13.129147912243848,0.445673011012512,3.320961285766659,-11.673732655584814,0.0,0.0,0.0,0.0,12.145099522374165,288.06466053857037,101167.37541642724,1.2234689422669949,340.2418920865496
90.2,12.60395297926802,1.1388492836518964,4.1047045989061175,-11.095666770272937,0.0,0.0,0.0,0.0,11.885259720010097,288.06807430563475,101173.67693331168,1.2235306500504015,340.2439081323947
90.25,12.684568971091476,1.125418631781745,4.201601526988752,-10.84800081541535,0.0,0.0,0.0,0.0,11.687563654569237,288.0675503016879,101172.70964698415,1.223521177919024,340.24359867562436
90.3,12.596912393486242,-0.039757236330921986,2.424797679969186,-11.83750553792245,0.0,0.0,0.0,0.0,12.083367154355994,288.06812006944233,101173.76141147628,1.223531477300265,340.24393515874283
90.35,12.510953573652083,-0.22539423056000757,3.0163862396587757,-11.519556169620781,0.0,0.0,0.0,0.0,11.910061412562941,288.0686788017712,101174.79281368962,1.2235415772645444,340.2442651244364
90.4,12.285676003002063,0.3729815243417685,3.448364917425922,-10.407310286234516,0.0,0.0,0.0,0.0,10.970070337750665,288.0701431059805,101177.49591335743,1.2235680471652968,340.24512988432383
90.45,11.83816226113162,0.08561789928678545,3.31828972951158,-10.372197797470541,0.0,0.0,0.0,0.0,10.890402394012494,288.0730519453026,101182.865792488,1.2236206309047837,340.2468477227361
90.5,11.587787541079145,-0.23467340124327535,2.915737319886929,-10.048043706162941,0.0,0.0,0.0,0.0,10.46516975709392,288.07467938098296,101185.87022991927,1.223650051178028,340.24780881415774
90.55,11.886725872373685,-0.3337484859715416,3.2334712826161938,-9.50632687779033,0.0,0.0,0.0,0.0,10.046739535530458,288.0727362818295,101182.283049002,1.2236149245019037,340.2466613055576
90.6,11.173007486214681,0.390295150900406,3.992653562756825,-9.202772960565806,0.0,0.0,0.0,0.0,10.03915548941903,288.0773754513396,101190.84765145108,1.223698791085576,340.24940098790745
90.65,11.650783877390415,-0.3720802502533853,3.7515830773993644,-10.687007735414552,0.0,0.0,0.0,0.0,11.332473412105072,288.07426990479695,101185.11428197994,1.2236426487446512,340.2475669959166
90.7,11.256016682506067,-0.8372873300688967,3.6537378417513158,-11.727320183902934,0.0,0.0,0.0,0.0,12.311819077013626,288.0768358915637,101189.85151304505,1.2236890367355013,340.2490823495968
90.75,11.22354124215285,-1.7782786347188053,2.2688983282202537,-11.944544663459352,0.0,0.0,0.0,0.0,12.287486388349462,288.077046981926,101190.24122835785,1.2236928528937125,340.2492070095485
90.8,10.762359531192203,0.5454082001900726,3.73706955079866,-9.269987579531008,0.0,0.0,0.0,0.0,10.009786643930042,288.0800446630472,101195.77568248312,1.2237470469020972,340.2509772928489
90.85,10.742652118510314,0.6895635614359856,4.661141764808086,-10.542782834536156,0.0,0.0,0.0,0.0,11.547814094151704,288.0801727612297,101196.01218858743,1.223749362784382,340.2510529411413
90.9,10.126669210016797,0.4801710873497398,2.6314900993987487,-10.284981295099053,0.0,0.0,0.0,0.0,10.627141885610527,288.08417665013485,101203.40474523038,1.2238217506334763,340.25341742646714
90.95,10.104608116575085,1.6401521469393678,2.739629354017419,-8.580575495338026,0.0,0.0,0.0,0.0,9.155432479883139,288.0843200472422,101203.6695137439,1.2238243432257514,340.2535021089206
91.0,9.848398482681091,1.6177175403867436,2.7047242631068036,-8.164197021192157,0.0,0.0,0.0,0.0,8.751380255751458,288.08598540986253,101206.7444814666,1.2238544529711697,340.25448557904633
91.05,9.402706457109288,1.3328048991506636,2.476355063013923,-8.363370067858781,0.0,0.0,0.0,0.0,8.823528896607689,288.0888824080288,101212.09375252466,1.223906832029709,340.2561963775451
91.1,9.052502100453115,1.4729126173171676,2.9780427639317617,-8.173489396119413,0.0,0.0,0.0,0.0,8.822932573160406,288.09115873634704,101216.29712505256,1.2239479902952926,340.25754063852247
91.15,9.083782396159716,1.6129136390167653,3.895731666121612,-7.36235402361988,0.0,0.0,0.0,0.0,8.484248487076554,288.0909554144249,101215.92167355845,1.223944313990942,340.25742056918455
91.2,8.361644840960997,1.033745951060412,3.1567266578931044,-7.2899604093596935,0.0,0.0,0.0,0.0,8.01105964614036,288.0956493085337,101224.58964204045,1.2240291873830762,340.2601924816073
91.25,7.752120822068972,2.367290400000225,5.063535317149753,-5.404996333194118,0.0,0.0,0.0,0.0,7.775438193941094,288.09961121465653,101231.90635441043,1.2241008287221777,340.2625321113596
91.3,7.4805765708762095,1.0400811199997517,4.6951133445182185,-7.908781280265035,0.0,0.0,0.0,0.0,9.256061764763869,288.1013762522893,101235.16610327164,1.2241327461245077,340.26357441622736
91.35,7.222555998138474,0.25014417140578193,3.129476825839183,-10.117540904331559,0.0,0.0,0.0,0.0,10.593433402857405,288.10305338601205,101238.26358608986,1.224163074539036,340.2645648083806
91.4,6.680020350447932,0.567180817174488,3.028207649227485,-10.257776851025538,0.0,0.0,0.0,0.0,10.710449176932123,288.1065798677221,101244.77686299483,1.224226847476477,340.26664728039606
91.45,7.005097760292034,0.21295619828219314,2.876802419028503,-8.914347988370261,0.0,0.0,0.0,0.0,9.36946863798988,288.1044668645581,101240.87418618503,1.224188635596781,340.265399502888
91.5,6.558353936257504,0.82488890554535,3.563221584005893,-7.949682577889251,0.0,0.0,0.0,0.0,8.7506824220979,288.1073706994143,101246.23754547497,1.224241149235153,340.26711428372505
91.55,6.74016424772502,1.2799348129389763,4.493601713683071,-7.943436029206898,0.0,0.0,0.0,0.0,9.215685836479606,288.1061889323898,101244.05480365895,1.2242197776719912,340.2664164243358
91.6,6.973257634402884,0.8014947968648963,5.891489602037062,-8.460972559941448,0.0,0.0,0.0,0.0,10.341184666197314,288.1046738253764,101241.25643351377,1.2241923782682775,340.26552171826637
91.65,7.728746117226347,0.06591049315978226,4.770246403191483,-8.972956565953643,0.0,0.0,0.0,0.0,10.1623591982748,288.099763150238,101232.18695235827,1.224103576167778,340.26262183376264
91.7,8.222360494721503,1.3118708885279733,7.380967428477218,-6.870563377199831,0.0,0.0,0.0,0.0,10.168791792957919,288.0965546567843,101226.26157039726,1.2240455580992822,340.26072711954566
91.75,7.494483740213327,0.8971267584705712,6.29674353027185,-5.467547485362814,0.0,0.0,0.0,0.0,8.387364962339575,288.1012858556886,101234.99915280243,1.2241311114556928,340.263521034544
